filename,path,class,signal_idx,signal_length,num_particles,num_windows,num_valid_windows,noise_floor,noise_floor_N,snr_method,raw_mean,raw_std,raw_rms,raw_kurtosis,filtered_mean,filtered_std,filtered_rms,filtered_kurtosis,inband_energy_ratio,spectral_flatness
HFocusing_5_10_2um2_0_10.npy,P0/data/dataset_Particles2SNR_F_c1/train/2um/HFocusing_5_10_2um2_0_10.npy,2um,0,16384,3,31,7,1742.2127685546875,3,peak_bin_energy_over_lowest_window_energy,9.450667135276549e-05,0.03084236377158343,0.030842508564149128,0.7960900451306263,8.242401523644914e-05,0.029834388485607197,0.029834502342563365,0.9182686881396092,0.977279112205129,9.850614863126183e-12
HFocusing_5_10_2um2_0_1000.npy,P0/data/dataset_Particles2SNR_F_c1/train/2um/HFocusing_5_10_2um2_0_1000.npy,2um,1,16384,2,31,7,2028.3055419921875,3,peak_bin_energy_over_lowest_window_energy,0.00010008976079055285,0.03502362606653576,0.03502376908342016,3.683824793051137,7.457571669762666e-05,0.034224564803688996,0.03422464605426079,4.000264732667424,0.9851203190422629,1.0024935807626015e-11
HFocusing_5_10_2um2_0_1001.npy,P0/data/dataset_Particles2SNR_F_c1/train/2um/HFocusing_5_10_2um2_0_1001.npy,2um,2,16384,12,31,14,1958.2340087890625,3,peak_bin_energy_over_lowest_window_energy,1.63577597359876e-05,0.043268028006378384,0.04326803109845707,5.541422205634108,2.0869857181686897e-06,0.04253561200789231,0.0425356120590907,6.01403437792654,0.9874987336350143,1.376427248270143e-11
HFocusing_5_10_2um2_0_1004.npy,P0/data/dataset_Particles2SNR_F_c1/train/2um/HFocusing_5_10_2um2_0_1004.npy,2um,3,16384,10,31,10,1994.70068359375,3,peak_bin_energy_over_lowest_window_energy,-5.645603016288085e-06,0.03516522766247918,0.03516522811566597,1.5264616775652007,-5.907737919990889e-06,0.034384900298664436,0.03438490080617452,1.716873876061256,0.9839457625588974,8.434439035367673e-12
HFocusing_5_10_2um2_0_1005.npy,P0/data/dataset_Particles2SNR_F_c1/train/2um/HFocusing_5_10_2um2_0_1005.npy,2um,4,16384,6,31,11,2143.181640625,3,peak_bin_energy_over_lowest_window_energy,-1.862140202960503e-05,0.03448367664586555,0.03448368167370223,0.9710381868800688,-4.316617758349043e-06,0.03362867974187874,0.03362868001892186,1.1089072504312778,0.9856081509685619,1.2636555772693332e-11
HFocusing_5_10_2um2_0_1008.npy,P0/data/dataset_Particles2SNR_F_c1/train/2um/HFocusing_5_10_2um2_0_1008.npy,2um,5,16384,7,31,4,1990.29345703125,3,peak_bin_energy_over_lowest_window_energy,-1.826969636893904e-05,0.02824771275750005,0.028247718665620352,-0.035308045579665936,-4.714503883580493e-06,0.027303355014431704,0.02730335542146129,-0.0733180727653906,0.97853986729398,1.2699306257850769e-11
HFocusing_5_10_2um2_0_1009.npy,P0/data/dataset_Particles2SNR_F_c1/train/2um/HFocusing_5_10_2um2_0_1009.npy,2um,6,16384,2,31,8,1607.927734375,3,peak_bin_energy_over_lowest_window_energy,4.8709518721618784e-05,0.03444996471017031,0.03444999914585186,1.111037208786822,1.458977830353736e-05,0.033379366237308354,0.03337936942582936,1.2930502421492331,0.9804320185963654,1.0775672076294682e-11
HFocusing_5_10_2um2_0_1011.npy,P0/data/dataset_Particles2SNR_F_c1/train/2um/HFocusing_5_10_2um2_0_1011.npy,2um,7,16384,5,31,9,1745.4072265625,3,peak_bin_energy_over_lowest_window_energy,-0.0002959459197263518,0.041442926401639865,0.04144398307015315,6.109984096785192,-0.00022910483982691588,0.04053709910734037,0.040537746521803204,6.685668701862205,0.9840072051512339,1.1167523195531966e-11
HFocusing_5_10_2um2_0_1015.npy,P0/data/dataset_Particles2SNR_F_c1/train/2um/HFocusing_5_10_2um2_0_1015.npy,2um,8,16384,6,31,7,2077.644287109375,3,peak_bin_energy_over_lowest_window_energy,-0.00010275912882303912,0.03506218960801028,0.03506234018924893,2.184571945088887,-7.82001947131032e-05,0.03434887157254991,0.034348960589484806,2.4026349252820633,0.9884551287640809,8.975504714720756e-12
HFocusing_5_10_2um2_0_1018.npy,P0/data/dataset_Particles2SNR_F_c1/train/2um/HFocusing_5_10_2um2_0_1018.npy,2um,9,16384,9,31,7,2054.023193359375,3,peak_bin_energy_over_lowest_window_energy,-6.145328469743264e-05,0.030108618245202785,0.0301086809598421,-0.17191469358678768,-6.349083613148022e-05,0.02895679826239715,0.028956867867492842,-0.17017024293161453,0.9770387949879559,1.2087784832560869e-11
HFocusing_5_10_2um2_0_1019.npy,P0/data/dataset_Particles2SNR_F_c1/train/2um/HFocusing_5_10_2um2_0_1019.npy,2um,10,16384,3,31,9,2221.984619140625,3,peak_bin_energy_over_lowest_window_energy,-4.070498017042983e-05,0.0360740329930313,0.036074055958232945,1.1124091733523693,-5.235512430610706e-05,0.034269662461138384,0.03426970245361635,0.9902555006548823,0.9777179841730574,8.089514381618372e-12
HFocusing_5_10_2um2_0_1022.npy,P0/data/dataset_Particles2SNR_F_c1/train/2um/HFocusing_5_10_2um2_0_1022.npy,2um,11,16384,3,31,1,1904.9954833984375,3,peak_bin_energy_over_lowest_window_energy,2.3501253836383097e-06,0.027651286086935668,0.027651286186806054,-0.11635542665651588,3.718100123577883e-06,0.026594111197363723,0.026594111457275933,-0.13069170855442058,0.9765325321512848,8.524506548914888e-12
HFocusing_5_10_2um2_0_1023.npy,P0/data/dataset_Particles2SNR_F_c1/train/2um/HFocusing_5_10_2um2_0_1023.npy,2um,12,16384,9,31,12,1976.50390625,3,peak_bin_energy_over_lowest_window_energy,8.136086732163024e-05,0.03589612908644818,0.03589622129112872,1.6169129653643353,6.45207415518399e-05,0.03501769600838104,0.03501775544865027,1.7755306237029975,0.9837316939341751,9.089145837551388e-12
HFocusing_5_10_2um2_0_1026.npy,P0/data/dataset_Particles2SNR_F_c1/train/2um/HFocusing_5_10_2um2_0_1026.npy,2um,13,16384,0,31,0,1680.4127197265625,3,peak_bin_energy_over_lowest_window_energy,8.44481809223291e-06,0.02682569321914402,0.0268256945483725,0.02572238990243303,1.5977813000462341e-06,0.025770881911252118,0.025770881960782924,0.038807327307859296,0.9765987615115934,1.166676760617134e-11
HFocusing_5_10_2um2_0_1027.npy,P0/data/dataset_Particles2SNR_F_c1/train/2um/HFocusing_5_10_2um2_0_1027.npy,2um,14,16384,3,31,5,1824.2681884765625,3,peak_bin_energy_over_lowest_window_energy,5.164444763738272e-05,0.03275230023007727,0.03275234094702379,0.9887366608482511,3.70171127002519e-05,0.031829296367145835,0.03182931789238085,1.029339185628884,0.9821866925439997,9.533641219754555e-12
HFocusing_5_10_2um2_0_1030.npy,P0/data/dataset_Particles2SNR_F_c1/train/2um/HFocusing_5_10_2um2_0_1030.npy,2um,15,16384,10,31,23,2973.071044921875,3,peak_bin_energy_over_lowest_window_energy,2.40427609538534e-05,0.04955230969907072,0.0495523155318394,0.3256452020028213,2.564051124071278e-05,0.04642632738898439,0.0464263344694041,0.2251201726300467,0.963868976566379,6.0812668267950225e-12
HFocusing_5_10_2um2_0_1037.npy,P0/data/dataset_Particles2SNR_F_c1/train/2um/HFocusing_5_10_2um2_0_1037.npy,2um,16,16384,3,31,8,1813.0970458984375,3,peak_bin_energy_over_lowest_window_energy,-5.225854177430499e-05,0.03694966882125015,0.03694970577630157,4.087301761356141,-3.661328116988103e-05,0.036239796651359166,0.036239815146661844,4.448315730677042,0.9888514956528428,9.291810639582425e-12
HFocusing_5_10_2um2_0_1040.npy,P0/data/dataset_Particles2SNR_F_c1/train/2um/HFocusing_5_10_2um2_0_1040.npy,2um,17,16384,5,31,5,1977.2578125,3,peak_bin_energy_over_lowest_window_energy,-3.5936047314127994e-05,0.028168194602925873,0.02816821752592448,0.09255815943447354,-1.9638227196811966e-05,0.027211394752063436,0.027211401838431494,0.1264332872468139,0.9794603300264626,1.2817927242635061e-11
HFocusing_5_10_2um2_0_1041.npy,P0/data/dataset_Particles2SNR_F_c1/train/2um/HFocusing_5_10_2um2_0_1041.npy,2um,18,16384,8,31,11,2027.4833984375,3,peak_bin_energy_over_lowest_window_energy,-0.00014510765694872562,0.047027372735981315,0.047027596607534854,7.9893113761382875,-0.00011901731700392226,0.046416191227440264,0.046416343815342126,8.31054069003611,0.9914053342284602,9.57277282623562e-12
HFocusing_5_10_2um2_0_1047.npy,P0/data/dataset_Particles2SNR_F_c1/train/2um/HFocusing_5_10_2um2_0_1047.npy,2um,19,16384,7,31,4,2050.211181640625,3,peak_bin_energy_over_lowest_window_energy,0.00012194799260320944,0.029753186145657876,0.029753436055875424,0.06270757268126337,0.00011120987465647833,0.028824643462008182,0.028824857993546338,0.05669765138199567,0.9790425464256131,9.991204325170555e-12
HFocusing_5_10_2um2_0_1048.npy,P0/data/dataset_Particles2SNR_F_c1/train/2um/HFocusing_5_10_2um2_0_1048.npy,2um,20,16384,2,31,7,1795.2266845703125,3,peak_bin_energy_over_lowest_window_energy,2.686705571407954e-05,0.03400048889275695,0.0340004995078774,0.6854679831992065,1.1688086899247198e-05,0.03274148772456329,0.03274148981077532,0.7146198284152385,0.9807933742769367,9.55550424350578e-12
HFocusing_5_10_2um2_0_105.npy,P0/data/dataset_Particles2SNR_F_c1/train/2um/HFocusing_5_10_2um2_0_105.npy,2um,21,16384,4,31,6,1882.0369873046875,3,peak_bin_energy_over_lowest_window_energy,-1.4678699036478954e-05,0.03315739365891259,0.033157396908024946,3.3697197027674726,-1.0106492071642589e-05,0.03223327716833311,0.03223327875273886,3.806402421135399,0.9813091535438621,1.3718619316900659e-11
HFocusing_5_10_2um2_0_1051.npy,P0/data/dataset_Particles2SNR_F_c1/train/2um/HFocusing_5_10_2um2_0_1051.npy,2um,22,16384,5,31,8,2096.91845703125,3,peak_bin_energy_over_lowest_window_energy,-6.693846597819208e-06,0.03248126036722722,0.03248126105697234,1.9461895322372813,-2.302800586888184e-05,0.03163071079353637,0.03163071917603823,2.159859557035169,0.9846419919792587,1.0507420946388599e-11
HFocusing_5_10_2um2_0_1055.npy,P0/data/dataset_Particles2SNR_F_c1/train/2um/HFocusing_5_10_2um2_0_1055.npy,2um,23,16384,0,31,0,1983.5166015625,3,peak_bin_energy_over_lowest_window_energy,7.333552482990298e-06,0.027839794606810117,0.02783979557271148,-0.02204450612594311,1.0621321412833416e-05,0.02678499881666051,0.026785000922549422,-0.04039035623299281,0.9755317101593796,1.0634779322373605e-11
HFocusing_5_10_2um2_0_1056.npy,P0/data/dataset_Particles2SNR_F_c1/train/2um/HFocusing_5_10_2um2_0_1056.npy,2um,24,16384,4,31,11,2139.7744140625,3,peak_bin_energy_over_lowest_window_energy,-7.10437530933486e-05,0.03716415531150734,0.037164223215785,1.7246741921898137,-3.614752350875023e-05,0.036133918674048075,0.03613393675461029,1.8897397529852,0.9819912233672593,1.2267646596390543e-11
HFocusing_5_10_2um2_0_1059.npy,P0/data/dataset_Particles2SNR_F_c1/train/2um/HFocusing_5_10_2um2_0_1059.npy,2um,25,16384,1,31,6,2021.5594482421875,3,peak_bin_energy_over_lowest_window_energy,0.00026796895431241646,0.03563925929982908,0.03564026670496348,4.153784316559297,0.00022658227905396594,0.034916384620652004,0.03491711979110655,4.559938412241964,0.9816547328652899,9.167567757666259e-12
HFocusing_5_10_2um2_0_106.npy,P0/data/dataset_Particles2SNR_F_c1/train/2um/HFocusing_5_10_2um2_0_106.npy,2um,26,16384,2,31,6,1933.4300537109375,3,peak_bin_energy_over_lowest_window_energy,8.509815779425568e-06,0.0327252123667086,0.03272521347314853,0.8106292513362972,7.58824729079182e-06,0.029500368474962606,0.029500369450907976,0.5630744413797202,0.9276608868101627,6.821395037088837e-12
HFocusing_5_10_2um2_0_1062.npy,P0/data/dataset_Particles2SNR_F_c1/train/2um/HFocusing_5_10_2um2_0_1062.npy,2um,27,16384,2,31,7,1884.1851806640625,3,peak_bin_energy_over_lowest_window_energy,-4.003614350922589e-05,0.033329834314213824,0.033329858360121076,2.1411934026086747,-2.8647448558691457e-05,0.03250033973523279,0.032500352360887726,2.3516676940708967,0.9848345789205762,1.3137118972153072e-11
HFocusing_5_10_2um2_0_1066.npy,P0/data/dataset_Particles2SNR_F_c1/train/2um/HFocusing_5_10_2um2_0_1066.npy,2um,28,16384,5,31,5,1844.8631591796875,3,peak_bin_energy_over_lowest_window_energy,4.728631434457464e-05,0.02845930085178607,0.028459340135849876,-0.0016684451935784494,3.699426799028129e-05,0.027454031095202173,0.027454056020052704,-0.02305439228862083,0.9764776452403243,1.1947098115646627e-11
HFocusing_5_10_2um2_0_1067.npy,P0/data/dataset_Particles2SNR_F_c1/train/2um/HFocusing_5_10_2um2_0_1067.npy,2um,29,16384,12,31,15,2434.146240234375,3,peak_bin_energy_over_lowest_window_energy,6.641851181712839e-05,0.0377402209226346,0.03774027936711622,1.7290741486139822,5.21258897640589e-05,0.03679277445001928,0.036792811374484216,1.961335880722598,0.9849355071552659,5.877678620039662e-12
HFocusing_5_10_2um2_0_1070.npy,P0/data/dataset_Particles2SNR_F_c1/train/2um/HFocusing_5_10_2um2_0_1070.npy,2um,30,16384,8,31,9,1822.1036376953125,3,peak_bin_energy_over_lowest_window_energy,-7.371445074923635e-05,0.03796790206444654,0.037967973622457823,2.0342397485643904,-4.440597317157333e-05,0.03713903101010775,0.03713905755751212,2.158790508412399,0.9830362422339791,7.358893466876776e-12
HFocusing_5_10_2um2_0_1073.npy,P0/data/dataset_Particles2SNR_F_c1/train/2um/HFocusing_5_10_2um2_0_1073.npy,2um,31,16384,3,31,5,1879.5755615234375,3,peak_bin_energy_over_lowest_window_energy,-7.583889706923927e-05,0.03218244207955076,0.032182531437752813,1.9435675368245144,-4.628340511808421e-05,0.0312901032128277,0.03129013744333827,2.0541878960239366,0.9822254501316133,8.594813107354591e-12
HFocusing_5_10_2um2_0_1074.npy,P0/data/dataset_Particles2SNR_F_c1/train/2um/HFocusing_5_10_2um2_0_1074.npy,2um,32,16384,3,31,7,1972.7847900390625,3,peak_bin_energy_over_lowest_window_energy,-7.540447530883134e-05,0.03127103294744322,0.03127112385948059,0.1767748488113856,-6.855066321143075e-05,0.030251911352003894,0.03025198901961537,0.21495820733465987,0.9796357778180342,1.127783429716904e-11
HFocusing_5_10_2um2_0_1078.npy,P0/data/dataset_Particles2SNR_F_c1/train/2um/HFocusing_5_10_2um2_0_1078.npy,2um,33,16384,6,31,9,1931.3892822265625,3,peak_bin_energy_over_lowest_window_energy,4.4513374330960406e-05,0.037634320640880535,0.03763434696578514,2.4013127592261103,2.2147886732310703e-05,0.036423313089904666,0.03642331982362546,2.691050031054904,0.981497578931784,1.135458091717335e-11
HFocusing_5_10_2um2_0_1081.npy,P0/data/dataset_Particles2SNR_F_c1/train/2um/HFocusing_5_10_2um2_0_1081.npy,2um,34,16384,3,31,3,1747.5947265625,3,peak_bin_energy_over_lowest_window_energy,2.580138872058803e-05,0.02648980150094374,0.026489814066373914,0.006986900884718317,1.8934382308191708e-05,0.02548587533752167,0.02548588237104081,0.019165741613926812,0.9764492444272972,1.406522496463812e-11
HFocusing_5_10_2um2_0_1082.npy,P0/data/dataset_Particles2SNR_F_c1/train/2um/HFocusing_5_10_2um2_0_1082.npy,2um,35,16384,1,31,5,1927.4478759765625,3,peak_bin_energy_over_lowest_window_energy,6.237210069642634e-05,0.03162142506098372,0.031621486574263946,0.39126090970858085,6.479423507084594e-05,0.030788358173298037,0.030788426353098766,0.4560095667894699,0.9822039632966857,1.2659709345749479e-11
HFocusing_5_10_2um2_0_1086.npy,P0/data/dataset_Particles2SNR_F_c1/train/2um/HFocusing_5_10_2um2_0_1086.npy,2um,36,16384,3,31,5,2227.49755859375,3,peak_bin_energy_over_lowest_window_energy,-3.316471052335876e-05,0.03285926177414023,0.032859278510635276,0.4890409015513768,-2.780320486485411e-05,0.03201844079039035,0.03201845286184099,0.6157676944149566,0.9816881783673762,1.1152556169450338e-11
HFocusing_5_10_2um2_0_109.npy,P0/data/dataset_Particles2SNR_F_c1/train/2um/HFocusing_5_10_2um2_0_109.npy,2um,37,16384,7,31,16,2019.3096923828125,3,peak_bin_energy_over_lowest_window_energy,-9.620814378268346e-06,0.04122854194066207,0.04122854306318622,1.532990048413529,-9.208307692990414e-06,0.0396607717432177,0.039660772812195,1.643151713217664,0.9797619984664467,7.317626076238531e-12
HFocusing_5_10_2um2_0_1090.npy,P0/data/dataset_Particles2SNR_F_c1/train/2um/HFocusing_5_10_2um2_0_1090.npy,2um,38,16384,4,31,4,2345.146240234375,3,peak_bin_energy_over_lowest_window_energy,-6.374449424913931e-05,0.03669049778106113,0.03669055315449194,1.1142247504424194,-4.869112506299112e-05,0.03596267053048118,0.03596270349277984,1.2500838126598133,0.9877603917701407,8.570810587372048e-12
HFocusing_5_10_2um2_0_1092.npy,P0/data/dataset_Particles2SNR_F_c1/train/2um/HFocusing_5_10_2um2_0_1092.npy,2um,39,16384,5,31,12,2144.975341796875,3,peak_bin_energy_over_lowest_window_energy,-4.6886472514212556e-05,0.04008945027749258,0.04008947769543593,1.6377318380417085,-3.0522207607557085e-05,0.03912293377158608,0.039122945677710255,1.70816143312749,0.9871921188917019,8.0758736893081e-12
HFocusing_5_10_2um2_0_1097.npy,P0/data/dataset_Particles2SNR_F_c1/train/2um/HFocusing_5_10_2um2_0_1097.npy,2um,40,16384,4,31,8,2136.447509765625,3,peak_bin_energy_over_lowest_window_energy,-7.235335550954963e-06,0.03893711396501512,0.03893711463725396,2.8138001073037664,7.956437477916472e-06,0.038231692884875754,0.038231693712787,3.0191294121666052,0.9885233967633288,7.213870686268252e-12
HFocusing_5_10_2um2_0_11.npy,P0/data/dataset_Particles2SNR_F_c1/train/2um/HFocusing_5_10_2um2_0_11.npy,2um,41,16384,2,31,8,2085.224609375,3,peak_bin_energy_over_lowest_window_energy,1.6657605293515315e-05,0.03392170124692906,0.03392170533687425,0.9517375645546742,8.359001092979154e-06,0.03311893979953005,0.0331189408544083,1.0592480088344631,0.9865639768951859,8.97866813210003e-12
HFocusing_5_10_2um2_0_1100.npy,P0/data/dataset_Particles2SNR_F_c1/train/2um/HFocusing_5_10_2um2_0_1100.npy,2um,42,16384,5,31,6,1925.7615966796875,3,peak_bin_energy_over_lowest_window_energy,-1.5619656552542402e-05,0.03296349749904477,0.032963501199708777,1.4590083649586045,-1.9177656163098583e-05,0.031926369287364864,0.031926375047219034,1.6696900984324898,0.9810474108759283,1.5614937681183423e-11
HFocusing_5_10_2um2_0_1101.npy,P0/data/dataset_Particles2SNR_F_c1/train/2um/HFocusing_5_10_2um2_0_1101.npy,2um,43,16384,10,31,17,2638.389404296875,3,peak_bin_energy_over_lowest_window_energy,0.00010116210938261766,0.04005464434952412,0.04005477209695793,0.47584691913470945,7.872543561842984e-05,0.0392058027670267,0.039205881807468784,0.5296121234874906,0.9892791129565407,1.0049509865997164e-11
HFocusing_5_10_2um2_0_1104.npy,P0/data/dataset_Particles2SNR_F_c1/train/2um/HFocusing_5_10_2um2_0_1104.npy,2um,44,16384,7,31,10,2070.446044921875,3,peak_bin_energy_over_lowest_window_energy,-2.281116566298101e-05,0.03745341806700475,0.037453425013623476,1.697030780182037,-1.1319568884280508e-05,0.03640618560166256,0.03640618736142721,1.938203279270799,0.9803612499180514,1.1068636950718786e-11
HFocusing_5_10_2um2_0_1107.npy,P0/data/dataset_Particles2SNR_F_c1/train/2um/HFocusing_5_10_2um2_0_1107.npy,2um,45,16384,6,31,3,1843.9749755859375,3,peak_bin_energy_over_lowest_window_energy,6.50693009423157e-05,0.03030211470337269,0.030302184566632823,0.7394538383453746,5.48914288155705e-05,0.029311060960578398,0.02931111235868916,0.8784191901769911,0.9783566653808204,9.041922578703515e-12
HFocusing_5_10_2um2_0_1108.npy,P0/data/dataset_Particles2SNR_F_c1/train/2um/HFocusing_5_10_2um2_0_1108.npy,2um,46,16384,2,31,5,1902.5394287109375,3,peak_bin_energy_over_lowest_window_energy,7.068994439151543e-06,0.03596031860117284,0.03596031929597594,5.761187020929318,2.5237408805788608e-05,0.03522655990475495,0.03522656894518812,6.203203451364356,0.9870288985138514,8.540780241229335e-12
HFocusing_5_10_2um2_0_1111.npy,P0/data/dataset_Particles2SNR_F_c1/train/2um/HFocusing_5_10_2um2_0_1111.npy,2um,47,16384,5,31,3,1798.1474609375,3,peak_bin_energy_over_lowest_window_energy,3.6231029089471364e-05,0.027834830366726064,0.02783485394665983,-0.1905704231743366,1.4726622354638464e-05,0.026925264915096975,0.026925268942418347,-0.18081253208648596,0.9800221456047494,9.734838294808477e-12
HFocusing_5_10_2um2_0_1116.npy,P0/data/dataset_Particles2SNR_F_c1/train/2um/HFocusing_5_10_2um2_0_1116.npy,2um,48,16384,12,31,19,2169.873046875,3,peak_bin_energy_over_lowest_window_energy,8.300406654263026e-05,0.03795573188660689,0.03795582264584776,0.633793982909701,6.279738814547555e-05,0.03712236366826422,0.037122416783270204,0.7283064431247159,0.9855434623449932,1.0151473042465849e-11
HFocusing_5_10_2um2_0_1118.npy,P0/data/dataset_Particles2SNR_F_c1/train/2um/HFocusing_5_10_2um2_0_1118.npy,2um,49,16384,6,31,7,2254.652587890625,3,peak_bin_energy_over_lowest_window_energy,9.938902288541343e-05,0.034999016506646996,0.03499915762715467,1.9212508734046727,9.301478461725046e-05,0.03414979442636109,0.0341499210996582,2.146974204759233,0.9837067746428944,1.120306094796077e-11
HFocusing_5_10_2um2_0_1119.npy,P0/data/dataset_Particles2SNR_F_c1/train/2um/HFocusing_5_10_2um2_0_1119.npy,2um,50,16384,8,31,7,1925.6334228515625,3,peak_bin_energy_over_lowest_window_energy,3.231276692748609e-05,0.03735105497072405,0.0373510689477685,3.5252007167894046,4.87372928421848e-06,0.036700396037022076,0.036700396360632166,3.757047482096862,0.9895227019723958,9.246915321110289e-12
HFocusing_5_10_2um2_0_112.npy,P0/data/dataset_Particles2SNR_F_c1/train/2um/HFocusing_5_10_2um2_0_112.npy,2um,51,16384,4,31,7,2037.3865966796875,3,peak_bin_energy_over_lowest_window_energy,1.613497002196231e-05,0.03226227784816649,0.03226228188286674,1.2090361239880574,1.5087832459790804e-05,0.03131070894374785,0.03131071257896856,1.3918846959321378,0.9818710945677825,9.7991152731929e-12
HFocusing_5_10_2um2_0_1125.npy,P0/data/dataset_Particles2SNR_F_c1/train/2um/HFocusing_5_10_2um2_0_1125.npy,2um,52,16384,10,31,16,2250.568603515625,3,peak_bin_energy_over_lowest_window_energy,5.847234903624628e-05,0.04298696666462447,0.04298700643265517,2.4441082098817883,5.1070058903111566e-05,0.04232525062478134,0.042325281435584915,2.6449760575521717,0.989247274073831,9.09634393421367e-12
HFocusing_5_10_2um2_0_1128.npy,P0/data/dataset_Particles2SNR_F_c1/train/2um/HFocusing_5_10_2um2_0_1128.npy,2um,53,16384,0,31,0,1794.78564453125,3,peak_bin_energy_over_lowest_window_energy,5.723084628183147e-05,0.027356698077881762,0.027356757941944542,-0.04818282586301503,5.551639857234467e-05,0.026371688644575588,0.026371747079724304,-0.04693281103800517,0.976703604726292,1.260186693462864e-11
HFocusing_5_10_2um2_0_113.npy,P0/data/dataset_Particles2SNR_F_c1/train/2um/HFocusing_5_10_2um2_0_113.npy,2um,54,16384,5,31,14,2126.713623046875,3,peak_bin_energy_over_lowest_window_energy,-3.518177680203734e-05,0.046752326975040934,0.04675234021242743,4.7056956867175,-3.8585973034122796e-05,0.046105129767308656,0.046105145913853104,4.9840044092274915,0.9910095225070097,6.543595586647795e-12
HFocusing_5_10_2um2_0_1133.npy,P0/data/dataset_Particles2SNR_F_c1/train/2um/HFocusing_5_10_2um2_0_1133.npy,2um,55,16384,3,31,6,1775.3935546875,3,peak_bin_energy_over_lowest_window_energy,-7.246181944665336e-05,0.04210558735744774,0.0421056497091654,10.716183648841383,-5.483081463911088e-05,0.04143496717723924,0.04143500345598063,11.387427075795662,0.9902048358931278,1.0916665441843342e-11
HFocusing_5_10_2um2_0_1136.npy,P0/data/dataset_Particles2SNR_F_c1/train/2um/HFocusing_5_10_2um2_0_1136.npy,2um,56,16384,8,31,18,2121.555908203125,3,peak_bin_energy_over_lowest_window_energy,2.3676318453371862e-05,0.04625936458358098,0.04625937064254897,1.7229432655033348,3.257701938061661e-05,0.04556750966342854,0.045567521308371,1.8262480252314184,0.9920231297310399,1.0493919597119143e-11
HFocusing_5_10_2um2_0_1140.npy,P0/data/dataset_Particles2SNR_F_c1/train/2um/HFocusing_5_10_2um2_0_1140.npy,2um,57,16384,2,31,1,1985.2718505859375,3,peak_bin_energy_over_lowest_window_energy,-9.245013089524213e-05,0.032805682895889546,0.03280581316310209,1.5841318912233486,-7.299730360041414e-05,0.03193789610000055,0.03193797952126532,1.6967746367405585,0.9823373584436217,8.322284994870374e-12
HFocusing_5_10_2um2_0_1143.npy,P0/data/dataset_Particles2SNR_F_c1/train/2um/HFocusing_5_10_2um2_0_1143.npy,2um,58,16384,0,31,0,1883.87646484375,3,peak_bin_energy_over_lowest_window_energy,-1.2833269320169574e-05,0.02764096548895126,0.027640968468094534,-0.30650421925653015,-7.04571563472481e-06,0.02630376261037649,0.026303763554007802,-0.26660168377143734,0.9700034224373739,1.5490625384264367e-11
HFocusing_5_10_2um2_0_1146.npy,P0/data/dataset_Particles2SNR_F_c1/train/2um/HFocusing_5_10_2um2_0_1146.npy,2um,59,16384,6,31,13,1811.4871826171875,3,peak_bin_energy_over_lowest_window_energy,5.140237674141424e-05,0.037805943690627355,0.03780597863490934,2.4622720460077385,1.9596295434841152e-05,0.036956628974111456,0.036956634169590295,2.7044789734299544,0.9848544902621281,8.284506851095457e-12
HFocusing_5_10_2um2_0_1149.npy,P0/data/dataset_Particles2SNR_F_c1/train/2um/HFocusing_5_10_2um2_0_1149.npy,2um,60,16384,3,31,4,2155.198974609375,3,peak_bin_energy_over_lowest_window_energy,8.109742360774247e-05,0.028925269194681493,0.02892538288038563,0.03788465467864155,7.12246740358787e-05,0.028004584511482737,0.02800467508497412,0.04362369045624881,0.979829570866531,1.3034573038710885e-11
HFocusing_5_10_2um2_0_1153.npy,P0/data/dataset_Particles2SNR_F_c1/train/2um/HFocusing_5_10_2um2_0_1153.npy,2um,61,16384,3,31,12,2134.688232421875,3,peak_bin_energy_over_lowest_window_energy,2.270806496519223e-05,0.03938909147571933,0.03938909802139166,4.596269189340808,2.322083988650896e-06,0.03866354092572004,0.038663540995450774,4.873850702954557,0.9876488531450714,1.0010257449201874e-11
HFocusing_5_10_2um2_0_1154.npy,P0/data/dataset_Particles2SNR_F_c1/train/2um/HFocusing_5_10_2um2_0_1154.npy,2um,62,16384,11,31,20,2380.541748046875,3,peak_bin_energy_over_lowest_window_energy,2.983635314563209e-05,0.03994752022036335,0.03994753136257994,0.8049747608055866,1.184063755331933e-05,0.03892466015366801,0.03892466195459182,0.8547717856663786,0.9879306046299557,8.294115959201537e-12
HFocusing_5_10_2um2_0_1158.npy,P0/data/dataset_Particles2SNR_F_c1/train/2um/HFocusing_5_10_2um2_0_1158.npy,2um,63,16384,6,31,10,1894.4857177734375,3,peak_bin_energy_over_lowest_window_energy,8.107935143608535e-05,0.03751731729753033,0.03751740490845279,3.9876323578441557,6.407334152273421e-05,0.036756692711285545,0.03675674855676119,4.2952161680607555,0.9875527693018683,8.345921359261445e-12
HFocusing_5_10_2um2_0_1162.npy,P0/data/dataset_Particles2SNR_F_c1/train/2um/HFocusing_5_10_2um2_0_1162.npy,2um,64,16384,12,31,16,2333.573974609375,3,peak_bin_energy_over_lowest_window_energy,-2.494559231265201e-05,0.038234372576170815,0.03823438071390746,0.8735562775079728,-2.498674906118637e-05,0.037439612089263656,0.03743962042719138,0.9418389047577675,0.9871229772810144,1.0084812443510012e-11
HFocusing_5_10_2um2_0_1165.npy,P0/data/dataset_Particles2SNR_F_c1/train/2um/HFocusing_5_10_2um2_0_1165.npy,2um,65,16384,0,31,0,1899.55126953125,3,peak_bin_energy_over_lowest_window_energy,9.053956210867256e-05,0.0323613124398939,0.03236143909415554,1.9598990948465582,4.9200094064294985e-05,0.03130357392583258,0.03130361258991239,2.0700167711420923,0.9758531681872752,9.515480402543976e-12
HFocusing_5_10_2um2_0_1168.npy,P0/data/dataset_Particles2SNR_F_c1/train/2um/HFocusing_5_10_2um2_0_1168.npy,2um,66,16384,0,31,0,2083.5634765625,3,peak_bin_energy_over_lowest_window_energy,-8.594009627197842e-05,0.02808502422011586,0.02808515570803626,0.22816382180365435,-4.714853512556397e-05,0.02686178017010046,0.026861821548271197,0.25155293996780914,0.9692310224332369,1.3782944240377148e-11
HFocusing_5_10_2um2_0_1169.npy,P0/data/dataset_Particles2SNR_F_c1/train/2um/HFocusing_5_10_2um2_0_1169.npy,2um,67,16384,8,31,11,1971.95947265625,3,peak_bin_energy_over_lowest_window_energy,-3.570189515018303e-05,0.03569858538350675,0.0356986032361049,1.1938556503321953,-2.0587073036986938e-05,0.03382076449731655,0.033820770763105384,1.050598227272192,0.974998262271507,7.899397380813967e-12
HFocusing_5_10_2um2_0_117.npy,P0/data/dataset_Particles2SNR_F_c1/train/2um/HFocusing_5_10_2um2_0_117.npy,2um,68,16384,6,31,14,2479.09375,3,peak_bin_energy_over_lowest_window_energy,4.36009840422227e-06,0.05216847123139871,0.05216847141360127,12.19899855108585,-3.889808978390898e-06,0.05156170354169258,0.05156170368841595,12.768412358658383,0.9923328058672858,4.2160775711137085e-12
HFocusing_5_10_2um2_0_1172.npy,P0/data/dataset_Particles2SNR_F_c1/train/2um/HFocusing_5_10_2um2_0_1172.npy,2um,69,16384,0,31,0,1897.7874755859375,3,peak_bin_energy_over_lowest_window_energy,4.6419003606306704e-05,0.026983234346866586,0.026983274273924142,-0.19235863834695532,4.284091022908171e-05,0.02579446218560864,0.025794497761894557,-0.1923184375603073,0.9676049715971127,1.3513621643991142e-11
HFocusing_5_10_2um2_0_1173.npy,P0/data/dataset_Particles2SNR_F_c1/train/2um/HFocusing_5_10_2um2_0_1173.npy,2um,70,16384,2,31,7,2268.0986328125,3,peak_bin_energy_over_lowest_window_energy,-2.7701872131241287e-06,0.033806802492192166,0.0338068026056891,0.3216667642903843,-1.1783249698007665e-05,0.0329036703959492,0.032903672505819735,0.34751302828074637,0.9854666559000252,1.3040783564447424e-11
HFocusing_5_10_2um2_0_1176.npy,P0/data/dataset_Particles2SNR_F_c1/train/2um/HFocusing_5_10_2um2_0_1176.npy,2um,71,16384,1,31,5,2018.6458740234375,3,peak_bin_energy_over_lowest_window_energy,5.0701107400990785e-05,0.03610929594388454,0.03610933153861102,1.8668740455792623,4.946926362025942e-05,0.034956340110061934,0.03495637511382391,1.9864961974298208,0.9852826182162878,1.237030216068958e-11
HFocusing_5_10_2um2_0_1179.npy,P0/data/dataset_Particles2SNR_F_c1/train/2um/HFocusing_5_10_2um2_0_1179.npy,2um,72,16384,3,31,5,2030.576171875,3,peak_bin_energy_over_lowest_window_energy,6.517323732559805e-05,0.033962526268454724,0.03396258880130225,2.9578760672177307,5.119215256219597e-05,0.032899964881966795,0.03290000470928739,3.122769683252237,0.9843764599124116,1.225724302009295e-11
HFocusing_5_10_2um2_0_1180.npy,P0/data/dataset_Particles2SNR_F_c1/train/2um/HFocusing_5_10_2um2_0_1180.npy,2um,73,16384,4,31,6,2005.3167724609375,3,peak_bin_energy_over_lowest_window_energy,-2.5296082130568225e-05,0.059491119979496465,0.059491125357540635,10.855581799387851,-2.0659271170359604e-05,0.058946364075291864,0.05894636769557853,11.32195640750469,0.9939318381171086,6.9666604585334335e-12
HFocusing_5_10_2um2_0_1183.npy,P0/data/dataset_Particles2SNR_F_c1/train/2um/HFocusing_5_10_2um2_0_1183.npy,2um,74,16384,5,31,14,2122.739013671875,3,peak_bin_energy_over_lowest_window_energy,-0.00012936899764565406,0.04493321117342149,0.04493339740875201,2.9059613006496985,-0.00010298599478304274,0.04427525988169294,0.044275379656266864,3.0982781909960924,0.9891308380265925,6.63124921760426e-12
HFocusing_5_10_2um2_0_1185.npy,P0/data/dataset_Particles2SNR_F_c1/train/2um/HFocusing_5_10_2um2_0_1185.npy,2um,75,16384,14,31,23,2982.505126953125,3,peak_bin_energy_over_lowest_window_energy,2.547976291879562e-05,0.05035732412400399,0.050357330570119714,0.6511834548030322,2.114768347312596e-05,0.0495070900932374,0.04950709461000959,0.6920678808424894,0.9931033987035525,9.439600024539997e-12
HFocusing_5_10_2um2_0_1189.npy,P0/data/dataset_Particles2SNR_F_c1/train/2um/HFocusing_5_10_2um2_0_1189.npy,2um,76,16384,15,31,19,2231.875732421875,3,peak_bin_energy_over_lowest_window_energy,5.696208005629142e-05,0.04176051501824175,0.04176055386686531,2.4266590334252314,4.5880778289614953e-05,0.0411233551590646,0.041123380753342514,2.5553025395375215,0.9911162210816107,1.0537094880262254e-11
HFocusing_5_10_2um2_0_1195.npy,P0/data/dataset_Particles2SNR_F_c1/train/2um/HFocusing_5_10_2um2_0_1195.npy,2um,77,16384,4,31,3,1819.15771484375,3,peak_bin_energy_over_lowest_window_energy,2.317196514273457e-05,0.027486983446202963,0.0274869932133692,-0.10178134157170904,1.0675498585945657e-05,0.026345902602629874,0.026345904765513933,-0.07968504242226881,0.969468183842854,1.3667273893747597e-11
HFocusing_5_10_2um2_0_1196.npy,P0/data/dataset_Particles2SNR_F_c1/train/2um/HFocusing_5_10_2um2_0_1196.npy,2um,78,16384,1,31,3,2026.2197265625,3,peak_bin_energy_over_lowest_window_energy,-6.9533640029285606e-06,0.03475198362112036,0.03475198431675361,2.468757018040388,-1.329174007496357e-05,0.03380757275488176,0.03380757536776303,2.778357157612585,0.9819045798554177,8.137256979229565e-12
HFocusing_5_10_2um2_0_120.npy,P0/data/dataset_Particles2SNR_F_c1/train/2um/HFocusing_5_10_2um2_0_120.npy,2um,79,16384,0,31,0,1965.015625,3,peak_bin_energy_over_lowest_window_energy,4.2923193062065164e-05,0.02841037440798592,0.02841040683275134,-0.00905420356448472,2.684375983701201e-05,0.027442497134911183,0.027442510263950903,-0.00787076274443077,0.9789863786688316,1.0714690806030603e-11
HFocusing_5_10_2um2_0_1200.npy,P0/data/dataset_Particles2SNR_F_c1/train/2um/HFocusing_5_10_2um2_0_1200.npy,2um,80,16384,1,31,6,1750.4449462890625,3,peak_bin_energy_over_lowest_window_energy,-0.0001026568910629996,0.0338326735089681,0.033832829252099426,1.0194798635025668,-8.17409943910566e-05,0.032878475612305405,0.03287857722254912,1.1340045616442644,0.981144620739896,8.805675724917977e-12
HFocusing_5_10_2um2_0_1203.npy,P0/data/dataset_Particles2SNR_F_c1/train/2um/HFocusing_5_10_2um2_0_1203.npy,2um,81,16384,5,31,4,1958.6297607421875,3,peak_bin_energy_over_lowest_window_energy,-1.1229376724583495e-05,0.027447681982166565,0.027447684279243902,-0.007387555584934091,-1.2144356770265147e-05,0.026442332586342116,0.026442335375154204,0.001503471452044547,0.9777951970093502,1.0094874962588035e-11
HFocusing_5_10_2um2_0_1204.npy,P0/data/dataset_Particles2SNR_F_c1/train/2um/HFocusing_5_10_2um2_0_1204.npy,2um,82,16384,15,31,12,2271.552001953125,3,peak_bin_energy_over_lowest_window_energy,1.0293543667901495e-05,0.031982991123603005,0.03198299278006219,0.08016312045048224,1.4094336052502138e-05,0.030809301095818257,0.030809304319687206,0.09697294687904368,0.9806637667664593,1.1037440827325022e-11
HFocusing_5_10_2um2_0_1207.npy,P0/data/dataset_Particles2SNR_F_c1/train/2um/HFocusing_5_10_2um2_0_1207.npy,2um,83,16384,5,31,16,2330.228759765625,3,peak_bin_energy_over_lowest_window_energy,-6.924680243772826e-08,0.06249553206262433,0.06249553206266269,6.055104416679688,-7.255129426157004e-06,0.0617569915349903,0.061756991961151794,6.289567732574005,0.9937695440865287,7.758146640242097e-12
HFocusing_5_10_2um2_0_121.npy,P0/data/dataset_Particles2SNR_F_c1/train/2um/HFocusing_5_10_2um2_0_121.npy,2um,84,16384,6,31,5,2163.220458984375,3,peak_bin_energy_over_lowest_window_energy,-8.320989385793176e-05,0.035699512138704946,0.03569960911309783,1.223401739780141,-6.40164789308634e-05,0.03448989739487052,0.0344899568051088,1.2512872896035594,0.9847644416209869,8.660715344190242e-12
HFocusing_5_10_2um2_0_1210.npy,P0/data/dataset_Particles2SNR_F_c1/train/2um/HFocusing_5_10_2um2_0_1210.npy,2um,85,16384,4,31,10,2083.769287109375,3,peak_bin_energy_over_lowest_window_energy,-6.44159713050026e-05,0.03237747504649246,0.03237753912519605,0.7109615422318578,-5.700706568350646e-05,0.03156226705570869,0.031562318538114593,0.7796023381630675,0.9827494112165377,1.1157977514223925e-11
HFocusing_5_10_2um2_0_1213.npy,P0/data/dataset_Particles2SNR_F_c1/train/2um/HFocusing_5_10_2um2_0_1213.npy,2um,86,16384,4,31,7,1999.7025146484375,3,peak_bin_energy_over_lowest_window_energy,2.1903901908708098e-05,0.28793703470305965,0.2879370355361948,26.90681776455881,1.0232688757722733e-05,0.2872286412974706,0.28722864147974336,27.004995504929596,0.9990026964574867,1.5166866131272591e-12
HFocusing_5_10_2um2_0_1216.npy,P0/data/dataset_Particles2SNR_F_c1/train/2um/HFocusing_5_10_2um2_0_1216.npy,2um,87,16384,10,31,11,1880.8924560546875,3,peak_bin_energy_over_lowest_window_energy,1.3914042465313305e-05,0.0326077594053408,0.0326077623739681,1.9732300605947382,1.4041975414749737e-05,0.03176665530282616,0.031766658406348736,2.190287962800384,0.9820080487880047,8.370358980596373e-12
HFocusing_5_10_2um2_0_1223.npy,P0/data/dataset_Particles2SNR_F_c1/train/2um/HFocusing_5_10_2um2_0_1223.npy,2um,88,16384,9,31,19,2120.798095703125,3,peak_bin_energy_over_lowest_window_energy,1.9783528918404e-05,0.03796180989449375,0.03796181504951653,0.7448381630719534,4.227370612781443e-07,0.03704120332396568,0.037041203326377954,0.8531681411330347,0.9838637053831351,8.820258422644488e-12
HFocusing_5_10_2um2_0_1226.npy,P0/data/dataset_Particles2SNR_F_c1/train/2um/HFocusing_5_10_2um2_0_1226.npy,2um,89,16384,0,31,0,1848.9058837890625,3,peak_bin_energy_over_lowest_window_energy,-0.00013565560849956995,0.027269348145544353,0.02726968556340576,-0.07115439668784784,-9.526934546173787e-05,0.026108644983424335,0.026108818799759466,-0.04485614734357535,0.9723695664964109,1.2319540710990777e-11
HFocusing_5_10_2um2_0_1227.npy,P0/data/dataset_Particles2SNR_F_c1/train/2um/HFocusing_5_10_2um2_0_1227.npy,2um,90,16384,3,31,9,2000.4063720703125,3,peak_bin_energy_over_lowest_window_energy,0.0001491543469603258,0.03260706745193038,0.03260740858814074,0.07836268889707876,0.00012502087993914612,0.03154030544839027,0.03154055322910772,0.1313474814784894,0.9803112630936919,1.1147736780668752e-11
HFocusing_5_10_2um2_0_1229.npy,P0/data/dataset_Particles2SNR_F_c1/train/2um/HFocusing_5_10_2um2_0_1229.npy,2um,91,16384,1,31,6,2107.937255859375,3,peak_bin_energy_over_lowest_window_energy,8.166758067078365e-06,0.03494014456833565,0.03494014552276697,1.8844580735585197,5.74211938129596e-06,0.034015936903016734,0.034015937387670954,2.098102696053293,0.9817616884223839,1.1622766581383294e-11
HFocusing_5_10_2um2_0_1233.npy,P0/data/dataset_Particles2SNR_F_c1/train/2um/HFocusing_5_10_2um2_0_1233.npy,2um,92,16384,6,31,4,1834.1767578125,3,peak_bin_energy_over_lowest_window_energy,-3.2522812908721455e-05,0.03162526068610574,0.031625277409020526,0.7461727577270354,-2.7823173019491713e-05,0.030514024434295482,0.030514037119098787,0.7182984804886918,0.9811845057602288,7.84280590672079e-12
HFocusing_5_10_2um2_0_1236.npy,P0/data/dataset_Particles2SNR_F_c1/train/2um/HFocusing_5_10_2um2_0_1236.npy,2um,93,16384,1,31,1,1752.9075927734375,3,peak_bin_energy_over_lowest_window_energy,-8.043731577880091e-05,0.03239070693509813,0.03239080681176657,3.117073874480889,-6.369952068214672e-05,0.03151842089966012,0.03151848526876041,3.414736784268407,0.9852054752349843,9.342814406783154e-12
HFocusing_5_10_2um2_0_1237.npy,P0/data/dataset_Particles2SNR_F_c1/train/2um/HFocusing_5_10_2um2_0_1237.npy,2um,94,16384,2,31,9,2113.2646484375,3,peak_bin_energy_over_lowest_window_energy,0.00010393788328632271,0.034919360412233875,0.034919515098051815,1.0780444970762364,8.273231979619448e-05,0.03403650453088222,0.0340366050792012,1.2089866673762932,0.984079223509707,8.26788117877058e-12
HFocusing_5_10_2um2_0_124.npy,P0/data/dataset_Particles2SNR_F_c1/train/2um/HFocusing_5_10_2um2_0_124.npy,2um,95,16384,4,31,4,2063.30078125,3,peak_bin_energy_over_lowest_window_energy,-0.0004325513755062191,0.040844383494583844,0.0408466738394338,9.501087596373777,-0.0003429117693162492,0.04031789921484502,0.04031935745494881,10.0787784454003,0.9873197805231787,1.1310473858637736e-11
HFocusing_5_10_2um2_0_1240.npy,P0/data/dataset_Particles2SNR_F_c1/train/2um/HFocusing_5_10_2um2_0_1240.npy,2um,96,16384,3,31,1,2038.68212890625,3,peak_bin_energy_over_lowest_window_energy,7.893886896290244e-05,0.028311383421445017,0.02831149347139965,0.06718206545438576,5.337772633947888e-05,0.027225158498727985,0.02722521082494183,0.06856278533873761,0.9743800451570808,1.0497318976922256e-11
HFocusing_5_10_2um2_0_1243.npy,P0/data/dataset_Particles2SNR_F_c1/train/2um/HFocusing_5_10_2um2_0_1243.npy,2um,97,16384,8,31,6,1991.8623046875,3,peak_bin_energy_over_lowest_window_energy,7.082905132300864e-06,0.029235945306072403,0.029235946164049526,-0.02839382125113321,1.8655334814431608e-06,0.02822327638811655,0.028223276449771604,-0.0670323418124501,0.9780735794560959,1.0475900758394194e-11
HFocusing_5_10_2um2_0_1246.npy,P0/data/dataset_Particles2SNR_F_c1/train/2um/HFocusing_5_10_2um2_0_1246.npy,2um,98,16384,6,31,8,2173.96533203125,3,peak_bin_energy_over_lowest_window_energy,6.563551752938028e-05,0.032568605471250046,0.032568671608819114,0.16514429111828743,4.493480893726602e-05,0.03156591033563262,0.03156594231849023,0.19702983119572126,0.9825257109621687,1.1656397311245047e-11
HFocusing_5_10_2um2_0_1247.npy,P0/data/dataset_Particles2SNR_F_c1/train/2um/HFocusing_5_10_2um2_0_1247.npy,2um,99,16384,2,31,9,1941.3460693359375,3,peak_bin_energy_over_lowest_window_energy,-4.759295300267501e-06,0.03170720504155281,0.03170720539874121,0.0877731557114374,-1.1363612377588084e-05,0.03070209255002785,0.030702094653006367,0.1296936221755245,0.9801855251937802,1.4160318000779869e-11
HFocusing_5_10_2um2_0_1250.npy,P0/data/dataset_Particles2SNR_F_c1/train/2um/HFocusing_5_10_2um2_0_1250.npy,2um,100,16384,3,31,6,2213.809814453125,3,peak_bin_energy_over_lowest_window_energy,8.999538091929415e-05,0.03127011455422249,0.03127024405729485,0.9386060929651796,9.101594054526756e-05,0.030264314748488678,0.03026445160740605,1.0635691573431387,0.977056951123914,9.394952226645719e-12
HFocusing_5_10_2um2_0_127.npy,P0/data/dataset_Particles2SNR_F_c1/train/2um/HFocusing_5_10_2um2_0_127.npy,2um,101,16384,3,31,6,2065.7216796875,3,peak_bin_energy_over_lowest_window_energy,8.168014128415112e-05,0.031960569503134605,0.03196067387603362,1.9328361517697026,7.072046025120674e-05,0.031076463714826207,0.03107654418371528,2.154017011910997,0.9796570276079438,9.609621466325459e-12
HFocusing_5_10_2um2_0_1274.npy,P0/data/dataset_Particles2SNR_F_c1/train/2um/HFocusing_5_10_2um2_0_1274.npy,2um,102,16384,5,31,14,2155.706787109375,3,peak_bin_energy_over_lowest_window_energy,-4.924153984238511e-05,0.03755933023104646,0.037559362509686535,0.3772993160224547,-5.582489399353285e-05,0.03571357069348895,0.03571361432419885,0.6734383777050001,0.9457216443475334,1.0503775847247307e-11
HFocusing_5_10_2um2_0_1277.npy,P0/data/dataset_Particles2SNR_F_c1/train/2um/HFocusing_5_10_2um2_0_1277.npy,2um,103,16384,2,31,8,2029.8345947265625,3,peak_bin_energy_over_lowest_window_energy,8.523408710351755e-05,0.03491000428961992,0.03491010834057789,2.2747225524678667,7.49390054267554e-05,0.03404132927500034,0.03404141176072945,2.413142843818753,0.9856312635686383,1.3839666282894264e-11
HFocusing_5_10_2um2_0_128.npy,P0/data/dataset_Particles2SNR_F_c1/train/2um/HFocusing_5_10_2um2_0_128.npy,2um,104,16384,11,31,19,1985.93603515625,3,peak_bin_energy_over_lowest_window_energy,2.377050151326949e-05,0.05009620919776004,0.05009621483727568,1.6380504025141516,1.6247906940985158e-05,0.04768718360101846,0.04768718636899983,1.5210559457218764,0.9850320036524084,8.612044231154695e-12
HFocusing_5_10_2um2_0_1280.npy,P0/data/dataset_Particles2SNR_F_c1/train/2um/HFocusing_5_10_2um2_0_1280.npy,2um,105,16384,7,31,10,1863.0234375,3,peak_bin_energy_over_lowest_window_energy,-5.366073817198501e-06,0.036027310654387634,0.03602731105401153,3.4734663914077277,2.8014385005842684e-06,0.03512628007776909,0.03512628018948115,3.7477867094233623,0.9831650594973385,9.042972288112622e-12
HFocusing_5_10_2um2_0_1283.npy,P0/data/dataset_Particles2SNR_F_c1/train/2um/HFocusing_5_10_2um2_0_1283.npy,2um,106,16384,0,31,0,1818.9757080078125,3,peak_bin_energy_over_lowest_window_energy,-9.979087830115037e-05,0.027509339229240152,0.02750952022571101,0.40359555455914586,-7.126161526400308e-05,0.02649565978037626,0.02649575561132874,0.43715168056510745,0.9743732619900115,7.266721330086058e-12
HFocusing_5_10_2um2_0_1288.npy,P0/data/dataset_Particles2SNR_F_c1/train/2um/HFocusing_5_10_2um2_0_1288.npy,2um,107,16384,2,31,4,2062.784423828125,3,peak_bin_energy_over_lowest_window_energy,-4.9508125798049496e-05,0.03375209593142468,0.03375213224106907,1.3757977833455861,-2.621395972300502e-05,0.03283716624316632,0.0328371767064866,1.4451028522220373,0.9837646864303842,6.547173031099561e-12
HFocusing_5_10_2um2_0_1291.npy,P0/data/dataset_Particles2SNR_F_c1/train/2um/HFocusing_5_10_2um2_0_1291.npy,2um,108,16384,0,31,0,1606.849609375,3,peak_bin_energy_over_lowest_window_energy,3.2180971512426605e-05,0.026178552695877093,0.02617857247570504,0.12928744947010218,1.0402293078730792e-05,0.025192673313728466,0.02519267546133097,0.17500971122774978,0.9750757348272285,1.460022117429844e-11
HFocusing_5_10_2um2_0_1292.npy,P0/data/dataset_Particles2SNR_F_c1/train/2um/HFocusing_5_10_2um2_0_1292.npy,2um,109,16384,13,31,18,2541.371826171875,3,peak_bin_energy_over_lowest_window_energy,-2.031060787549793e-05,0.040349741751662845,0.040349746863477046,1.049363803328414,-6.672811897744334e-06,0.03956828715743367,0.03956828772008651,1.1509369829709417,0.9886924308280963,7.441774026136869e-12
HFocusing_5_10_2um2_0_1295.npy,P0/data/dataset_Particles2SNR_F_c1/train/2um/HFocusing_5_10_2um2_0_1295.npy,2um,110,16384,6,31,6,2073.558349609375,3,peak_bin_energy_over_lowest_window_energy,6.0920185496465484e-05,0.03066319070640336,0.030663251223023665,0.471832004461052,5.936561443399167e-05,0.029641426035836967,0.029641485484269692,0.5155757432296668,0.9771108729726974,1.288435424134988e-11
HFocusing_5_10_2um2_0_1296.npy,P0/data/dataset_Particles2SNR_F_c1/train/2um/HFocusing_5_10_2um2_0_1296.npy,2um,111,16384,2,31,9,2288.4814453125,3,peak_bin_energy_over_lowest_window_energy,-2.6480394051491053e-06,0.0376352366793331,0.03763523677249197,0.7667980628813305,3.3599147769636982e-06,0.03671445393830704,0.036714454092047946,0.7868782004539194,0.9877864407511708,7.64276652110926e-12
HFocusing_5_10_2um2_0_1299.npy,P0/data/dataset_Particles2SNR_F_c1/train/2um/HFocusing_5_10_2um2_0_1299.npy,2um,112,16384,3,31,8,2165.05029296875,3,peak_bin_energy_over_lowest_window_energy,5.6934093075425724e-06,0.034315202644429284,0.03431520311674048,1.4754569335924135,-1.1213905692181421e-05,0.03342499715107309,0.033424999032175384,1.5657566614279608,0.9844003134508055,1.0709425007562381e-11
HFocusing_5_10_2um2_0_1308.npy,P0/data/dataset_Particles2SNR_F_c1/train/2um/HFocusing_5_10_2um2_0_1308.npy,2um,113,16384,4,31,2,1835.2711181640625,3,peak_bin_energy_over_lowest_window_energy,-3.840999736341945e-05,0.028503930805204802,0.028503956684569266,0.07465061131440187,-3.681743028060026e-05,0.027579875648156317,0.027579900222642905,0.10541802258768307,0.9766162055642561,1.5449624565693717e-11
HFocusing_5_10_2um2_0_1309.npy,P0/data/dataset_Particles2SNR_F_c1/train/2um/HFocusing_5_10_2um2_0_1309.npy,2um,114,16384,4,31,9,1528.2154541015625,3,peak_bin_energy_over_lowest_window_energy,4.5775091697683675e-05,0.03452468168999158,0.034524712035790536,1.7265539162044936,2.1455587266657745e-05,0.03365844649037594,0.033658453328810664,1.8622917794113656,0.9861126024958591,8.831780551992565e-12
HFocusing_5_10_2um2_0_131.npy,P0/data/dataset_Particles2SNR_F_c1/train/2um/HFocusing_5_10_2um2_0_131.npy,2um,115,16384,10,31,9,2315.8271484375,3,peak_bin_energy_over_lowest_window_energy,-3.3833575221247194e-05,0.029680278485941052,0.029680297769965645,0.13466246022190376,-4.840670237876033e-05,0.028837309219384117,0.02883734984743243,0.1675510124317272,0.9813678046158785,1.183373030763195e-11
HFocusing_5_10_2um2_0_1317.npy,P0/data/dataset_Particles2SNR_F_c1/train/2um/HFocusing_5_10_2um2_0_1317.npy,2um,116,16384,5,31,10,1985.041015625,3,peak_bin_energy_over_lowest_window_energy,-8.3545099707024e-05,0.04242357875795886,0.042423661020902274,3.6658526337682984,-6.984896672598975e-05,0.041710068374529355,0.041710126860105175,3.9222422336985936,0.9884026752666125,7.696177679868633e-12
HFocusing_5_10_2um2_0_132.npy,P0/data/dataset_Particles2SNR_F_c1/train/2um/HFocusing_5_10_2um2_0_132.npy,2um,117,16384,11,31,18,2515.263427734375,3,peak_bin_energy_over_lowest_window_energy,0.00010340338074192507,0.04126447766634927,0.04126460722381574,2.1256364944633406,6.146784267744948e-05,0.04052466988389899,0.04052471650110181,2.31309059455556,0.990043226135419,1.0777343891945308e-11
HFocusing_5_10_2um2_0_1320.npy,P0/data/dataset_Particles2SNR_F_c1/train/2um/HFocusing_5_10_2um2_0_1320.npy,2um,118,16384,4,31,4,1779.22216796875,3,peak_bin_energy_over_lowest_window_energy,-0.00011640844586727211,0.027913327465608435,0.02791357019674408,0.2749713641496352,-0.0001109979616294838,0.027098486946863294,0.027098714274976336,0.3235422330604125,0.9800211897361989,1.55202668114623e-11
HFocusing_5_10_2um2_0_1321.npy,P0/data/dataset_Particles2SNR_F_c1/train/2um/HFocusing_5_10_2um2_0_1321.npy,2um,119,16384,2,31,8,2096.077392578125,3,peak_bin_energy_over_lowest_window_energy,1.0840607424261888e-05,0.04766284637316382,0.04766284760597697,16.088014943463016,1.6696007305940572e-05,0.04702379114349934,0.04702379410749527,16.958143554161087,0.9923018802899686,9.27479407117571e-12
HFocusing_5_10_2um2_0_1324.npy,P0/data/dataset_Particles2SNR_F_c1/train/2um/HFocusing_5_10_2um2_0_1324.npy,2um,120,16384,0,31,0,1973.5924072265625,3,peak_bin_energy_over_lowest_window_energy,5.4856309342430386e-05,0.027383270613297296,0.027383325559466768,-0.15718648390660883,4.1219318226771675e-05,0.02625970564399537,0.026259737994532188,-0.1594920314998558,0.9744076677062194,1.1011998077840407e-11
HFocusing_5_10_2um2_0_1325.npy,P0/data/dataset_Particles2SNR_F_c1/train/2um/HFocusing_5_10_2um2_0_1325.npy,2um,121,16384,0,31,0,1868.2232666015625,3,peak_bin_energy_over_lowest_window_energy,0.00011923116015642271,0.030043841127717262,0.030044077715534346,0.6259354543610476,0.00010882290060222025,0.027002701398935028,0.027002920680247594,0.3114446593934326,0.9043676821318233,1.751886438201499e-11
HFocusing_5_10_2um2_0_1328.npy,P0/data/dataset_Particles2SNR_F_c1/train/2um/HFocusing_5_10_2um2_0_1328.npy,2um,122,16384,1,31,6,1986.212890625,3,peak_bin_energy_over_lowest_window_energy,1.7589693309165745e-05,0.03243245606123193,0.03243246083110331,0.2903360841264493,2.921147619135895e-05,0.030604746431248334,0.0306047603720622,0.2423502907927677,0.9731965371027038,1.4067513792798158e-11
HFocusing_5_10_2um2_0_1331.npy,P0/data/dataset_Particles2SNR_F_c1/train/2um/HFocusing_5_10_2um2_0_1331.npy,2um,123,16384,0,31,0,1789.9373779296875,3,peak_bin_energy_over_lowest_window_energy,6.619731088201858e-05,0.02677731430590041,0.026777396130336247,-0.06224449922185915,6.928051916209388e-05,0.025808250408027818,0.025808343397316365,-0.08874069714408783,0.9756489535488243,1.5176075936994938e-11
HFocusing_5_10_2um2_0_1332.npy,P0/data/dataset_Particles2SNR_F_c1/train/2um/HFocusing_5_10_2um2_0_1332.npy,2um,124,16384,7,31,8,1916.9722900390625,3,peak_bin_energy_over_lowest_window_energy,-0.0003340371911652021,0.03495062605043609,0.034952222277882465,4.892643670546676,-0.00025950289364980097,0.03420194879289748,0.03420293325116713,5.465604229997718,0.9789996492964291,1.1274932630448334e-11
HFocusing_5_10_2um2_0_1334.npy,P0/data/dataset_Particles2SNR_F_c1/train/2um/HFocusing_5_10_2um2_0_1334.npy,2um,125,16384,8,31,10,2065.4677734375,3,peak_bin_energy_over_lowest_window_energy,0.00021094418485204786,0.03726881189548145,0.03726940887041144,2.8518561729707637,0.00018588787522938032,0.03630258751071833,0.03630306342824968,3.27755698733613,0.9818709440918869,1.0956451745140347e-11
HFocusing_5_10_2um2_0_1337.npy,P0/data/dataset_Particles2SNR_F_c1/train/2um/HFocusing_5_10_2um2_0_1337.npy,2um,126,16384,6,31,9,1918.3577880859375,3,peak_bin_energy_over_lowest_window_energy,5.061480790618417e-05,0.033402096781487346,0.03340213513023721,2.6266547533322555,2.672679501728184e-05,0.03247414460728795,0.03247415560559845,2.9779273461301425,0.981380085511726,1.2302565038513747e-11
HFocusing_5_10_2um2_0_1338.npy,P0/data/dataset_Particles2SNR_F_c1/train/2um/HFocusing_5_10_2um2_0_1338.npy,2um,127,16384,5,31,8,1802.3154296875,3,peak_bin_energy_over_lowest_window_energy,-8.764800102529618e-05,0.032068497500441474,0.032068617277767136,0.6122587510028583,-7.530177583862584e-05,0.031221480937794276,0.031221571746254156,0.6407341206730433,0.9821605559128251,1.213625889411041e-11
HFocusing_5_10_2um2_0_1341.npy,P0/data/dataset_Particles2SNR_F_c1/train/2um/HFocusing_5_10_2um2_0_1341.npy,2um,128,16384,0,31,0,1965.8536376953125,3,peak_bin_energy_over_lowest_window_energy,0.0001119797045832045,0.02705257201808035,0.02705280377793885,-0.1863096362757144,8.804991499410214e-05,0.026113617168452945,0.026113765611417494,-0.19915554151403025,0.9792096001589597,9.5464235657281e-12
HFocusing_5_10_2um2_0_1345.npy,P0/data/dataset_Particles2SNR_F_c1/train/2um/HFocusing_5_10_2um2_0_1345.npy,2um,129,16384,1,31,6,1986.1046142578125,3,peak_bin_energy_over_lowest_window_energy,-6.446365977424497e-05,0.034513817018433306,0.0345138772198275,2.3407707923051673,-5.898672557367035e-05,0.033599120103203574,0.03359917188180823,2.6161024424815977,0.9849580968536835,8.617808847958644e-12
HFocusing_5_10_2um2_0_1348.npy,P0/data/dataset_Particles2SNR_F_c1/train/2um/HFocusing_5_10_2um2_0_1348.npy,2um,130,16384,2,31,8,2219.899658203125,3,peak_bin_energy_over_lowest_window_energy,6.15099997483809e-05,0.03384497278664515,0.033845028680868625,0.8966658188102175,6.022150201632256e-05,0.03288378421114622,0.032883839354225876,0.9915397074531582,0.9823556709159548,8.770459774638445e-12
HFocusing_5_10_2um2_0_1352.npy,P0/data/dataset_Particles2SNR_F_c1/train/2um/HFocusing_5_10_2um2_0_1352.npy,2um,131,16384,6,31,10,1961.1693115234375,3,peak_bin_energy_over_lowest_window_energy,8.074883679941995e-05,0.03709309180466857,0.037093179696599414,2.2350911889310208,6.038321612000752e-05,0.03637095460728203,0.036371004731485745,2.403592952355945,0.9866792449234826,8.835234268073926e-12
HFocusing_5_10_2um2_0_1355.npy,P0/data/dataset_Particles2SNR_F_c1/train/2um/HFocusing_5_10_2um2_0_1355.npy,2um,132,16384,4,31,3,2349.415771484375,3,peak_bin_energy_over_lowest_window_energy,-0.00011086130091928434,0.029334330055795284,0.029334539540452582,-0.11683962513041735,-8.586498767291099e-05,0.028101975322782625,0.028102106501797897,-0.12102265352701735,0.9711158357283491,1.0554719660288615e-11
HFocusing_5_10_2um2_0_1356.npy,P0/data/dataset_Particles2SNR_F_c1/train/2um/HFocusing_5_10_2um2_0_1356.npy,2um,133,16384,5,31,14,2404.586181640625,3,peak_bin_energy_over_lowest_window_energy,2.64076689781403e-05,0.03862061796054714,0.03862062698894875,0.6262558904119806,2.0878511120445622e-05,0.03783832806933915,0.03783833382953279,0.6884730228008569,0.9896174526268806,7.993491210365336e-12
HFocusing_5_10_2um2_0_1365.npy,P0/data/dataset_Particles2SNR_F_c1/train/2um/HFocusing_5_10_2um2_0_1365.npy,2um,134,16384,4,31,8,1967.9320068359375,3,peak_bin_energy_over_lowest_window_energy,-9.163852622283255e-05,0.03295904698610155,0.0329591743806112,2.3042326818908005,-6.713430297548094e-05,0.032052794352568116,0.03205286465860202,2.590679119076446,0.981109196739348,1.0331947066248056e-11
HFocusing_5_10_2um2_0_1366.npy,P0/data/dataset_Particles2SNR_F_c1/train/2um/HFocusing_5_10_2um2_0_1366.npy,2um,135,16384,2,31,4,2134.590087890625,3,peak_bin_energy_over_lowest_window_energy,6.133733459712748e-06,0.03861133702833847,0.038611337515535867,6.6659668364743485,-6.690539491216517e-06,0.03787493927180332,0.03787493986273916,7.1501008463208855,0.9875792871959718,1.1052850214143666e-11
HFocusing_5_10_2um2_0_1368.npy,P0/data/dataset_Particles2SNR_F_c1/train/2um/HFocusing_5_10_2um2_0_1368.npy,2um,136,16384,5,31,4,1857.9776611328125,3,peak_bin_energy_over_lowest_window_energy,1.6600215971369515e-05,0.029058338127340867,0.029058342868960065,0.31338979308455306,-6.863120475389517e-06,0.02809641340586788,0.028096414244096254,0.3531936997257077,0.9814076800882011,1.2123477660085862e-11
HFocusing_5_10_2um2_0_1373.npy,P0/data/dataset_Particles2SNR_F_c1/train/2um/HFocusing_5_10_2um2_0_1373.npy,2um,137,16384,2,31,5,1672.45263671875,3,peak_bin_energy_over_lowest_window_energy,-2.3789450384413628e-05,0.03599285086692897,0.03599285872873867,3.547934799174268,-2.0310377078045573e-05,0.03521043017004482,0.03521043602784577,3.803758918474106,0.9847380586514148,7.337342852296746e-12
HFocusing_5_10_2um2_0_138.npy,P0/data/dataset_Particles2SNR_F_c1/train/2um/HFocusing_5_10_2um2_0_138.npy,2um,138,16384,9,31,16,2244.462158203125,3,peak_bin_energy_over_lowest_window_energy,-2.8431460745599808e-05,0.05190675242092738,0.05190676020746633,6.814116502638587,-7.752437629088143e-06,0.05117336256149276,0.05117336314871515,7.183501603564228,0.991729286543539,7.238334386050107e-12
HFocusing_5_10_2um2_0_1380.npy,P0/data/dataset_Particles2SNR_F_c1/train/2um/HFocusing_5_10_2um2_0_1380.npy,2um,139,16384,6,31,12,2178.095703125,3,peak_bin_energy_over_lowest_window_energy,-0.00011201086662649933,0.04764503816488379,0.04764516983039807,7.117110348627959,-8.558386644602308e-05,0.0470038279859321,0.047003905900779026,7.438323886731011,0.991349223939278,6.82561868280018e-12
HFocusing_5_10_2um2_0_1383.npy,P0/data/dataset_Particles2SNR_F_c1/train/2um/HFocusing_5_10_2um2_0_1383.npy,2um,140,16384,1,31,8,2039.216796875,3,peak_bin_energy_over_lowest_window_energy,2.6091469112023876e-05,0.04327966709599511,0.04327967496071248,2.8450965149193426,1.1482979047317084e-05,0.040828198091933186,0.040828199706733875,2.8323636945743944,0.9787771757809203,9.789761915987284e-12
HFocusing_5_10_2um2_0_1386.npy,P0/data/dataset_Particles2SNR_F_c1/train/2um/HFocusing_5_10_2um2_0_1386.npy,2um,141,16384,3,31,6,1951.3238525390625,3,peak_bin_energy_over_lowest_window_energy,2.7309867468813807e-05,0.03406221252338366,0.034062223471420884,1.6530357148401933,1.4093005981459457e-05,0.033119794385392885,0.033119797383793274,1.814005184180541,0.9804757736049615,1.1631876121165915e-11
HFocusing_5_10_2um2_0_1389.npy,P0/data/dataset_Particles2SNR_F_c1/train/2um/HFocusing_5_10_2um2_0_1389.npy,2um,142,16384,4,31,5,2216.69921875,3,peak_bin_energy_over_lowest_window_energy,-1.715585673701462e-05,0.045930658778906244,0.045930661982903506,11.56181272135051,1.6422700659680855e-06,0.04519576871871621,0.04519576874855363,12.348738835088293,0.9901787824196158,8.545895339175811e-12
HFocusing_5_10_2um2_0_1393.npy,P0/data/dataset_Particles2SNR_F_c1/train/2um/HFocusing_5_10_2um2_0_1393.npy,2um,143,16384,6,31,9,2208.915283203125,3,peak_bin_energy_over_lowest_window_energy,-9.784348539211384e-05,0.03545102123345403,0.03545115625536695,1.5660774435025901,-5.801433006694431e-05,0.034594389555900336,0.03459443820049517,1.7789944245787561,0.9850070165289874,1.0994294055872764e-11
HFocusing_5_10_2um2_0_1396.npy,P0/data/dataset_Particles2SNR_F_c1/train/2um/HFocusing_5_10_2um2_0_1396.npy,2um,144,16384,11,31,14,1960.05810546875,3,peak_bin_energy_over_lowest_window_energy,-5.552607897753127e-05,0.05256350140169129,0.052563530729499604,9.465303016789285,-4.1689123186335244e-05,0.05193392186351767,0.05193393859615262,9.853087787463204,0.9933595023573374,4.472726134813057e-12
HFocusing_5_10_2um2_0_14.npy,P0/data/dataset_Particles2SNR_F_c1/train/2um/HFocusing_5_10_2um2_0_14.npy,2um,145,16384,3,31,7,2187.093505859375,3,peak_bin_energy_over_lowest_window_energy,-2.2950920816126462e-05,0.032790220499469516,0.032790228531509154,1.7919340105822155,-1.716620270834027e-05,0.031901504617429244,0.03190150923599658,2.0350522113341842,0.9829016576735319,8.12602526011112e-12
HFocusing_5_10_2um2_0_1400.npy,P0/data/dataset_Particles2SNR_F_c1/train/2um/HFocusing_5_10_2um2_0_1400.npy,2um,146,16384,8,31,15,2128.966552734375,3,peak_bin_energy_over_lowest_window_energy,-0.0001055229910231335,0.03771425719074195,0.037714404815018164,0.7097289929971646,-9.070774605923269e-05,0.03695385365041243,0.036953964976864054,0.7825981493657435,0.9871307636109037,1.202979365187581e-11
HFocusing_5_10_2um2_0_1403.npy,P0/data/dataset_Particles2SNR_F_c1/train/2um/HFocusing_5_10_2um2_0_1403.npy,2um,147,16384,8,31,12,1930.5606689453125,3,peak_bin_energy_over_lowest_window_energy,3.464609394621873e-05,0.041845335856912004,0.041845350199629004,4.00506358153522,1.9212865968926035e-05,0.040674739910445866,0.04067474444808026,3.8605162868922225,0.9886353808324225,6.745575514329776e-12
HFocusing_5_10_2um2_0_1407.npy,P0/data/dataset_Particles2SNR_F_c1/train/2um/HFocusing_5_10_2um2_0_1407.npy,2um,148,16384,6,31,12,1962.13525390625,3,peak_bin_energy_over_lowest_window_energy,-0.00010573936740543804,0.044769749934674134,0.044769874804683946,4.061868564108604,-6.960280232578844e-05,0.044101664446088124,0.044101719370852714,4.252225597323067,0.9907238149013688,1.5537260687826387e-11
HFocusing_5_10_2um2_0_141.npy,P0/data/dataset_Particles2SNR_F_c1/train/2um/HFocusing_5_10_2um2_0_141.npy,2um,149,16384,0,31,0,1849.7242431640625,3,peak_bin_energy_over_lowest_window_energy,-0.0002762564891954405,0.027208982251836582,0.02721038465050762,0.3223813881424853,-0.00022729367940759862,0.02613411190808736,0.02613510029904481,0.3970813737462593,0.9746095183877866,1.0968643616914195e-11
HFocusing_5_10_2um2_0_1410.npy,P0/data/dataset_Particles2SNR_F_c1/train/2um/HFocusing_5_10_2um2_0_1410.npy,2um,150,16384,3,31,6,1875.9954833984375,3,peak_bin_energy_over_lowest_window_energy,-5.6220911029976624e-05,0.029586487161914327,0.029586540577988475,-0.012563845511904592,-3.3912657307934465e-05,0.028627090199669795,0.028627110286725693,0.00843377022064562,0.9818394176572598,1.2171762629328074e-11
HFocusing_5_10_2um2_0_1411.npy,P0/data/dataset_Particles2SNR_F_c1/train/2um/HFocusing_5_10_2um2_0_1411.npy,2um,151,16384,1,31,9,1906.3004150390625,3,peak_bin_energy_over_lowest_window_energy,-5.680615779369945e-06,0.038499173392256315,0.03849917381134837,2.075088959813672,-2.1431779122059477e-05,0.037614927900873694,0.03761493400644327,2.2454844614625733,0.9866101228895855,6.566732133649945e-12
HFocusing_5_10_2um2_0_1415.npy,P0/data/dataset_Particles2SNR_F_c1/train/2um/HFocusing_5_10_2um2_0_1415.npy,2um,152,16384,7,31,12,1816.8896484375,3,peak_bin_energy_over_lowest_window_energy,0.00011922104017737758,0.03706544961316973,0.03706564134994625,1.4139285690963916,9.943327017169584e-05,0.03623750331983657,0.03623763973868033,1.5629011332967373,0.9851385441681283,6.9163448496528285e-12
HFocusing_5_10_2um2_0_1417.npy,P0/data/dataset_Particles2SNR_F_c1/train/2um/HFocusing_5_10_2um2_0_1417.npy,2um,153,16384,4,31,2,1870.9923095703125,3,peak_bin_energy_over_lowest_window_energy,-2.7878089900452046e-05,0.028630689055047405,0.02863070262768114,-0.03408229194973744,-2.5663253691815427e-05,0.027553911803813867,0.02755392375497441,-0.011244892230604986,0.9791419109856381,9.361228173482753e-12
HFocusing_5_10_2um2_0_1418.npy,P0/data/dataset_Particles2SNR_F_c1/train/2um/HFocusing_5_10_2um2_0_1418.npy,2um,154,16384,11,31,14,1914.7271728515625,3,peak_bin_energy_over_lowest_window_energy,-1.0905515507796543e-05,0.03558808121016919,0.03558808288109751,0.24743624820504362,-6.31716262416688e-06,0.033000925553465975,0.03300092615809361,0.03570936809524827,0.950798672941249,1.4144735954608547e-11
HFocusing_5_10_2um2_0_142.npy,P0/data/dataset_Particles2SNR_F_c1/train/2um/HFocusing_5_10_2um2_0_142.npy,2um,155,16384,1,31,3,1700.3050537109375,3,peak_bin_energy_over_lowest_window_energy,-1.965185214062656e-06,0.039632323206416784,0.039632323255139046,7.978666623519613,-8.687617363413361e-06,0.038926436619949184,0.03892643758940209,8.568206472010274,0.9880711481532004,6.8246326978760014e-12
HFocusing_5_10_2um2_0_1421.npy,P0/data/dataset_Particles2SNR_F_c1/train/2um/HFocusing_5_10_2um2_0_1421.npy,2um,156,16384,0,31,0,1941.0445556640625,3,peak_bin_energy_over_lowest_window_energy,-0.00010624782443183403,0.02705746257917586,0.02705767118256297,0.048647926665466024,-8.68991296661307e-05,0.025930602026944145,0.025930747635548354,0.03296738969062618,0.9724678029745043,1.1899812119203947e-11
HFocusing_5_10_2um2_0_1422.npy,P0/data/dataset_Particles2SNR_F_c1/train/2um/HFocusing_5_10_2um2_0_1422.npy,2um,157,16384,6,31,9,1941.3485107421875,3,peak_bin_energy_over_lowest_window_energy,2.197729327902525e-05,0.03572150362146529,0.03572151038211819,1.006236695960152,2.3994107006591838e-05,0.03233096321489734,0.032330972118391615,0.9140703481410779,0.9205089262145626,1.1008554310041507e-11
HFocusing_5_10_2um2_0_1425.npy,P0/data/dataset_Particles2SNR_F_c1/train/2um/HFocusing_5_10_2um2_0_1425.npy,2um,158,16384,1,31,7,2014.7587890625,3,peak_bin_energy_over_lowest_window_energy,5.374376267461441e-05,0.03433747853686795,0.0343375205957258,1.6858366371337388,2.346758850736055e-05,0.033472207033713064,0.03347221526035378,1.8047625337941966,0.984371819231971,7.141470132155862e-12
HFocusing_5_10_2um2_0_1428.npy,P0/data/dataset_Particles2SNR_F_c1/train/2um/HFocusing_5_10_2um2_0_1428.npy,2um,159,16384,0,31,0,2077.912353515625,3,peak_bin_energy_over_lowest_window_energy,-9.437033448668526e-05,0.02800026308917312,0.028000422118656387,-0.06441602238741151,-6.966556123173955e-05,0.02681304319405021,0.026813133696314276,-0.052890638889558694,0.9723681279100154,1.3720950848530187e-11
HFocusing_5_10_2um2_0_1429.npy,P0/data/dataset_Particles2SNR_F_c1/train/2um/HFocusing_5_10_2um2_0_1429.npy,2um,160,16384,7,31,13,1739.8035888671875,3,peak_bin_energy_over_lowest_window_energy,-2.2909796665683205e-06,0.033801330574548316,0.03380133065218709,1.1794953903290208,-8.81509410362411e-06,0.0330743124559758,0.03307431363069232,1.2827110437281979,0.985838881244566,8.113701133959418e-12
HFocusing_5_10_2um2_0_1435.npy,P0/data/dataset_Particles2SNR_F_c1/train/2um/HFocusing_5_10_2um2_0_1435.npy,2um,161,16384,0,31,0,1777.18603515625,3,peak_bin_energy_over_lowest_window_energy,3.595089217127031e-05,0.02684536103775271,0.02684538511018121,-0.14539324098271234,4.105592659471055e-05,0.025841426209164974,0.02584145882323262,-0.1667855627450887,0.9772116612969871,1.3809651383184117e-11
HFocusing_5_10_2um2_0_1436.npy,P0/data/dataset_Particles2SNR_F_c1/train/2um/HFocusing_5_10_2um2_0_1436.npy,2um,162,16384,6,31,11,1821.7646484375,3,peak_bin_energy_over_lowest_window_energy,2.469919862870092e-06,0.04590843089269945,0.04590843095914154,5.079404821144212,8.401924917111592e-06,0.045290198499440826,0.04529019927877437,5.352322606589487,0.9919249365251924,5.258180318028006e-12
HFocusing_5_10_2um2_0_1439.npy,P0/data/dataset_Particles2SNR_F_c1/train/2um/HFocusing_5_10_2um2_0_1439.npy,2um,163,16384,0,31,0,1733.2777099609375,3,peak_bin_energy_over_lowest_window_energy,4.127114188923262e-05,0.026090864244518484,0.026090896886328877,-0.07672140054686327,2.608587442847834e-05,0.025088765662721994,0.025088779224024093,-0.08743066763468477,0.9761523140934342,1.2129241208793472e-11
HFocusing_5_10_2um2_0_144.npy,P0/data/dataset_Particles2SNR_F_c1/train/2um/HFocusing_5_10_2um2_0_144.npy,2um,164,16384,6,31,5,1867.1790771484375,3,peak_bin_energy_over_lowest_window_energy,-6.377799692989876e-05,0.02913921421733955,0.02913928401379992,0.06066892745337649,-2.767067447482973e-05,0.028247039838408258,0.028247053391439774,0.0976824279880737,0.9835340389709739,1.3111821571710399e-11
HFocusing_5_10_2um2_0_1440.npy,P0/data/dataset_Particles2SNR_F_c1/train/2um/HFocusing_5_10_2um2_0_1440.npy,2um,165,16384,4,31,9,2140.380126953125,3,peak_bin_energy_over_lowest_window_energy,9.253916164350905e-05,0.03302176485278013,0.03302189451695258,1.0510296217105113,7.782394267487803e-05,0.032171690530497114,0.03217178465917195,1.1432654454798437,0.9829536686360894,1.0467864633091732e-11
HFocusing_5_10_2um2_0_1443.npy,P0/data/dataset_Particles2SNR_F_c1/train/2um/HFocusing_5_10_2um2_0_1443.npy,2um,166,16384,0,31,0,1763.8570556640625,3,peak_bin_energy_over_lowest_window_energy,-0.00012151924918279292,0.026443050871269816,0.026443330091130455,-0.21731417910364526,-9.514317490028594e-05,0.02533517620731132,0.02533535485599607,-0.21445920963655718,0.9700989594822977,1.5263247032756392e-11
HFocusing_5_10_2um2_0_1447.npy,P0/data/dataset_Particles2SNR_F_c1/train/2um/HFocusing_5_10_2um2_0_1447.npy,2um,167,16384,6,31,9,1994.8154296875,3,peak_bin_energy_over_lowest_window_energy,-1.680119121349903e-05,0.03150952891096514,0.031509533390245155,1.8439211254792918,-1.0083065193396496e-05,0.03074522636781493,0.03074522802121308,1.9654688046785749,0.9847182096825918,7.805493142911118e-12
HFocusing_5_10_2um2_0_1451.npy,P0/data/dataset_Particles2SNR_F_c1/train/2um/HFocusing_5_10_2um2_0_1451.npy,2um,168,16384,0,31,0,1892.1585693359375,3,peak_bin_energy_over_lowest_window_energy,-6.402928324172164e-05,0.02705383510421147,0.02705391087430757,-0.05604626521550493,-4.474192157508466e-05,0.026083127273074293,0.02608316564727024,-0.03046956665935152,0.9758220746139848,1.4750784114764067e-11
HFocusing_5_10_2um2_0_1452.npy,P0/data/dataset_Particles2SNR_F_c1/train/2um/HFocusing_5_10_2um2_0_1452.npy,2um,169,16384,9,31,5,2221.067138671875,3,peak_bin_energy_over_lowest_window_energy,-2.9405321796606893e-05,0.039378565837247956,0.039378576816226134,10.383332458284073,-1.774738055743925e-05,0.038396626161182244,0.03839663026270797,11.242477937652557,0.9839010339127333,1.1594658952782413e-11
HFocusing_5_10_2um2_0_1455.npy,P0/data/dataset_Particles2SNR_F_c1/train/2um/HFocusing_5_10_2um2_0_1455.npy,2um,170,16384,0,31,0,2092.133056640625,3,peak_bin_energy_over_lowest_window_energy,4.7013357887688904e-05,0.028058507136818348,0.028058546523344826,-0.04114145255334156,1.8265749833338204e-05,0.02699884637411267,0.02699885255285035,-0.05484585826872923,0.9785031188543253,1.2849866563390857e-11
HFocusing_5_10_2um2_0_1456.npy,P0/data/dataset_Particles2SNR_F_c1/train/2um/HFocusing_5_10_2um2_0_1456.npy,2um,171,16384,4,31,7,1544.3831787109375,3,peak_bin_energy_over_lowest_window_energy,-4.618458879470298e-05,0.03717953242803557,0.03717956111338043,0.9902652164758257,-1.376465734786045e-05,0.03332313787540921,0.0333231407182655,1.227511002772534,0.9035323063476091,1.0477404034143902e-11
HFocusing_5_10_2um2_0_1459.npy,P0/data/dataset_Particles2SNR_F_c1/train/2um/HFocusing_5_10_2um2_0_1459.npy,2um,172,16384,0,31,0,2054.326416015625,3,peak_bin_energy_over_lowest_window_energy,1.8906828090062808e-05,0.027387935388103135,0.02738794191411725,0.1619322708023545,2.9264779815646088e-06,0.026289486689192332,0.02628948685207633,0.13503733188940759,0.9750914682715506,1.3036840014663008e-11
HFocusing_5_10_2um2_0_1460.npy,P0/data/dataset_Particles2SNR_F_c1/train/2um/HFocusing_5_10_2um2_0_1460.npy,2um,173,16384,5,31,10,2280.4365234375,3,peak_bin_energy_over_lowest_window_energy,4.008732114862552e-05,0.03181416049013098,0.03181418574606504,0.3613259970331737,3.929634292078781e-05,0.03086868984711345,0.030868714859544313,0.420475056325877,0.9796152238164544,1.081829380043006e-11
HFocusing_5_10_2um2_0_1463.npy,P0/data/dataset_Particles2SNR_F_c1/train/2um/HFocusing_5_10_2um2_0_1463.npy,2um,174,16384,9,31,8,2197.327880859375,3,peak_bin_energy_over_lowest_window_energy,9.862852599536131e-05,0.03590089981298331,0.03590103529103312,2.7816260967216797,7.722400261582679e-05,0.03509711339491273,0.03509719835260276,3.027148338870253,0.9846144300132076,1.0129938142034174e-11
HFocusing_5_10_2um2_0_1466.npy,P0/data/dataset_Particles2SNR_F_c1/train/2um/HFocusing_5_10_2um2_0_1466.npy,2um,175,16384,4,31,4,1854.1900634765625,3,peak_bin_energy_over_lowest_window_energy,4.274945915208043e-05,0.0285808265674086,0.028580858538409006,0.16849951550149722,4.083377954627768e-05,0.027550048662518603,0.027550078923747116,0.20600001999015305,0.9766218397760333,1.4734183723180152e-11
HFocusing_5_10_2um2_0_1469.npy,P0/data/dataset_Particles2SNR_F_c1/train/2um/HFocusing_5_10_2um2_0_1469.npy,2um,176,16384,0,31,0,2009.6693115234375,3,peak_bin_energy_over_lowest_window_energy,-4.453886509348807e-05,0.0269031649510645,0.02690320181864399,-0.1973740896677625,-4.125721703884729e-05,0.025826858457846547,0.02582689141107767,-0.18086163474288774,0.9725739910722462,7.75362429303656e-12
HFocusing_5_10_2um2_0_1470.npy,P0/data/dataset_Particles2SNR_F_c1/train/2um/HFocusing_5_10_2um2_0_1470.npy,2um,177,16384,9,31,14,2660.728271484375,3,peak_bin_energy_over_lowest_window_energy,4.6636709196887975e-05,0.04588946364037799,0.04588948733843317,8.139381375677418,5.335077768507402e-05,0.045242056225378045,0.04524208768177865,8.47682614654035,0.9912663039378983,8.931352757796312e-12
HFocusing_5_10_2um2_0_1473.npy,P0/data/dataset_Particles2SNR_F_c1/train/2um/HFocusing_5_10_2um2_0_1473.npy,2um,178,16384,15,31,12,1970.4306640625,3,peak_bin_energy_over_lowest_window_energy,6.679826133985924e-05,0.031100807875803698,0.031100879610316032,0.2077794539296125,3.7190306305044386e-05,0.030008286086852645,0.030008309132459915,0.2440801641387007,0.9761253506365374,1.3512345531903681e-11
HFocusing_5_10_2um2_0_148.npy,P0/data/dataset_Particles2SNR_F_c1/train/2um/HFocusing_5_10_2um2_0_148.npy,2um,179,16384,0,31,0,1918.6923828125,3,peak_bin_energy_over_lowest_window_energy,-1.6648052154151038e-05,0.027568671204619,0.02756867623129608,-0.294476129050774,-4.442122619702785e-05,0.026463529608925025,0.026463566891252364,-0.2288469900042669,0.9772964637540477,1.1889754677149382e-11
HFocusing_5_10_2um2_0_1480.npy,P0/data/dataset_Particles2SNR_F_c1/train/2um/HFocusing_5_10_2um2_0_1480.npy,2um,180,16384,10,31,10,2195.13037109375,3,peak_bin_energy_over_lowest_window_energy,-5.589404235633344e-05,0.02965490638913778,0.029654959064083965,-0.03809323333282055,-5.750874900166819e-05,0.028669309953396668,0.02866936763272153,-0.03462248408762214,0.9807114800071091,9.648108150844106e-12
HFocusing_5_10_2um2_0_1484.npy,P0/data/dataset_Particles2SNR_F_c1/train/2um/HFocusing_5_10_2um2_0_1484.npy,2um,181,16384,14,31,17,2416.111083984375,3,peak_bin_energy_over_lowest_window_energy,3.6821929461096405e-05,0.03585002777856425,0.03585004668864906,0.41933057049155753,4.842752579846556e-05,0.034992399450167466,0.03499243296064644,0.4513257551153451,0.9842217947227109,8.985447203873651e-12
HFocusing_5_10_2um2_0_1487.npy,P0/data/dataset_Particles2SNR_F_c1/train/2um/HFocusing_5_10_2um2_0_1487.npy,2um,182,16384,4,31,6,1890.9990234375,3,peak_bin_energy_over_lowest_window_energy,0.00010437808587271523,0.032059154859678085,0.03205932477613387,2.1081606565811004,9.022982085391469e-05,0.03110826087107678,0.031108391727049118,2.434745907402351,0.9815145150649038,1.033273825842498e-11
HFocusing_5_10_2um2_0_149.npy,P0/data/dataset_Particles2SNR_F_c1/train/2um/HFocusing_5_10_2um2_0_149.npy,2um,183,16384,10,31,11,1647.8636474609375,3,peak_bin_energy_over_lowest_window_energy,-7.606890261963216e-05,0.035841094075195444,0.03584117479917415,4.613193562169006,-5.1880388162449656e-05,0.03499807854421462,0.03499811699737132,5.0547478413911655,0.9845347926370424,1.374063763629584e-11
HFocusing_5_10_2um2_0_1490.npy,P0/data/dataset_Particles2SNR_F_c1/train/2um/HFocusing_5_10_2um2_0_1490.npy,2um,184,16384,0,31,0,1990.8734130859375,3,peak_bin_energy_over_lowest_window_energy,4.844899778617739e-05,0.02758460872595402,0.027584651273296262,-0.2854864761239173,3.337450714985737e-05,0.026484810995972934,0.026484832024200877,-0.3070026592971411,0.9711417795945537,1.0400114335915243e-11
HFocusing_5_10_2um2_0_1491.npy,P0/data/dataset_Particles2SNR_F_c1/train/2um/HFocusing_5_10_2um2_0_1491.npy,2um,185,16384,7,31,13,1828.783203125,3,peak_bin_energy_over_lowest_window_energy,5.960643607505924e-05,0.03471688344544812,0.03471693461543014,1.7495307514283471,3.687264651682079e-05,0.03386483347429612,0.0338648535480942,1.9156204222582343,0.9834694724599059,1.16124205531905e-11
HFocusing_5_10_2um2_0_1494.npy,P0/data/dataset_Particles2SNR_F_c1/train/2um/HFocusing_5_10_2um2_0_1494.npy,2um,186,16384,1,31,5,2054.21533203125,3,peak_bin_energy_over_lowest_window_energy,-4.621763936535429e-05,0.03783983862182541,0.03783986684696417,2.1706317487580087,-4.5528285052405544e-05,0.036650593557144985,0.03665062183532194,2.262698660036352,0.984317006131236,9.377009665187976e-12
HFocusing_5_10_2um2_0_1497.npy,P0/data/dataset_Particles2SNR_F_c1/train/2um/HFocusing_5_10_2um2_0_1497.npy,2um,187,16384,4,31,3,2156.685791015625,3,peak_bin_energy_over_lowest_window_energy,-3.1400390884721825e-05,0.028838786509649626,0.028838803604409408,0.024595033348089768,-7.479149769971457e-06,0.02793704475468823,0.027937045755826336,0.00564490600233114,0.979771094806093,1.221814405939829e-11
HFocusing_5_10_2um2_0_1501.npy,P0/data/dataset_Particles2SNR_F_c1/train/2um/HFocusing_5_10_2um2_0_1501.npy,2um,188,16384,6,31,11,2153.59375,3,peak_bin_energy_over_lowest_window_energy,9.456471222880432e-05,0.032868634153507735,0.032868770186940885,0.5536873263879687,8.508701277041772e-05,0.03198256357412577,0.03198267675746887,0.6148840781377687,0.984715389550947,1.1122212348338973e-11
HFocusing_5_10_2um2_0_1502.npy,P0/data/dataset_Particles2SNR_F_c1/train/2um/HFocusing_5_10_2um2_0_1502.npy,2um,189,16384,4,31,11,2070.244384765625,3,peak_bin_energy_over_lowest_window_energy,6.875872050744592e-05,0.036969062925990746,0.03696912686807074,2.4562585978551237,4.2080450076283016e-05,0.03616879017993566,0.03616881465910223,2.72178784543884,0.9884304631339861,7.636055489271697e-12
HFocusing_5_10_2um2_0_1505.npy,P0/data/dataset_Particles2SNR_F_c1/train/2um/HFocusing_5_10_2um2_0_1505.npy,2um,190,16384,3,31,3,1840.3531494140625,3,peak_bin_energy_over_lowest_window_energy,-5.6696181304540094e-05,0.02797355132919481,0.02797360878442521,0.07083645496506064,-5.558504849779258e-05,0.02696391918900884,0.026963976482132893,0.08310954126593906,0.9772591521751589,1.1654053509409091e-11
HFocusing_5_10_2um2_0_1509.npy,P0/data/dataset_Particles2SNR_F_c1/train/2um/HFocusing_5_10_2um2_0_1509.npy,2um,191,16384,0,31,0,1843.1334228515625,3,peak_bin_energy_over_lowest_window_energy,-3.7923249933227064e-05,0.027728837441361558,0.027728863374151133,0.05686888830897274,-2.9754205523292937e-05,0.02672057306813411,0.02672058963425471,0.07109742837037691,0.9776438302776251,1.3955796228858984e-11
HFocusing_5_10_2um2_0_1510.npy,P0/data/dataset_Particles2SNR_F_c1/train/2um/HFocusing_5_10_2um2_0_1510.npy,2um,192,16384,3,31,8,1783.1842041015625,3,peak_bin_energy_over_lowest_window_energy,-1.316078219121283e-07,0.03326717323757177,0.03326717323783209,0.42695060257534356,-4.427563859305798e-06,0.032302184020601435,0.032302184324037905,0.4605610981621173,0.9838887209217753,1.2015521272907727e-11
HFocusing_5_10_2um2_0_1513.npy,P0/data/dataset_Particles2SNR_F_c1/train/2um/HFocusing_5_10_2um2_0_1513.npy,2um,193,16384,0,31,0,2118.17919921875,3,peak_bin_energy_over_lowest_window_energy,5.564190678949349e-05,0.027685675323973712,0.027685731237702176,-0.26577328010464596,5.084744962008354e-05,0.026662462028317218,0.02666251051335171,-0.28125003989504105,0.9761556011022761,1.3390059634889618e-11
HFocusing_5_10_2um2_0_1514.npy,P0/data/dataset_Particles2SNR_F_c1/train/2um/HFocusing_5_10_2um2_0_1514.npy,2um,194,16384,7,31,5,1773.6295166015625,3,peak_bin_energy_over_lowest_window_energy,2.5786018810205228e-05,0.03040221475385555,0.030402225689220817,0.2642364282613454,3.4306703133636364e-05,0.029414762486949245,0.029414782493051288,0.264679382714768,0.9805638980453911,1.0474076847978005e-11
HFocusing_5_10_2um2_0_1517.npy,P0/data/dataset_Particles2SNR_F_c1/train/2um/HFocusing_5_10_2um2_0_1517.npy,2um,195,16384,4,31,4,1889.6810302734375,3,peak_bin_energy_over_lowest_window_energy,0.00010657622610784853,0.029170903452569355,0.029171098140644176,0.3976124921049906,8.074980201344456e-05,0.02806366123465963,0.028063777408329462,0.5419769135133481,0.9765301997547555,7.600951358444343e-12
HFocusing_5_10_2um2_0_1518.npy,P0/data/dataset_Particles2SNR_F_c1/train/2um/HFocusing_5_10_2um2_0_1518.npy,2um,196,16384,8,31,13,2138.1337890625,3,peak_bin_energy_over_lowest_window_energy,-0.00010105451355970732,0.04562449193342597,0.04562460384702493,8.516335321077552,-8.931687762366868e-05,0.04501853738173312,0.0450186259840872,8.962639134372381,0.9916707352507006,1.0668514535964731e-11
HFocusing_5_10_2um2_0_152.npy,P0/data/dataset_Particles2SNR_F_c1/train/2um/HFocusing_5_10_2um2_0_152.npy,2um,197,16384,5,31,9,1834.8062744140625,3,peak_bin_energy_over_lowest_window_energy,-5.478430545813239e-05,0.033249756148056774,0.033249801280990594,1.5822370578065073,-5.642419761547102e-05,0.03247279882086436,0.03247284784170317,1.7645584182435883,0.9855652850332101,9.030405593359514e-12
HFocusing_5_10_2um2_0_1521.npy,P0/data/dataset_Particles2SNR_F_c1/train/2um/HFocusing_5_10_2um2_0_1521.npy,2um,198,16384,2,31,1,1871.4189453125,3,peak_bin_energy_over_lowest_window_energy,-6.069005268579882e-05,0.027762779177998208,0.027762845512821373,0.2021711965354882,-5.4122434904030846e-05,0.026860790713328853,0.02686084523955293,0.2603233546146866,0.9806017061381558,1.3400126994726781e-11
HFocusing_5_10_2um2_0_1522.npy,P0/data/dataset_Particles2SNR_F_c1/train/2um/HFocusing_5_10_2um2_0_1522.npy,2um,199,16384,9,31,12,1870.7236328125,3,peak_bin_energy_over_lowest_window_energy,-1.3815397830828978e-05,0.04778602611276834,0.047786028109850213,14.292879665888321,-1.5785273704164346e-05,0.0470972058600113,0.04709720850533659,14.918654231257353,0.9910949717691374,1.1181577729351289e-11
HFocusing_5_10_2um2_0_1525.npy,P0/data/dataset_Particles2SNR_F_c1/train/2um/HFocusing_5_10_2um2_0_1525.npy,2um,200,16384,7,31,13,2361.075439453125,3,peak_bin_energy_over_lowest_window_energy,-8.760740303361667e-05,0.03497382554272488,0.0349739352682826,0.5177789520434506,-7.236037342412798e-05,0.03423613203503349,0.034236208504212155,0.5759854292131976,0.9840467270132923,9.51135152696062e-12
HFocusing_5_10_2um2_0_1528.npy,P0/data/dataset_Particles2SNR_F_c1/train/2um/HFocusing_5_10_2um2_0_1528.npy,2um,201,16384,2,31,6,1940.3056640625,3,peak_bin_energy_over_lowest_window_energy,0.0001399829328686258,0.03026065909442858,0.030260982866567924,0.7845662563732687,0.00012045832581883334,0.029253277763792055,0.029253525772696694,0.8586221170489443,0.9777709027019614,1.1047883383324954e-11
HFocusing_5_10_2um2_0_1529.npy,P0/data/dataset_Particles2SNR_F_c1/train/2um/HFocusing_5_10_2um2_0_1529.npy,2um,202,16384,6,31,11,2042.4000244140625,3,peak_bin_energy_over_lowest_window_energy,0.00011654817648684747,0.040452570332620875,0.04045273822614585,2.3956290655467933,0.0001015388342370311,0.039730841582117524,0.03973097133167244,2.640420540670222,0.9891955855584124,1.095363122571126e-11
HFocusing_5_10_2um2_0_1532.npy,P0/data/dataset_Particles2SNR_F_c1/train/2um/HFocusing_5_10_2um2_0_1532.npy,2um,203,16384,2,31,6,2086.5576171875,3,peak_bin_energy_over_lowest_window_energy,-0.0001356384365485764,0.03162557290865804,0.03162586377612973,1.3741236441062599,-0.0001150057809017621,0.03065242830393925,0.03065264405002898,1.4792125366640994,0.9834592310504275,8.920844783690281e-12
HFocusing_5_10_2um2_0_1533.npy,P0/data/dataset_Particles2SNR_F_c1/train/2um/HFocusing_5_10_2um2_0_1533.npy,2um,204,16384,6,31,14,2261.433349609375,3,peak_bin_energy_over_lowest_window_energy,6.688384838015022e-05,0.04539154301999556,0.045391592296209225,2.703188738226178,4.981782779266165e-05,0.04421212757791785,0.044212155645049135,2.854883605615705,0.9876317883396263,8.205222407548805e-12
HFocusing_5_10_2um2_0_1536.npy,P0/data/dataset_Particles2SNR_F_c1/train/2um/HFocusing_5_10_2um2_0_1536.npy,2um,205,16384,4,31,8,2062.984130859375,3,peak_bin_energy_over_lowest_window_energy,-6.0838354192188805e-05,0.03461870573995074,0.03461875919807986,0.628826697349524,-4.0820912067788366e-05,0.033632260858873754,0.03363228563190723,0.686710730784331,0.9855131746858495,7.32643591514756e-12
HFocusing_5_10_2um2_0_1539.npy,P0/data/dataset_Particles2SNR_F_c1/train/2um/HFocusing_5_10_2um2_0_1539.npy,2um,206,16384,5,31,6,1978.3154296875,3,peak_bin_energy_over_lowest_window_energy,9.815133129980312e-05,0.03237516162860438,0.03237531041028168,2.8040077953776015,6.487455071261776e-05,0.031494781030134714,0.03149484784601227,3.2340286486636796,0.9841000858734739,9.034561738972802e-12
HFocusing_5_10_2um2_0_1540.npy,P0/data/dataset_Particles2SNR_F_c1/train/2um/HFocusing_5_10_2um2_0_1540.npy,2um,207,16384,5,31,10,1907.78125,3,peak_bin_energy_over_lowest_window_energy,9.749377739984903e-05,0.03546325702582797,0.03546339103803482,3.0109774111485983,8.458666405930373e-05,0.03459421549462871,0.034594318906325444,3.20125580508671,0.9820106314086892,1.0977347970010545e-11
HFocusing_5_10_2um2_0_1542.npy,P0/data/dataset_Particles2SNR_F_c1/train/2um/HFocusing_5_10_2um2_0_1542.npy,2um,208,16384,1,31,6,2432.373779296875,3,peak_bin_energy_over_lowest_window_energy,0.00019368820806074267,0.03357277936259105,0.03357333807132025,0.9949319695968835,0.0001556390456377503,0.032627285425289546,0.03262765663874497,1.1720563391223475,0.9831038678913807,1.0578080120017624e-11
HFocusing_5_10_2um2_0_1546.npy,P0/data/dataset_Particles2SNR_F_c1/train/2um/HFocusing_5_10_2um2_0_1546.npy,2um,209,16384,3,31,2,1971.1802978515625,3,peak_bin_energy_over_lowest_window_energy,-4.302661098163646e-05,0.03312995719395359,0.03312998513374931,1.161960907941209,-2.2684088593921734e-05,0.03224516316076656,0.03224517113975878,1.261006686570096,0.9842810979321098,8.247038068833688e-12
HFocusing_5_10_2um2_0_1549.npy,P0/data/dataset_Particles2SNR_F_c1/train/2um/HFocusing_5_10_2um2_0_1549.npy,2um,210,16384,5,31,5,2092.3916015625,3,peak_bin_energy_over_lowest_window_energy,7.226228407578324e-05,0.029533912563837448,0.02953400096780142,0.4001426596252782,4.6567859655658416e-05,0.028591631753265734,0.02859166967632192,0.5070165000414897,0.9799821164640293,1.1243423849393887e-11
HFocusing_5_10_2um2_0_155.npy,P0/data/dataset_Particles2SNR_F_c1/train/2um/HFocusing_5_10_2um2_0_155.npy,2um,211,16384,5,31,16,2261.4169921875,3,peak_bin_energy_over_lowest_window_energy,-1.804382763175198e-06,0.045483044993185846,0.045483045028977175,1.1148018667623019,-2.3990885010918163e-05,0.04435220667033135,0.04435221315887572,1.1884966941055062,0.9890596445314196,7.751790531064275e-12
HFocusing_5_10_2um2_0_1550.npy,P0/data/dataset_Particles2SNR_F_c1/train/2um/HFocusing_5_10_2um2_0_1550.npy,2um,212,16384,8,31,7,2168.643798828125,3,peak_bin_energy_over_lowest_window_energy,-2.9755835029115917e-05,0.03928971036452592,0.039289721632229144,6.396560645864872,-6.334345683879319e-06,0.0383149777621401,0.0383149782857465,6.93405628526261,0.9862479474799958,1.0886617439533519e-11
HFocusing_5_10_2um2_0_1553.npy,P0/data/dataset_Particles2SNR_F_c1/train/2um/HFocusing_5_10_2um2_0_1553.npy,2um,213,16384,3,31,6,1967.4315185546875,3,peak_bin_energy_over_lowest_window_energy,0.00022322947169533798,0.03433216637779935,0.034332892094752654,2.9891448692092855,0.00018879992726644838,0.03358778665633403,0.03358831728270927,3.399209864516288,0.9824292868933733,9.945211398055111e-12
HFocusing_5_10_2um2_0_1554.npy,P0/data/dataset_Particles2SNR_F_c1/train/2um/HFocusing_5_10_2um2_0_1554.npy,2um,214,16384,2,31,5,2088.547119140625,3,peak_bin_energy_over_lowest_window_energy,-7.504746789971843e-05,0.03306221637481475,0.03306230154931,0.6167445631221904,-5.956183324454673e-05,0.028210695677476166,0.028210758554479746,0.2490619816245121,0.8608673823808078,9.78100695380477e-12
HFocusing_5_10_2um2_0_1557.npy,P0/data/dataset_Particles2SNR_F_c1/train/2um/HFocusing_5_10_2um2_0_1557.npy,2um,215,16384,11,31,12,1903.8270263671875,3,peak_bin_energy_over_lowest_window_energy,-7.958299166577125e-06,0.047295469009245396,0.04729546967880768,8.59393015243525,-1.8316460018316895e-05,0.04669115286476627,0.04669115645744576,9.120422533424705,0.991843307523559,5.672603344909894e-12
HFocusing_5_10_2um2_0_1563.npy,P0/data/dataset_Particles2SNR_F_c1/train/2um/HFocusing_5_10_2um2_0_1563.npy,2um,216,16384,5,31,10,2012.7808837890625,3,peak_bin_energy_over_lowest_window_energy,1.6846734089913058e-05,0.030463173264847373,0.030463177923134698,0.21190749371169693,1.2606318476019361e-05,0.029386936076716986,0.029386938780626943,0.2128167109944088,0.9787044006388209,8.409102138901464e-12
HFocusing_5_10_2um2_0_1564.npy,P0/data/dataset_Particles2SNR_F_c1/train/2um/HFocusing_5_10_2um2_0_1564.npy,2um,217,16384,2,31,1,1954.8499755859375,3,peak_bin_energy_over_lowest_window_energy,-0.00013790913946099684,0.028484519424279108,0.028484853269112702,-0.15145927524409997,-0.00011541536074850075,0.02730694531427089,0.02730718922009509,-0.20222156348625786,0.9739668259187156,1.3183880397139106e-11
HFocusing_5_10_2um2_0_1571.npy,P0/data/dataset_Particles2SNR_F_c1/train/2um/HFocusing_5_10_2um2_0_1571.npy,2um,218,16384,2,31,6,1798.1708984375,3,peak_bin_energy_over_lowest_window_energy,-2.9054787084733127e-05,0.03100228693243603,0.031002300547245624,2.831530139456807,-1.9106987011765182e-05,0.030118231109972207,0.03011823717070191,3.138653023728266,0.9807126967551625,7.346298686116484e-12
HFocusing_5_10_2um2_0_1572.npy,P0/data/dataset_Particles2SNR_F_c1/train/2um/HFocusing_5_10_2um2_0_1572.npy,2um,219,16384,6,31,7,2066.4169921875,3,peak_bin_energy_over_lowest_window_energy,2.317246013355576e-05,0.06031055391731826,0.06031055836896772,19.07841134887938,2.418039998144691e-05,0.059776214595273526,0.05977621948594554,19.71318374537195,0.9947017326741052,6.442533092170466e-12
HFocusing_5_10_2um2_0_1575.npy,P0/data/dataset_Particles2SNR_F_c1/train/2um/HFocusing_5_10_2um2_0_1575.npy,2um,220,16384,0,31,0,1987.0400390625,3,peak_bin_energy_over_lowest_window_energy,8.0060803794005e-06,0.027920170642906608,0.027920171790774266,-0.010347094586760974,-4.934289452221371e-06,0.02689589552227678,0.026895895974896254,0.015978266174515365,0.977791038708128,1.0648784957858117e-11
HFocusing_5_10_2um2_0_1576.npy,P0/data/dataset_Particles2SNR_F_c1/train/2um/HFocusing_5_10_2um2_0_1576.npy,2um,221,16384,6,31,9,2117.833251953125,3,peak_bin_energy_over_lowest_window_energy,-8.430555905819808e-05,0.039674251994132916,0.03967434156632278,3.673895559454084,-7.133806906995291e-05,0.039038315557271934,0.03903838073830981,3.9174927702666373,0.9910672569435232,1.1309153651662762e-11
HFocusing_5_10_2um2_0_1579.npy,P0/data/dataset_Particles2SNR_F_c1/train/2um/HFocusing_5_10_2um2_0_1579.npy,2um,222,16384,5,31,3,1957.7041015625,3,peak_bin_energy_over_lowest_window_energy,-8.031574988659343e-05,0.028108554959265085,0.028108669703806786,-0.013575964742430724,-6.0657666604146264e-05,0.02703598895299515,0.027036056998367818,0.0021751079778704607,0.976776475088894,1.1553807575851182e-11
HFocusing_5_10_2um2_0_1580.npy,P0/data/dataset_Particles2SNR_F_c1/train/2um/HFocusing_5_10_2um2_0_1580.npy,2um,223,16384,3,31,6,1744.4805908203125,3,peak_bin_energy_over_lowest_window_energy,-8.139115290997192e-07,0.03465797410101731,0.034657974110574294,1.0694081473766577,-4.75134029865746e-06,0.03381504707377651,0.03381504740758108,1.1857780254357646,0.9845287463062562,1.1486726681194129e-11
HFocusing_5_10_2um2_0_1583.npy,P0/data/dataset_Particles2SNR_F_c1/train/2um/HFocusing_5_10_2um2_0_1583.npy,2um,224,16384,6,31,8,2154.260986328125,3,peak_bin_energy_over_lowest_window_energy,4.080856589106254e-05,0.030978774709190707,0.030978801587889803,0.5083002130821574,3.368838452430086e-05,0.030084956974845957,0.030084975836546457,0.5625172094810429,0.9824356307562168,1.0600728651691487e-11
HFocusing_5_10_2um2_0_1584.npy,P0/data/dataset_Particles2SNR_F_c1/train/2um/HFocusing_5_10_2um2_0_1584.npy,2um,225,16384,2,31,6,2085.58056640625,3,peak_bin_energy_over_lowest_window_energy,-0.00011448054046559315,0.032387434080903506,0.0323876364086516,0.5136290295055845,-8.435516943616127e-05,0.03129111693548378,0.03129123063838703,0.5304650254793297,0.9793084932743731,1.1225980080535604e-11
HFocusing_5_10_2um2_0_1586.npy,P0/data/dataset_Particles2SNR_F_c1/train/2um/HFocusing_5_10_2um2_0_1586.npy,2um,226,16384,8,31,17,2268.710205078125,3,peak_bin_energy_over_lowest_window_energy,-6.97930445156492e-06,0.037981030886138106,0.03798103152738835,4.641691157657544,-9.897523449923187e-06,0.03724310931415201,0.03724311062930763,4.864410164779723,0.9881199060019181,1.0068009562567701e-11
HFocusing_5_10_2um2_0_1587.npy,P0/data/dataset_Particles2SNR_F_c1/train/2um/HFocusing_5_10_2um2_0_1587.npy,2um,227,16384,1,31,6,2083.9443359375,3,peak_bin_energy_over_lowest_window_energy,-7.500890392658182e-05,0.03137813412602201,0.031378223779658,0.8382557554018901,-6.368134701015252e-05,0.03050429536281159,0.030504361833934596,0.9148630245715439,0.9811784970227626,1.0292207659713143e-11
HFocusing_5_10_2um2_0_1589.npy,P0/data/dataset_Particles2SNR_F_c1/train/2um/HFocusing_5_10_2um2_0_1589.npy,2um,228,16384,0,31,0,2198.038330078125,3,peak_bin_energy_over_lowest_window_energy,2.659077534839941e-05,0.028686004315408953,0.028686016639697377,0.2640303737445424,8.032531767490925e-06,0.027475843626417466,0.027475844800568222,0.2119355750298757,0.9740874176839234,1.2498983727586824e-11
HFocusing_5_10_2um2_0_159.npy,P0/data/dataset_Particles2SNR_F_c1/train/2um/HFocusing_5_10_2um2_0_159.npy,2um,229,16384,5,31,11,2031.8453369140625,3,peak_bin_energy_over_lowest_window_energy,1.4112559023080197e-05,0.041912120712019975,0.04191212308799515,3.4026389431982516,6.4501782283838956e-06,0.041234669578454376,0.04123467008294245,3.581202974706751,0.9892459973915737,8.91590838987223e-12
HFocusing_5_10_2um2_0_1590.npy,P0/data/dataset_Particles2SNR_F_c1/train/2um/HFocusing_5_10_2um2_0_1590.npy,2um,230,16384,5,31,10,1905.3316650390625,3,peak_bin_energy_over_lowest_window_energy,-2.3849958677491417e-06,0.03420039484503048,0.03420039492819041,2.518912590934777,1.880511628221012e-05,0.03333430692488415,0.03333431222921478,2.799345395077073,0.9844648887290234,1.0377202732820423e-11
HFocusing_5_10_2um2_0_1593.npy,P0/data/dataset_Particles2SNR_F_c1/train/2um/HFocusing_5_10_2um2_0_1593.npy,2um,231,16384,2,31,8,2004.1656494140625,3,peak_bin_energy_over_lowest_window_energy,8.507723498079554e-06,0.0342805063684706,0.034280507424192426,1.1369477632305207,1.1058123567580445e-06,0.03352984419568548,0.033529844213920294,1.2427265001082448,0.9861784150094666,1.2383567447915181e-11
HFocusing_5_10_2um2_0_1596.npy,P0/data/dataset_Particles2SNR_F_c1/train/2um/HFocusing_5_10_2um2_0_1596.npy,2um,232,16384,0,31,0,1967.4290771484375,3,peak_bin_energy_over_lowest_window_energy,-3.804375922136135e-05,0.02748585224723284,0.027485878575812892,-0.1672465884996348,-4.0531333468148455e-05,0.026486881690760505,0.026486912702112654,-0.16315939493609521,0.9761815005351394,1.023090378652617e-11
HFocusing_5_10_2um2_0_1597.npy,P0/data/dataset_Particles2SNR_F_c1/train/2um/HFocusing_5_10_2um2_0_1597.npy,2um,233,16384,7,31,11,2004.607421875,3,peak_bin_energy_over_lowest_window_energy,6.68509418909801e-05,0.03903449697117844,0.03903455421599394,1.6219519996393066,6.329152566021258e-05,0.03795708217635558,0.03795713494403695,1.677499893772822,0.9845190427369769,7.987820941266335e-12
HFocusing_5_10_2um2_0_16.npy,P0/data/dataset_Particles2SNR_F_c1/train/2um/HFocusing_5_10_2um2_0_16.npy,2um,234,16384,0,31,0,1753.5765380859375,3,peak_bin_energy_over_lowest_window_energy,-8.755172081011196e-05,0.027570916631820326,0.027571055642151312,-0.06511184611719623,-6.760255714462763e-05,0.02664611856684088,0.02664620432226464,-0.05249900850123668,0.980232744392124,9.845244545887534e-12
HFocusing_5_10_2um2_0_1600.npy,P0/data/dataset_Particles2SNR_F_c1/train/2um/HFocusing_5_10_2um2_0_1600.npy,2um,235,16384,0,31,0,1789.6339111328125,3,peak_bin_energy_over_lowest_window_energy,-9.533735959215165e-05,0.026795075156268933,0.02679524476175268,-0.16913217341189402,-7.746119046223483e-05,0.025718079580199286,0.025718196233979772,-0.15095553807258,0.9717339356746773,1.3476554560933106e-11
HFocusing_5_10_2um2_0_1601.npy,P0/data/dataset_Particles2SNR_F_c1/train/2um/HFocusing_5_10_2um2_0_1601.npy,2um,236,16384,6,31,10,1838.0699462890625,3,peak_bin_energy_over_lowest_window_energy,2.9081909800762114e-05,0.03261825588263815,0.032618268847115967,1.0450745980288039,3.5246511100834e-05,0.03171725901616386,0.03171727860039338,1.1704554142279724,0.9810027331172584,1.1466789280749022e-11
HFocusing_5_10_2um2_0_1604.npy,P0/data/dataset_Particles2SNR_F_c1/train/2um/HFocusing_5_10_2um2_0_1604.npy,2um,237,16384,5,31,2,1879.2408447265625,3,peak_bin_energy_over_lowest_window_energy,-5.906058763609959e-06,0.027454236307455443,0.027454236942722244,0.204778616791228,-1.142657081223592e-05,0.02635407664407143,0.02635407912123115,0.22182192960414682,0.976751337007409,1.194117808265562e-11
HFocusing_5_10_2um2_0_1605.npy,P0/data/dataset_Particles2SNR_F_c1/train/2um/HFocusing_5_10_2um2_0_1605.npy,2um,238,16384,0,31,0,1804.2779541015625,3,peak_bin_energy_over_lowest_window_energy,-0.00010471679404525094,0.030457501436671315,0.030457681451019715,0.6995554378759872,-6.236400265127075e-05,0.029426630972372504,0.02942669705646591,0.7874999761404724,0.9785345438158798,1.2787906396242028e-11
HFocusing_5_10_2um2_0_1607.npy,P0/data/dataset_Particles2SNR_F_c1/train/2um/HFocusing_5_10_2um2_0_1607.npy,2um,239,16384,0,31,0,1820.2965087890625,3,peak_bin_energy_over_lowest_window_energy,-0.00010335067541565756,0.027929753568956096,0.027929944786639387,0.07094137101141706,-8.869756190241629e-05,0.026780069677149673,0.02678021656317362,0.04683769703508167,0.9739308814805542,1.1774977860585742e-11
HFocusing_5_10_2um2_0_1608.npy,P0/data/dataset_Particles2SNR_F_c1/train/2um/HFocusing_5_10_2um2_0_1608.npy,2um,240,16384,4,31,4,2044.5733642578125,3,peak_bin_energy_over_lowest_window_energy,-1.9605011837279986e-05,0.0338864927107163,0.03388649838195027,0.97502683689014,1.293819337453463e-05,0.03307642193164462,0.03307642446210032,1.051245438449393,0.9835664404627177,1.066785459103157e-11
HFocusing_5_10_2um2_0_1619.npy,P0/data/dataset_Particles2SNR_F_c1/train/2um/HFocusing_5_10_2um2_0_1619.npy,2um,241,16384,5,31,5,1768.3521728515625,3,peak_bin_energy_over_lowest_window_energy,4.4179009241530865e-05,0.029410201641803975,0.029410234823891268,1.0303917074902165,2.645281955571325e-05,0.02831970615844516,0.028319718512943223,1.2103111746562396,0.9762998499316649,9.75341990598199e-12
HFocusing_5_10_2um2_0_1620.npy,P0/data/dataset_Particles2SNR_F_c1/train/2um/HFocusing_5_10_2um2_0_1620.npy,2um,242,16384,1,31,3,1844.8759765625,3,peak_bin_energy_over_lowest_window_energy,-9.245631867385853e-05,0.03310600556065666,0.03310613466342896,1.6804783829922245,-6.146855437532469e-05,0.032080161562601135,0.03208022045226261,1.8816482940006294,0.9808733343108694,1.1050185946461127e-11
HFocusing_5_10_2um2_0_1622.npy,P0/data/dataset_Particles2SNR_F_c1/train/2um/HFocusing_5_10_2um2_0_1622.npy,2um,243,16384,0,31,0,1997.9501953125,3,peak_bin_energy_over_lowest_window_energy,-0.00010545723066110136,0.028418950971665923,0.028419146636685808,0.03606394856690853,-6.368030532760964e-05,0.02722917911275108,0.027229253576540918,-0.008657987323278604,0.9718534800466359,1.3432901731498463e-11
HFocusing_5_10_2um2_0_1626.npy,P0/data/dataset_Particles2SNR_F_c1/train/2um/HFocusing_5_10_2um2_0_1626.npy,2um,244,16384,0,31,0,1964.5821533203125,3,peak_bin_energy_over_lowest_window_energy,9.580494129463351e-05,0.028225506632109477,0.02822566922547688,0.0018918009670132463,5.976990101137526e-05,0.027038015628053167,0.0270380816912723,0.005529984815505262,0.9742495773651889,1.4198007996328466e-11
HFocusing_5_10_2um2_0_1627.npy,P0/data/dataset_Particles2SNR_F_c1/train/2um/HFocusing_5_10_2um2_0_1627.npy,2um,245,16384,1,31,7,2053.604736328125,3,peak_bin_energy_over_lowest_window_energy,0.00011585974496725271,0.03414600600357197,0.03414620256304465,2.189368431636935,0.000108796399941723,0.033280109308748154,0.033280287142073546,2.3853081594210526,0.9834623251882981,1.1080990495497569e-11
HFocusing_5_10_2um2_0_1630.npy,P0/data/dataset_Particles2SNR_F_c1/train/2um/HFocusing_5_10_2um2_0_1630.npy,2um,246,16384,3,31,7,1751.3121337890625,3,peak_bin_energy_over_lowest_window_energy,-0.00010248208273234841,0.030392656366606235,0.030392829147611312,0.6971037677377474,-7.368153559437536e-05,0.02954085423951055,0.02954094612852973,0.7773928773823946,0.9836760247578323,1.0546102816714777e-11
HFocusing_5_10_2um2_0_1634.npy,P0/data/dataset_Particles2SNR_F_c1/train/2um/HFocusing_5_10_2um2_0_1634.npy,2um,247,16384,8,31,8,2177.4423828125,3,peak_bin_energy_over_lowest_window_energy,8.11168359447465e-05,0.034019531518169124,0.034019628226316295,2.13124654224191,5.637157153438622e-05,0.03314953047635273,0.033149578406922696,2.213489923791875,0.9838971832318025,1.0759831966837796e-11
HFocusing_5_10_2um2_0_1637.npy,P0/data/dataset_Particles2SNR_F_c1/train/2um/HFocusing_5_10_2um2_0_1637.npy,2um,248,16384,9,31,12,2335.890869140625,3,peak_bin_energy_over_lowest_window_energy,4.099809265940877e-06,0.030864089440000242,0.03086408971229786,0.04925469690206974,8.781697854699767e-06,0.02973807403250677,0.029738075329131017,0.08133915703009986,0.9778913534712538,9.053972678101306e-12
HFocusing_5_10_2um2_0_1638.npy,P0/data/dataset_Particles2SNR_F_c1/train/2um/HFocusing_5_10_2um2_0_1638.npy,2um,249,16384,9,31,13,2371.382568359375,3,peak_bin_energy_over_lowest_window_energy,-3.098607959316263e-05,0.0491497143491057,0.04914972411657886,3.290694715496093,-1.79351536784903e-05,0.047058004700627896,0.0470580081184282,3.1120267922034506,0.9785681494092039,9.186211703366213e-12
HFocusing_5_10_2um2_0_1641.npy,P0/data/dataset_Particles2SNR_F_c1/train/2um/HFocusing_5_10_2um2_0_1641.npy,2um,250,16384,7,31,9,2182.739990234375,3,peak_bin_energy_over_lowest_window_energy,0.00013773879626215933,0.03307195954640391,0.03307224637388535,0.46084982165209976,0.00010354928262610032,0.031524430551411194,0.03152460061673549,0.3112890080207178,0.9761722219156966,9.463334231217372e-12
HFocusing_5_10_2um2_0_1644.npy,P0/data/dataset_Particles2SNR_F_c1/train/2um/HFocusing_5_10_2um2_0_1644.npy,2um,251,16384,1,31,6,1950.9813232421875,3,peak_bin_energy_over_lowest_window_energy,-2.4482648678413522e-05,0.0324525357997456,0.032452545034771255,1.1457996389279792,-1.3027904283444504e-05,0.031607907939308136,0.03160791062417869,1.1527463838583287,0.9831777903346284,1.3201427073718196e-11
HFocusing_5_10_2um2_0_1645.npy,P0/data/dataset_Particles2SNR_F_c1/train/2um/HFocusing_5_10_2um2_0_1645.npy,2um,252,16384,2,31,6,1963.8096923828125,3,peak_bin_energy_over_lowest_window_energy,6.809025786093847e-05,0.03661497706517368,0.03661504037641376,6.595266551573376,5.268916395691171e-05,0.03579197535767605,0.03579201413936478,7.264915017670951,0.9836969140074291,9.210710263941406e-12
HFocusing_5_10_2um2_0_1648.npy,P0/data/dataset_Particles2SNR_F_c1/train/2um/HFocusing_5_10_2um2_0_1648.npy,2um,253,16384,6,31,9,2142.7080078125,3,peak_bin_energy_over_lowest_window_energy,-5.30910200653376e-06,0.031335327352023504,0.03133532780178048,0.4258603402790162,-1.804822723088754e-05,0.030349341212407913,0.03034934657889141,0.530585577946606,0.9782784671275291,1.211997022143957e-11
HFocusing_5_10_2um2_0_1649.npy,P0/data/dataset_Particles2SNR_F_c1/train/2um/HFocusing_5_10_2um2_0_1649.npy,2um,254,16384,2,31,4,1883.6263427734375,3,peak_bin_energy_over_lowest_window_energy,-7.828674370960463e-05,0.03115349178389184,0.031153590148540775,0.20862911330087686,-6.405254293789401e-05,0.0283777994697495,0.028377871757296592,0.048140995852330004,0.9343180822270439,9.351304776646236e-12
HFocusing_5_10_2um2_0_165.npy,P0/data/dataset_Particles2SNR_F_c1/train/2um/HFocusing_5_10_2um2_0_165.npy,2um,255,16384,0,31,0,1687.6744384765625,3,peak_bin_energy_over_lowest_window_energy,4.037412065671294e-05,0.027781602379130323,0.027781631716328657,-0.07043310339258824,3.4724512610701596e-05,0.02681043492666878,0.026810457414018836,-0.0789537600861081,0.9752393653630239,9.89497306117117e-12
HFocusing_5_10_2um2_0_1652.npy,P0/data/dataset_Particles2SNR_F_c1/train/2um/HFocusing_5_10_2um2_0_1652.npy,2um,256,16384,3,31,2,1725.9947509765625,3,peak_bin_energy_over_lowest_window_energy,-5.8764700898802994e-05,0.028454106953754662,0.028454167635441056,0.0729388684062866,-4.9945925150541215e-05,0.026854173533387232,0.026854219980418616,0.0019464520635685822,0.9642216852259744,1.468836500184124e-11
HFocusing_5_10_2um2_0_1656.npy,P0/data/dataset_Particles2SNR_F_c1/train/2um/HFocusing_5_10_2um2_0_1656.npy,2um,257,16384,9,31,9,1841.5076904296875,3,peak_bin_energy_over_lowest_window_energy,9.011292078800898e-05,0.03390842177007872,0.03390854150912482,1.0664502021430318,7.251961550772292e-05,0.03299073206924857,0.032990811774789346,1.1955818581416873,0.981205440957131,8.20402354254758e-12
HFocusing_5_10_2um2_0_166.npy,P0/data/dataset_Particles2SNR_F_c1/train/2um/HFocusing_5_10_2um2_0_166.npy,2um,258,16384,8,31,12,1903.9749755859375,3,peak_bin_energy_over_lowest_window_energy,6.511431955708713e-05,0.03802287992222615,0.038022935676439294,3.1802560007483525,6.099281188013439e-05,0.03724398696028078,0.03724403690284749,3.4058251783998115,0.9860614382760042,7.552962401050589e-12
HFocusing_5_10_2um2_0_1660.npy,P0/data/dataset_Particles2SNR_F_c1/train/2um/HFocusing_5_10_2um2_0_1660.npy,2um,259,16384,5,31,11,2241.029541015625,3,peak_bin_energy_over_lowest_window_energy,-6.091522044394845e-05,0.04112838535674663,0.04112843046746535,2.2672148994148085,-3.7416301925663225e-05,0.04026633394744202,0.04026635133143518,2.4501954814085556,0.9903604326179731,1.0335946549712498e-11
HFocusing_5_10_2um2_0_1667.npy,P0/data/dataset_Particles2SNR_F_c1/train/2um/HFocusing_5_10_2um2_0_1667.npy,2um,260,16384,8,31,11,2077.035400390625,3,peak_bin_energy_over_lowest_window_energy,-3.7079079183660126e-05,0.03748350550245498,0.03748352384195869,2.2722554295353214,-2.2011727247063426e-05,0.03673989701759606,0.036739903611464474,2.448013605780501,0.987641669091784,7.789813475798662e-12
HFocusing_5_10_2um2_0_1670.npy,P0/data/dataset_Particles2SNR_F_c1/train/2um/HFocusing_5_10_2um2_0_1670.npy,2um,261,16384,3,31,5,1869.2005615234375,3,peak_bin_energy_over_lowest_window_energy,-5.431515321904247e-05,0.029145564366869076,0.029145614977199877,0.6718925762338253,-4.7719585054803806e-05,0.02813399129409778,0.02813403176395391,0.8498038340643017,0.9782081013312776,1.1818520205636008e-11
HFocusing_5_10_2um2_0_1671.npy,P0/data/dataset_Particles2SNR_F_c1/train/2um/HFocusing_5_10_2um2_0_1671.npy,2um,262,16384,7,31,16,2138.910888671875,3,peak_bin_energy_over_lowest_window_energy,5.886482344203745e-05,0.041321889370098105,0.041321931297823744,1.4587601118070932,4.260122447214321e-05,0.037316593955943396,0.03731661827305736,0.9417962542105798,0.945442745410814,9.257744070662862e-12
HFocusing_5_10_2um2_0_1673.npy,P0/data/dataset_Particles2SNR_F_c1/train/2um/HFocusing_5_10_2um2_0_1673.npy,2um,263,16384,0,31,0,1950.6624755859375,3,peak_bin_energy_over_lowest_window_energy,-9.994810839907429e-05,0.027112515389981072,0.027112699614688554,0.09800213166478633,-7.584723036147556e-05,0.026124544171110764,0.02612465427428028,0.07520639341756397,0.9780104011541859,1.0904579011508361e-11
HFocusing_5_10_2um2_0_1674.npy,P0/data/dataset_Particles2SNR_F_c1/train/2um/HFocusing_5_10_2um2_0_1674.npy,2um,264,16384,4,31,8,2144.881103515625,3,peak_bin_energy_over_lowest_window_energy,-7.704943974509102e-05,0.03575491560407784,0.03575499862216322,2.3169803256170853,-5.5454063609930245e-05,0.03494267960415374,0.034942723606950166,2.5452115527689108,0.9848054134072751,1.012761915931461e-11
HFocusing_5_10_2um2_0_1677.npy,P0/data/dataset_Particles2SNR_F_c1/train/2um/HFocusing_5_10_2um2_0_1677.npy,2um,265,16384,8,31,8,2149.9658203125,3,peak_bin_energy_over_lowest_window_energy,-9.741444712806874e-05,0.033474774890385216,0.03347491663225577,0.41717684646565667,-8.414603403373251e-05,0.032398460501679535,0.03239856977451216,0.47461448739453127,0.981345857982776,9.4237781580556e-12
HFocusing_5_10_2um2_0_168.npy,P0/data/dataset_Particles2SNR_F_c1/train/2um/HFocusing_5_10_2um2_0_168.npy,2um,266,16384,3,31,3,2028.99951171875,3,peak_bin_energy_over_lowest_window_energy,3.6627125852805553e-05,0.02930808436698666,0.02930810725394522,0.5107608585018029,1.6558302114868075e-05,0.028254272412753963,0.028254277264716552,0.6639618756392447,0.9762361996265064,9.158462433922481e-12
HFocusing_5_10_2um2_0_1680.npy,P0/data/dataset_Particles2SNR_F_c1/train/2um/HFocusing_5_10_2um2_0_1680.npy,2um,267,16384,3,31,3,2383.719482421875,3,peak_bin_energy_over_lowest_window_energy,-7.620671766790357e-05,0.029626777454951368,0.029626875465175742,-0.11633465035630586,-5.949641283905533e-05,0.028479117448330996,0.02847917959596048,-0.09466509051524952,0.976026172444439,1.49133454369677e-11
HFocusing_5_10_2um2_0_1681.npy,P0/data/dataset_Particles2SNR_F_c1/train/2um/HFocusing_5_10_2um2_0_1681.npy,2um,268,16384,11,31,10,1589.4381103515625,3,peak_bin_energy_over_lowest_window_energy,5.741277343883731e-06,0.03185102781283507,0.03185102833027937,1.7041613525514068,-4.353049956137511e-06,0.03081331933583002,0.0308133196433114,1.9432180711689773,0.9808506640253086,1.146392622980676e-11
HFocusing_5_10_2um2_0_1684.npy,P0/data/dataset_Particles2SNR_F_c1/train/2um/HFocusing_5_10_2um2_0_1684.npy,2um,269,16384,0,31,0,1718.884765625,3,peak_bin_energy_over_lowest_window_energy,-2.574227176783149e-05,0.026785552388802265,0.02678556475861255,-0.039420568893537844,-1.721324084438619e-05,0.025714057825002967,0.02571406358635789,-0.009218687078725196,0.9765961650005865,9.328256292926548e-12
HFocusing_5_10_2um2_0_1688.npy,P0/data/dataset_Particles2SNR_F_c1/train/2um/HFocusing_5_10_2um2_0_1688.npy,2um,270,16384,0,31,0,2049.262939453125,3,peak_bin_energy_over_lowest_window_energy,-1.7234466974453658e-05,0.026620015555625317,0.026620021134638225,-0.0376312582163747,-2.5222064639067885e-05,0.02561700102411992,0.025617013440725398,-0.10071020033327249,0.9755362984294241,1.0848536294633953e-11
HFocusing_5_10_2um2_0_1689.npy,P0/data/dataset_Particles2SNR_F_c1/train/2um/HFocusing_5_10_2um2_0_1689.npy,2um,271,16384,2,31,1,2009.0447998046875,3,peak_bin_energy_over_lowest_window_energy,-7.975380051688545e-05,0.030962238279093262,0.030962340995474565,0.09973813582864732,-5.194791458395163e-05,0.027905016353180035,0.0279050647061976,-0.022676623956548347,0.9156362715778776,1.0615519010045476e-11
HFocusing_5_10_2um2_0_1692.npy,P0/data/dataset_Particles2SNR_F_c1/train/2um/HFocusing_5_10_2um2_0_1692.npy,2um,272,16384,1,31,8,1937.6890869140625,3,peak_bin_energy_over_lowest_window_energy,0.00015355426685907003,0.03534928028523051,0.0353496137969944,1.8833475785584426,0.0001447259168548944,0.03369426055218375,0.03369457136913089,1.7440021577277003,0.979640050700889,7.937206152225946e-12
HFocusing_5_10_2um2_0_1696.npy,P0/data/dataset_Particles2SNR_F_c1/train/2um/HFocusing_5_10_2um2_0_1696.npy,2um,273,16384,9,31,17,1944.3115234375,3,peak_bin_energy_over_lowest_window_energy,-7.411383687925093e-05,0.04467147294378914,0.04467153442437927,2.4432636835188317,-5.453975747936016e-05,0.04343970814041799,0.04343974237849303,2.5402832525148833,0.9880743589962303,8.797970627693173e-12
HFocusing_5_10_2um2_0_1698.npy,P0/data/dataset_Particles2SNR_F_c1/train/2um/HFocusing_5_10_2um2_0_1698.npy,2um,274,16384,6,31,5,1682.8350830078125,3,peak_bin_energy_over_lowest_window_energy,2.4288592143635607e-05,0.030875964460270442,0.03087597401358525,0.28060364828509954,1.7353199299273416e-05,0.02983015552087229,0.029830160568340116,0.39907875462138787,0.9784041228379385,8.925429808405007e-12
HFocusing_5_10_2um2_0_1699.npy,P0/data/dataset_Particles2SNR_F_c1/train/2um/HFocusing_5_10_2um2_0_1699.npy,2um,275,16384,7,31,6,2025.3271484375,3,peak_bin_energy_over_lowest_window_energy,-3.032488490651831e-05,0.03367649945885129,0.03367651311226647,0.7590095179960006,-1.9509964547281285e-05,0.032832314489709004,0.03283232028641704,0.8383517972460899,0.9852478066754855,1.1294884321741077e-11
HFocusing_5_10_2um2_0_17.npy,P0/data/dataset_Particles2SNR_F_c1/train/2um/HFocusing_5_10_2um2_0_17.npy,2um,276,16384,5,31,8,1863.193359375,3,peak_bin_energy_over_lowest_window_energy,0.00012424388380399744,0.03974623259736075,0.03974642678563905,3.2059481383360833,0.00010052382071654603,0.03881723608387562,0.038817366245404474,3.5731831400141685,0.986474107826467,1.025826495362246e-11
HFocusing_5_10_2um2_0_1702.npy,P0/data/dataset_Particles2SNR_F_c1/train/2um/HFocusing_5_10_2um2_0_1702.npy,2um,277,16384,11,31,12,2142.892333984375,3,peak_bin_energy_over_lowest_window_energy,-0.00014886905267485389,0.03925863958674833,0.039258921842009964,3.3235302025410682,-8.819994802727063e-05,0.03841412675351374,0.03841422800819836,3.3886986008850304,0.9862886714075243,9.243034340717459e-12
HFocusing_5_10_2um2_0_1705.npy,P0/data/dataset_Particles2SNR_F_c1/train/2um/HFocusing_5_10_2um2_0_1705.npy,2um,278,16384,9,31,9,2116.033935546875,3,peak_bin_energy_over_lowest_window_energy,-0.0001394147180238067,0.03253994915448225,0.03254024780852002,-0.04645024606381387,-0.00012819347427217378,0.03129776658469494,0.03129802911936938,-0.0269314159387557,0.972850000766165,7.323465536832841e-12
HFocusing_5_10_2um2_0_1709.npy,P0/data/dataset_Particles2SNR_F_c1/train/2um/HFocusing_5_10_2um2_0_1709.npy,2um,279,16384,0,31,0,1962.8388671875,3,peak_bin_energy_over_lowest_window_energy,4.9401738034353626e-05,0.027341678782669014,0.027341723412878962,0.22027986791613818,3.432836149954503e-05,0.026351776188564918,0.02635179854827029,0.1738387570895572,0.9751216439753064,1.225043977736443e-11
HFocusing_5_10_2um2_0_171.npy,P0/data/dataset_Particles2SNR_F_c1/train/2um/HFocusing_5_10_2um2_0_171.npy,2um,280,16384,8,31,14,2325.853515625,3,peak_bin_energy_over_lowest_window_energy,-5.89098367103527e-05,0.03737667825684262,0.03737672468106847,1.4539510158835594,-2.5848635027600932e-05,0.036286885577278945,0.03628689478379857,1.667949067691258,0.9842861779553213,8.727458192448578e-12
HFocusing_5_10_2um2_0_1710.npy,P0/data/dataset_Particles2SNR_F_c1/train/2um/HFocusing_5_10_2um2_0_1710.npy,2um,281,16384,2,31,7,1823.7401123046875,3,peak_bin_energy_over_lowest_window_energy,-0.0001405907142389484,0.035809597438439304,0.03580987342133464,3.595890030273657,-0.00010833765710086609,0.034994738639103434,0.03499490633602417,3.825342347368741,0.9866031172595731,9.689554876446169e-12
HFocusing_5_10_2um2_0_1713.npy,P0/data/dataset_Particles2SNR_F_c1/train/2um/HFocusing_5_10_2um2_0_1713.npy,2um,282,16384,5,31,8,1994.0814208984375,3,peak_bin_energy_over_lowest_window_energy,-3.9403973865124694e-05,0.04956056982664731,0.049560585491044605,16.710395285736677,-4.956860831747925e-05,0.04893177935098539,0.04893180445784164,17.47332817177705,0.9923358850641726,9.9301950678441e-12
HFocusing_5_10_2um2_0_1716.npy,P0/data/dataset_Particles2SNR_F_c1/train/2um/HFocusing_5_10_2um2_0_1716.npy,2um,283,16384,2,31,1,1923.8858642578125,3,peak_bin_energy_over_lowest_window_energy,-0.00013576698051946448,0.027644551724954017,0.027644885110028175,0.1892433603182302,-0.00010934937258879649,0.026413525612237275,0.02641375195903831,0.1652634854909203,0.9720875448942249,1.1885838023088968e-11
HFocusing_5_10_2um2_0_1717.npy,P0/data/dataset_Particles2SNR_F_c1/train/2um/HFocusing_5_10_2um2_0_1717.npy,2um,284,16384,5,31,9,2182.280517578125,3,peak_bin_energy_over_lowest_window_energy,-1.598529276402799e-05,0.03921804947079511,0.039218052728600857,5.088346380599072,-4.0788412872911495e-05,0.0384984515309943,0.03849847313828098,5.355458619721315,0.987498320054004,7.0553726621618536e-12
HFocusing_5_10_2um2_0_1719.npy,P0/data/dataset_Particles2SNR_F_c1/train/2um/HFocusing_5_10_2um2_0_1719.npy,2um,285,16384,0,31,0,2015.2200927734375,3,peak_bin_energy_over_lowest_window_energy,-4.9797370560737095e-05,0.026707768642026036,0.02670781506627047,-0.041654716108959544,-4.398216761075608e-05,0.025670593012640828,0.025670630690571506,-0.03471065713357113,0.976357918141229,1.479479603160649e-11
HFocusing_5_10_2um2_0_1720.npy,P0/data/dataset_Particles2SNR_F_c1/train/2um/HFocusing_5_10_2um2_0_1720.npy,2um,286,16384,6,31,11,2237.556884765625,3,peak_bin_energy_over_lowest_window_energy,-4.1114788819291644e-05,0.04055765116373107,0.04055767200351564,2.1613571450601654,-3.262416828725633e-05,0.039583920585185575,0.03958393402923255,2.3433277501727803,0.9877195775351951,1.0615561952230518e-11
HFocusing_5_10_2um2_0_1724.npy,P0/data/dataset_Particles2SNR_F_c1/train/2um/HFocusing_5_10_2um2_0_1724.npy,2um,287,16384,11,31,16,2441.281005859375,3,peak_bin_energy_over_lowest_window_energy,1.2332874866015566e-05,0.03902612763479026,0.03902612958348218,2.0286674254981483,8.28944490762165e-06,0.038290673857420444,0.038290674754700244,2.1601294604498804,0.987732964765546,1.021436217331023e-11
HFocusing_5_10_2um2_0_1728.npy,P0/data/dataset_Particles2SNR_F_c1/train/2um/HFocusing_5_10_2um2_0_1728.npy,2um,288,16384,7,31,12,1781.521484375,3,peak_bin_energy_over_lowest_window_energy,8.803029343737394e-05,0.03548827020204886,0.035488379383485404,1.342004201700954,6.315633902619365e-05,0.03463052413445651,0.03463058172411105,1.4432520113900535,0.9840775229468752,7.845703236716951e-12
HFocusing_5_10_2um2_0_1730.npy,P0/data/dataset_Particles2SNR_F_c1/train/2um/HFocusing_5_10_2um2_0_1730.npy,2um,289,16384,0,31,0,1975.6484375,3,peak_bin_energy_over_lowest_window_energy,5.640838895553109e-05,0.028016503214097266,0.028016560000326002,-0.03456331986773087,5.145630467003202e-05,0.026695766151353724,0.026695815742528897,-0.018978259918188023,0.9719174829951872,9.594622448571482e-12
HFocusing_5_10_2um2_0_1737.npy,P0/data/dataset_Particles2SNR_F_c1/train/2um/HFocusing_5_10_2um2_0_1737.npy,2um,290,16384,9,31,15,2368.423583984375,3,peak_bin_energy_over_lowest_window_energy,6.283460312086853e-05,0.049944855230321945,0.04994489475577225,3.168229706801718,4.843046480810194e-05,0.046601601541051314,0.046601626706595095,2.877878812994007,0.9781664575800211,9.907837023723784e-12
HFocusing_5_10_2um2_0_1741.npy,P0/data/dataset_Particles2SNR_F_c1/train/2um/HFocusing_5_10_2um2_0_1741.npy,2um,291,16384,3,31,9,1880.9178466796875,3,peak_bin_energy_over_lowest_window_energy,1.0805065454364655e-06,0.032243817520843474,0.03224381753894763,0.7892875814693148,6.777062138075223e-06,0.03131006793142073,0.031310068664868046,0.8239433751379179,0.984833081132554,6.119536260760391e-12
HFocusing_5_10_2um2_0_1744.npy,P0/data/dataset_Particles2SNR_F_c1/train/2um/HFocusing_5_10_2um2_0_1744.npy,2um,292,16384,0,31,0,1938.5572509765625,3,peak_bin_energy_over_lowest_window_energy,-2.9221147171707045e-05,0.026581771687626102,0.026581787748917916,-0.0051332938112356175,-3.0521481639300655e-05,0.02568995445651477,0.025689972587347083,-0.02927585920949438,0.9799199345018096,1.0163318330292346e-11
HFocusing_5_10_2um2_0_1748.npy,P0/data/dataset_Particles2SNR_F_c1/train/2um/HFocusing_5_10_2um2_0_1748.npy,2um,293,16384,0,31,0,1836.5787353515625,3,peak_bin_energy_over_lowest_window_energy,-1.5013012637640805e-05,0.027045217044461233,0.02704522121138159,-0.1519893181281038,-2.2307432904946785e-05,0.02599955365134491,0.025999563221152877,-0.19396344097716733,0.9749015293370307,1.1923378461359222e-11
HFocusing_5_10_2um2_0_1749.npy,P0/data/dataset_Particles2SNR_F_c1/train/2um/HFocusing_5_10_2um2_0_1749.npy,2um,294,16384,9,31,22,2541.949462890625,3,peak_bin_energy_over_lowest_window_energy,-6.989316920927194e-05,0.04228196427667997,0.04228202204423936,1.4986388957108838,-5.663333248889482e-05,0.04155568419971465,0.04155572279049857,1.5688473160407481,0.9878852192000303,1.040013193151733e-11
HFocusing_5_10_2um2_0_175.npy,P0/data/dataset_Particles2SNR_F_c1/train/2um/HFocusing_5_10_2um2_0_175.npy,2um,295,16384,7,31,14,2266.728759765625,3,peak_bin_energy_over_lowest_window_energy,-5.3295839464596276e-05,0.042013145801152035,0.042013179605397195,3.994251248054203,-4.165480597119539e-05,0.04118113336456214,0.04118115443152018,4.3493371821765585,0.9887947207091863,9.531818613962615e-12
HFocusing_5_10_2um2_0_1752.npy,P0/data/dataset_Particles2SNR_F_c1/train/2um/HFocusing_5_10_2um2_0_1752.npy,2um,296,16384,5,31,6,1629.3411865234375,3,peak_bin_energy_over_lowest_window_energy,-5.0516734614488485e-05,0.029477833807320653,0.029477877093042042,0.013787493332524825,-4.497348148124366e-05,0.0284117870692533,0.028411822663859942,0.018644269671736602,0.9777999798894903,1.2162882169513622e-11
HFocusing_5_10_2um2_0_1760.npy,P0/data/dataset_Particles2SNR_F_c1/train/2um/HFocusing_5_10_2um2_0_1760.npy,2um,297,16384,5,31,7,1906.20361328125,3,peak_bin_energy_over_lowest_window_energy,-1.0043732971917561e-05,0.033932978446210134,0.033932979932619144,0.3941683932210842,-1.4149304763565444e-05,0.03109292245228238,0.03109292567170981,0.41855259138120804,0.920674614776598,8.946441919981478e-12
HFocusing_5_10_2um2_0_1764.npy,P0/data/dataset_Particles2SNR_F_c1/train/2um/HFocusing_5_10_2um2_0_1764.npy,2um,298,16384,7,31,13,2343.579833984375,3,peak_bin_energy_over_lowest_window_energy,-2.3715512540763858e-05,0.049383192503430526,0.0493831981979338,4.092484663485421,-2.2222680988562583e-05,0.046857271857300736,0.04685727712700065,4.327433777049752,0.9747719416797994,5.353044956973412e-12
HFocusing_5_10_2um2_0_1767.npy,P0/data/dataset_Particles2SNR_F_c1/train/2um/HFocusing_5_10_2um2_0_1767.npy,2um,299,16384,2,31,8,1933.7130126953125,3,peak_bin_energy_over_lowest_window_energy,-4.823286911360583e-05,0.03429955588793809,0.03429958980103773,0.9192439813545947,-2.44345069364812e-05,0.03344979360162501,0.03344980252612027,1.0330094277879232,0.9827767618806054,1.053972611630781e-11
HFocusing_5_10_2um2_0_1771.npy,P0/data/dataset_Particles2SNR_F_c1/train/2um/HFocusing_5_10_2um2_0_1771.npy,2um,300,16384,4,31,5,1862.5760498046875,3,peak_bin_energy_over_lowest_window_energy,3.151788347758032e-05,0.029416322120814357,0.02941633900560182,0.4254703864785987,2.0574353154373038e-05,0.028405359061629346,0.02840536651275769,0.4817603388057461,0.977116092798187,7.236677739066039e-12
HFocusing_5_10_2um2_0_1773.npy,P0/data/dataset_Particles2SNR_F_c1/train/2um/HFocusing_5_10_2um2_0_1773.npy,2um,301,16384,1,31,1,1671.0517578125,3,peak_bin_energy_over_lowest_window_energy,-6.168392850462846e-05,0.026664288042736593,0.026664359391012218,0.025140653401789947,-5.980150092599961e-05,0.025607644967982526,0.025607714795072088,0.0318347121775977,0.9754003485378013,1.2686660618425868e-11
HFocusing_5_10_2um2_0_1774.npy,P0/data/dataset_Particles2SNR_F_c1/train/2um/HFocusing_5_10_2um2_0_1774.npy,2um,302,16384,1,31,8,2131.707763671875,3,peak_bin_energy_over_lowest_window_energy,1.1372546092362518e-05,0.037164424834977144,0.03716442657501217,2.1223671929932744,4.446076524588015e-05,0.03618478913446864,0.03618481644924575,2.3373855074846945,0.9848866159005264,9.937418268093595e-12
HFocusing_5_10_2um2_0_1777.npy,P0/data/dataset_Particles2SNR_F_c1/train/2um/HFocusing_5_10_2um2_0_1777.npy,2um,303,16384,6,31,7,2159.092529296875,3,peak_bin_energy_over_lowest_window_energy,-2.569312122088939e-05,0.03215259881123961,0.03215260907691636,1.2397310235475052,6.839996514784089e-06,0.030588277146826402,0.03058827791158918,1.5982522208585008,0.9644967049651378,9.160637318495435e-12
HFocusing_5_10_2um2_0_1780.npy,P0/data/dataset_Particles2SNR_F_c1/train/2um/HFocusing_5_10_2um2_0_1780.npy,2um,304,16384,5,31,9,2231.912109375,3,peak_bin_energy_over_lowest_window_energy,1.0102482372862959e-05,0.03174590947402425,0.031745911081477764,0.4743635087940863,2.1703371153493036e-05,0.030839188765224193,0.03083919640219974,0.5031061824572376,0.9820269915486775,7.940438287023135e-12
HFocusing_5_10_2um2_0_1781.npy,P0/data/dataset_Particles2SNR_F_c1/train/2um/HFocusing_5_10_2um2_0_1781.npy,2um,305,16384,5,31,11,2359.564208984375,3,peak_bin_energy_over_lowest_window_energy,3.107897236079951e-05,0.03315744504041133,0.03315745960580244,0.5568691570684696,2.8196803345038115e-05,0.03217822934029397,0.03217824169429204,0.6192790230926271,0.9805298285662132,8.998398827438107e-12
HFocusing_5_10_2um2_0_1784.npy,P0/data/dataset_Particles2SNR_F_c1/train/2um/HFocusing_5_10_2um2_0_1784.npy,2um,306,16384,0,31,0,1759.6573486328125,3,peak_bin_energy_over_lowest_window_energy,-0.00013622229163942997,0.028193117952698916,0.028193447047275604,0.010136831634045773,-0.00010046003252768279,0.027017948247165805,0.027018135015294178,-0.04987528127427776,0.9686914419059582,1.3786740387490823e-11
HFocusing_5_10_2um2_0_1785.npy,P0/data/dataset_Particles2SNR_F_c1/train/2um/HFocusing_5_10_2um2_0_1785.npy,2um,307,16384,7,31,12,2354.692138671875,3,peak_bin_energy_over_lowest_window_energy,8.347012437245405e-05,0.03749649845399428,0.037496591359376365,1.0450134477063928,6.150932018909277e-05,0.03564176853514598,0.03564182161042548,1.3994822683916386,0.9678592286813248,1.2212413554056382e-11
HFocusing_5_10_2um2_0_1789.npy,P0/data/dataset_Particles2SNR_F_c1/train/2um/HFocusing_5_10_2um2_0_1789.npy,2um,308,16384,5,31,8,2128.997314453125,3,peak_bin_energy_over_lowest_window_energy,-7.102492654678793e-05,0.04024670634816683,0.04024676901834187,3.8610656349790906,-7.575795528131485e-05,0.039673566383638455,0.03967363871470268,4.072246180134502,0.9893658566170599,8.222494594236077e-12
HFocusing_5_10_2um2_0_1792.npy,P0/data/dataset_Particles2SNR_F_c1/train/2um/HFocusing_5_10_2um2_0_1792.npy,2um,309,16384,4,31,8,1776.7489013671875,3,peak_bin_energy_over_lowest_window_energy,-6.971335884481541e-05,0.03255453213421425,0.03255460677738236,0.26876264282231155,-6.984634968292447e-05,0.03131967816402487,0.031319756046474245,0.2611800263807251,0.9819549465730958,8.87384073837612e-12
HFocusing_5_10_2um2_0_1798.npy,P0/data/dataset_Particles2SNR_F_c1/train/2um/HFocusing_5_10_2um2_0_1798.npy,2um,310,16384,8,31,13,2480.860107421875,3,peak_bin_energy_over_lowest_window_energy,0.00010734240962193697,0.1265880969650413,0.1265881424763931,32.18685894831028,8.67653038836381e-05,0.12632818450016023,0.126328214296429,32.498090992130976,0.9986483330143135,5.480053982098729e-12
HFocusing_5_10_2um2_0_1801.npy,P0/data/dataset_Particles2SNR_F_c1/train/2um/HFocusing_5_10_2um2_0_1801.npy,2um,311,16384,6,31,11,2117.955322265625,3,peak_bin_energy_over_lowest_window_energy,0.0001045486283817464,0.033350265608761614,0.033350429481352174,0.8823463570459662,7.353389579907431e-05,0.032494866700612746,0.032494949901860484,1.0069851463294786,0.982681634043298,1.300047482870306e-11
HFocusing_5_10_2um2_0_1802.npy,P0/data/dataset_Particles2SNR_F_c1/train/2um/HFocusing_5_10_2um2_0_1802.npy,2um,312,16384,6,31,10,2188.927001953125,3,peak_bin_energy_over_lowest_window_energy,6.0388679952367494e-05,0.031781537583579315,0.031781594956344326,0.309667506197286,5.7586888470637936e-05,0.030881135964774663,0.030881189658506083,0.3461204685657209,0.9834556659067113,9.151597405308047e-12
HFocusing_5_10_2um2_0_1805.npy,P0/data/dataset_Particles2SNR_F_c1/train/2um/HFocusing_5_10_2um2_0_1805.npy,2um,313,16384,14,31,9,2080.93701171875,3,peak_bin_energy_over_lowest_window_energy,2.2383724825423998e-05,0.03175158555310619,0.03175159344296533,2.06605736227053,3.3091525956057446e-05,0.030781656501775143,0.030781674289134534,2.2114386232730565,0.9817305633754052,8.711223385217499e-12
HFocusing_5_10_2um2_0_1806.npy,P0/data/dataset_Particles2SNR_F_c1/train/2um/HFocusing_5_10_2um2_0_1806.npy,2um,314,16384,3,31,7,2102.138427734375,3,peak_bin_energy_over_lowest_window_energy,-3.213265584933256e-05,0.03833127201340886,0.03833128548162079,3.2733068337657523,-5.098847909281806e-06,0.037504871793344656,0.037504872139942955,3.6002622757263634,0.986145019297952,1.0010009991093408e-11
HFocusing_5_10_2um2_0_1809.npy,P0/data/dataset_Particles2SNR_F_c1/train/2um/HFocusing_5_10_2um2_0_1809.npy,2um,315,16384,6,31,3,2196.6572265625,3,peak_bin_energy_over_lowest_window_energy,9.748221920457181e-05,0.029078107525923002,0.029078270926452984,-0.18736546811828214,8.632949098841321e-05,0.028029410329469626,0.02802954327488753,-0.21898768293310944,0.9764619610114496,1.1257625927865021e-11
HFocusing_5_10_2um2_0_181.npy,P0/data/dataset_Particles2SNR_F_c1/train/2um/HFocusing_5_10_2um2_0_181.npy,2um,316,16384,3,31,2,2054.851806640625,3,peak_bin_energy_over_lowest_window_energy,5.74770179040771e-05,0.02902321382575491,0.029023270738892926,0.33793368489630904,3.419461412613222e-05,0.0280446691141614,0.02804468996074718,0.393770170255356,0.9809524668822159,1.082397289489346e-11
HFocusing_5_10_2um2_0_1810.npy,P0/data/dataset_Particles2SNR_F_c1/train/2um/HFocusing_5_10_2um2_0_1810.npy,2um,317,16384,2,31,6,1768.5657958984375,3,peak_bin_energy_over_lowest_window_energy,4.128105965587745e-05,0.031711936211572464,0.03171196308040118,2.207278125907254,4.80823739702362e-05,0.03076881377185719,0.03076885134095706,2.371867318489401,0.9816917805667804,6.5781240033730625e-12
HFocusing_5_10_2um2_0_1813.npy,P0/data/dataset_Particles2SNR_F_c1/train/2um/HFocusing_5_10_2um2_0_1813.npy,2um,318,16384,6,31,10,1830.79931640625,3,peak_bin_energy_over_lowest_window_energy,-1.2128728726209506e-05,0.03581583454847067,0.03581583660211619,1.1191574572580913,2.054867058989325e-05,0.03467248785123759,0.034672493940327995,1.2666711570292541,0.9841691808570343,6.315189995045042e-12
HFocusing_5_10_2um2_0_1819.npy,P0/data/dataset_Particles2SNR_F_c1/train/2um/HFocusing_5_10_2um2_0_1819.npy,2um,319,16384,5,31,12,2323.643798828125,3,peak_bin_energy_over_lowest_window_energy,1.4845622381212557e-05,0.03594205044133901,0.035942053507281156,2.46374821531111,-6.7349162466891565e-06,0.03457301856740844,0.03457301922339826,2.674446041699004,0.9764848685227742,1.2104816197388896e-11
HFocusing_5_10_2um2_0_1822.npy,P0/data/dataset_Particles2SNR_F_c1/train/2um/HFocusing_5_10_2um2_0_1822.npy,2um,320,16384,0,31,0,2049.6953125,3,peak_bin_energy_over_lowest_window_energy,-1.8511713410287537e-05,0.027191258418014664,0.02719126471936873,-0.0857936874329468,-2.4956135304077065e-05,0.02607724209247867,0.026077254034089375,-0.0856806350528374,0.9708216223483004,1.5738890237996236e-11
HFocusing_5_10_2um2_0_1823.npy,P0/data/dataset_Particles2SNR_F_c1/train/2um/HFocusing_5_10_2um2_0_1823.npy,2um,321,16384,8,31,12,2330.501708984375,3,peak_bin_energy_over_lowest_window_energy,4.01461014368274e-05,0.03644202693150294,0.0364420490448307,1.3298719485304735,3.4948941847752856e-05,0.03548975478681275,0.03548977199499364,1.4056792520987589,0.9862645995309449,9.249835797922648e-12
HFocusing_5_10_2um2_0_1826.npy,P0/data/dataset_Particles2SNR_F_c1/train/2um/HFocusing_5_10_2um2_0_1826.npy,2um,322,16384,0,31,0,1638.78515625,3,peak_bin_energy_over_lowest_window_energy,3.8070206558203897e-06,0.025251101467988597,0.025251101754974224,0.26674559679275234,8.47726172779981e-06,0.024217084879821955,0.0242170863635671,0.2743149178919455,0.9751644317042885,1.4638186375269313e-11
HFocusing_5_10_2um2_0_1827.npy,P0/data/dataset_Particles2SNR_F_c1/train/2um/HFocusing_5_10_2um2_0_1827.npy,2um,323,16384,6,31,6,1831.55224609375,3,peak_bin_energy_over_lowest_window_energy,1.9715246216037857e-05,0.035073709798504715,0.03507371533956247,1.0561968693489963,1.3350223038840868e-05,0.03422778886799191,0.034227791471555476,1.1548624583591378,0.9842224521463393,9.850650175822865e-12
HFocusing_5_10_2um2_0_1830.npy,P0/data/dataset_Particles2SNR_F_c1/train/2um/HFocusing_5_10_2um2_0_1830.npy,2um,324,16384,0,31,0,1765.013671875,3,peak_bin_energy_over_lowest_window_energy,4.599218790410863e-05,0.027555211074300763,0.0275552494568751,0.15118377187285548,2.260500826197205e-05,0.02632828386261192,0.02632829356674431,0.16284736915713838,0.9732289522386772,1.551324446214883e-11
HFocusing_5_10_2um2_0_1833.npy,P0/data/dataset_Particles2SNR_F_c1/train/2um/HFocusing_5_10_2um2_0_1833.npy,2um,325,16384,0,31,0,1784.2020263671875,3,peak_bin_energy_over_lowest_window_energy,6.812689570101713e-05,0.026808425182983694,0.02680851174656199,-0.09594669045993554,5.4341030637507695e-05,0.02587298868312414,0.02587304574928666,-0.11547912043458286,0.9776925049909261,1.1293257800447489e-11
HFocusing_5_10_2um2_0_1834.npy,P0/data/dataset_Particles2SNR_F_c1/train/2um/HFocusing_5_10_2um2_0_1834.npy,2um,326,16384,8,31,12,1746.7906494140625,3,peak_bin_energy_over_lowest_window_energy,4.803206887064556e-05,0.03775045210579386,0.03775048266276176,2.72544431228515,5.173698271617151e-05,0.036790946794883525,0.03679098317223027,3.1356194864784754,0.9848961904244673,1.6110637146864566e-11
HFocusing_5_10_2um2_0_1837.npy,P0/data/dataset_Particles2SNR_F_c1/train/2um/HFocusing_5_10_2um2_0_1837.npy,2um,327,16384,0,31,0,2097.710693359375,3,peak_bin_energy_over_lowest_window_energy,4.13699284021258e-05,0.028703744012187758,0.028703773824850634,0.1423189423498612,2.7068692228979225e-05,0.02757301142410599,0.027573024710901388,0.0566581367573491,0.9748712383184386,1.3556471912320859e-11
HFocusing_5_10_2um2_0_1838.npy,P0/data/dataset_Particles2SNR_F_c1/train/2um/HFocusing_5_10_2um2_0_1838.npy,2um,328,16384,9,31,8,2017.5845947265625,3,peak_bin_energy_over_lowest_window_energy,0.00010426367588105781,0.032652485946692296,0.032652652410073,1.22757960516351,7.950509841627305e-05,0.03174780670279667,0.03174790625378019,1.4562733408926238,0.9800399461664717,1.0701647964560158e-11
HFocusing_5_10_2um2_0_1841.npy,P0/data/dataset_Particles2SNR_F_c1/train/2um/HFocusing_5_10_2um2_0_1841.npy,2um,329,16384,8,31,18,2610.745361328125,3,peak_bin_energy_over_lowest_window_energy,5.0988659900707355e-05,0.04165842337869139,0.041658454582974395,1.2089946869372588,4.1220428534266485e-05,0.04065758112967696,0.040657602025205485,1.3293504081565573,0.9877508291335503,9.353262215872901e-12
HFocusing_5_10_2um2_0_1847.npy,P0/data/dataset_Particles2SNR_F_c1/train/2um/HFocusing_5_10_2um2_0_1847.npy,2um,330,16384,1,31,7,1773.4859619140625,3,peak_bin_energy_over_lowest_window_energy,7.805773444561855e-05,0.030279596667525353,0.03027969727982628,0.9604336465143759,6.818107435994742e-05,0.02937913743045069,0.02937921654530988,1.0580335661738784,0.981658550985457,1.3582558917184073e-11
HFocusing_5_10_2um2_0_185.npy,P0/data/dataset_Particles2SNR_F_c1/train/2um/HFocusing_5_10_2um2_0_185.npy,2um,331,16384,0,31,0,2119.568603515625,3,peak_bin_energy_over_lowest_window_energy,-4.180029755102347e-05,0.0276019923765389,0.027602024027585128,-0.007178958693250692,-4.222178244667897e-05,0.026463455407769492,0.026463489089647973,-0.04100727571807017,0.9719776656188461,8.420476263382615e-12
HFocusing_5_10_2um2_0_1850.npy,P0/data/dataset_Particles2SNR_F_c1/train/2um/HFocusing_5_10_2um2_0_1850.npy,2um,332,16384,0,31,0,1735.62109375,3,peak_bin_energy_over_lowest_window_energy,2.9748322820033475e-05,0.026510307488530505,0.026510324179442754,-0.08313314671722694,3.160036117222655e-05,0.025558997198824488,0.02555901673367628,-0.07860731622938477,0.9789832350262337,1.1765729606717642e-11
HFocusing_5_10_2um2_0_1851.npy,P0/data/dataset_Particles2SNR_F_c1/train/2um/HFocusing_5_10_2um2_0_1851.npy,2um,333,16384,4,31,10,2188.099609375,3,peak_bin_energy_over_lowest_window_energy,0.00013158136276815186,0.038467469972006806,0.03846769501415796,4.33383126731807,0.00011474147542285204,0.037089685683894785,0.03708986316685857,4.382600856731101,0.9833278801128499,7.393469346965001e-12
HFocusing_5_10_2um2_0_1855.npy,P0/data/dataset_Particles2SNR_F_c1/train/2um/HFocusing_5_10_2um2_0_1855.npy,2um,334,16384,0,31,0,2033.7930908203125,3,peak_bin_energy_over_lowest_window_energy,-3.898724744020243e-05,0.029308434151835802,0.029308460083019686,-0.06004798008153012,-3.670465688160574e-05,0.027307893948754765,0.027307918616186658,0.021471218278823923,0.9203812990321711,1.1522334956933245e-11
HFocusing_5_10_2um2_0_1858.npy,P0/data/dataset_Particles2SNR_F_c1/train/2um/HFocusing_5_10_2um2_0_1858.npy,2um,335,16384,5,31,2,1959.4583740234375,3,peak_bin_energy_over_lowest_window_energy,-7.278838204262537e-06,0.028711390842792395,0.028711391765448582,-0.014805396793265757,-2.929418934500677e-05,0.02764363267048957,0.02764364819213426,-0.056617157062735846,0.974713373283159,1.075502430651823e-11
HFocusing_5_10_2um2_0_1859.npy,P0/data/dataset_Particles2SNR_F_c1/train/2um/HFocusing_5_10_2um2_0_1859.npy,2um,336,16384,7,31,11,1969.4678955078125,3,peak_bin_energy_over_lowest_window_energy,6.562440432598249e-05,0.03340251870691137,0.03340258317148551,0.22221224246326088,3.894846930388904e-05,0.0322404384944229,0.03224046202050968,0.25745860625270556,0.9816061862112775,1.1306371330778395e-11
HFocusing_5_10_2um2_0_1863.npy,P0/data/dataset_Particles2SNR_F_c1/train/2um/HFocusing_5_10_2um2_0_1863.npy,2um,337,16384,1,31,7,1969.9110107421875,3,peak_bin_energy_over_lowest_window_energy,2.31919944144948e-05,0.033615246450373455,0.033615254450739325,0.9892306647838516,1.5025005508709123e-05,0.031940782187921055,0.031940785721816634,0.8658510934379691,0.9786230964452337,1.3806821481619136e-11
HFocusing_5_10_2um2_0_1867.npy,P0/data/dataset_Particles2SNR_F_c1/train/2um/HFocusing_5_10_2um2_0_1867.npy,2um,338,16384,4,31,9,2091.161376953125,3,peak_bin_energy_over_lowest_window_energy,0.00010568489001348938,0.03323165517072632,0.03323182322235779,1.2038833222301353,7.299219240348435e-05,0.032359177521277,0.03235925984496046,1.3106502405175036,0.9850905280802558,1.1776780400230691e-11
HFocusing_5_10_2um2_0_1870.npy,P0/data/dataset_Particles2SNR_F_c1/train/2um/HFocusing_5_10_2um2_0_1870.npy,2um,339,16384,2,31,6,2025.8282470703125,3,peak_bin_energy_over_lowest_window_energy,2.5493585642187978e-05,0.032439685920943144,0.03243969593834606,0.9800645050311227,3.0379154802596023e-05,0.030687116671359014,0.03068713170849708,0.9195676468609562,0.9751289592343834,1.1360496992821241e-11
HFocusing_5_10_2um2_0_1873.npy,P0/data/dataset_Particles2SNR_F_c1/train/2um/HFocusing_5_10_2um2_0_1873.npy,2um,340,16384,3,31,6,2103.314453125,3,peak_bin_energy_over_lowest_window_energy,-8.88345276825189e-06,0.029945229494187736,0.02994523081185557,0.5081114121557015,-1.5287003156011163e-05,0.02900004396013811,0.02900004798931216,0.538585154952699,0.9802532248619032,9.085195786384168e-12
HFocusing_5_10_2um2_0_1874.npy,P0/data/dataset_Particles2SNR_F_c1/train/2um/HFocusing_5_10_2um2_0_1874.npy,2um,341,16384,3,31,9,1916.7711181640625,3,peak_bin_energy_over_lowest_window_energy,-5.81213054667446e-05,0.03491068064559338,0.034910729027402984,0.9443414559286429,-3.4894039580971064e-05,0.03386562058398475,0.03386563856082459,0.9961118198776542,0.9836188276398877,8.495236949800278e-12
HFocusing_5_10_2um2_0_1877.npy,P0/data/dataset_Particles2SNR_F_c1/train/2um/HFocusing_5_10_2um2_0_1877.npy,2um,342,16384,3,31,9,2131.533203125,3,peak_bin_energy_over_lowest_window_energy,-4.21230226350987e-05,0.039274487364974985,0.039274509954048006,3.249348713811119,-3.59975624381246e-05,0.03856349756858156,0.03856351436975755,3.4841369643879947,0.9888236174390499,7.393086150291341e-12
HFocusing_5_10_2um2_0_1880.npy,P0/data/dataset_Particles2SNR_F_c1/train/2um/HFocusing_5_10_2um2_0_1880.npy,2um,343,16384,4,31,3,1730.0455322265625,3,peak_bin_energy_over_lowest_window_energy,-1.7491489780601502e-05,0.02995884080565915,0.029958845911867878,0.20742457750684995,5.4750672928722405e-06,0.028936578057434676,0.02893657857540127,0.2549565267411511,0.976829325521093,1.1139135700991032e-11
HFocusing_5_10_2um2_0_1881.npy,P0/data/dataset_Particles2SNR_F_c1/train/2um/HFocusing_5_10_2um2_0_1881.npy,2um,344,16384,7,31,10,2446.628662109375,3,peak_bin_energy_over_lowest_window_energy,4.5498692663888734e-05,0.03661730477176855,0.036617333038871325,2.050335877123966,2.4561946907082954e-05,0.034546207261545475,0.034546215993172,2.4350642692287234,0.9666968648633502,1.4855018596374908e-11
HFocusing_5_10_2um2_0_1884.npy,P0/data/dataset_Particles2SNR_F_c1/train/2um/HFocusing_5_10_2um2_0_1884.npy,2um,345,16384,0,31,0,2000.8446044921875,3,peak_bin_energy_over_lowest_window_energy,-3.712763986014841e-05,0.027265950837351303,0.027265976115417177,0.027360116337623364,-2.4051878872618857e-05,0.02626566597509446,0.026265676987431947,0.008077106811597456,0.9756101663589953,8.194225391475307e-12
HFocusing_5_10_2um2_0_1885.npy,P0/data/dataset_Particles2SNR_F_c1/train/2um/HFocusing_5_10_2um2_0_1885.npy,2um,346,16384,2,31,7,1786.37255859375,3,peak_bin_energy_over_lowest_window_energy,-7.093077054421266e-06,0.031769937596244434,0.0317699383880581,1.3582728745953272,1.523924916924346e-07,0.030843260990036193,0.03084326099041267,1.4581351348981464,0.9810672631739292,1.0984480728876123e-11
HFocusing_5_10_2um2_0_1888.npy,P0/data/dataset_Particles2SNR_F_c1/train/2um/HFocusing_5_10_2um2_0_1888.npy,2um,347,16384,0,31,0,1878.087890625,3,peak_bin_energy_over_lowest_window_energy,3.547800939059803e-05,0.027149690848742646,0.027149714029275716,-0.13709036465576574,3.922298895580508e-05,0.026199508060631007,0.026199537420762444,-0.14515869020761496,0.9782643360123842,1.4130037109277702e-11
HFocusing_5_10_2um2_0_1889.npy,P0/data/dataset_Particles2SNR_F_c1/train/2um/HFocusing_5_10_2um2_0_1889.npy,2um,348,16384,4,31,10,2339.151611328125,3,peak_bin_energy_over_lowest_window_energy,-8.78755766995187e-05,0.03609340306719711,0.03609351004111589,2.0954933573643997,-4.334545727917976e-05,0.035100740748986316,0.03510076751235242,2.2140544690582606,0.9828859046618776,8.37426058517015e-12
HFocusing_5_10_2um2_0_1893.npy,P0/data/dataset_Particles2SNR_F_c1/train/2um/HFocusing_5_10_2um2_0_1893.npy,2um,349,16384,7,31,10,1940.2061767578125,3,peak_bin_energy_over_lowest_window_energy,6.356285273020857e-05,0.03561710486200599,0.03561716157960062,2.619344310136931,6.222998519583877e-05,0.03472685556166338,0.034726911319201546,2.939901266123359,0.9807983940699959,6.600130338493172e-12
HFocusing_5_10_2um2_0_1895.npy,P0/data/dataset_Particles2SNR_F_c1/train/2um/HFocusing_5_10_2um2_0_1895.npy,2um,350,16384,0,31,0,1676.9927978515625,3,peak_bin_energy_over_lowest_window_energy,-6.465661152351101e-05,0.026684347733868484,0.026684426065767756,0.07804596484876036,-6.216835675984948e-05,0.025645141183647028,0.02564521653708097,0.07073720115331872,0.971539345987964,1.3952952255534716e-11
HFocusing_5_10_2um2_0_1896.npy,P0/data/dataset_Particles2SNR_F_c1/train/2um/HFocusing_5_10_2um2_0_1896.npy,2um,351,16384,9,31,16,2350.1337890625,3,peak_bin_energy_over_lowest_window_energy,-2.4341868339150783e-05,0.04114019904438485,0.04114020624569301,1.0858674650536324,-1.678325790476968e-05,0.03675674487194567,0.036756748703592516,0.6312398480895296,0.9307734893997898,8.596871959427358e-12
HFocusing_5_10_2um2_0_1898.npy,P0/data/dataset_Particles2SNR_F_c1/train/2um/HFocusing_5_10_2um2_0_1898.npy,2um,352,16384,7,31,8,2118.1015625,3,peak_bin_energy_over_lowest_window_energy,-2.045580424339442e-06,0.030882446766513052,0.030882446834260262,1.6288855266876006,6.085018051179644e-07,0.03001176601007569,0.03001176601624451,1.864929513488713,0.9817902015919947,1.2492654924622877e-11
HFocusing_5_10_2um2_0_1902.npy,P0/data/dataset_Particles2SNR_F_c1/train/2um/HFocusing_5_10_2um2_0_1902.npy,2um,353,16384,6,31,9,1904.1431884765625,3,peak_bin_energy_over_lowest_window_energy,-0.00010528408661347687,0.034270415184723915,0.0342705769089499,3.5992603497770848,-8.054112955691409e-05,0.03332189301297754,0.03332199034934546,3.906747593448298,0.9839022571049956,9.415392657849107e-12
HFocusing_5_10_2um2_0_1903.npy,P0/data/dataset_Particles2SNR_F_c1/train/2um/HFocusing_5_10_2um2_0_1903.npy,2um,354,16384,7,31,16,2145.729248046875,3,peak_bin_energy_over_lowest_window_energy,3.176636626995956e-05,0.03592714292032193,0.03592715696404691,0.39284123411666094,1.829086295335488e-05,0.034765173305498505,0.03476517811714782,0.5416031235743994,0.9824510233949314,1.0600668382624308e-11
HFocusing_5_10_2um2_0_1906.npy,P0/data/dataset_Particles2SNR_F_c1/train/2um/HFocusing_5_10_2um2_0_1906.npy,2um,355,16384,7,31,7,1916.08349609375,3,peak_bin_energy_over_lowest_window_energy,9.595760481556704e-05,0.02972102223574613,0.02972117714020826,0.45203604001987463,7.341888275029972e-05,0.02880925703921922,0.028809350591156104,0.5769143275712159,0.9774112551591401,1.9075708701663332e-11
HFocusing_5_10_2um2_0_1907.npy,P0/data/dataset_Particles2SNR_F_c1/train/2um/HFocusing_5_10_2um2_0_1907.npy,2um,356,16384,5,31,14,2064.866943359375,3,peak_bin_energy_over_lowest_window_energy,-6.157028841448527e-05,0.04382218790217628,0.04382223115536291,1.821171597896794,-5.507813826226915e-05,0.04302639217195776,0.04302642742474004,1.9336487470681112,0.9898961277227318,8.60871804693058e-12
HFocusing_5_10_2um2_0_1910.npy,P0/data/dataset_Particles2SNR_F_c1/train/2um/HFocusing_5_10_2um2_0_1910.npy,2um,357,16384,0,31,0,1477.4619140625,3,peak_bin_energy_over_lowest_window_energy,1.6998092948245647e-05,0.026333803358826003,0.02633380884483822,-0.24907260831692257,9.918911572757954e-06,0.025276018864230837,0.02527602081043929,-0.2417439408377433,0.9749507915616887,1.0942509874218038e-11
HFocusing_5_10_2um2_0_1911.npy,P0/data/dataset_Particles2SNR_F_c1/train/2um/HFocusing_5_10_2um2_0_1911.npy,2um,358,16384,10,31,13,2093.919189453125,3,peak_bin_energy_over_lowest_window_energy,-7.306689602919697e-06,0.038754036713507176,0.038754037402309136,5.102739863820343,-2.246122484528829e-05,0.03789866626274316,0.037898672918736984,5.428521896338772,0.9883175162150649,7.61206483528298e-12
HFocusing_5_10_2um2_0_1915.npy,P0/data/dataset_Particles2SNR_F_c1/train/2um/HFocusing_5_10_2um2_0_1915.npy,2um,359,16384,12,31,10,2397.03515625,3,peak_bin_energy_over_lowest_window_energy,-9.92203417656428e-06,0.036863937761164076,0.036863939096435976,1.7891169291844946,-2.9173686324817094e-05,0.036007516696504524,0.036007528514923455,1.9601292062358118,0.9839469813101226,8.685376738560457e-12
HFocusing_5_10_2um2_0_1919.npy,P0/data/dataset_Particles2SNR_F_c1/train/2um/HFocusing_5_10_2um2_0_1919.npy,2um,360,16384,2,31,1,1702.9541015625,3,peak_bin_energy_over_lowest_window_energy,0.00011317675217157297,0.03597650909051521,0.03597668710869798,1.9262052363474265,0.00010625832151516215,0.03277368208809979,0.03277385434218448,2.8324705153666283,0.9007108700552624,1.0884361217956084e-11
HFocusing_5_10_2um2_0_1921.npy,P0/data/dataset_Particles2SNR_F_c1/train/2um/HFocusing_5_10_2um2_0_1921.npy,2um,361,16384,0,31,0,1943.8055419921875,3,peak_bin_energy_over_lowest_window_energy,6.348154357641775e-05,0.027544760822499334,0.02754483397436022,-0.06702698779363114,4.777382711592625e-05,0.02653565571745159,0.02653569872254504,-0.07019176488531365,0.9791920859045151,1.228669053774802e-11
HFocusing_5_10_2um2_0_1922.npy,P0/data/dataset_Particles2SNR_F_c1/train/2um/HFocusing_5_10_2um2_0_1922.npy,2um,362,16384,8,31,13,2185.03515625,3,peak_bin_energy_over_lowest_window_energy,-8.032902157287318e-06,0.03676263128140708,0.036762632159030834,0.9489813433836218,4.084914760363435e-06,0.03571546211667082,0.03571546235027452,1.0095904982363137,0.9831024231173621,8.751268097411271e-12
HFocusing_5_10_2um2_0_1925.npy,P0/data/dataset_Particles2SNR_F_c1/train/2um/HFocusing_5_10_2um2_0_1925.npy,2um,363,16384,4,31,8,2185.772216796875,3,peak_bin_energy_over_lowest_window_energy,0.00010314553435703853,0.03283478376159645,0.032834945769287575,0.46933340843981464,8.37430908213966e-05,0.03188429640741445,0.0318844063815076,0.5369068422777379,0.9814455223720807,1.2436124765039911e-11
HFocusing_5_10_2um2_0_1928.npy,P0/data/dataset_Particles2SNR_F_c1/train/2um/HFocusing_5_10_2um2_0_1928.npy,2um,364,16384,0,31,0,2115.736572265625,3,peak_bin_energy_over_lowest_window_energy,-3.560523165108218e-05,0.0273860593821898,0.027386082527761195,0.06464610978032637,-2.412399755696374e-05,0.02638554079571642,0.026385551823861358,0.048173314856140514,0.9743263686619901,8.458525858742492e-12
HFocusing_5_10_2um2_0_1929.npy,P0/data/dataset_Particles2SNR_F_c1/train/2um/HFocusing_5_10_2um2_0_1929.npy,2um,365,16384,3,31,7,1823.37060546875,3,peak_bin_energy_over_lowest_window_energy,4.4622996577499e-05,0.030933953013131794,0.03093398519800624,0.8548904837583895,2.6335900414956087e-05,0.02873056813049478,0.028730580200905322,0.8319088368415981,0.9394142664294269,9.464814510007432e-12
HFocusing_5_10_2um2_0_1932.npy,P0/data/dataset_Particles2SNR_F_c1/train/2um/HFocusing_5_10_2um2_0_1932.npy,2um,366,16384,2,31,5,1842.7779541015625,3,peak_bin_energy_over_lowest_window_energy,0.00010014665046375904,0.03203844424585281,0.0320386007660481,0.8371262372237198,9.097168666964112e-05,0.03051079896496601,0.030510934586281464,0.6802351579269139,0.9768165883887207,1.324350463055803e-11
HFocusing_5_10_2um2_0_1935.npy,P0/data/dataset_Particles2SNR_F_c1/train/2um/HFocusing_5_10_2um2_0_1935.npy,2um,367,16384,5,31,4,1819.4019775390625,3,peak_bin_energy_over_lowest_window_energy,1.3541937797810515e-05,0.02965043812340151,0.029650441215835908,0.11025106623312553,1.1554516916051594e-05,0.027448444158646147,0.027448446590602842,0.002979689099840588,0.9503478079755218,1.341444452853667e-11
HFocusing_5_10_2um2_0_1938.npy,P0/data/dataset_Particles2SNR_F_c1/train/2um/HFocusing_5_10_2um2_0_1938.npy,2um,368,16384,4,31,7,2067.564453125,3,peak_bin_energy_over_lowest_window_energy,1.1190045280397333e-05,0.03239663096538171,0.03239663289794547,0.8679092350882192,1.0059837094283545e-05,0.0314588503480148,0.03145885195647027,0.9758526269288539,0.9819434711886751,1.2979317750068025e-11
HFocusing_5_10_2um2_0_194.npy,P0/data/dataset_Particles2SNR_F_c1/train/2um/HFocusing_5_10_2um2_0_194.npy,2um,369,16384,7,31,9,1895.78564453125,3,peak_bin_energy_over_lowest_window_energy,-0.0001000974969879927,0.049806200111248554,0.04980630069610308,6.642778477097176,-6.234413142741406e-05,0.04881763970205345,0.04881767951132283,6.920387386862448,0.9898688754020184,6.609707758359846e-12
HFocusing_5_10_2um2_0_1942.npy,P0/data/dataset_Particles2SNR_F_c1/train/2um/HFocusing_5_10_2um2_0_1942.npy,2um,370,16384,2,31,6,1651.9808349609375,3,peak_bin_energy_over_lowest_window_energy,3.014498743661159e-06,0.031012176712465096,0.031012176858975334,0.40127164695449613,-5.175560064961121e-07,0.028469570719654533,0.02846957072435893,0.1951327368789828,0.948134459989294,1.0643742857656696e-11
HFocusing_5_10_2um2_0_1945.npy,P0/data/dataset_Particles2SNR_F_c1/train/2um/HFocusing_5_10_2um2_0_1945.npy,2um,371,16384,2,31,2,1981.0699462890625,3,peak_bin_energy_over_lowest_window_energy,2.882081308367906e-05,0.03012482137032339,0.03012483515694583,0.1580556542064393,2.2658240004869886e-05,0.02905814533258655,0.02905815416652547,0.14273568468422138,0.9803929322828842,1.3111520708916132e-11
HFocusing_5_10_2um2_0_1949.npy,P0/data/dataset_Particles2SNR_F_c1/train/2um/HFocusing_5_10_2um2_0_1949.npy,2um,372,16384,2,31,1,2096.258056640625,3,peak_bin_energy_over_lowest_window_energy,-2.4117776347354492e-05,0.03176016590951724,0.031760175066696296,1.1697819596983603,-1.037972058349276e-05,0.030766421342836518,0.03076642309374858,1.3413916737958456,0.9775691306664771,1.2817473804555571e-11
HFocusing_5_10_2um2_0_1950.npy,P0/data/dataset_Particles2SNR_F_c1/train/2um/HFocusing_5_10_2um2_0_1950.npy,2um,373,16384,3,31,7,1865.96630859375,3,peak_bin_energy_over_lowest_window_energy,5.914533153264893e-05,0.037232997741495084,0.037233044718212614,6.837410735879413,3.5058727774831165e-05,0.036490642350477304,0.03649065919197461,7.456707286081741,0.9886113431366479,1.3727038291987989e-11
HFocusing_5_10_2um2_0_1953.npy,P0/data/dataset_Particles2SNR_F_c1/train/2um/HFocusing_5_10_2um2_0_1953.npy,2um,374,16384,0,31,0,2105.183837890625,3,peak_bin_energy_over_lowest_window_energy,6.92620448026492e-05,0.028030502850948626,0.028030588422433972,-0.021623058052772315,6.383235299877682e-05,0.027126175861957053,0.02712625096586535,-0.028162123927156113,0.9795916513102723,8.130584054702628e-12
HFocusing_5_10_2um2_0_1958.npy,P0/data/dataset_Particles2SNR_F_c1/train/2um/HFocusing_5_10_2um2_0_1958.npy,2um,375,16384,6,31,10,2125.844970703125,3,peak_bin_energy_over_lowest_window_energy,-7.9135155043608e-05,0.03195808362391491,0.03195818160167913,0.5497549534143298,-6.559622007147572e-05,0.031227729801069335,0.031227798695916457,0.656198367948166,0.9870784606218553,9.611222264159604e-12
HFocusing_5_10_2um2_0_196.npy,P0/data/dataset_Particles2SNR_F_c1/train/2um/HFocusing_5_10_2um2_0_196.npy,2um,376,16384,3,31,6,1957.6680908203125,3,peak_bin_energy_over_lowest_window_energy,-9.935211468570865e-05,0.03426477840178706,0.03426492243922734,2.2419918245797206,-8.383720281117209e-05,0.03334416483686469,0.033344270232598866,2.5544450728790498,0.9817771659204201,1.2634484062405605e-11
HFocusing_5_10_2um2_0_1961.npy,P0/data/dataset_Particles2SNR_F_c1/train/2um/HFocusing_5_10_2um2_0_1961.npy,2um,377,16384,3,31,7,1648.4261474609375,3,peak_bin_energy_over_lowest_window_energy,-4.374946942235145e-05,0.032380508238867796,0.03238053779391967,3.0677737413551984,-2.9885239612542138e-05,0.03151037090586007,0.0315103850778187,3.5503166708151053,0.9826308630892586,8.03427504264296e-12
HFocusing_5_10_2um2_0_1962.npy,P0/data/dataset_Particles2SNR_F_c1/train/2um/HFocusing_5_10_2um2_0_1962.npy,2um,378,16384,3,31,9,2226.425537109375,3,peak_bin_energy_over_lowest_window_energy,-0.00021982823974626942,0.045943888571285015,0.04594441447559913,2.233038403937857,-0.00021015642881901315,0.044077990143280975,0.04407849113565196,2.3248532067140752,0.9861837915968649,9.145042020108164e-12
HFocusing_5_10_2um2_0_1965.npy,P0/data/dataset_Particles2SNR_F_c1/train/2um/HFocusing_5_10_2um2_0_1965.npy,2um,379,16384,2,31,8,2189.305908203125,3,peak_bin_energy_over_lowest_window_energy,4.205152914930711e-05,0.03199907715742042,0.03199910478837883,0.2850567459179967,6.050853467321077e-05,0.031141735389553633,0.03114179417367833,0.3343692604924078,0.982790385831519,9.834135042563193e-12
HFocusing_5_10_2um2_0_1968.npy,P0/data/dataset_Particles2SNR_F_c1/train/2um/HFocusing_5_10_2um2_0_1968.npy,2um,380,16384,5,31,7,2099.649169921875,3,peak_bin_energy_over_lowest_window_energy,-5.3571158122118724e-05,0.02950111661635397,0.02950116525631994,0.17579834524262639,-5.033384436801743e-05,0.028521426965395724,0.02852147137926603,0.17216653869022558,0.9782782266435943,1.1366218571660766e-11
HFocusing_5_10_2um2_0_1969.npy,P0/data/dataset_Particles2SNR_F_c1/train/2um/HFocusing_5_10_2um2_0_1969.npy,2um,381,16384,6,31,12,2198.474853515625,3,peak_bin_energy_over_lowest_window_energy,-3.222051358602557e-05,0.034763723598421316,0.03476373853009671,1.1188535949098144,-2.394903031533432e-05,0.03391542659439193,0.03391543505007182,1.149800831982204,0.9864134449989227,1.0402701937775653e-11
HFocusing_5_10_2um2_0_197.npy,P0/data/dataset_Particles2SNR_F_c1/train/2um/HFocusing_5_10_2um2_0_197.npy,2um,382,16384,2,31,4,1766.0146484375,3,peak_bin_energy_over_lowest_window_energy,1.5707246012279657e-05,0.03142989770200725,0.03142990162689374,0.8198916136782879,2.079046657634998e-05,0.030694922264662687,0.03069492930562287,0.9438871426766724,0.9852947657862856,9.656729086989994e-12
HFocusing_5_10_2um2_0_1972.npy,P0/data/dataset_Particles2SNR_F_c1/train/2um/HFocusing_5_10_2um2_0_1972.npy,2um,383,16384,2,31,1,1998.28564453125,3,peak_bin_energy_over_lowest_window_energy,9.82943346739613e-06,0.028189945712370303,0.028189947426062133,0.17991564206350397,5.881810072808359e-06,0.02712635558401862,0.027126356221695312,0.19182803649614977,0.9752940782058946,1.4086264406953936e-11
HFocusing_5_10_2um2_0_1973.npy,P0/data/dataset_Particles2SNR_F_c1/train/2um/HFocusing_5_10_2um2_0_1973.npy,2um,384,16384,9,31,4,1902.9559326171875,3,peak_bin_energy_over_lowest_window_energy,-8.081779866826261e-07,0.03326724626012372,0.03326724626994046,1.247721149588111,-1.1123714704395589e-05,0.03235357762125416,0.03235357953351602,1.3763773848097207,0.9835827792489573,8.09368160376524e-12
HFocusing_5_10_2um2_0_1976.npy,P0/data/dataset_Particles2SNR_F_c1/train/2um/HFocusing_5_10_2um2_0_1976.npy,2um,385,16384,6,31,2,1495.2054443359375,3,peak_bin_energy_over_lowest_window_energy,0.0001466585934261102,0.028078575995958734,0.028078959003208358,0.30962970905805953,0.00010209416443156383,0.02712983717727351,0.02713002927539487,0.26559614834281975,0.978877623803648,1.154776615376062e-11
HFocusing_5_10_2um2_0_1977.npy,P0/data/dataset_Particles2SNR_F_c1/train/2um/HFocusing_5_10_2um2_0_1977.npy,2um,386,16384,3,31,5,1828.517578125,3,peak_bin_energy_over_lowest_window_energy,-9.250033637758526e-05,0.03331416709435707,0.03331429551263201,0.5150618612498259,-8.687840795260849e-05,0.032140505928081,0.03214062334757648,0.49046598918575324,0.9825271039137086,1.2414966873294437e-11
HFocusing_5_10_2um2_0_1979.npy,P0/data/dataset_Particles2SNR_F_c1/train/2um/HFocusing_5_10_2um2_0_1979.npy,2um,387,16384,7,31,12,2242.442138671875,3,peak_bin_energy_over_lowest_window_energy,-7.917320860108844e-05,0.03612988830157652,0.03612997504955347,1.2140817478639825,-5.282680894623911e-05,0.03516703441420694,0.03516707409156694,1.4331601339105058,0.9846132747497722,9.099434453270245e-12
HFocusing_5_10_2um2_0_1982.npy,P0/data/dataset_Particles2SNR_F_c1/train/2um/HFocusing_5_10_2um2_0_1982.npy,2um,388,16384,0,31,0,1874.58154296875,3,peak_bin_energy_over_lowest_window_energy,2.0295038154134977e-05,0.027190372476770672,0.027190380050931648,0.07446075090437798,2.1598353714038977e-05,0.026242774201375916,0.02624278308932352,0.0642599369160548,0.9777570111826399,1.1232899454975061e-11
HFocusing_5_10_2um2_0_1983.npy,P0/data/dataset_Particles2SNR_F_c1/train/2um/HFocusing_5_10_2um2_0_1983.npy,2um,389,16384,5,31,9,2083.889404296875,3,peak_bin_energy_over_lowest_window_energy,4.072456665733021e-06,0.03507109746981481,0.03507109770626169,0.8497857522518832,2.996311732876366e-06,0.03423578377422092,0.03423578390533935,0.9312533024334546,0.9845856730101062,8.256213627078173e-12
HFocusing_5_10_2um2_0_1987.npy,P0/data/dataset_Particles2SNR_F_c1/train/2um/HFocusing_5_10_2um2_0_1987.npy,2um,390,16384,5,31,13,2033.2540283203125,3,peak_bin_energy_over_lowest_window_energy,1.3248480015537226e-05,0.036124750608642404,0.03612475303803243,1.612856980219723,-6.7106142805917405e-06,0.03541662676607527,0.035416627401826724,1.7859666397594047,0.9884384879167843,8.672887736245762e-12
HFocusing_5_10_2um2_0_1990.npy,P0/data/dataset_Particles2SNR_F_c1/train/2um/HFocusing_5_10_2um2_0_1990.npy,2um,391,16384,13,31,16,2493.606201171875,3,peak_bin_energy_over_lowest_window_energy,0.0001205261904833098,0.04343770400982725,0.043437871220951364,3.560465200644302,8.651050911657584e-05,0.04266714092964304,0.042667228632502115,3.8056964197275462,0.9897690722345648,9.105481542814777e-12
HFocusing_5_10_2um2_0_1993.npy,P0/data/dataset_Particles2SNR_F_c1/train/2um/HFocusing_5_10_2um2_0_1993.npy,2um,392,16384,0,31,0,1723.3021240234375,3,peak_bin_energy_over_lowest_window_energy,-4.547161237207236e-05,0.0265049718172071,0.026505010822455332,0.05067450401089291,-3.8707129370701076e-05,0.0256164095428236,0.025616438786598115,0.011608703135548293,0.9802629404675807,1.588133452503952e-11
HFocusing_5_10_2um2_0_1994.npy,P0/data/dataset_Particles2SNR_F_c1/train/2um/HFocusing_5_10_2um2_0_1994.npy,2um,393,16384,7,31,11,2198.272216796875,3,peak_bin_energy_over_lowest_window_energy,-2.822681911444108e-05,0.03348837764885123,0.03348838954481682,0.8133653871214426,-2.4884020736048323e-05,0.032443585781401954,0.032443595324342135,0.907101436790887,0.9791085024234988,1.3382296896846611e-11
HFocusing_5_10_2um2_0_1997.npy,P0/data/dataset_Particles2SNR_F_c1/train/2um/HFocusing_5_10_2um2_0_1997.npy,2um,394,16384,10,31,11,2303.231689453125,3,peak_bin_energy_over_lowest_window_energy,9.133034239820223e-05,0.031130038817615627,0.031130172791324146,0.11841625232155639,7.819260604013496e-05,0.03000082948221793,0.03000093138062143,0.11349684105121671,0.9770231401502149,9.159320293615008e-12
HFocusing_5_10_2um2_0_200.npy,P0/data/dataset_Particles2SNR_F_c1/train/2um/HFocusing_5_10_2um2_0_200.npy,2um,395,16384,1,31,2,1910.3927001953125,3,peak_bin_energy_over_lowest_window_energy,6.229602389042958e-05,0.030031123164872414,0.030031187777680872,0.06819080252728371,5.969545530363259e-05,0.02843308803540579,0.02843315070083722,-0.04531748950093073,0.9683278220153538,9.523282964885916e-12
HFocusing_5_10_2um2_0_2000.npy,P0/data/dataset_Particles2SNR_F_c1/train/2um/HFocusing_5_10_2um2_0_2000.npy,2um,396,16384,3,31,8,2046.2906494140625,3,peak_bin_energy_over_lowest_window_energy,2.6804204049518794e-05,0.038310858470126725,0.03831086784691043,4.646847039155521,2.7430749953242993e-05,0.03761427200002217,0.037614282002155705,4.974687784471915,0.9897747368346167,8.653974898545593e-12
HFocusing_5_10_2um2_0_2003.npy,P0/data/dataset_Particles2SNR_F_c1/train/2um/HFocusing_5_10_2um2_0_2003.npy,2um,397,16384,5,31,4,1817.10595703125,3,peak_bin_energy_over_lowest_window_energy,1.7945435635660824e-06,0.028385911398917652,0.028385911455642742,-0.0030400766194151885,-1.3043669696024381e-05,0.02730698202304317,0.02730698513831437,0.061934224325178366,0.9749259650033055,1.211626931478139e-11
HFocusing_5_10_2um2_0_2004.npy,P0/data/dataset_Particles2SNR_F_c1/train/2um/HFocusing_5_10_2um2_0_2004.npy,2um,398,16384,1,31,3,1837.4794921875,3,peak_bin_energy_over_lowest_window_energy,1.0329727308752689e-05,0.030429858448439703,0.03042986020170555,0.397903261362214,7.44955812110818e-06,0.029342223166411538,0.029342224112078045,0.37605125160381014,0.98066933718352,1.3238584601513456e-11
HFocusing_5_10_2um2_0_2007.npy,P0/data/dataset_Particles2SNR_F_c1/train/2um/HFocusing_5_10_2um2_0_2007.npy,2um,399,16384,7,31,9,1954.2210693359375,3,peak_bin_energy_over_lowest_window_energy,-3.333557379505366e-05,0.0325801297165944,0.03258014677085721,1.1208383342390658,-5.99611568731687e-05,0.03164868149205694,0.03164873829279773,1.3224944446747111,0.9807797655187482,8.275579482299104e-12
HFocusing_5_10_2um2_0_2009.npy,P0/data/dataset_Particles2SNR_F_c1/train/2um/HFocusing_5_10_2um2_0_2009.npy,2um,400,16384,0,31,0,1798.697265625,3,peak_bin_energy_over_lowest_window_energy,-3.720327675699951e-05,0.027382060919392305,0.02738208619293119,-0.11345889569447287,-3.3998787204558845e-05,0.026075594564560715,0.02607561672929098,-0.13085659799959704,0.9629594243905484,1.254527171498101e-11
HFocusing_5_10_2um2_0_201.npy,P0/data/dataset_Particles2SNR_F_c1/train/2um/HFocusing_5_10_2um2_0_201.npy,2um,401,16384,9,31,10,1889.1116943359375,3,peak_bin_energy_over_lowest_window_energy,-0.00012235358961472373,0.03307761092434781,0.033077837215625586,1.6624671437935339,-0.00010152975928315769,0.032051559075831536,0.03205171988339376,1.8980522108116906,0.9798622152803441,1.2992649197322329e-11
HFocusing_5_10_2um2_0_2010.npy,P0/data/dataset_Particles2SNR_F_c1/train/2um/HFocusing_5_10_2um2_0_2010.npy,2um,402,16384,4,31,10,1998.4603271484375,3,peak_bin_energy_over_lowest_window_energy,-9.956928453676334e-05,0.036960086580108985,0.03696022069809074,1.4361138413253185,-8.315199353764131e-05,0.03593356472432155,0.03593366093304487,1.5379351450273822,0.9840702101645801,1.0080812559617427e-11
HFocusing_5_10_2um2_0_2013.npy,P0/data/dataset_Particles2SNR_F_c1/train/2um/HFocusing_5_10_2um2_0_2013.npy,2um,403,16384,2,31,7,1748.814453125,3,peak_bin_energy_over_lowest_window_energy,-0.0001079027136467512,0.033066619281134566,0.03306679533427926,1.4174900530189154,-8.346339489716999e-05,0.03208453325214207,0.03208464181109239,1.5457878535731755,0.9838354255312393,1.034957671452507e-11
HFocusing_5_10_2um2_0_2016.npy,P0/data/dataset_Particles2SNR_F_c1/train/2um/HFocusing_5_10_2um2_0_2016.npy,2um,404,16384,6,31,14,2070.962646484375,3,peak_bin_energy_over_lowest_window_energy,0.0001897940637281688,0.03376959312686382,0.03377012646912289,0.6351820676309377,0.00014948264288786004,0.03286506077394183,0.0328654007237918,0.6448122755081442,0.9824028386259669,1.317213203664471e-11
HFocusing_5_10_2um2_0_2019.npy,P0/data/dataset_Particles2SNR_F_c1/train/2um/HFocusing_5_10_2um2_0_2019.npy,2um,405,16384,4,31,3,2129.810302734375,3,peak_bin_energy_over_lowest_window_energy,3.4561850004801865e-05,0.028586576170134888,0.028586597063176296,-0.09499984609119361,2.5279320688249562e-05,0.027538692577904117,0.02753870418055951,-0.10305781687280113,0.9771894585259727,1.1195410885753804e-11
HFocusing_5_10_2um2_0_2020.npy,P0/data/dataset_Particles2SNR_F_c1/train/2um/HFocusing_5_10_2um2_0_2020.npy,2um,406,16384,2,31,8,2126.806640625,3,peak_bin_energy_over_lowest_window_energy,6.371019791150654e-05,0.03496059199427745,0.03496065004515297,2.095907983533552,3.618186852226593e-05,0.03410063906521778,0.03410065826027214,2.3445054749298304,0.9846535802077364,1.3199007249741907e-11
HFocusing_5_10_2um2_0_2023.npy,P0/data/dataset_Particles2SNR_F_c1/train/2um/HFocusing_5_10_2um2_0_2023.npy,2um,407,16384,0,31,0,2000.7568359375,3,peak_bin_energy_over_lowest_window_energy,5.422690991967085e-06,0.027372067949988903,0.02737206848713461,-0.0826559343155262,7.114539627612865e-07,0.026232711929421566,0.026232711939069193,-0.0946500328157791,0.9737606384500666,1.1137268305170014e-11
HFocusing_5_10_2um2_0_2024.npy,P0/data/dataset_Particles2SNR_F_c1/train/2um/HFocusing_5_10_2um2_0_2024.npy,2um,408,16384,5,31,9,1676.9136962890625,3,peak_bin_energy_over_lowest_window_energy,-2.9360020575025397e-05,0.03986357618240878,0.03986358699441781,2.5178678191393598,-3.296003037279325e-05,0.03876910437853049,0.038769118389215325,2.575859764254947,0.9882354527181917,6.815826880685851e-12
HFocusing_5_10_2um2_0_2030.npy,P0/data/dataset_Particles2SNR_F_c1/train/2um/HFocusing_5_10_2um2_0_2030.npy,2um,409,16384,9,31,12,2117.565185546875,3,peak_bin_energy_over_lowest_window_energy,9.951343586425763e-05,0.03221773641283998,0.03221789009992977,0.2511077373385917,6.98085517617712e-05,0.03131065690419561,0.0313107347247897,0.28138762888786806,0.982008888920795,7.767475519440141e-12
HFocusing_5_10_2um2_0_2031.npy,P0/data/dataset_Particles2SNR_F_c1/train/2um/HFocusing_5_10_2um2_0_2031.npy,2um,410,16384,1,31,8,1859.2158203125,3,peak_bin_energy_over_lowest_window_energy,3.326382950231068e-05,0.033998396617064934,0.03399841288962773,0.9134085339659199,3.840609062026319e-05,0.03214671615332588,0.032146739095440136,0.8212355366198927,0.9740536722925298,8.949454805024645e-12
HFocusing_5_10_2um2_0_2034.npy,P0/data/dataset_Particles2SNR_F_c1/train/2um/HFocusing_5_10_2um2_0_2034.npy,2um,411,16384,0,31,0,1887.0228271484375,3,peak_bin_energy_over_lowest_window_energy,8.031245663419313e-05,0.027930292973739054,0.027930408441152233,-0.12814586629466085,6.700404378912628e-05,0.02681739741683746,0.026817481122478386,-0.15169787764622855,0.9750468293913205,9.549544762440489e-12
HFocusing_5_10_2um2_0_2038.npy,P0/data/dataset_Particles2SNR_F_c1/train/2um/HFocusing_5_10_2um2_0_2038.npy,2um,412,16384,0,31,0,2062.15234375,3,peak_bin_energy_over_lowest_window_energy,-9.454002082292304e-06,0.027315633248411523,0.027315634884437164,-0.03664994165276436,-1.1113266843147364e-05,0.026430540226384663,0.026430542562785916,-0.008337544659185347,0.9803770402871099,1.388950594108217e-11
HFocusing_5_10_2um2_0_2039.npy,P0/data/dataset_Particles2SNR_F_c1/train/2um/HFocusing_5_10_2um2_0_2039.npy,2um,413,16384,1,31,6,2008.5721435546875,3,peak_bin_energy_over_lowest_window_energy,-6.8586922007735e-05,0.03137301620526782,0.031373091176705364,0.45791765787773553,-5.623986524988501e-05,0.03047967368825853,0.030479725573980525,0.5265197880606349,0.9830777801533681,8.582499495531216e-12
HFocusing_5_10_2um2_0_204.npy,P0/data/dataset_Particles2SNR_F_c1/train/2um/HFocusing_5_10_2um2_0_204.npy,2um,414,16384,2,31,7,1940.5032958984375,3,peak_bin_energy_over_lowest_window_energy,5.028060931817399e-05,0.033454248641837755,0.033454286426847855,2.051927437433787,2.525469320138609e-05,0.03257688762452818,0.03257689741366827,2.34518976584914,0.9822426909317153,1.2156349941786644e-11
HFocusing_5_10_2um2_0_2041.npy,P0/data/dataset_Particles2SNR_F_c1/train/2um/HFocusing_5_10_2um2_0_2041.npy,2um,415,16384,3,31,2,1909.3441162109375,3,peak_bin_energy_over_lowest_window_energy,3.53819134847254e-05,0.027858786252501627,0.027858808720804547,-0.06736712741240236,2.9133582832990563e-05,0.026801859459907203,0.026801875293983927,-0.08446851503198527,0.97417123308552,1.1218563404369899e-11
HFocusing_5_10_2um2_0_2042.npy,P0/data/dataset_Particles2SNR_F_c1/train/2um/HFocusing_5_10_2um2_0_2042.npy,2um,416,16384,1,31,1,2080.000732421875,3,peak_bin_energy_over_lowest_window_energy,-0.00010651123961290485,0.03182569113559236,0.03182586936600924,1.549385110032505,-7.554582101623679e-05,0.030963707857525165,0.03096380001642626,1.6494858035245645,0.9815475540522121,9.359176758673335e-12
HFocusing_5_10_2um2_0_2045.npy,P0/data/dataset_Particles2SNR_F_c1/train/2um/HFocusing_5_10_2um2_0_2045.npy,2um,417,16384,8,31,8,1973.9844970703125,3,peak_bin_energy_over_lowest_window_energy,3.190006141491164e-05,0.037130035335294055,0.03713004903867087,1.2043927342409955,3.1413723386248627e-05,0.033039837704063574,0.033039852637880784,0.9791968816233996,0.9121975117546186,8.833888097559987e-12
HFocusing_5_10_2um2_0_2049.npy,P0/data/dataset_Particles2SNR_F_c1/train/2um/HFocusing_5_10_2um2_0_2049.npy,2um,418,16384,3,31,3,2159.014404296875,3,peak_bin_energy_over_lowest_window_energy,4.8935247945515944e-05,0.03584303053024369,0.03584306393502754,1.5741779897272528,3.193011151676667e-05,0.03484185349049779,0.03484186812134697,1.7888408281584098,0.9809137196017829,1.0472712882253269e-11
HFocusing_5_10_2um2_0_205.npy,P0/data/dataset_Particles2SNR_F_c1/train/2um/HFocusing_5_10_2um2_0_205.npy,2um,419,16384,6,31,11,2017.3446044921875,3,peak_bin_energy_over_lowest_window_energy,9.353850202044573e-06,0.037281560767165496,0.037281561940594274,2.561260705971601,4.4323762479957525e-06,0.036568935676670904,0.03656893594528632,2.7797957115388243,0.9887832692581539,8.239012259169784e-12
HFocusing_5_10_2um2_0_2051.npy,P0/data/dataset_Particles2SNR_F_c1/train/2um/HFocusing_5_10_2um2_0_2051.npy,2um,420,16384,5,31,4,2077.428466796875,3,peak_bin_energy_over_lowest_window_energy,9.37329627133594e-05,0.029143417752832402,0.02914356848747946,0.16577348989729135,6.830519379034956e-05,0.02789768555263433,0.027897769172339944,0.21253916772117565,0.9699574218354228,1.6555833826836273e-11
HFocusing_5_10_2um2_0_2052.npy,P0/data/dataset_Particles2SNR_F_c1/train/2um/HFocusing_5_10_2um2_0_2052.npy,2um,421,16384,9,31,10,2147.302734375,3,peak_bin_energy_over_lowest_window_energy,1.552160782301692e-05,0.03364596066298855,0.0336459642432147,2.280592553654385,-1.4990683574690264e-05,0.03287978055558085,0.03287978397288745,2.497013818740945,0.9856880652328073,1.2282919940705213e-11
HFocusing_5_10_2um2_0_2055.npy,P0/data/dataset_Particles2SNR_F_c1/train/2um/HFocusing_5_10_2um2_0_2055.npy,2um,422,16384,5,31,3,1673.7899169921875,3,peak_bin_energy_over_lowest_window_energy,-6.621913268450539e-05,0.02718827403823815,0.027188354679014103,-0.15674653442425956,-6.289810134950578e-05,0.02608052755965601,0.02608060340485109,-0.1438063417714872,0.9711630976349829,9.554914690249769e-12
HFocusing_5_10_2um2_0_2056.npy,P0/data/dataset_Particles2SNR_F_c1/train/2um/HFocusing_5_10_2um2_0_2056.npy,2um,423,16384,4,31,3,2026.4234619140625,3,peak_bin_energy_over_lowest_window_energy,9.697917059573827e-05,0.032596919262132436,0.032597063523291635,0.4739260679213091,6.095903677390409e-05,0.031523695008518544,0.031523753948320646,0.5196473508416912,0.9803821890959389,9.577157218084399e-12
HFocusing_5_10_2um2_0_2062.npy,P0/data/dataset_Particles2SNR_F_c1/train/2um/HFocusing_5_10_2um2_0_2062.npy,2um,424,16384,2,31,1,1778.7974853515625,3,peak_bin_energy_over_lowest_window_energy,1.2825980317150326e-05,0.027119079591032953,0.027119082624059224,0.08467645280256919,1.479421621529468e-05,0.026152158865382965,0.026152163049909697,0.10605924333306671,0.9755251963577467,1.115847231392518e-11
HFocusing_5_10_2um2_0_2063.npy,P0/data/dataset_Particles2SNR_F_c1/train/2um/HFocusing_5_10_2um2_0_2063.npy,2um,425,16384,12,31,12,1929.9017333984375,3,peak_bin_energy_over_lowest_window_energy,1.2227729947604216e-05,0.040782429419401744,0.04078243125251196,3.2295715808984093,-6.1944645497497036e-06,0.03999250540284653,0.0399925058825788,3.5165805717505343,0.9884243807242913,1.110559834546903e-11
HFocusing_5_10_2um2_0_2067.npy,P0/data/dataset_Particles2SNR_F_c1/train/2um/HFocusing_5_10_2um2_0_2067.npy,2um,426,16384,6,31,9,2219.898681640625,3,peak_bin_energy_over_lowest_window_energy,-2.811362336716261e-05,0.03113166066651512,0.031131673360596336,0.25155449794476326,3.190915160991891e-06,0.03017433434834456,0.0301743345170631,0.2504841143639034,0.9809641887563934,1.0747954525069489e-11
HFocusing_5_10_2um2_0_2070.npy,P0/data/dataset_Particles2SNR_F_c1/train/2um/HFocusing_5_10_2um2_0_2070.npy,2um,427,16384,0,31,0,2067.908935546875,3,peak_bin_energy_over_lowest_window_energy,-6.080717803004769e-05,0.027513129689933524,0.02751319688527674,-0.14478280610446248,-5.5474209519439116e-05,0.026434633654662382,0.02643469186209915,-0.11233752608941394,0.974498197281059,1.2648895560743651e-11
HFocusing_5_10_2um2_0_2071.npy,P0/data/dataset_Particles2SNR_F_c1/train/2um/HFocusing_5_10_2um2_0_2071.npy,2um,428,16384,5,31,11,2006.7786865234375,3,peak_bin_energy_over_lowest_window_energy,2.448580711092202e-05,0.03523535289328618,0.035235361401143035,0.6355823013586024,8.222170775092188e-06,0.034404577971681005,0.03440457895416786,0.6918443545792274,0.9858889331326396,1.1287051351817267e-11
HFocusing_5_10_2um2_0_2074.npy,P0/data/dataset_Particles2SNR_F_c1/train/2um/HFocusing_5_10_2um2_0_2074.npy,2um,429,16384,0,31,0,1837.4300537109375,3,peak_bin_energy_over_lowest_window_energy,-0.0001697046115760557,0.028334659601717424,0.028335167802580375,-0.02821089489273021,-0.00013325158636901034,0.027023331979453936,0.027023660508100074,0.0140800334127964,0.9705628324218484,1.0727313659295205e-11
HFocusing_5_10_2um2_0_2075.npy,P0/data/dataset_Particles2SNR_F_c1/train/2um/HFocusing_5_10_2um2_0_2075.npy,2um,430,16384,1,31,6,2197.719482421875,3,peak_bin_energy_over_lowest_window_energy,1.089167205176759e-05,0.03436916604264128,0.03436916776843988,1.3941451013169832,1.5007600738843674e-05,0.03352668899801557,0.03352669235695252,1.5591467372274685,0.9836331186443376,9.702035890974253e-12
HFocusing_5_10_2um2_0_2078.npy,P0/data/dataset_Particles2SNR_F_c1/train/2um/HFocusing_5_10_2um2_0_2078.npy,2um,431,16384,4,31,9,1901.6094970703125,3,peak_bin_energy_over_lowest_window_energy,-0.00010206158180211778,0.03267524165700297,0.03267540105201498,0.5426739468960138,-9.464874334969632e-05,0.031759825852753734,0.03175996688571734,0.61860500439224,0.9810806086076714,1.118729008207845e-11
HFocusing_5_10_2um2_0_208.npy,P0/data/dataset_Particles2SNR_F_c1/train/2um/HFocusing_5_10_2um2_0_208.npy,2um,432,16384,8,31,14,2130.453857421875,3,peak_bin_energy_over_lowest_window_energy,8.834705360171539e-05,0.04028769709667008,0.04028779396485887,2.2889526890428193,8.202203114634674e-05,0.039303594476522395,0.03930368006164964,2.469677306490965,0.9861481002166989,1.1343176064791312e-11
HFocusing_5_10_2um2_0_2084.npy,P0/data/dataset_Particles2SNR_F_c1/train/2um/HFocusing_5_10_2um2_0_2084.npy,2um,433,16384,3,31,6,1927.2330322265625,3,peak_bin_energy_over_lowest_window_energy,3.1364798775134246e-05,0.030204381716554533,0.030204398001448998,0.10261182948742409,1.7814773784954767e-06,0.029102946434183076,0.02910294648870783,0.16831737144717485,0.9751189546503031,8.739393630363143e-12
HFocusing_5_10_2um2_0_2085.npy,P0/data/dataset_Particles2SNR_F_c1/train/2um/HFocusing_5_10_2um2_0_2085.npy,2um,434,16384,6,31,13,2081.083251953125,3,peak_bin_energy_over_lowest_window_energy,-2.8498419726830153e-05,0.04118132705296193,0.04118133691373971,2.9144767698378047,-1.8092908789947995e-05,0.040459109633350566,0.04045911367883421,3.139582489920463,0.9886522774645166,6.7955512658498064e-12
HFocusing_5_10_2um2_0_2088.npy,P0/data/dataset_Particles2SNR_F_c1/train/2um/HFocusing_5_10_2um2_0_2088.npy,2um,435,16384,7,31,9,2297.17578125,3,peak_bin_energy_over_lowest_window_energy,-9.588674517308805e-05,0.03347188497636409,0.03347202231922725,0.663494628753162,-6.938502208539917e-05,0.032597556866933025,0.032597630711053566,0.7301434811903147,0.9821967974443863,9.877171117620842e-12
HFocusing_5_10_2um2_0_2091.npy,P0/data/dataset_Particles2SNR_F_c1/train/2um/HFocusing_5_10_2um2_0_2091.npy,2um,436,16384,0,31,0,1566.3427734375,3,peak_bin_energy_over_lowest_window_energy,-9.036477980445523e-05,0.02725603124075301,0.027256181038258703,0.3527311093153691,-8.610759922031782e-05,0.02617194938517562,0.026172091034895133,0.3701190736363573,0.9736704581826666,9.243521912829701e-12
HFocusing_5_10_2um2_0_2092.npy,P0/data/dataset_Particles2SNR_F_c1/train/2um/HFocusing_5_10_2um2_0_2092.npy,2um,437,16384,6,31,6,1928.5601806640625,3,peak_bin_energy_over_lowest_window_energy,4.325680534661124e-05,0.03444108223287402,0.03444110939738729,1.652955523744211,2.829927047227892e-05,0.03365107874520508,0.03365109064450515,1.8077472448053538,0.9858196720477673,9.972700619720043e-12
HFocusing_5_10_2um2_0_2095.npy,P0/data/dataset_Particles2SNR_F_c1/train/2um/HFocusing_5_10_2um2_0_2095.npy,2um,438,16384,9,31,11,2124.399169921875,3,peak_bin_energy_over_lowest_window_energy,2.631172960068355e-05,0.03770686554215344,0.0377068747222725,3.545213388310027,8.715183731095293e-06,0.03692836133855227,0.03692836236695461,3.8525606957259004,0.9868843393803705,9.115783350385688e-12
HFocusing_5_10_2um2_0_2098.npy,P0/data/dataset_Particles2SNR_F_c1/train/2um/HFocusing_5_10_2um2_0_2098.npy,2um,439,16384,0,31,0,2109.795166015625,3,peak_bin_energy_over_lowest_window_energy,0.00010590965767317925,0.02795430168191207,0.027954502309626983,0.0455201918371384,9.526202778142863e-05,0.02707680032744296,0.027076967903111905,0.045170241464488115,0.9788841965624978,9.980629842647507e-12
HFocusing_5_10_2um2_0_21.npy,P0/data/dataset_Particles2SNR_F_c1/train/2um/HFocusing_5_10_2um2_0_21.npy,2um,440,16384,6,31,14,2366.556884765625,3,peak_bin_energy_over_lowest_window_energy,6.57095458936056e-05,0.04182551303446302,0.04182556465058729,2.832559157648033,5.157888916249364e-05,0.041127789507805816,0.041127821850666844,2.9637506869361223,0.9889650444581104,7.7085284144688e-12
HFocusing_5_10_2um2_0_2102.npy,P0/data/dataset_Particles2SNR_F_c1/train/2um/HFocusing_5_10_2um2_0_2102.npy,2um,441,16384,9,31,6,2040.3917236328125,3,peak_bin_energy_over_lowest_window_energy,-6.04070874319002e-05,0.02991062682362789,0.02991068782222402,0.07784825639442339,-6.503974170372642e-05,0.02892440050599855,0.028924473630464048,0.04676281127119708,0.9790542161534137,1.025718837245447e-11
HFocusing_5_10_2um2_0_2103.npy,P0/data/dataset_Particles2SNR_F_c1/train/2um/HFocusing_5_10_2um2_0_2103.npy,2um,442,16384,1,31,7,1829.9798583984375,3,peak_bin_energy_over_lowest_window_energy,-2.999156950754598e-05,0.030956646801174596,0.030956661329460497,1.4744695214262755,-1.9026269624174262e-05,0.030224108572678324,0.030224114561256926,1.5458206350563177,0.9844833659460209,8.819426342237611e-12
HFocusing_5_10_2um2_0_2107.npy,P0/data/dataset_Particles2SNR_F_c1/train/2um/HFocusing_5_10_2um2_0_2107.npy,2um,443,16384,6,31,15,1909.2783203125,3,peak_bin_energy_over_lowest_window_energy,-1.8035988358658363e-05,0.037597428452615,0.03759743277866696,1.3625689343426508,-4.4019428262056175e-06,0.03687400662396865,0.03687400688671607,1.4273784665865632,0.9881379106620419,8.695416492995386e-12
HFocusing_5_10_2um2_0_2109.npy,P0/data/dataset_Particles2SNR_F_c1/train/2um/HFocusing_5_10_2um2_0_2109.npy,2um,444,16384,0,31,0,1829.353515625,3,peak_bin_energy_over_lowest_window_energy,-0.00011519291361051095,0.030476559867755354,0.030476777565553455,0.9167643799128333,-0.00011545319145295324,0.029511962466496403,0.029512188296758158,1.280884327309658,0.9748943704093362,1.2729756736908884e-11
HFocusing_5_10_2um2_0_2113.npy,P0/data/dataset_Particles2SNR_F_c1/train/2um/HFocusing_5_10_2um2_0_2113.npy,2um,445,16384,12,31,15,2099.240478515625,3,peak_bin_energy_over_lowest_window_energy,6.093983290896304e-05,0.03932706648692152,0.039327113701999296,1.3569316946325793,3.7995498454945645e-05,0.03843382961679961,0.038433848397878216,1.4734692413881874,0.9840968583568962,1.1383264900431187e-11
HFocusing_5_10_2um2_0_2116.npy,P0/data/dataset_Particles2SNR_F_c1/train/2um/HFocusing_5_10_2um2_0_2116.npy,2um,446,16384,0,31,0,1975.0299072265625,3,peak_bin_energy_over_lowest_window_energy,9.150034636063467e-05,0.027417466192948037,0.027417618874636663,-0.02010181537962863,7.079145345397491e-05,0.026432293293385076,0.026432388090700615,-0.008567358776717882,0.9756831733608566,1.2146009433587263e-11
HFocusing_5_10_2um2_0_2117.npy,P0/data/dataset_Particles2SNR_F_c1/train/2um/HFocusing_5_10_2um2_0_2117.npy,2um,447,16384,2,31,8,2045.6663818359375,3,peak_bin_energy_over_lowest_window_energy,-1.919315693090007e-05,0.03817597018424217,0.038175975008968924,3.0456851425193383,-6.011782863706486e-06,0.037337255050622235,0.03733725553460978,3.274578566703248,0.9875595339899521,5.234551213175814e-12
HFocusing_5_10_2um2_0_212.npy,P0/data/dataset_Particles2SNR_F_c1/train/2um/HFocusing_5_10_2um2_0_212.npy,2um,448,16384,7,31,15,2342.993408203125,3,peak_bin_energy_over_lowest_window_energy,-0.00010111362913849315,0.042855914851559214,0.042856034134414384,2.7614996472920037,-7.599236673280915e-05,0.04215648845723296,0.04215655695007145,2.9652886139612082,0.9900113499634633,9.13360960767357e-12
HFocusing_5_10_2um2_0_2120.npy,P0/data/dataset_Particles2SNR_F_c1/train/2um/HFocusing_5_10_2um2_0_2120.npy,2um,449,16384,1,31,1,2046.4869384765625,3,peak_bin_energy_over_lowest_window_energy,8.92586428096154e-05,0.029677961614881992,0.02967809584053069,0.05602267370503,4.7441144824087024e-05,0.028299261133428514,0.028299300898789,0.02095171798177553,0.9759944362255719,1.0299533574498842e-11
HFocusing_5_10_2um2_0_2123.npy,P0/data/dataset_Particles2SNR_F_c1/train/2um/HFocusing_5_10_2um2_0_2123.npy,2um,450,16384,7,31,5,1969.6065673828125,3,peak_bin_energy_over_lowest_window_energy,-2.8836452954476762e-05,0.030389151536502044,0.03038916521804282,-0.07193923717272144,3.3367969484046856e-06,0.027218779049760927,0.027218779254292762,-0.04265783244097632,0.8887223275272899,1.0265936273369325e-11
HFocusing_5_10_2um2_0_2126.npy,P0/data/dataset_Particles2SNR_F_c1/train/2um/HFocusing_5_10_2um2_0_2126.npy,2um,451,16384,0,31,0,1870.7384033203125,3,peak_bin_energy_over_lowest_window_energy,-7.451627943842044e-05,0.02750470322352782,0.027504804163822782,0.17861514082191432,-4.963741630152007e-05,0.0264133513428532,0.02641339798348751,0.14453537254425797,0.9749272669734698,1.3704307214655347e-11
HFocusing_5_10_2um2_0_2127.npy,P0/data/dataset_Particles2SNR_F_c1/train/2um/HFocusing_5_10_2um2_0_2127.npy,2um,452,16384,4,31,8,1855.775390625,3,peak_bin_energy_over_lowest_window_energy,2.0598993098331877e-05,0.03671062381261734,0.03671062959185015,1.4278993908345106,-1.925676652455678e-06,0.03601014072386318,0.03601014077535188,1.4974317284968546,0.9878404924648269,9.7705118799777e-12
HFocusing_5_10_2um2_0_2133.npy,P0/data/dataset_Particles2SNR_F_c1/train/2um/HFocusing_5_10_2um2_0_2133.npy,2um,453,16384,0,31,0,2007.0377197265625,3,peak_bin_energy_over_lowest_window_energy,-3.8049006201953706e-06,0.02769221997095094,0.0276922202323469,-0.04173248296803456,-7.137970223145988e-06,0.026603948393115064,0.026603949350691308,-0.003632958667170172,0.9738717804991295,1.119417206761586e-11
HFocusing_5_10_2um2_0_2134.npy,P0/data/dataset_Particles2SNR_F_c1/train/2um/HFocusing_5_10_2um2_0_2134.npy,2um,454,16384,3,31,5,2078.123779296875,3,peak_bin_energy_over_lowest_window_energy,-6.444125097924248e-05,0.033970221103635394,0.03397028222586181,1.45120760089429,-7.016298861066e-05,0.03306796276933373,0.03306803720451234,1.5495733443643642,0.9843768099361717,1.3832481504350264e-11
HFocusing_5_10_2um2_0_2137.npy,P0/data/dataset_Particles2SNR_F_c1/train/2um/HFocusing_5_10_2um2_0_2137.npy,2um,455,16384,3,31,1,2043.8441162109375,3,peak_bin_energy_over_lowest_window_energy,0.00011473318833480865,0.027633736809942088,0.02763397499068228,-0.06750903980870238,9.544020078797576e-05,0.026569199158719355,0.026569370575300042,-0.07089316434798976,0.9784303595810346,1.0681520621609763e-11
HFocusing_5_10_2um2_0_2138.npy,P0/data/dataset_Particles2SNR_F_c1/train/2um/HFocusing_5_10_2um2_0_2138.npy,2um,456,16384,9,31,19,2625.094970703125,3,peak_bin_energy_over_lowest_window_energy,-4.53178089614762e-05,0.03951378562508981,0.0395138116122624,1.5697325715553818,-6.493447933525462e-05,0.03877030102260693,0.03877035540035921,1.6338639585536088,0.9889414896290663,7.178853976747948e-12
HFocusing_5_10_2um2_0_2141.npy,P0/data/dataset_Particles2SNR_F_c1/train/2um/HFocusing_5_10_2um2_0_2141.npy,2um,457,16384,0,31,0,1636.9075927734375,3,peak_bin_energy_over_lowest_window_energy,-5.603240776208076e-05,0.026640629171628898,0.02664068809717505,-0.06823627380190889,-4.674745203880837e-05,0.025647778021074367,0.0256478206236432,-0.0385013673044825,0.9746528124751174,1.0760489563334738e-11
HFocusing_5_10_2um2_0_2145.npy,P0/data/dataset_Particles2SNR_F_c1/train/2um/HFocusing_5_10_2um2_0_2145.npy,2um,458,16384,0,31,0,1821.5086669921875,3,peak_bin_energy_over_lowest_window_energy,2.06806099183719e-05,0.027197223153206964,0.027197231015913433,0.2288468557784209,-9.14763243297828e-06,0.02601436884057853,0.026014370448904624,0.27325479158287,0.9702470183896278,1.4179314747015503e-11
HFocusing_5_10_2um2_0_2146.npy,P0/data/dataset_Particles2SNR_F_c1/train/2um/HFocusing_5_10_2um2_0_2146.npy,2um,459,16384,4,31,2,1603.5894775390625,3,peak_bin_energy_over_lowest_window_energy,2.1744005848164598e-05,0.027353791646658573,0.02735380028900187,-0.04177624671117197,7.637881116438229e-07,0.026098539189693685,0.026098539200870026,-0.0024163138206487744,0.9728790749682058,1.0423275848532256e-11
HFocusing_5_10_2um2_0_2149.npy,P0/data/dataset_Particles2SNR_F_c1/train/2um/HFocusing_5_10_2um2_0_2149.npy,2um,460,16384,0,31,0,1749.5611572265625,3,peak_bin_energy_over_lowest_window_energy,-3.264350007082275e-05,0.026925915643597753,0.026925935431183056,0.32030159537085146,-2.461132127229584e-05,0.025778472146021098,0.025778483894525688,0.38108397137640493,0.9742956123692893,1.0619576287809735e-11
HFocusing_5_10_2um2_0_215.npy,P0/data/dataset_Particles2SNR_F_c1/train/2um/HFocusing_5_10_2um2_0_215.npy,2um,461,16384,0,31,0,1996.2557373046875,3,peak_bin_energy_over_lowest_window_energy,-3.8523015291107285e-05,0.027676636599853328,0.027676663409866586,-0.1518549190573344,-1.8783729000784058e-05,0.026660268309002717,0.026660274926123505,-0.1818196428784815,0.9737534217887124,8.511930323470668e-12
HFocusing_5_10_2um2_0_2153.npy,P0/data/dataset_Particles2SNR_F_c1/train/2um/HFocusing_5_10_2um2_0_2153.npy,2um,462,16384,5,31,5,2080.4033203125,3,peak_bin_energy_over_lowest_window_energy,-0.00019657416380806185,0.02965111161650624,0.02965176321058139,-0.1319801700655181,-0.00015608274051007035,0.0287618739929858,0.02876229749881393,-0.09171042853263822,0.9813773543729469,9.89568005592797e-12
HFocusing_5_10_2um2_0_2154.npy,P0/data/dataset_Particles2SNR_F_c1/train/2um/HFocusing_5_10_2um2_0_2154.npy,2um,463,16384,3,31,2,1962.6881103515625,3,peak_bin_energy_over_lowest_window_energy,2.0637944696653843e-05,0.029607765122801222,0.02960777231558845,0.09849597431918511,1.7890456057114883e-05,0.02872433215379709,0.02872433772517792,0.1319127369413544,0.9811427171635355,9.744137209764874e-12
HFocusing_5_10_2um2_0_2157.npy,P0/data/dataset_Particles2SNR_F_c1/train/2um/HFocusing_5_10_2um2_0_2157.npy,2um,464,16384,0,31,0,1849.3983154296875,3,peak_bin_energy_over_lowest_window_energy,7.547536738854199e-06,0.027474182197923327,0.027474183234629523,0.011826785074814161,2.1552145993594302e-06,0.026372740267536898,0.026372740355600367,0.004319526309044086,0.9765214232922077,1.1374135413196684e-11
HFocusing_5_10_2um2_0_2158.npy,P0/data/dataset_Particles2SNR_F_c1/train/2um/HFocusing_5_10_2um2_0_2158.npy,2um,465,16384,3,31,6,1845.2607421875,3,peak_bin_energy_over_lowest_window_energy,-2.998475641069687e-05,0.036284715550992754,0.03628472794030668,8.415773179668316,-2.0368157632785364e-05,0.035575102410818446,0.03557510824160716,9.157459661261699,0.9885599847343353,1.3962573056922188e-11
HFocusing_5_10_2um2_0_2161.npy,P0/data/dataset_Particles2SNR_F_c1/train/2um/HFocusing_5_10_2um2_0_2161.npy,2um,466,16384,3,31,2,1895.2392578125,3,peak_bin_energy_over_lowest_window_energy,-7.055744847107257e-05,0.02829623206485738,0.028296320033209227,0.22308149018194534,-5.8496228815647294e-05,0.027406173810657828,0.027406236238286582,0.23929709173931046,0.9778941184285319,8.730027512413183e-12
HFocusing_5_10_2um2_0_2162.npy,P0/data/dataset_Particles2SNR_F_c1/train/2um/HFocusing_5_10_2um2_0_2162.npy,2um,467,16384,6,31,12,1977.89453125,3,peak_bin_energy_over_lowest_window_energy,-2.5074431049421103e-05,0.04216477388624096,0.04216478134183693,2.6547085093165697,-1.1599848166927719e-05,0.03731084274602761,0.037310844549209535,1.8899784944051836,0.9225610383058304,5.80838665817816e-12
HFocusing_5_10_2um2_0_2168.npy,P0/data/dataset_Particles2SNR_F_c1/train/2um/HFocusing_5_10_2um2_0_2168.npy,2um,468,16384,0,31,0,1651.9578857421875,3,peak_bin_energy_over_lowest_window_energy,-3.805822712293158e-05,0.02612143722480886,0.02612146494969763,-0.05735554526167652,-3.475141068797682e-05,0.02518363009061703,0.02518365406769987,-0.046947935724132694,0.9737625425034353,1.0086538513263705e-11
HFocusing_5_10_2um2_0_2169.npy,P0/data/dataset_Particles2SNR_F_c1/train/2um/HFocusing_5_10_2um2_0_2169.npy,2um,469,16384,3,31,7,1683.3677978515625,3,peak_bin_energy_over_lowest_window_energy,5.516450841002558e-05,0.03355575237268691,0.033555797716938146,1.4441656004568566,2.180860210438499e-05,0.032504538175119446,0.032504545491252805,1.636333670421915,0.9809550659207155,8.583178119182666e-12
HFocusing_5_10_2um2_0_2172.npy,P0/data/dataset_Particles2SNR_F_c1/train/2um/HFocusing_5_10_2um2_0_2172.npy,2um,470,16384,5,31,9,1895.6810302734375,3,peak_bin_energy_over_lowest_window_energy,-1.3268451651074785e-05,0.03357028121375876,0.0335702838358965,1.8256671654464878,3.483461844696249e-06,0.03265837264030404,0.03265837282608345,2.046362426740208,0.9817715594074347,8.167306630896812e-12
HFocusing_5_10_2um2_0_2174.npy,P0/data/dataset_Particles2SNR_F_c1/train/2um/HFocusing_5_10_2um2_0_2174.npy,2um,471,16384,0,31,0,1896.0679931640625,3,peak_bin_energy_over_lowest_window_energy,2.335522379100142e-05,0.027345154718739297,0.027345164692469275,-0.071142106092275,1.209953699085734e-05,0.026385148497247123,0.026385151271512117,-0.09688526132662201,0.9786179938108002,1.0846490543039206e-11
HFocusing_5_10_2um2_0_2175.npy,P0/data/dataset_Particles2SNR_F_c1/train/2um/HFocusing_5_10_2um2_0_2175.npy,2um,472,16384,0,31,0,1866.6751708984375,3,peak_bin_energy_over_lowest_window_energy,9.255778269827471e-05,0.027113201017507468,0.02711335900177081,0.02962031809177379,9.499428339856876e-05,0.026079346424359003,0.026079519432604677,0.13496988436439938,0.9765673650946096,1.0288671037650905e-11
HFocusing_5_10_2um2_0_2177.npy,P0/data/dataset_Particles2SNR_F_c1/train/2um/HFocusing_5_10_2um2_0_2177.npy,2um,473,16384,0,31,0,1935.73828125,3,peak_bin_energy_over_lowest_window_energy,-0.00020336497853357932,0.027320818955845292,0.02732157582813571,-0.006810544942890573,-0.00017685525060582715,0.02625658967102738,0.026257185281982693,0.0723219466927838,0.9755755717627984,1.2412900926231467e-11
HFocusing_5_10_2um2_0_2180.npy,P0/data/dataset_Particles2SNR_F_c1/train/2um/HFocusing_5_10_2um2_0_2180.npy,2um,474,16384,7,31,8,1966.4964599609375,3,peak_bin_energy_over_lowest_window_energy,2.889587879812932e-05,0.032682299681898404,0.032682312455963515,1.0734940488661913,3.777862249256648e-05,0.031874018726693536,0.031874041115207336,1.140096824735898,0.9856886299067283,7.423583092808358e-12
HFocusing_5_10_2um2_0_2183.npy,P0/data/dataset_Particles2SNR_F_c1/train/2um/HFocusing_5_10_2um2_0_2183.npy,2um,475,16384,5,31,4,1919.2236328125,3,peak_bin_energy_over_lowest_window_energy,0.00010612453210592126,0.028684600136008577,0.02868479645001892,0.05882453735413051,8.634461619205663e-05,0.027650713355009026,0.027650848168430924,0.08490160371086031,0.9754093195021363,1.158837121870177e-11
HFocusing_5_10_2um2_0_2184.npy,P0/data/dataset_Particles2SNR_F_c1/train/2um/HFocusing_5_10_2um2_0_2184.npy,2um,476,16384,1,31,1,1801.3170166015625,3,peak_bin_energy_over_lowest_window_energy,-4.408625546734362e-06,0.02721529998192681,0.02721530033900498,0.0409694261841298,2.654951638497763e-05,0.026149506238741866,0.026149519716561143,0.06852177493345524,0.9754329914364143,1.5484865687385078e-11
HFocusing_5_10_2um2_0_2187.npy,P0/data/dataset_Particles2SNR_F_c1/train/2um/HFocusing_5_10_2um2_0_2187.npy,2um,477,16384,6,31,4,2091.510009765625,3,peak_bin_energy_over_lowest_window_energy,4.7511006571371485e-05,0.028524950621366237,0.02852499018837916,0.12753429333701094,4.042475532556522e-05,0.027447715414075865,0.027447745182672855,0.11486664460691465,0.973431668794671,1.043844901211327e-11
HFocusing_5_10_2um2_0_2188.npy,P0/data/dataset_Particles2SNR_F_c1/train/2um/HFocusing_5_10_2um2_0_2188.npy,2um,478,16384,5,31,11,2104.417236328125,3,peak_bin_energy_over_lowest_window_energy,-1.2490128928497582e-05,0.0379265842460436,0.03792658630269225,5.028322995140519,7.468403219601124e-06,0.03728382911300344,0.0372838298610093,5.375972182912774,0.9892749354365705,1.0630014825523207e-11
HFocusing_5_10_2um2_0_2191.npy,P0/data/dataset_Particles2SNR_F_c1/train/2um/HFocusing_5_10_2um2_0_2191.npy,2um,479,16384,8,31,9,1670.0950927734375,3,peak_bin_energy_over_lowest_window_energy,7.768448989036452e-05,0.03346578458754778,0.03346587475235214,0.7725777488665702,7.25064717617109e-05,0.032296419047217285,0.03229650043676415,0.8988798102308881,0.9734059484380247,8.942484419595361e-12
HFocusing_5_10_2um2_0_2198.npy,P0/data/dataset_Particles2SNR_F_c1/train/2um/HFocusing_5_10_2um2_0_2198.npy,2um,480,16384,1,31,1,1781.75732421875,3,peak_bin_energy_over_lowest_window_energy,5.059088237279051e-05,0.029978721713689028,0.029978764401225565,0.13697417970634307,3.942444285314442e-05,0.026567534176564274,0.02656756342816565,-0.09380482783356392,0.8955623053580056,1.106461195633314e-11
HFocusing_5_10_2um2_0_220.npy,P0/data/dataset_Particles2SNR_F_c1/train/2um/HFocusing_5_10_2um2_0_220.npy,2um,481,16384,0,31,0,2027.2376708984375,3,peak_bin_energy_over_lowest_window_energy,0.0001625488784731189,0.029786521434147457,0.0297869649559135,0.0695534554552979,0.00011698123250008133,0.027721884145523294,0.027722130964025347,0.01391560725616392,0.9201036500370315,8.73654502334187e-12
HFocusing_5_10_2um2_0_2200.npy,P0/data/dataset_Particles2SNR_F_c1/train/2um/HFocusing_5_10_2um2_0_2200.npy,2um,482,16384,3,31,5,1867.2457275390625,3,peak_bin_energy_over_lowest_window_energy,3.6380062524623487e-05,0.03292852727882107,0.03292854737550705,5.303250475164836,1.5421274721823442e-05,0.03209771505800534,0.03209771876256344,5.672970761956247,0.9833518125172875,1.0637125844350138e-11
HFocusing_5_10_2um2_0_2201.npy,P0/data/dataset_Particles2SNR_F_c1/train/2um/HFocusing_5_10_2um2_0_2201.npy,2um,483,16384,1,31,8,1705.7152099609375,3,peak_bin_energy_over_lowest_window_energy,4.4698990552385204e-05,0.03364996232391656,0.033649992011897424,1.2035633652064188,3.159615632294675e-05,0.032702122779197734,0.03270213804299067,1.378099710373288,0.9805128293566655,1.1023843286956693e-11
HFocusing_5_10_2um2_0_2204.npy,P0/data/dataset_Particles2SNR_F_c1/train/2um/HFocusing_5_10_2um2_0_2204.npy,2um,484,16384,0,31,0,1879.4024658203125,3,peak_bin_energy_over_lowest_window_energy,-3.297810929243146e-05,0.027016496245488002,0.02701651637310332,-0.1706173724124982,-2.9911277176412802e-05,0.026020437151777497,0.026020454343729377,-0.16964037454773262,0.9763800419972571,1.0251884867225834e-11
HFocusing_5_10_2um2_0_2205.npy,P0/data/dataset_Particles2SNR_F_c1/train/2um/HFocusing_5_10_2um2_0_2205.npy,2um,485,16384,6,31,11,2116.49609375,3,peak_bin_energy_over_lowest_window_energy,7.656683465049054e-05,0.039178685613044065,0.039178760430186074,0.8575925256883519,6.11970874819858e-05,0.038234264526733605,0.0382343135021901,0.8909815220126722,0.9863897135445702,1.1302345983952759e-11
HFocusing_5_10_2um2_0_2208.npy,P0/data/dataset_Particles2SNR_F_c1/train/2um/HFocusing_5_10_2um2_0_2208.npy,2um,486,16384,0,31,0,2060.815185546875,3,peak_bin_energy_over_lowest_window_energy,-4.608398049126497e-05,0.027852068520096997,0.027852106645304874,-0.060656954975218724,-4.630746538610852e-05,0.026851449137188944,0.026851489067617744,-0.0996945378258669,0.9754557360921507,1.1459761688248486e-11
HFocusing_5_10_2um2_0_2209.npy,P0/data/dataset_Particles2SNR_F_c1/train/2um/HFocusing_5_10_2um2_0_2209.npy,2um,487,16384,0,31,0,1764.7818603515625,3,peak_bin_energy_over_lowest_window_energy,-4.6392832123479706e-05,0.026849068175594012,0.026849108256934113,0.03518345485129304,-3.365077598288016e-05,0.02575049265352818,0.02575051464095685,0.05897731918780824,0.9774104532184648,9.074798329978854e-12
HFocusing_5_10_2um2_0_2212.npy,P0/data/dataset_Particles2SNR_F_c1/train/2um/HFocusing_5_10_2um2_0_2212.npy,2um,488,16384,0,31,0,1881.6158447265625,3,peak_bin_energy_over_lowest_window_energy,-6.783464602043394e-07,0.026752953582738454,0.026752953591338516,-0.061330499756537815,-1.4167606074391112e-05,0.025789893550930684,0.025789897442397826,-0.09390784395386431,0.976424283559486,1.172878068509852e-11
HFocusing_5_10_2um2_0_2222.npy,P0/data/dataset_Particles2SNR_F_c1/train/2um/HFocusing_5_10_2um2_0_2222.npy,2um,489,16384,7,31,8,1853.6724853515625,3,peak_bin_energy_over_lowest_window_energy,4.635573344957971e-05,0.0313876736953877,0.031387707926227366,0.49759103561742846,2.7150612847649255e-05,0.030567330157767338,0.030567342215667533,0.5504650729476803,0.9828141297429938,1.101964256358563e-11
HFocusing_5_10_2um2_0_2223.npy,P0/data/dataset_Particles2SNR_F_c1/train/2um/HFocusing_5_10_2um2_0_2223.npy,2um,490,16384,6,31,15,1996.2911376953125,3,peak_bin_energy_over_lowest_window_energy,1.0593527696959065e-05,0.037021309760754365,0.03702131127640613,2.204572795320429,1.641102272744886e-05,0.0362337325352795,0.03623373625172871,2.423186852145429,0.9861280243549356,8.346433845496643e-12
HFocusing_5_10_2um2_0_2225.npy,P0/data/dataset_Particles2SNR_F_c1/train/2um/HFocusing_5_10_2um2_0_2225.npy,2um,491,16384,0,31,0,1828.3271484375,3,peak_bin_energy_over_lowest_window_energy,-8.477100054150017e-05,0.026893398235849766,0.026893531839357585,-0.023785577483586007,-7.331083012337296e-05,0.02592195691200353,0.025922060578310147,-0.02496022497992456,0.9768274424912287,1.2573618930776193e-11
HFocusing_5_10_2um2_0_223.npy,P0/data/dataset_Particles2SNR_F_c1/train/2um/HFocusing_5_10_2um2_0_223.npy,2um,492,16384,17,31,18,2401.7646484375,3,peak_bin_energy_over_lowest_window_energy,-7.500033092009083e-05,0.042867269935114756,0.0428673355451401,3.497096302533852,-5.315410709347831e-05,0.04212984433931519,0.042129877870865334,3.7432271032196605,0.9893074039323047,7.669066414719511e-12
HFocusing_5_10_2um2_0_2232.npy,P0/data/dataset_Particles2SNR_F_c1/train/2um/HFocusing_5_10_2um2_0_2232.npy,2um,493,16384,9,31,7,2375.333740234375,3,peak_bin_energy_over_lowest_window_energy,-3.1443227271228533e-06,0.030291017631580302,0.030291017794776623,0.14327712296183392,-5.050613429650162e-06,0.029322241306497146,0.02932224174146894,0.10783327096522877,0.9790498870767945,1.0233800983542974e-11
HFocusing_5_10_2um2_0_2233.npy,P0/data/dataset_Particles2SNR_F_c1/train/2um/HFocusing_5_10_2um2_0_2233.npy,2um,494,16384,3,31,4,2109.307861328125,3,peak_bin_energy_over_lowest_window_energy,8.443758284670827e-08,0.029191874458236917,0.029191874458359034,0.07753803326791209,1.6352237474630118e-06,0.027981565648637227,0.027981565696417913,0.10118811392597715,0.9755553807152848,1.3888944341145319e-11
HFocusing_5_10_2um2_0_2235.npy,P0/data/dataset_Particles2SNR_F_c1/train/2um/HFocusing_5_10_2um2_0_2235.npy,2um,495,16384,0,31,0,1777.5267333984375,3,peak_bin_energy_over_lowest_window_energy,7.01618900612946e-05,0.02618235506682055,0.02618244907444452,-0.10192293276871967,2.633453348964197e-05,0.02503179619984234,0.025031810052373274,-0.08928094288383814,0.9718152698221707,1.274384884589332e-11
HFocusing_5_10_2um2_0_2236.npy,P0/data/dataset_Particles2SNR_F_c1/train/2um/HFocusing_5_10_2um2_0_2236.npy,2um,496,16384,3,31,10,2185.369384765625,3,peak_bin_energy_over_lowest_window_energy,-0.00011924594889064346,0.039255918668858435,0.039256099782484184,0.9886997558259156,-0.00010992681478404177,0.03837240257194189,0.038372560027287485,1.0798639563777321,0.9865879896491455,1.1289021863059467e-11
HFocusing_5_10_2um2_0_2239.npy,P0/data/dataset_Particles2SNR_F_c1/train/2um/HFocusing_5_10_2um2_0_2239.npy,2um,497,16384,3,31,8,2015.9248046875,3,peak_bin_energy_over_lowest_window_energy,7.180041712383096e-05,0.037526390795516985,0.03752645948444592,1.2218221621721446,6.983017473050684e-05,0.03685462840777435,0.03685469456295128,1.310318874643519,0.9882986738092127,1.0487716278112068e-11
HFocusing_5_10_2um2_0_2242.npy,P0/data/dataset_Particles2SNR_F_c1/train/2um/HFocusing_5_10_2um2_0_2242.npy,2um,498,16384,2,31,1,2174.015625,3,peak_bin_energy_over_lowest_window_energy,0.0001528646271473264,0.028635026637018196,0.028635434658775036,0.12075744048429682,0.00013062378062889433,0.02740866482299451,0.02740897608359937,0.11139447602306429,0.9723903252564978,1.2407516864138824e-11
HFocusing_5_10_2um2_0_2245.npy,P0/data/dataset_Particles2SNR_F_c1/train/2um/HFocusing_5_10_2um2_0_2245.npy,2um,499,16384,6,31,10,2238.023681640625,3,peak_bin_energy_over_lowest_window_energy,-9.58311238226793e-05,0.035612384249666534,0.03561251318778542,1.6662900485667542,-8.81618441230675e-05,0.034862931085730686,0.03486304255797486,1.7941195937680048,0.9883693761625537,1.1010584450979184e-11
HFocusing_5_10_2um2_0_2249.npy,P0/data/dataset_Particles2SNR_F_c1/train/2um/HFocusing_5_10_2um2_0_2249.npy,2um,500,16384,1,31,4,2058.5361328125,3,peak_bin_energy_over_lowest_window_energy,7.43429874082664e-05,0.03519864808336489,0.035198726593107646,0.9283842876436608,6.519648007367046e-05,0.033900166949325856,0.03390022964189445,0.9653245752434061,0.9832404424433205,8.678861577607166e-12
HFocusing_5_10_2um2_0_2253.npy,P0/data/dataset_Particles2SNR_F_c1/train/2um/HFocusing_5_10_2um2_0_2253.npy,2um,501,16384,5,31,10,1918.4246826171875,3,peak_bin_energy_over_lowest_window_energy,-3.111551709187208e-05,0.03494632959272896,0.03494634344504512,0.9703295721289504,-2.861049228749862e-05,0.03393840822031224,0.03393842027980716,0.9557888254276139,0.9846750330333203,1.070984168341716e-11
HFocusing_5_10_2um2_0_2258.npy,P0/data/dataset_Particles2SNR_F_c1/train/2um/HFocusing_5_10_2um2_0_2258.npy,2um,502,16384,2,31,8,2072.50244140625,3,peak_bin_energy_over_lowest_window_energy,-4.1236063829162296e-05,0.033736689676539824,0.03373671487777239,0.5023225562911597,-3.4997035838300586e-05,0.03238775412137343,0.03238777302963356,0.5220631051151905,0.9811842098544705,1.1245413916197641e-11
HFocusing_5_10_2um2_0_226.npy,P0/data/dataset_Particles2SNR_F_c1/train/2um/HFocusing_5_10_2um2_0_226.npy,2um,503,16384,11,31,17,2574.472900390625,3,peak_bin_energy_over_lowest_window_energy,-2.6403640451264787e-05,0.036789487761214615,0.03678949723609701,1.2791688208448146,-7.05042880945476e-06,0.03589879501852308,0.035898795710865905,1.4196487146128005,0.9845173827957553,7.786103543874208e-12
HFocusing_5_10_2um2_0_2261.npy,P0/data/dataset_Particles2SNR_F_c1/train/2um/HFocusing_5_10_2um2_0_2261.npy,2um,504,16384,0,31,0,1661.2679443359375,3,peak_bin_energy_over_lowest_window_energy,-4.2895360755152085e-06,0.02664699631293863,0.02664699665819555,0.1505194270726311,2.7144168329446068e-06,0.025591480470346796,0.0255914806143021,0.13347533614699092,0.9744473820787246,1.2796867838939062e-11
HFocusing_5_10_2um2_0_2264.npy,P0/data/dataset_Particles2SNR_F_c1/train/2um/HFocusing_5_10_2um2_0_2264.npy,2um,505,16384,0,31,0,1749.6038818359375,3,peak_bin_energy_over_lowest_window_energy,1.7396189758421264e-05,0.026945132194368417,0.026945137809991016,0.23862548391905847,-8.177578092795252e-06,0.025931186264256372,0.02593118755368411,0.26627074978289755,0.9771910236057809,9.079804086513005e-12
HFocusing_5_10_2um2_0_2265.npy,P0/data/dataset_Particles2SNR_F_c1/train/2um/HFocusing_5_10_2um2_0_2265.npy,2um,506,16384,7,31,9,2071.928955078125,3,peak_bin_energy_over_lowest_window_energy,7.356084392578492e-06,0.03120777372410753,0.031207774591070634,0.18953428322308818,1.3161384996062928e-05,0.028756557399585398,0.02875656041145576,0.15311641501094053,0.9475423952473176,9.605837963156826e-12
HFocusing_5_10_2um2_0_2268.npy,P0/data/dataset_Particles2SNR_F_c1/train/2um/HFocusing_5_10_2um2_0_2268.npy,2um,507,16384,2,31,8,1990.5572509765625,3,peak_bin_energy_over_lowest_window_energy,-7.965963035914939e-05,0.03169180432935941,0.031691904444307424,1.161390183900548,-6.59574837459761e-05,0.030757176165851743,0.03075724688730935,1.3333558278445876,0.9787957643131112,1.1226090791761147e-11
HFocusing_5_10_2um2_0_2271.npy,P0/data/dataset_Particles2SNR_F_c1/train/2um/HFocusing_5_10_2um2_0_2271.npy,2um,508,16384,7,31,10,2286.498779296875,3,peak_bin_energy_over_lowest_window_energy,6.576247869804609e-05,0.03569027089676848,0.03569033148330685,2.40359706464099,4.777404751912583e-05,0.03485637724958571,0.03485640998905441,2.664464295466148,0.9840525071770581,8.342718425316636e-12
HFocusing_5_10_2um2_0_2273.npy,P0/data/dataset_Particles2SNR_F_c1/train/2um/HFocusing_5_10_2um2_0_2273.npy,2um,509,16384,4,31,3,2129.615966796875,3,peak_bin_energy_over_lowest_window_energy,6.52457109377015e-05,0.028274399199725162,0.028274474479788564,-0.14728479846138276,5.5622461033824565e-05,0.027300300290233583,0.027300356953620576,-0.19087013948813691,0.9776246110874104,1.2895687952115693e-11
HFocusing_5_10_2um2_0_2277.npy,P0/data/dataset_Particles2SNR_F_c1/train/2um/HFocusing_5_10_2um2_0_2277.npy,2um,510,16384,3,31,2,1623.5216064453125,3,peak_bin_energy_over_lowest_window_energy,-1.3126561617138133e-05,0.027198439060699253,0.02719844222828195,0.12831051774825886,-1.3844130608565526e-05,0.026056062652215294,0.026056066330052988,0.14599956413938298,0.9716813178951166,1.5987166795358836e-11
HFocusing_5_10_2um2_0_2278.npy,P0/data/dataset_Particles2SNR_F_c1/train/2um/HFocusing_5_10_2um2_0_2278.npy,2um,511,16384,1,31,8,1895.4334716796875,3,peak_bin_energy_over_lowest_window_energy,9.783701778649917e-05,0.034774495873413525,0.03477463350392213,1.6228421957895316,6.585517756911925e-05,0.03385423465214667,0.03385429870469954,1.7266675734142165,0.9826886947050207,1.3087902378123408e-11
HFocusing_5_10_2um2_0_2281.npy,P0/data/dataset_Particles2SNR_F_c1/train/2um/HFocusing_5_10_2um2_0_2281.npy,2um,512,16384,3,31,7,1864.0576171875,3,peak_bin_energy_over_lowest_window_energy,-0.00010553124484037802,0.030491365955106126,0.030491548577463928,0.328795699461208,-8.412928294909287e-05,0.02960376327334632,0.029603882814262353,0.37038644639462204,0.9814332389566248,6.8658085469771995e-12
HFocusing_5_10_2um2_0_2284.npy,P0/data/dataset_Particles2SNR_F_c1/train/2um/HFocusing_5_10_2um2_0_2284.npy,2um,513,16384,8,31,9,2123.329833984375,3,peak_bin_energy_over_lowest_window_energy,8.214609389062052e-05,0.0351493306807836,0.035149426670826614,1.2481926531684824,5.8835619136528336e-05,0.034337863947779074,0.03433791435317912,1.4450959496028224,0.9837159839149683,9.382222213322607e-12
HFocusing_5_10_2um2_0_2286.npy,P0/data/dataset_Particles2SNR_F_c1/train/2um/HFocusing_5_10_2um2_0_2286.npy,2um,514,16384,0,31,0,2081.54248046875,3,peak_bin_energy_over_lowest_window_energy,-5.781791611333705e-06,0.027938084216750775,0.027938084815022184,-0.1139809570337671,-1.7554452210273894e-05,0.02695990284926671,0.02695990856439783,-0.12624208113385826,0.9801905574512588,9.3378970368117e-12
HFocusing_5_10_2um2_0_2287.npy,P0/data/dataset_Particles2SNR_F_c1/train/2um/HFocusing_5_10_2um2_0_2287.npy,2um,515,16384,3,31,7,1906.97265625,3,peak_bin_energy_over_lowest_window_energy,0.00012499600543010878,0.04138655370782512,0.04138674246436975,10.123958964908786,9.03571237268876e-05,0.04058573276916057,0.040585833351300324,10.807880004718594,0.9871463578730234,1.3209944357397296e-11
HFocusing_5_10_2um2_0_2290.npy,P0/data/dataset_Particles2SNR_F_c1/train/2um/HFocusing_5_10_2um2_0_2290.npy,2um,516,16384,10,31,9,2103.763671875,3,peak_bin_energy_over_lowest_window_energy,-7.101086326194848e-05,0.033250327562733994,0.03325040338961032,0.25065831666588023,-6.918226485518432e-05,0.03223238352555252,0.032232457770453686,0.2730137827521144,0.9794945324993535,1.1358180118950331e-11
HFocusing_5_10_2um2_0_2293.npy,P0/data/dataset_Particles2SNR_F_c1/train/2um/HFocusing_5_10_2um2_0_2293.npy,2um,517,16384,3,31,6,1748.9034423828125,3,peak_bin_energy_over_lowest_window_energy,-6.226831548831868e-05,0.02972296958513777,0.02972303480975889,0.42829504673315366,-5.1175288842205915e-05,0.028342744041596545,0.028342790242275803,0.3982881951032353,0.9728719421745708,1.071584459103176e-11
HFocusing_5_10_2um2_0_2296.npy,P0/data/dataset_Particles2SNR_F_c1/train/2um/HFocusing_5_10_2um2_0_2296.npy,2um,518,16384,0,31,0,1955.7120361328125,3,peak_bin_energy_over_lowest_window_energy,2.6050342510828598e-05,0.02722599480541258,0.0272260072681379,-0.013253571845246892,1.8604682620368217e-05,0.02624652792074119,0.026246534514645207,0.0007728853250350554,0.9771751931979961,1.1730726324919425e-11
HFocusing_5_10_2um2_0_2297.npy,P0/data/dataset_Particles2SNR_F_c1/train/2um/HFocusing_5_10_2um2_0_2297.npy,2um,519,16384,3,31,4,2199.738037109375,3,peak_bin_energy_over_lowest_window_energy,-1.894868310908847e-05,0.03419813082719525,0.034198136076788656,4.993040425890423,-2.1522231360682682e-05,0.03328890800904542,0.03328891496641384,5.5133948200492835,0.9826364815132076,1.0305509747939897e-11
HFocusing_5_10_2um2_0_2300.npy,P0/data/dataset_Particles2SNR_F_c1/train/2um/HFocusing_5_10_2um2_0_2300.npy,2um,520,16384,0,31,0,1891.0665283203125,3,peak_bin_energy_over_lowest_window_energy,-1.0508343577236213e-05,0.027574972751169186,0.027574974753442796,-0.04917918373352004,6.439774316032036e-06,0.02660864344321906,0.02660864422249014,-0.04949553923767391,0.9757961002812013,1.1246336613549249e-11
HFocusing_5_10_2um2_0_2301.npy,P0/data/dataset_Particles2SNR_F_c1/train/2um/HFocusing_5_10_2um2_0_2301.npy,2um,521,16384,1,31,2,1858.5703125,3,peak_bin_energy_over_lowest_window_energy,2.192565065641856e-05,0.038275770552846776,0.038275776832721875,3.216082267694717,3.530884680039757e-05,0.03736874348381263,0.03736876016505835,3.437394205646485,0.9875927947119301,8.117597081854313e-12
HFocusing_5_10_2um2_0_2304.npy,P0/data/dataset_Particles2SNR_F_c1/train/2um/HFocusing_5_10_2um2_0_2304.npy,2um,522,16384,7,31,4,1938.9852294921875,3,peak_bin_energy_over_lowest_window_energy,-3.4321376140124885e-05,0.029199877067627594,0.029199897238199726,0.3860702566230225,-2.9119686586013937e-05,0.02828572615011784,0.02828574113923139,0.3830997045849127,0.9788966402400966,1.0511463025637556e-11
HFocusing_5_10_2um2_0_2308.npy,P0/data/dataset_Particles2SNR_F_c1/train/2um/HFocusing_5_10_2um2_0_2308.npy,2um,523,16384,7,31,10,2108.840576171875,3,peak_bin_energy_over_lowest_window_energy,-4.5855697339770415e-05,0.03415582109245135,0.03415585187408628,0.7816938118146739,-3.2025812032960593e-05,0.03323559207299076,0.03323560750302125,0.8637588526991595,0.9814503637089763,1.0860497302742855e-11
HFocusing_5_10_2um2_0_2311.npy,P0/data/dataset_Particles2SNR_F_c1/train/2um/HFocusing_5_10_2um2_0_2311.npy,2um,524,16384,3,31,2,1969.3582763671875,3,peak_bin_energy_over_lowest_window_energy,-3.308949512669375e-05,0.02813197665036984,0.028131996110685814,0.13522237761247036,-3.334307091005502e-05,0.027114003588977535,0.02711402409055993,0.15720239326685137,0.9768547205607071,1.0918349786956572e-11
HFocusing_5_10_2um2_0_2314.npy,P0/data/dataset_Particles2SNR_F_c1/train/2um/HFocusing_5_10_2um2_0_2314.npy,2um,525,16384,1,31,3,1838.9117431640625,3,peak_bin_energy_over_lowest_window_energy,6.337255036844955e-05,0.034468412766390184,0.034468471023739795,1.0228983161810943,4.796430491195765e-05,0.03348369912627055,0.0334837334799027,1.1391898234332993,0.9816176891650212,8.833916718118413e-12
HFocusing_5_10_2um2_0_2317.npy,P0/data/dataset_Particles2SNR_F_c1/train/2um/HFocusing_5_10_2um2_0_2317.npy,2um,526,16384,0,31,0,2186.114501953125,3,peak_bin_energy_over_lowest_window_energy,-0.0001169968458949569,0.02789013041995446,0.02789037581503732,-0.015056186077949452,-8.099079509556436e-05,0.026836910965221433,0.02683703317552282,-0.03613719199648946,0.9767633764872243,1.3546244614268508e-11
HFocusing_5_10_2um2_0_2318.npy,P0/data/dataset_Particles2SNR_F_c1/train/2um/HFocusing_5_10_2um2_0_2318.npy,2um,527,16384,2,31,2,1781.0623779296875,3,peak_bin_energy_over_lowest_window_energy,0.00017807472461417483,0.03784284870954928,0.03784326768477296,5.853925491313744,0.0001676099033840119,0.037127714813445754,0.03712809314182821,6.155555207378976,0.9861152733860358,1.3197899596859797e-11
HFocusing_5_10_2um2_0_232.npy,P0/data/dataset_Particles2SNR_F_c1/train/2um/HFocusing_5_10_2um2_0_232.npy,2um,528,16384,7,31,4,1731.111328125,3,peak_bin_energy_over_lowest_window_energy,-7.301791533464027e-06,0.03023544535557504,0.03023544623725808,1.0305938855355405,-1.6826450226881277e-05,0.029245058383249457,0.029245063223886123,1.2416438138920514,0.9800116718652179,1.091465193186546e-11
HFocusing_5_10_2um2_0_2320.npy,P0/data/dataset_Particles2SNR_F_c1/train/2um/HFocusing_5_10_2um2_0_2320.npy,2um,529,16384,9,31,12,1963.0711669921875,3,peak_bin_energy_over_lowest_window_energy,4.202026483071031e-05,0.03582417434891758,0.03582419899291959,1.5286230024869623,4.096671746420852e-05,0.03392684771683742,0.03392687245051356,1.3200397289808432,0.9707122205096236,9.996606201002512e-12
HFocusing_5_10_2um2_0_2323.npy,P0/data/dataset_Particles2SNR_F_c1/train/2um/HFocusing_5_10_2um2_0_2323.npy,2um,530,16384,0,31,0,1787.5406494140625,3,peak_bin_energy_over_lowest_window_energy,3.957411222600842e-05,0.025934783666233974,0.02593481385945762,-0.11211650299851383,2.8976116933081804e-05,0.024836415307701,0.024836432210604588,-0.08619960054492015,0.9690813504153969,1.2078144615963371e-11
HFocusing_5_10_2um2_0_2324.npy,P0/data/dataset_Particles2SNR_F_c1/train/2um/HFocusing_5_10_2um2_0_2324.npy,2um,531,16384,9,31,12,2059.095458984375,3,peak_bin_energy_over_lowest_window_energy,2.3034688047978367e-05,0.03989734487945085,0.03989735152897615,2.415829751979877,1.7753277241395624e-05,0.039129379984583136,0.03912938401197683,2.6514881100064436,0.9856318338031688,8.136663293023245e-12
HFocusing_5_10_2um2_0_2326.npy,P0/data/dataset_Particles2SNR_F_c1/train/2um/HFocusing_5_10_2um2_0_2326.npy,2um,532,16384,3,31,2,1948.71826171875,3,peak_bin_energy_over_lowest_window_energy,-9.101572705714317e-06,0.027205184194577386,0.027205185717056022,0.06273551606847372,-1.1949885637053654e-05,0.026169931773737484,0.026169934502054862,0.04471189028798905,0.9747062133274688,9.18361507448381e-12
HFocusing_5_10_2um2_0_2327.npy,P0/data/dataset_Particles2SNR_F_c1/train/2um/HFocusing_5_10_2um2_0_2327.npy,2um,533,16384,12,31,13,2441.998779296875,3,peak_bin_energy_over_lowest_window_energy,0.00013351980551028181,0.03699388182117919,0.03699412277291943,1.1909805042856432,0.00010426483989479476,0.03615198327654599,0.03615213362976658,1.3771868898403108,0.9840533697471273,8.471716920381163e-12
HFocusing_5_10_2um2_0_233.npy,P0/data/dataset_Particles2SNR_F_c1/train/2um/HFocusing_5_10_2um2_0_233.npy,2um,534,16384,12,31,18,2123.308349609375,3,peak_bin_energy_over_lowest_window_energy,5.06841532957823e-05,0.04746352836765865,0.047463555429307365,3.528157761332989,2.5252953356557484e-05,0.04636126264122384,0.04636126951885799,3.638629903116195,0.9905373839758566,9.735540586000048e-12
HFocusing_5_10_2um2_0_2332.npy,P0/data/dataset_Particles2SNR_F_c1/train/2um/HFocusing_5_10_2um2_0_2332.npy,2um,535,16384,0,31,0,2130.265869140625,3,peak_bin_energy_over_lowest_window_energy,-8.153964709579122e-05,0.02793976737067087,0.027939886353406183,-0.08043985715001734,-4.938193454614098e-05,0.026766608936495784,0.02676665448902338,-0.0625353509143931,0.9716898690038104,1.0183652157926312e-11
HFocusing_5_10_2um2_0_2337.npy,P0/data/dataset_Particles2SNR_F_c1/train/2um/HFocusing_5_10_2um2_0_2337.npy,2um,536,16384,1,31,6,1943.2421875,3,peak_bin_energy_over_lowest_window_energy,-5.885431886508931e-05,0.03800387720812831,0.03800392278017289,4.519574529259628,-4.8221592794909674e-05,0.037247672663234366,0.03724770387754752,4.853818150193375,0.9868616954681859,8.570097538281706e-12
HFocusing_5_10_2um2_0_2340.npy,P0/data/dataset_Particles2SNR_F_c1/train/2um/HFocusing_5_10_2um2_0_2340.npy,2um,537,16384,4,31,2,1704.26171875,3,peak_bin_energy_over_lowest_window_energy,9.282889973089795e-06,0.027910839513055688,0.027910841056757802,0.3434877415607418,-7.70353504918466e-06,0.026787084643482947,0.02678708575118936,0.3618805166460586,0.9762983429378017,1.5992329296127924e-11
HFocusing_5_10_2um2_0_2341.npy,P0/data/dataset_Particles2SNR_F_c1/train/2um/HFocusing_5_10_2um2_0_2341.npy,2um,538,16384,7,31,12,2014.2789306640625,3,peak_bin_energy_over_lowest_window_energy,-2.705249807180885e-05,0.03881957912989143,0.03881958855603128,1.5642062823397387,-2.441064315652438e-05,0.037740302275133045,0.037740310169603955,1.6680605645682656,0.9871549242468125,1.0242703994212604e-11
HFocusing_5_10_2um2_0_2344.npy,P0/data/dataset_Particles2SNR_F_c1/train/2um/HFocusing_5_10_2um2_0_2344.npy,2um,539,16384,0,31,0,1928.8682861328125,3,peak_bin_energy_over_lowest_window_energy,0.0001185195674841096,0.027023335402091116,0.027023595303767182,0.001264960819385319,8.922429155062817e-05,0.026040185206264742,0.02604033806521666,-0.036998552713472854,0.9776346207108985,1.1589915395852781e-11
HFocusing_5_10_2um2_0_2345.npy,P0/data/dataset_Particles2SNR_F_c1/train/2um/HFocusing_5_10_2um2_0_2345.npy,2um,540,16384,2,31,8,1961.0457763671875,3,peak_bin_energy_over_lowest_window_energy,2.6304445766159524e-06,0.03232675195732194,0.032326752064342254,0.9730675528447792,5.504399386560357e-06,0.03145784787725539,0.03145784835882699,1.1357888771329439,0.982998198949564,7.56873791285748e-12
HFocusing_5_10_2um2_0_2348.npy,P0/data/dataset_Particles2SNR_F_c1/train/2um/HFocusing_5_10_2um2_0_2348.npy,2um,541,16384,3,31,3,1738.775390625,3,peak_bin_energy_over_lowest_window_energy,7.730701580214617e-05,0.02957120702553774,0.02957130807593578,0.03729168601126798,7.341171169361686e-05,0.02869454752337845,0.0286946414309508,0.07096006374358987,0.9811228394949489,7.401778242070318e-12
HFocusing_5_10_2um2_0_2356.npy,P0/data/dataset_Particles2SNR_F_c1/train/2um/HFocusing_5_10_2um2_0_2356.npy,2um,542,16384,0,31,0,1864.6524658203125,3,peak_bin_energy_over_lowest_window_energy,0.0001236184849115437,0.027637282622417027,0.027637559086886927,-0.09222490004253858,0.00010035455838869746,0.02655203632269736,0.026552225969195674,-0.09893864251951268,0.9749792760463692,1.0394113036120233e-11
HFocusing_5_10_2um2_0_2357.npy,P0/data/dataset_Particles2SNR_F_c1/train/2um/HFocusing_5_10_2um2_0_2357.npy,2um,543,16384,1,31,6,2311.3603515625,3,peak_bin_energy_over_lowest_window_energy,-0.0002375617731855869,0.043838212036676705,0.04383885571235529,1.6534158035748074,-0.0002026051381506462,0.0399235262442938,0.039924040334375244,1.4369793289914536,0.9566779913995955,8.828358575305097e-12
HFocusing_5_10_2um2_0_2359.npy,P0/data/dataset_Particles2SNR_F_c1/train/2um/HFocusing_5_10_2um2_0_2359.npy,2um,544,16384,4,31,11,2042.5755615234375,3,peak_bin_energy_over_lowest_window_energy,3.806162076499254e-05,0.03782223730608175,0.03782225645733656,1.8855379677238808,6.044294261597916e-06,0.03706324714838165,0.037063247641235024,2.025694640557804,0.9889424974513571,1.4034802444698128e-11
HFocusing_5_10_2um2_0_236.npy,P0/data/dataset_Particles2SNR_F_c1/train/2um/HFocusing_5_10_2um2_0_236.npy,2um,545,16384,3,31,6,1894.35009765625,3,peak_bin_energy_over_lowest_window_energy,-3.850263928836449e-05,0.0294194008002552,0.02941942599540801,0.2759882744485518,-3.3486249683868976e-05,0.02855778591504552,0.028557805547669277,0.36571874387586645,0.9793037281141523,1.008707906978278e-11
HFocusing_5_10_2um2_0_2367.npy,P0/data/dataset_Particles2SNR_F_c1/train/2um/HFocusing_5_10_2um2_0_2367.npy,2um,546,16384,1,31,7,1981.8377685546875,3,peak_bin_energy_over_lowest_window_energy,-6.544944886708525e-05,0.033141290832175964,0.033141355458901005,1.3061689821950457,-4.953172039047206e-05,0.03231784571331988,0.032317883670520145,1.490483185112912,0.9827517018118472,1.1117942424710072e-11
HFocusing_5_10_2um2_0_237.npy,P0/data/dataset_Particles2SNR_F_c1/train/2um/HFocusing_5_10_2um2_0_237.npy,2um,547,16384,1,31,2,2019.81884765625,3,peak_bin_energy_over_lowest_window_energy,2.154378851947118e-05,0.03669919875381662,0.03669920507731686,3.1379449086742843,5.080694083985516e-06,0.03586901152998358,0.03586901188981301,3.3147583076947953,0.9858249873692833,8.509182810384794e-12
HFocusing_5_10_2um2_0_2370.npy,P0/data/dataset_Particles2SNR_F_c1/train/2um/HFocusing_5_10_2um2_0_2370.npy,2um,548,16384,5,31,9,2078.900634765625,3,peak_bin_energy_over_lowest_window_energy,-5.4410898941191575e-05,0.04085496869130616,0.04085500492367526,3.5991796918154613,-5.657012200695529e-05,0.04010122362721345,0.04010126352845363,3.849081864804882,0.9893121242528314,8.84649494946237e-12
HFocusing_5_10_2um2_0_2373.npy,P0/data/dataset_Particles2SNR_F_c1/train/2um/HFocusing_5_10_2um2_0_2373.npy,2um,549,16384,1,31,7,2007.4368896484375,3,peak_bin_energy_over_lowest_window_energy,-2.980287619025262e-05,0.03451779950616689,0.034517812372155975,1.6072397696832308,-1.6354599612576414e-05,0.03372620551547693,0.03372620948083426,1.75188616412676,0.9858576421035397,1.0600937858591705e-11
HFocusing_5_10_2um2_0_2375.npy,P0/data/dataset_Particles2SNR_F_c1/train/2um/HFocusing_5_10_2um2_0_2375.npy,2um,550,16384,2,31,1,1832.4168701171875,3,peak_bin_energy_over_lowest_window_energy,-5.714701296910376e-05,0.026630653460715883,0.026630714776848,0.014963292396368288,-4.823184412732914e-05,0.025676561510360362,0.02567660681059916,0.03446814161133549,0.978618977272444,1.1206810467728106e-11
HFocusing_5_10_2um2_0_2376.npy,P0/data/dataset_Particles2SNR_F_c1/train/2um/HFocusing_5_10_2um2_0_2376.npy,2um,551,16384,8,31,15,1989.7509765625,3,peak_bin_energy_over_lowest_window_energy,-6.107190446661366e-05,0.0396595276457215,0.039659574668158795,2.745097986765379,-5.3286038386654537e-05,0.0385726223025192,0.03857265910842404,2.9950612260845544,0.9874428495655743,9.641977532075254e-12
HFocusing_5_10_2um2_0_2379.npy,P0/data/dataset_Particles2SNR_F_c1/train/2um/HFocusing_5_10_2um2_0_2379.npy,2um,552,16384,5,31,9,2280.903564453125,3,peak_bin_energy_over_lowest_window_energy,1.73969577819509e-05,0.034867304666023044,0.03486730900610789,0.5137248047481409,9.989232901824198e-06,0.0338519557159427,0.033851957189783274,0.5955491942935369,0.9803732921180142,7.611080601676209e-12
HFocusing_5_10_2um2_0_2382.npy,P0/data/dataset_Particles2SNR_F_c1/train/2um/HFocusing_5_10_2um2_0_2382.npy,2um,553,16384,0,31,0,1949.5902099609375,3,peak_bin_energy_over_lowest_window_energy,3.696620034791763e-05,0.02778689841038937,0.02778692299930432,0.011329116174062737,3.7029294087517346e-05,0.02667901798989969,0.026679043687396518,0.01871985041297508,0.9734426490669221,1.5130859693594542e-11
HFocusing_5_10_2um2_0_2383.npy,P0/data/dataset_Particles2SNR_F_c1/train/2um/HFocusing_5_10_2um2_0_2383.npy,2um,554,16384,3,31,10,2289.605712890625,3,peak_bin_energy_over_lowest_window_energy,-7.22221198169511e-05,0.03532191640244492,0.03532199023803583,1.3547992551406738,-4.986156883833299e-05,0.03440632278328104,0.034406358912901135,1.5061750353957928,0.9823416192326169,8.320623952842157e-12
HFocusing_5_10_2um2_0_2387.npy,P0/data/dataset_Particles2SNR_F_c1/train/2um/HFocusing_5_10_2um2_0_2387.npy,2um,555,16384,5,31,10,2219.641357421875,3,peak_bin_energy_over_lowest_window_energy,5.049737474047238e-05,0.03528073829288458,0.03528077443135096,0.5428704734021026,2.627399019975597e-05,0.03307116185715059,0.03307117229407529,0.4151041450242836,0.9710831042471209,1.34043201011475e-11
HFocusing_5_10_2um2_0_2390.npy,P0/data/dataset_Particles2SNR_F_c1/train/2um/HFocusing_5_10_2um2_0_2390.npy,2um,556,16384,0,31,0,1964.1669921875,3,peak_bin_energy_over_lowest_window_energy,-0.00012196444915995542,0.028083956077004597,0.028084220912497862,0.2354977913383367,-0.00012157116370641429,0.027288140476550437,0.027288411280538032,0.2604056121585141,0.9771032338010587,1.5092224491944454e-11
HFocusing_5_10_2um2_0_2391.npy,P0/data/dataset_Particles2SNR_F_c1/train/2um/HFocusing_5_10_2um2_0_2391.npy,2um,557,16384,4,31,8,1856.3258056640625,3,peak_bin_energy_over_lowest_window_energy,-2.4256538666401827e-05,0.03548549714353424,0.035485505433957745,1.6036524078655185,-1.8503578476142146e-05,0.03455992328921571,0.03455992824267567,1.7290751217857245,0.9843146760705912,8.668150505144782e-12
HFocusing_5_10_2um2_0_2394.npy,P0/data/dataset_Particles2SNR_F_c1/train/2um/HFocusing_5_10_2um2_0_2394.npy,2um,558,16384,1,31,2,1705.2794189453125,3,peak_bin_energy_over_lowest_window_energy,1.9870764574392524e-05,0.03179434362981688,0.03179434983921141,0.7593326892099959,1.9497804924961367e-05,0.02990098407783872,0.029900990434892978,0.6796770791486231,0.9695812681744269,1.135802956961657e-11
HFocusing_5_10_2um2_0_2397.npy,P0/data/dataset_Particles2SNR_F_c1/train/2um/HFocusing_5_10_2um2_0_2397.npy,2um,559,16384,0,31,0,1983.8497314453125,3,peak_bin_energy_over_lowest_window_energy,-3.642017100408678e-05,0.027350797917604704,0.027350822166042937,-0.051644719530458794,-2.8503900086423073e-05,0.026292903315595237,0.0262929187660016,-0.06486333023283031,0.9772713994565554,1.321516384011072e-11
HFocusing_5_10_2um2_0_2398.npy,P0/data/dataset_Particles2SNR_F_c1/train/2um/HFocusing_5_10_2um2_0_2398.npy,2um,560,16384,7,31,7,1899.0142822265625,3,peak_bin_energy_over_lowest_window_energy,-7.058778664289512e-05,0.034060886207015306,0.03406095935000758,1.246739161955638,-6.560405936612244e-05,0.0332070924281198,0.03320715723187241,1.348567645058556,0.9832474456925642,7.320924616856888e-12
HFocusing_5_10_2um2_0_24.npy,P0/data/dataset_Particles2SNR_F_c1/train/2um/HFocusing_5_10_2um2_0_24.npy,2um,561,16384,4,31,6,1954.0028076171875,3,peak_bin_energy_over_lowest_window_energy,-5.5623534304125384e-05,0.032979224161532546,0.032979271069479094,0.7916028174093683,-5.20316692134962e-05,0.0321820370669981,0.03218207912917126,0.8984438251055025,0.9820642615185418,9.187156155186338e-12
HFocusing_5_10_2um2_0_2404.npy,P0/data/dataset_Particles2SNR_F_c1/train/2um/HFocusing_5_10_2um2_0_2404.npy,2um,562,16384,0,31,0,1776.2855224609375,3,peak_bin_energy_over_lowest_window_energy,0.00010691379464603849,0.027179230647285856,0.027179440927617485,-0.12373308742022893,8.427190201208024e-05,0.026098138342450474,0.026098274400717613,-0.12388359533356263,0.972629919838485,1.3807330399251969e-11
HFocusing_5_10_2um2_0_2405.npy,P0/data/dataset_Particles2SNR_F_c1/train/2um/HFocusing_5_10_2um2_0_2405.npy,2um,563,16384,8,31,11,1897.8443603515625,3,peak_bin_energy_over_lowest_window_energy,7.187047107114507e-05,0.035655867454676304,0.03565593988818773,1.1192275182483629,5.387310319642946e-05,0.034986140401161284,0.03498618187915077,1.243903221293941,0.9871532538167654,1.1436256713615206e-11
HFocusing_5_10_2um2_0_2408.npy,P0/data/dataset_Particles2SNR_F_c1/train/2um/HFocusing_5_10_2um2_0_2408.npy,2um,564,16384,10,31,14,2249.787353515625,3,peak_bin_energy_over_lowest_window_energy,-0.00012162869482732099,0.03476231908458611,0.03476253186518474,0.4899128225119318,-0.00010428594844655862,0.0339022662586821,0.03390242665405558,0.5473573843383455,0.9815118636553998,1.2215067717213325e-11
HFocusing_5_10_2um2_0_2411.npy,P0/data/dataset_Particles2SNR_F_c1/train/2um/HFocusing_5_10_2um2_0_2411.npy,2um,565,16384,6,31,12,2463.597900390625,3,peak_bin_energy_over_lowest_window_energy,3.120789090192846e-05,0.036921261046151545,0.0369212742354665,0.960720474690635,3.375653556716117e-05,0.03603188292450724,0.036031898736939884,1.0374704582205467,0.9838088218198293,8.504340049085999e-12
HFocusing_5_10_2um2_0_2414.npy,P0/data/dataset_Particles2SNR_F_c1/train/2um/HFocusing_5_10_2um2_0_2414.npy,2um,566,16384,3,31,4,1953.49853515625,3,peak_bin_energy_over_lowest_window_energy,0.0001353174222226086,0.03384118891840807,0.03384145945753732,1.4263850325713365,8.658515822803031e-05,0.0328927606154626,0.03289287457635397,1.6557231237052177,0.9825491416809005,9.721122869923689e-12
HFocusing_5_10_2um2_0_2417.npy,P0/data/dataset_Particles2SNR_F_c1/train/2um/HFocusing_5_10_2um2_0_2417.npy,2um,567,16384,4,31,4,2177.742431640625,3,peak_bin_energy_over_lowest_window_energy,6.740003514801063e-05,0.03233749637263981,0.032337566612459116,2.1935706514271978,5.7436977511615154e-05,0.0315685538062287,0.03156860605765073,2.3762478515083068,0.9854817851085608,1.1848137780045099e-11
HFocusing_5_10_2um2_0_2418.npy,P0/data/dataset_Particles2SNR_F_c1/train/2um/HFocusing_5_10_2um2_0_2418.npy,2um,568,16384,12,31,13,2207.111572265625,3,peak_bin_energy_over_lowest_window_energy,-0.00012159446732951725,0.03602747324173088,0.03602767843475513,1.0909736948899775,-0.00010501768377292531,0.03528693426992176,0.03528709054149525,1.2218457109950824,0.985463263904454,8.828919662487498e-12
HFocusing_5_10_2um2_0_2421.npy,P0/data/dataset_Particles2SNR_F_c1/train/2um/HFocusing_5_10_2um2_0_2421.npy,2um,569,16384,2,31,4,1712.1988525390625,3,peak_bin_energy_over_lowest_window_energy,3.756296817344707e-05,0.032526280461669464,0.032526302151455196,2.515315093601764,2.9183702186160205e-05,0.03187111784305068,0.031871131204494405,2.7573889293146943,0.9876458368011077,1.0867348828143145e-11
HFocusing_5_10_2um2_0_2422.npy,P0/data/dataset_Particles2SNR_F_c1/train/2um/HFocusing_5_10_2um2_0_2422.npy,2um,570,16384,4,31,8,2048.725341796875,3,peak_bin_energy_over_lowest_window_energy,-3.534320124576581e-05,0.034994472961248434,0.034994490808946226,2.893103120813989,-3.323853756236234e-05,0.034244794488635426,0.03424481061955599,3.205162856344466,0.9854458247472717,7.344005527182532e-12
HFocusing_5_10_2um2_0_2425.npy,P0/data/dataset_Particles2SNR_F_c1/train/2um/HFocusing_5_10_2um2_0_2425.npy,2um,571,16384,7,31,6,1764.06005859375,3,peak_bin_energy_over_lowest_window_energy,-0.00011444565708525591,0.034426612198509565,0.03442680242594414,4.006759719026118,-0.00011335178861103683,0.033596743863684865,0.0335969350814926,4.409043498328786,0.9835002130317082,9.128460803161942e-12
HFocusing_5_10_2um2_0_2426.npy,P0/data/dataset_Particles2SNR_F_c1/train/2um/HFocusing_5_10_2um2_0_2426.npy,2um,572,16384,1,31,2,2210.09130859375,3,peak_bin_energy_over_lowest_window_energy,-5.6222876945713655e-05,0.034864430402472404,0.03486447573534893,1.6973033702357379,-3.7556502521662667e-05,0.03408462665457783,0.03408464734558419,1.8590821137116311,0.9863068319533116,1.004799242955076e-11
HFocusing_5_10_2um2_0_2429.npy,P0/data/dataset_Particles2SNR_F_c1/train/2um/HFocusing_5_10_2um2_0_2429.npy,2um,573,16384,3,31,5,1888.1617431640625,3,peak_bin_energy_over_lowest_window_energy,4.8823448238058544e-05,0.02968932642273644,0.029689366567255928,0.7956809020407194,4.1203588606146115e-05,0.028933527229736192,0.028933556568275523,0.9021324627843477,0.9837181553875001,9.836542655502245e-12
HFocusing_5_10_2um2_0_2430.npy,P0/data/dataset_Particles2SNR_F_c1/train/2um/HFocusing_5_10_2um2_0_2430.npy,2um,574,16384,2,31,6,2170.459716796875,3,peak_bin_energy_over_lowest_window_energy,-3.9396863040297126e-05,0.03549945829659463,0.03549948015766539,4.139233273750834,-3.58909557079431e-05,0.03472274697054598,0.0347227655197748,4.50579548727049,0.9863514391703245,9.962497590810548e-12
HFocusing_5_10_2um2_0_2433.npy,P0/data/dataset_Particles2SNR_F_c1/train/2um/HFocusing_5_10_2um2_0_2433.npy,2um,575,16384,0,31,0,1739.544921875,3,peak_bin_energy_over_lowest_window_energy,0.00010605346074634767,0.0263550012982249,0.026355214678806402,0.16953637515742637,0.00010173167050400063,0.025539683147119893,0.02553988575910361,0.33666661542452125,0.9778138261287684,1.3754693393149908e-11
HFocusing_5_10_2um2_0_2437.npy,P0/data/dataset_Particles2SNR_F_c1/train/2um/HFocusing_5_10_2um2_0_2437.npy,2um,576,16384,0,31,0,2040.39697265625,3,peak_bin_energy_over_lowest_window_energy,-8.478919376242144e-05,0.02692843939031782,0.026928572877250652,-0.10932130514371563,-6.114701891259027e-05,0.025949425329874005,0.025949497372947872,-0.12944605980066282,0.979164575504529,1.8511445869443978e-11
HFocusing_5_10_2um2_0_2438.npy,P0/data/dataset_Particles2SNR_F_c1/train/2um/HFocusing_5_10_2um2_0_2438.npy,2um,577,16384,3,31,9,1763.7021484375,3,peak_bin_energy_over_lowest_window_energy,-1.9068780833566141e-06,0.03381967614140932,0.03381967619516773,1.8618270840449407,-4.25088637602631e-06,0.03309148745257943,0.0330914877256109,2.0062609997066554,0.9875772237981316,1.3154989046998059e-11
HFocusing_5_10_2um2_0_244.npy,P0/data/dataset_Particles2SNR_F_c1/train/2um/HFocusing_5_10_2um2_0_244.npy,2um,578,16384,6,31,10,2062.307861328125,3,peak_bin_energy_over_lowest_window_energy,2.6154242192249844e-05,0.03784038679754962,0.03784039583609759,2.115243384119589,2.1218926106504902e-05,0.03668752306268399,0.03668752919886804,2.3614730565465614,0.9851695448054286,6.879125706018619e-12
HFocusing_5_10_2um2_0_2441.npy,P0/data/dataset_Particles2SNR_F_c1/train/2um/HFocusing_5_10_2um2_0_2441.npy,2um,579,16384,10,31,9,1902.2769775390625,3,peak_bin_energy_over_lowest_window_energy,5.152692716463184e-05,0.029371286591847248,0.029371331789427746,0.17821454560518424,3.3845058755215285e-05,0.02836278103014406,0.028362801223643302,0.2172149685695155,0.976458150295997,1.0484141265742906e-11
HFocusing_5_10_2um2_0_2445.npy,P0/data/dataset_Particles2SNR_F_c1/train/2um/HFocusing_5_10_2um2_0_2445.npy,2um,580,16384,4,31,7,1942.6956787109375,3,peak_bin_energy_over_lowest_window_energy,1.1453595492852955e-05,0.031283364220512797,0.03128336631723175,1.04005001371229,9.845608199235256e-06,0.03040383916825572,0.030403840762396474,1.108962911281198,0.9828788691025167,9.110675319028022e-12
HFocusing_5_10_2um2_0_2449.npy,P0/data/dataset_Particles2SNR_F_c1/train/2um/HFocusing_5_10_2um2_0_2449.npy,2um,581,16384,0,31,0,2174.549560546875,3,peak_bin_energy_over_lowest_window_energy,5.9680695662365425e-05,0.029003804922260214,0.029003866324232713,0.06744153871348546,6.156106570860986e-05,0.02797679951630816,0.027976867246718523,0.10352555755535509,0.9786239395276372,1.4105504637613347e-11
HFocusing_5_10_2um2_0_2450.npy,P0/data/dataset_Particles2SNR_F_c1/train/2um/HFocusing_5_10_2um2_0_2450.npy,2um,582,16384,9,31,9,1945.2156982421875,3,peak_bin_energy_over_lowest_window_energy,1.536914232585685e-05,0.04606302888530677,0.046063031449299366,13.255445663604931,-3.099160175947408e-06,0.045524622691734136,0.04552462279722423,13.868025045848295,0.9924828724799966,4.978358585489639e-12
HFocusing_5_10_2um2_0_2453.npy,P0/data/dataset_Particles2SNR_F_c1/train/2um/HFocusing_5_10_2um2_0_2453.npy,2um,583,16384,4,31,2,1556.0386962890625,3,peak_bin_energy_over_lowest_window_energy,8.31926299295818e-07,0.02733187001420759,0.027331870026868654,-0.026909621458811817,3.129575398764229e-07,0.02621546257666876,0.026215462578536786,0.017662383833444206,0.974328512762095,1.1789520563483912e-11
HFocusing_5_10_2um2_0_2457.npy,P0/data/dataset_Particles2SNR_F_c1/train/2um/HFocusing_5_10_2um2_0_2457.npy,2um,584,16384,8,31,7,2109.449951171875,3,peak_bin_energy_over_lowest_window_energy,7.326208385145474e-05,0.030909154094133928,0.03090924091833778,0.25417547081257386,5.742883999961519e-05,0.02995725698304499,0.029957312029283627,0.32826192274515,0.9798755614125811,1.3052696863744886e-11
HFocusing_5_10_2um2_0_2458.npy,P0/data/dataset_Particles2SNR_F_c1/train/2um/HFocusing_5_10_2um2_0_2458.npy,2um,585,16384,7,31,11,1593.4189453125,3,peak_bin_energy_over_lowest_window_energy,-0.00013081517453400514,0.03894787923010033,0.038948098915510224,6.304311027053149,-0.00012328442565962135,0.03824574278222521,0.03824594148421165,6.732681490051046,0.9873683305363368,6.5096730753776134e-12
HFocusing_5_10_2um2_0_2460.npy,P0/data/dataset_Particles2SNR_F_c1/train/2um/HFocusing_5_10_2um2_0_2460.npy,2um,586,16384,0,31,0,1764.21875,3,peak_bin_energy_over_lowest_window_energy,-3.2961600490298665e-06,0.027301258312090085,0.02730125851106756,-0.008006353750541262,3.3875821524397524e-06,0.026138797645243204,0.02613879786475814,-0.08761624412862146,0.9737476295054227,1.1675526906504911e-11
HFocusing_5_10_2um2_0_2461.npy,P0/data/dataset_Particles2SNR_F_c1/train/2um/HFocusing_5_10_2um2_0_2461.npy,2um,587,16384,7,31,8,2146.054443359375,3,peak_bin_energy_over_lowest_window_energy,-3.73123104273882e-05,0.03292777345641914,0.03292779459675018,0.2134352412904077,-2.8748250625147138e-05,0.03189522286518495,0.031895235821071004,0.2592264898324075,0.9791429326501913,1.3599925399401728e-11
HFocusing_5_10_2um2_0_2465.npy,P0/data/dataset_Particles2SNR_F_c1/train/2um/HFocusing_5_10_2um2_0_2465.npy,2um,588,16384,5,31,6,1920.7496337890625,3,peak_bin_energy_over_lowest_window_energy,-4.458077771252396e-05,0.03645891286425995,0.03645894012021525,6.165623644117851,-2.8351380931179077e-05,0.03552923583526572,0.03552924714708616,6.79529056940742,0.9834713012020904,1.0851396617105659e-11
HFocusing_5_10_2um2_0_2468.npy,P0/data/dataset_Particles2SNR_F_c1/train/2um/HFocusing_5_10_2um2_0_2468.npy,2um,589,16384,4,31,5,1873.9554443359375,3,peak_bin_energy_over_lowest_window_energy,-1.7474949564288503e-05,0.03203461112657729,0.0320346158928883,2.7382524802906314,-1.1046019830847074e-05,0.031049396378907586,0.031049398343753358,3.1757021213834964,0.9797034963087853,1.062318047260315e-11
HFocusing_5_10_2um2_0_2469.npy,P0/data/dataset_Particles2SNR_F_c1/train/2um/HFocusing_5_10_2um2_0_2469.npy,2um,590,16384,2,31,10,1940.3948974609375,3,peak_bin_energy_over_lowest_window_energy,5.0728748103780786e-05,0.041937116448617855,0.04193714713032848,1.917922985321872,4.114885138001635e-05,0.04089682656202288,0.04089684726323228,2.0686640211411076,0.9875878893647484,1.119201187930874e-11
HFocusing_5_10_2um2_0_247.npy,P0/data/dataset_Particles2SNR_F_c1/train/2um/HFocusing_5_10_2um2_0_247.npy,2um,591,16384,5,31,5,1773.8070068359375,3,peak_bin_energy_over_lowest_window_energy,-0.00019487866120926697,0.04054912226277228,0.04054959055248091,4.7907784612983955,-0.0001653771071833867,0.03988023710101827,0.03988057999604587,5.255581536174569,0.9864699994344903,8.727217294166901e-12
HFocusing_5_10_2um2_0_2472.npy,P0/data/dataset_Particles2SNR_F_c1/train/2um/HFocusing_5_10_2um2_0_2472.npy,2um,592,16384,5,31,15,1863.7066650390625,3,peak_bin_energy_over_lowest_window_energy,8.229655871399433e-06,0.03487093332305175,0.03487093429416477,0.7164193905515632,2.244407318301861e-05,0.03402769182410646,0.034027699225965644,0.779543890225407,0.9830268884393718,1.0417151557274265e-11
HFocusing_5_10_2um2_0_2475.npy,P0/data/dataset_Particles2SNR_F_c1/train/2um/HFocusing_5_10_2um2_0_2475.npy,2um,593,16384,1,31,7,1839.3846435546875,3,peak_bin_energy_over_lowest_window_energy,0.00010563422806031113,0.033603890577537286,0.033604056608350676,2.193369820989359,9.017887652191554e-05,0.03285323850399461,0.032853362269790964,2.390005214848393,0.9871445928086693,1.009099020206108e-11
HFocusing_5_10_2um2_0_2476.npy,P0/data/dataset_Particles2SNR_F_c1/train/2um/HFocusing_5_10_2um2_0_2476.npy,2um,594,16384,3,31,7,2058.171630859375,3,peak_bin_energy_over_lowest_window_energy,-0.00013373801999463821,0.035552725780834925,0.03555297731984251,2.1402468353184148,-0.00011378838045665785,0.03456004710078851,0.0345602344234562,2.4141417952852873,0.9818702894234812,1.1662624516254396e-11
HFocusing_5_10_2um2_0_2479.npy,P0/data/dataset_Particles2SNR_F_c1/train/2um/HFocusing_5_10_2um2_0_2479.npy,2um,595,16384,7,31,11,2244.347900390625,3,peak_bin_energy_over_lowest_window_energy,-2.0630296930800027e-06,0.03284796017560984,0.032847960240394554,-0.020857682266131494,-1.054695850867162e-06,0.03157577532130855,0.03157577533892306,-0.007241876816729054,0.978543681573878,1.1014722165383851e-11
HFocusing_5_10_2um2_0_2480.npy,P0/data/dataset_Particles2SNR_F_c1/train/2um/HFocusing_5_10_2um2_0_2480.npy,2um,596,16384,8,31,12,2183.001708984375,3,peak_bin_energy_over_lowest_window_energy,1.0868428372163457e-05,0.03511419767355954,0.035114199355539194,1.681400748678989,-1.4487419319403058e-05,0.034060830501113804,0.034060833582150084,1.8278948079183568,0.9849707067210786,1.142295735022516e-11
HFocusing_5_10_2um2_0_2483.npy,P0/data/dataset_Particles2SNR_F_c1/train/2um/HFocusing_5_10_2um2_0_2483.npy,2um,597,16384,3,31,11,1845.35693359375,3,peak_bin_energy_over_lowest_window_energy,-5.5008094150254486e-05,0.033601635650452884,0.03360168067636213,0.8292640103658417,-5.5696030709438387e-05,0.03276611147481539,0.032766158811002935,0.8818529193308864,0.982998097319535,9.452599156209976e-12
HFocusing_5_10_2um2_0_2487.npy,P0/data/dataset_Particles2SNR_F_c1/train/2um/HFocusing_5_10_2um2_0_2487.npy,2um,598,16384,10,31,14,2145.8935546875,3,peak_bin_energy_over_lowest_window_energy,-6.435690685825185e-05,0.03443444603199177,0.03443450617246622,0.9177641984129585,-2.0552910368608615e-05,0.03360031993586626,0.03360032622184934,0.9805549100203721,0.9855112830344696,8.327028265451453e-12
HFocusing_5_10_2um2_0_2490.npy,P0/data/dataset_Particles2SNR_F_c1/train/2um/HFocusing_5_10_2um2_0_2490.npy,2um,599,16384,0,31,0,1904.6273193359375,3,peak_bin_energy_over_lowest_window_energy,-1.625161252441074e-05,0.027237287292472177,0.027237292140878763,-0.009927137652535833,-1.5686856407667844e-05,0.026115289053267637,0.026115293764635013,0.02585189251115061,0.9721999870129046,1.2532715918451795e-11
HFocusing_5_10_2um2_0_2493.npy,P0/data/dataset_Particles2SNR_F_c1/train/2um/HFocusing_5_10_2um2_0_2493.npy,2um,600,16384,3,31,4,1932.6881103515625,3,peak_bin_energy_over_lowest_window_energy,-6.348048227634892e-05,0.03223712948356724,0.03223719198552986,0.9098602967741041,-5.072198612533516e-05,0.03140426864703055,0.0314043096083124,1.0627862610688341,0.9813945429857368,7.283593290478663e-12
HFocusing_5_10_2um2_0_2497.npy,P0/data/dataset_Particles2SNR_F_c1/train/2um/HFocusing_5_10_2um2_0_2497.npy,2um,601,16384,6,31,9,1899.9248046875,3,peak_bin_energy_over_lowest_window_energy,4.67660587998076e-05,0.03638662272494343,0.036386652778067206,3.6583686704312326,3.459206175434404e-05,0.03546363367930351,0.035463650550254515,3.8828748007393337,0.9860739565880587,1.2308158286175179e-11
HFocusing_5_10_2um2_0_25.npy,P0/data/dataset_Particles2SNR_F_c1/train/2um/HFocusing_5_10_2um2_0_25.npy,2um,602,16384,4,31,11,1874.7694091796875,3,peak_bin_energy_over_lowest_window_energy,-1.0759064828955026e-05,0.03250404665054517,0.032504048431207654,0.4093496607438718,3.0132918943999267e-06,0.0314710642456608,0.03147106438991915,0.4512116458749875,0.9794906613688452,1.0999194258474924e-11
HFocusing_5_10_2um2_0_250.npy,P0/data/dataset_Particles2SNR_F_c1/train/2um/HFocusing_5_10_2um2_0_250.npy,2um,603,16384,4,31,12,2534.722412109375,3,peak_bin_energy_over_lowest_window_energy,7.1084978968485e-05,0.03780755849556652,0.03780762532175115,2.062660866721987,6.325729980957096e-05,0.03702957828641046,0.03702963231731284,2.2344837479768014,0.9870425374876243,6.877951510750055e-12
HFocusing_5_10_2um2_0_2501.npy,P0/data/dataset_Particles2SNR_F_c1/train/2um/HFocusing_5_10_2um2_0_2501.npy,2um,604,16384,0,31,0,1907.8961181640625,3,peak_bin_energy_over_lowest_window_energy,3.0303727198502178e-05,0.03016739179499618,0.030167407015331712,0.518438618763331,3.346223057797228e-05,0.029328961838619216,0.029328980927609084,0.6154589902866996,0.9812690735165466,1.1268080030722575e-11
HFocusing_5_10_2um2_0_2503.npy,P0/data/dataset_Particles2SNR_F_c1/train/2um/HFocusing_5_10_2um2_0_2503.npy,2um,605,16384,3,31,7,1959.2528076171875,3,peak_bin_energy_over_lowest_window_energy,-0.00018914741955543222,0.03392901225422793,0.033929539479543094,2.4768375186534417,-0.00016224722721439792,0.03314290628028282,0.03314330340908023,2.7460128338292495,0.9871882324792978,1.1107405186296948e-11
HFocusing_5_10_2um2_0_2506.npy,P0/data/dataset_Particles2SNR_F_c1/train/2um/HFocusing_5_10_2um2_0_2506.npy,2um,606,16384,3,31,4,1856.9306640625,3,peak_bin_energy_over_lowest_window_energy,-8.1355188466766e-06,0.03031593116307317,0.03031593225468842,0.001129036325918431,6.284700371899659e-06,0.029209249114318398,0.029209249790430578,0.016383492894579188,0.9778724539529262,8.617115702491159e-12
HFocusing_5_10_2um2_0_2509.npy,P0/data/dataset_Particles2SNR_F_c1/train/2um/HFocusing_5_10_2um2_0_2509.npy,2um,607,16384,1,31,1,1666.60546875,3,peak_bin_energy_over_lowest_window_energy,-0.00011690787259598085,0.027715264511565696,0.027715511079479085,-0.20548213585077324,-8.279488055054927e-05,0.02662831990298444,0.02662844861887231,-0.21046518568402295,0.977426874213329,1.0491291685940854e-11
HFocusing_5_10_2um2_0_2510.npy,P0/data/dataset_Particles2SNR_F_c1/train/2um/HFocusing_5_10_2um2_0_2510.npy,2um,608,16384,2,31,2,1975.4212646484375,3,peak_bin_energy_over_lowest_window_energy,-1.2459305709726587e-05,0.028698482068411163,0.02869848477298437,-0.1258969201851654,-1.1420059399343296e-05,0.027746367676488696,0.02774637002666571,-0.1227868157061649,0.9793467582065494,9.102666494815895e-12
HFocusing_5_10_2um2_0_2514.npy,P0/data/dataset_Particles2SNR_F_c1/train/2um/HFocusing_5_10_2um2_0_2514.npy,2um,609,16384,9,31,13,1927.2303466796875,3,peak_bin_energy_over_lowest_window_energy,0.0001486210783563223,0.03449625283555322,0.03449657298804253,1.2432856410186348,0.00012240429332732792,0.03362549177868069,0.03362571456741325,1.3193990085546652,0.9809487708681046,8.649294866037131e-12
HFocusing_5_10_2um2_0_2518.npy,P0/data/dataset_Particles2SNR_F_c1/train/2um/HFocusing_5_10_2um2_0_2518.npy,2um,610,16384,3,31,8,1886.0780029296875,3,peak_bin_energy_over_lowest_window_energy,-2.4616618033075932e-05,0.03915233474200219,0.03915234248072107,4.828950939440638,-1.7923462802176327e-05,0.03836694409218312,0.03836694827873628,5.2012275660174225,0.9885367141267237,8.716061740285303e-12
HFocusing_5_10_2um2_0_2521.npy,P0/data/dataset_Particles2SNR_F_c1/train/2um/HFocusing_5_10_2um2_0_2521.npy,2um,611,16384,8,31,10,2039.6605224609375,3,peak_bin_energy_over_lowest_window_energy,4.687673200241631e-05,0.03444982937670869,0.03444986126985629,0.3204882404239324,1.8207703800134786e-05,0.033517589218785025,0.03351759416425487,0.37031453054305974,0.9823864981220352,1.0906101820503716e-11
HFocusing_5_10_2um2_0_2524.npy,P0/data/dataset_Particles2SNR_F_c1/train/2um/HFocusing_5_10_2um2_0_2524.npy,2um,612,16384,5,31,9,1929.4505615234375,3,peak_bin_energy_over_lowest_window_energy,6.455622735601719e-05,0.03645357754967843,0.03645363471146478,1.2389743623147709,4.997754071343163e-05,0.03548241247290549,0.035482447669967394,1.4084273374734932,0.9810653473846371,9.865827420107233e-12
HFocusing_5_10_2um2_0_2528.npy,P0/data/dataset_Particles2SNR_F_c1/train/2um/HFocusing_5_10_2um2_0_2528.npy,2um,613,16384,4,31,7,1910.1876220703125,3,peak_bin_energy_over_lowest_window_energy,5.727928973528119e-05,0.032560571813510464,0.032560622195219255,1.027638097409957,4.148248581721841e-05,0.031688185010883725,0.03168821216289466,1.1590990811956186,0.9832712464118846,1.5595681584703784e-11
HFocusing_5_10_2um2_0_253.npy,P0/data/dataset_Particles2SNR_F_c1/train/2um/HFocusing_5_10_2um2_0_253.npy,2um,614,16384,4,31,6,1762.2596435546875,3,peak_bin_energy_over_lowest_window_energy,0.00018187698100876915,0.03096673059648132,0.030967264701152946,1.0988384021779387,0.00013411109771084432,0.030010737925427106,0.030011037579783843,1.1533659443575406,0.9791817146559334,1.493912595384979e-11
HFocusing_5_10_2um2_0_2531.npy,P0/data/dataset_Particles2SNR_F_c1/train/2um/HFocusing_5_10_2um2_0_2531.npy,2um,615,16384,2,31,3,1958.1729736328125,3,peak_bin_energy_over_lowest_window_energy,5.847432825209323e-05,0.02818112669508694,0.02818118736057099,0.07911684175899891,4.467614203745595e-05,0.027262418304869626,0.027262454911239336,0.0989507452268481,0.9771820875873727,1.0047334866218658e-11
HFocusing_5_10_2um2_0_2532.npy,P0/data/dataset_Particles2SNR_F_c1/train/2um/HFocusing_5_10_2um2_0_2532.npy,2um,616,16384,4,31,4,1928.8011474609375,3,peak_bin_energy_over_lowest_window_energy,4.3365968740096105e-05,0.02850593383186743,0.028505966818090013,0.16541050699914228,3.2856213917375694e-05,0.02750272979727152,0.02750274942314895,0.17116728285922544,0.9801256906430286,1.2082606318343188e-11
HFocusing_5_10_2um2_0_2534.npy,P0/data/dataset_Particles2SNR_F_c1/train/2um/HFocusing_5_10_2um2_0_2534.npy,2um,617,16384,8,31,6,1923.5067138671875,3,peak_bin_energy_over_lowest_window_energy,1.8427100281050369e-06,0.029207291614116244,0.029207291672245228,0.03403560635997627,-4.297819821078296e-07,0.028219546640880347,0.02821954664415312,0.0317911192579472,0.9792996808733507,1.1956443830448732e-11
HFocusing_5_10_2um2_0_2538.npy,P0/data/dataset_Particles2SNR_F_c1/train/2um/HFocusing_5_10_2um2_0_2538.npy,2um,618,16384,0,31,0,2075.080078125,3,peak_bin_energy_over_lowest_window_energy,-5.8770008580685887e-05,0.028171403889684782,0.028171465191389237,-0.023848387353749168,-4.756625871534812e-05,0.026918395361664668,0.026918437387706183,0.027745675521254842,0.97319392209544,1.689467293891487e-11
HFocusing_5_10_2um2_0_254.npy,P0/data/dataset_Particles2SNR_F_c1/train/2um/HFocusing_5_10_2um2_0_254.npy,2um,619,16384,9,31,20,2432.526123046875,3,peak_bin_energy_over_lowest_window_energy,8.99140950826607e-05,0.04258156115456333,0.04258165608456664,0.840345404111404,5.7675899952368994e-05,0.04169305873711974,0.041693098629945365,0.9171336379531136,0.9885902363705741,7.522586508224074e-12
HFocusing_5_10_2um2_0_2541.npy,P0/data/dataset_Particles2SNR_F_c1/train/2um/HFocusing_5_10_2um2_0_2541.npy,2um,620,16384,0,31,0,1867.4908447265625,3,peak_bin_energy_over_lowest_window_energy,7.737514644819105e-05,0.026255752441869017,0.026255866453080513,-0.06056412603604855,8.338960177934364e-05,0.02522116441738056,0.025221302273955408,-0.012417407472867126,0.9732093732993982,1.14287149150147e-11
HFocusing_5_10_2um2_0_2545.npy,P0/data/dataset_Particles2SNR_F_c1/train/2um/HFocusing_5_10_2um2_0_2545.npy,2um,621,16384,3,31,1,2258.0029296875,3,peak_bin_energy_over_lowest_window_energy,-3.09886946911104e-05,0.02823139897681711,0.028231415984456554,0.13092119157136484,-3.528397503174811e-05,0.027173962217084097,0.02717398512427664,0.12307214071318606,0.9785586189887712,1.0396312120570185e-11
HFocusing_5_10_2um2_0_2549.npy,P0/data/dataset_Particles2SNR_F_c1/train/2um/HFocusing_5_10_2um2_0_2549.npy,2um,622,16384,7,31,7,2195.502685546875,3,peak_bin_energy_over_lowest_window_energy,6.4262877981914834e-06,0.03215660437159457,0.03215660501372043,1.4120856260030337,1.0894128899062811e-05,0.03128575474614925,0.031285756642891745,1.4722376365678622,0.982700158229636,1.1925501192463882e-11
HFocusing_5_10_2um2_0_2553.npy,P0/data/dataset_Particles2SNR_F_c1/train/2um/HFocusing_5_10_2um2_0_2553.npy,2um,623,16384,1,31,7,1856.7755126953125,3,peak_bin_energy_over_lowest_window_energy,-0.00010134972100644453,0.031374889258118745,0.03137505295175075,0.7865120293053254,-5.1597441751772255e-05,0.03026186571219271,0.03026190969979886,0.8677181502549929,0.9791224324431469,9.364623966770301e-12
HFocusing_5_10_2um2_0_2556.npy,P0/data/dataset_Particles2SNR_F_c1/train/2um/HFocusing_5_10_2um2_0_2556.npy,2um,624,16384,4,31,3,1974.2447509765625,3,peak_bin_energy_over_lowest_window_energy,1.720637500185689e-05,0.028485309209885134,0.028485314406586904,0.029587868184144384,2.557967624849273e-05,0.027495287406069376,0.027495299304830165,-0.013177517588614407,0.978421137031098,1.027695264966232e-11
HFocusing_5_10_2um2_0_2557.npy,P0/data/dataset_Particles2SNR_F_c1/train/2um/HFocusing_5_10_2um2_0_2557.npy,2um,625,16384,1,31,6,1745.177734375,3,peak_bin_energy_over_lowest_window_energy,8.442903322504124e-05,0.035373402110829386,0.03537350286805196,2.671608954086228,7.750587816094042e-05,0.034558431712351664,0.03455851862534652,3.0056626881189032,0.9851555785102442,9.787332721404167e-12
HFocusing_5_10_2um2_0_2559.npy,P0/data/dataset_Particles2SNR_F_c1/train/2um/HFocusing_5_10_2um2_0_2559.npy,2um,626,16384,7,31,8,2182.593994140625,3,peak_bin_energy_over_lowest_window_energy,4.461062554203222e-06,0.03036080042154946,0.030360800749292448,0.12958650040832875,1.613843469613785e-05,0.029495143999616592,0.029495148414734128,0.16482169781518374,0.981813178372176,9.965364397668633e-12
HFocusing_5_10_2um2_0_2560.npy,P0/data/dataset_Particles2SNR_F_c1/train/2um/HFocusing_5_10_2um2_0_2560.npy,2um,627,16384,5,31,10,2113.573974609375,3,peak_bin_energy_over_lowest_window_energy,-5.572218915989759e-05,0.03262011783471402,0.03262016542743142,1.3706262279995816,-6.083147548699506e-05,0.031749616542474435,0.03174967481821784,1.4422209635173644,0.9841211906536241,6.673822636317129e-12
HFocusing_5_10_2um2_0_2563.npy,P0/data/dataset_Particles2SNR_F_c1/train/2um/HFocusing_5_10_2um2_0_2563.npy,2um,628,16384,0,31,0,1713.0751953125,3,peak_bin_energy_over_lowest_window_energy,-5.510219109393496e-05,0.026635375037775168,0.026635432034310985,-0.13969234798693364,-4.9190060076767944e-05,0.025604131439487983,0.02560417869084239,-0.16987585863578314,0.9782693848370281,1.753855213634369e-11
HFocusing_5_10_2um2_0_2564.npy,P0/data/dataset_Particles2SNR_F_c1/train/2um/HFocusing_5_10_2um2_0_2564.npy,2um,629,16384,3,31,7,1642.6832275390625,3,peak_bin_energy_over_lowest_window_energy,0.00012247573212904105,0.03056806349385969,0.030568308851972786,0.3002805001746416,0.00010633711083086007,0.02959816101309194,0.0295983520307813,0.36260809773168257,0.9791333545756651,8.087792073185203e-12
HFocusing_5_10_2um2_0_2567.npy,P0/data/dataset_Particles2SNR_F_c1/train/2um/HFocusing_5_10_2um2_0_2567.npy,2um,630,16384,8,31,7,1897.841796875,3,peak_bin_energy_over_lowest_window_energy,-3.335073315569246e-05,0.02839548850946726,0.02839550809481474,0.12821199878799883,-1.7293551871688104e-05,0.027229103746854513,0.027229109238531893,0.1618966018314647,0.9739459356034584,9.941216881264354e-12
HFocusing_5_10_2um2_0_2568.npy,P0/data/dataset_Particles2SNR_F_c1/train/2um/HFocusing_5_10_2um2_0_2568.npy,2um,631,16384,9,31,10,2288.491455078125,3,peak_bin_energy_over_lowest_window_energy,8.978325177292453e-05,0.03649233930194441,0.03649244975005837,0.9697826873470898,5.315224668390728e-05,0.03569986735027989,0.03569990691849081,1.0723762097349319,0.9871241524666693,9.030292729282972e-12
HFocusing_5_10_2um2_0_257.npy,P0/data/dataset_Particles2SNR_F_c1/train/2um/HFocusing_5_10_2um2_0_257.npy,2um,632,16384,7,31,7,2351.593505859375,3,peak_bin_energy_over_lowest_window_energy,2.158547269419657e-05,0.03032845126027178,0.030328458941715323,0.27259148545994805,2.4123126023541337e-05,0.02937596902627193,0.029375978931053464,0.31705581869908306,0.9792372638663283,1.0766143639784485e-11
HFocusing_5_10_2um2_0_2571.npy,P0/data/dataset_Particles2SNR_F_c1/train/2um/HFocusing_5_10_2um2_0_2571.npy,2um,633,16384,0,31,0,1766.52490234375,3,peak_bin_energy_over_lowest_window_energy,9.3987900703465e-05,0.02619095263068747,0.02619112127092679,0.17766331447954276,8.665623782669075e-05,0.025234136448249678,0.02523428524037162,0.2534217442771962,0.9752732928246508,1.293218339498712e-11
HFocusing_5_10_2um2_0_2576.npy,P0/data/dataset_Particles2SNR_F_c1/train/2um/HFocusing_5_10_2um2_0_2576.npy,2um,634,16384,2,31,8,1806.4105224609375,3,peak_bin_energy_over_lowest_window_energy,2.972451161966571e-05,0.03654310226079595,0.03654311434989608,0.917738577102376,2.206142890419513e-05,0.035769260742986,0.03576926754640588,1.0048773114120966,0.9872035700360213,8.979116313471844e-12
HFocusing_5_10_2um2_0_258.npy,P0/data/dataset_Particles2SNR_F_c1/train/2um/HFocusing_5_10_2um2_0_258.npy,2um,635,16384,2,31,1,1974.7337646484375,3,peak_bin_energy_over_lowest_window_energy,-1.74647105725476e-05,0.04146767039520186,0.04146767407295973,13.519383269382782,-2.5595824820528394e-05,0.04062240924154716,0.040622417305399054,14.851249982347177,0.9822760810485931,9.498190806450326e-12
HFocusing_5_10_2um2_0_2580.npy,P0/data/dataset_Particles2SNR_F_c1/train/2um/HFocusing_5_10_2um2_0_2580.npy,2um,636,16384,5,31,10,1861.5589599609375,3,peak_bin_energy_over_lowest_window_energy,-3.205018185365418e-05,0.03419954242801262,0.03419955744596108,1.1332223741658618,-2.9417744011422112e-05,0.03337453515899025,0.03337454812401718,1.2371448645412713,0.9833392511136256,5.688075165268219e-12
HFocusing_5_10_2um2_0_2583.npy,P0/data/dataset_Particles2SNR_F_c1/train/2um/HFocusing_5_10_2um2_0_2583.npy,2um,637,16384,9,31,8,1847.5662841796875,3,peak_bin_energy_over_lowest_window_energy,6.126411989006476e-05,0.03247992338790453,0.03247998116650522,1.512932716228785,4.8137135656930164e-05,0.031412844093005564,0.031412880975728794,1.69327321829386,0.9788990621786142,1.4170448471799095e-11
HFocusing_5_10_2um2_0_2584.npy,P0/data/dataset_Particles2SNR_F_c1/train/2um/HFocusing_5_10_2um2_0_2584.npy,2um,638,16384,4,31,10,2479.90380859375,3,peak_bin_energy_over_lowest_window_energy,1.3210299801299987e-05,0.03579315079464929,0.03579315323243432,1.16831167770271,3.56294444248749e-05,0.0346999442017179,0.03469996249363457,1.2578305786707729,0.9822368513773821,6.868803407641646e-12
HFocusing_5_10_2um2_0_2588.npy,P0/data/dataset_Particles2SNR_F_c1/train/2um/HFocusing_5_10_2um2_0_2588.npy,2um,639,16384,3,31,2,1742.1441650390625,3,peak_bin_energy_over_lowest_window_energy,-1.1120174983572969e-05,0.03379122220901779,0.03379122403875759,1.0760483866627935,-2.1698611425723292e-07,0.033058121836923096,0.03305812183763522,1.179927380756447,0.9844271520404254,8.295456697952528e-12
HFocusing_5_10_2um2_0_2594.npy,P0/data/dataset_Particles2SNR_F_c1/train/2um/HFocusing_5_10_2um2_0_2594.npy,2um,640,16384,0,31,0,1967.4453125,3,peak_bin_energy_over_lowest_window_energy,3.515977341056168e-05,0.027225666541886465,0.027225689244896305,-0.17787894903314294,2.7260450706092632e-05,0.026320313957797502,0.026320328074877844,-0.17926912501684766,0.9785587565099335,1.1861549179734422e-11
HFocusing_5_10_2um2_0_2595.npy,P0/data/dataset_Particles2SNR_F_c1/train/2um/HFocusing_5_10_2um2_0_2595.npy,2um,641,16384,7,31,14,1846.7445068359375,3,peak_bin_energy_over_lowest_window_energy,4.5283795011379936e-05,0.07893353970696662,0.07893355269651409,16.40585793152481,3.068657306862254e-05,0.07852497616510438,0.07852498216106754,16.72444973416991,0.9965698749900779,2.8547219691251897e-12
HFocusing_5_10_2um2_0_2598.npy,P0/data/dataset_Particles2SNR_F_c1/train/2um/HFocusing_5_10_2um2_0_2598.npy,2um,642,16384,0,31,0,1699.1220703125,3,peak_bin_energy_over_lowest_window_energy,3.4403064549893604e-05,0.02703041463269602,0.027030436526003745,-0.10359815542594486,3.8386348440035934e-05,0.025905714829891076,0.02590574326977292,-0.09790748523311699,0.9716494689932146,1.392651635699924e-11
HFocusing_5_10_2um2_0_2599.npy,P0/data/dataset_Particles2SNR_F_c1/train/2um/HFocusing_5_10_2um2_0_2599.npy,2um,643,16384,3,31,1,1957.20849609375,3,peak_bin_energy_over_lowest_window_energy,-5.392363206030893e-05,0.027785327607062156,0.02778537993243686,0.13934753733760363,-4.6111442827704606e-05,0.02674661490236162,0.026746654650636078,0.20199234882606154,0.9787217386479466,1.1945482469691255e-11
HFocusing_5_10_2um2_0_2605.npy,P0/data/dataset_Particles2SNR_F_c1/train/2um/HFocusing_5_10_2um2_0_2605.npy,2um,644,16384,2,31,2,2216.673095703125,3,peak_bin_energy_over_lowest_window_energy,8.694857607917827e-05,0.028233182013036262,0.02823331589870585,-0.21389912491840413,7.278420431050235e-05,0.027319057736445333,0.027319154693138486,-0.19387529924306124,0.9798678671537886,1.2128454032167743e-11
HFocusing_5_10_2um2_0_2606.npy,P0/data/dataset_Particles2SNR_F_c1/train/2um/HFocusing_5_10_2um2_0_2606.npy,2um,645,16384,4,31,8,1937.6337890625,3,peak_bin_energy_over_lowest_window_energy,-5.840500769223909e-05,0.03397319332906251,0.03397324353250336,1.2205969566363581,-4.19662758775013e-05,0.03296319203979543,0.03296321875394974,1.245048180417557,0.9821784336728581,1.1216437713305158e-11
HFocusing_5_10_2um2_0_2608.npy,P0/data/dataset_Particles2SNR_F_c1/train/2um/HFocusing_5_10_2um2_0_2608.npy,2um,646,16384,5,31,5,2001.5750732421875,3,peak_bin_energy_over_lowest_window_energy,1.0227740900339177e-05,0.028598959242004143,0.028598961070858818,0.14061624990814536,8.454001901159796e-06,0.027769244521833384,0.02776924580869134,0.15208380637723984,0.9808012011411557,9.086441112469526e-12
HFocusing_5_10_2um2_0_2609.npy,P0/data/dataset_Particles2SNR_F_c1/train/2um/HFocusing_5_10_2um2_0_2609.npy,2um,647,16384,10,31,12,2049.689208984375,3,peak_bin_energy_over_lowest_window_energy,-3.9361058738422856e-05,0.03261739081122347,0.032617414560707145,0.05946436903123686,-4.213256814897904e-05,0.03063941787714642,0.030639446845589405,0.03606243031809209,0.9574062031195778,9.196563608277459e-12
HFocusing_5_10_2um2_0_261.npy,P0/data/dataset_Particles2SNR_F_c1/train/2um/HFocusing_5_10_2um2_0_261.npy,2um,648,16384,7,31,17,2345.590576171875,3,peak_bin_energy_over_lowest_window_energy,-0.00016502978564142813,0.04994908433878955,0.04994935696396562,10.024354278874773,-0.0001551717527019657,0.04926998591702835,0.04927023026673418,10.533489437847235,0.9914045055125402,1.1742097293599458e-11
HFocusing_5_10_2um2_0_2612.npy,P0/data/dataset_Particles2SNR_F_c1/train/2um/HFocusing_5_10_2um2_0_2612.npy,2um,649,16384,2,31,7,2153.083740234375,3,peak_bin_energy_over_lowest_window_energy,0.00013781228143221704,0.031187909996237776,0.0311882144753165,0.11537890316669452,0.00010106193900047529,0.029892353059267678,0.029892523897045296,0.10741721400757864,0.9806600717768645,8.98854944412992e-12
HFocusing_5_10_2um2_0_2616.npy,P0/data/dataset_Particles2SNR_F_c1/train/2um/HFocusing_5_10_2um2_0_2616.npy,2um,650,16384,9,31,17,2365.272216796875,3,peak_bin_energy_over_lowest_window_energy,-9.752892809079732e-05,0.04595654117491172,0.04595664466269454,4.034213627091915,-9.72313697204348e-05,0.04534340448490152,0.045343508733011,4.175095903172981,0.9907950293180307,9.089484115836039e-12
HFocusing_5_10_2um2_0_2619.npy,P0/data/dataset_Particles2SNR_F_c1/train/2um/HFocusing_5_10_2um2_0_2619.npy,2um,651,16384,5,31,5,1911.8385009765625,3,peak_bin_energy_over_lowest_window_energy,-0.00011873823264685453,0.02903246349077692,0.029032706300157186,0.25910144649816447,-0.00010993617440950766,0.0280143830000315,0.02801459870915337,0.26557776793751264,0.9794445052246016,1.1233853118812935e-11
HFocusing_5_10_2um2_0_2623.npy,P0/data/dataset_Particles2SNR_F_c1/train/2um/HFocusing_5_10_2um2_0_2623.npy,2um,652,16384,2,31,3,2042.4140625,3,peak_bin_energy_over_lowest_window_energy,4.0260800295214874e-05,0.031063588114280713,0.031063614204817225,0.7990299124315512,4.039990422941357e-05,0.03012155671273286,0.030121583805481474,0.8603133263983715,0.9808622699268179,7.503953839513085e-12
HFocusing_5_10_2um2_0_2626.npy,P0/data/dataset_Particles2SNR_F_c1/train/2um/HFocusing_5_10_2um2_0_2626.npy,2um,653,16384,0,31,0,2002.2763671875,3,peak_bin_energy_over_lowest_window_energy,-4.303777965967316e-05,0.027813633025950118,0.027813666323458712,-0.10006541011270409,-3.720601133038106e-05,0.026699865691197495,0.026699891614298067,-0.074419509286622,0.9765260137183728,1.0347372328543753e-11
HFocusing_5_10_2um2_0_2627.npy,P0/data/dataset_Particles2SNR_F_c1/train/2um/HFocusing_5_10_2um2_0_2627.npy,2um,654,16384,5,31,14,2264.6259765625,3,peak_bin_energy_over_lowest_window_energy,1.4742738701656216e-05,0.04579568959116087,0.045795691964182664,3.1489344340476704,1.5843851318371e-05,0.044072127507659375,0.044072130355577444,3.153335447929914,0.989302090064007,4.433823783383114e-12
HFocusing_5_10_2um2_0_263.npy,P0/data/dataset_Particles2SNR_F_c1/train/2um/HFocusing_5_10_2um2_0_263.npy,2um,655,16384,8,31,6,2099.953369140625,3,peak_bin_energy_over_lowest_window_energy,6.415801184283683e-05,0.02871518700762871,0.02871525868129299,-0.06556926512486294,2.8268772148967264e-05,0.027760428860558482,0.02776044325376681,-0.03824742740010345,0.9774389637149802,1.2134164066146604e-11
HFocusing_5_10_2um2_0_2630.npy,P0/data/dataset_Particles2SNR_F_c1/train/2um/HFocusing_5_10_2um2_0_2630.npy,2um,656,16384,4,31,4,1865.2587890625,3,peak_bin_energy_over_lowest_window_energy,-5.525286442029765e-05,0.028278790054777434,0.028278844032972875,-0.0028394551126194045,-6.017333118863933e-05,0.026609635088376278,0.026609703124355455,0.0639320490214792,0.9429038234372024,9.347017217192139e-12
HFocusing_5_10_2um2_0_2633.npy,P0/data/dataset_Particles2SNR_F_c1/train/2um/HFocusing_5_10_2um2_0_2633.npy,2um,657,16384,5,31,2,1946.1796875,3,peak_bin_energy_over_lowest_window_energy,1.716217234805376e-05,0.029906433476501123,0.02990643840086189,0.12017815506930951,2.8441972332318293e-05,0.028866766384610842,0.02886678039632215,0.16934594820149984,0.9781891574167021,9.878162342562641e-12
HFocusing_5_10_2um2_0_264.npy,P0/data/dataset_Particles2SNR_F_c1/train/2um/HFocusing_5_10_2um2_0_264.npy,2um,658,16384,7,31,11,1960.7008056640625,3,peak_bin_energy_over_lowest_window_energy,8.720662757735971e-06,0.03622303177091451,0.0362230328206604,1.2554383639065252,3.2561000646319656e-06,0.0355690143024578,0.03556901445149465,1.3872286819850954,0.9882673756439819,4.810930012689663e-12
HFocusing_5_10_2um2_0_266.npy,P0/data/dataset_Particles2SNR_F_c1/train/2um/HFocusing_5_10_2um2_0_266.npy,2um,659,16384,11,31,13,2105.40234375,3,peak_bin_energy_over_lowest_window_energy,-3.460599165518171e-05,0.033304494659595556,0.033304512638765445,1.0670404446388346,-3.142211643510525e-05,0.03242123584918673,0.032421251076076504,1.1807752845048416,0.9827694850477668,1.566713300281146e-11
HFocusing_5_10_2um2_0_267.npy,P0/data/dataset_Particles2SNR_F_c1/train/2um/HFocusing_5_10_2um2_0_267.npy,2um,660,16384,3,31,9,2348.266357421875,3,peak_bin_energy_over_lowest_window_energy,-1.1224498867828638e-05,0.03351148360511771,0.03351148548491171,0.4931182666805025,-1.2385685346313227e-05,0.03249447957784901,0.03249448193832989,0.5442962485835405,0.9823605607468252,1.103101357803887e-11
HFocusing_5_10_2um2_0_270.npy,P0/data/dataset_Particles2SNR_F_c1/train/2um/HFocusing_5_10_2um2_0_270.npy,2um,661,16384,4,31,7,1981.3973388671875,3,peak_bin_energy_over_lowest_window_energy,-6.808094219090768e-05,0.033557514605262406,0.033557583665947834,1.0219427655997126,-5.982656413823457e-05,0.03250497890036473,0.03250503395677249,1.0294826849561378,0.9840607717830916,8.359161185543744e-12
HFocusing_5_10_2um2_0_273.npy,P0/data/dataset_Particles2SNR_F_c1/train/2um/HFocusing_5_10_2um2_0_273.npy,2um,662,16384,6,31,4,1975.3896484375,3,peak_bin_energy_over_lowest_window_energy,7.46374428322977e-05,0.028758626980002703,0.028758723833348588,0.0035640978721889205,6.082920924936593e-05,0.02760431904539745,0.027604386067304417,0.029012742245405843,0.9723336713339121,8.987158894097473e-12
HFocusing_5_10_2um2_0_274.npy,P0/data/dataset_Particles2SNR_F_c1/train/2um/HFocusing_5_10_2um2_0_274.npy,2um,663,16384,4,31,4,1978.00244140625,3,peak_bin_energy_over_lowest_window_energy,-0.00010092498273138828,0.04007283790618317,0.040072964997706004,3.027337441064269,-5.883696779666638e-05,0.039085303103306594,0.03908534738832607,3.2458387350641553,0.9873761908952859,9.399356248722445e-12
HFocusing_5_10_2um2_0_277.npy,P0/data/dataset_Particles2SNR_F_c1/train/2um/HFocusing_5_10_2um2_0_277.npy,2um,664,16384,9,31,17,2218.641845703125,3,peak_bin_energy_over_lowest_window_energy,-5.68797368602675e-05,0.04003654855998119,0.04003658896434857,1.7329936505977628,-2.1565365327854978e-05,0.039226077584956505,0.03922608351296378,1.8564667090622562,0.9876064298909052,1.0218361323121721e-11
HFocusing_5_10_2um2_0_28.npy,P0/data/dataset_Particles2SNR_F_c1/train/2um/HFocusing_5_10_2um2_0_28.npy,2um,665,16384,7,31,14,2263.034912109375,3,peak_bin_energy_over_lowest_window_energy,3.1051322033605414e-06,0.03216696542489932,0.03216696557477119,0.1395344129861309,6.018485643228061e-06,0.03124015352720037,0.031240154106937743,0.21502760267299026,0.980433514019189,1.2037713756247921e-11
HFocusing_5_10_2um2_0_281.npy,P0/data/dataset_Particles2SNR_F_c1/train/2um/HFocusing_5_10_2um2_0_281.npy,2um,666,16384,7,31,11,1671.7535400390625,3,peak_bin_energy_over_lowest_window_energy,0.00015088364505365365,0.033797949426992,0.03379828621903563,1.0655756975224389,0.0001261471435415273,0.03288341084482149,0.032883652806389184,1.1325654971056096,0.98339289344476,1.0349759620542107e-11
HFocusing_5_10_2um2_0_284.npy,P0/data/dataset_Particles2SNR_F_c1/train/2um/HFocusing_5_10_2um2_0_284.npy,2um,667,16384,0,31,0,1941.2728271484375,3,peak_bin_energy_over_lowest_window_energy,2.9900277853579583e-05,0.027294933128523113,0.027294949505671635,0.3087012950445489,2.5349700963865996e-05,0.026178098515050607,0.026178110788806625,0.3294582803445887,0.9740873224349672,1.093262476645125e-11
HFocusing_5_10_2um2_0_285.npy,P0/data/dataset_Particles2SNR_F_c1/train/2um/HFocusing_5_10_2um2_0_285.npy,2um,668,16384,7,31,10,1907.6492919921875,3,peak_bin_energy_over_lowest_window_energy,1.2227789489992116e-06,0.0354354151397695,0.03543541516086687,0.293476604503915,3.985403561028707e-06,0.033001602768079834,0.03300160300872634,0.34012320765498316,0.9520064027717279,9.23660567566692e-12
HFocusing_5_10_2um2_0_289.npy,P0/data/dataset_Particles2SNR_F_c1/train/2um/HFocusing_5_10_2um2_0_289.npy,2um,669,16384,6,31,11,1822.3125,3,peak_bin_energy_over_lowest_window_energy,-5.73665070136372e-05,0.03581642462345995,0.03581647056486883,2.140129475594156,-5.008929143823096e-05,0.03503705065009131,0.035037086454130006,2.2851522926426204,0.9856084581543277,6.999385078535232e-12
HFocusing_5_10_2um2_0_291.npy,P0/data/dataset_Particles2SNR_F_c1/train/2um/HFocusing_5_10_2um2_0_291.npy,2um,670,16384,4,31,2,2135.430419921875,3,peak_bin_energy_over_lowest_window_energy,1.249100024908628e-05,0.027701860273287804,0.027701863089435848,0.016654612753087328,-5.605389105262626e-06,0.02680040271758263,0.02680040330377506,8.618874540822219e-05,0.9793879140605967,1.5227377367698478e-11
HFocusing_5_10_2um2_0_292.npy,P0/data/dataset_Particles2SNR_F_c1/train/2um/HFocusing_5_10_2um2_0_292.npy,2um,671,16384,4,31,13,1958.4666748046875,3,peak_bin_energy_over_lowest_window_energy,1.999943910349246e-05,0.0387648248944959,0.03876483005352265,2.4889148624111206,2.1340257433225123e-05,0.03792001983471766,0.03792002583954774,2.753832710189479,0.9857120686561499,1.1334125990644563e-11
HFocusing_5_10_2um2_0_296.npy,P0/data/dataset_Particles2SNR_F_c1/train/2um/HFocusing_5_10_2um2_0_296.npy,2um,672,16384,7,31,10,1844.3599853515625,3,peak_bin_energy_over_lowest_window_energy,-2.384086759571254e-05,0.03273380943973746,0.03273381812169202,1.1552598400248302,-1.5824334604476088e-06,0.031830147842656684,0.03183014788199196,1.2841806141516603,0.9809049769503704,1.1720457702660514e-11
HFocusing_5_10_2um2_0_299.npy,P0/data/dataset_Particles2SNR_F_c1/train/2um/HFocusing_5_10_2um2_0_299.npy,2um,673,16384,5,31,6,1930.2318115234375,3,peak_bin_energy_over_lowest_window_energy,-7.926825916887377e-05,0.033374019015448335,0.03337411315226846,1.8339019278009685,-7.018117233851661e-05,0.032574289916335285,0.032574365518769716,2.0680508254361145,0.9843354738610605,1.099903659643768e-11
HFocusing_5_10_2um2_0_3.npy,P0/data/dataset_Particles2SNR_F_c1/train/2um/HFocusing_5_10_2um2_0_3.npy,2um,674,16384,3,31,9,2270.80908203125,3,peak_bin_energy_over_lowest_window_energy,-4.265404763967075e-06,0.03953188396217686,0.03953188419229083,4.140943691061115,-1.326404551643778e-05,0.03884580844274837,0.0388458107072771,4.450960829027382,0.9886123714984777,7.9948369099407e-12
HFocusing_5_10_2um2_0_300.npy,P0/data/dataset_Particles2SNR_F_c1/train/2um/HFocusing_5_10_2um2_0_300.npy,2um,675,16384,2,31,7,2098.640380859375,3,peak_bin_energy_over_lowest_window_energy,-4.176399742032744e-05,0.0432438801295957,0.04324390029697047,9.662420896838363,-3.778248561020155e-05,0.042563677746802704,0.042563694515982596,10.264882433053234,0.9899799563891395,1.120480652954753e-11
HFocusing_5_10_2um2_0_303.npy,P0/data/dataset_Particles2SNR_F_c1/train/2um/HFocusing_5_10_2um2_0_303.npy,2um,676,16384,3,31,3,1670.21337890625,3,peak_bin_energy_over_lowest_window_energy,2.327177214756625e-05,0.027733188250667975,0.027733198014696522,-0.05354431179426866,4.015030149907901e-06,0.026561111459614963,0.02656111176307491,-0.04326276495929626,0.9752223035193257,1.3859027741495947e-11
HFocusing_5_10_2um2_0_305.npy,P0/data/dataset_Particles2SNR_F_c1/train/2um/HFocusing_5_10_2um2_0_305.npy,2um,677,16384,0,31,0,1762.49658203125,3,peak_bin_energy_over_lowest_window_energy,6.257618424258055e-05,0.027138529322203,0.027138601466378226,-0.09893800346863424,5.3230110268520074e-05,0.026135584487894784,0.0261356386944824,-0.04099115982812673,0.9710251518585814,1.6760865472678716e-11
HFocusing_5_10_2um2_0_306.npy,P0/data/dataset_Particles2SNR_F_c1/train/2um/HFocusing_5_10_2um2_0_306.npy,2um,678,16384,5,31,8,2141.657958984375,3,peak_bin_energy_over_lowest_window_energy,9.564178183629087e-05,0.03526002462117479,0.03526015433369919,2.613231651126152,6.487607797465118e-05,0.03446628280420981,0.034466343862458955,2.8478408991603006,0.9852532173925931,1.2530022640910966e-11
HFocusing_5_10_2um2_0_309.npy,P0/data/dataset_Particles2SNR_F_c1/train/2um/HFocusing_5_10_2um2_0_309.npy,2um,679,16384,4,31,2,1846.2620849609375,3,peak_bin_energy_over_lowest_window_energy,-1.8765236028506257e-06,0.028080235366514487,0.0280802354292159,0.0011015645164422772,2.451109235413882e-05,0.026847407203165165,0.02684741839220697,0.005008852057512225,0.9701712327822093,1.0739265793013462e-11
HFocusing_5_10_2um2_0_31.npy,P0/data/dataset_Particles2SNR_F_c1/train/2um/HFocusing_5_10_2um2_0_31.npy,2um,680,16384,9,31,9,2199.123779296875,3,peak_bin_energy_over_lowest_window_energy,3.198223839027124e-05,0.03101088952954053,0.031010906021542467,0.2177573816586711,2.1641740593336106e-05,0.03012916684802183,0.03012917462063761,0.29661845965866984,0.9793668177375154,1.2900712217787677e-11
HFocusing_5_10_2um2_0_310.npy,P0/data/dataset_Particles2SNR_F_c1/train/2um/HFocusing_5_10_2um2_0_310.npy,2um,681,16384,3,31,11,2161.750732421875,3,peak_bin_energy_over_lowest_window_energy,0.00019100513969984572,0.039269556201874285,0.03927002071880731,1.7200294994995806,0.00016172925522463575,0.03859743470749029,0.038597773541371165,1.8695809967846975,0.9884229400575639,1.1099516174144172e-11
HFocusing_5_10_2um2_0_313.npy,P0/data/dataset_Particles2SNR_F_c1/train/2um/HFocusing_5_10_2um2_0_313.npy,2um,682,16384,3,31,6,1973.5775146484375,3,peak_bin_energy_over_lowest_window_energy,-3.4648935105006514e-05,0.03326759336520982,0.033267611409021486,3.675702295530055,-2.348404204327329e-05,0.03231031191804127,0.03231032045247076,4.170952473479963,0.9825602523515877,9.095950485101827e-12
HFocusing_5_10_2um2_0_314.npy,P0/data/dataset_Particles2SNR_F_c1/train/2um/HFocusing_5_10_2um2_0_314.npy,2um,683,16384,5,31,11,2396.357666015625,3,peak_bin_energy_over_lowest_window_energy,0.0001552280031396451,0.03769541472486079,0.03769573433443379,0.34550727319017405,0.00011733629842526496,0.03252026415159062,0.03252047583133061,-0.08339056861767613,0.8742134974098464,1.276207780924523e-11
HFocusing_5_10_2um2_0_317.npy,P0/data/dataset_Particles2SNR_F_c1/train/2um/HFocusing_5_10_2um2_0_317.npy,2um,684,16384,5,31,4,2059.567138671875,3,peak_bin_energy_over_lowest_window_energy,-4.126016717970913e-05,0.0361345937442978,0.036134617300683305,2.272625354862557,-3.867323687011917e-05,0.034163520064932666,0.03416354195405252,2.126075288970907,0.9696880315005781,1.2230443547735643e-11
HFocusing_5_10_2um2_0_320.npy,P0/data/dataset_Particles2SNR_F_c1/train/2um/HFocusing_5_10_2um2_0_320.npy,2um,685,16384,3,31,11,2139.1845703125,3,peak_bin_energy_over_lowest_window_energy,4.326677838166439e-05,0.045527224287631174,0.045527244846908815,4.277425296051125,2.9670253766415452e-05,0.04487152210865735,0.04487153191804002,4.44781930932972,0.9915650673299949,5.5350861147123505e-12
HFocusing_5_10_2um2_0_323.npy,P0/data/dataset_Particles2SNR_F_c1/train/2um/HFocusing_5_10_2um2_0_323.npy,2um,686,16384,12,31,15,1988.5513916015625,3,peak_bin_energy_over_lowest_window_energy,7.531997755827137e-06,0.05630347283055008,0.05630347333434661,11.435797620395526,1.9728412683382257e-05,0.05358018810570673,0.05358019173774188,10.72419074255926,0.9765318090115942,6.0558034100632625e-12
HFocusing_5_10_2um2_0_327.npy,P0/data/dataset_Particles2SNR_F_c1/train/2um/HFocusing_5_10_2um2_0_327.npy,2um,687,16384,9,31,11,2251.4892578125,3,peak_bin_energy_over_lowest_window_energy,2.8055870780875498e-05,0.03105266194507654,0.031052674619219033,0.0043531550369970695,3.1704385269407516e-06,0.030131657502979428,0.030131657669775436,-0.03221012500309728,0.9791795631819334,1.263982524941837e-11
HFocusing_5_10_2um2_0_330.npy,P0/data/dataset_Particles2SNR_F_c1/train/2um/HFocusing_5_10_2um2_0_330.npy,2um,688,16384,2,31,4,2176.8564453125,3,peak_bin_energy_over_lowest_window_energy,2.1953378030474977e-05,0.038626491235319374,0.03862649747392341,6.273405117333926,1.5339638843407858e-05,0.03782495876665325,0.03782496187709299,6.955793615301491,0.9857815529595707,1.0585265794737121e-11
HFocusing_5_10_2um2_0_333.npy,P0/data/dataset_Particles2SNR_F_c1/train/2um/HFocusing_5_10_2um2_0_333.npy,2um,689,16384,0,31,0,1953.6749267578125,3,peak_bin_energy_over_lowest_window_energy,4.468444872367046e-05,0.027934302729115425,0.027934338468304978,-0.2757786763033856,1.9157085873656666e-05,0.026866295808889676,0.026866302638895105,-0.28890981909614766,0.975395730611092,1.4890449689253597e-11
HFocusing_5_10_2um2_0_334.npy,P0/data/dataset_Particles2SNR_F_c1/train/2um/HFocusing_5_10_2um2_0_334.npy,2um,690,16384,9,31,16,2288.483154296875,3,peak_bin_energy_over_lowest_window_energy,-3.787804264460812e-05,0.040198816177088516,0.04019883402271101,0.9558474098240404,-2.7462482384107785e-05,0.03938664556501097,0.03938665513916785,1.0029851225789557,0.9873111083789045,8.010203609460492e-12
HFocusing_5_10_2um2_0_336.npy,P0/data/dataset_Particles2SNR_F_c1/train/2um/HFocusing_5_10_2um2_0_336.npy,2um,691,16384,6,31,12,2179.15478515625,3,peak_bin_energy_over_lowest_window_energy,-2.1945794106947077e-05,0.03974189408578558,0.03974190014510728,2.783711410796152,-2.229555737280187e-05,0.038867792689742074,0.03886779908439177,3.011192615112404,0.9854485041320034,8.975376428813774e-12
HFocusing_5_10_2um2_0_339.npy,P0/data/dataset_Particles2SNR_F_c1/train/2um/HFocusing_5_10_2um2_0_339.npy,2um,692,16384,0,31,0,1869.3592529296875,3,peak_bin_energy_over_lowest_window_energy,3.716088996307295e-05,0.026485425915254927,0.02648545198489541,0.010361759493421996,1.759495798922685e-05,0.025503409718910998,0.025503415788344717,0.022786463174071514,0.9744284940937686,1.356805159360954e-11
HFocusing_5_10_2um2_0_340.npy,P0/data/dataset_Particles2SNR_F_c1/train/2um/HFocusing_5_10_2um2_0_340.npy,2um,693,16384,6,31,10,1616.4559326171875,3,peak_bin_energy_over_lowest_window_energy,-9.32913624550732e-06,0.03811747487107437,0.03811747601271324,4.677395392808004,-9.600236125568632e-06,0.03737898881268795,0.0373789900455267,5.021964343119448,0.9880480916680695,1.371652099338253e-11
HFocusing_5_10_2um2_0_343.npy,P0/data/dataset_Particles2SNR_F_c1/train/2um/HFocusing_5_10_2um2_0_343.npy,2um,694,16384,13,31,12,2430.823974609375,3,peak_bin_energy_over_lowest_window_energy,2.3950613324121924e-05,0.03664341277900637,0.036643420606222415,1.6782187017768688,1.3858514326133578e-05,0.03584334577275781,0.03584334845189404,1.802649461132594,0.9861200929204045,1.1172455098184876e-11
HFocusing_5_10_2um2_0_346.npy,P0/data/dataset_Particles2SNR_F_c1/train/2um/HFocusing_5_10_2um2_0_346.npy,2um,695,16384,5,31,10,1851.6490478515625,3,peak_bin_energy_over_lowest_window_energy,-6.339936589569174e-05,0.031567675614549214,0.031567739278969616,1.1320283920159966,-3.995028599413526e-05,0.030688641431642155,0.0306886674351503,1.155825591731519,0.9816821707424646,6.896368354316907e-12
HFocusing_5_10_2um2_0_347.npy,P0/data/dataset_Particles2SNR_F_c1/train/2um/HFocusing_5_10_2um2_0_347.npy,2um,696,16384,11,31,13,2069.322998046875,3,peak_bin_energy_over_lowest_window_energy,-6.796938986776043e-05,0.036124605118013325,0.036124669061049594,2.5441441098085713,-5.753120749198048e-05,0.035361335401122525,0.035361382201357976,2.6628697529835907,0.9868157460588433,1.3362286617652819e-11
HFocusing_5_10_2um2_0_35.npy,P0/data/dataset_Particles2SNR_F_c1/train/2um/HFocusing_5_10_2um2_0_35.npy,2um,697,16384,3,31,2,1833.84375,3,peak_bin_energy_over_lowest_window_energy,4.566808956903252e-05,0.027123944436384634,0.02712398288162131,0.12299065075039639,3.31650352663271e-05,0.025841654105721514,0.025841675387623726,0.12586651895649448,0.9679607584320035,1.1841466014448428e-11
HFocusing_5_10_2um2_0_350.npy,P0/data/dataset_Particles2SNR_F_c1/train/2um/HFocusing_5_10_2um2_0_350.npy,2um,698,16384,10,31,10,2149.599365234375,3,peak_bin_energy_over_lowest_window_energy,1.8578617456188254e-05,0.030875524301460504,0.03087552989108211,0.5301509571137686,2.9594828692868445e-05,0.02975310335903766,0.02975311807773201,0.6011791445986181,0.9794765843130965,9.517466949301833e-12
HFocusing_5_10_2um2_0_351.npy,P0/data/dataset_Particles2SNR_F_c1/train/2um/HFocusing_5_10_2um2_0_351.npy,2um,699,16384,7,31,10,2182.676513671875,3,peak_bin_energy_over_lowest_window_energy,0.00019367116135277781,0.034690630604238444,0.034691171214567905,1.9318141112718603,0.00015671112328636625,0.033881653541876736,0.03388201595401209,2.134871543322836,0.9858079459628583,1.112884941131323e-11
HFocusing_5_10_2um2_0_353.npy,P0/data/dataset_Particles2SNR_F_c1/train/2um/HFocusing_5_10_2um2_0_353.npy,2um,700,16384,5,31,11,1976.2249755859375,3,peak_bin_energy_over_lowest_window_energy,-0.00013013968140165017,0.046831485384077616,0.0468316662058457,4.773512133182149,-0.00010640098409304616,0.04606655396945442,0.04606667684769624,4.969219199285534,0.9908263042858289,1.331581618409222e-11
HFocusing_5_10_2um2_0_357.npy,P0/data/dataset_Particles2SNR_F_c1/train/2um/HFocusing_5_10_2um2_0_357.npy,2um,701,16384,6,31,11,2234.478759765625,3,peak_bin_energy_over_lowest_window_energy,-4.6742811269572815e-05,0.0343410624162044,0.03434109422782058,1.2615343648946649,-4.572811401150961e-05,0.03358977678895753,0.033589807915384115,1.3563420201520078,0.9854286263969807,7.73772053355127e-12
HFocusing_5_10_2um2_0_36.npy,P0/data/dataset_Particles2SNR_F_c1/train/2um/HFocusing_5_10_2um2_0_36.npy,2um,702,16384,13,31,20,2591.963623046875,3,peak_bin_energy_over_lowest_window_energy,-4.504376188046665e-05,0.048786125062337884,0.04878614585657035,4.3062253072151675,-4.1408998465064325e-05,0.0482558210875417,0.048255838854360286,4.502778014104558,0.9920785046580448,7.793559767424981e-12
HFocusing_5_10_2um2_0_360.npy,P0/data/dataset_Particles2SNR_F_c1/train/2um/HFocusing_5_10_2um2_0_360.npy,2um,703,16384,6,31,10,2018.34375,3,peak_bin_energy_over_lowest_window_energy,-9.060088265083185e-05,0.03915698048222987,0.0391570852976274,7.848636881448668,-8.159496899631718e-05,0.03846454789261146,0.03846463443634901,8.491444037529309,0.9895242141112618,7.721140233764439e-12
HFocusing_5_10_2um2_0_363.npy,P0/data/dataset_Particles2SNR_F_c1/train/2um/HFocusing_5_10_2um2_0_363.npy,2um,704,16384,1,31,7,2002.5704345703125,3,peak_bin_energy_over_lowest_window_energy,-4.537161757441813e-06,0.030951617970369466,0.030951618302918104,0.4261170486989547,8.569288911064823e-07,0.029820651674765154,0.029820651687077544,0.47737321795495635,0.976637912919059,1.0012743570245094e-11
HFocusing_5_10_2um2_0_364.npy,P0/data/dataset_Particles2SNR_F_c1/train/2um/HFocusing_5_10_2um2_0_364.npy,2um,705,16384,10,31,16,2354.1806640625,3,peak_bin_energy_over_lowest_window_energy,-1.578185582661837e-05,0.04525389033078737,0.04525389308267194,1.3913527985652294,-3.462148711189592e-05,0.044508295705027116,0.04450830917046283,1.478468570189568,0.9908096867830624,9.21377863643827e-12
HFocusing_5_10_2um2_0_367.npy,P0/data/dataset_Particles2SNR_F_c1/train/2um/HFocusing_5_10_2um2_0_367.npy,2um,706,16384,8,31,5,2044.9742431640625,3,peak_bin_energy_over_lowest_window_energy,2.0466273403713016e-06,0.0285962815608557,0.028596281634093952,-0.13394954356952704,8.0052881683689e-06,0.027481670750030707,0.02748167191598306,-0.1127280750801467,0.9761506582109852,1.2781681530744364e-11
HFocusing_5_10_2um2_0_368.npy,P0/data/dataset_Particles2SNR_F_c1/train/2um/HFocusing_5_10_2um2_0_368.npy,2um,707,16384,13,31,16,2485.3564453125,3,peak_bin_energy_over_lowest_window_energy,2.7325873941124262e-05,0.04953521672186005,0.049535224258955665,6.8756205679378954,4.3584953189617394e-05,0.04856072812518314,0.048560747684689716,7.045020175175878,0.990753983814461,9.909278301992447e-12
HFocusing_5_10_2um2_0_371.npy,P0/data/dataset_Particles2SNR_F_c1/train/2um/HFocusing_5_10_2um2_0_371.npy,2um,708,16384,4,31,3,1955.85595703125,3,peak_bin_energy_over_lowest_window_energy,2.647855020700827e-06,0.02816615734877718,0.02816615747323747,-0.1622813670992591,7.769803197926825e-06,0.026926809648647878,0.026926810769646637,-0.2082193902754943,0.9716171487281736,1.0287906508632734e-11
HFocusing_5_10_2um2_0_372.npy,P0/data/dataset_Particles2SNR_F_c1/train/2um/HFocusing_5_10_2um2_0_372.npy,2um,709,16384,3,31,8,2334.091552734375,3,peak_bin_energy_over_lowest_window_energy,1.2729778963822434e-05,0.03784043285006922,0.03784043499126126,5.540116524501858,2.7616274948311265e-05,0.037050548941035384,0.03705055923317083,5.948026107091929,0.9875780519562591,1.5093406661258287e-11
HFocusing_5_10_2um2_0_374.npy,P0/data/dataset_Particles2SNR_F_c1/train/2um/HFocusing_5_10_2um2_0_374.npy,2um,710,16384,6,31,13,2333.287353515625,3,peak_bin_energy_over_lowest_window_energy,2.8568432030235915e-05,0.03843735131024108,0.038437361926935094,0.8400579916397177,1.1332405555443767e-05,0.03688463738455747,0.036884639125436894,0.8581279716385111,0.9849146744659573,7.215408661865604e-12
HFocusing_5_10_2um2_0_378.npy,P0/data/dataset_Particles2SNR_F_c1/train/2um/HFocusing_5_10_2um2_0_378.npy,2um,711,16384,11,31,7,2081.232421875,3,peak_bin_energy_over_lowest_window_energy,-0.00011146472708415226,0.02918984200359515,0.029190054823179618,0.027047150410717702,-9.688717872491858e-05,0.028175049871889412,0.028175216457178406,0.06492170939448938,0.9793976798803999,1.213060765592299e-11
HFocusing_5_10_2um2_0_379.npy,P0/data/dataset_Particles2SNR_F_c1/train/2um/HFocusing_5_10_2um2_0_379.npy,2um,712,16384,3,31,13,2162.3798828125,3,peak_bin_energy_over_lowest_window_energy,-1.7860757488536186e-05,0.03977072151763942,0.03977072552821089,3.5047203089618844,-7.256712380858072e-06,0.03908187977071746,0.03908188044442961,3.7786092328375274,0.9883403723975059,8.406932382994388e-12
HFocusing_5_10_2um2_0_382.npy,P0/data/dataset_Particles2SNR_F_c1/train/2um/HFocusing_5_10_2um2_0_382.npy,2um,713,16384,3,31,8,1931.3544921875,3,peak_bin_energy_over_lowest_window_energy,4.4991018171575386e-05,0.03565228410227934,0.03565231249023485,1.585429429678542,4.500382985884827e-05,0.03416412525963999,0.034164154901022696,1.5982532250555792,0.9815755204610109,1.4908403299620747e-11
HFocusing_5_10_2um2_0_385.npy,P0/data/dataset_Particles2SNR_F_c1/train/2um/HFocusing_5_10_2um2_0_385.npy,2um,714,16384,8,31,12,1964.8245849609375,3,peak_bin_energy_over_lowest_window_energy,0.00015113460820037625,0.03212402675328528,0.032124382274459136,0.4577761189341141,0.00011621158778739207,0.03119240333849734,0.031192619818871194,0.5008882426277874,0.9829505601931043,1.0394678601686308e-11
HFocusing_5_10_2um2_0_39.npy,P0/data/dataset_Particles2SNR_F_c1/train/2um/HFocusing_5_10_2um2_0_39.npy,2um,715,16384,0,31,0,2154.07373046875,3,peak_bin_energy_over_lowest_window_energy,-3.3954982263803695e-05,0.027544701880652854,0.027544722809185452,0.02341687171931639,-2.7358599129667866e-05,0.026522779072530377,0.02652279318290594,0.017354259179414022,0.9749366160884262,9.941797387678593e-12
HFocusing_5_10_2um2_0_391.npy,P0/data/dataset_Particles2SNR_F_c1/train/2um/HFocusing_5_10_2um2_0_391.npy,2um,716,16384,6,31,12,2216.473876953125,3,peak_bin_energy_over_lowest_window_energy,-5.432996235904781e-05,0.038952526682831015,0.03895256457181571,1.6479443737342025,-4.142992626816602e-05,0.03819747313734071,0.03819749560529663,1.701725838936543,0.9878247476268651,9.595749388470097e-12
HFocusing_5_10_2um2_0_394.npy,P0/data/dataset_Particles2SNR_F_c1/train/2um/HFocusing_5_10_2um2_0_394.npy,2um,717,16384,6,31,10,2327.325927734375,3,peak_bin_energy_over_lowest_window_energy,-8.141720423077763e-06,0.03437193256774233,0.0343719335320118,1.740791951045468,3.2894776326300296e-06,0.033624667031207776,0.03362466719211142,1.9944426785780358,0.9853800562662934,1.0152736111930535e-11
HFocusing_5_10_2um2_0_397.npy,P0/data/dataset_Particles2SNR_F_c1/train/2um/HFocusing_5_10_2um2_0_397.npy,2um,718,16384,0,31,0,2047.0836181640625,3,peak_bin_energy_over_lowest_window_energy,-8.482326866584124e-05,0.028203504012868325,0.0282036315674203,0.06603699644534045,-4.119626480408533e-05,0.02706046512298174,0.027060496481113295,0.05723452644329585,0.9709023446992957,1.0788554898602949e-11
HFocusing_5_10_2um2_0_398.npy,P0/data/dataset_Particles2SNR_F_c1/train/2um/HFocusing_5_10_2um2_0_398.npy,2um,719,16384,5,31,12,2503.864013671875,3,peak_bin_energy_over_lowest_window_energy,2.269671040624233e-05,0.052727211749281806,0.05272721663424179,8.705910382500184,2.5238498501172827e-05,0.05219732253514985,0.052197328636820764,8.981644056727907,0.9938293692812808,2.7697162067524957e-12
HFocusing_5_10_2um2_0_40.npy,P0/data/dataset_Particles2SNR_F_c1/train/2um/HFocusing_5_10_2um2_0_40.npy,2um,720,16384,1,31,4,1851.90087890625,3,peak_bin_energy_over_lowest_window_energy,-9.666838803194802e-05,0.0409676435271769,0.040967757577723043,2.09737109735783,-5.189479908842152e-05,0.038743984913089155,0.03874401966776102,1.8978477960183238,0.9792895399386092,6.684182618214965e-12
HFocusing_5_10_2um2_0_401.npy,P0/data/dataset_Particles2SNR_F_c1/train/2um/HFocusing_5_10_2um2_0_401.npy,2um,721,16384,5,31,3,1951.84814453125,3,peak_bin_energy_over_lowest_window_energy,-0.00015746122737407033,0.027802261952804,0.027802707848885132,0.15757332705949434,-0.0001278937334616695,0.02666902665919272,0.026669333320422366,0.16023318326406333,0.9767712269930797,1.121085071884228e-11
HFocusing_5_10_2um2_0_406.npy,P0/data/dataset_Particles2SNR_F_c1/train/2um/HFocusing_5_10_2um2_0_406.npy,2um,722,16384,6,31,8,2144.90625,3,peak_bin_energy_over_lowest_window_energy,0.0001362259172745754,0.035773462793840506,0.035773722168133806,2.861204027121574,0.00012834720932139936,0.03513029907064821,0.0351305335256857,3.1413222482418917,0.9886051201489169,1.2190676767883962e-11
HFocusing_5_10_2um2_0_409.npy,P0/data/dataset_Particles2SNR_F_c1/train/2um/HFocusing_5_10_2um2_0_409.npy,2um,723,16384,7,31,9,1658.2261962890625,3,peak_bin_energy_over_lowest_window_energy,8.302735019487945e-05,0.03455898177355135,0.03455908150928688,3.455610407654553,7.345361253191659e-05,0.0337233979040849,0.03372347789938683,3.781683774347951,0.9843209782963487,1.2010564457118773e-11
HFocusing_5_10_2um2_0_413.npy,P0/data/dataset_Particles2SNR_F_c1/train/2um/HFocusing_5_10_2um2_0_413.npy,2um,724,16384,0,31,0,2050.284912109375,3,peak_bin_energy_over_lowest_window_energy,0.0001174796027321611,0.028083665185180354,0.028083910904472854,0.21020432300877712,9.152246198702838e-05,0.026919459824291093,0.026919615405734728,0.15932473861061025,0.9715542552694504,1.2235942817655582e-11
HFocusing_5_10_2um2_0_414.npy,P0/data/dataset_Particles2SNR_F_c1/train/2um/HFocusing_5_10_2um2_0_414.npy,2um,725,16384,4,31,14,2500.962158203125,3,peak_bin_energy_over_lowest_window_energy,-0.000129551651453837,0.04536978378950017,0.0453699687539719,1.9311023576534536,-9.006546282550341e-05,0.04458888931662226,0.044588980278512595,2.0251459026960523,0.9904050753214265,7.173861470166212e-12
HFocusing_5_10_2um2_0_417.npy,P0/data/dataset_Particles2SNR_F_c1/train/2um/HFocusing_5_10_2um2_0_417.npy,2um,726,16384,7,31,9,2057.012451171875,3,peak_bin_energy_over_lowest_window_energy,-4.7133574360407065e-07,0.03560407369547972,0.03560407369859955,1.95281246262922,2.004899821939593e-05,0.03480973481238517,0.0348097405860904,2.163445324552023,0.9874399066239195,1.2852389560180363e-11
HFocusing_5_10_2um2_0_418.npy,P0/data/dataset_Particles2SNR_F_c1/train/2um/HFocusing_5_10_2um2_0_418.npy,2um,727,16384,6,31,16,2287.440185546875,3,peak_bin_energy_over_lowest_window_energy,-7.7866703021629e-05,0.04460241655113847,0.04460248452076084,0.8074855696470822,-7.221501571577762e-05,0.04074702985969928,0.04074709385214754,0.5177556334895264,0.9432209167046411,9.13013109245002e-12
HFocusing_5_10_2um2_0_423.npy,P0/data/dataset_Particles2SNR_F_c1/train/2um/HFocusing_5_10_2um2_0_423.npy,2um,728,16384,3,31,2,1851.2847900390625,3,peak_bin_energy_over_lowest_window_energy,-0.00019163533052733795,0.027613887974904064,0.027614552923964884,0.2574410826325364,-0.00015148909399062392,0.02663504786360047,0.026635478663652474,0.3671367561836747,0.9750686935821009,1.2251820985259465e-11
HFocusing_5_10_2um2_0_43.npy,P0/data/dataset_Particles2SNR_F_c1/train/2um/HFocusing_5_10_2um2_0_43.npy,2um,729,16384,13,31,21,2739.768310546875,3,peak_bin_energy_over_lowest_window_energy,-1.9563660578058178e-05,0.04731432983262832,0.04731433387724652,5.004534200747997,-8.561074713481287e-07,0.04613956766006921,0.04613956766801164,5.424531533397513,0.9905199374899915,4.512479633219867e-12
HFocusing_5_10_2um2_0_431.npy,P0/data/dataset_Particles2SNR_F_c1/train/2um/HFocusing_5_10_2um2_0_431.npy,2um,730,16384,8,31,8,2004.8109130859375,3,peak_bin_energy_over_lowest_window_energy,-9.364064503142087e-05,0.029762455909706834,0.02976260321859708,0.16874210652347532,-8.494865153429639e-05,0.028709215793443273,0.028709341471860515,0.18177530539415754,0.9800159398060726,1.1082523361349724e-11
HFocusing_5_10_2um2_0_432.npy,P0/data/dataset_Particles2SNR_F_c1/train/2um/HFocusing_5_10_2um2_0_432.npy,2um,731,16384,5,31,5,2199.839599609375,3,peak_bin_energy_over_lowest_window_energy,2.7966071104771142e-05,0.03672948337614266,0.03672949402291669,1.5549878460380846,2.2447232825552468e-05,0.03555231380040784,0.035552320886841286,1.5764742324728598,0.9840625519092843,8.902009911180509e-12
HFocusing_5_10_2um2_0_435.npy,P0/data/dataset_Particles2SNR_F_c1/train/2um/HFocusing_5_10_2um2_0_435.npy,2um,732,16384,9,31,9,2187.214111328125,3,peak_bin_energy_over_lowest_window_energy,-2.27680482848497e-05,0.03397480308734605,0.03397481071629335,0.575085312147606,-3.340549855710439e-05,0.0331743492973277,0.033174366116452636,0.6739471809301438,0.9849297605836668,1.0822890857918687e-11
HFocusing_5_10_2um2_0_438.npy,P0/data/dataset_Particles2SNR_F_c1/train/2um/HFocusing_5_10_2um2_0_438.npy,2um,733,16384,3,31,5,1948.2633056640625,3,peak_bin_energy_over_lowest_window_energy,1.0025867518807007e-05,0.0328382352867636,0.032838236817266324,2.1315199176560924,2.7792540890439826e-05,0.03199573560801457,0.03199574767876663,2.317069795200041,0.982729217639029,8.781006092225456e-12
HFocusing_5_10_2um2_0_441.npy,P0/data/dataset_Particles2SNR_F_c1/train/2um/HFocusing_5_10_2um2_0_441.npy,2um,734,16384,5,31,4,1805.326171875,3,peak_bin_energy_over_lowest_window_energy,3.516076985720858e-05,0.02803573877270952,0.028035760820982632,0.1647931636023996,2.4513798091961673e-05,0.026997889423586517,0.02699790055271894,0.16824843602547324,0.9752289398175007,1.26202692938882e-11
HFocusing_5_10_2um2_0_442.npy,P0/data/dataset_Particles2SNR_F_c1/train/2um/HFocusing_5_10_2um2_0_442.npy,2um,735,16384,5,31,13,2178.658935546875,3,peak_bin_energy_over_lowest_window_energy,-1.1007701396829544e-05,0.03842545510833666,0.03842545668501919,1.1280580607646158,-2.6044433607188563e-06,0.03756371777355661,0.037563717863844874,1.285693795815285,0.9859177782014201,8.097557399901987e-12
HFocusing_5_10_2um2_0_445.npy,P0/data/dataset_Particles2SNR_F_c1/train/2um/HFocusing_5_10_2um2_0_445.npy,2um,736,16384,3,31,2,1901.6314697265625,3,peak_bin_energy_over_lowest_window_energy,5.7067644800913314e-05,0.028374762107113864,0.02837481949460451,0.019868613191173168,6.317017186946149e-05,0.02727358562394493,0.0272736587801723,0.020302075588311652,0.9773479849546719,1.1949910065472041e-11
HFocusing_5_10_2um2_0_446.npy,P0/data/dataset_Particles2SNR_F_c1/train/2um/HFocusing_5_10_2um2_0_446.npy,2um,737,16384,3,31,3,1753.8095703125,3,peak_bin_energy_over_lowest_window_energy,-0.00015096411330018506,0.03029803355883784,0.030298409656217412,0.5527550898265621,-0.00012709206135927984,0.027792122457392092,0.027792413048865306,0.2114634016422312,0.921842720689296,1.3216674235134212e-11
HFocusing_5_10_2um2_0_449.npy,P0/data/dataset_Particles2SNR_F_c1/train/2um/HFocusing_5_10_2um2_0_449.npy,2um,738,16384,7,31,13,1842.1802978515625,3,peak_bin_energy_over_lowest_window_energy,3.6367235915430934e-05,0.038251558118678426,0.038251575406543475,1.734471529917263,1.3982737884660833e-05,0.03747065448283905,0.037470657091773364,1.9133352233066887,0.987614503628386,1.2723202602113081e-11
HFocusing_5_10_2um2_0_450.npy,P0/data/dataset_Particles2SNR_F_c1/train/2um/HFocusing_5_10_2um2_0_450.npy,2um,739,16384,6,31,11,1696.4022216796875,3,peak_bin_energy_over_lowest_window_energy,-6.139705346490634e-05,0.040494544234141144,0.04049459077863348,6.034808661516712,-3.464436398452755e-05,0.039734210525778614,0.03973422562903236,6.516145151114664,0.9894698476856139,1.0347740221593273e-11
HFocusing_5_10_2um2_0_452.npy,P0/data/dataset_Particles2SNR_F_c1/train/2um/HFocusing_5_10_2um2_0_452.npy,2um,740,16384,0,31,0,2064.245361328125,3,peak_bin_energy_over_lowest_window_energy,1.3772731783889696e-05,0.028269780794667815,0.028269784149630682,-0.02983039646075447,2.0875946740194615e-05,0.027265225020747807,0.02726523301270621,-0.0009645984762522986,0.9772345444742688,1.2914750728343687e-11
HFocusing_5_10_2um2_0_456.npy,P0/data/dataset_Particles2SNR_F_c1/train/2um/HFocusing_5_10_2um2_0_456.npy,2um,741,16384,4,31,7,1905.2392578125,3,peak_bin_energy_over_lowest_window_energy,2.2379140319468593e-05,0.05806458545117826,0.05806458976384061,23.51943102600915,1.492285828703412e-05,0.05757615086118464,0.057576152795073,24.3270359850249,0.9951664122418801,4.95661950217221e-12
HFocusing_5_10_2um2_0_459.npy,P0/data/dataset_Particles2SNR_F_c1/train/2um/HFocusing_5_10_2um2_0_459.npy,2um,742,16384,3,31,1,2018.19140625,3,peak_bin_energy_over_lowest_window_energy,2.6740616743342525e-05,0.02843031457801541,0.02843032715368396,0.08732773159961438,1.5150048316548115e-05,0.027453501767860326,0.027453505948091112,0.14393565498209515,0.9784565540506338,9.316805401804704e-12
HFocusing_5_10_2um2_0_46.npy,P0/data/dataset_Particles2SNR_F_c1/train/2um/HFocusing_5_10_2um2_0_46.npy,2um,743,16384,0,31,0,2007.0177001953125,3,peak_bin_energy_over_lowest_window_energy,-5.7842338615751154e-05,0.027802213036773934,0.027802273207029292,0.06332750318937119,-4.5454079275457254e-05,0.026855727847600246,0.026855766313730354,0.032555966724505225,0.9767343307365686,1.0905271113109344e-11
HFocusing_5_10_2um2_0_463.npy,P0/data/dataset_Particles2SNR_F_c1/train/2um/HFocusing_5_10_2um2_0_463.npy,2um,744,16384,3,31,1,2166.91357421875,3,peak_bin_energy_over_lowest_window_energy,9.337687592994641e-05,0.028558249972869876,0.028558402629591882,-0.12592787380427461,6.845721272850987e-05,0.02745687108152636,0.02745695642232644,-0.1251757423688793,0.9786426188987277,1.4216625011129916e-11
HFocusing_5_10_2um2_0_464.npy,P0/data/dataset_Particles2SNR_F_c1/train/2um/HFocusing_5_10_2um2_0_464.npy,2um,745,16384,4,31,6,2188.35498046875,3,peak_bin_energy_over_lowest_window_energy,-5.502518848415706e-05,0.03178554062386497,0.03178558825195372,0.02312387699125029,-4.1455015217909115e-05,0.030078797021441794,0.030078825588366685,-0.008223774059338496,0.9679719473996217,1.1497750431958168e-11
HFocusing_5_10_2um2_0_468.npy,P0/data/dataset_Particles2SNR_F_c1/train/2um/HFocusing_5_10_2um2_0_468.npy,2um,746,16384,8,31,14,2278.565673828125,3,peak_bin_energy_over_lowest_window_energy,4.623739380045267e-06,0.04293290963394431,0.04293290988292541,1.169970289485625,-2.8990217184344177e-06,0.042192340753028294,0.04219234085262371,1.261595740374382,0.9886465897458807,6.903434572480981e-12
HFocusing_5_10_2um2_0_47.npy,P0/data/dataset_Particles2SNR_F_c1/train/2um/HFocusing_5_10_2um2_0_47.npy,2um,747,16384,12,31,13,2229.695068359375,3,peak_bin_energy_over_lowest_window_energy,-9.130246589153821e-05,0.04076038324948379,0.04076048550722963,3.1446921552577702,-8.225351418195454e-05,0.040032223810975674,0.04003230831331917,3.4863490334246414,0.9870991041171371,7.233861774254963e-12
HFocusing_5_10_2um2_0_471.npy,P0/data/dataset_Particles2SNR_F_c1/train/2um/HFocusing_5_10_2um2_0_471.npy,2um,748,16384,13,31,18,2457.500244140625,3,peak_bin_energy_over_lowest_window_energy,5.401317808885849e-05,0.053568849094746254,0.05356887632533563,2.81478969171006,5.648296245009589e-05,0.050558325200452905,0.050558356751379874,2.634423149631428,0.9606488365289505,8.58055071434906e-12
HFocusing_5_10_2um2_0_474.npy,P0/data/dataset_Particles2SNR_F_c1/train/2um/HFocusing_5_10_2um2_0_474.npy,2um,749,16384,4,31,4,1758.42822265625,3,peak_bin_energy_over_lowest_window_energy,0.0002183071904338312,0.028448996536305244,0.028449834128727407,0.9707296290358953,0.00019456801926836888,0.027461036921981416,0.027461726193823807,1.2760176457484906,0.9757289764313494,1.4835654884417823e-11
HFocusing_5_10_2um2_0_478.npy,P0/data/dataset_Particles2SNR_F_c1/train/2um/HFocusing_5_10_2um2_0_478.npy,2um,750,16384,3,31,1,1955.3416748046875,3,peak_bin_energy_over_lowest_window_energy,5.08689534075101e-05,0.027442391317982994,0.02744243846489829,-0.21459191806564215,5.283735263904109e-05,0.02637587290372282,0.02637592582676812,-0.18123485963377384,0.9719237303903446,9.27635263557038e-12
HFocusing_5_10_2um2_0_479.npy,P0/data/dataset_Particles2SNR_F_c1/train/2um/HFocusing_5_10_2um2_0_479.npy,2um,751,16384,11,31,7,2157.868408203125,3,peak_bin_energy_over_lowest_window_energy,-3.343495937849401e-05,0.03664417757709266,0.03664419283048828,4.698551164883613,-1.1087503635932428e-05,0.035799594125692086,0.035799595842649176,5.211855814214042,0.9850166463903004,1.0425747264655744e-11
HFocusing_5_10_2um2_0_482.npy,P0/data/dataset_Particles2SNR_F_c1/train/2um/HFocusing_5_10_2um2_0_482.npy,2um,752,16384,8,31,10,2318.6806640625,3,peak_bin_energy_over_lowest_window_energy,-8.598627191110892e-05,0.03564985378574429,0.035649957483619855,2.0836830057891724,-4.927228893918774e-05,0.034683460488499206,0.03468349548727381,2.219431107702575,0.9813054318966816,8.868888705941844e-12
HFocusing_5_10_2um2_0_483.npy,P0/data/dataset_Particles2SNR_F_c1/train/2um/HFocusing_5_10_2um2_0_483.npy,2um,753,16384,6,31,16,1971.7762451171875,3,peak_bin_energy_over_lowest_window_energy,-2.581838091302549e-06,0.04735277787679389,0.04735277794717929,1.3444564727864545,-9.89361977090368e-06,0.04670163924987443,0.046701640297843114,1.419967839771787,0.9921230841629043,7.541488669346813e-12
HFocusing_5_10_2um2_0_486.npy,P0/data/dataset_Particles2SNR_F_c1/train/2um/HFocusing_5_10_2um2_0_486.npy,2um,754,16384,2,31,6,1707.845703125,3,peak_bin_energy_over_lowest_window_energy,-0.00013537657914390656,0.03471273051969214,0.03471299449703161,1.562275485081007,-0.00010435729843081204,0.033839175726707006,0.03383933664108522,1.7380189653300828,0.9848650819396672,1.129645322667867e-11
HFocusing_5_10_2um2_0_490.npy,P0/data/dataset_Particles2SNR_F_c1/train/2um/HFocusing_5_10_2um2_0_490.npy,2um,755,16384,3,31,9,1976.90625,3,peak_bin_energy_over_lowest_window_energy,8.758196335018006e-06,0.03658432470610054,0.03658432575444573,2.272812074819278,-1.2724338707357221e-05,0.035879115408294575,0.035879117664604256,2.441414680359247,0.9879291679440482,6.260110129791815e-12
HFocusing_5_10_2um2_0_493.npy,P0/data/dataset_Particles2SNR_F_c1/train/2um/HFocusing_5_10_2um2_0_493.npy,2um,756,16384,5,31,14,1623.205078125,3,peak_bin_energy_over_lowest_window_energy,0.0001055053082149324,0.046027099043371905,0.04602721996512964,1.8854471602864358,8.601341180939708e-05,0.04499919875545504,0.04499928096025488,1.9346680669831278,0.9914666405497609,8.63152139077995e-12
HFocusing_5_10_2um2_0_496.npy,P0/data/dataset_Particles2SNR_F_c1/train/2um/HFocusing_5_10_2um2_0_496.npy,2um,757,16384,6,31,9,1805.4527587890625,3,peak_bin_energy_over_lowest_window_energy,5.2920880732845346e-05,0.03835692641626964,0.038356962923604125,6.943628400495088,4.146998571269643e-05,0.03764252312513755,0.037642545968441486,7.511914735761321,0.9885632400280586,1.235794472444454e-11
HFocusing_5_10_2um2_0_497.npy,P0/data/dataset_Particles2SNR_F_c1/train/2um/HFocusing_5_10_2um2_0_497.npy,2um,758,16384,11,31,15,2176.787353515625,3,peak_bin_energy_over_lowest_window_energy,2.5804302789209218e-05,0.03542489197686999,0.03542490137509136,0.8566023157705822,3.299225062777185e-05,0.03446076782212632,0.034460783615279246,0.9794320682291531,0.9829454661522239,1.3090563016302155e-11
HFocusing_5_10_2um2_0_50.npy,P0/data/dataset_Particles2SNR_F_c1/train/2um/HFocusing_5_10_2um2_0_50.npy,2um,759,16384,11,31,14,2517.734619140625,3,peak_bin_energy_over_lowest_window_energy,-7.54792506918532e-05,0.040890171057585724,0.04089024072117828,2.090981562287772,-8.114154467985484e-05,0.04024651843867738,0.040246600233871575,2.2547646403027066,0.9891420379744985,7.649135250905135e-12
HFocusing_5_10_2um2_0_500.npy,P0/data/dataset_Particles2SNR_F_c1/train/2um/HFocusing_5_10_2um2_0_500.npy,2um,760,16384,7,31,5,1665.0712890625,3,peak_bin_energy_over_lowest_window_energy,8.996761103945443e-05,0.030089015139609137,0.030089149643063428,0.6153435010440793,7.931745702542609e-05,0.029060282136829162,0.029060390381601915,0.7286315584582508,0.9773113177008099,1.5244789175684065e-11
HFocusing_5_10_2um2_0_501.npy,P0/data/dataset_Particles2SNR_F_c1/train/2um/HFocusing_5_10_2um2_0_501.npy,2um,761,16384,8,31,9,2073.6123046875,3,peak_bin_energy_over_lowest_window_energy,4.493249497071749e-05,0.040311493615221086,0.0403115186568196,2.4025162715278787,2.9636022631363863e-05,0.0395469076648292,0.039546918769284206,2.5857318109279035,0.9877554264795688,8.423401523742726e-12
HFocusing_5_10_2um2_0_505.npy,P0/data/dataset_Particles2SNR_F_c1/train/2um/HFocusing_5_10_2um2_0_505.npy,2um,762,16384,4,31,10,2176.896484375,3,peak_bin_energy_over_lowest_window_energy,8.216894789025814e-05,0.042567284647868645,0.04256736395442723,3.576062235677938,6.321126062808834e-05,0.041905907299385384,0.04190595497358522,3.814428234568693,0.9896701572682532,7.579310377692322e-12
HFocusing_5_10_2um2_0_510.npy,P0/data/dataset_Particles2SNR_F_c1/train/2um/HFocusing_5_10_2um2_0_510.npy,2um,763,16384,2,31,8,2258.80859375,3,peak_bin_energy_over_lowest_window_energy,6.23838587538843e-05,0.03392893707318519,0.03392899442456251,0.5051017924568839,3.877168019806162e-05,0.03269323635667116,0.03269325934678814,0.5598867008227719,0.9816890603446002,1.0402906189552853e-11
HFocusing_5_10_2um2_0_513.npy,P0/data/dataset_Particles2SNR_F_c1/train/2um/HFocusing_5_10_2um2_0_513.npy,2um,764,16384,1,31,3,2183.232177734375,3,peak_bin_energy_over_lowest_window_energy,-3.414133955954049e-05,0.03343364601030623,0.03343366344230816,1.9836787490753816,-3.097326740376844e-05,0.03257835319275644,0.032578367916383986,2.141260893752583,0.9843572761334377,1.0766772987231917e-11
HFocusing_5_10_2um2_0_514.npy,P0/data/dataset_Particles2SNR_F_c1/train/2um/HFocusing_5_10_2um2_0_514.npy,2um,765,16384,6,31,10,2070.352294921875,3,peak_bin_energy_over_lowest_window_energy,5.767959671985762e-05,0.03614778244851638,0.03614782846702062,1.7352618528598596,6.367559466967429e-05,0.03534890632310732,0.035348963673934954,1.8582477960796764,0.9863637723577086,1.4953319774891754e-11
HFocusing_5_10_2um2_0_516.npy,P0/data/dataset_Particles2SNR_F_c1/train/2um/HFocusing_5_10_2um2_0_516.npy,2um,766,16384,6,31,13,2227.027587890625,3,peak_bin_energy_over_lowest_window_energy,0.0001073455942060553,0.06846492363570648,0.06846500778879469,19.50843820520923,8.725900991646786e-05,0.06800165539118132,0.06800171137608076,20.009822065105062,0.9956985066650992,3.89127107897664e-12
HFocusing_5_10_2um2_0_519.npy,P0/data/dataset_Particles2SNR_F_c1/train/2um/HFocusing_5_10_2um2_0_519.npy,2um,767,16384,8,31,13,2175.033447265625,3,peak_bin_energy_over_lowest_window_energy,-3.373163711900959e-05,0.03788114365927952,0.03788115867761064,1.615864780576695,-3.8905001356549795e-05,0.0370959082687507,0.037095928669905236,1.6952865320933288,0.9874388847907922,1.0460161090122709e-11
HFocusing_5_10_2um2_0_522.npy,P0/data/dataset_Particles2SNR_F_c1/train/2um/HFocusing_5_10_2um2_0_522.npy,2um,768,16384,0,31,0,1752.0257568359375,3,peak_bin_energy_over_lowest_window_energy,0.0002202737449178906,0.029965161230887643,0.02996597083552929,3.819415516128659,0.00016008705547955704,0.029131743145368188,0.029132183003562205,3.9867326460992576,0.9786234936986248,1.2194284352006105e-11
HFocusing_5_10_2um2_0_523.npy,P0/data/dataset_Particles2SNR_F_c1/train/2um/HFocusing_5_10_2um2_0_523.npy,2um,769,16384,1,31,7,2003.3282470703125,3,peak_bin_energy_over_lowest_window_energy,-6.663712072228633e-05,0.03536069195554771,0.03536075474422166,1.5176102784946002,-6.124560723908166e-05,0.034462428895538126,0.03446248331743415,1.6395346291513038,0.9848064283075207,8.221861075082725e-12
HFocusing_5_10_2um2_0_525.npy,P0/data/dataset_Particles2SNR_F_c1/train/2um/HFocusing_5_10_2um2_0_525.npy,2um,770,16384,7,31,7,1858.7850341796875,3,peak_bin_energy_over_lowest_window_energy,8.322365031362442e-05,0.029687474705809364,0.02968759135706436,0.3958424357380306,6.532507469761728e-05,0.028654853693584566,0.028654928154963524,0.41053987113250523,0.9788032433250622,1.2418305975599256e-11
HFocusing_5_10_2um2_0_526.npy,P0/data/dataset_Particles2SNR_F_c1/train/2um/HFocusing_5_10_2um2_0_526.npy,2um,771,16384,1,31,4,2016.6129150390625,3,peak_bin_energy_over_lowest_window_energy,7.934577972702259e-05,0.033008594227098835,0.03300868959231831,1.059185387687596,6.80717862613844e-05,0.03217252569849402,0.03217259771277947,1.1603353536537124,0.9834407817956543,8.010809298907564e-12
HFocusing_5_10_2um2_0_528.npy,P0/data/dataset_Particles2SNR_F_c1/train/2um/HFocusing_5_10_2um2_0_528.npy,2um,772,16384,10,31,13,1987.7906494140625,3,peak_bin_energy_over_lowest_window_energy,-3.5074231141208255e-05,0.03562646017145763,0.03562647743673442,1.9119272356403014,-4.4135814953639135e-05,0.034687458620139715,0.03468748669901102,1.9829052895957462,0.9813235290945121,9.945312075265151e-12
HFocusing_5_10_2um2_0_529.npy,P0/data/dataset_Particles2SNR_F_c1/train/2um/HFocusing_5_10_2um2_0_529.npy,2um,773,16384,9,31,10,2324.319091796875,3,peak_bin_energy_over_lowest_window_energy,-4.745305783767018e-05,0.03519627130437762,0.035196303293443386,0.4701411885477702,-4.411731432086354e-05,0.034288264217488124,0.034288292599452944,0.5072763301898293,0.9825742391195438,8.37611878729875e-12
HFocusing_5_10_2um2_0_531.npy,P0/data/dataset_Particles2SNR_F_c1/train/2um/HFocusing_5_10_2um2_0_531.npy,2um,774,16384,3,31,1,1836.3013916015625,3,peak_bin_energy_over_lowest_window_energy,7.959366855475792e-05,0.027503071668260222,0.027503186839737903,-0.09210290611266636,6.982894333214392e-05,0.026360533648186683,0.02636062613631378,-0.10808994572055752,0.9739693012943388,1.2651326784066619e-11
HFocusing_5_10_2um2_0_532.npy,P0/data/dataset_Particles2SNR_F_c1/train/2um/HFocusing_5_10_2um2_0_532.npy,2um,775,16384,6,31,11,2212.068359375,3,peak_bin_energy_over_lowest_window_energy,1.5574045438863206e-05,0.035793126594112316,0.03579312998234496,0.8556541819793257,7.211631674256273e-06,0.03495483389943548,0.03495483464336164,0.9947092480856967,0.9840032186146862,8.366298931841659e-12
HFocusing_5_10_2um2_0_535.npy,P0/data/dataset_Particles2SNR_F_c1/train/2um/HFocusing_5_10_2um2_0_535.npy,2um,776,16384,6,31,10,2152.72607421875,3,peak_bin_energy_over_lowest_window_energy,-8.482478633808803e-05,0.03597019033038669,0.03597029034701585,2.7687182637022056,-7.49544453431708e-05,0.03518875158384406,0.035188831412798646,3.0208836455331065,0.9861201623192596,1.3707991576626741e-11
HFocusing_5_10_2um2_0_536.npy,P0/data/dataset_Particles2SNR_F_c1/train/2um/HFocusing_5_10_2um2_0_536.npy,2um,777,16384,3,31,8,2000.5135498046875,3,peak_bin_energy_over_lowest_window_energy,8.176225743359795e-05,0.03315013958660541,0.03315024041659674,0.5075418511407261,6.23074699163449e-05,0.03215354631370518,0.032153606683673785,0.555443744159537,0.9830455319387078,1.0298371384520859e-11
HFocusing_5_10_2um2_0_54.npy,P0/data/dataset_Particles2SNR_F_c1/train/2um/HFocusing_5_10_2um2_0_54.npy,2um,778,16384,8,31,9,1911.3704833984375,3,peak_bin_energy_over_lowest_window_energy,-3.7670155611417446e-05,0.032482242913238514,0.032482264756559964,0.6248403349079492,-3.381175756554616e-05,0.031466996585023325,0.0314670147506372,0.742204412654389,0.9814699312562091,7.304108856956735e-12
HFocusing_5_10_2um2_0_540.npy,P0/data/dataset_Particles2SNR_F_c1/train/2um/HFocusing_5_10_2um2_0_540.npy,2um,779,16384,4,31,6,2354.458740234375,3,peak_bin_energy_over_lowest_window_energy,-5.168946658695264e-05,0.029646055824763488,0.02964610088638891,-0.0018386283715243756,-3.179516419028838e-05,0.028609782873864526,0.02860980054146022,-0.04111875789930197,0.9780541629424907,1.032399459530881e-11
HFocusing_5_10_2um2_0_543.npy,P0/data/dataset_Particles2SNR_F_c1/train/2um/HFocusing_5_10_2um2_0_543.npy,2um,780,16384,3,31,4,1897.8687744140625,3,peak_bin_energy_over_lowest_window_energy,2.3802293304466503e-05,0.03209619676531544,0.032096205591113286,1.3462486138800385,5.285552344580976e-06,0.03132813243106354,0.031328132876941764,1.5885520879857857,0.9834888267903328,1.0223198085023237e-11
HFocusing_5_10_2um2_0_544.npy,P0/data/dataset_Particles2SNR_F_c1/train/2um/HFocusing_5_10_2um2_0_544.npy,2um,781,16384,4,31,10,1894.72216796875,3,peak_bin_energy_over_lowest_window_energy,1.535307565646317e-05,0.03565436303861531,0.03565436634419843,1.3691504799417187,2.558922849529595e-05,0.03471926704659969,0.03471927647664505,1.5458390954845145,0.9836186232244295,6.941362584352333e-12
HFocusing_5_10_2um2_0_547.npy,P0/data/dataset_Particles2SNR_F_c1/train/2um/HFocusing_5_10_2um2_0_547.npy,2um,782,16384,7,31,10,1979.3062744140625,3,peak_bin_energy_over_lowest_window_energy,-0.00010340521223767267,0.03436375781596757,0.03436391339577596,0.5589071765673808,-6.630238314226653e-05,0.03307410012472269,0.03307416658158134,0.6230294232110358,0.981084786091382,6.458641350220485e-12
HFocusing_5_10_2um2_0_551.npy,P0/data/dataset_Particles2SNR_F_c1/train/2um/HFocusing_5_10_2um2_0_551.npy,2um,783,16384,7,31,12,2099.679443359375,3,peak_bin_energy_over_lowest_window_energy,3.088815429376528e-05,0.032989373541697425,0.03298938800207913,0.6381577989906346,2.2462170055039382e-05,0.032063080702765034,0.0320630885708334,0.7143682906312834,0.9820936065679072,7.1636898188701846e-12
HFocusing_5_10_2um2_0_554.npy,P0/data/dataset_Particles2SNR_F_c1/train/2um/HFocusing_5_10_2um2_0_554.npy,2um,784,16384,0,31,0,1900.8287353515625,3,peak_bin_energy_over_lowest_window_energy,-2.608624414583717e-05,0.02757197564048655,0.027571987980769857,0.44435367180121066,-8.239976965353536e-06,0.026564430047112904,0.02656443132508534,0.5204459823749845,0.9783809950253908,1.267558593189504e-11
HFocusing_5_10_2um2_0_555.npy,P0/data/dataset_Particles2SNR_F_c1/train/2um/HFocusing_5_10_2um2_0_555.npy,2um,785,16384,4,31,7,1702.12646484375,3,peak_bin_energy_over_lowest_window_energy,5.894475526470815e-05,0.03385990668190227,0.03385995798862283,0.936579486757287,3.053568048585616e-05,0.03296385370787163,0.0329638678510539,1.0500120010200424,0.9855633395880902,1.2566229718143688e-11
HFocusing_5_10_2um2_0_558.npy,P0/data/dataset_Particles2SNR_F_c1/train/2um/HFocusing_5_10_2um2_0_558.npy,2um,786,16384,2,31,8,2088.4990234375,3,peak_bin_energy_over_lowest_window_energy,-2.8200723618486896e-05,0.0410370398785383,0.041037049568329785,5.436833614399886,-1.9350059023939696e-05,0.04025300416464379,0.040253008815535944,5.921623818435384,0.988418596819467,7.1338118652611274e-12
HFocusing_5_10_2um2_0_564.npy,P0/data/dataset_Particles2SNR_F_c1/train/2um/HFocusing_5_10_2um2_0_564.npy,2um,787,16384,3,31,7,2215.733154296875,3,peak_bin_energy_over_lowest_window_energy,1.2327889355167573e-05,0.03563608591638889,0.035636088048733784,2.5886566407786367,-2.444357164143061e-06,0.03477938128814699,0.03477938137404389,2.968446319541191,0.9819492990221191,1.2451240798694435e-11
HFocusing_5_10_2um2_0_567.npy,P0/data/dataset_Particles2SNR_F_c1/train/2um/HFocusing_5_10_2um2_0_567.npy,2um,788,16384,0,31,0,1853.5814208984375,3,peak_bin_energy_over_lowest_window_energy,7.478461752686628e-05,0.027593496881509263,0.02759359822293715,-0.0712887729966103,5.0852144465761985e-05,0.026525937532500165,0.026525986276078363,-0.12308242678295711,0.9735050014520695,1.281386646718506e-11
HFocusing_5_10_2um2_0_568.npy,P0/data/dataset_Particles2SNR_F_c1/train/2um/HFocusing_5_10_2um2_0_568.npy,2um,789,16384,3,31,9,2070.170654296875,3,peak_bin_energy_over_lowest_window_energy,6.097067259708955e-05,0.057604430359545926,0.0576044626263512,9.284628800639545,4.0720441538314486e-05,0.05712462001778511,0.05712463453126587,9.63661446251385,0.9946967574371418,6.047903445976039e-12
HFocusing_5_10_2um2_0_57.npy,P0/data/dataset_Particles2SNR_F_c1/train/2um/HFocusing_5_10_2um2_0_57.npy,2um,790,16384,8,31,8,2080.989501953125,3,peak_bin_energy_over_lowest_window_energy,2.81815803330268e-05,0.03421853794536593,0.03421854955020622,1.21452108227371,8.163382993225448e-06,0.033203718444358606,0.03320371944787303,1.429229641371018,0.9774901283643049,9.508424699624819e-12
HFocusing_5_10_2um2_0_571.npy,P0/data/dataset_Particles2SNR_F_c1/train/2um/HFocusing_5_10_2um2_0_571.npy,2um,791,16384,4,31,3,1995.55224609375,3,peak_bin_energy_over_lowest_window_energy,-0.0001021810819491325,0.028082852489430397,0.028083038384701452,0.2874289465171129,-5.985567352254315e-05,0.026916084915187148,0.026916151468276778,0.2666724677194936,0.9755641695838285,1.1560548727818554e-11
HFocusing_5_10_2um2_0_572.npy,P0/data/dataset_Particles2SNR_F_c1/train/2um/HFocusing_5_10_2um2_0_572.npy,2um,792,16384,2,31,2,2061.107421875,3,peak_bin_energy_over_lowest_window_energy,-5.2712979028078814e-06,0.035034177200855686,0.035034177597419607,1.518599835464614,-1.3316063495904145e-05,0.0341641374478861,0.034164140042969034,1.7316240758226131,0.984173511026503,9.09516030612704e-12
HFocusing_5_10_2um2_0_575.npy,P0/data/dataset_Particles2SNR_F_c1/train/2um/HFocusing_5_10_2um2_0_575.npy,2um,793,16384,4,31,6,1952.5042724609375,3,peak_bin_energy_over_lowest_window_energy,8.037123589528094e-05,0.030714480061961463,0.03071458521634612,0.17833253616830813,5.2459577065931065e-05,0.029657087467112736,0.029657133864202073,0.20868353668247686,0.976857120140623,1.2562339778446618e-11
HFocusing_5_10_2um2_0_576.npy,P0/data/dataset_Particles2SNR_F_c1/train/2um/HFocusing_5_10_2um2_0_576.npy,2um,794,16384,9,31,12,2386.154052734375,3,peak_bin_energy_over_lowest_window_energy,-3.6823204962606216e-05,0.052648414721294626,0.052648427598683864,2.4476550758591005,-2.19018168254799e-05,0.05189656083375899,0.05189656545535193,2.6035255581831205,0.9905410524067707,5.2514036396964134e-12
HFocusing_5_10_2um2_0_579.npy,P0/data/dataset_Particles2SNR_F_c1/train/2um/HFocusing_5_10_2um2_0_579.npy,2um,795,16384,0,31,0,1876.7252197265625,3,peak_bin_energy_over_lowest_window_energy,-0.00010499272801690803,0.027129677627932416,0.027129880789794728,0.14199844974365128,-0.00010572503848081818,0.026033298548424004,0.02603351322997219,0.15266118810125118,0.9736622482574326,1.3343747997415595e-11
HFocusing_5_10_2um2_0_58.npy,P0/data/dataset_Particles2SNR_F_c1/train/2um/HFocusing_5_10_2um2_0_58.npy,2um,796,16384,11,31,17,2135.830078125,3,peak_bin_energy_over_lowest_window_energy,1.84671070121235e-05,0.04888517908970037,0.04888518257781309,3.7469088769010117,2.4377748800234167e-05,0.04802492697722373,0.048024933164371064,3.8824215296492968,0.9924139199543508,7.729794627078592e-12
HFocusing_5_10_2um2_0_580.npy,P0/data/dataset_Particles2SNR_F_c1/train/2um/HFocusing_5_10_2um2_0_580.npy,2um,797,16384,11,31,16,2602.64501953125,3,peak_bin_energy_over_lowest_window_energy,-5.293625392300271e-05,0.042289430449551337,0.04228946358130378,2.3818507371294846,-4.725950404767072e-05,0.04153898549762461,0.041539012381526234,2.551952474277929,0.9876119434309535,8.173840110220076e-12
HFocusing_5_10_2um2_0_583.npy,P0/data/dataset_Particles2SNR_F_c1/train/2um/HFocusing_5_10_2um2_0_583.npy,2um,798,16384,0,31,0,1923.9691162109375,3,peak_bin_energy_over_lowest_window_energy,-4.363645599848249e-05,0.02789981514159104,0.027899849266174264,-0.07018330155494468,-3.0690124193692e-05,0.026976599420211644,0.0269766168776273,0.003021794301682146,0.9812093635995962,1.205560919912489e-11
HFocusing_5_10_2um2_0_584.npy,P0/data/dataset_Particles2SNR_F_c1/train/2um/HFocusing_5_10_2um2_0_584.npy,2um,799,16384,8,31,8,2318.189453125,3,peak_bin_energy_over_lowest_window_energy,0.00015175483107886608,0.039103776954658595,0.03910407142035781,1.3568186658184151,0.00011752504007236171,0.03799272979142715,0.03799291156438843,1.487429994347953,0.9851623653008125,9.623573129315485e-12
HFocusing_5_10_2um2_0_588.npy,P0/data/dataset_Particles2SNR_F_c1/train/2um/HFocusing_5_10_2um2_0_588.npy,2um,800,16384,2,31,7,2138.7578125,3,peak_bin_energy_over_lowest_window_energy,1.4775397022767256e-05,0.03339405930298912,0.03339406257171941,1.2522838396491176,2.447304179400728e-06,0.03257841916956213,0.032578419261483374,1.3701955979531615,0.9857728229729458,1.0205260274654438e-11
HFocusing_5_10_2um2_0_591.npy,P0/data/dataset_Particles2SNR_F_c1/train/2um/HFocusing_5_10_2um2_0_591.npy,2um,801,16384,6,31,9,2245.995849609375,3,peak_bin_energy_over_lowest_window_energy,-0.00011255966217367381,0.03399031197266736,0.03399049834404907,1.2375818284695717,-9.80960650107188e-05,0.03318707193661203,0.033187216915008595,1.3996974778727438,0.9843588888538565,1.1282846113803412e-11
HFocusing_5_10_2um2_0_594.npy,P0/data/dataset_Particles2SNR_F_c1/train/2um/HFocusing_5_10_2um2_0_594.npy,2um,802,16384,0,31,0,2072.945068359375,3,peak_bin_energy_over_lowest_window_energy,6.305435951881783e-05,0.02851431268090469,0.028514382397601675,-0.28297906117682325,4.447901153343976e-05,0.027432194701901884,0.0274322307613785,-0.27173105838607237,0.9750441719178993,1.2565325731048707e-11
HFocusing_5_10_2um2_0_598.npy,P0/data/dataset_Particles2SNR_F_c1/train/2um/HFocusing_5_10_2um2_0_598.npy,2um,803,16384,2,31,1,1829.3270263671875,3,peak_bin_energy_over_lowest_window_energy,3.661973947515453e-05,0.03186908624967908,0.0318691072889531,1.0775226432185363,4.228372251179742e-05,0.03085486785024083,0.030854896823178886,1.2973330246603316,0.9834548077905706,1.2488366076031933e-11
HFocusing_5_10_2um2_0_599.npy,P0/data/dataset_Particles2SNR_F_c1/train/2um/HFocusing_5_10_2um2_0_599.npy,2um,804,16384,3,31,7,2130.192626953125,3,peak_bin_energy_over_lowest_window_energy,3.6588536270087015e-05,0.03220432031557469,0.032204341100372215,0.8846024272161581,2.9018685094652746e-05,0.031300002720389006,0.03130001617220739,1.0509955454532482,0.9801685749662279,9.582001333869863e-12
HFocusing_5_10_2um2_0_6.npy,P0/data/dataset_Particles2SNR_F_c1/train/2um/HFocusing_5_10_2um2_0_6.npy,2um,805,16384,4,31,2,1906.7861328125,3,peak_bin_energy_over_lowest_window_energy,2.001728869316598e-05,0.02760418114749829,0.027604188405308108,0.0356081719887511,7.868519067288744e-06,0.026305413744952457,0.026305414921774677,0.03976274003585312,0.9677614000530025,1.4292511102592793e-11
HFocusing_5_10_2um2_0_602.npy,P0/data/dataset_Particles2SNR_F_c1/train/2um/HFocusing_5_10_2um2_0_602.npy,2um,806,16384,15,31,13,2357.5400390625,3,peak_bin_energy_over_lowest_window_energy,0.00010974105259869305,0.04041205154341937,0.04041220054694633,1.4223738199513196,7.977261216053642e-05,0.03938786157370421,0.039387942355737955,1.5178408909729786,0.9863974022967051,8.475649269458424e-12
HFocusing_5_10_2um2_0_605.npy,P0/data/dataset_Particles2SNR_F_c1/train/2um/HFocusing_5_10_2um2_0_605.npy,2um,807,16384,7,31,9,2122.573974609375,3,peak_bin_energy_over_lowest_window_energy,1.65618857747318e-05,0.03462384437311375,0.034623848334199674,0.8284711135630833,1.150888809310839e-05,0.03378321091736622,0.03378321287772608,0.9290929153103442,0.9850469108248453,8.695496327959872e-12
HFocusing_5_10_2um2_0_608.npy,P0/data/dataset_Particles2SNR_F_c1/train/2um/HFocusing_5_10_2um2_0_608.npy,2um,808,16384,0,31,0,1945.8822021484375,3,peak_bin_energy_over_lowest_window_energy,-6.40585177822281e-05,0.02739175418916821,0.027391829092879405,0.02197497066313492,-5.893628545053581e-05,0.02641142138497907,0.026411487142163587,0.0013807034120918438,0.97186093630346,9.638285736575852e-12
HFocusing_5_10_2um2_0_609.npy,P0/data/dataset_Particles2SNR_F_c1/train/2um/HFocusing_5_10_2um2_0_609.npy,2um,809,16384,1,31,7,2102.033203125,3,peak_bin_energy_over_lowest_window_energy,-5.403904235565452e-05,0.03487681639179906,0.03487685825651965,1.999689317740927,-4.3533752164392766e-05,0.03398399141639585,0.03398401929991867,2.2119766452371215,0.9831416201770269,1.300911422900049e-11
HFocusing_5_10_2um2_0_61.npy,P0/data/dataset_Particles2SNR_F_c1/train/2um/HFocusing_5_10_2um2_0_61.npy,2um,810,16384,14,31,14,2271.093994140625,3,peak_bin_energy_over_lowest_window_energy,1.985972169836653e-05,0.042863402630754346,0.04286340723151514,4.9740858805835755,1.9391491814502133e-05,0.04217271149851805,0.04217271595673192,5.364481456384619,0.9901140117404785,1.0134420938622243e-11
HFocusing_5_10_2um2_0_612.npy,P0/data/dataset_Particles2SNR_F_c1/train/2um/HFocusing_5_10_2um2_0_612.npy,2um,811,16384,5,31,5,1804.1575927734375,3,peak_bin_energy_over_lowest_window_energy,6.149900162931746e-05,0.028038377038355138,0.028038444483818325,0.38026254882652877,4.601365563851057e-05,0.02715064921649094,0.02715068820736309,0.390737989152381,0.9815654668688726,1.2782613735745184e-11
HFocusing_5_10_2um2_0_613.npy,P0/data/dataset_Particles2SNR_F_c1/train/2um/HFocusing_5_10_2um2_0_613.npy,2um,812,16384,9,31,11,2268.037841796875,3,peak_bin_energy_over_lowest_window_energy,-3.133416365347984e-05,0.03875531829476288,0.038755330961794066,4.61077421049035,-2.188447607442815e-05,0.037917147070736616,0.03791715338622038,5.003918262710851,0.9876045604396954,1.2843473402029686e-11
HFocusing_5_10_2um2_0_617.npy,P0/data/dataset_Particles2SNR_F_c1/train/2um/HFocusing_5_10_2um2_0_617.npy,2um,813,16384,2,31,3,2062.091552734375,3,peak_bin_energy_over_lowest_window_energy,-3.717435500583352e-05,0.034742630554567645,0.03474265044270295,1.2793827634371073,-2.6229462354385578e-05,0.033819965996180805,0.033819976167459395,1.3985445061748045,0.9848338433612299,1.5560203311379155e-11
HFocusing_5_10_2um2_0_619.npy,P0/data/dataset_Particles2SNR_F_c1/train/2um/HFocusing_5_10_2um2_0_619.npy,2um,814,16384,3,31,1,1685.4970703125,3,peak_bin_energy_over_lowest_window_energy,-5.283635093453354e-05,0.027687390380820163,0.027687440795059283,0.13994249565772554,-3.856235845042902e-05,0.026372993849406633,0.026373022042161368,0.19772584923472136,0.9643641554448147,1.3994673708036061e-11
HFocusing_5_10_2um2_0_620.npy,P0/data/dataset_Particles2SNR_F_c1/train/2um/HFocusing_5_10_2um2_0_620.npy,2um,815,16384,0,31,0,2061.890380859375,3,peak_bin_energy_over_lowest_window_energy,-7.436416124473182e-05,0.027943168089339214,0.027943267040515196,0.004335518352668544,-4.808520628839379e-05,0.02676015665214018,0.0267601998541518,-0.0034380129790809733,0.9731065260628489,1.431565749780888e-11
HFocusing_5_10_2um2_0_626.npy,P0/data/dataset_Particles2SNR_F_c1/train/2um/HFocusing_5_10_2um2_0_626.npy,2um,816,16384,2,31,2,1755.6282958984375,3,peak_bin_energy_over_lowest_window_energy,1.1600191123347004e-05,0.028631809515317675,0.028631811865229027,0.679633684923461,6.950331365979279e-06,0.027664381036767355,0.02766438190985946,0.7444742076057178,0.9790693315035591,9.186567118223551e-12
HFocusing_5_10_2um2_0_627.npy,P0/data/dataset_Particles2SNR_F_c1/train/2um/HFocusing_5_10_2um2_0_627.npy,2um,817,16384,3,31,6,2022.37890625,3,peak_bin_energy_over_lowest_window_energy,6.191692893475531e-05,0.04209765674526918,0.04209770227873008,11.965302819002877,4.938837994536674e-05,0.04145919522772832,0.04145922464473937,12.548427966513998,0.9902729968806184,7.055549907306144e-12
HFocusing_5_10_2um2_0_629.npy,P0/data/dataset_Particles2SNR_F_c1/train/2um/HFocusing_5_10_2um2_0_629.npy,2um,818,16384,4,31,4,1802.9068603515625,3,peak_bin_energy_over_lowest_window_energy,0.0001281648249952846,0.029633727088743116,0.029634004241622054,0.37487978352781903,0.00011249190199948388,0.02850543198224564,0.028505653946584844,0.41312856564766154,0.9719310404005307,9.395894441926306e-12
HFocusing_5_10_2um2_0_630.npy,P0/data/dataset_Particles2SNR_F_c1/train/2um/HFocusing_5_10_2um2_0_630.npy,2um,819,16384,3,31,9,1898.73095703125,3,peak_bin_energy_over_lowest_window_energy,-5.841604352217976e-05,0.0344029748676698,0.03440302446267858,1.2918512209523847,-7.333470786235512e-05,0.033531328484430654,0.033531408677688564,1.3513132186902101,0.9847566114114785,1.0984745956763352e-11
HFocusing_5_10_2um2_0_636.npy,P0/data/dataset_Particles2SNR_F_c1/train/2um/HFocusing_5_10_2um2_0_636.npy,2um,820,16384,5,31,7,1958.130859375,3,peak_bin_energy_over_lowest_window_energy,-4.932288804681405e-05,0.03225026978462194,0.032250307501296545,1.135266147277724,-3.755644805659071e-05,0.03139849030195752,0.03139851276301015,1.2881151901301902,0.9846934231637735,1.0072367711866312e-11
HFocusing_5_10_2um2_0_637.npy,P0/data/dataset_Particles2SNR_F_c1/train/2um/HFocusing_5_10_2um2_0_637.npy,2um,821,16384,7,31,8,2040.81982421875,3,peak_bin_energy_over_lowest_window_energy,2.9463607137073573e-05,0.03377585858423204,0.033775871435185595,0.8145810766989987,3.900706760545263e-05,0.0325957666541518,0.032595789993851015,0.8641417256685275,0.9790511943123581,8.967649534160832e-12
HFocusing_5_10_2um2_0_640.npy,P0/data/dataset_Particles2SNR_F_c1/train/2um/HFocusing_5_10_2um2_0_640.npy,2um,822,16384,0,31,0,2188.020263671875,3,peak_bin_energy_over_lowest_window_energy,-1.0488207726051148e-06,0.028836251103873053,0.028836251122946698,0.032966833565876374,-1.6472464519426343e-06,0.02780982589899753,0.027809825947782817,0.04456481640341936,0.9762380020363677,1.217232890327754e-11
HFocusing_5_10_2um2_0_641.npy,P0/data/dataset_Particles2SNR_F_c1/train/2um/HFocusing_5_10_2um2_0_641.npy,2um,823,16384,6,31,10,2114.1630859375,3,peak_bin_energy_over_lowest_window_energy,-6.509781849757719e-05,0.033760876125493444,0.033760938886335586,0.4783836083108808,-5.117515849623625e-05,0.032933899987939365,0.03293393974781091,0.583874602788728,0.984864016991803,9.243696818916808e-12
HFocusing_5_10_2um2_0_644.npy,P0/data/dataset_Particles2SNR_F_c1/train/2um/HFocusing_5_10_2um2_0_644.npy,2um,824,16384,0,31,0,1793.8970947265625,3,peak_bin_energy_over_lowest_window_energy,-3.917998468908812e-05,0.027277351396045892,0.027277379534232517,-0.015074014205990416,-1.5234113536798727e-05,0.02639564420690717,0.02639564860305288,-0.00897367288223494,0.9776397893101483,9.288541411242552e-12
HFocusing_5_10_2um2_0_645.npy,P0/data/dataset_Particles2SNR_F_c1/train/2um/HFocusing_5_10_2um2_0_645.npy,2um,825,16384,13,31,13,2384.346435546875,3,peak_bin_energy_over_lowest_window_energy,-0.00021461112701538462,0.034785458907503695,0.03478612092978272,0.6643655622174318,-0.00017354799234028497,0.033765221922475434,0.03376566792438231,0.7441588886034429,0.9818393379039758,1.067660108399436e-11
HFocusing_5_10_2um2_0_648.npy,P0/data/dataset_Particles2SNR_F_c1/train/2um/HFocusing_5_10_2um2_0_648.npy,2um,826,16384,4,31,4,1950.876953125,3,peak_bin_energy_over_lowest_window_energy,0.00011477645503518759,0.031282731944672584,0.031282942501575345,0.9347319029141863,8.649908205941272e-05,0.03039594346136858,0.03039606653825314,1.1756154726943393,0.9827567867282454,1.0806787187981238e-11
HFocusing_5_10_2um2_0_649.npy,P0/data/dataset_Particles2SNR_F_c1/train/2um/HFocusing_5_10_2um2_0_649.npy,2um,827,16384,9,31,16,2149.23388671875,3,peak_bin_energy_over_lowest_window_energy,-9.920580369051614e-05,0.03465410022918126,0.03465424222928019,0.5707055013389852,-7.034001903038452e-05,0.0335910023853758,0.033591076031776655,0.6567611715524082,0.9829403651386796,1.1525752906444015e-11
HFocusing_5_10_2um2_0_65.npy,P0/data/dataset_Particles2SNR_F_c1/train/2um/HFocusing_5_10_2um2_0_65.npy,2um,828,16384,12,31,20,2345.7919921875,3,peak_bin_energy_over_lowest_window_energy,6.304716584516938e-05,0.04785802718334959,0.047858068711841575,0.8743151556307773,4.2923404192666935e-05,0.04687615469455112,0.046876174346528264,0.9117748851150207,0.9911296935248297,1.0554869806538596e-11
HFocusing_5_10_2um2_0_652.npy,P0/data/dataset_Particles2SNR_F_c1/train/2um/HFocusing_5_10_2um2_0_652.npy,2um,829,16384,2,31,1,1866.8482666015625,3,peak_bin_energy_over_lowest_window_energy,3.4013003333374986e-05,0.027807174676961068,0.027807195478857995,0.23193950698113897,2.5118873658826974e-05,0.026638308334279718,0.026638320177330442,0.20997164114228317,0.9693475713809606,8.622128021356426e-12
HFocusing_5_10_2um2_0_653.npy,P0/data/dataset_Particles2SNR_F_c1/train/2um/HFocusing_5_10_2um2_0_653.npy,2um,830,16384,11,31,17,2281.9990234375,3,peak_bin_energy_over_lowest_window_energy,-0.00014134121805027888,0.03902270411682944,0.03902296008671738,2.591762699149304,-0.00011895350950193795,0.03822451958645412,0.03822470467580669,2.877935704828208,0.9865072755178922,9.044353061136938e-12
HFocusing_5_10_2um2_0_656.npy,P0/data/dataset_Particles2SNR_F_c1/train/2um/HFocusing_5_10_2um2_0_656.npy,2um,831,16384,0,31,0,1632.056640625,3,peak_bin_energy_over_lowest_window_energy,-2.6080705245308588e-05,0.027568538921189722,0.02756855125777085,0.03381024957724499,-1.771398060118485e-05,0.026529122255543682,0.026529128169517593,0.053301089574781635,0.97583328458982,1.4068657451000152e-11
HFocusing_5_10_2um2_0_657.npy,P0/data/dataset_Particles2SNR_F_c1/train/2um/HFocusing_5_10_2um2_0_657.npy,2um,832,16384,8,31,11,2198.304443359375,3,peak_bin_energy_over_lowest_window_energy,0.0001255344576978425,0.03952918765065773,0.039529386982610555,4.583639791047834,9.610676284224439e-05,0.03878978780358395,0.03878990686192652,4.967324361762017,0.9881879094597878,7.1210026911961665e-12
HFocusing_5_10_2um2_0_660.npy,P0/data/dataset_Particles2SNR_F_c1/train/2um/HFocusing_5_10_2um2_0_660.npy,2um,833,16384,3,31,5,1731.3863525390625,3,peak_bin_energy_over_lowest_window_energy,-2.0891496618127793e-05,0.029301512491806656,0.0293015199394525,1.438412962656738,-2.2918898271217805e-05,0.02838274449754064,0.028382753750976514,1.5825084361326667,0.9796842540547049,1.0652463220858007e-11
HFocusing_5_10_2um2_0_661.npy,P0/data/dataset_Particles2SNR_F_c1/train/2um/HFocusing_5_10_2um2_0_661.npy,2um,834,16384,8,31,13,2354.250732421875,3,peak_bin_energy_over_lowest_window_energy,-1.5187798748466825e-05,0.03596044498770624,0.035960448194969394,0.3196425870661672,-1.5572656176058577e-08,0.03506033731347408,0.03506033731347753,0.42569471119675173,0.9839165939307197,1.2133133323142173e-11
HFocusing_5_10_2um2_0_664.npy,P0/data/dataset_Particles2SNR_F_c1/train/2um/HFocusing_5_10_2um2_0_664.npy,2um,835,16384,11,31,9,2346.567138671875,3,peak_bin_energy_over_lowest_window_energy,0.00020595681881422566,0.03247298545747233,0.03247363858166228,0.9760566373370234,0.00015157196679934038,0.03148157181207544,0.031481936691061155,1.0795136087746027,0.9803860534583393,9.860756251057813e-12
HFocusing_5_10_2um2_0_665.npy,P0/data/dataset_Particles2SNR_F_c1/train/2um/HFocusing_5_10_2um2_0_665.npy,2um,836,16384,5,31,7,2373.447265625,3,peak_bin_energy_over_lowest_window_energy,4.9044370206844265e-05,0.04230026430453366,0.042300292736382486,3.1058769648158977,2.9877276637812808e-05,0.04151619227320813,0.041516203023851374,3.2789684063299864,0.9902638276264504,6.1908806954125625e-12
HFocusing_5_10_2um2_0_672.npy,P0/data/dataset_Particles2SNR_F_c1/train/2um/HFocusing_5_10_2um2_0_672.npy,2um,837,16384,4,31,3,1836.4425048828125,3,peak_bin_energy_over_lowest_window_energy,8.523988349891953e-05,0.02820110561212384,0.02820123443368927,0.23921828403358392,7.841000802243178e-05,0.027123390020211028,0.027123503356274635,0.25807380130949875,0.9745524930270061,1.2547284227675422e-11
HFocusing_5_10_2um2_0_673.npy,P0/data/dataset_Particles2SNR_F_c1/train/2um/HFocusing_5_10_2um2_0_673.npy,2um,838,16384,1,31,9,2126.0595703125,3,peak_bin_energy_over_lowest_window_energy,9.911455363525262e-05,0.03770481820244264,0.03770494847329714,2.172681184939826,8.56451043807989e-05,0.03687173715047589,0.036871836617907834,2.260865579772867,0.9879461776599671,8.969940626891153e-12
HFocusing_5_10_2um2_0_676.npy,P0/data/dataset_Particles2SNR_F_c1/train/2um/HFocusing_5_10_2um2_0_676.npy,2um,839,16384,1,31,6,1885.4232177734375,3,peak_bin_energy_over_lowest_window_energy,8.663363785532154e-05,0.03314225656625001,0.033142369795932665,0.7277104251385742,6.064657171617351e-05,0.031856997456619206,0.031857055183392324,0.7422613478695461,0.982017538792294,5.790346736905451e-12
HFocusing_5_10_2um2_0_679.npy,P0/data/dataset_Particles2SNR_F_c1/train/2um/HFocusing_5_10_2um2_0_679.npy,2um,840,16384,0,31,0,1685.6512451171875,3,peak_bin_energy_over_lowest_window_energy,-4.014213806452079e-05,0.028626011285202292,0.02862603943076613,1.052616584348585,-4.2870602998063714e-05,0.0278771993873635,0.027877232351354777,1.1488283699951083,0.9832548192865379,1.149429176035144e-11
HFocusing_5_10_2um2_0_68.npy,P0/data/dataset_Particles2SNR_F_c1/train/2um/HFocusing_5_10_2um2_0_68.npy,2um,841,16384,15,31,20,2523.2333984375,3,peak_bin_energy_over_lowest_window_energy,-2.504950431518401e-05,0.03560675546451534,0.0356067642757308,0.334373622155272,-1.5306876085708894e-05,0.034752183212892127,0.034752186583909744,0.38154964178808504,0.985799060650732,1.1084752036979444e-11
HFocusing_5_10_2um2_0_680.npy,P0/data/dataset_Particles2SNR_F_c1/train/2um/HFocusing_5_10_2um2_0_680.npy,2um,842,16384,9,31,16,2388.65185546875,3,peak_bin_energy_over_lowest_window_energy,-0.0002091075213148853,0.040613904212096,0.0406144425211621,1.8268287623678825,-0.000182319064586123,0.03997065442669817,0.03997107023260495,1.9735104351810602,0.9897931804132624,9.849284840966995e-12
HFocusing_5_10_2um2_0_683.npy,P0/data/dataset_Particles2SNR_F_c1/train/2um/HFocusing_5_10_2um2_0_683.npy,2um,843,16384,2,31,3,1998.4111328125,3,peak_bin_energy_over_lowest_window_energy,-4.270162828060641e-05,0.04871121259136661,0.048711231308091275,18.59904460220353,-4.9908126629234676e-05,0.04816242487911146,0.04816245073765618,19.432880002493338,0.9924350792901437,6.53226592438231e-12
HFocusing_5_10_2um2_0_687.npy,P0/data/dataset_Particles2SNR_F_c1/train/2um/HFocusing_5_10_2um2_0_687.npy,2um,844,16384,1,31,6,1755.7669677734375,3,peak_bin_energy_over_lowest_window_energy,-0.00013558072053040677,0.03421744219189222,0.034217710798463204,1.7265812773332936,-9.606659376173711e-05,0.03303969100773265,0.03303983066961583,1.642700739819709,0.9835957060990977,9.064948470464242e-12
HFocusing_5_10_2um2_0_691.npy,P0/data/dataset_Particles2SNR_F_c1/train/2um/HFocusing_5_10_2um2_0_691.npy,2um,845,16384,2,31,9,2260.611083984375,3,peak_bin_energy_over_lowest_window_energy,4.7490300937308684e-05,0.040326865618501614,0.040326893581596024,4.231330780797097,3.217562760724194e-05,0.0394840697184806,0.03948408282846201,4.509128342124234,0.987757695839034,1.055512212720159e-11
HFocusing_5_10_2um2_0_694.npy,P0/data/dataset_Particles2SNR_F_c1/train/2um/HFocusing_5_10_2um2_0_694.npy,2um,846,16384,9,31,10,2041.5501708984375,3,peak_bin_energy_over_lowest_window_energy,0.00012138336982032009,0.03714574330347672,0.037145941628800506,1.5935271783726588,0.00011201844934024,0.03551664842458648,0.03551682507557051,1.4820096439856245,0.9756565213922798,1.3081281089544918e-11
HFocusing_5_10_2um2_0_698.npy,P0/data/dataset_Particles2SNR_F_c1/train/2um/HFocusing_5_10_2um2_0_698.npy,2um,847,16384,0,31,0,1806.82177734375,3,peak_bin_energy_over_lowest_window_energy,-0.00015187840606645968,0.02805809989368963,0.02805851094934468,-0.12295990653051714,-0.00012298016229259282,0.02677965215757741,0.026779934536909494,-0.13017777411660258,0.9721823963741834,1.3676467784074435e-11
HFocusing_5_10_2um2_0_7.npy,P0/data/dataset_Particles2SNR_F_c1/train/2um/HFocusing_5_10_2um2_0_7.npy,2um,848,16384,4,31,8,2247.5537109375,3,peak_bin_energy_over_lowest_window_energy,2.9623688187454713e-05,0.03463099838141841,0.034631011051609595,0.19720635574682666,3.243158264926663e-05,0.030245587337463957,0.03024560472524418,0.23659737041109397,0.8690016233378471,1.3374752737552874e-11
HFocusing_5_10_2um2_0_702.npy,P0/data/dataset_Particles2SNR_F_c1/train/2um/HFocusing_5_10_2um2_0_702.npy,2um,849,16384,4,31,10,2422.109619140625,3,peak_bin_energy_over_lowest_window_energy,7.576581368081827e-05,0.03971544898233088,0.03971552125210809,0.5880289084568182,5.8781967660115026e-05,0.03832965434697985,0.03832969942066691,0.5993766599987578,0.9840921822740178,8.250177437171714e-12
HFocusing_5_10_2um2_0_706.npy,P0/data/dataset_Particles2SNR_F_c1/train/2um/HFocusing_5_10_2um2_0_706.npy,2um,850,16384,7,31,8,2106.424560546875,3,peak_bin_energy_over_lowest_window_energy,6.291061445033437e-05,0.040469537570394225,0.040469586468198065,4.782960771511575,4.918260369967177e-05,0.03972799978129526,0.03972803022490673,5.043770976603373,0.9884164470085975,1.1337604392277897e-11
HFocusing_5_10_2um2_0_709.npy,P0/data/dataset_Particles2SNR_F_c1/train/2um/HFocusing_5_10_2um2_0_709.npy,2um,851,16384,13,31,15,1788.8486328125,3,peak_bin_energy_over_lowest_window_energy,-7.517204205856837e-06,0.03443754425873374,0.034437545079180724,0.6510782001035427,2.132264887841556e-06,0.03348490693883514,0.03348490700672473,0.7730333937981242,0.9822944620959027,8.415262366782269e-12
HFocusing_5_10_2um2_0_712.npy,P0/data/dataset_Particles2SNR_F_c1/train/2um/HFocusing_5_10_2um2_0_712.npy,2um,852,16384,5,31,2,2092.948486328125,3,peak_bin_energy_over_lowest_window_energy,-1.2677710744796673e-05,0.028281489989409294,0.028281492830920504,-0.02288777192368574,-1.976290959697515e-05,0.027313415839091068,0.027313422988920786,-0.010522630382927556,0.9774857880779412,1.2279576611448632e-11
HFocusing_5_10_2um2_0_716.npy,P0/data/dataset_Particles2SNR_F_c1/train/2um/HFocusing_5_10_2um2_0_716.npy,2um,853,16384,0,31,0,1954.0841064453125,3,peak_bin_energy_over_lowest_window_energy,-0.00011251702952340249,0.027865459162163674,0.027865686325661245,-0.010030338854570608,-8.639883683278426e-05,0.026834590792123667,0.02683472988013359,-0.057452299799056306,0.9748331256758808,1.4536703149271815e-11
HFocusing_5_10_2um2_0_717.npy,P0/data/dataset_Particles2SNR_F_c1/train/2um/HFocusing_5_10_2um2_0_717.npy,2um,854,16384,1,31,3,1761.6722412109375,3,peak_bin_energy_over_lowest_window_energy,3.0029004282280883e-05,0.033159546024277835,0.033159559621281136,1.7009107297379762,2.805810122306613e-05,0.0314189245810389,0.031418937109425824,1.51626084876664,0.979394597148449,9.611518428232235e-12
HFocusing_5_10_2um2_0_72.npy,P0/data/dataset_Particles2SNR_F_c1/train/2um/HFocusing_5_10_2um2_0_72.npy,2um,855,16384,3,31,5,1889.4075927734375,3,peak_bin_energy_over_lowest_window_energy,4.0851211122462156e-05,0.028744599037168393,0.028744628065588747,1.6578103116651377,4.9651028132896745e-05,0.027875954406862864,0.027875998624589074,1.8729994165269739,0.9804254895277109,1.1321375864874735e-11
HFocusing_5_10_2um2_0_720.npy,P0/data/dataset_Particles2SNR_F_c1/train/2um/HFocusing_5_10_2um2_0_720.npy,2um,856,16384,0,31,0,1977.94384765625,3,peak_bin_energy_over_lowest_window_energy,0.00014904484071803805,0.026925818819966533,0.026926231327280257,0.05182363594399675,0.00010972600209533904,0.026070122817501373,0.026070353728232028,0.047598008842244965,0.9769183227655746,1.3894409843999836e-11
HFocusing_5_10_2um2_0_721.npy,P0/data/dataset_Particles2SNR_F_c1/train/2um/HFocusing_5_10_2um2_0_721.npy,2um,857,16384,1,31,7,1799.494140625,3,peak_bin_energy_over_lowest_window_energy,4.7109805267621545e-06,0.03352722016821307,0.03352722049918798,1.2220379099852208,-5.96698211758347e-07,0.03266230502030015,0.03266230502575061,1.3366221769424973,0.9861367460069436,1.261479399345016e-11
HFocusing_5_10_2um2_0_724.npy,P0/data/dataset_Particles2SNR_F_c1/train/2um/HFocusing_5_10_2um2_0_724.npy,2um,858,16384,0,31,0,1722.4542236328125,3,peak_bin_energy_over_lowest_window_energy,-3.790973248539736e-05,0.0272313007635796,0.027231327151359112,-0.016980353791288483,-1.8867659497768683e-05,0.026099272085479058,0.02609927890537287,-0.0003577940501906518,0.9725424193742225,1.2188971662036852e-11
HFocusing_5_10_2um2_0_725.npy,P0/data/dataset_Particles2SNR_F_c1/train/2um/HFocusing_5_10_2um2_0_725.npy,2um,859,16384,6,31,9,1897.9468994140625,3,peak_bin_energy_over_lowest_window_energy,-0.0003799668327578543,0.03455115076343302,0.03455323999093969,3.4188366931103458,-0.00031283365303283163,0.03358873738686501,0.03359019416642681,4.264474504804135,0.9767471590690816,1.1805754187709656e-11
HFocusing_5_10_2um2_0_728.npy,P0/data/dataset_Particles2SNR_F_c1/train/2um/HFocusing_5_10_2um2_0_728.npy,2um,860,16384,1,31,1,1882.6800537109375,3,peak_bin_energy_over_lowest_window_energy,6.274508960848552e-05,0.02785266632091631,0.02785273699532194,-0.10697783201432509,4.678048324926147e-05,0.02693584852405457,0.026935889146720696,-0.11342348768413091,0.9803948839963186,1.4200966803758267e-11
HFocusing_5_10_2um2_0_729.npy,P0/data/dataset_Particles2SNR_F_c1/train/2um/HFocusing_5_10_2um2_0_729.npy,2um,861,16384,10,31,15,1925.3172607421875,3,peak_bin_energy_over_lowest_window_energy,8.68697577211499e-05,0.04054477182453788,0.04054486488642732,5.222381307993729,6.70862151790635e-05,0.03992554545481749,0.03992560181669107,5.565666554714555,0.9898297854190282,9.796059029245736e-12
HFocusing_5_10_2um2_0_732.npy,P0/data/dataset_Particles2SNR_F_c1/train/2um/HFocusing_5_10_2um2_0_732.npy,2um,862,16384,2,31,1,1878.7838134765625,3,peak_bin_energy_over_lowest_window_energy,0.0001497870075508953,0.027738359825878058,0.027738764247484365,0.18111033018212774,0.00012494946456991597,0.026703325035544793,0.026703617363994892,0.18978316733490486,0.97650657261475,1.164662161556325e-11
HFocusing_5_10_2um2_0_733.npy,P0/data/dataset_Particles2SNR_F_c1/train/2um/HFocusing_5_10_2um2_0_733.npy,2um,863,16384,11,31,18,2532.226806640625,3,peak_bin_energy_over_lowest_window_energy,-4.487828111027655e-05,0.05322563182226475,0.05322565074228213,3.9558707757204647,-4.61743511239913e-05,0.052146627085904534,0.052146647528936066,4.093385150977531,0.9919052086810624,6.978525692896405e-12
HFocusing_5_10_2um2_0_736.npy,P0/data/dataset_Particles2SNR_F_c1/train/2um/HFocusing_5_10_2um2_0_736.npy,2um,864,16384,12,31,16,2192.157470703125,3,peak_bin_energy_over_lowest_window_energy,-6.60479362694413e-06,0.048373861192019,0.048373861642916426,4.349365918963325,-2.9479478689870152e-05,0.04769140179461173,0.04769141090568362,4.666454601956382,0.9917895446527191,7.059781916597942e-12
HFocusing_5_10_2um2_0_739.npy,P0/data/dataset_Particles2SNR_F_c1/train/2um/HFocusing_5_10_2um2_0_739.npy,2um,865,16384,8,31,10,2443.76953125,3,peak_bin_energy_over_lowest_window_energy,-1.3618516925583292e-05,0.03435797639492641,0.034357979093921166,0.9828954025352123,-1.6809394068977415e-05,0.033167262826381674,0.033167267085938944,1.2215949879630381,0.977061807294197,8.186659454557984e-12
HFocusing_5_10_2um2_0_740.npy,P0/data/dataset_Particles2SNR_F_c1/train/2um/HFocusing_5_10_2um2_0_740.npy,2um,866,16384,9,31,13,2297.6123046875,3,peak_bin_energy_over_lowest_window_energy,0.00012260493531979233,0.04382778763486755,0.04382795912356875,5.117083576970883,9.337666846303636e-05,0.04287992557166694,0.04288002724152481,5.460285105605916,0.9891133291051492,9.61430179418771e-12
HFocusing_5_10_2um2_0_743.npy,P0/data/dataset_Particles2SNR_F_c1/train/2um/HFocusing_5_10_2um2_0_743.npy,2um,867,16384,9,31,20,2806.995361328125,3,peak_bin_energy_over_lowest_window_energy,-4.40321988800771e-05,0.041181427223839946,0.04118145076399038,0.8652276907557241,-2.2778497710997552e-05,0.040357864181668826,0.04035787060990688,0.9243945463276999,0.9856156282304543,7.749157309307718e-12
HFocusing_5_10_2um2_0_746.npy,P0/data/dataset_Particles2SNR_F_c1/train/2um/HFocusing_5_10_2um2_0_746.npy,2um,868,16384,6,31,3,1824.6561279296875,3,peak_bin_energy_over_lowest_window_energy,4.051449245352679e-06,0.027504201914609814,0.027504202213004966,0.030741804129083228,-6.828244641913189e-06,0.026460205597560058,0.026460206478598643,0.039191351797203566,0.9774045252929515,1.023336645256735e-11
HFocusing_5_10_2um2_0_747.npy,P0/data/dataset_Particles2SNR_F_c1/train/2um/HFocusing_5_10_2um2_0_747.npy,2um,869,16384,14,31,18,1938.40625,3,peak_bin_energy_over_lowest_window_energy,-0.00015194810488677874,0.03900826035138012,0.039008556290481104,3.4478127185138714,-0.00013618541275553294,0.03821903119489483,0.03821927382804377,3.7811846608009407,0.9855623288029532,7.631353223767312e-12
HFocusing_5_10_2um2_0_75.npy,P0/data/dataset_Particles2SNR_F_c1/train/2um/HFocusing_5_10_2um2_0_75.npy,2um,870,16384,4,31,12,2468.274658203125,3,peak_bin_energy_over_lowest_window_energy,1.1842357940035169e-05,0.03793816516401368,0.03793816701230336,2.7956131249304743,-5.205051467482496e-06,0.03712953378075162,0.03712953414559003,3.0345468163288114,0.9862174846422667,7.214101475839882e-12
HFocusing_5_10_2um2_0_750.npy,P0/data/dataset_Particles2SNR_F_c1/train/2um/HFocusing_5_10_2um2_0_750.npy,2um,871,16384,9,31,13,2297.6572265625,3,peak_bin_energy_over_lowest_window_energy,8.125311354358814e-06,0.03503684425605738,0.035036845198218196,0.2991849671624829,3.512587104998328e-06,0.034200720040108,0.034200720220488236,0.3346828842531999,0.9833011645759377,6.5922541203601814e-12
HFocusing_5_10_2um2_0_753.npy,P0/data/dataset_Particles2SNR_F_c1/train/2um/HFocusing_5_10_2um2_0_753.npy,2um,872,16384,2,31,3,1627.3763427734375,3,peak_bin_energy_over_lowest_window_energy,-7.368921435710926e-05,0.027950024933802838,0.027950122073087856,1.1483846734182759,-5.3342021623059956e-05,0.02707336849695028,0.027073421046165017,1.1977606075371856,0.978156780743969,1.2729770015175513e-11
HFocusing_5_10_2um2_0_754.npy,P0/data/dataset_Particles2SNR_F_c1/train/2um/HFocusing_5_10_2um2_0_754.npy,2um,873,16384,6,31,11,2123.990234375,3,peak_bin_energy_over_lowest_window_energy,-8.2260514944214e-05,0.034205035260946516,0.0342051341759525,0.7187937098907851,-6.28020686500364e-05,0.03341014349619679,0.03341020252162933,0.740952317513659,0.9845157827945775,1.2628644163372281e-11
HFocusing_5_10_2um2_0_757.npy,P0/data/dataset_Particles2SNR_F_c1/train/2um/HFocusing_5_10_2um2_0_757.npy,2um,874,16384,0,31,0,1950.1865234375,3,peak_bin_energy_over_lowest_window_energy,5.845450503396305e-05,0.02725553442042941,0.02725559710357436,0.3212494777049324,3.8020231145352104e-05,0.026195168047753386,0.02619519563943007,0.27725597881923214,0.9742505713979919,1.5748350504694274e-11
HFocusing_5_10_2um2_0_758.npy,P0/data/dataset_Particles2SNR_F_c1/train/2um/HFocusing_5_10_2um2_0_758.npy,2um,875,16384,6,31,11,1867.716796875,3,peak_bin_energy_over_lowest_window_energy,8.623832869120553e-05,0.031319071778584714,0.03131919050871968,0.2780849915158954,6.395831015626771e-05,0.030322497299400727,0.030322564751973115,0.30445221615078166,0.9798300909123951,1.4118598626861144e-11
HFocusing_5_10_2um2_0_761.npy,P0/data/dataset_Particles2SNR_F_c1/train/2um/HFocusing_5_10_2um2_0_761.npy,2um,876,16384,5,31,8,2085.33203125,3,peak_bin_energy_over_lowest_window_energy,-3.0092681856557452e-05,0.030237015470300048,0.030237030444814943,-0.1310846918416253,-4.114861862398514e-05,0.029383560528107075,0.029383589340272007,-0.11730030822544091,0.9824441944397115,1.0715929252123494e-11
HFocusing_5_10_2um2_0_762.npy,P0/data/dataset_Particles2SNR_F_c1/train/2um/HFocusing_5_10_2um2_0_762.npy,2um,877,16384,12,31,9,2179.477783203125,3,peak_bin_energy_over_lowest_window_energy,-4.9799069564164076e-05,0.03524973949935227,0.03524977467615254,1.59162908631696,-4.997089332096551e-05,0.034399593054268554,0.03439962934959417,1.710157157364745,0.9843347980734644,9.646618260816543e-12
HFocusing_5_10_2um2_0_765.npy,P0/data/dataset_Particles2SNR_F_c1/train/2um/HFocusing_5_10_2um2_0_765.npy,2um,878,16384,2,31,3,1807.0833740234375,3,peak_bin_energy_over_lowest_window_energy,0.0001419809869090766,0.04268735240600529,0.04268758852447781,11.877615009349773,0.00012522970359673757,0.04213354410434698,0.042133730208368865,12.555607065839137,0.9895263306656815,4.843530261850038e-12
HFocusing_5_10_2um2_0_768.npy,P0/data/dataset_Particles2SNR_F_c1/train/2um/HFocusing_5_10_2um2_0_768.npy,2um,879,16384,8,31,10,2219.960205078125,3,peak_bin_energy_over_lowest_window_energy,-7.355101015335513e-05,0.03321884663966432,0.03321892806549651,0.2708904787572415,-3.9574183953887676e-05,0.03215910117152047,0.032159125521010745,0.3273877236502951,0.9778757502321623,9.405805077656053e-12
HFocusing_5_10_2um2_0_773.npy,P0/data/dataset_Particles2SNR_F_c1/train/2um/HFocusing_5_10_2um2_0_773.npy,2um,880,16384,5,31,12,2151.59765625,3,peak_bin_energy_over_lowest_window_energy,3.404033290833753e-05,0.03867198929298029,0.03867200427467714,1.2503456678451546,3.307462970846785e-05,0.03779310672630058,0.03779312119892556,1.3568254553788357,0.986069927137606,1.1388075318178794e-11
HFocusing_5_10_2um2_0_776.npy,P0/data/dataset_Particles2SNR_F_c1/train/2um/HFocusing_5_10_2um2_0_776.npy,2um,881,16384,5,31,5,1946.92822265625,3,peak_bin_energy_over_lowest_window_energy,9.990658281007443e-05,0.029320682933981986,0.02932085314311968,0.09882599744776366,8.344984372808716e-05,0.02846507858138675,0.028465200904278558,0.09154364373588253,0.9815305674500684,1.1403509003501595e-11
HFocusing_5_10_2um2_0_777.npy,P0/data/dataset_Particles2SNR_F_c1/train/2um/HFocusing_5_10_2um2_0_777.npy,2um,882,16384,2,31,9,1866.625,3,peak_bin_energy_over_lowest_window_energy,-0.00011862548497884685,0.039778065720464904,0.03977824260154427,2.6807654299314443,-9.636934715359364e-05,0.03891466328788073,0.038914782613554494,2.903163595892087,0.9867451271920322,1.250220059088318e-11
HFocusing_5_10_2um2_0_78.npy,P0/data/dataset_Particles2SNR_F_c1/train/2um/HFocusing_5_10_2um2_0_78.npy,2um,883,16384,13,31,16,2218.811279296875,3,peak_bin_energy_over_lowest_window_energy,3.7954159435570055e-05,0.044204340475907725,0.04420435676975961,5.76918088694941,3.0625141562357566e-05,0.04353431208041829,0.04353432285237189,6.151797266583346,0.9898482140126721,9.2360070068932e-12
HFocusing_5_10_2um2_0_780.npy,P0/data/dataset_Particles2SNR_F_c1/train/2um/HFocusing_5_10_2um2_0_780.npy,2um,884,16384,7,31,12,1860.0509033203125,3,peak_bin_energy_over_lowest_window_energy,-3.686871471508417e-05,0.03658443965389611,0.03658445823149074,2.5049570624107043,-4.2043783368611e-05,0.035671013692987565,0.03567103847051591,2.74384409223717,0.9838842958909801,1.0082938570370192e-11
HFocusing_5_10_2um2_0_784.npy,P0/data/dataset_Particles2SNR_F_c1/train/2um/HFocusing_5_10_2um2_0_784.npy,2um,885,16384,4,31,7,1850.7618408203125,3,peak_bin_energy_over_lowest_window_energy,-6.873295571000733e-06,0.034037507411792435,0.03403750810576498,2.149212984182319,-1.3662492764910526e-05,0.03323580904583285,0.0332358118540043,2.4548950922422197,0.9832962792527484,8.790355754960293e-12
HFocusing_5_10_2um2_0_788.npy,P0/data/dataset_Particles2SNR_F_c1/train/2um/HFocusing_5_10_2um2_0_788.npy,2um,886,16384,10,31,17,2283.526123046875,3,peak_bin_energy_over_lowest_window_energy,-0.0001189995261896238,0.03924568217248779,0.03924586258538802,1.8205334171244347,-9.298132390932088e-05,0.03847649720782512,0.038476609555811565,1.9424219518756054,0.9872990561724828,8.301145878527246e-12
HFocusing_5_10_2um2_0_791.npy,P0/data/dataset_Particles2SNR_F_c1/train/2um/HFocusing_5_10_2um2_0_791.npy,2um,887,16384,7,31,11,2273.624755859375,3,peak_bin_energy_over_lowest_window_energy,-8.494951968737154e-06,0.03851317050134793,0.038513171438224934,2.3400031685713154,-1.1688864699226932e-05,0.03769849852514939,0.03769850033728463,2.5986555798029958,0.9878261660228483,1.2014189908698222e-11
HFocusing_5_10_2um2_0_794.npy,P0/data/dataset_Particles2SNR_F_c1/train/2um/HFocusing_5_10_2um2_0_794.npy,2um,888,16384,7,31,13,1986.9859619140625,3,peak_bin_energy_over_lowest_window_energy,9.702693188992951e-06,0.037039005664432974,0.03703900693528585,2.476715435235217,4.586011909273833e-06,0.036229123989268884,0.036229124279525765,2.7746546601475712,0.9858971080764236,1.0262499054315684e-11
HFocusing_5_10_2um2_0_800.npy,P0/data/dataset_Particles2SNR_F_c1/train/2um/HFocusing_5_10_2um2_0_800.npy,2um,889,16384,8,31,12,1951.3590087890625,3,peak_bin_energy_over_lowest_window_energy,-0.00010051909082053339,0.03494946308126899,0.034949607633800464,1.306744867664566,-7.450952407857554e-05,0.034110503507447855,0.03411058488505863,1.441138855223814,0.9841433602132702,9.263835413589756e-12
HFocusing_5_10_2um2_0_801.npy,P0/data/dataset_Particles2SNR_F_c1/train/2um/HFocusing_5_10_2um2_0_801.npy,2um,890,16384,1,31,2,1766.3538818359375,3,peak_bin_energy_over_lowest_window_energy,1.7473855011513155e-05,0.03462753650551014,0.034627540914365346,2.9364578660182614,2.6425002382177516e-05,0.03390243004658878,0.03390244034497512,3.3079411727271264,0.9844172231733257,1.0980327160134412e-11
HFocusing_5_10_2um2_0_805.npy,P0/data/dataset_Particles2SNR_F_c1/train/2um/HFocusing_5_10_2um2_0_805.npy,2um,891,16384,5,31,11,2140.058837890625,3,peak_bin_energy_over_lowest_window_energy,-2.5143628199103996e-05,0.035362387268433604,0.03536239620733745,0.9224963291799257,-2.5068850540457086e-05,0.03445636284962968,0.034456371969094596,0.9306275516180604,0.9836565721690396,7.609582158448546e-12
HFocusing_5_10_2um2_0_808.npy,P0/data/dataset_Particles2SNR_F_c1/train/2um/HFocusing_5_10_2um2_0_808.npy,2um,892,16384,12,31,13,2124.971923828125,3,peak_bin_energy_over_lowest_window_energy,-8.445819130517202e-05,0.037184458119047345,0.037184554035153694,2.1810386812333125,-6.734329751236786e-05,0.03632538061758544,0.0363254430410996,2.387139899592168,0.9871668667744874,9.2571707015146e-12
HFocusing_5_10_2um2_0_81.npy,P0/data/dataset_Particles2SNR_F_c1/train/2um/HFocusing_5_10_2um2_0_81.npy,2um,893,16384,4,31,11,2025.5587158203125,3,peak_bin_energy_over_lowest_window_energy,7.466188349030463e-06,0.046847699082049096,0.04684769967699792,3.3334030684533946,3.609512229327822e-05,0.04568246714391119,0.0456824814038421,3.5911364081633375,0.9869902943962912,7.249005111792966e-12
HFocusing_5_10_2um2_0_811.npy,P0/data/dataset_Particles2SNR_F_c1/train/2um/HFocusing_5_10_2um2_0_811.npy,2um,894,16384,3,31,5,1819.3045654296875,3,peak_bin_energy_over_lowest_window_energy,7.175116994121924e-05,0.029716355855859366,0.02971644247857497,0.34563147136045913,6.799719733166951e-05,0.028588032802967008,0.028588113669187107,0.30872437966242217,0.9732462975534645,1.1404065801282079e-11
HFocusing_5_10_2um2_0_812.npy,P0/data/dataset_Particles2SNR_F_c1/train/2um/HFocusing_5_10_2um2_0_812.npy,2um,895,16384,5,31,11,1959.51025390625,3,peak_bin_energy_over_lowest_window_energy,-9.475776457810955e-05,0.03835680844745811,0.03835692549343524,1.7144051121399064,-7.662811495255474e-05,0.037471300199987505,0.037471378551443564,1.8790916115365004,0.9856147315510564,1.0281001802530684e-11
HFocusing_5_10_2um2_0_814.npy,P0/data/dataset_Particles2SNR_F_c1/train/2um/HFocusing_5_10_2um2_0_814.npy,2um,896,16384,9,31,12,2292.1904296875,3,peak_bin_energy_over_lowest_window_energy,0.00011703510667968663,0.03209071233250102,0.03209092574581681,0.5619241016078065,0.00010042756378529822,0.030945515463330353,0.03094567842182145,0.7199862734045981,0.9789919106276955,9.16365944833548e-12
HFocusing_5_10_2um2_0_815.npy,P0/data/dataset_Particles2SNR_F_c1/train/2um/HFocusing_5_10_2um2_0_815.npy,2um,897,16384,2,31,7,1823.0091552734375,3,peak_bin_energy_over_lowest_window_energy,-1.7844831847605535e-05,0.0330935820549553,0.033093586866129863,1.9339223658780673,-1.3285101526658099e-05,0.032280751447390746,0.03228075418112381,2.1051043638334708,0.9835457545757856,1.3840298244866419e-11
HFocusing_5_10_2um2_0_818.npy,P0/data/dataset_Particles2SNR_F_c1/train/2um/HFocusing_5_10_2um2_0_818.npy,2um,898,16384,1,31,5,1911.8074951171875,3,peak_bin_energy_over_lowest_window_energy,-1.70192677326272e-05,0.03116938383693785,0.03116938848341168,0.3776541086437941,-2.295656600789813e-05,0.03011281459408179,0.030112823344573124,0.4482066370586284,0.9776220577730194,1.1636849260596709e-11
HFocusing_5_10_2um2_0_821.npy,P0/data/dataset_Particles2SNR_F_c1/train/2um/HFocusing_5_10_2um2_0_821.npy,2um,899,16384,6,31,10,1999.55078125,3,peak_bin_energy_over_lowest_window_energy,-2.9652397686775024e-05,0.040996216234824634,0.040996226958553,4.467200808695762,-2.584167321659155e-05,0.0403343994975285,0.040334407775722975,4.769850911620096,0.988855057588855,8.789272290175667e-12
HFocusing_5_10_2um2_0_828.npy,P0/data/dataset_Particles2SNR_F_c1/train/2um/HFocusing_5_10_2um2_0_828.npy,2um,900,16384,2,31,6,1780.4698486328125,3,peak_bin_energy_over_lowest_window_energy,5.394026321673686e-05,0.03241354777135797,0.03241359265305376,2.3346613292991503,3.8910661064178595e-05,0.03157410199162968,0.03157412596759217,2.575414341067444,0.983283945709978,1.0607462167666998e-11
HFocusing_5_10_2um2_0_829.npy,P0/data/dataset_Particles2SNR_F_c1/train/2um/HFocusing_5_10_2um2_0_829.npy,2um,901,16384,2,31,3,1666.1953125,3,peak_bin_energy_over_lowest_window_energy,-5.1429465164683626e-05,0.033520075536944374,0.03352011499073867,0.7500716580565934,-5.608276501649273e-05,0.03246845502155277,0.03246850345739894,0.830699808347731,0.9796044612359843,8.355660941559827e-12
HFocusing_5_10_2um2_0_832.npy,P0/data/dataset_Particles2SNR_F_c1/train/2um/HFocusing_5_10_2um2_0_832.npy,2um,902,16384,4,31,8,1992.0888671875,3,peak_bin_energy_over_lowest_window_energy,1.216752902810201e-05,0.03532186281140975,0.03532186490711969,1.2037626514761142,9.611365034941934e-06,0.03436045911010878,0.0343604604543623,1.2623729760708775,0.9838851231551952,8.05571639757244e-12
HFocusing_5_10_2um2_0_835.npy,P0/data/dataset_Particles2SNR_F_c1/train/2um/HFocusing_5_10_2um2_0_835.npy,2um,903,16384,0,31,0,1834.8472900390625,3,peak_bin_energy_over_lowest_window_energy,3.209822149487931e-05,0.027933558136167137,0.027933576578061975,0.1508428967066351,3.078492616136471e-05,0.026889372743559962,0.026889390365974906,0.09854270101549023,0.9751428162390093,1.4427392944588694e-11
HFocusing_5_10_2um2_0_836.npy,P0/data/dataset_Particles2SNR_F_c1/train/2um/HFocusing_5_10_2um2_0_836.npy,2um,904,16384,2,31,2,1992.8336181640625,3,peak_bin_energy_over_lowest_window_energy,3.78129443513294e-05,0.037241166438761825,0.03724118563550737,3.8683771304112176,1.3172530990581984e-05,0.03629084581592646,0.036290848206550916,4.20076719885475,0.9816164492756896,1.2936451358113866e-11
HFocusing_5_10_2um2_0_839.npy,P0/data/dataset_Particles2SNR_F_c1/train/2um/HFocusing_5_10_2um2_0_839.npy,2um,905,16384,2,31,7,2278.576416015625,3,peak_bin_energy_over_lowest_window_energy,-0.00013924946803593128,0.030942695140247747,0.03094300846648011,-0.12269578378066193,-0.00012423141916230814,0.030038300936442174,0.03003855783145672,-0.11779925801327318,0.980179811633962,8.06629623191195e-12
HFocusing_5_10_2um2_0_84.npy,P0/data/dataset_Particles2SNR_F_c1/train/2um/HFocusing_5_10_2um2_0_84.npy,2um,906,16384,4,31,7,2002.1351318359375,3,peak_bin_energy_over_lowest_window_energy,-0.0001373816077447001,0.045255532602642534,0.045255741125905656,4.54616225071277,-0.00013259794356175155,0.044623290910398974,0.04462348791711303,4.857155415747942,0.9897935615103785,6.6415484230017235e-12
HFocusing_5_10_2um2_0_842.npy,P0/data/dataset_Particles2SNR_F_c1/train/2um/HFocusing_5_10_2um2_0_842.npy,2um,907,16384,0,31,0,1926.6580810546875,3,peak_bin_energy_over_lowest_window_energy,1.7965484966429267e-05,0.02749946941717321,0.027499475285624905,-0.07113621964155081,1.605349845111284e-05,0.02639569715157247,0.026395702033330037,-0.07660498075842703,0.9730691649537946,1.401795601842334e-11
HFocusing_5_10_2um2_0_846.npy,P0/data/dataset_Particles2SNR_F_c1/train/2um/HFocusing_5_10_2um2_0_846.npy,2um,908,16384,7,31,7,1731.3089599609375,3,peak_bin_energy_over_lowest_window_energy,2.2291907962715254e-05,0.028133873029047348,0.028133881860555935,0.2932798768577576,1.1400827828804732e-05,0.027043212275556904,0.02704321467872684,0.294810773026402,0.9739228900452436,1.2303966449517002e-11
HFocusing_5_10_2um2_0_847.npy,P0/data/dataset_Particles2SNR_F_c1/train/2um/HFocusing_5_10_2um2_0_847.npy,2um,909,16384,6,31,9,2254.298095703125,3,peak_bin_energy_over_lowest_window_energy,-5.686367853603033e-06,0.03243902928647291,0.03243902978486604,0.09957059463008422,-1.4287927439411565e-05,0.03152139088513794,0.03152139412333356,0.13695224762413227,0.9818367499183538,6.921668246368996e-12
HFocusing_5_10_2um2_0_850.npy,P0/data/dataset_Particles2SNR_F_c1/train/2um/HFocusing_5_10_2um2_0_850.npy,2um,910,16384,9,31,10,1810.974609375,3,peak_bin_energy_over_lowest_window_energy,-0.0002448002782295256,0.03944897947573128,0.03944973902135335,3.8831962741005883,-0.00019004139867327335,0.038654718474826696,0.03865518563014952,4.21122503972518,0.9856657307314809,1.1396958851211593e-11
HFocusing_5_10_2um2_0_853.npy,P0/data/dataset_Particles2SNR_F_c1/train/2um/HFocusing_5_10_2um2_0_853.npy,2um,911,16384,2,31,6,1928.6158447265625,3,peak_bin_energy_over_lowest_window_energy,-2.1902870331030025e-05,0.03253219737608112,0.032532204749325375,0.6676018969847659,-6.727576002811564e-06,0.03164055606219179,0.03164055677741749,0.7633628259587262,0.9821418673118175,9.463374643689208e-12
HFocusing_5_10_2um2_0_857.npy,P0/data/dataset_Particles2SNR_F_c1/train/2um/HFocusing_5_10_2um2_0_857.npy,2um,912,16384,3,31,6,2399.657958984375,3,peak_bin_energy_over_lowest_window_energy,-1.1830164525280329e-05,0.04003439509836635,0.04003439684627323,3.749130821406487,-2.8328691304420335e-06,0.039299122530005864,0.03929912263210925,4.042276224675759,0.9871844804699068,8.773312665107029e-12
HFocusing_5_10_2um2_0_859.npy,P0/data/dataset_Particles2SNR_F_c1/train/2um/HFocusing_5_10_2um2_0_859.npy,2um,913,16384,1,31,3,1826.6611328125,3,peak_bin_energy_over_lowest_window_energy,-4.1963896827220015e-05,0.037203893299453915,0.037203916965902785,5.9258130282506585,-2.892783001783621e-05,0.03640325291126687,0.03640326440500919,6.433391121558639,0.9848647524496769,6.884679919658018e-12
HFocusing_5_10_2um2_0_862.npy,P0/data/dataset_Particles2SNR_F_c1/train/2um/HFocusing_5_10_2um2_0_862.npy,2um,914,16384,7,31,5,1860.048828125,3,peak_bin_energy_over_lowest_window_energy,-0.00012493729535927804,0.028144356093003083,0.02814463339994912,0.12157719745744533,-8.570359907989579e-05,0.027100925214549525,0.027101060728161572,0.1437047777682099,0.9758702655057977,1.161163279313449e-11
HFocusing_5_10_2um2_0_867.npy,P0/data/dataset_Particles2SNR_F_c1/train/2um/HFocusing_5_10_2um2_0_867.npy,2um,915,16384,5,31,8,1550.4456787109375,3,peak_bin_energy_over_lowest_window_energy,3.642016542966669e-05,0.03340745661686281,0.03340747646913817,2.6754025780304165,3.7476977563023875e-05,0.032637513266835984,0.03263753478384576,2.9577926440125264,0.9845306904140478,1.1067488444888868e-11
HFocusing_5_10_2um2_0_869.npy,P0/data/dataset_Particles2SNR_F_c1/train/2um/HFocusing_5_10_2um2_0_869.npy,2um,916,16384,3,31,7,1866.3892822265625,3,peak_bin_energy_over_lowest_window_energy,-3.839976002660328e-05,0.03260114270726012,0.032601165322127826,2.658332498066571,-3.311575971862771e-05,0.03183926926870181,0.03183928649041057,2.928902135172293,0.9840611792259981,9.126743902901062e-12
HFocusing_5_10_2um2_0_87.npy,P0/data/dataset_Particles2SNR_F_c1/train/2um/HFocusing_5_10_2um2_0_87.npy,2um,917,16384,1,31,4,1915.9320068359375,3,peak_bin_energy_over_lowest_window_energy,-1.313441313567444e-05,0.03134351752421708,0.031343520276186455,0.6152920448451198,-2.9529523998423494e-05,0.030351216980364047,0.030351231345398928,0.7080615043207481,0.9791399101126793,8.46846275850507e-12
HFocusing_5_10_2um2_0_873.npy,P0/data/dataset_Particles2SNR_F_c1/train/2um/HFocusing_5_10_2um2_0_873.npy,2um,918,16384,2,31,8,2048.686279296875,3,peak_bin_energy_over_lowest_window_energy,3.654432598701613e-05,0.03684756044068117,0.036847578562470194,1.3872574373822752,3.9253130644953255e-05,0.03572069546724784,0.03572071703468627,1.4619264108343195,0.9846801118555552,7.663076230353203e-12
HFocusing_5_10_2um2_0_876.npy,P0/data/dataset_Particles2SNR_F_c1/train/2um/HFocusing_5_10_2um2_0_876.npy,2um,919,16384,5,31,6,2132.3203125,3,peak_bin_energy_over_lowest_window_energy,4.4168736856178966e-05,0.03105820953016591,0.03105824093693981,0.6932870090147518,2.6653562975850217e-05,0.029962984664774275,0.02996299651960594,0.816054074202615,0.9761107781707059,1.2051461342676361e-11
HFocusing_5_10_2um2_0_877.npy,P0/data/dataset_Particles2SNR_F_c1/train/2um/HFocusing_5_10_2um2_0_877.npy,2um,920,16384,2,31,8,2037.9317626953125,3,peak_bin_energy_over_lowest_window_energy,4.5358635044867314e-05,0.03440145958682169,0.0344014894896936,2.416237329511697,2.1493853987249737e-05,0.033640972696090406,0.03364097956250471,2.684624113622296,0.9864375556321535,1.5700431284421195e-11
HFocusing_5_10_2um2_0_879.npy,P0/data/dataset_Particles2SNR_F_c1/train/2um/HFocusing_5_10_2um2_0_879.npy,2um,921,16384,0,31,0,1806.2196044921875,3,peak_bin_energy_over_lowest_window_energy,-3.099051414254314e-05,0.027306850104168428,0.02730686768971297,-0.0887405705991231,-2.3892349907100355e-05,0.02631047616122543,0.026310487009456814,-0.10477913414943352,0.9769586870766684,1.3658659024452156e-11
HFocusing_5_10_2um2_0_880.npy,P0/data/dataset_Particles2SNR_F_c1/train/2um/HFocusing_5_10_2um2_0_880.npy,2um,922,16384,1,31,4,1599.4901123046875,3,peak_bin_energy_over_lowest_window_energy,-4.280043188198287e-05,0.031216265528558405,0.031216294870250582,0.3364458615246959,-5.001932198570694e-05,0.027690778883104044,0.027690824059343786,0.15985708217235084,0.8943136054191118,1.1359525991746034e-11
HFocusing_5_10_2um2_0_883.npy,P0/data/dataset_Particles2SNR_F_c1/train/2um/HFocusing_5_10_2um2_0_883.npy,2um,923,16384,1,31,7,1901.23779296875,3,peak_bin_energy_over_lowest_window_energy,2.5268328902418988e-05,0.03177777747052546,0.03177778751667083,0.6858856884723274,1.6848619037736302e-05,0.030870644507840245,0.030870649105670105,0.8272374283054766,0.9826668713482138,8.313737671734052e-12
HFocusing_5_10_2um2_0_886.npy,P0/data/dataset_Particles2SNR_F_c1/train/2um/HFocusing_5_10_2um2_0_886.npy,2um,924,16384,1,31,1,2147.663818359375,3,peak_bin_energy_over_lowest_window_energy,1.7376740043907886e-05,0.028447016829867656,0.02844702213712128,-0.009270994704950297,3.757188095755576e-07,0.02740477545505225,0.027404775457627796,-0.023730288407673328,0.9764672800357606,1.3162641294386348e-11
HFocusing_5_10_2um2_0_887.npy,P0/data/dataset_Particles2SNR_F_c1/train/2um/HFocusing_5_10_2um2_0_887.npy,2um,925,16384,4,31,8,2292.629638671875,3,peak_bin_energy_over_lowest_window_energy,3.259675603398563e-05,0.03330363069871985,0.033303646651158474,0.7955999405127248,1.5692704441572157e-05,0.032239817308071565,0.0322398211272768,0.8874320893315479,0.9788328531151077,6.807654073134758e-12
HFocusing_5_10_2um2_0_892.npy,P0/data/dataset_Particles2SNR_F_c1/train/2um/HFocusing_5_10_2um2_0_892.npy,2um,926,16384,5,31,6,2040.2041015625,3,peak_bin_energy_over_lowest_window_energy,-1.719440121576951e-05,0.036906716713757316,0.03690672071909081,2.6268741151990973,-2.3930629695152388e-05,0.03609983136187311,0.036099839293696506,2.8292314028357,0.9876599197111562,8.390810228600663e-12
HFocusing_5_10_2um2_0_900.npy,P0/data/dataset_Particles2SNR_F_c1/train/2um/HFocusing_5_10_2um2_0_900.npy,2um,927,16384,10,31,16,1920.8076171875,3,peak_bin_energy_over_lowest_window_energy,8.613134677400684e-05,0.04208800807476338,0.04208809620676902,1.5080818134817129,0.00010036031191439486,0.04138493614487219,0.04138505783380465,1.6092405134497776,0.9908875829170963,8.793978374066914e-12
HFocusing_5_10_2um2_0_903.npy,P0/data/dataset_Particles2SNR_F_c1/train/2um/HFocusing_5_10_2um2_0_903.npy,2um,928,16384,8,31,7,1916.4537353515625,3,peak_bin_energy_over_lowest_window_energy,-3.794806286095129e-05,0.02967110085438532,0.029671125121346172,0.4895607930995949,-3.7498694682502466e-05,0.028736234956923595,0.02873625942344655,0.6185857233716052,0.9806105192105516,1.2607034222448815e-11
HFocusing_5_10_2um2_0_904.npy,P0/data/dataset_Particles2SNR_F_c1/train/2um/HFocusing_5_10_2um2_0_904.npy,2um,929,16384,2,31,7,2040.3209228515625,3,peak_bin_energy_over_lowest_window_energy,-5.806947492517941e-05,0.03355864287335302,0.033558693114678434,2.230449020226817,-3.7099841525922966e-05,0.03274314710818732,0.032743168126292195,2.4787542123772806,0.9852697217773775,9.990715219198108e-12
HFocusing_5_10_2um2_0_906.npy,P0/data/dataset_Particles2SNR_F_c1/train/2um/HFocusing_5_10_2um2_0_906.npy,2um,930,16384,2,31,6,2109.876220703125,3,peak_bin_energy_over_lowest_window_energy,6.696481977557547e-06,0.030614914722952736,0.030614915455322415,0.4570174979730588,1.6045063813739754e-05,0.029519903382861395,0.02951990774337793,0.4191655189569139,0.9803119002198971,1.1120941477759732e-11
HFocusing_5_10_2um2_0_909.npy,P0/data/dataset_Particles2SNR_F_c1/train/2um/HFocusing_5_10_2um2_0_909.npy,2um,931,16384,2,31,2,1943.3863525390625,3,peak_bin_energy_over_lowest_window_energy,-5.848057073230253e-05,0.027337185444555295,0.027337247996225937,-0.06310053523491144,-5.085167563645027e-05,0.02632392472062116,0.026323973837356792,-0.06252129112810678,0.974521513649063,1.149658354826859e-11
HFocusing_5_10_2um2_0_91.npy,P0/data/dataset_Particles2SNR_F_c1/train/2um/HFocusing_5_10_2um2_0_91.npy,2um,932,16384,2,31,7,2059.9716796875,3,peak_bin_energy_over_lowest_window_energy,-2.6113354745841547e-05,0.033199232180597955,0.033199242450522075,0.7194598629528857,-2.5900836971754876e-05,0.03229583067482134,0.03229584106088719,0.7875365185070833,0.9814360052623888,1.0105971890212477e-11
HFocusing_5_10_2um2_0_913.npy,P0/data/dataset_Particles2SNR_F_c1/train/2um/HFocusing_5_10_2um2_0_913.npy,2um,933,16384,1,31,1,2121.428955078125,3,peak_bin_energy_over_lowest_window_energy,-3.6842260315594876e-05,0.02833313238803865,0.028333156341471558,-0.01462009677766929,-1.988760836102858e-05,0.027215606961674025,0.027215614228036193,-0.03732564069985633,0.975017607887783,1.4253059182694374e-11
HFocusing_5_10_2um2_0_914.npy,P0/data/dataset_Particles2SNR_F_c1/train/2um/HFocusing_5_10_2um2_0_914.npy,2um,934,16384,5,31,11,2288.352783203125,3,peak_bin_energy_over_lowest_window_energy,-3.818343589095939e-05,0.037505322060369106,0.03750534149726924,1.3390809003158761,-2.3307324423293594e-05,0.03654855755748033,0.03654856498911858,1.4434837676191101,0.986715678061078,1.0159722063131371e-11
HFocusing_5_10_2um2_0_924.npy,P0/data/dataset_Particles2SNR_F_c1/train/2um/HFocusing_5_10_2um2_0_924.npy,2um,935,16384,8,31,17,1935.7847900390625,3,peak_bin_energy_over_lowest_window_energy,0.00010262250251807998,0.047156794164900845,0.04715690582819074,3.2075119980586955,8.069895959322238e-05,0.04628677575336986,0.046286846100861395,3.307535707377693,0.9905664089841598,8.729382242558052e-12
HFocusing_5_10_2um2_0_928.npy,P0/data/dataset_Particles2SNR_F_c1/train/2um/HFocusing_5_10_2um2_0_928.npy,2um,936,16384,4,31,12,2105.9169921875,3,peak_bin_energy_over_lowest_window_energy,-2.2519021120167883e-05,0.04455891026717558,0.04455891595746599,2.2043586597401594,-3.153110816704488e-05,0.04273806124670563,0.04273807287814864,2.1695268565844197,0.9866591219287658,6.594631797955024e-12
HFocusing_5_10_2um2_0_931.npy,P0/data/dataset_Particles2SNR_F_c1/train/2um/HFocusing_5_10_2um2_0_931.npy,2um,937,16384,4,31,7,2005.4871826171875,3,peak_bin_energy_over_lowest_window_energy,0.00010537142981073653,0.1739342776325516,0.173934309550174,33.38659263898424,7.57967669677204e-05,0.1736938339483311,0.1736938504864818,33.766949342372115,0.999064004919965,4.2403718066532425e-12
HFocusing_5_10_2um2_0_934.npy,P0/data/dataset_Particles2SNR_F_c1/train/2um/HFocusing_5_10_2um2_0_934.npy,2um,938,16384,0,31,0,1949.56787109375,3,peak_bin_energy_over_lowest_window_energy,-7.285646804500298e-05,0.027518414244420444,0.027518510689942106,0.23547703432618095,-5.876866968665512e-05,0.026510657666104283,0.026510722805044577,0.15679186569627612,0.9735663763228366,1.4186788793185283e-11
HFocusing_5_10_2um2_0_935.npy,P0/data/dataset_Particles2SNR_F_c1/train/2um/HFocusing_5_10_2um2_0_935.npy,2um,939,16384,9,31,14,2339.552978515625,3,peak_bin_energy_over_lowest_window_energy,3.628371596394162e-05,0.04216974422156444,0.0421697598311896,1.610444465933372,2.6343792533039048e-05,0.03899584415318363,0.03899585305150781,1.7761092374613243,0.9540780445366707,1.0501745961265724e-11
HFocusing_5_10_2um2_0_938.npy,P0/data/dataset_Particles2SNR_F_c1/train/2um/HFocusing_5_10_2um2_0_938.npy,2um,940,16384,2,31,7,1679.4705810546875,3,peak_bin_energy_over_lowest_window_energy,-5.2803742059391937e-05,0.03757815219945782,0.03757818929859171,4.444119750196345,-3.8388809207556335e-05,0.03672612447949325,0.03672614454287171,4.8732606827821865,0.9852629453440731,8.580755636356694e-12
HFocusing_5_10_2um2_0_94.npy,P0/data/dataset_Particles2SNR_F_c1/train/2um/HFocusing_5_10_2um2_0_94.npy,2um,941,16384,6,31,6,1797.9652099609375,3,peak_bin_energy_over_lowest_window_energy,-0.00014690501099968743,0.03256095480847683,0.032561286201898215,1.2732951647334687,-9.468339915656132e-05,0.03174857296937339,0.03174871415565838,1.3507255265900806,0.984567602769057,1.0261742436024436e-11
HFocusing_5_10_2um2_0_941.npy,P0/data/dataset_Particles2SNR_F_c1/train/2um/HFocusing_5_10_2um2_0_941.npy,2um,942,16384,6,31,16,2564.959716796875,3,peak_bin_energy_over_lowest_window_energy,1.8458842989113632e-05,0.04178738093482766,0.04178738501176261,1.9181636212886284,2.557201919813146e-05,0.040972313512109386,0.04097232149223115,2.112742472651753,0.9885527920959889,1.0030063540902299e-11
HFocusing_5_10_2um2_0_945.npy,P0/data/dataset_Particles2SNR_F_c1/train/2um/HFocusing_5_10_2um2_0_945.npy,2um,943,16384,1,31,8,2167.819580078125,3,peak_bin_energy_over_lowest_window_energy,-8.751997908937837e-05,0.03587520216169515,0.03587530891698685,1.270367854183351,-5.343274323230928e-05,0.03465852553667943,0.034658566725049515,1.2672224314955525,0.9844418338625647,9.506010661695267e-12
HFocusing_5_10_2um2_0_948.npy,P0/data/dataset_Particles2SNR_F_c1/train/2um/HFocusing_5_10_2um2_0_948.npy,2um,944,16384,8,31,11,2068.3427734375,3,peak_bin_energy_over_lowest_window_energy,-4.879626001828796e-06,0.03171389052661903,0.03171389090201841,0.38512482437681683,5.979040304121167e-06,0.030889694977912618,0.030889695556567127,0.5153272696119124,0.9843194964801952,1.1264154961030949e-11
HFocusing_5_10_2um2_0_95.npy,P0/data/dataset_Particles2SNR_F_c1/train/2um/HFocusing_5_10_2um2_0_95.npy,2um,945,16384,3,31,7,2011.41650390625,3,peak_bin_energy_over_lowest_window_energy,-5.732724638354972e-05,0.031128686818220026,0.031128739605708472,0.9940113472954444,-3.452920204944301e-05,0.030141286979683206,0.03014130675762772,1.1360931808901062,0.9816975321239507,1.044107054029117e-11
HFocusing_5_10_2um2_0_952.npy,P0/data/dataset_Particles2SNR_F_c1/train/2um/HFocusing_5_10_2um2_0_952.npy,2um,946,16384,5,31,5,2111.441650390625,3,peak_bin_energy_over_lowest_window_energy,8.488051899744828e-05,0.02878897256568096,0.028789097694961473,0.08900265064825508,7.134267924140624e-05,0.027856955415011948,0.02785704677046447,0.12435042487718695,0.9809762941827225,1.256034835691031e-11
HFocusing_5_10_2um2_0_953.npy,P0/data/dataset_Particles2SNR_F_c1/train/2um/HFocusing_5_10_2um2_0_953.npy,2um,947,16384,11,31,16,2193.811279296875,3,peak_bin_energy_over_lowest_window_energy,6.541694105435055e-05,0.04072367895548103,0.04072373149706771,5.290126770271087,5.0974539162031336e-05,0.04001985640309066,0.0400198888670076,5.709546370305704,0.9882218980096839,1.3541096924407916e-11
HFocusing_5_10_2um2_0_956.npy,P0/data/dataset_Particles2SNR_F_c1/train/2um/HFocusing_5_10_2um2_0_956.npy,2um,948,16384,8,31,13,1894.9984130859375,3,peak_bin_energy_over_lowest_window_energy,-9.756176491468232e-05,0.033881845436675856,0.03388198589948301,0.5092593521250475,-8.590412488855364e-05,0.03305723015630782,0.033057341773436354,0.5035331570573249,0.9845398440007438,1.1310946778701144e-11
HFocusing_5_10_2um2_0_959.npy,P0/data/dataset_Particles2SNR_F_c1/train/2um/HFocusing_5_10_2um2_0_959.npy,2um,949,16384,10,31,12,2027.47412109375,3,peak_bin_energy_over_lowest_window_energy,2.382038861664377e-05,0.03120402997659392,0.031204039068541845,0.40434174590874505,2.623273538108126e-05,0.03010181215975604,0.030101823590235232,0.42880446409896233,0.9773914086662319,1.3658016914054193e-11
HFocusing_5_10_2um2_0_963.npy,P0/data/dataset_Particles2SNR_F_c1/train/2um/HFocusing_5_10_2um2_0_963.npy,2um,950,16384,3,31,1,2035.6094970703125,3,peak_bin_energy_over_lowest_window_energy,-2.4343967632424694e-05,0.028208757986691056,0.028208768491028928,-0.08671344901126288,-5.095679914393776e-06,0.02706812199417475,0.027068122473815587,-0.0559102089462411,0.9726469106981641,1.1664394744659441e-11
HFocusing_5_10_2um2_0_964.npy,P0/data/dataset_Particles2SNR_F_c1/train/2um/HFocusing_5_10_2um2_0_964.npy,2um,951,16384,10,31,15,2130.760009765625,3,peak_bin_energy_over_lowest_window_energy,1.703226582723457e-05,0.03392610004083433,0.033926104316275074,1.041696656056919,3.008154998011785e-05,0.03305431805596291,0.033054331744030226,1.1840474105613739,0.9809818572795942,1.0404574932706226e-11
HFocusing_5_10_2um2_0_967.npy,P0/data/dataset_Particles2SNR_F_c1/train/2um/HFocusing_5_10_2um2_0_967.npy,2um,952,16384,0,31,0,2046.8345947265625,3,peak_bin_energy_over_lowest_window_energy,-2.76765875876991e-05,0.027905349813902598,0.027905363538749575,-0.023974301514671392,-2.283919476678905e-05,0.026857679417974328,0.02685768912895336,0.01487037978980199,0.9747258067793293,1.0474893535290912e-11
HFocusing_5_10_2um2_0_971.npy,P0/data/dataset_Particles2SNR_F_c1/train/2um/HFocusing_5_10_2um2_0_971.npy,2um,953,16384,5,31,11,2248.0029296875,3,peak_bin_energy_over_lowest_window_energy,-2.266717872436356e-05,0.04469138231695112,0.04469138806527363,3.7411048566611225,-5.932141459826651e-06,0.0420860292983549,0.04208602971643072,3.874816899523023,0.9643724000539098,1.1635384351941567e-11
HFocusing_5_10_2um2_0_974.npy,P0/data/dataset_Particles2SNR_F_c1/train/2um/HFocusing_5_10_2um2_0_974.npy,2um,954,16384,8,31,14,1826.42822265625,3,peak_bin_energy_over_lowest_window_energy,-1.6761188496586637e-05,0.04239318378858201,0.04239318710205606,3.8853324911261273,-1.3414125606076346e-05,0.04157590818040571,0.04157591034438443,4.133242187667297,0.9912451516425017,1.0718961808428637e-11
HFocusing_5_10_2um2_0_977.npy,P0/data/dataset_Particles2SNR_F_c1/train/2um/HFocusing_5_10_2um2_0_977.npy,2um,955,16384,1,31,8,1839.1363525390625,3,peak_bin_energy_over_lowest_window_energy,-2.541532689726088e-05,0.03778351380274089,0.0377835223506326,2.980099734718224,-1.4193196331679471e-05,0.03713345031243614,0.03713345302490714,3.187605350299042,0.9899468166655758,9.375991177042449e-12
HFocusing_5_10_2um2_0_980.npy,P0/data/dataset_Particles2SNR_F_c1/train/2um/HFocusing_5_10_2um2_0_980.npy,2um,956,16384,4,31,6,1760.5687255859375,3,peak_bin_energy_over_lowest_window_energy,6.162721625640882e-05,0.041083616453725776,0.04108366267545569,3.752568682078148,6.477598431850052e-05,0.04017674449336732,0.04017679671170247,3.8940650037422744,0.9871001380369715,9.847059270883872e-12
HFocusing_5_10_2um2_0_983.npy,P0/data/dataset_Particles2SNR_F_c1/train/2um/HFocusing_5_10_2um2_0_983.npy,2um,957,16384,6,31,12,1983.5609130859375,3,peak_bin_energy_over_lowest_window_energy,-6.797425762675474e-05,0.039124876319255285,0.03912493536731687,1.3703840151934807,-4.385292528282386e-05,0.03808732400365726,0.03808734924930616,1.4843309273418042,0.9879988003548948,9.25183238974049e-12
HFocusing_5_10_2um2_0_987.npy,P0/data/dataset_Particles2SNR_F_c1/train/2um/HFocusing_5_10_2um2_0_987.npy,2um,958,16384,6,31,10,1744.07568359375,3,peak_bin_energy_over_lowest_window_energy,-7.697276803121474e-05,0.034858970777421415,0.03485905575984724,1.850501876825442,-7.993669509294245e-05,0.03408449383802454,0.03408458757370485,2.0111433063703092,0.9879226475108381,1.2065464893622566e-11
HFocusing_5_10_2um2_0_990.npy,P0/data/dataset_Particles2SNR_F_c1/train/2um/HFocusing_5_10_2um2_0_990.npy,2um,959,16384,0,31,0,2058.8857421875,3,peak_bin_energy_over_lowest_window_energy,2.0438357277545107e-05,0.02782574422050896,0.02782575172662252,-0.23709410683521037,1.656784620481224e-05,0.026695580691509846,0.02669558583268854,-0.22370250871545672,0.9723809159970846,1.2002621036987633e-11
HFocusing_5_10_2um2_0_991.npy,P0/data/dataset_Particles2SNR_F_c1/train/2um/HFocusing_5_10_2um2_0_991.npy,2um,960,16384,5,31,12,1825.1588134765625,3,peak_bin_energy_over_lowest_window_energy,-8.564758134965462e-05,0.0345783925595368,0.03457849863006809,1.0469388624316025,-5.5403312236768475e-05,0.033771908880016493,0.03377195432495939,1.1117995932882456,0.9869089753137847,9.899794937107363e-12
HFocusing_5_10_2um2_0_997.npy,P0/data/dataset_Particles2SNR_F_c1/train/2um/HFocusing_5_10_2um2_0_997.npy,2um,961,16384,4,31,5,1816.1536865234375,3,peak_bin_energy_over_lowest_window_energy,6.748560763349156e-05,0.029097240000679293,0.02909731826069834,-0.02349467016075657,4.8411074570735005e-05,0.027999207954141802,0.027999249805868348,0.032826636251466645,0.9743165226581589,1.1296776014049486e-11
HFocusing_5_10_4um_0_1.npy,P0/data/dataset_Particles2SNR_F_c1/train/4um/HFocusing_5_10_4um_0_1.npy,4um,962,16384,5,15,3,2017.1739501953125,3,peak_bin_energy_over_lowest_window_energy,-2.6440597471391315e-05,0.06776497152789152,0.06776497668619937,12.888196966832824,-4.577517239931674e-05,0.06732954465682132,0.06732956021734662,13.241789041183193,0.9956753994991258,2.5072140475039256e-12
HFocusing_5_10_4um_0_100.npy,P0/data/dataset_Particles2SNR_F_c1/train/4um/HFocusing_5_10_4um_0_100.npy,4um,963,16384,5,15,6,2132.22265625,3,peak_bin_energy_over_lowest_window_energy,4.341804879443221e-05,0.04471864165862746,0.044718662736263626,4.865746784562624,3.377209361973355e-05,0.04392855965017078,0.04392857263209129,5.191321963392083,0.9899989001374934,8.387730635119966e-12
HFocusing_5_10_4um_0_1000.npy,P0/data/dataset_Particles2SNR_F_c1/train/4um/HFocusing_5_10_4um_0_1000.npy,4um,964,16384,7,15,13,4837.50146484375,3,peak_bin_energy_over_lowest_window_energy,2.7840152964010576e-05,0.1300359989921677,0.1300360019723967,7.918592150697542,5.350104772593468e-05,0.12980039715770117,0.12980040818371516,7.968650336042112,0.9988890706935952,4.21104054745996e-12
HFocusing_5_10_4um_0_1001.npy,P0/data/dataset_Particles2SNR_F_c1/train/4um/HFocusing_5_10_4um_0_1001.npy,4um,965,16384,8,15,9,2416.661865234375,3,peak_bin_energy_over_lowest_window_energy,-0.00013334638140565712,0.08264553445888707,0.08264564203424477,6.710889736848856,-0.00011654002029322816,0.08232830305921471,0.08232838554342137,6.803437101655565,0.9973483140386662,3.843651668118813e-12
HFocusing_5_10_4um_0_1008.npy,P0/data/dataset_Particles2SNR_F_c1/train/4um/HFocusing_5_10_4um_0_1008.npy,4um,966,16384,6,15,8,2174.296875,3,peak_bin_energy_over_lowest_window_energy,1.1119715527796376e-05,0.08683548004522712,0.08683548075719458,6.177026577187403,1.075738695163941e-05,0.08648512054786435,0.08648512121688912,6.2578078320059,0.9974044376639385,5.821388673233623e-12
HFocusing_5_10_4um_0_101.npy,P0/data/dataset_Particles2SNR_F_c1/train/4um/HFocusing_5_10_4um_0_101.npy,4um,967,16384,4,15,2,2150.405517578125,3,peak_bin_energy_over_lowest_window_energy,-3.0957350639000374e-06,0.028092679951482208,0.0280926801220529,-0.16349109252007343,-7.383493327424803e-06,0.026995186430904226,0.026995187440639293,-0.10312417886749747,0.9723576883895139,1.2852747243315032e-11
HFocusing_5_10_4um_0_1011.npy,P0/data/dataset_Particles2SNR_F_c1/train/4um/HFocusing_5_10_4um_0_1011.npy,4um,968,16384,5,15,9,2729.203125,3,peak_bin_energy_over_lowest_window_energy,9.969183953638783e-05,0.10817835760800033,0.10817840354353209,7.276242193853694,5.523956412243856e-05,0.10789489453080557,0.10789490867146188,7.325445715642299,0.99857866804072,5.485449991508848e-12
HFocusing_5_10_4um_0_1014.npy,P0/data/dataset_Particles2SNR_F_c1/train/4um/HFocusing_5_10_4um_0_1014.npy,4um,969,16384,6,15,10,2568.236572265625,3,peak_bin_energy_over_lowest_window_energy,0.0001268620053426321,0.0921726534896703,0.09217274079300901,5.707425459498891,9.40143507066712e-05,0.09184478536452205,0.09184483348209231,5.785138708650329,0.9974516791487008,6.3145213980109364e-12
HFocusing_5_10_4um_0_1016.npy,P0/data/dataset_Particles2SNR_F_c1/train/4um/HFocusing_5_10_4um_0_1016.npy,4um,970,16384,8,15,7,2245.078857421875,3,peak_bin_energy_over_lowest_window_energy,0.0001802032571257645,0.06705122492450326,0.06705146707634521,10.282326344417307,0.00015133277992605913,0.06666139856272074,0.06666157033815051,10.498211735434579,0.9962640577670273,9.148132525172613e-12
HFocusing_5_10_4um_0_1019.npy,P0/data/dataset_Particles2SNR_F_c1/train/4um/HFocusing_5_10_4um_0_1019.npy,4um,971,16384,1,15,4,2126.724609375,3,peak_bin_energy_over_lowest_window_energy,0.00015124052446987218,0.06425467809604103,0.06425485608825295,23.937034521791528,0.00012057364785398877,0.06375340859493299,0.06375352261229988,24.474917913243267,0.9948213784248969,4.81529427424362e-12
HFocusing_5_10_4um_0_102.npy,P0/data/dataset_Particles2SNR_F_c1/train/4um/HFocusing_5_10_4um_0_102.npy,4um,972,16384,5,15,8,2693.112060546875,3,peak_bin_energy_over_lowest_window_energy,2.173204984660818e-05,0.09947618763851733,0.09947619001236174,7.738657016585769,1.6960482733959143e-05,0.09899984043166488,0.09899984188448527,7.8421074795033885,0.9976338204760441,6.347977612885386e-12
HFocusing_5_10_4um_0_1026.npy,P0/data/dataset_Particles2SNR_F_c1/train/4um/HFocusing_5_10_4um_0_1026.npy,4um,973,16384,9,15,10,2368.639404296875,3,peak_bin_energy_over_lowest_window_energy,-4.3034101426931126e-06,0.07531442732670734,0.07531442744965418,8.514333650911198,3.9014108227303085e-06,0.07492002266447496,0.07492002276605667,8.61021330979555,0.9963910703847597,6.428374227065087e-12
HFocusing_5_10_4um_0_1029.npy,P0/data/dataset_Particles2SNR_F_c1/train/4um/HFocusing_5_10_4um_0_1029.npy,4um,974,16384,3,15,3,2160.046142578125,3,peak_bin_energy_over_lowest_window_energy,-0.00010122517593636504,0.07624552840875287,0.07624559560306539,23.139579522805846,-8.395269282893386e-05,0.07585944666869564,0.07585949312337456,23.707984409403828,0.9968984285021432,5.409745794977417e-12
HFocusing_5_10_4um_0_1033.npy,P0/data/dataset_Particles2SNR_F_c1/train/4um/HFocusing_5_10_4um_0_1033.npy,4um,975,16384,1,15,1,2118.173095703125,3,peak_bin_energy_over_lowest_window_energy,-0.00015002592343241455,0.05987579513126768,0.05987598308486668,24.030427585632907,-0.00011920364969132026,0.05933869012672852,0.05933880985886058,24.968124638054135,0.994682448588707,5.675383944884608e-12
HFocusing_5_10_4um_0_1039.npy,P0/data/dataset_Particles2SNR_F_c1/train/4um/HFocusing_5_10_4um_0_1039.npy,4um,976,16384,9,15,8,2521.6064453125,3,peak_bin_energy_over_lowest_window_energy,7.15674320906859e-05,0.05526791645450289,0.05526796279146941,14.356690972317267,4.956713128642757e-05,0.05465685937105201,0.054656881846730516,15.014241438936292,0.9929410171827111,8.575469173338702e-12
HFocusing_5_10_4um_0_104.npy,P0/data/dataset_Particles2SNR_F_c1/train/4um/HFocusing_5_10_4um_0_104.npy,4um,977,16384,0,15,0,1866.0394287109375,3,peak_bin_energy_over_lowest_window_energy,1.987531980479967e-05,0.026260354927503213,0.026260362448884432,0.003146243063843368,3.831861134600196e-05,0.02526432919268236,0.025264358251738707,0.006777446556440747,0.9763949310213504,1.2236371702683628e-11
HFocusing_5_10_4um_0_1042.npy,P0/data/dataset_Particles2SNR_F_c1/train/4um/HFocusing_5_10_4um_0_1042.npy,4um,978,16384,9,15,9,2328.291748046875,3,peak_bin_energy_over_lowest_window_energy,-9.521696665873711e-05,0.08167564477609003,0.08167570027774956,6.887477224676212,-7.868367154450812e-05,0.08130950805360711,0.08130954612491553,6.999041102970217,0.9967269991795236,5.017217525111738e-12
HFocusing_5_10_4um_0_1046.npy,P0/data/dataset_Particles2SNR_F_c1/train/4um/HFocusing_5_10_4um_0_1046.npy,4um,979,16384,3,15,4,1993.9847412109375,3,peak_bin_energy_over_lowest_window_energy,-0.00013388488029272768,0.050657397007950314,0.05065757393304839,12.473555136578959,-0.00010206864516991876,0.050065917505103884,0.05006602154791405,12.942460878159437,0.9929884864884412,8.101477128978977e-12
HFocusing_5_10_4um_0_1049.npy,P0/data/dataset_Particles2SNR_F_c1/train/4um/HFocusing_5_10_4um_0_1049.npy,4um,980,16384,6,15,8,2267.450439453125,3,peak_bin_energy_over_lowest_window_energy,-3.1001858733308715e-05,0.07215452837127274,0.07215453503138973,11.349275368162882,-2.5071264399584147e-05,0.07176903134132682,0.07176903572043204,11.55632522355483,0.9964243637169462,8.641979312413132e-12
HFocusing_5_10_4um_0_105.npy,P0/data/dataset_Particles2SNR_F_c1/train/4um/HFocusing_5_10_4um_0_105.npy,4um,981,16384,2,15,2,2033.1982421875,3,peak_bin_energy_over_lowest_window_energy,-3.825882800836901e-05,0.04530850035398339,0.045308516506997146,6.233057027315505,-5.3729604841784717e-05,0.04463290143150104,0.04463293377165032,6.615291280596251,0.9911145322283469,9.14594310137557e-12
HFocusing_5_10_4um_0_1052.npy,P0/data/dataset_Particles2SNR_F_c1/train/4um/HFocusing_5_10_4um_0_1052.npy,4um,982,16384,2,15,5,2253.517822265625,3,peak_bin_energy_over_lowest_window_energy,-7.690147521276122e-07,0.06129278664238956,0.06129278664721381,22.264796004425868,-1.2070688407384386e-06,0.06084775820597734,0.060847758217949965,22.88237054738412,0.9955168174093479,1.186539752490365e-11
HFocusing_5_10_4um_0_1055.npy,P0/data/dataset_Particles2SNR_F_c1/train/4um/HFocusing_5_10_4um_0_1055.npy,4um,983,16384,10,15,12,3339.620361328125,3,peak_bin_energy_over_lowest_window_energy,-2.7432148632274407e-06,0.11061525298635465,0.11061525302036998,5.038101337945044,-8.318357002509163e-06,0.11030724360012392,0.11030724391377088,5.1037218496614525,0.998077611817741,6.422529137688964e-12
HFocusing_5_10_4um_0_1058.npy,P0/data/dataset_Particles2SNR_F_c1/train/4um/HFocusing_5_10_4um_0_1058.npy,4um,984,16384,8,15,8,2429.91162109375,3,peak_bin_energy_over_lowest_window_energy,-3.249820182794157e-05,0.08454192652703715,0.08454193277324615,8.447736214030304,-9.031659965237708e-06,0.08420396925647801,0.08420396974084284,8.611923919809731,0.9973362910400333,8.434827323443108e-12
HFocusing_5_10_4um_0_1066.npy,P0/data/dataset_Particles2SNR_F_c1/train/4um/HFocusing_5_10_4um_0_1066.npy,4um,985,16384,2,15,2,2068.173828125,3,peak_bin_energy_over_lowest_window_energy,2.3046194523962906e-05,0.057379821517234204,0.057379826145403545,21.748291746410153,3.311096659815789e-05,0.056898818542195716,0.056898828176279906,22.40033826479497,0.9940073742701905,7.306470456314359e-12
HFocusing_5_10_4um_0_1069.npy,P0/data/dataset_Particles2SNR_F_c1/train/4um/HFocusing_5_10_4um_0_1069.npy,4um,986,16384,1,15,3,2009.15625,3,peak_bin_energy_over_lowest_window_energy,-3.4633568639761667e-05,0.05144356979902446,0.05144358145727392,19.62645399474429,-3.457387645487816e-05,0.05083954122274019,0.05083955297887298,20.50971188360432,0.9917829997599231,4.742933896749975e-12
HFocusing_5_10_4um_0_1072.npy,P0/data/dataset_Particles2SNR_F_c1/train/4um/HFocusing_5_10_4um_0_1072.npy,4um,987,16384,4,15,5,2159.722900390625,3,peak_bin_energy_over_lowest_window_energy,-6.67638575136562e-05,0.12240577689078545,0.12240579509830984,8.436252706968373,-7.295751553073449e-05,0.12217899139021342,0.1221790131730033,8.497242013977115,0.9987693782520076,7.298539648987988e-12
HFocusing_5_10_4um_0_1075.npy,P0/data/dataset_Particles2SNR_F_c1/train/4um/HFocusing_5_10_4um_0_1075.npy,4um,988,16384,3,15,3,2134.2578125,3,peak_bin_energy_over_lowest_window_energy,1.791248574325119e-05,0.07722310846766162,0.07722311054513006,13.96173002117423,-1.1266249401713478e-06,0.07686223621275262,0.07686223622100949,14.233802332312617,0.9970460229587961,4.683055242288178e-12
HFocusing_5_10_4um_0_1081.npy,P0/data/dataset_Particles2SNR_F_c1/train/4um/HFocusing_5_10_4um_0_1081.npy,4um,989,16384,13,15,12,3205.439697265625,3,peak_bin_energy_over_lowest_window_energy,-5.715721648138628e-05,0.110666367479658,0.11066638224000142,9.823804389422365,-6.72010507789357e-05,0.11034042876366862,0.11034044922752242,9.902495260052657,0.9979829874767848,5.9036128549494014e-12
HFocusing_5_10_4um_0_1084.npy,P0/data/dataset_Particles2SNR_F_c1/train/4um/HFocusing_5_10_4um_0_1084.npy,4um,990,16384,9,15,13,10814.7412109375,3,peak_bin_energy_over_lowest_window_energy,0.00011285387310954079,0.13772251067097904,0.13772255690886157,4.180258029286235,7.890053162514842e-05,0.13741937097388715,0.13741939362459984,4.207339040522392,0.9986570851364751,6.040617711439587e-12
HFocusing_5_10_4um_0_109.npy,P0/data/dataset_Particles2SNR_F_c1/train/4um/HFocusing_5_10_4um_0_109.npy,4um,991,16384,2,15,5,2239.324462890625,3,peak_bin_energy_over_lowest_window_energy,3.0298976833322103e-06,0.03653328845779909,0.036533288583441764,1.7404665116499611,-7.346369769066285e-06,0.035814524308923616,0.035814525062376985,1.9444515661672348,0.9864412306605715,1.0570888425066076e-11
HFocusing_5_10_4um_0_1090.npy,P0/data/dataset_Particles2SNR_F_c1/train/4um/HFocusing_5_10_4um_0_1090.npy,4um,992,16384,8,15,8,2578.5927734375,3,peak_bin_energy_over_lowest_window_energy,3.72145013135206e-05,0.10335907407990379,0.10335908077945617,7.8597888775482705,3.677565850242361e-05,0.10307831862164986,0.10307832518194805,7.934174709129463,0.9981839636041387,4.80810483743823e-12
HFocusing_5_10_4um_0_1093.npy,P0/data/dataset_Particles2SNR_F_c1/train/4um/HFocusing_5_10_4um_0_1093.npy,4um,993,16384,5,15,5,2050.981689453125,3,peak_bin_energy_over_lowest_window_energy,-6.876777220210808e-05,0.061396131156995076,0.06139616966923454,9.10547628287093,-3.383056619040785e-05,0.06076973839371065,0.060769747810462724,9.39663294978041,0.9951036877565744,8.91551011677354e-12
HFocusing_5_10_4um_0_1096.npy,P0/data/dataset_Particles2SNR_F_c1/train/4um/HFocusing_5_10_4um_0_1096.npy,4um,994,16384,9,15,9,2537.6591796875,3,peak_bin_energy_over_lowest_window_energy,0.0005367551014569209,0.11314366637538968,0.11314493955499921,3.1032915146241686,0.00045904912762752677,0.11227870053366625,0.11227963893614142,3.1530786215814475,0.9980996538076886,4.888250672302252e-12
HFocusing_5_10_4um_0_1099.npy,P0/data/dataset_Particles2SNR_F_c1/train/4um/HFocusing_5_10_4um_0_1099.npy,4um,995,16384,7,15,13,7368.47509765625,3,peak_bin_energy_over_lowest_window_energy,-0.00011121959009188998,0.10171221906871429,0.10171227987651907,4.781271433914263,-0.00015907964129342677,0.10142292096876578,0.10142304572516436,4.842314224321455,0.9979157299670057,5.927190839816726e-12
HFocusing_5_10_4um_0_1102.npy,P0/data/dataset_Particles2SNR_F_c1/train/4um/HFocusing_5_10_4um_0_1102.npy,4um,996,16384,9,15,12,6426.32373046875,3,peak_bin_energy_over_lowest_window_energy,-0.00010771015147382704,0.1323974284580548,0.1323974722711218,4.146327194310133,-5.9092131694853464e-05,0.13215661481029536,0.13215662802143827,4.168985992225652,0.9987451918957411,6.113562857582211e-12
HFocusing_5_10_4um_0_1105.npy,P0/data/dataset_Particles2SNR_F_c1/train/4um/HFocusing_5_10_4um_0_1105.npy,4um,997,16384,1,15,1,1979.4715576171875,3,peak_bin_energy_over_lowest_window_energy,-0.00014961152237478225,0.05036259022241512,0.05036281244647216,13.074903628720637,-0.00013394447864420223,0.04982125000809666,0.04982143006270123,13.711290186766185,0.991967666735082,7.633736382836668e-12
HFocusing_5_10_4um_0_1112.npy,P0/data/dataset_Particles2SNR_F_c1/train/4um/HFocusing_5_10_4um_0_1112.npy,4um,998,16384,2,15,5,2169.737548828125,3,peak_bin_energy_over_lowest_window_energy,-9.02836547016394e-06,0.07320103774728952,0.07320103830405336,9.297767444441801,-2.379963734514644e-05,0.0727532188650792,0.07275322275784664,9.579803069450152,0.9958919590038069,4.6860882097166855e-12
HFocusing_5_10_4um_0_1115.npy,P0/data/dataset_Particles2SNR_F_c1/train/4um/HFocusing_5_10_4um_0_1115.npy,4um,999,16384,9,15,8,2180.39697265625,3,peak_bin_energy_over_lowest_window_energy,-4.962569498281201e-05,0.10920778058770245,0.10920779186304135,5.264634406262081,-6.649588725136926e-06,0.1088474744181423,0.10884747462125692,5.343274795113125,0.9978317888529432,5.02862702339731e-12
HFocusing_5_10_4um_0_1118.npy,P0/data/dataset_Particles2SNR_F_c1/train/4um/HFocusing_5_10_4um_0_1118.npy,4um,1000,16384,7,15,7,2208.898193359375,3,peak_bin_energy_over_lowest_window_energy,-4.984708260764472e-05,0.09112949479929755,0.09112950843226822,9.234722505416782,-5.3240926948687965e-05,0.09077009133024909,0.0907701069444014,9.402818322196934,0.9975609685517658,3.55166588823931e-12
HFocusing_5_10_4um_0_112.npy,P0/data/dataset_Particles2SNR_F_c1/train/4um/HFocusing_5_10_4um_0_112.npy,4um,1001,16384,1,15,4,1906.80859375,3,peak_bin_energy_over_lowest_window_energy,0.00014200329674934694,0.0638895510310403,0.06388970884175471,22.131633285274738,0.00012535308921260663,0.06346961785235719,0.06346974163899861,22.727390165859745,0.9956846710231829,5.589353169959701e-12
HFocusing_5_10_4um_0_1121.npy,P0/data/dataset_Particles2SNR_F_c1/train/4um/HFocusing_5_10_4um_0_1121.npy,4um,1002,16384,11,15,11,2880.053466796875,3,peak_bin_energy_over_lowest_window_energy,0.0002072857060078805,0.10680385223619593,0.10680405338682185,10.764986475324891,0.00016605191616453306,0.1065161078217588,0.10651623725392954,10.901556417630253,0.9980640365855868,2.755945761790803e-12
HFocusing_5_10_4um_0_1124.npy,P0/data/dataset_Particles2SNR_F_c1/train/4um/HFocusing_5_10_4um_0_1124.npy,4um,1003,16384,1,15,4,2139.747314453125,3,peak_bin_energy_over_lowest_window_energy,-0.00011444854949114533,0.05208198038066328,0.05208210612909462,18.083391718175992,-8.200501601844079e-05,0.0515515350781918,0.05155160030242215,18.829668502163976,0.9940487091142154,1.254198839052297e-11
HFocusing_5_10_4um_0_1127.npy,P0/data/dataset_Particles2SNR_F_c1/train/4um/HFocusing_5_10_4um_0_1127.npy,4um,1004,16384,4,15,6,1693.4564208984375,3,peak_bin_energy_over_lowest_window_energy,8.525450389522953e-05,0.08793517866581739,0.08793521999358199,8.858057461873562,7.040270330556316e-05,0.08760436157314919,0.08760438986249314,8.988649333262666,0.9975311864395893,5.490209949303655e-12
HFocusing_5_10_4um_0_1130.npy,P0/data/dataset_Particles2SNR_F_c1/train/4um/HFocusing_5_10_4um_0_1130.npy,4um,1005,16384,3,15,4,1942.3271484375,3,peak_bin_energy_over_lowest_window_energy,-2.0939125743487146e-06,0.05069076778276879,0.05069076782601602,14.717126079691482,1.6984168536707196e-05,0.05001334953252044,0.050013352416370206,15.374085981608456,0.990746190132508,8.843524402671314e-12
HFocusing_5_10_4um_0_1133.npy,P0/data/dataset_Particles2SNR_F_c1/train/4um/HFocusing_5_10_4um_0_1133.npy,4um,1006,16384,9,15,12,4172.31103515625,3,peak_bin_energy_over_lowest_window_energy,0.00015322887391076785,0.11213172308154441,0.112131827775721,4.4966374593565295,0.0001226792547815421,0.11184143430807426,0.11184150159170272,4.541097033831104,0.9981418616577359,4.535701628011897e-12
HFocusing_5_10_4um_0_1139.npy,P0/data/dataset_Particles2SNR_F_c1/train/4um/HFocusing_5_10_4um_0_1139.npy,4um,1007,16384,6,15,13,8123.48828125,3,peak_bin_energy_over_lowest_window_energy,-0.00012960262046095967,0.1208107478135286,0.1208108173306647,3.264888702727795,-0.00010471222484574838,0.12047994740094307,0.12047999290498004,3.292790990884421,0.9983377761359659,4.4094025171839785e-12
HFocusing_5_10_4um_0_1142.npy,P0/data/dataset_Particles2SNR_F_c1/train/4um/HFocusing_5_10_4um_0_1142.npy,4um,1008,16384,8,15,11,4124.82275390625,3,peak_bin_energy_over_lowest_window_energy,6.307810901081532e-05,0.09120934176147619,0.09120936357309814,4.680780581155262,4.663978633044188e-05,0.09093753038114984,0.09093754234139065,4.710983435607977,0.9978113505029456,5.431380920090148e-12
HFocusing_5_10_4um_0_1145.npy,P0/data/dataset_Particles2SNR_F_c1/train/4um/HFocusing_5_10_4um_0_1145.npy,4um,1009,16384,0,15,0,1974.7724609375,3,peak_bin_energy_over_lowest_window_energy,5.155915025542893e-05,0.027334757122216845,0.02733480574792072,-0.217967146871052,5.1318776448542965e-05,0.02625600059058622,0.026256050743203557,-0.18993158125280463,0.9721912603892083,6.76350524323042e-12
HFocusing_5_10_4um_0_1146.npy,P0/data/dataset_Particles2SNR_F_c1/train/4um/HFocusing_5_10_4um_0_1146.npy,4um,1010,16384,13,15,13,4126.341796875,3,peak_bin_energy_over_lowest_window_energy,0.00014006785725427702,0.12895272011446005,0.1289527961849719,4.073751156070896,0.00010081833208812978,0.12857515689673468,0.12857519642355605,4.193305197718113,0.9981895762322026,5.625160334797243e-12
HFocusing_5_10_4um_0_1149.npy,P0/data/dataset_Particles2SNR_F_c1/train/4um/HFocusing_5_10_4um_0_1149.npy,4um,1011,16384,8,15,11,3559.385498046875,3,peak_bin_energy_over_lowest_window_energy,1.4611300881061913e-05,0.14121419978630875,0.14121420054221756,2.6174806465073104,9.621374352875652e-06,0.1409674119893216,0.1409674123176629,2.637012655154056,0.998668712630133,4.2432692472688685e-12
HFocusing_5_10_4um_0_1152.npy,P0/data/dataset_Particles2SNR_F_c1/train/4um/HFocusing_5_10_4um_0_1152.npy,4um,1012,16384,6,15,9,2119.244384765625,3,peak_bin_energy_over_lowest_window_energy,-6.466665611946289e-05,0.10229618632340977,0.1022962067629596,4.534210566348072,-5.5079747625163443e-05,0.10200541681981537,0.10200543169048829,4.593578309730536,0.998230807705822,5.533349990855819e-12
HFocusing_5_10_4um_0_1155.npy,P0/data/dataset_Particles2SNR_F_c1/train/4um/HFocusing_5_10_4um_0_1155.npy,4um,1013,16384,2,15,8,2358.588623046875,3,peak_bin_energy_over_lowest_window_energy,0.00011385689269848072,0.09338231834899174,0.09338238775927961,7.311793235210086,9.491736968362803e-05,0.09307618816726353,0.09307623656473717,7.410013547275703,0.9976392889199139,8.61074780383948e-12
HFocusing_5_10_4um_0_1158.npy,P0/data/dataset_Particles2SNR_F_c1/train/4um/HFocusing_5_10_4um_0_1158.npy,4um,1014,16384,8,15,10,2519.463623046875,3,peak_bin_energy_over_lowest_window_energy,6.635510280361082e-05,0.08250729968026799,0.08250732636274925,6.877211823344583,4.021331200232993e-05,0.08215486551545531,0.08215487535729704,6.984748550379965,0.9969963118470146,6.9805764227581795e-12
HFocusing_5_10_4um_0_1162.npy,P0/data/dataset_Particles2SNR_F_c1/train/4um/HFocusing_5_10_4um_0_1162.npy,4um,1015,16384,5,15,5,2153.004150390625,3,peak_bin_energy_over_lowest_window_energy,2.253328514811515e-06,0.09222246679950208,0.09222246682703056,8.408747652298848,1.752699573493898e-05,0.09193165977781649,0.09193166144859877,8.508465204808074,0.9980124086094939,9.138460222118864e-12
HFocusing_5_10_4um_0_1167.npy,P0/data/dataset_Particles2SNR_F_c1/train/4um/HFocusing_5_10_4um_0_1167.npy,4um,1016,16384,10,15,12,3629.434814453125,3,peak_bin_energy_over_lowest_window_energy,-0.0001322708407157518,0.11844600769008973,0.11844608154471004,4.501760264812296,-9.620806767511658e-05,0.11816373509018603,0.11816377425613972,4.5238480115098625,0.998346921566967,5.261482887311138e-12
HFocusing_5_10_4um_0_1177.npy,P0/data/dataset_Particles2SNR_F_c1/train/4um/HFocusing_5_10_4um_0_1177.npy,4um,1017,16384,6,15,10,2406.373779296875,3,peak_bin_energy_over_lowest_window_energy,0.00014877257387722504,0.09916616536633126,0.09916627696319599,4.410981634800262,0.00011299285718447709,0.09861123944896281,0.09861130418489787,4.423795319595397,0.9976019404125561,5.278628205830634e-12
HFocusing_5_10_4um_0_1180.npy,P0/data/dataset_Particles2SNR_F_c1/train/4um/HFocusing_5_10_4um_0_1180.npy,4um,1018,16384,9,15,11,2808.400390625,3,peak_bin_energy_over_lowest_window_energy,-6.725791749935168e-05,0.09199355884512644,0.09199358343177641,6.333944951624773,-5.225633749040717e-05,0.09163132694356638,0.0916313418441723,6.398706959729397,0.997632797801995,3.948743024871886e-12
HFocusing_5_10_4um_0_1183.npy,P0/data/dataset_Particles2SNR_F_c1/train/4um/HFocusing_5_10_4um_0_1183.npy,4um,1019,16384,6,15,8,2215.388916015625,3,peak_bin_energy_over_lowest_window_energy,3.3988590203478755e-05,0.09607461546698894,0.09607462147910889,6.720135382536045,4.346883078686509e-05,0.09579151052346463,0.095791520386234,6.7738417871487115,0.998143921959001,7.337829179461546e-12
HFocusing_5_10_4um_0_1186.npy,P0/data/dataset_Particles2SNR_F_c1/train/4um/HFocusing_5_10_4um_0_1186.npy,4um,1020,16384,3,15,10,2800.135498046875,3,peak_bin_energy_over_lowest_window_energy,-0.00014030332918382274,0.12306414342569569,0.123064223404385,2.492477915825919,-9.501755711839816e-05,0.12114027538757703,0.12114031265154537,2.485041285369814,0.9975719063839108,4.540711361084547e-12
HFocusing_5_10_4um_0_1189.npy,P0/data/dataset_Particles2SNR_F_c1/train/4um/HFocusing_5_10_4um_0_1189.npy,4um,1021,16384,5,15,9,2428.225830078125,3,peak_bin_energy_over_lowest_window_energy,4.707142839831419e-05,0.06615225142634873,0.06615226817346649,9.059333904139818,3.651117816194233e-05,0.06564154924025448,0.06564155939438736,9.333206629419086,0.9952065380418801,9.050404397351222e-12
HFocusing_5_10_4um_0_1192.npy,P0/data/dataset_Particles2SNR_F_c1/train/4um/HFocusing_5_10_4um_0_1192.npy,4um,1022,16384,4,15,6,1971.6859130859375,3,peak_bin_energy_over_lowest_window_energy,-7.030131876821876e-05,0.05631297338229272,0.056313017264485385,10.149139013924561,-6.103447987675271e-05,0.055853358937862155,0.055853392285960576,10.484913358409708,0.9941048973813892,8.824058137846502e-12
HFocusing_5_10_4um_0_1197.npy,P0/data/dataset_Particles2SNR_F_c1/train/4um/HFocusing_5_10_4um_0_1197.npy,4um,1023,16384,5,15,12,4314.54638671875,3,peak_bin_energy_over_lowest_window_energy,1.8575647578483083e-05,0.11887210635514213,0.11887210780651156,5.086352049110056,1.5512014174400406e-05,0.11859126604057675,0.11859126705508055,5.117313675294282,0.9986884227624987,9.25180064712204e-12
HFocusing_5_10_4um_0_12.npy,P0/data/dataset_Particles2SNR_F_c1/train/4um/HFocusing_5_10_4um_0_12.npy,4um,1024,16384,2,15,4,1910.3165283203125,3,peak_bin_energy_over_lowest_window_energy,9.825233482978187e-05,0.045454476415110315,0.045454582603881855,6.555902314406628,7.554255840826444e-05,0.04475838219508736,0.044758445944867706,7.025412006889638,0.9904182846697495,6.595060415653305e-12
HFocusing_5_10_4um_0_120.npy,P0/data/dataset_Particles2SNR_F_c1/train/4um/HFocusing_5_10_4um_0_120.npy,4um,1025,16384,4,15,5,2303.793212890625,3,peak_bin_energy_over_lowest_window_energy,4.0143048328102355e-05,0.07116349379748739,0.07116350511975471,11.556573008899642,2.762602926560947e-05,0.07074382139820891,0.07074382679230164,11.842857754941967,0.9962523447927413,6.6982056793180475e-12
HFocusing_5_10_4um_0_1200.npy,P0/data/dataset_Particles2SNR_F_c1/train/4um/HFocusing_5_10_4um_0_1200.npy,4um,1026,16384,2,15,6,2346.461669921875,3,peak_bin_energy_over_lowest_window_energy,1.6973458902207536e-05,0.05914663969585001,0.0591466421313079,9.505887473918868,1.3170664284983978e-05,0.05864195161943733,0.058641953098467196,9.78136314638664,0.9952260056125963,7.752177577984272e-12
HFocusing_5_10_4um_0_1203.npy,P0/data/dataset_Particles2SNR_F_c1/train/4um/HFocusing_5_10_4um_0_1203.npy,4um,1027,16384,8,15,7,1982.8316650390625,3,peak_bin_energy_over_lowest_window_energy,-7.569686484095379e-05,0.07756916190871503,0.07756919884358608,6.208050080442195,-6.160177667860986e-05,0.07719948561477091,0.07719951019251425,6.285027819958307,0.9965693604207834,7.149779673497211e-12
HFocusing_5_10_4um_0_1207.npy,P0/data/dataset_Particles2SNR_F_c1/train/4um/HFocusing_5_10_4um_0_1207.npy,4um,1028,16384,7,15,6,1862.3414306640625,3,peak_bin_energy_over_lowest_window_energy,-0.00010427155758767016,0.09824064937829906,0.09824070471463249,8.407030987453375,-7.751087896273854e-05,0.09798774335878713,0.097987774015353,8.502399179113722,0.9982657538559921,5.9422951256206054e-12
HFocusing_5_10_4um_0_1209.npy,P0/data/dataset_Particles2SNR_F_c1/train/4um/HFocusing_5_10_4um_0_1209.npy,4um,1029,16384,9,15,11,3161.019287109375,3,peak_bin_energy_over_lowest_window_energy,4.7514452946047266e-05,0.10038978462487158,0.10038979586915864,4.2049078532469935,3.719678295168767e-05,0.10000462278638075,0.10000462970406405,4.246832445796749,0.9977560667348683,5.4914913775237e-12
HFocusing_5_10_4um_0_1215.npy,P0/data/dataset_Particles2SNR_F_c1/train/4um/HFocusing_5_10_4um_0_1215.npy,4um,1030,16384,1,15,3,2054.150634765625,3,peak_bin_energy_over_lowest_window_energy,-5.456368682312689e-05,0.05197162689650116,0.051971655539005505,18.178937866717824,-3.0367471626512918e-05,0.051370983960938255,0.051370992936659386,19.070288028117538,0.9918864547916574,9.060218909072368e-12
HFocusing_5_10_4um_0_1218.npy,P0/data/dataset_Particles2SNR_F_c1/train/4um/HFocusing_5_10_4um_0_1218.npy,4um,1031,16384,9,15,12,3234.646728515625,3,peak_bin_energy_over_lowest_window_energy,-8.319293511858559e-05,0.13483274606291223,0.13483277172827912,3.1815113109863047,-7.756763624315697e-05,0.13264490164398365,0.1326449243238515,3.1666697904786174,0.9981186798435278,4.781812090705866e-12
HFocusing_5_10_4um_0_1221.npy,P0/data/dataset_Particles2SNR_F_c1/train/4um/HFocusing_5_10_4um_0_1221.npy,4um,1032,16384,11,15,12,6930.681640625,3,peak_bin_energy_over_lowest_window_energy,-6.813818479514386e-06,0.11084501491626883,0.11084501512569696,4.529086268475396,4.861395656276452e-08,0.11058045842724562,0.11058045842725629,4.565859986179214,0.9984324744407987,7.600909527530227e-12
HFocusing_5_10_4um_0_1227.npy,P0/data/dataset_Particles2SNR_F_c1/train/4um/HFocusing_5_10_4um_0_1227.npy,4um,1033,16384,5,15,6,2380.013671875,3,peak_bin_energy_over_lowest_window_energy,-9.380860106880921e-05,0.048564486113619465,0.04856457671527234,4.816899291426581,-7.980032258672978e-05,0.04769561608159121,0.04769568283916299,5.240372883887035,0.9873461722304738,7.197787659995322e-12
HFocusing_5_10_4um_0_123.npy,P0/data/dataset_Particles2SNR_F_c1/train/4um/HFocusing_5_10_4um_0_123.npy,4um,1034,16384,9,15,7,2235.70263671875,3,peak_bin_energy_over_lowest_window_energy,2.173089716213661e-05,0.039679507188789626,0.03967951313936575,3.2881912272443827,2.7540320178315417e-05,0.038867519109583394,0.0388675288666911,3.654665482037327,0.9869533299621911,7.424367901409104e-12
HFocusing_5_10_4um_0_1231.npy,P0/data/dataset_Particles2SNR_F_c1/train/4um/HFocusing_5_10_4um_0_1231.npy,4um,1035,16384,4,15,7,2062.535888671875,3,peak_bin_energy_over_lowest_window_energy,-0.00011562048281118702,0.08310939653754637,0.08310947696220432,10.94145036804138,-9.296189028282312e-05,0.08274786253529451,0.0827479147536241,11.15757637913441,0.9967840620401925,6.472505836139276e-12
HFocusing_5_10_4um_0_1233.npy,P0/data/dataset_Particles2SNR_F_c1/train/4um/HFocusing_5_10_4um_0_1233.npy,4um,1036,16384,7,15,9,2349.815185546875,3,peak_bin_energy_over_lowest_window_energy,4.115282615759012e-05,0.08946399440353656,0.08946400386854549,6.762263426938745,1.9868953053843656e-05,0.08907058143311361,0.08907058364919486,6.907229710840715,0.9973574340652099,4.998585417741391e-12
HFocusing_5_10_4um_0_1236.npy,P0/data/dataset_Particles2SNR_F_c1/train/4um/HFocusing_5_10_4um_0_1236.npy,4um,1037,16384,11,15,11,3453.228271484375,3,peak_bin_energy_over_lowest_window_energy,4.0656009257850954e-05,0.12590058343746702,0.12590059000181725,4.773182919090178,3.7872546825757465e-05,0.12561757322923994,0.12561757893835265,4.824064121273582,0.9984902352357239,5.8913256802747664e-12
HFocusing_5_10_4um_0_1239.npy,P0/data/dataset_Particles2SNR_F_c1/train/4um/HFocusing_5_10_4um_0_1239.npy,4um,1038,16384,4,15,5,1946.8568115234375,3,peak_bin_energy_over_lowest_window_energy,-0.00023272802088357877,0.07236435421143708,0.07236472844397356,9.66018834065202,-0.000295859565057474,0.06928197169885497,0.06928260341069162,10.280056151876263,0.9861303861088401,7.386245266834257e-12
HFocusing_5_10_4um_0_1243.npy,P0/data/dataset_Particles2SNR_F_c1/train/4um/HFocusing_5_10_4um_0_1243.npy,4um,1039,16384,6,15,6,2125.394775390625,3,peak_bin_energy_over_lowest_window_energy,-6.290463480936647e-05,0.08441626843087807,0.08441629186825932,8.523439317951238,-6.426778884373098e-05,0.08406110356960877,0.084061128137143,8.615250434207166,0.9969328550927269,3.666302341664381e-12
HFocusing_5_10_4um_0_1246.npy,P0/data/dataset_Particles2SNR_F_c1/train/4um/HFocusing_5_10_4um_0_1246.npy,4um,1040,16384,2,15,7,2108.772705078125,3,peak_bin_energy_over_lowest_window_energy,-8.986074166119281e-05,0.11334860292959409,0.11334863854958149,5.599757094773876,-6.253437037496336e-05,0.11303998736046686,0.113040004657652,5.657116116740083,0.9982370899923708,4.309028336726294e-12
HFocusing_5_10_4um_0_1249.npy,P0/data/dataset_Particles2SNR_F_c1/train/4um/HFocusing_5_10_4um_0_1249.npy,4um,1041,16384,8,15,12,3179.583740234375,3,peak_bin_energy_over_lowest_window_energy,-0.00012151089691470442,0.10249828290589746,0.10249835493097176,3.3027690624042947,-7.318355881960132e-05,0.1019707804405758,0.10197080670218019,3.3449732757556907,0.998250797805751,4.961621594297807e-12
HFocusing_5_10_4um_0_1252.npy,P0/data/dataset_Particles2SNR_F_c1/train/4um/HFocusing_5_10_4um_0_1252.npy,4um,1042,16384,2,15,6,2219.264892578125,3,peak_bin_energy_over_lowest_window_energy,3.439297150072546e-05,0.0712228583341807,0.07122286663823116,13.582240105771188,2.7628989135590248e-05,0.07085304183537629,0.0708530472223081,13.898802808254558,0.9970593425983365,8.424237499791459e-12
HFocusing_5_10_4um_0_1255.npy,P0/data/dataset_Particles2SNR_F_c1/train/4um/HFocusing_5_10_4um_0_1255.npy,4um,1043,16384,5,15,7,2293.470458984375,3,peak_bin_energy_over_lowest_window_energy,1.2925975633947765e-05,0.06709043730097375,0.06709043854616495,9.436851840805623,-5.215614913468174e-06,0.06663655006900612,0.06663655027311813,9.67678029358203,0.9953162735143603,4.935028754824054e-12
HFocusing_5_10_4um_0_126.npy,P0/data/dataset_Particles2SNR_F_c1/train/4um/HFocusing_5_10_4um_0_126.npy,4um,1044,16384,0,15,0,2016.2396240234375,3,peak_bin_energy_over_lowest_window_energy,-4.222519403078361e-05,0.027660333230820594,0.027660365460475195,-0.22105487561345116,-3.938252273302379e-05,0.026629652491621657,0.02662968161296016,-0.2562966040499002,0.9759895289408762,1.1637820419292382e-11
HFocusing_5_10_4um_0_1264.npy,P0/data/dataset_Particles2SNR_F_c1/train/4um/HFocusing_5_10_4um_0_1264.npy,4um,1045,16384,11,15,10,2730.7578125,3,peak_bin_energy_over_lowest_window_energy,-8.194258229085813e-05,0.1001774506438057,0.10017748415726421,6.677466946143252,-7.44625469894668e-05,0.09968935663222371,0.09968938444196347,6.798606122576691,0.9965878768221988,9.074876959779075e-12
HFocusing_5_10_4um_0_127.npy,P0/data/dataset_Particles2SNR_F_c1/train/4um/HFocusing_5_10_4um_0_127.npy,4um,1046,16384,2,15,5,2006.0084228515625,3,peak_bin_energy_over_lowest_window_energy,-1.4178154305346846e-05,0.05359419864696649,0.05359420052235656,5.957211287262506,-3.099970674221643e-06,0.052974534167894834,0.05297453425859707,6.194151141779351,0.9930919003256943,6.528540356668925e-12
HFocusing_5_10_4um_0_1273.npy,P0/data/dataset_Particles2SNR_F_c1/train/4um/HFocusing_5_10_4um_0_1273.npy,4um,1047,16384,6,15,9,2314.7373046875,3,peak_bin_energy_over_lowest_window_energy,-9.792469789299727e-06,0.07999642158988848,0.07999642218924319,5.87499352570323,-1.887427478115041e-05,0.07965158591261702,0.07965158814884522,5.9752173260684405,0.9973252127016459,5.575572071985409e-12
HFocusing_5_10_4um_0_1276.npy,P0/data/dataset_Particles2SNR_F_c1/train/4um/HFocusing_5_10_4um_0_1276.npy,4um,1048,16384,7,15,8,2087.3671875,3,peak_bin_energy_over_lowest_window_energy,-0.0006065184023103438,0.11864612529844264,0.11864767554784245,6.021224206821056,-0.00045719231392488265,0.11834402688542231,0.1183449100057517,6.068744664463633,0.9979915519116319,5.287045929521255e-12
HFocusing_5_10_4um_0_1282.npy,P0/data/dataset_Particles2SNR_F_c1/train/4um/HFocusing_5_10_4um_0_1282.npy,4um,1049,16384,6,15,11,2921.270263671875,3,peak_bin_energy_over_lowest_window_energy,-7.708063851386725e-05,0.14346827617980434,0.14346829688620913,3.934073196602985,-6.808934868252016e-05,0.1431115254101048,0.1431115416078189,3.9796745421775634,0.9986346641192052,3.4709649232557055e-12
HFocusing_5_10_4um_0_1285.npy,P0/data/dataset_Particles2SNR_F_c1/train/4um/HFocusing_5_10_4um_0_1285.npy,4um,1050,16384,9,15,11,2436.072509765625,3,peak_bin_energy_over_lowest_window_energy,4.554570740781958e-05,0.12543354129246664,0.1254335495614327,4.609573617962707,4.782898386729496e-05,0.12517131944960425,0.12517132858752666,4.6491359944933475,0.9985297544963131,5.243458763305393e-12
HFocusing_5_10_4um_0_1288.npy,P0/data/dataset_Particles2SNR_F_c1/train/4um/HFocusing_5_10_4um_0_1288.npy,4um,1051,16384,4,15,5,1979.9163818359375,3,peak_bin_energy_over_lowest_window_energy,-0.0001617665771007286,0.09872505220352851,0.09872518473527865,17.744173593659557,-0.00016759699055414744,0.0984028475788857,0.09840299030204651,17.876631046517122,0.9981110108196486,9.189160250023348e-12
HFocusing_5_10_4um_0_1291.npy,P0/data/dataset_Particles2SNR_F_c1/train/4um/HFocusing_5_10_4um_0_1291.npy,4um,1052,16384,11,15,13,4401.75146484375,3,peak_bin_energy_over_lowest_window_energy,4.777669099489772e-05,0.1225995522800928,0.12259956158931161,3.581978047287933,1.8692652991366277e-05,0.12147916872105423,0.12147917015922374,3.6654966933270767,0.9982532689894172,5.5690153550394026e-12
HFocusing_5_10_4um_0_1294.npy,P0/data/dataset_Particles2SNR_F_c1/train/4um/HFocusing_5_10_4um_0_1294.npy,4um,1053,16384,4,15,6,2208.554443359375,3,peak_bin_energy_over_lowest_window_energy,0.00013755032115284413,0.07472537079304206,0.07472549739043878,8.167146676653877,0.000114589410986625,0.07435107424142072,0.07435116254361034,8.331491639029554,0.9966612932513442,7.068572547484689e-12
HFocusing_5_10_4um_0_1300.npy,P0/data/dataset_Particles2SNR_F_c1/train/4um/HFocusing_5_10_4um_0_1300.npy,4um,1054,16384,6,15,7,2154.447998046875,3,peak_bin_energy_over_lowest_window_energy,0.00014411365888979797,0.0629351398142347,0.06293530481521438,7.59715590890246,0.00010903257250603936,0.062479282663730346,0.0624793778000084,7.776781036977402,0.9956108831594112,7.08738698374137e-12
HFocusing_5_10_4um_0_1303.npy,P0/data/dataset_Particles2SNR_F_c1/train/4um/HFocusing_5_10_4um_0_1303.npy,4um,1055,16384,5,15,10,2169.08251953125,3,peak_bin_energy_over_lowest_window_energy,5.5072618642424944e-05,0.0970622429906396,0.09706225861459897,6.230102684805175,5.4021611536549884e-05,0.09676334512042584,0.09676336020017674,6.306447251741973,0.9976574656330356,7.049138555241951e-12
HFocusing_5_10_4um_0_1309.npy,P0/data/dataset_Particles2SNR_F_c1/train/4um/HFocusing_5_10_4um_0_1309.npy,4um,1056,16384,7,15,7,2294.7294921875,3,peak_bin_energy_over_lowest_window_energy,0.00012065719693161763,0.08155393020038039,0.08155401945512979,6.979899474785466,9.634725397300501e-05,0.08108996684659668,0.08109002408419606,7.141627389398195,0.996462966014079,4.3019821304545116e-12
HFocusing_5_10_4um_0_131.npy,P0/data/dataset_Particles2SNR_F_c1/train/4um/HFocusing_5_10_4um_0_131.npy,4um,1057,16384,6,15,8,2551.291748046875,3,peak_bin_energy_over_lowest_window_energy,-3.808145495486942e-05,0.046866796541768535,0.046866812013243865,3.4404872480737456,-1.4529794183088321e-05,0.04496520171278179,0.04496520406031839,3.382523511491698,0.9881641079957993,7.1249423712796796e-12
HFocusing_5_10_4um_0_1312.npy,P0/data/dataset_Particles2SNR_F_c1/train/4um/HFocusing_5_10_4um_0_1312.npy,4um,1058,16384,5,15,8,2621.558349609375,3,peak_bin_energy_over_lowest_window_energy,9.570665278898032e-05,0.07238268113834723,0.07238274441148965,8.80145666148275,7.432049936263193e-05,0.07201860302759272,0.07201864137556756,8.921063989491726,0.9967017740401706,4.921111340332361e-12
HFocusing_5_10_4um_0_1315.npy,P0/data/dataset_Particles2SNR_F_c1/train/4um/HFocusing_5_10_4um_0_1315.npy,4um,1059,16384,7,15,9,2164.893310546875,3,peak_bin_energy_over_lowest_window_energy,-6.913089343879659e-06,0.07288229208905503,0.07288229241691797,7.804350865989269,-4.1489110958753276e-06,0.0725181172576705,0.07251811737635437,7.98678362913892,0.9969359557648583,5.028671839778918e-12
HFocusing_5_10_4um_0_1318.npy,P0/data/dataset_Particles2SNR_F_c1/train/4um/HFocusing_5_10_4um_0_1318.npy,4um,1060,16384,6,15,8,1936.7833251953125,3,peak_bin_energy_over_lowest_window_energy,-3.2510566645983254e-05,0.08242680621224714,0.08242681262361348,8.485578369702218,-2.8448963061012404e-06,0.08206315418820441,0.08206315423751663,8.641712876577982,0.9970891202783536,7.168574867818689e-12
HFocusing_5_10_4um_0_1320.npy,P0/data/dataset_Particles2SNR_F_c1/train/4um/HFocusing_5_10_4um_0_1320.npy,4um,1061,16384,11,15,12,22930.265625,3,peak_bin_energy_over_lowest_window_energy,-6.015048767620184e-05,0.1471372386605673,0.14713725095548683,3.5566234861834767,-5.744732239564617e-05,0.14690612656215762,0.14690613779448267,3.5768490245270073,0.9991056296832281,4.863909311879158e-12
HFocusing_5_10_4um_0_1326.npy,P0/data/dataset_Particles2SNR_F_c1/train/4um/HFocusing_5_10_4um_0_1326.npy,4um,1062,16384,5,15,6,2061.939208984375,3,peak_bin_energy_over_lowest_window_energy,7.686884276847096e-05,0.05973882435296758,0.05973887380838126,9.074684519518138,7.583717044996996e-05,0.059298978934718104,0.059299027428589106,9.332696961028354,0.9949094013409593,7.489096017028256e-12
HFocusing_5_10_4um_0_133.npy,P0/data/dataset_Particles2SNR_F_c1/train/4um/HFocusing_5_10_4um_0_133.npy,4um,1063,16384,0,15,0,1880.0888671875,3,peak_bin_energy_over_lowest_window_energy,-1.783847897403588e-05,0.028042510113728433,0.028042515787459116,0.0005852996469237759,-1.8248747144166145e-05,0.026961468103763087,0.026961474279553158,0.0056073954667352766,0.9783702956357716,1.691647183214818e-11
HFocusing_5_10_4um_0_1330.npy,P0/data/dataset_Particles2SNR_F_c1/train/4um/HFocusing_5_10_4um_0_1330.npy,4um,1064,16384,11,15,10,2508.404052734375,3,peak_bin_energy_over_lowest_window_energy,-4.888564840114275e-05,0.1255917624969713,0.12559177201115632,3.4761537085036434,-5.328784947289985e-05,0.1253197896224558,0.1253198009518507,3.518479767125214,0.9983204920854601,4.313188456912028e-12
HFocusing_5_10_4um_0_1333.npy,P0/data/dataset_Particles2SNR_F_c1/train/4um/HFocusing_5_10_4um_0_1333.npy,4um,1065,16384,13,15,13,13517.515625,3,peak_bin_energy_over_lowest_window_energy,4.682657490691827e-05,0.13732640346218136,0.13732641144581742,2.626005561916502,4.448832412348159e-05,0.1365332890802372,0.13653329632832648,2.64231066275181,0.99848021660801,5.136491173553734e-12
HFocusing_5_10_4um_0_1336.npy,P0/data/dataset_Particles2SNR_F_c1/train/4um/HFocusing_5_10_4um_0_1336.npy,4um,1066,16384,4,15,12,3759.671630859375,3,peak_bin_energy_over_lowest_window_energy,5.0886356645359675e-05,0.08704077261083462,0.08704078748559387,3.272861591228639,5.284871254999132e-05,0.08654851755987569,0.08654853369525407,3.3272337417961735,0.9969183167807221,6.2096759461645105e-12
HFocusing_5_10_4um_0_1339.npy,P0/data/dataset_Particles2SNR_F_c1/train/4um/HFocusing_5_10_4um_0_1339.npy,4um,1067,16384,6,15,8,2412.467529296875,3,peak_bin_energy_over_lowest_window_energy,-1.9665574228534455e-05,0.06989621135256582,0.06989621411905914,4.813143036607955,-1.3171456526471018e-05,0.06946222024971817,0.06946222149850682,4.937402399040892,0.996048609922835,3.5421848342269636e-12
HFocusing_5_10_4um_0_1342.npy,P0/data/dataset_Particles2SNR_F_c1/train/4um/HFocusing_5_10_4um_0_1342.npy,4um,1068,16384,1,15,4,1960.4923095703125,3,peak_bin_energy_over_lowest_window_energy,8.891758315874138e-06,0.05746994085151643,0.05746994153938355,14.211957557695797,-2.0049318669415926e-06,0.05700933123343833,0.057009331268693536,14.747046224403704,0.9948110432823695,4.9300054631359926e-12
HFocusing_5_10_4um_0_1345.npy,P0/data/dataset_Particles2SNR_F_c1/train/4um/HFocusing_5_10_4um_0_1345.npy,4um,1069,16384,9,15,8,2102.232666015625,3,peak_bin_energy_over_lowest_window_energy,-6.145397156872353e-05,0.10650537259430544,0.10650539032388195,6.347786140889829,-4.4569680930481596e-05,0.10617776855120645,0.10617777790559578,6.432372070233173,0.9978522116711527,6.22907671983033e-12
HFocusing_5_10_4um_0_1348.npy,P0/data/dataset_Particles2SNR_F_c1/train/4um/HFocusing_5_10_4um_0_1348.npy,4um,1070,16384,6,15,8,2429.798095703125,3,peak_bin_energy_over_lowest_window_energy,-9.563652116103486e-05,0.08365042368359102,0.08365047835361412,5.248558107082777,-9.494997502324494e-05,0.08332045524646106,0.0833205093477907,5.462084244427892,0.9965951060009869,6.3938166071923536e-12
HFocusing_5_10_4um_0_1351.npy,P0/data/dataset_Particles2SNR_F_c1/train/4um/HFocusing_5_10_4um_0_1351.npy,4um,1071,16384,8,15,12,3474.311279296875,3,peak_bin_energy_over_lowest_window_energy,-1.1171194669903385e-05,0.08298549300163281,0.08298549375354489,5.082535554307935,-9.018813264583905e-07,0.08249607677147545,0.08249607677640532,5.146288282570115,0.9957790331527883,4.775468318812395e-12
HFocusing_5_10_4um_0_1354.npy,P0/data/dataset_Particles2SNR_F_c1/train/4um/HFocusing_5_10_4um_0_1354.npy,4um,1072,16384,10,15,12,5901.84814453125,3,peak_bin_energy_over_lowest_window_energy,0.00046787041637653335,0.10653161995060852,0.10653264735294722,4.3417768809210395,0.0004249369911800453,0.10654777139159036,0.1065486187613949,4.417312489985853,0.9981761638357041,7.99094554236568e-12
HFocusing_5_10_4um_0_1357.npy,P0/data/dataset_Particles2SNR_F_c1/train/4um/HFocusing_5_10_4um_0_1357.npy,4um,1073,16384,5,15,6,2019.0267333984375,3,peak_bin_energy_over_lowest_window_energy,0.00010013274038899395,0.08707395255556788,0.0870740101305492,5.135085955868496,8.293355202738569e-05,0.08669512868708362,0.08669516835466692,5.205735027066803,0.997683296606461,6.049313108992165e-12
HFocusing_5_10_4um_0_1360.npy,P0/data/dataset_Particles2SNR_F_c1/train/4um/HFocusing_5_10_4um_0_1360.npy,4um,1074,16384,5,15,5,2162.771728515625,3,peak_bin_energy_over_lowest_window_energy,-4.074352606292491e-05,0.08876037202897502,0.08876038138019106,29.06535347052376,-2.609891037951607e-05,0.08842281547363869,0.08842281932532053,29.494115859113506,0.9975766293378302,4.4950977780217195e-12
HFocusing_5_10_4um_0_1363.npy,P0/data/dataset_Particles2SNR_F_c1/train/4um/HFocusing_5_10_4um_0_1363.npy,4um,1075,16384,6,15,6,2707.832275390625,3,peak_bin_energy_over_lowest_window_energy,0.00018897288073779436,0.08456150919568613,0.08456172034793144,7.159611162861582,0.00011942296945056835,0.08447983824058905,0.08447992265030624,7.61353912491095,0.9952190878942296,3.0841693139667893e-12
HFocusing_5_10_4um_0_1366.npy,P0/data/dataset_Particles2SNR_F_c1/train/4um/HFocusing_5_10_4um_0_1366.npy,4um,1076,16384,12,15,11,2943.4580078125,3,peak_bin_energy_over_lowest_window_energy,-0.0003662247972473277,0.11216299194404217,0.112163589825047,4.180092963683078,-0.0002929969159989342,0.11183971936022892,0.11184010315520793,4.249845584221312,0.9984699918407757,6.468597174164119e-12
HFocusing_5_10_4um_0_1369.npy,P0/data/dataset_Particles2SNR_F_c1/train/4um/HFocusing_5_10_4um_0_1369.npy,4um,1077,16384,7,15,11,2877.9716796875,3,peak_bin_energy_over_lowest_window_energy,-9.244923033024244e-05,0.07786107152156467,0.07786112640686876,7.0408415042550505,-7.302397022626543e-05,0.07746671867202667,0.07746675309002665,7.185386094788768,0.996626837729773,7.005055806277797e-12
HFocusing_5_10_4um_0_137.npy,P0/data/dataset_Particles2SNR_F_c1/train/4um/HFocusing_5_10_4um_0_137.npy,4um,1078,16384,0,15,0,2142.421142578125,3,peak_bin_energy_over_lowest_window_energy,4.035302088860019e-05,0.02734316437358686,0.027343194150049197,0.09280570724284809,2.233145513805249e-05,0.026428914256513066,0.02642892369113824,0.0895298339717967,0.9795448304374218,9.476558927848795e-12
HFocusing_5_10_4um_0_1372.npy,P0/data/dataset_Particles2SNR_F_c1/train/4um/HFocusing_5_10_4um_0_1372.npy,4um,1079,16384,5,15,7,2113.494384765625,3,peak_bin_energy_over_lowest_window_energy,3.7642218544801325e-05,0.07956965836309136,0.0795696672668404,6.819886123704054,4.284426087565412e-05,0.07921124061801882,0.07921125220495107,6.928050220684241,0.997134334530744,6.6061487276713395e-12
HFocusing_5_10_4um_0_1375.npy,P0/data/dataset_Particles2SNR_F_c1/train/4um/HFocusing_5_10_4um_0_1375.npy,4um,1080,16384,14,15,12,3790.3515625,3,peak_bin_energy_over_lowest_window_energy,7.826678446526808e-05,0.09336609072126899,0.09336612352594373,4.096486551649651,5.216229904722508e-05,0.09297708269210765,0.09297709732423608,4.161167613418128,0.99755299283686,7.237313743120203e-12
HFocusing_5_10_4um_0_1378.npy,P0/data/dataset_Particles2SNR_F_c1/train/4um/HFocusing_5_10_4um_0_1378.npy,4um,1081,16384,8,15,9,2204.19287109375,3,peak_bin_energy_over_lowest_window_energy,3.251817341919801e-05,0.08143439752651074,0.08143440401904702,6.293247664831286,1.9272573940047995e-05,0.08109439947500185,0.08109440176512363,6.392658460135696,0.9969347864770193,7.393125087464208e-12
HFocusing_5_10_4um_0_138.npy,P0/data/dataset_Particles2SNR_F_c1/train/4um/HFocusing_5_10_4um_0_138.npy,4um,1082,16384,1,15,4,2006.0601806640625,3,peak_bin_energy_over_lowest_window_energy,-3.670030477107174e-05,0.05026622731339647,0.05026624071118125,16.070386587141307,-2.26460215679029e-05,0.04967027583867621,0.049670281001142666,16.87668997984595,0.9926203550339051,1.3883323385867051e-11
HFocusing_5_10_4um_0_1384.npy,P0/data/dataset_Particles2SNR_F_c1/train/4um/HFocusing_5_10_4um_0_1384.npy,4um,1083,16384,5,15,2,1774.1536865234375,3,peak_bin_energy_over_lowest_window_energy,-4.6376538919103155e-05,0.029604695358303026,0.029604731683318647,0.6954487402393408,-4.482300978401975e-05,0.0287343913143381,0.028734426274204864,0.7601751849903908,0.9799050573918691,1.2597893267219347e-11
HFocusing_5_10_4um_0_1385.npy,P0/data/dataset_Particles2SNR_F_c1/train/4um/HFocusing_5_10_4um_0_1385.npy,4um,1084,16384,10,15,12,3250.960693359375,3,peak_bin_energy_over_lowest_window_energy,0.00016705549794166394,0.09669135750709473,0.09669150181946808,6.312254002569738,0.00014571746288386678,0.0963855830402566,0.09638569318933796,6.380924497837356,0.9977763726965965,5.11843986882174e-12
HFocusing_5_10_4um_0_1394.npy,P0/data/dataset_Particles2SNR_F_c1/train/4um/HFocusing_5_10_4um_0_1394.npy,4um,1085,16384,5,15,5,2474.045654296875,3,peak_bin_energy_over_lowest_window_energy,-4.816033529054739e-05,0.05600836566420241,0.05600838637019373,8.969734758072248,-6.199235534464485e-05,0.05554168543283122,0.05554172002892688,9.269169994289937,0.9942034237054824,7.69615803729583e-12
HFocusing_5_10_4um_0_1397.npy,P0/data/dataset_Particles2SNR_F_c1/train/4um/HFocusing_5_10_4um_0_1397.npy,4um,1086,16384,8,15,8,2247.732177734375,3,peak_bin_energy_over_lowest_window_energy,-0.00013520272173115283,0.09825955959020817,0.09825965260796332,5.60835882412451,-9.072294964554775e-05,0.09787028045698502,0.09787032250576523,5.65155991357193,0.997485544892338,5.2401872861206074e-12
HFocusing_5_10_4um_0_140.npy,P0/data/dataset_Particles2SNR_F_c1/train/4um/HFocusing_5_10_4um_0_140.npy,4um,1087,16384,2,15,2,2041.6536865234375,3,peak_bin_energy_over_lowest_window_energy,2.1581495922573605e-05,0.04089265455284637,0.0408926602477681,5.460547676838315,-3.2658062675679925e-06,0.04016865451119704,0.04016865464395591,5.79424291415496,0.9894240516623375,6.409459245118676e-12
HFocusing_5_10_4um_0_1400.npy,P0/data/dataset_Particles2SNR_F_c1/train/4um/HFocusing_5_10_4um_0_1400.npy,4um,1088,16384,5,15,6,2120.683837890625,3,peak_bin_energy_over_lowest_window_energy,-0.00012405653825093261,0.056680551197970934,0.05668068695887945,11.860997198255108,-0.00010679664083832187,0.056208815629993844,0.05620891708660766,12.20514969071754,0.9941799652493913,6.7118470058453415e-12
HFocusing_5_10_4um_0_1403.npy,P0/data/dataset_Particles2SNR_F_c1/train/4um/HFocusing_5_10_4um_0_1403.npy,4um,1089,16384,7,15,9,2226.544921875,3,peak_bin_energy_over_lowest_window_energy,1.1533999887130422e-05,0.08085923704064354,0.0808592378632654,8.657125151486026,1.364023477910032e-05,0.08052415496314323,0.08052415611842392,8.791442036937047,0.9973211215580424,5.5901779701891e-12
HFocusing_5_10_4um_0_1412.npy,P0/data/dataset_Particles2SNR_F_c1/train/4um/HFocusing_5_10_4um_0_1412.npy,4um,1090,16384,2,15,6,2075.113525390625,3,peak_bin_energy_over_lowest_window_energy,-8.56037094017317e-05,0.09739430210078825,0.09739433972102625,7.86304468444459,-6.511607182734922e-05,0.09676298520000076,0.09676300710973369,8.014914588736964,0.9973687983091668,5.029163299948299e-12
HFocusing_5_10_4um_0_1416.npy,P0/data/dataset_Particles2SNR_F_c1/train/4um/HFocusing_5_10_4um_0_1416.npy,4um,1091,16384,4,15,6,1981.2301025390625,3,peak_bin_energy_over_lowest_window_energy,-2.6752877546358853e-06,0.08489589787659034,0.08489589791874294,12.006414891978912,-2.0546194240904878e-05,0.08448210374983961,0.08448210624827462,12.227720439779604,0.9965288107000018,6.0830115062259235e-12
HFocusing_5_10_4um_0_1419.npy,P0/data/dataset_Particles2SNR_F_c1/train/4um/HFocusing_5_10_4um_0_1419.npy,4um,1092,16384,10,15,13,10869.1171875,3,peak_bin_energy_over_lowest_window_energy,-4.220971311122269e-05,0.11655731464541495,0.11655732228826357,3.416213609834924,-4.515303635756618e-05,0.11603638531118249,0.11603639409634334,3.4340744816941724,0.9984284701338065,3.2601278731595467e-12
HFocusing_5_10_4um_0_1425.npy,P0/data/dataset_Particles2SNR_F_c1/train/4um/HFocusing_5_10_4um_0_1425.npy,4um,1093,16384,6,15,3,2233.599609375,3,peak_bin_energy_over_lowest_window_energy,-0.00014980636331141052,0.05781269990805936,0.05781289399957258,10.427355996282111,-0.00013453668159762875,0.05724770105451829,0.05724785914028742,10.73923176683261,0.9937177929592654,1.1315415384218135e-11
HFocusing_5_10_4um_0_1428.npy,P0/data/dataset_Particles2SNR_F_c1/train/4um/HFocusing_5_10_4um_0_1428.npy,4um,1094,16384,1,15,2,2120.53564453125,3,peak_bin_energy_over_lowest_window_energy,-0.000191949847342796,0.08842874493034458,0.08842895326022941,8.858623513169142,-0.00010276849793266891,0.08566226684089065,0.08566232848623788,9.033377322981496,0.9958658996406916,2.3956588118730097e-12
HFocusing_5_10_4um_0_143.npy,P0/data/dataset_Particles2SNR_F_c1/train/4um/HFocusing_5_10_4um_0_143.npy,4um,1095,16384,0,15,0,1892.8427734375,3,peak_bin_energy_over_lowest_window_energy,5.604716732667182e-05,0.027370336388770736,0.027370393773554536,-0.14760338903428005,4.769286498643581e-05,0.026316500193316158,0.026316543409691553,-0.1603721714582993,0.9744069985414477,9.444929229291612e-12
HFocusing_5_10_4um_0_1432.npy,P0/data/dataset_Particles2SNR_F_c1/train/4um/HFocusing_5_10_4um_0_1432.npy,4um,1096,16384,10,15,8,2171.670166015625,3,peak_bin_energy_over_lowest_window_energy,-6.996294426890029e-05,0.0552764409513034,0.05527648522705204,8.706917997904968,-6.712593366618586e-05,0.05505147653769494,0.055051517462022304,10.229478702424329,0.9915187870557999,1.110494505855193e-11
HFocusing_5_10_4um_0_1435.npy,P0/data/dataset_Particles2SNR_F_c1/train/4um/HFocusing_5_10_4um_0_1435.npy,4um,1097,16384,7,15,11,2838.756103515625,3,peak_bin_energy_over_lowest_window_energy,-3.5432784509041384e-05,0.12755792665949087,0.1275579315807146,4.375892544052567,-5.0208696501859684e-05,0.12726767751994839,0.12726768742392852,4.382686618822991,0.9983581515886831,5.348176755454868e-12
HFocusing_5_10_4um_0_1438.npy,P0/data/dataset_Particles2SNR_F_c1/train/4um/HFocusing_5_10_4um_0_1438.npy,4um,1098,16384,4,15,7,2405.523193359375,3,peak_bin_energy_over_lowest_window_energy,7.109788604735647e-06,0.11172330043976307,0.11172330066598755,12.066537985218098,-2.8569254992471396e-07,0.11138518801852822,0.1113851880188946,12.167194805908588,0.9981675610522391,4.683135863746903e-12
HFocusing_5_10_4um_0_1441.npy,P0/data/dataset_Particles2SNR_F_c1/train/4um/HFocusing_5_10_4um_0_1441.npy,4um,1099,16384,6,15,12,10814.0595703125,3,peak_bin_energy_over_lowest_window_energy,-1.8676803165636153e-05,0.13764901349028363,0.13764901475735764,2.5644892807057165,-1.0134702967784265e-05,0.13744483012500397,0.13744483049865283,2.587508303102453,0.9989260719242414,4.183645619101462e-12
HFocusing_5_10_4um_0_1446.npy,P0/data/dataset_Particles2SNR_F_c1/train/4um/HFocusing_5_10_4um_0_1446.npy,4um,1100,16384,9,15,12,3025.880126953125,3,peak_bin_energy_over_lowest_window_energy,1.731845747290473e-05,0.1417849145846285,0.1417849156423185,2.4952812591372435,1.6198381906437637e-05,0.13953423936991965,0.13953424031014613,2.6079950855805585,0.9974557596920468,3.3453619852984472e-12
HFocusing_5_10_4um_0_1449.npy,P0/data/dataset_Particles2SNR_F_c1/train/4um/HFocusing_5_10_4um_0_1449.npy,4um,1101,16384,1,15,4,2016.2152099609375,3,peak_bin_energy_over_lowest_window_energy,-0.0001754821059155246,0.05547665167651121,0.05547692921572399,22.418860931222234,-0.00014251046386566668,0.05497893102359352,0.05497911572342142,23.045390405350002,0.9941508799368441,8.856078894875547e-12
HFocusing_5_10_4um_0_1458.npy,P0/data/dataset_Particles2SNR_F_c1/train/4um/HFocusing_5_10_4um_0_1458.npy,4um,1102,16384,8,15,10,2401.335693359375,3,peak_bin_energy_over_lowest_window_energy,4.862697457677775e-06,0.10487669131082199,0.10487669142355355,3.7415605536119907,1.1811933663564782e-05,0.1042319368349282,0.10423193750421335,3.7946237031099876,0.997662812747068,4.634106635142609e-12
HFocusing_5_10_4um_0_1461.npy,P0/data/dataset_Particles2SNR_F_c1/train/4um/HFocusing_5_10_4um_0_1461.npy,4um,1103,16384,9,15,7,2527.643310546875,3,peak_bin_energy_over_lowest_window_energy,-0.00010094326471239275,0.10795215757142577,0.1079522047661308,7.221802034922677,-7.596051358957096e-05,0.10681091699862594,0.10681094400896841,7.2283879260929655,0.9979181456404639,5.505406336219922e-12
HFocusing_5_10_4um_0_1464.npy,P0/data/dataset_Particles2SNR_F_c1/train/4um/HFocusing_5_10_4um_0_1464.npy,4um,1104,16384,9,15,13,6698.41796875,3,peak_bin_energy_over_lowest_window_energy,-6.233936469693566e-05,0.09979586061148707,0.09979588008221453,5.063270771622685,-5.372588855825266e-05,0.09944001604410929,0.09944003055773773,5.120108341984553,0.9978105916125151,4.66564116394741e-12
HFocusing_5_10_4um_0_1467.npy,P0/data/dataset_Particles2SNR_F_c1/train/4um/HFocusing_5_10_4um_0_1467.npy,4um,1105,16384,7,15,12,3870.660888671875,3,peak_bin_energy_over_lowest_window_energy,2.9117695089213698e-05,0.1475410476731771,0.14754105054641195,4.191711000690015,2.456352691514347e-05,0.14733518948430557,0.14733519153190483,4.2105847193043004,0.9989508965095805,4.670910866263551e-12
HFocusing_5_10_4um_0_147.npy,P0/data/dataset_Particles2SNR_F_c1/train/4um/HFocusing_5_10_4um_0_147.npy,4um,1106,16384,0,15,0,1936.2474365234375,3,peak_bin_energy_over_lowest_window_energy,-4.128769479192046e-07,0.027520851463663513,0.027520851466760574,0.0008869184050843693,8.909028282014662e-06,0.026581117979445658,0.026581119472437464,0.006826797572456744,0.9752399538966966,1.2862182180241176e-11
HFocusing_5_10_4um_0_1470.npy,P0/data/dataset_Particles2SNR_F_c1/train/4um/HFocusing_5_10_4um_0_1470.npy,4um,1107,16384,7,15,11,3172.7587890625,3,peak_bin_energy_over_lowest_window_energy,-6.999312517797556e-05,0.10101616043608053,0.10101618468485894,15.070032838161204,-6.163873641721755e-05,0.10071530750829515,0.100715326370043,15.13924347080997,0.997366909190163,4.402646418535243e-12
HFocusing_5_10_4um_0_1473.npy,P0/data/dataset_Particles2SNR_F_c1/train/4um/HFocusing_5_10_4um_0_1473.npy,4um,1108,16384,7,15,10,2898.2255859375,3,peak_bin_energy_over_lowest_window_energy,3.2137751538196713e-05,0.09117897540835918,0.09117898107213769,4.824518614378788,2.5512691229717137e-05,0.09080269643488234,0.09080270001901268,4.888359752519974,0.9975367407254857,7.912869423953078e-12
HFocusing_5_10_4um_0_1476.npy,P0/data/dataset_Particles2SNR_F_c1/train/4um/HFocusing_5_10_4um_0_1476.npy,4um,1109,16384,8,15,11,3454.495849609375,3,peak_bin_energy_over_lowest_window_energy,-7.507270584856321e-05,0.12226838693776558,0.1222684099850584,3.7520246944224063,-7.361099613684015e-05,0.12200311038771135,0.12200313259443314,3.7777359971119377,0.9985819729753823,3.944516227669299e-12
HFocusing_5_10_4um_0_1479.npy,P0/data/dataset_Particles2SNR_F_c1/train/4um/HFocusing_5_10_4um_0_1479.npy,4um,1110,16384,6,15,10,2553.09375,3,peak_bin_energy_over_lowest_window_energy,6.27656686594485e-05,0.08239154311069222,0.08239156701805239,5.929732215940852,3.699101744812252e-05,0.08193489656964616,0.08193490491978363,6.020769260541956,0.996393992604421,6.049784012364979e-12
HFocusing_5_10_4um_0_1484.npy,P0/data/dataset_Particles2SNR_F_c1/train/4um/HFocusing_5_10_4um_0_1484.npy,4um,1111,16384,4,15,4,1791.1923828125,3,peak_bin_energy_over_lowest_window_energy,-2.470442053101201e-05,0.050627665369975185,0.050627671397394707,16.7010762761618,-3.07355740082451e-05,0.05004037129378072,0.05004038073291354,17.444787512629723,0.9920035056154138,8.430749583027454e-12
HFocusing_5_10_4um_0_1487.npy,P0/data/dataset_Particles2SNR_F_c1/train/4um/HFocusing_5_10_4um_0_1487.npy,4um,1112,16384,8,15,10,2642.989501953125,3,peak_bin_energy_over_lowest_window_energy,-6.709555859106389e-05,0.09506555720757254,0.09506558088498819,4.3535172971793745,-5.1783844832287395e-05,0.09472494642653517,0.09472496058102398,4.40816131293876,0.997376725665302,4.0369794427428215e-12
HFocusing_5_10_4um_0_1490.npy,P0/data/dataset_Particles2SNR_F_c1/train/4um/HFocusing_5_10_4um_0_1490.npy,4um,1113,16384,5,15,5,2185.76953125,3,peak_bin_energy_over_lowest_window_energy,-0.00015628190058494215,0.08092394114159589,0.08092409204878931,7.260928184306193,-0.00011283583121654371,0.0806172091109096,0.08061728807617465,7.377300438641242,0.9974963058917548,3.373589954409922e-12
HFocusing_5_10_4um_0_1493.npy,P0/data/dataset_Particles2SNR_F_c1/train/4um/HFocusing_5_10_4um_0_1493.npy,4um,1114,16384,9,15,10,2713.1689453125,3,peak_bin_energy_over_lowest_window_energy,-6.629882178846892e-05,0.1122359230631907,0.1122359426448597,3.239527784284056,-5.676308373802944e-05,0.11194682092435862,0.11194683531533212,3.2630737063988136,0.998335023676849,5.253169518746496e-12
HFocusing_5_10_4um_0_1497.npy,P0/data/dataset_Particles2SNR_F_c1/train/4um/HFocusing_5_10_4um_0_1497.npy,4um,1115,16384,10,15,10,2614.168212890625,3,peak_bin_energy_over_lowest_window_energy,3.4976630161076503e-05,0.08998604557937431,0.08998605237689833,19.50745273989497,5.17991747170059e-05,0.08950941129713343,0.08950942628524608,19.693783862121116,0.9962802423395213,5.6442137026760104e-12
HFocusing_5_10_4um_0_1502.npy,P0/data/dataset_Particles2SNR_F_c1/train/4um/HFocusing_5_10_4um_0_1502.npy,4um,1116,16384,2,15,4,1969.4803466796875,3,peak_bin_energy_over_lowest_window_energy,0.0006002807793812535,0.05814261280166634,0.058145711453370226,15.326302779016913,0.0004367376780416667,0.057675785372562745,0.057677438900677135,15.060663360315072,0.9923316932668177,6.8162705151699935e-12
HFocusing_5_10_4um_0_1506.npy,P0/data/dataset_Particles2SNR_F_c1/train/4um/HFocusing_5_10_4um_0_1506.npy,4um,1117,16384,3,15,6,1925.0164794921875,3,peak_bin_energy_over_lowest_window_energy,-6.244780435429668e-05,0.0981739942368875,0.0981740140981955,22.581272961304634,-4.3307572456118476e-05,0.09786457049836055,0.09786458008071365,22.904550862270614,0.9979165734543671,6.404366469637564e-12
HFocusing_5_10_4um_0_1512.npy,P0/data/dataset_Particles2SNR_F_c1/train/4um/HFocusing_5_10_4um_0_1512.npy,4um,1118,16384,7,15,8,2086.8544921875,3,peak_bin_energy_over_lowest_window_energy,2.8716500328854208e-05,0.1079551874563498,0.10795519127570019,9.261788978639569,3.803879617007357e-05,0.10765486408677823,0.1076548708070968,9.341176704594288,0.9980794942280111,7.633089203681403e-12
HFocusing_5_10_4um_0_1518.npy,P0/data/dataset_Particles2SNR_F_c1/train/4um/HFocusing_5_10_4um_0_1518.npy,4um,1119,16384,8,15,10,4077.1015625,3,peak_bin_energy_over_lowest_window_energy,0.0006821758716785082,0.12994424019309272,0.12994603081002543,2.577478727331787,0.0005715207858014605,0.12853073029281917,0.12853200093989833,2.634447549773773,0.9976067666660213,5.219683498825518e-12
HFocusing_5_10_4um_0_152.npy,P0/data/dataset_Particles2SNR_F_c1/train/4um/HFocusing_5_10_4um_0_152.npy,4um,1120,16384,2,15,4,2068.154052734375,3,peak_bin_energy_over_lowest_window_energy,1.1148828408061301e-05,0.06140192418898405,0.061401925201137776,9.511209786375183,2.370360856138015e-05,0.060907353442519,0.06090735805494266,9.839555757632924,0.9945762733417588,6.201644511968599e-12
HFocusing_5_10_4um_0_1521.npy,P0/data/dataset_Particles2SNR_F_c1/train/4um/HFocusing_5_10_4um_0_1521.npy,4um,1121,16384,8,15,13,3927.415771484375,3,peak_bin_energy_over_lowest_window_energy,1.466450906810422e-05,0.10999041939482523,0.10999042037240049,5.05824948556204,6.82311847796275e-07,0.10974547423273669,0.10974547423485773,5.113919069623979,0.9984105810714212,6.754431896898895e-12
HFocusing_5_10_4um_0_1524.npy,P0/data/dataset_Particles2SNR_F_c1/train/4um/HFocusing_5_10_4um_0_1524.npy,4um,1122,16384,6,15,7,2391.7734375,3,peak_bin_energy_over_lowest_window_energy,-0.0002505114639063852,0.10250530195526625,0.10250560806577295,6.535827520010848,-0.00024349515859135954,0.10220466302262654,0.10220495307694683,6.598642488273104,0.9980257279379274,9.867846444378522e-12
HFocusing_5_10_4um_0_1527.npy,P0/data/dataset_Particles2SNR_F_c1/train/4um/HFocusing_5_10_4um_0_1527.npy,4um,1123,16384,8,15,8,2247.958984375,3,peak_bin_energy_over_lowest_window_energy,8.441316985533e-05,0.07545906311813542,0.07545911033301408,6.687424787307396,7.055581531984444e-05,0.07503582755392271,0.07503586072555643,6.837637550262077,0.9961161265026076,7.982610048869128e-12
HFocusing_5_10_4um_0_1530.npy,P0/data/dataset_Particles2SNR_F_c1/train/4um/HFocusing_5_10_4um_0_1530.npy,4um,1124,16384,11,15,7,1970.5404052734375,3,peak_bin_energy_over_lowest_window_energy,-0.00030576499814946654,0.08915147264377402,0.08915199698709883,3.4311303051783115,-0.00023776733080460696,0.08872639020545398,0.08872670878711819,3.4811301021245526,0.9972638488033679,5.9219986898946916e-12
HFocusing_5_10_4um_0_1533.npy,P0/data/dataset_Particles2SNR_F_c1/train/4um/HFocusing_5_10_4um_0_1533.npy,4um,1125,16384,9,15,8,2094.809814453125,3,peak_bin_energy_over_lowest_window_energy,3.403404843633308e-05,0.08670142174757882,0.0867014284274947,8.846813163829001,1.786415591029376e-05,0.08628044945141856,0.08628045130078343,8.963193004599642,0.9967364774282748,8.424068109685979e-12
HFocusing_5_10_4um_0_1536.npy,P0/data/dataset_Particles2SNR_F_c1/train/4um/HFocusing_5_10_4um_0_1536.npy,4um,1126,16384,2,15,4,2042.3448486328125,3,peak_bin_energy_over_lowest_window_energy,-2.9857706098238576e-05,0.04835385265104209,0.048353861869361615,13.270357568979282,-2.707321873776338e-05,0.04770025947895235,0.047700267161920135,14.054521988446258,0.991483292564803,8.2311370651388e-12
HFocusing_5_10_4um_0_1539.npy,P0/data/dataset_Particles2SNR_F_c1/train/4um/HFocusing_5_10_4um_0_1539.npy,4um,1127,16384,5,15,4,1946.1951904296875,3,peak_bin_energy_over_lowest_window_energy,-8.674126438938833e-05,0.0617225541451369,0.0617226150956544,11.949660154136685,-5.22058920590421e-05,0.061201993861480404,0.06120201612754151,12.361487737849803,0.994474457772393,5.29754587427231e-12
HFocusing_5_10_4um_0_1542.npy,P0/data/dataset_Particles2SNR_F_c1/train/4um/HFocusing_5_10_4um_0_1542.npy,4um,1128,16384,5,15,5,2083.307861328125,3,peak_bin_energy_over_lowest_window_energy,7.859892298052394e-05,0.07316390677946331,0.07316394899829214,6.485018357518776,4.5990894324463835e-05,0.07279113790243806,0.07279115243141927,6.634066580036983,0.9968257613108413,4.427837210556459e-12
HFocusing_5_10_4um_0_1548.npy,P0/data/dataset_Particles2SNR_F_c1/train/4um/HFocusing_5_10_4um_0_1548.npy,4um,1129,16384,3,15,9,2427.26171875,3,peak_bin_energy_over_lowest_window_energy,-8.24603653084717e-05,0.09656669919861727,0.09656673440594374,16.379115037239572,-7.262998522726381e-05,0.0962673064104539,0.09626733380871713,16.601031637318172,0.9979361383094494,2.513370913430649e-12
HFocusing_5_10_4um_0_1551.npy,P0/data/dataset_Particles2SNR_F_c1/train/4um/HFocusing_5_10_4um_0_1551.npy,4um,1130,16384,2,15,5,2251.371826171875,3,peak_bin_energy_over_lowest_window_energy,-2.5021797726660265e-05,0.06383256671822149,0.06383257162238223,12.975805929264917,4.6067610039356756e-06,0.0633605625118948,0.06336056267936685,13.311253390334972,0.9947769060517486,7.725130623896114e-12
HFocusing_5_10_4um_0_1554.npy,P0/data/dataset_Particles2SNR_F_c1/train/4um/HFocusing_5_10_4um_0_1554.npy,4um,1131,16384,4,15,5,2130.325439453125,3,peak_bin_energy_over_lowest_window_energy,1.2143872438485139e-05,0.057180258071363954,0.05718025936091423,15.008626460204546,1.013519465833292e-05,0.05666191436310128,0.05666191526954939,15.710953319108484,0.9940703315232935,8.470800450444673e-12
HFocusing_5_10_4um_0_1557.npy,P0/data/dataset_Particles2SNR_F_c1/train/4um/HFocusing_5_10_4um_0_1557.npy,4um,1132,16384,0,15,0,2194.039794921875,3,peak_bin_energy_over_lowest_window_energy,6.407235216882093e-06,0.027988773211277938,0.02798877394465525,0.11107435947978583,1.2129809342174678e-05,0.02701895878380851,0.027018961506568268,0.067593983791439,0.9789735123571238,1.454085782459451e-11
HFocusing_5_10_4um_0_1558.npy,P0/data/dataset_Particles2SNR_F_c1/train/4um/HFocusing_5_10_4um_0_1558.npy,4um,1133,16384,4,15,5,1765.8729248046875,3,peak_bin_energy_over_lowest_window_energy,0.00010477155103975425,0.06647855704541977,0.0664786396064107,13.85306355672778,7.402520970816644e-05,0.06604162694877087,0.06604166843571029,14.27512714644243,0.9962174949194896,1.0703654396346625e-11
HFocusing_5_10_4um_0_156.npy,P0/data/dataset_Particles2SNR_F_c1/train/4um/HFocusing_5_10_4um_0_156.npy,4um,1134,16384,1,15,4,2157.991455078125,3,peak_bin_energy_over_lowest_window_energy,8.905019838303981e-05,0.05144108004843164,0.051441157126244585,16.5640636924254,9.243101955588736e-05,0.050893055475879835,0.050893139411558784,17.250632088790237,0.9927983380642251,8.023710209544223e-12
HFocusing_5_10_4um_0_1561.npy,P0/data/dataset_Particles2SNR_F_c1/train/4um/HFocusing_5_10_4um_0_1561.npy,4um,1135,16384,12,15,12,4876.77685546875,3,peak_bin_energy_over_lowest_window_energy,4.389954443721862e-05,0.13015753671160937,0.1301575441148301,2.6159569466673487,2.8074214824813892e-05,0.12990927927194193,0.12990928230544935,2.6225838101371375,0.9985808878854295,6.129157467752168e-12
HFocusing_5_10_4um_0_1567.npy,P0/data/dataset_Particles2SNR_F_c1/train/4um/HFocusing_5_10_4um_0_1567.npy,4um,1136,16384,2,15,5,2182.774169921875,3,peak_bin_energy_over_lowest_window_energy,-5.398068919981638e-05,0.07526964356142019,0.07526966291792499,16.59378469677264,-4.927551132340353e-05,0.07486057811769693,0.07486059433501593,16.964442292729114,0.9967103528983381,8.235262061417586e-12
HFocusing_5_10_4um_0_1575.npy,P0/data/dataset_Particles2SNR_F_c1/train/4um/HFocusing_5_10_4um_0_1575.npy,4um,1137,16384,5,15,5,2104.978271484375,3,peak_bin_energy_over_lowest_window_energy,0.0005428799555068184,0.0747254695099953,0.07472744149330506,8.406029528093017,0.0004253238932302156,0.07446093884247124,0.07446215356620028,8.453429798460352,0.9962717105390752,5.493240670772903e-12
HFocusing_5_10_4um_0_1578.npy,P0/data/dataset_Particles2SNR_F_c1/train/4um/HFocusing_5_10_4um_0_1578.npy,4um,1138,16384,4,15,5,2149.266357421875,3,peak_bin_energy_over_lowest_window_energy,-4.4593416922858384e-05,0.05727275693754005,0.057272774298084896,11.7088563509143,-2.213103869213067e-05,0.056728561849132636,0.05672856616603086,12.158830146383588,0.9940284489752603,7.862383058943003e-12
HFocusing_5_10_4um_0_1581.npy,P0/data/dataset_Particles2SNR_F_c1/train/4um/HFocusing_5_10_4um_0_1581.npy,4um,1139,16384,9,15,13,6673.57177734375,3,peak_bin_energy_over_lowest_window_energy,-5.299595262187967e-05,0.12720087847256598,0.12720088951246958,3.6202743410789333,-2.923943208515586e-05,0.12706957357406748,0.1270695769381473,3.6380981774480485,0.9988022259040948,4.8551526599100485e-12
HFocusing_5_10_4um_0_1586.npy,P0/data/dataset_Particles2SNR_F_c1/train/4um/HFocusing_5_10_4um_0_1586.npy,4um,1140,16384,4,15,7,2210.217529296875,3,peak_bin_energy_over_lowest_window_energy,6.0460259839809554e-05,0.10405368007046109,0.10405369763563854,17.026610248603927,4.7032795345864716e-05,0.10378595138604613,0.10378596204299774,17.20103904788455,0.9982801497327058,4.891856789932421e-12
HFocusing_5_10_4um_0_1589.npy,P0/data/dataset_Particles2SNR_F_c1/train/4um/HFocusing_5_10_4um_0_1589.npy,4um,1141,16384,3,15,7,1842.8046875,3,peak_bin_energy_over_lowest_window_energy,1.0757978244667257e-05,0.05678406508701909,0.05678406610609103,9.863930996722207,3.304482905241132e-06,0.0562432138456669,0.05624321394274178,10.249966646126907,0.9935233094049479,7.948349798822355e-12
HFocusing_5_10_4um_0_159.npy,P0/data/dataset_Particles2SNR_F_c1/train/4um/HFocusing_5_10_4um_0_159.npy,4um,1142,16384,1,15,1,1848.3509521484375,3,peak_bin_energy_over_lowest_window_energy,7.742766794490043e-05,0.04920212274655378,0.04920218366912903,17.467871270060016,5.2176821048605186e-05,0.04864157042426977,0.04864159840876789,18.241575752541113,0.9920990874933105,5.727883367041992e-12
HFocusing_5_10_4um_0_1592.npy,P0/data/dataset_Particles2SNR_F_c1/train/4um/HFocusing_5_10_4um_0_1592.npy,4um,1143,16384,9,15,13,8492.71484375,3,peak_bin_energy_over_lowest_window_energy,-1.6081246265524477e-05,0.11749769159761957,0.1174976926980943,4.852145353025114,-3.3542099085865745e-06,0.11723539417065545,0.11723539421863892,4.877878759869875,0.9984500081598321,3.868863388334175e-12
HFocusing_5_10_4um_0_1595.npy,P0/data/dataset_Particles2SNR_F_c1/train/4um/HFocusing_5_10_4um_0_1595.npy,4um,1144,16384,6,15,6,2007.5347900390625,3,peak_bin_energy_over_lowest_window_energy,1.4223901795690954e-05,0.04234814018719297,0.04234814257595639,3.397814354768796,1.3824403410014556e-05,0.04172893081850872,0.04172893310845625,3.5711657381194675,0.9907438215333061,7.376490229809535e-12
HFocusing_5_10_4um_0_16.npy,P0/data/dataset_Particles2SNR_F_c1/train/4um/HFocusing_5_10_4um_0_16.npy,4um,1145,16384,4,15,5,1792.6138916015625,3,peak_bin_energy_over_lowest_window_energy,1.1528414396914714e-05,0.051083700906756714,0.05108370220760546,18.287410232820086,4.5850873246945515e-08,0.05055034914058018,0.05055034914060098,19.062757615556812,0.9933026608258454,1.0849055138296825e-11
HFocusing_5_10_4um_0_1601.npy,P0/data/dataset_Particles2SNR_F_c1/train/4um/HFocusing_5_10_4um_0_1601.npy,4um,1146,16384,6,15,12,4800.5634765625,3,peak_bin_energy_over_lowest_window_energy,-0.00010798812763333283,0.09221370968952951,0.09221377291999572,4.7368080620506055,-9.439569198901789e-05,0.0918609402400907,0.09186098874027092,4.784298679204365,0.997168882445251,5.604333406997654e-12
HFocusing_5_10_4um_0_1604.npy,P0/data/dataset_Particles2SNR_F_c1/train/4um/HFocusing_5_10_4um_0_1604.npy,4um,1147,16384,1,15,3,2281.467529296875,3,peak_bin_energy_over_lowest_window_energy,0.00031289258546707624,0.07930339697033952,0.07930401422882258,10.64413351558726,0.00023200963191891664,0.07888624336251548,0.07888658453957378,10.867489058731923,0.9962024902762905,6.559177575203198e-12
HFocusing_5_10_4um_0_1607.npy,P0/data/dataset_Particles2SNR_F_c1/train/4um/HFocusing_5_10_4um_0_1607.npy,4um,1148,16384,12,15,12,3733.116943359375,3,peak_bin_energy_over_lowest_window_energy,-0.00023778029201037925,0.10671818780456689,0.10671845270504102,3.254355748404339,-0.0001953726469568316,0.10629120725695898,0.10629138681291625,3.32645227434607,0.9978751717308159,5.125015687371473e-12
HFocusing_5_10_4um_0_1610.npy,P0/data/dataset_Particles2SNR_F_c1/train/4um/HFocusing_5_10_4um_0_1610.npy,4um,1149,16384,2,15,1,1873.375,3,peak_bin_energy_over_lowest_window_energy,0.00010742609711260277,0.038842842134776366,0.0388429906865254,10.201233597332784,8.094740525086704e-05,0.038203110423917254,0.0382031961823148,10.963518874013703,0.989599950493849,8.310423876866877e-12
HFocusing_5_10_4um_0_1613.npy,P0/data/dataset_Particles2SNR_F_c1/train/4um/HFocusing_5_10_4um_0_1613.npy,4um,1150,16384,9,15,12,3821.210205078125,3,peak_bin_energy_over_lowest_window_energy,-2.9884544751264992e-05,0.11858660381300005,0.11858660757854343,3.346900776298752,-3.3566848590382117e-05,0.11815048780191698,0.11815049257012963,3.36193182844843,0.9985324256647086,5.556593408174003e-12
HFocusing_5_10_4um_0_1616.npy,P0/data/dataset_Particles2SNR_F_c1/train/4um/HFocusing_5_10_4um_0_1616.npy,4um,1151,16384,1,15,1,2086.398681640625,3,peak_bin_energy_over_lowest_window_energy,-1.9002205306647915e-05,0.04386791651337661,0.043867920628956045,13.165813555946592,-4.460444253619933e-05,0.0433473726561495,0.043347395605127084,13.90059375591866,0.9918946412677426,5.7226386307824775e-12
HFocusing_5_10_4um_0_1617.npy,P0/data/dataset_Particles2SNR_F_c1/train/4um/HFocusing_5_10_4um_0_1617.npy,4um,1152,16384,10,15,12,3172.046630859375,3,peak_bin_energy_over_lowest_window_energy,7.203473498333687e-05,0.12570064198115394,0.12570066262147261,5.325639941251065,6.215618329341669e-05,0.12543692674292303,0.1254369421426581,5.3726819900861535,0.9984997890126179,3.9697450591057925e-12
HFocusing_5_10_4um_0_162.npy,P0/data/dataset_Particles2SNR_F_c1/train/4um/HFocusing_5_10_4um_0_162.npy,4um,1153,16384,0,15,0,1771.5640869140625,3,peak_bin_energy_over_lowest_window_energy,1.1550810532523548e-06,0.027327914100103403,0.027327914124514564,-0.17215841525867726,-2.162346410577321e-05,0.026242674245663625,0.026242683154323546,-0.14534317199713698,0.9726153198020587,1.4358641682708693e-11
HFocusing_5_10_4um_0_1630.npy,P0/data/dataset_Particles2SNR_F_c1/train/4um/HFocusing_5_10_4um_0_1630.npy,4um,1154,16384,7,15,9,2323.81201171875,3,peak_bin_energy_over_lowest_window_energy,-5.621653108288851e-05,0.09052757069157397,0.09052758814646665,5.409722118083295,-2.551087121193944e-05,0.09023527277742753,0.0902352763835813,5.468415573778461,0.9977992668059555,6.599782369698752e-12
HFocusing_5_10_4um_0_1636.npy,P0/data/dataset_Particles2SNR_F_c1/train/4um/HFocusing_5_10_4um_0_1636.npy,4um,1155,16384,7,15,10,2699.767333984375,3,peak_bin_energy_over_lowest_window_energy,-4.288697587022113e-05,0.07900552461460068,0.07900553625487884,6.810004476267373,-6.973590943480183e-05,0.07867082227861814,0.0786708531864946,6.919547356288875,0.9970083665468519,8.633994212792101e-12
HFocusing_5_10_4um_0_1642.npy,P0/data/dataset_Particles2SNR_F_c1/train/4um/HFocusing_5_10_4um_0_1642.npy,4um,1156,16384,8,15,10,2519.915283203125,3,peak_bin_energy_over_lowest_window_energy,-0.00012628172416936093,0.12033842350037181,0.1203384897596305,10.436378967082383,-9.400576084451099e-05,0.12011956084962161,0.12011959763414554,10.495654399971801,0.998527998449914,6.66063239843026e-12
HFocusing_5_10_4um_0_1645.npy,P0/data/dataset_Particles2SNR_F_c1/train/4um/HFocusing_5_10_4um_0_1645.npy,4um,1157,16384,2,15,2,2154.468017578125,3,peak_bin_energy_over_lowest_window_energy,2.3872023042152257e-05,0.0841842821001583,0.08418428548483686,14.629582014978876,2.2733927437130583e-05,0.08380876516673821,0.08380876825013557,14.92222786900864,0.9968261128864515,7.761124775083616e-12
HFocusing_5_10_4um_0_1651.npy,P0/data/dataset_Particles2SNR_F_c1/train/4um/HFocusing_5_10_4um_0_1651.npy,4um,1158,16384,4,15,6,2040.0784912109375,3,peak_bin_energy_over_lowest_window_energy,-0.00036820284594970204,0.10625456965935028,0.10625520762216545,4.229974006790753,-0.0002441745137407932,0.10579004106103997,0.1057903228508623,4.2620063150850624,0.9976577339941763,4.765244027219925e-12
HFocusing_5_10_4um_0_1654.npy,P0/data/dataset_Particles2SNR_F_c1/train/4um/HFocusing_5_10_4um_0_1654.npy,4um,1159,16384,11,15,10,2423.20166015625,3,peak_bin_energy_over_lowest_window_energy,-0.00014022020169641332,0.1487163518627926,0.1487164179674958,4.226502582561443,-0.00017075160117884127,0.14850171561946798,0.14850181378701963,4.253556311629641,0.9990675089198913,6.468914031286458e-12
HFocusing_5_10_4um_0_1657.npy,P0/data/dataset_Particles2SNR_F_c1/train/4um/HFocusing_5_10_4um_0_1657.npy,4um,1160,16384,3,15,7,2158.937255859375,3,peak_bin_energy_over_lowest_window_energy,6.516473363507335e-05,0.09828277456127218,0.0982827961644578,9.439400469173139,3.8068102619441735e-05,0.09787654518564098,0.09787655258874445,9.622173299186992,0.997460602991587,6.628788102245055e-12
HFocusing_5_10_4um_0_166.npy,P0/data/dataset_Particles2SNR_F_c1/train/4um/HFocusing_5_10_4um_0_166.npy,4um,1161,16384,3,15,1,2113.309814453125,3,peak_bin_energy_over_lowest_window_energy,-0.00010204377464207283,0.028586764044408217,0.028586946172381087,-0.015223080227566577,-7.730478879645498e-05,0.027700762022407364,0.027700869889814232,-0.04851333445182915,0.9796711113873807,1.404934167500882e-11
HFocusing_5_10_4um_0_1660.npy,P0/data/dataset_Particles2SNR_F_c1/train/4um/HFocusing_5_10_4um_0_1660.npy,4um,1162,16384,12,15,13,13039.6328125,3,peak_bin_energy_over_lowest_window_energy,-0.00017545809368299065,0.13620998043330554,0.13621009344091983,2.443097019008855,-0.00017837129777710265,0.13589197698088237,0.13589209404557917,2.4534715062271797,0.9987297996998515,4.768851180871045e-12
HFocusing_5_10_4um_0_1666.npy,P0/data/dataset_Particles2SNR_F_c1/train/4um/HFocusing_5_10_4um_0_1666.npy,4um,1163,16384,10,15,12,4183.275390625,3,peak_bin_energy_over_lowest_window_energy,-2.6982880025330934e-05,0.09558401541043123,0.09558401921899586,4.204690538345529,-2.2663536416679674e-05,0.09524627759299213,0.09524628028934883,4.241991082417842,0.9973571985620338,5.994163730040327e-12
HFocusing_5_10_4um_0_167.npy,P0/data/dataset_Particles2SNR_F_c1/train/4um/HFocusing_5_10_4um_0_167.npy,4um,1164,16384,10,15,12,3551.319091796875,3,peak_bin_energy_over_lowest_window_energy,8.882376403129456e-05,0.09088167657527421,0.09088171998148913,4.1061464297260875,7.642210337431929e-05,0.09050275774053694,0.09050279000660809,4.166439199769493,0.9972267827632495,5.566277159907628e-12
HFocusing_5_10_4um_0_1672.npy,P0/data/dataset_Particles2SNR_F_c1/train/4um/HFocusing_5_10_4um_0_1672.npy,4um,1165,16384,6,15,10,2446.031494140625,3,peak_bin_energy_over_lowest_window_energy,5.07526268402333e-05,0.09682415533491238,0.09682416863649475,8.458091193464629,3.211320202333917e-05,0.0965034225647622,0.09650342790787692,8.575229453701212,0.9981461123187517,6.498558589464145e-12
HFocusing_5_10_4um_0_1675.npy,P0/data/dataset_Particles2SNR_F_c1/train/4um/HFocusing_5_10_4um_0_1675.npy,4um,1166,16384,2,15,6,1999.35009765625,3,peak_bin_energy_over_lowest_window_energy,-2.5323855015441763e-05,0.10563896881139881,0.1056389718467258,11.472934052930778,-2.7380293667787582e-05,0.10537135940181977,0.10537136295914537,11.581782825429247,0.9981174406038019,6.088547759792441e-12
HFocusing_5_10_4um_0_1678.npy,P0/data/dataset_Particles2SNR_F_c1/train/4um/HFocusing_5_10_4um_0_1678.npy,4um,1167,16384,9,15,12,5210.88232421875,3,peak_bin_energy_over_lowest_window_energy,0.0001092364333075392,0.11838720805901923,0.11838725845549372,7.469047214242362,8.886025841891101e-05,0.11780369831516414,0.11780373182915613,7.595758784596452,0.9985598562425002,6.597737988514341e-12
HFocusing_5_10_4um_0_1681.npy,P0/data/dataset_Particles2SNR_F_c1/train/4um/HFocusing_5_10_4um_0_1681.npy,4um,1168,16384,8,15,9,2446.656982421875,3,peak_bin_energy_over_lowest_window_energy,1.901743985457345e-05,0.07697899377971926,0.07697899612882124,7.758101471443641,2.2136261377849187e-05,0.07658641488427469,0.07658641808336723,7.882528742481318,0.9967240991818315,8.731361310222795e-12
HFocusing_5_10_4um_0_1684.npy,P0/data/dataset_Particles2SNR_F_c1/train/4um/HFocusing_5_10_4um_0_1684.npy,4um,1169,16384,7,15,11,5890.95703125,3,peak_bin_energy_over_lowest_window_energy,-7.167899547361194e-05,0.12707690403979605,0.1270769242554207,2.4030512884816426,-4.899459663691521e-05,0.12683668518055657,0.12683669464339614,2.4226191151389544,0.9986593531774917,3.896034827589619e-12
HFocusing_5_10_4um_0_169.npy,P0/data/dataset_Particles2SNR_F_c1/train/4um/HFocusing_5_10_4um_0_169.npy,4um,1170,16384,3,15,6,2423.1982421875,3,peak_bin_energy_over_lowest_window_energy,-2.961061790877384e-05,0.09657722449721082,0.09657722903652471,9.699209839035332,-3.685273348145746e-05,0.09629271525848136,0.09629272231054087,9.823227102603926,0.9980070856397568,7.1388775126186796e-12
HFocusing_5_10_4um_0_1690.npy,P0/data/dataset_Particles2SNR_F_c1/train/4um/HFocusing_5_10_4um_0_1690.npy,4um,1171,16384,10,15,10,2526.589111328125,3,peak_bin_energy_over_lowest_window_energy,-2.103898789067011e-05,0.09625036916856078,0.09625037146797537,8.71028766692877,1.1718192204713732e-06,0.09593045727369293,0.09593045728084998,8.826345015530855,0.9979728157320396,5.170821960563723e-12
HFocusing_5_10_4um_0_1693.npy,P0/data/dataset_Particles2SNR_F_c1/train/4um/HFocusing_5_10_4um_0_1693.npy,4um,1172,16384,7,15,11,2725.417236328125,3,peak_bin_energy_over_lowest_window_energy,-5.564637814879192e-05,0.11793321581138388,0.11793322893965826,3.3732702893848474,-4.8139929685654464e-05,0.11669809951849024,0.11669810944775531,3.4521998489740895,0.9977261612756039,4.933613661343443e-12
HFocusing_5_10_4um_0_1695.npy,P0/data/dataset_Particles2SNR_F_c1/train/4um/HFocusing_5_10_4um_0_1695.npy,4um,1173,16384,8,15,10,3216.7880859375,3,peak_bin_energy_over_lowest_window_energy,3.6893410296527955e-05,0.11077082897950324,0.11077083512337568,3.2964386777582853,2.3085474924441787e-05,0.11048522862330624,0.110485231035118,3.3220170710199985,0.9981397575512407,5.8864442033551505e-12
HFocusing_5_10_4um_0_1702.npy,P0/data/dataset_Particles2SNR_F_c1/train/4um/HFocusing_5_10_4um_0_1702.npy,4um,1174,16384,10,15,10,2337.132080078125,3,peak_bin_energy_over_lowest_window_energy,-5.995436952855693e-06,0.10855790967849643,0.10855790984405447,3.732797258099377,-2.4295315795137243e-06,0.10620123360317138,0.10620123363096119,3.9632055064043294,0.9946352545056794,5.661522213930974e-12
HFocusing_5_10_4um_0_1707.npy,P0/data/dataset_Particles2SNR_F_c1/train/4um/HFocusing_5_10_4um_0_1707.npy,4um,1175,16384,6,15,10,2417.740234375,3,peak_bin_energy_over_lowest_window_energy,4.922118426932489e-05,0.08961043974408062,0.08961045326217519,7.857985111136916,3.381840871515464e-05,0.08928704003526199,0.08928704643980136,7.96311091909255,0.997603253204114,5.58533675380425e-12
HFocusing_5_10_4um_0_1710.npy,P0/data/dataset_Particles2SNR_F_c1/train/4um/HFocusing_5_10_4um_0_1710.npy,4um,1176,16384,7,15,10,2466.828857421875,3,peak_bin_energy_over_lowest_window_energy,1.8856251520939368e-05,0.10537308838783759,0.10537309007497718,12.944622930647451,1.0354103582406395e-05,0.10169126205561904,0.10169126258274133,13.611058451556012,0.9929664672171803,4.2278976134879336e-12
HFocusing_5_10_4um_0_1714.npy,P0/data/dataset_Particles2SNR_F_c1/train/4um/HFocusing_5_10_4um_0_1714.npy,4um,1177,16384,6,15,8,2356.7001953125,3,peak_bin_energy_over_lowest_window_energy,6.820482488696054e-05,0.05738106789699517,0.057381108432111236,8.429058086573193,4.884778846756466e-05,0.05680666984757125,0.056806690849559256,8.707403602587021,0.9940569917145442,8.936717284975203e-12
HFocusing_5_10_4um_0_1716.npy,P0/data/dataset_Particles2SNR_F_c1/train/4um/HFocusing_5_10_4um_0_1716.npy,4um,1178,16384,10,15,10,2467.120849609375,3,peak_bin_energy_over_lowest_window_energy,-0.0001282959923337719,0.06716510616547769,0.06716522869820021,5.727927222863604,-9.72335054564459e-05,0.06675325507300559,0.06675332588865014,5.871692947066634,0.9959551880525636,1.1286356345541654e-11
HFocusing_5_10_4um_0_1719.npy,P0/data/dataset_Particles2SNR_F_c1/train/4um/HFocusing_5_10_4um_0_1719.npy,4um,1179,16384,0,15,0,1953.6702880859375,3,peak_bin_energy_over_lowest_window_energy,3.965833604294262e-06,0.031156150793034142,0.03115615104543753,3.3879373639687183,1.1767766978138174e-05,0.03032412447096855,0.03032412675430462,3.727147839098839,0.9805718939421386,1.2229534560720003e-11
HFocusing_5_10_4um_0_172.npy,P0/data/dataset_Particles2SNR_F_c1/train/4um/HFocusing_5_10_4um_0_172.npy,4um,1180,16384,6,15,8,1854.6392822265625,3,peak_bin_energy_over_lowest_window_energy,0.0008869062486124794,0.0864085808813982,0.0864131324083959,11.052072871169681,0.0006834874994314712,0.0861037034067958,0.08610641611127091,10.722566662715845,0.9961587157125021,5.655664417617906e-12
HFocusing_5_10_4um_0_1720.npy,P0/data/dataset_Particles2SNR_F_c1/train/4um/HFocusing_5_10_4um_0_1720.npy,4um,1181,16384,3,15,2,1809.7857666015625,3,peak_bin_energy_over_lowest_window_energy,-1.4398488061348301e-05,0.061406888581558364,0.06140689026961373,13.149461657176737,-1.6700148996843434e-05,0.06120046380588393,0.061200466084420355,13.744093273105083,0.9942000943434948,6.9706870308680956e-12
HFocusing_5_10_4um_0_1722.npy,P0/data/dataset_Particles2SNR_F_c1/train/4um/HFocusing_5_10_4um_0_1722.npy,4um,1182,16384,1,15,2,1834.5628662109375,3,peak_bin_energy_over_lowest_window_energy,4.78302621136785e-05,0.05077417876677632,0.05077420129528906,17.5773706764181,3.926605254234367e-05,0.05017030835853575,0.050170323724423434,18.35798324669272,0.993078517076932,7.654230906738808e-12
HFocusing_5_10_4um_0_1725.npy,P0/data/dataset_Particles2SNR_F_c1/train/4um/HFocusing_5_10_4um_0_1725.npy,4um,1183,16384,7,15,11,2937.2451171875,3,peak_bin_energy_over_lowest_window_energy,-9.52411806555678e-05,0.1215112387643222,0.1215112760895984,8.400968750568403,-8.456128171038673e-05,0.12125635085982348,0.12125638034532855,8.467860357100909,0.9985436963860165,5.472963937528719e-12
HFocusing_5_10_4um_0_1728.npy,P0/data/dataset_Particles2SNR_F_c1/train/4um/HFocusing_5_10_4um_0_1728.npy,4um,1184,16384,6,15,4,2195.935302734375,3,peak_bin_energy_over_lowest_window_energy,-2.309357429351778e-05,0.03771543351685413,0.0377154405870781,6.698635712981302,1.5001716886468632e-06,0.03691451291201224,0.03691451294249504,7.354629109542541,0.9878222469153985,6.193498083201623e-12
HFocusing_5_10_4um_0_1732.npy,P0/data/dataset_Particles2SNR_F_c1/train/4um/HFocusing_5_10_4um_0_1732.npy,4um,1185,16384,6,15,8,2200.5595703125,3,peak_bin_energy_over_lowest_window_energy,0.0008802809813564227,0.10429890501690897,0.10430261972899979,7.329717954734178,0.0006758597267963308,0.10414286931857793,0.1041450623710827,7.234007263257157,0.9979274264460938,4.96239360931434e-12
HFocusing_5_10_4um_0_1735.npy,P0/data/dataset_Particles2SNR_F_c1/train/4um/HFocusing_5_10_4um_0_1735.npy,4um,1186,16384,9,15,7,2294.668701171875,3,peak_bin_energy_over_lowest_window_energy,5.058382908337743e-05,0.09924624854284354,0.099246261433626,4.115053304687738,2.7416509390225174e-05,0.09887008786480064,0.09887009166607659,4.1756043331404165,0.9974891855425599,4.4745950800881745e-12
HFocusing_5_10_4um_0_1738.npy,P0/data/dataset_Particles2SNR_F_c1/train/4um/HFocusing_5_10_4um_0_1738.npy,4um,1187,16384,10,15,12,4064.551513671875,3,peak_bin_energy_over_lowest_window_energy,1.3753034254755969e-05,0.09999196386021704,0.09999196480602282,4.14659501951881,6.6689578369277314e-06,0.09969548159227283,0.09969548181532707,4.18767014921938,0.9981223921967478,3.941440333314351e-12
HFocusing_5_10_4um_0_1741.npy,P0/data/dataset_Particles2SNR_F_c1/train/4um/HFocusing_5_10_4um_0_1741.npy,4um,1188,16384,5,15,10,2499.373291015625,3,peak_bin_energy_over_lowest_window_energy,0.00017594160597665803,0.07044721859505995,0.07044743830139515,5.302092327797286,0.0001444070692259328,0.07001262942169455,0.07001277834753576,5.416199912391816,0.995951196427678,6.7421371912996265e-12
HFocusing_5_10_4um_0_1747.npy,P0/data/dataset_Particles2SNR_F_c1/train/4um/HFocusing_5_10_4um_0_1747.npy,4um,1189,16384,8,15,8,2781.15625,3,peak_bin_energy_over_lowest_window_energy,0.0006935932192168651,0.11750516111952206,0.11750720812477242,3.5525828696837696,0.0005567354530941704,0.11724981862827011,0.11725114038987838,3.6219539356148145,0.9978776570555349,5.890286516370061e-12
HFocusing_5_10_4um_0_1750.npy,P0/data/dataset_Particles2SNR_F_c1/train/4um/HFocusing_5_10_4um_0_1750.npy,4um,1190,16384,3,15,8,2221.342041015625,3,peak_bin_energy_over_lowest_window_energy,-3.185108872909916e-05,0.09364038722142563,0.09364039263838222,8.905149596990803,-4.366570375311645e-05,0.09335591682525632,0.09335592703721526,9.007813315788521,0.9977818490915972,4.443805073164037e-12
HFocusing_5_10_4um_0_1756.npy,P0/data/dataset_Particles2SNR_F_c1/train/4um/HFocusing_5_10_4um_0_1756.npy,4um,1191,16384,4,15,5,2089.873046875,3,peak_bin_energy_over_lowest_window_energy,-6.791201180727332e-05,0.07117945537038135,0.07117948776765295,13.773912105242296,-8.5336170116482e-05,0.07075633799398345,0.07075638945410342,14.084566921771586,0.9956976021966947,7.829839209756335e-12
HFocusing_5_10_4um_0_1759.npy,P0/data/dataset_Particles2SNR_F_c1/train/4um/HFocusing_5_10_4um_0_1759.npy,4um,1192,16384,4,15,8,2223.142578125,3,peak_bin_energy_over_lowest_window_energy,6.0299177552769186e-05,0.0750591776115385,0.07505920183236227,11.48695363650978,4.10278897938591e-05,0.07466711475252728,0.07466712602447491,11.779625607012301,0.9964149839961346,6.127415978015889e-12
HFocusing_5_10_4um_0_1762.npy,P0/data/dataset_Particles2SNR_F_c1/train/4um/HFocusing_5_10_4um_0_1762.npy,4um,1193,16384,9,15,13,10956.0703125,3,peak_bin_energy_over_lowest_window_energy,-0.00013790188888010145,0.13187569327908763,0.1318757653807968,2.6457802616896062,-0.00010076220121035308,0.13162490777890729,0.13162494634691038,2.6598969154505783,0.9988020954888672,4.849453721070068e-12
HFocusing_5_10_4um_0_1766.npy,P0/data/dataset_Particles2SNR_F_c1/train/4um/HFocusing_5_10_4um_0_1766.npy,4um,1194,16384,7,15,13,5864.73486328125,3,peak_bin_energy_over_lowest_window_energy,-2.254278259353269e-05,0.12337862472187716,0.12337862678129809,1.9878754105363505,-6.671002404149123e-07,0.12128284961819756,0.12128284962003222,2.0609973191648665,0.9970484368480189,3.098242613001407e-12
HFocusing_5_10_4um_0_1769.npy,P0/data/dataset_Particles2SNR_F_c1/train/4um/HFocusing_5_10_4um_0_1769.npy,4um,1195,16384,5,15,7,1958.2066650390625,3,peak_bin_energy_over_lowest_window_energy,1.9596085654281706e-05,0.06048110073042921,0.06048110390502886,18.21092954340442,1.0912766784310729e-05,0.060023824354609796,0.06002382534661988,18.690375755354793,0.9951668000507814,8.112280438038666e-12
HFocusing_5_10_4um_0_1772.npy,P0/data/dataset_Particles2SNR_F_c1/train/4um/HFocusing_5_10_4um_0_1772.npy,4um,1196,16384,4,15,5,1947.1728515625,3,peak_bin_energy_over_lowest_window_energy,-6.615053893103506e-05,0.08072269436291314,0.08072272146739164,8.740871761347785,-6.793627476552898e-05,0.08040478827756507,0.08040481697819787,8.865226917839268,0.997421409517189,5.507962185190955e-12
HFocusing_5_10_4um_0_1775.npy,P0/data/dataset_Particles2SNR_F_c1/train/4um/HFocusing_5_10_4um_0_1775.npy,4um,1197,16384,11,15,11,2585.0419921875,3,peak_bin_energy_over_lowest_window_energy,-0.0008638654853180598,0.10673133495869118,0.10673483089245543,7.909822443117678,-0.000665762117509406,0.10648913769776579,0.10649121882489107,7.820276477793929,0.9975811886858691,5.541013505637959e-12
HFocusing_5_10_4um_0_1779.npy,P0/data/dataset_Particles2SNR_F_c1/train/4um/HFocusing_5_10_4um_0_1779.npy,4um,1198,16384,9,15,11,3426.704345703125,3,peak_bin_energy_over_lowest_window_energy,-1.6247713464600546e-05,0.1278327987616243,0.12783279979417697,2.912007462967094,-1.8584952765779558e-05,0.12754492312955673,0.12754492448359128,2.9386522068436465,0.9984293213294244,5.1104779105347706e-12
HFocusing_5_10_4um_0_178.npy,P0/data/dataset_Particles2SNR_F_c1/train/4um/HFocusing_5_10_4um_0_178.npy,4um,1199,16384,2,15,3,1908.2843017578125,3,peak_bin_energy_over_lowest_window_energy,-0.00012346258956955975,0.0553874523865849,0.0553875899898816,17.463474644271194,-9.36117361064035e-05,0.054879643230345165,0.05487972307006575,18.070892997403377,0.9935895928924017,5.5707749585143475e-12
HFocusing_5_10_4um_0_1785.npy,P0/data/dataset_Particles2SNR_F_c1/train/4um/HFocusing_5_10_4um_0_1785.npy,4um,1200,16384,3,15,8,2144.143798828125,3,peak_bin_energy_over_lowest_window_energy,6.615787208081456e-05,0.09777104042696992,0.09777106281020079,4.003412269306446,6.365883351177004e-05,0.09746743730093818,0.09746745808965883,4.046736589173993,0.9982713810073096,4.662075846467226e-12
HFocusing_5_10_4um_0_1788.npy,P0/data/dataset_Particles2SNR_F_c1/train/4um/HFocusing_5_10_4um_0_1788.npy,4um,1201,16384,2,15,5,2236.287841796875,3,peak_bin_energy_over_lowest_window_energy,-6.727162642894587e-05,0.10669051272179805,0.10669053393020336,6.445168208427887,-5.982210608967433e-05,0.10431187534572312,0.10431189249949431,6.4819834487143435,0.9973894228764568,3.2644299171704197e-12
HFocusing_5_10_4um_0_1791.npy,P0/data/dataset_Particles2SNR_F_c1/train/4um/HFocusing_5_10_4um_0_1791.npy,4um,1202,16384,9,15,10,2341.126953125,3,peak_bin_energy_over_lowest_window_energy,0.00010971468428319958,0.07694554352865186,0.07694562174829446,6.156585210355329,7.299997712748926e-05,0.07656040469896322,0.07656043950151861,6.258541794950299,0.9964142975811275,4.238959257461595e-12
HFocusing_5_10_4um_0_1797.npy,P0/data/dataset_Particles2SNR_F_c1/train/4um/HFocusing_5_10_4um_0_1797.npy,4um,1203,16384,11,15,11,2459.252685546875,3,peak_bin_energy_over_lowest_window_energy,0.00011417653642031194,0.13662851987490762,0.13662856758192812,3.0889614776581213,8.516264335268583e-05,0.13641419868894178,0.13641422527222705,3.0987875604934567,0.9989005635211561,3.989906358250899e-12
HFocusing_5_10_4um_0_1800.npy,P0/data/dataset_Particles2SNR_F_c1/train/4um/HFocusing_5_10_4um_0_1800.npy,4um,1204,16384,2,15,7,1919.2503662109375,3,peak_bin_energy_over_lowest_window_energy,6.128676971910547e-05,0.07053528035594606,0.070535306981398,10.826334011001048,4.845792555125716e-05,0.07011644486477371,0.07011646160956356,11.0935242228149,0.9963174634065759,4.751931171787275e-12
HFocusing_5_10_4um_0_1803.npy,P0/data/dataset_Particles2SNR_F_c1/train/4um/HFocusing_5_10_4um_0_1803.npy,4um,1205,16384,6,15,6,2034.4317626953125,3,peak_bin_energy_over_lowest_window_energy,8.249617844645414e-05,0.05389520465899462,0.053895267796480725,9.129926957154455,6.640985495099517e-05,0.053294664029209536,0.05329470540546363,9.565908672671162,0.9930143600455822,8.853760011008691e-12
HFocusing_5_10_4um_0_1806.npy,P0/data/dataset_Particles2SNR_F_c1/train/4um/HFocusing_5_10_4um_0_1806.npy,4um,1206,16384,6,15,8,2437.554931640625,3,peak_bin_energy_over_lowest_window_energy,-4.31074809527503e-05,0.097827450800287,0.09782746029790144,12.872755212194972,-5.841371116127052e-05,0.0975051042563249,0.09750512175367222,13.070699603282378,0.998038109639659,6.303900209519042e-12
HFocusing_5_10_4um_0_1809.npy,P0/data/dataset_Particles2SNR_F_c1/train/4um/HFocusing_5_10_4um_0_1809.npy,4um,1207,16384,4,15,8,2375.107666015625,3,peak_bin_energy_over_lowest_window_energy,-1.8922509058672243e-06,0.07037462167707172,0.0703746217025114,7.325277484519841,-3.142024239185269e-06,0.06993085134878949,0.06993085141937576,7.515795291083716,0.9962290023809633,8.646541198419346e-12
HFocusing_5_10_4um_0_181.npy,P0/data/dataset_Particles2SNR_F_c1/train/4um/HFocusing_5_10_4um_0_181.npy,4um,1208,16384,5,15,3,1954.3441162109375,3,peak_bin_energy_over_lowest_window_energy,6.86916834897415e-06,0.04645968465332856,0.04645968516113951,15.372016434491982,3.853843569243279e-06,0.045713838221873686,0.045713838384320235,16.157948559823595,0.9898687906974493,1.0752653074340027e-11
HFocusing_5_10_4um_0_1812.npy,P0/data/dataset_Particles2SNR_F_c1/train/4um/HFocusing_5_10_4um_0_1812.npy,4um,1209,16384,9,15,12,3154.696533203125,3,peak_bin_energy_over_lowest_window_energy,-4.0292538065705706e-05,0.0809736310457204,0.080973641070518,5.491751354124441,-3.4650548029624e-05,0.08050895478132046,0.08050896223800913,5.599562932759008,0.9961894978229305,5.073374782429315e-12
HFocusing_5_10_4um_0_1818.npy,P0/data/dataset_Particles2SNR_F_c1/train/4um/HFocusing_5_10_4um_0_1818.npy,4um,1210,16384,8,15,9,2378.250732421875,3,peak_bin_energy_over_lowest_window_energy,-6.082510409995633e-05,0.07785336187078581,0.07785338563143426,9.629927044875982,-6.291961411139437e-05,0.0774888923590162,0.07748891790382052,9.823586233270195,0.9969363796483938,3.322949742448443e-12
HFocusing_5_10_4um_0_1821.npy,P0/data/dataset_Particles2SNR_F_c1/train/4um/HFocusing_5_10_4um_0_1821.npy,4um,1211,16384,4,15,6,2447.651611328125,3,peak_bin_energy_over_lowest_window_energy,1.4002241193001585e-05,0.054390556558734836,0.054390558361095104,16.218645153017352,5.670169612167049e-06,0.053557697609774094,0.05355769790992537,17.14114095621179,0.9910726766351108,1.1410385650250008e-11
HFocusing_5_10_4um_0_1824.npy,P0/data/dataset_Particles2SNR_F_c1/train/4um/HFocusing_5_10_4um_0_1824.npy,4um,1212,16384,7,15,11,4020.537109375,3,peak_bin_energy_over_lowest_window_energy,-2.0862016803784368e-05,0.11097525511863573,0.11097525707954019,2.4269160027834236,-1.1297377918306062e-05,0.110246695762412,0.11024669634125359,2.44989973925488,0.997667197078521,5.67830692376639e-12
HFocusing_5_10_4um_0_1827.npy,P0/data/dataset_Particles2SNR_F_c1/train/4um/HFocusing_5_10_4um_0_1827.npy,4um,1213,16384,5,15,6,2051.253662109375,3,peak_bin_energy_over_lowest_window_energy,-1.1851073637080692e-05,0.09130773402871653,0.09130773479780771,5.411221641726529,-5.978654178676252e-06,0.0909783804096128,0.09097838060605677,5.48513815475985,0.9978259651696454,5.487483782824411e-12
HFocusing_5_10_4um_0_1830.npy,P0/data/dataset_Particles2SNR_F_c1/train/4um/HFocusing_5_10_4um_0_1830.npy,4um,1214,16384,12,15,13,5562.677734375,3,peak_bin_energy_over_lowest_window_energy,9.277795461996127e-05,0.1486416133556933,0.14864164231039795,5.6970834808159605,6.265281924077364e-05,0.14822669914445527,0.1482267123855772,5.726909651723076,0.9987858041380667,5.351446349310579e-12
HFocusing_5_10_4um_0_1833.npy,P0/data/dataset_Particles2SNR_F_c1/train/4um/HFocusing_5_10_4um_0_1833.npy,4um,1215,16384,7,15,10,2066.326904296875,3,peak_bin_energy_over_lowest_window_energy,1.5479061367054137e-05,0.0953844964159309,0.09538449767190724,7.251025054895896,1.1703881744661205e-05,0.09504428341748192,0.09504428413809785,7.362850944055838,0.9975682594103568,4.364632319791586e-12
HFocusing_5_10_4um_0_1836.npy,P0/data/dataset_Particles2SNR_F_c1/train/4um/HFocusing_5_10_4um_0_1836.npy,4um,1216,16384,9,15,12,3226.309326171875,3,peak_bin_energy_over_lowest_window_energy,-2.1085943083629465e-05,0.10788419339238832,0.1078841954530099,4.9019191640440765,-1.4048207478703067e-05,0.10758684280970852,0.1075868437268845,4.9488475457723515,0.998167535795078,5.090810514039676e-12
HFocusing_5_10_4um_0_1839.npy,P0/data/dataset_Particles2SNR_F_c1/train/4um/HFocusing_5_10_4um_0_1839.npy,4um,1217,16384,2,15,8,2280.340576171875,3,peak_bin_energy_over_lowest_window_energy,-0.0001461121471884034,0.1318074482667374,0.13180752925136036,3.495694891855684,-0.00012212707617291463,0.13029576109320248,0.1302958183284469,3.5639251479977165,0.9980195849510254,5.5418737066117364e-12
HFocusing_5_10_4um_0_184.npy,P0/data/dataset_Particles2SNR_F_c1/train/4um/HFocusing_5_10_4um_0_184.npy,4um,1218,16384,8,15,11,3009.447998046875,3,peak_bin_energy_over_lowest_window_energy,1.4402239812531309e-05,0.12254322511314436,0.12254322595947638,2.800317272794123,9.660018272981461e-06,0.12227666033554195,0.12227666071711907,2.815532704062842,0.9984850892626564,5.923161843499498e-12
HFocusing_5_10_4um_0_1842.npy,P0/data/dataset_Particles2SNR_F_c1/train/4um/HFocusing_5_10_4um_0_1842.npy,4um,1219,16384,4,15,4,2014.3221435546875,3,peak_bin_energy_over_lowest_window_energy,-0.00012725680943350797,0.10170557235856587,0.10170565197214473,7.628520562530566,-0.00014918534702275198,0.1015689074222708,0.10156901698461782,7.711772706963687,0.9970651012716855,2.50772427983569e-12
HFocusing_5_10_4um_0_1848.npy,P0/data/dataset_Particles2SNR_F_c1/train/4um/HFocusing_5_10_4um_0_1848.npy,4um,1220,16384,4,15,5,1886.6702880859375,3,peak_bin_energy_over_lowest_window_energy,4.332373055074941e-05,0.053423600391561514,0.05342361795819224,8.627543516223952,5.212329792230003e-05,0.05284922595315678,0.05284925165682109,9.123645286196087,0.9909497442168348,6.01408314184561e-12
HFocusing_5_10_4um_0_1851.npy,P0/data/dataset_Particles2SNR_F_c1/train/4um/HFocusing_5_10_4um_0_1851.npy,4um,1221,16384,9,15,12,4741.44189453125,3,peak_bin_energy_over_lowest_window_energy,0.00019044189431413573,0.130283632258601,0.13028377144759623,1.0979468236546124,0.0001789754550143656,0.129575060081735,0.12957518368653284,1.1249262488659095,0.9985205139460737,5.280357851346166e-12
HFocusing_5_10_4um_0_1854.npy,P0/data/dataset_Particles2SNR_F_c1/train/4um/HFocusing_5_10_4um_0_1854.npy,4um,1222,16384,9,15,10,3194.216796875,3,peak_bin_energy_over_lowest_window_energy,8.054787246426124e-05,0.1230403572865398,0.12304038365170653,3.9590420925274277,6.910763142572242e-05,0.1227153108730446,0.12271533033216632,4.004391954640511,0.9985890014002765,4.98490618328493e-12
HFocusing_5_10_4um_0_1857.npy,P0/data/dataset_Particles2SNR_F_c1/train/4um/HFocusing_5_10_4um_0_1857.npy,4um,1223,16384,6,15,9,2662.726318359375,3,peak_bin_energy_over_lowest_window_energy,0.00017170630609270838,0.07737207980010555,0.07737227032761448,8.58665193849474,0.00012645902015608434,0.07698952935088185,0.07698963320833577,8.748349077073454,0.9966979355816661,4.937101283561229e-12
HFocusing_5_10_4um_0_1863.npy,P0/data/dataset_Particles2SNR_F_c1/train/4um/HFocusing_5_10_4um_0_1863.npy,4um,1224,16384,5,15,6,1995.1361083984375,3,peak_bin_energy_over_lowest_window_energy,0.00022585521770333446,0.08967343123762064,0.08967371566132207,7.024473763352589,0.0002224780419451473,0.08951099626758288,0.08951127274982959,7.353528942501249,0.9968268563266582,7.529606182691284e-12
HFocusing_5_10_4um_0_1866.npy,P0/data/dataset_Particles2SNR_F_c1/train/4um/HFocusing_5_10_4um_0_1866.npy,4um,1225,16384,2,15,7,2178.699462890625,3,peak_bin_energy_over_lowest_window_energy,0.00011639730460914696,0.07101106246676675,0.0710111578626315,8.438419186547419,9.859460818177457e-05,0.07054200594803685,0.07054207484947994,8.699979095898842,0.9949708914990953,4.42395992610218e-12
HFocusing_5_10_4um_0_1869.npy,P0/data/dataset_Particles2SNR_F_c1/train/4um/HFocusing_5_10_4um_0_1869.npy,4um,1226,16384,5,15,11,3003.361083984375,3,peak_bin_energy_over_lowest_window_energy,-1.594037965858376e-05,0.08317382208890589,0.08317382361640394,6.438377452384293,-1.0908864803663364e-05,0.08278625366677889,0.08278625438551736,6.542688324331124,0.9973715603480879,4.16198508079473e-12
HFocusing_5_10_4um_0_187.npy,P0/data/dataset_Particles2SNR_F_c1/train/4um/HFocusing_5_10_4um_0_187.npy,4um,1227,16384,4,15,5,1735.0782470703125,3,peak_bin_energy_over_lowest_window_energy,0.0002107989203858724,0.11820955287272542,0.11820974082771057,4.084108921047744,0.0001021676045944496,0.11724455812870627,0.11724460264342666,4.1368877103552615,0.997994059819314,4.0809646688175365e-12
HFocusing_5_10_4um_0_1875.npy,P0/data/dataset_Particles2SNR_F_c1/train/4um/HFocusing_5_10_4um_0_1875.npy,4um,1228,16384,7,15,12,6254.02587890625,3,peak_bin_energy_over_lowest_window_energy,7.178310640493506e-05,0.11823494459539048,0.1182349663859614,3.0574073032948927,7.093391286003997e-05,0.11783435980469459,0.11783438115508656,3.086097543759071,0.9982699719173078,6.278638689703758e-12
HFocusing_5_10_4um_0_1878.npy,P0/data/dataset_Particles2SNR_F_c1/train/4um/HFocusing_5_10_4um_0_1878.npy,4um,1229,16384,11,15,11,3330.6396484375,3,peak_bin_energy_over_lowest_window_energy,-0.0001311230246464003,0.13768545953375458,0.13768552197042638,4.631331142482593,-8.600898663152924e-05,0.13689691872312792,0.13689694574179687,4.665554844347673,0.9987290035175761,6.292567325419429e-12
HFocusing_5_10_4um_0_1881.npy,P0/data/dataset_Particles2SNR_F_c1/train/4um/HFocusing_5_10_4um_0_1881.npy,4um,1230,16384,10,15,12,3157.7724609375,3,peak_bin_energy_over_lowest_window_energy,0.00015099290668909622,0.10553317186944278,0.10553327988688317,5.457873324158298,0.0001422614952206183,0.10520554480795756,0.10520564099263968,5.528883307446533,0.9979549022664334,6.7304905672138526e-12
HFocusing_5_10_4um_0_1884.npy,P0/data/dataset_Particles2SNR_F_c1/train/4um/HFocusing_5_10_4um_0_1884.npy,4um,1231,16384,14,15,11,2814.333251953125,3,peak_bin_energy_over_lowest_window_energy,4.4665251511429684e-05,0.11830769845650399,0.11830770688784298,4.248978937858373,1.59149621968414e-05,0.11795245805360365,0.11795245912728207,4.316320797226862,0.9981663752802958,5.879584583453258e-12
HFocusing_5_10_4um_0_1887.npy,P0/data/dataset_Particles2SNR_F_c1/train/4um/HFocusing_5_10_4um_0_1887.npy,4um,1232,16384,3,15,3,1924.9644775390625,3,peak_bin_energy_over_lowest_window_energy,-2.537581752952237e-05,0.07189944358242638,0.0718994480604311,32.40723133112488,-2.0873862609889573e-05,0.07149154749532069,0.07149155054266088,33.04293808763813,0.9959599124133992,6.747901511563532e-12
HFocusing_5_10_4um_0_1890.npy,P0/data/dataset_Particles2SNR_F_c1/train/4um/HFocusing_5_10_4um_0_1890.npy,4um,1233,16384,10,15,13,6187.49609375,3,peak_bin_energy_over_lowest_window_energy,9.859196841165175e-05,0.1633239810347837,0.16332401079273867,1.8567278223215586,0.00010035654412516681,0.16291752080707925,0.16291755171669212,1.8731113494506175,0.9990886900373461,3.4676288345906236e-12
HFocusing_5_10_4um_0_1893.npy,P0/data/dataset_Particles2SNR_F_c1/train/4um/HFocusing_5_10_4um_0_1893.npy,4um,1234,16384,10,15,9,2537.229248046875,3,peak_bin_energy_over_lowest_window_energy,1.7449608249574506e-05,0.06703878927183142,0.06703879154282129,14.577489695935096,-2.168847088762965e-06,0.06656658839489699,0.06656658843022926,15.057470512375588,0.9955126583019827,3.2579289119202585e-12
HFocusing_5_10_4um_0_1896.npy,P0/data/dataset_Particles2SNR_F_c1/train/4um/HFocusing_5_10_4um_0_1896.npy,4um,1235,16384,8,15,11,2703.065185546875,3,peak_bin_energy_over_lowest_window_energy,2.4354578365874234e-05,0.13220441221133433,0.13220441445462358,7.438013585796707,1.6843528596229092e-05,0.13194416376829682,0.13194416484338967,7.456471530417657,0.9985507792418905,9.440382367925751e-12
HFocusing_5_10_4um_0_1899.npy,P0/data/dataset_Particles2SNR_F_c1/train/4um/HFocusing_5_10_4um_0_1899.npy,4um,1236,16384,10,15,13,5818.34521484375,3,peak_bin_energy_over_lowest_window_energy,0.0002162826071540107,0.12350034507007136,0.1235005344546851,2.925287772104956,0.00017275185481459575,0.12323472224631163,0.12323484332902328,2.9371233663420693,0.9986363257684665,5.0621880603292446e-12
HFocusing_5_10_4um_0_190.npy,P0/data/dataset_Particles2SNR_F_c1/train/4um/HFocusing_5_10_4um_0_190.npy,4um,1237,16384,3,15,2,2087.005615234375,3,peak_bin_energy_over_lowest_window_energy,-0.0003741754565599462,0.06309814002815249,0.0630992494589645,10.170788785485765,-0.00026658896078965834,0.06266523267249807,0.06266579972817977,10.44698072943278,0.9933056445128516,7.98993517545027e-12
HFocusing_5_10_4um_0_1902.npy,P0/data/dataset_Particles2SNR_F_c1/train/4um/HFocusing_5_10_4um_0_1902.npy,4um,1238,16384,8,15,9,2279.578369140625,3,peak_bin_energy_over_lowest_window_energy,0.0001104484730619606,0.05326904041057638,0.05326915491284633,12.304127172157887,8.78019454213686e-05,0.05273342002374458,0.0527334931194804,12.92402996720971,0.9941216657572481,7.1719091856552736e-12
HFocusing_5_10_4um_0_1905.npy,P0/data/dataset_Particles2SNR_F_c1/train/4um/HFocusing_5_10_4um_0_1905.npy,4um,1239,16384,7,15,9,2462.386962890625,3,peak_bin_energy_over_lowest_window_energy,-0.00011677288124804143,0.08826736844644932,0.08826744568847017,6.726737928095364,-7.897765330628892e-05,0.08789947825434295,0.087899513735034,6.832984110256964,0.9971442666799497,5.31664638172466e-12
HFocusing_5_10_4um_0_1914.npy,P0/data/dataset_Particles2SNR_F_c1/train/4um/HFocusing_5_10_4um_0_1914.npy,4um,1240,16384,6,15,6,2215.19921875,3,peak_bin_energy_over_lowest_window_energy,-4.4542282483439365e-05,0.06930892237678794,0.06930893668962572,10.179451866238889,-2.8451090997499093e-05,0.06893212800420546,0.06893213387566605,10.38527909849137,0.9966192167460655,6.786571372676116e-12
HFocusing_5_10_4um_0_1917.npy,P0/data/dataset_Particles2SNR_F_c1/train/4um/HFocusing_5_10_4um_0_1917.npy,4um,1241,16384,2,15,6,2478.178955078125,3,peak_bin_energy_over_lowest_window_energy,-0.00014877609486348782,0.05080773084807423,0.050807948672001675,7.644344881905429,-0.00011526112577673752,0.05020135216946574,0.050201484487710495,7.888539324873175,0.9926993059827435,7.436354195452938e-12
HFocusing_5_10_4um_0_1918.npy,P0/data/dataset_Particles2SNR_F_c1/train/4um/HFocusing_5_10_4um_0_1918.npy,4um,1242,16384,13,15,12,2948.156005859375,3,peak_bin_energy_over_lowest_window_energy,2.3037146310094536e-05,0.13966283597689336,0.13966283787686232,2.7160279410574644,4.06437157843621e-05,0.13929879296777353,0.13929879889715585,2.751030737368178,0.9983618861396878,3.897394209339968e-12
HFocusing_5_10_4um_0_1921.npy,P0/data/dataset_Particles2SNR_F_c1/train/4um/HFocusing_5_10_4um_0_1921.npy,4um,1243,16384,1,15,1,2056.33349609375,3,peak_bin_energy_over_lowest_window_energy,-0.00011212926503511172,0.030732766405972705,0.03073297095850256,0.8803717224119803,-0.00012255403430266583,0.02986399275342241,0.029864244217254022,1.0363578490370475,0.9782041581065692,9.834966897997153e-12
HFocusing_5_10_4um_0_1922.npy,P0/data/dataset_Particles2SNR_F_c1/train/4um/HFocusing_5_10_4um_0_1922.npy,4um,1244,16384,4,15,7,2161.545654296875,3,peak_bin_energy_over_lowest_window_energy,7.246529295505428e-05,0.06880925344401322,0.06880929160179698,7.647453359164064,7.129888904297642e-05,0.06835203491612388,0.06835207210250906,7.821674497151198,0.9951424098971623,7.319945362004902e-12
HFocusing_5_10_4um_0_1925.npy,P0/data/dataset_Particles2SNR_F_c1/train/4um/HFocusing_5_10_4um_0_1925.npy,4um,1245,16384,8,15,10,2662.8125,3,peak_bin_energy_over_lowest_window_energy,-2.2592032266159684e-05,0.10008063310902846,0.10008063565897193,5.198976214805883,-2.55010335826658e-05,0.09978517680703822,0.09978518006555179,5.2099493158192125,0.9981457745171205,8.391046777016353e-12
HFocusing_5_10_4um_0_1928.npy,P0/data/dataset_Particles2SNR_F_c1/train/4um/HFocusing_5_10_4um_0_1928.npy,4um,1246,16384,3,15,6,2286.145263671875,3,peak_bin_energy_over_lowest_window_energy,4.366432890781627e-05,0.09590956250020424,0.09590957243963817,11.273593164722376,2.910538474834384e-05,0.09555025181235365,0.09555025624522215,11.381887695892571,0.9977938523205894,5.798236004725315e-12
HFocusing_5_10_4um_0_193.npy,P0/data/dataset_Particles2SNR_F_c1/train/4um/HFocusing_5_10_4um_0_193.npy,4um,1247,16384,6,15,5,2436.510009765625,3,peak_bin_energy_over_lowest_window_energy,-1.4917849783438725e-05,0.048886126989177804,0.04888612926530654,17.218626806014214,-3.067543954306026e-05,0.04831403621223049,0.04831404595042016,18.05196813744588,0.9930198432036044,3.9242092016877686e-12
HFocusing_5_10_4um_0_1930.npy,P0/data/dataset_Particles2SNR_F_c1/train/4um/HFocusing_5_10_4um_0_1930.npy,4um,1248,16384,6,15,8,2083.82080078125,3,peak_bin_energy_over_lowest_window_energy,-2.0159429009981553e-05,0.0898997546772855,0.0898997569375952,6.636313803694527,2.181118967773383e-05,0.08929962474130397,0.08929962740496572,6.775088764229313,0.9966233750534873,4.2692945258441104e-12
HFocusing_5_10_4um_0_1933.npy,P0/data/dataset_Particles2SNR_F_c1/train/4um/HFocusing_5_10_4um_0_1933.npy,4um,1249,16384,10,15,10,2794.429443359375,3,peak_bin_energy_over_lowest_window_energy,-6.124515168163531e-06,0.1025994989038213,0.10259949908661795,3.573752753875355,1.7747445734569857e-05,0.10249043718004416,0.10249043871663548,3.6840567098697825,0.9976195332517744,4.563400176480919e-12
HFocusing_5_10_4um_0_1936.npy,P0/data/dataset_Particles2SNR_F_c1/train/4um/HFocusing_5_10_4um_0_1936.npy,4um,1250,16384,9,15,12,3797.713134765625,3,peak_bin_energy_over_lowest_window_energy,2.0105330998500078e-05,0.10713931008274444,0.1071393119691871,4.469500219654125,5.992663750931787e-06,0.1063230801654939,0.10632308033437549,4.499959925135762,0.9976952484050093,6.839204442013675e-12
HFocusing_5_10_4um_0_1939.npy,P0/data/dataset_Particles2SNR_F_c1/train/4um/HFocusing_5_10_4um_0_1939.npy,4um,1251,16384,9,15,12,3767.511962890625,3,peak_bin_energy_over_lowest_window_energy,7.641743555610465e-06,0.08926491138051991,0.0892649117076151,3.8307359751818506,-1.7890938949334177e-05,0.08898912885517463,0.08898913065362854,3.8728499171168513,0.9981084659105675,7.062483282446035e-12
HFocusing_5_10_4um_0_1942.npy,P0/data/dataset_Particles2SNR_F_c1/train/4um/HFocusing_5_10_4um_0_1942.npy,4um,1252,16384,9,15,9,2202.5400390625,3,peak_bin_energy_over_lowest_window_energy,1.1672735729148763e-05,0.11487593171207941,0.11487593230512252,5.454615891028613,1.1827587864485654e-05,0.11458934981306444,0.11458935042346947,5.48651910537836,0.9982902465421226,5.449111472469091e-12
HFocusing_5_10_4um_0_1946.npy,P0/data/dataset_Particles2SNR_F_c1/train/4um/HFocusing_5_10_4um_0_1946.npy,4um,1253,16384,12,15,9,2489.972900390625,3,peak_bin_energy_over_lowest_window_energy,-2.399759050962753e-05,0.09549445100400095,0.0954944540192774,16.432442601255847,-2.2810341086827436e-05,0.09486372720901577,0.09486372995143204,16.78601419515354,0.9974664238875472,4.6304660610030825e-12
HFocusing_5_10_4um_0_1948.npy,P0/data/dataset_Particles2SNR_F_c1/train/4um/HFocusing_5_10_4um_0_1948.npy,4um,1254,16384,7,15,6,2173.9716796875,3,peak_bin_energy_over_lowest_window_energy,-8.443607421731307e-05,0.056350388606179504,0.056350451866139226,7.860897134448511,-5.849543313627985e-05,0.05580178315015523,0.05580181380970198,8.191620413829558,0.9944117645721265,9.824583784749637e-12
HFocusing_5_10_4um_0_1951.npy,P0/data/dataset_Particles2SNR_F_c1/train/4um/HFocusing_5_10_4um_0_1951.npy,4um,1255,16384,6,15,7,1923.4613037109375,3,peak_bin_energy_over_lowest_window_energy,-0.00013923332568359858,0.09427383107828433,0.09427393389530252,16.07574083363142,-0.00011786698070421968,0.09392607406358122,0.09392614801865604,16.26435992469565,0.9978652640146728,5.770804896413958e-12
HFocusing_5_10_4um_0_1957.npy,P0/data/dataset_Particles2SNR_F_c1/train/4um/HFocusing_5_10_4um_0_1957.npy,4um,1256,16384,10,15,10,2397.18310546875,3,peak_bin_energy_over_lowest_window_energy,6.913868291562637e-05,0.06885792025771272,0.06885795496799915,9.138057295943161,8.147298273457936e-05,0.0684318785632079,0.0684319270628597,9.35987767034158,0.9955837922914615,5.5301792783923785e-12
HFocusing_5_10_4um_0_1963.npy,P0/data/dataset_Particles2SNR_F_c1/train/4um/HFocusing_5_10_4um_0_1963.npy,4um,1257,16384,4,15,7,2422.079833984375,3,peak_bin_energy_over_lowest_window_energy,1.820566736410398e-05,0.1002109685543569,0.10021097020809963,6.04751284877819,1.952844108757214e-05,0.09992956364296574,0.09992956555110981,6.080027736156582,0.9981097830086929,5.354557678139456e-12
HFocusing_5_10_4um_0_1966.npy,P0/data/dataset_Particles2SNR_F_c1/train/4um/HFocusing_5_10_4um_0_1966.npy,4um,1258,16384,7,15,12,3305.2841796875,3,peak_bin_energy_over_lowest_window_energy,0.00011383225180508228,0.08838234747742248,0.08838242078264998,5.712447948185215,9.178028643802954e-05,0.08803982698024432,0.08803987482006283,5.764764299154329,0.9970998552498559,6.122132659058158e-12
HFocusing_5_10_4um_0_1972.npy,P0/data/dataset_Particles2SNR_F_c1/train/4um/HFocusing_5_10_4um_0_1972.npy,4um,1259,16384,3,15,5,2207.408203125,3,peak_bin_energy_over_lowest_window_energy,5.940185472810376e-06,0.07998290239034382,0.07998290261092722,13.68284167506749,-1.7507984703108082e-05,0.07968606510311349,0.07968606702647063,14.191501522130604,0.9956495530820096,5.214279357477343e-12
HFocusing_5_10_4um_0_1975.npy,P0/data/dataset_Particles2SNR_F_c1/train/4um/HFocusing_5_10_4um_0_1975.npy,4um,1260,16384,6,15,8,2099.480712890625,3,peak_bin_energy_over_lowest_window_energy,1.8316860994909041e-07,0.130796336471246,0.13079633647137423,6.695807084588303,-2.0790919899696438e-05,0.13057012053360006,0.13057012218888822,6.750911466661563,0.9986798047849121,4.608896510341022e-12
HFocusing_5_10_4um_0_1978.npy,P0/data/dataset_Particles2SNR_F_c1/train/4um/HFocusing_5_10_4um_0_1978.npy,4um,1261,16384,2,15,5,2109.872314453125,3,peak_bin_energy_over_lowest_window_energy,0.00017363405146651804,0.07964013398184136,0.07964032326296441,12.042691995848593,0.00010161243499848527,0.07917992058372297,0.0791799857838559,12.383308426561126,0.9956270180862262,4.479324783189413e-12
HFocusing_5_10_4um_0_1981.npy,P0/data/dataset_Particles2SNR_F_c1/train/4um/HFocusing_5_10_4um_0_1981.npy,4um,1262,16384,4,15,6,1958.5357666015625,3,peak_bin_energy_over_lowest_window_energy,5.7357842384613995e-05,0.07090061100840682,0.07090063420934613,13.330300806784663,4.8804293146688106e-05,0.07040819972236863,0.07040821663700893,13.619980731406216,0.9958978542552822,5.195168217140472e-12
HFocusing_5_10_4um_0_1984.npy,P0/data/dataset_Particles2SNR_F_c1/train/4um/HFocusing_5_10_4um_0_1984.npy,4um,1263,16384,5,15,10,2392.239501953125,3,peak_bin_energy_over_lowest_window_energy,5.866423225565618e-05,0.09437569738345802,0.0943757156163925,9.544811016634233,5.984427996020745e-05,0.09409082368335676,0.09409084271463601,9.677485309031805,0.997733262009974,4.713563266594976e-12
HFocusing_5_10_4um_0_1987.npy,P0/data/dataset_Particles2SNR_F_c1/train/4um/HFocusing_5_10_4um_0_1987.npy,4um,1264,16384,10,15,9,2647.782470703125,3,peak_bin_energy_over_lowest_window_energy,-6.421712947704485e-05,0.06850999055374511,0.06851002065036883,9.779757012827691,-5.253422447535492e-05,0.06808959602410035,0.06808961629037076,10.03796626043205,0.9961422115015813,4.135164934218233e-12
HFocusing_5_10_4um_0_199.npy,P0/data/dataset_Particles2SNR_F_c1/train/4um/HFocusing_5_10_4um_0_199.npy,4um,1265,16384,3,15,5,1981.9185791015625,3,peak_bin_energy_over_lowest_window_energy,-6.883900503561492e-05,0.07318962108234771,0.07318965345584204,11.22384139027547,-5.457931664599013e-05,0.07282611143085005,0.07282613188300195,11.398062407722925,0.9962538252143118,5.634239314109114e-12
HFocusing_5_10_4um_0_1990.npy,P0/data/dataset_Particles2SNR_F_c1/train/4um/HFocusing_5_10_4um_0_1990.npy,4um,1266,16384,5,15,5,1752.0263671875,3,peak_bin_energy_over_lowest_window_energy,-8.581457511862711e-05,0.0419837273458405,0.041983815048077494,15.310488087401392,-5.54684332330538e-05,0.04125522731505851,0.041255264604220326,16.42026358507292,0.9887176418780234,1.0578716380172042e-11
HFocusing_5_10_4um_0_1991.npy,P0/data/dataset_Particles2SNR_F_c1/train/4um/HFocusing_5_10_4um_0_1991.npy,4um,1267,16384,4,15,7,2158.797607421875,3,peak_bin_energy_over_lowest_window_energy,-2.3901657682470408e-05,0.06396850840576028,0.06396851287115454,9.065787202611565,-2.6061464806874068e-05,0.06353468683239887,0.06353469217750997,9.258324706239724,0.9953036385668307,8.739011179126126e-12
HFocusing_5_10_4um_0_1994.npy,P0/data/dataset_Particles2SNR_F_c1/train/4um/HFocusing_5_10_4um_0_1994.npy,4um,1268,16384,5,15,7,2440.387939453125,3,peak_bin_energy_over_lowest_window_energy,-5.636775205462447e-05,0.053002947510082866,0.05300297748315722,12.789942358882934,-4.470197518457665e-05,0.05245610181962731,0.05245612086666047,13.215080671508943,0.9942652602373374,5.922377595259064e-12
HFocusing_5_10_4um_0_1997.npy,P0/data/dataset_Particles2SNR_F_c1/train/4um/HFocusing_5_10_4um_0_1997.npy,4um,1269,16384,5,15,7,2345.908447265625,3,peak_bin_energy_over_lowest_window_energy,-0.00032366645352340537,0.09857558770365983,0.09857611907097513,6.959128569506339,-0.0002506738552438689,0.09827318096900733,0.0982735006761689,7.012197046988403,0.9979687666088816,4.586205977814603e-12
HFocusing_5_10_4um_0_20.npy,P0/data/dataset_Particles2SNR_F_c1/train/4um/HFocusing_5_10_4um_0_20.npy,4um,1270,16384,1,15,4,1940.0296630859375,3,peak_bin_energy_over_lowest_window_energy,0.00014169013403759077,0.058443207017852696,0.05844337877489349,17.31465190851682,0.00010890159080643164,0.05802537505476643,0.058025477247522834,17.89972680099379,0.9956545409164113,1.2338267621425168e-11
HFocusing_5_10_4um_0_2003.npy,P0/data/dataset_Particles2SNR_F_c1/train/4um/HFocusing_5_10_4um_0_2003.npy,4um,1271,16384,11,15,11,2356.947509765625,3,peak_bin_energy_over_lowest_window_energy,-3.752197729147929e-05,0.0816898825580588,0.0816898911753971,6.306646093220182,-3.804887418034483e-05,0.08128943729133703,0.08128944619604098,6.406270647018436,0.9971417259393442,6.949400437664704e-12
HFocusing_5_10_4um_0_2006.npy,P0/data/dataset_Particles2SNR_F_c1/train/4um/HFocusing_5_10_4um_0_2006.npy,4um,1272,16384,5,15,10,2741.439208984375,3,peak_bin_energy_over_lowest_window_energy,3.4756539402164526e-05,0.08732077409624302,0.08732078101336552,6.046866223376998,5.219411335143689e-05,0.08687736163055251,0.08687737730912039,6.147430351587795,0.9976151265457898,5.2599468841015885e-12
HFocusing_5_10_4um_0_2009.npy,P0/data/dataset_Particles2SNR_F_c1/train/4um/HFocusing_5_10_4um_0_2009.npy,4um,1273,16384,10,15,10,2807.469970703125,3,peak_bin_energy_over_lowest_window_energy,-6.289337743525015e-05,0.10223319124605687,0.10223321059190973,3.2865654320063964,-0.0001137491968411841,0.10185024729670192,0.1018503108158199,3.3259000774567404,0.9979992719490645,6.21808177326561e-12
HFocusing_5_10_4um_0_202.npy,P0/data/dataset_Particles2SNR_F_c1/train/4um/HFocusing_5_10_4um_0_202.npy,4um,1274,16384,2,15,6,2135.3271484375,3,peak_bin_energy_over_lowest_window_energy,-0.00010469036968181247,0.09077369121504562,0.09077375158534516,9.26425074639445,-9.637439649492796e-05,0.09044219602032869,0.0904422473681623,9.410136090734719,0.9977487118073496,6.762345953516717e-12
HFocusing_5_10_4um_0_2021.npy,P0/data/dataset_Particles2SNR_F_c1/train/4um/HFocusing_5_10_4um_0_2021.npy,4um,1275,16384,8,15,13,3991.4765625,3,peak_bin_energy_over_lowest_window_energy,1.1448626982615026e-05,0.09857153727124149,0.09857153793609397,5.193477786806641,-2.347068836460996e-06,0.0982699909735949,0.09826999100162347,5.255149665580689,0.9978930721917549,6.196146590711328e-12
HFocusing_5_10_4um_0_2024.npy,P0/data/dataset_Particles2SNR_F_c1/train/4um/HFocusing_5_10_4um_0_2024.npy,4um,1276,16384,5,15,6,2184.085205078125,3,peak_bin_energy_over_lowest_window_energy,7.29443787218921e-05,0.0978919699827736,0.09789199716008778,6.871444790339421,5.0535410158668676e-05,0.0973481647276135,0.09734817784459168,6.956883227633577,0.9975875604311959,4.438000801171698e-12
HFocusing_5_10_4um_0_2027.npy,P0/data/dataset_Particles2SNR_F_c1/train/4um/HFocusing_5_10_4um_0_2027.npy,4um,1277,16384,12,15,10,2211.906982421875,3,peak_bin_energy_over_lowest_window_energy,-0.0003473667370291511,0.08411109542914247,0.08411181271343701,6.571429797514488,-0.00022652849347502688,0.08331921280172917,0.08331952074429008,6.810842553180212,0.9965874068036081,6.828115262499305e-12
HFocusing_5_10_4um_0_2030.npy,P0/data/dataset_Particles2SNR_F_c1/train/4um/HFocusing_5_10_4um_0_2030.npy,4um,1278,16384,2,15,4,2247.564697265625,3,peak_bin_energy_over_lowest_window_energy,9.519651224572189e-05,0.048632425335888636,0.048632518507956454,17.478045228942232,6.999510980808303e-05,0.047935475801255505,0.04793552690445938,18.567752582196345,0.991064574991625,5.898060644189541e-12
HFocusing_5_10_4um_0_2033.npy,P0/data/dataset_Particles2SNR_F_c1/train/4um/HFocusing_5_10_4um_0_2033.npy,4um,1279,16384,10,15,13,5227.966796875,3,peak_bin_energy_over_lowest_window_energy,2.2416460502292776e-05,0.10962521305906384,0.10962521535095308,2.2867963603481813,5.199577877923497e-05,0.1092833784904074,0.10928339085990445,2.330301887621772,0.9980929881547544,5.033757602348032e-12
HFocusing_5_10_4um_0_2036.npy,P0/data/dataset_Particles2SNR_F_c1/train/4um/HFocusing_5_10_4um_0_2036.npy,4um,1280,16384,5,15,8,2273.675048828125,3,peak_bin_energy_over_lowest_window_energy,-0.00048158624278474716,0.08529131887771269,0.08529267847364688,7.238358999323831,-0.0003723061674420277,0.08496363877662609,0.08496445448566899,7.221569387273423,0.9972799198661187,9.630013403395405e-12
HFocusing_5_10_4um_0_2039.npy,P0/data/dataset_Particles2SNR_F_c1/train/4um/HFocusing_5_10_4um_0_2039.npy,4um,1281,16384,8,15,9,2062.525146484375,3,peak_bin_energy_over_lowest_window_energy,-4.011420809502906e-05,0.0908816669234385,0.090881675776432,4.890932368912604,-4.590607269892204e-05,0.09056151320884462,0.09056152484384994,4.945334036635703,0.9976621133465025,3.989887265659331e-12
HFocusing_5_10_4um_0_2042.npy,P0/data/dataset_Particles2SNR_F_c1/train/4um/HFocusing_5_10_4um_0_2042.npy,4um,1282,16384,6,15,11,2857.560546875,3,peak_bin_energy_over_lowest_window_energy,3.6772468701935126e-05,0.12600111565526603,0.12600112102114877,2.6714326029874966,4.460909871288988e-05,0.12401454949818444,0.12401455752132218,2.7545402493221616,0.9974183580648412,5.404388702631429e-12
HFocusing_5_10_4um_0_2045.npy,P0/data/dataset_Particles2SNR_F_c1/train/4um/HFocusing_5_10_4um_0_2045.npy,4um,1283,16384,1,15,5,2097.740966796875,3,peak_bin_energy_over_lowest_window_energy,1.4666848093935999e-05,0.07559684062282307,0.07559684204561025,22.185784309076144,-3.5955077100667394e-05,0.07518093860282975,0.07518094720053761,22.531503131170926,0.9962598908918157,9.248619192672965e-12
HFocusing_5_10_4um_0_2048.npy,P0/data/dataset_Particles2SNR_F_c1/train/4um/HFocusing_5_10_4um_0_2048.npy,4um,1284,16384,0,15,0,1900.1221923828125,3,peak_bin_energy_over_lowest_window_energy,6.887985660025998e-05,0.02666385800906084,0.026663946976432488,-0.10723518448117764,5.498189792362217e-05,0.02560715083330314,0.0256072098598937,-0.10563226684957394,0.9754081148617351,1.3697619123397547e-11
HFocusing_5_10_4um_0_2049.npy,P0/data/dataset_Particles2SNR_F_c1/train/4um/HFocusing_5_10_4um_0_2049.npy,4um,1285,16384,15,15,13,3564.6435546875,3,peak_bin_energy_over_lowest_window_energy,5.9362873154695816e-05,0.14399846411451075,0.1439984763505807,1.6706022730215686,3.247524846166008e-05,0.14370474537376401,0.14370474904323832,1.678890799877359,0.9987009253088781,4.5387053616643124e-12
HFocusing_5_10_4um_0_205.npy,P0/data/dataset_Particles2SNR_F_c1/train/4um/HFocusing_5_10_4um_0_205.npy,4um,1286,16384,7,15,10,2239.967529296875,3,peak_bin_energy_over_lowest_window_energy,-6.985630606574027e-05,0.11251679163677691,0.1125168133219981,5.658925197277284,-7.244976178105196e-05,0.11153474300325503,0.11153476653389348,5.739579296487602,0.9976605862913321,6.6108113538680825e-12
HFocusing_5_10_4um_0_2052.npy,P0/data/dataset_Particles2SNR_F_c1/train/4um/HFocusing_5_10_4um_0_2052.npy,4um,1287,16384,3,15,6,2299.304931640625,3,peak_bin_energy_over_lowest_window_energy,8.73159396085257e-06,0.0972332774154958,0.09723327780754641,9.824619528336676,1.2403279723179254e-05,0.0960883498636917,0.09608835066421201,9.905803800572011,0.9970166771077156,4.50979692589966e-12
HFocusing_5_10_4um_0_2055.npy,P0/data/dataset_Particles2SNR_F_c1/train/4um/HFocusing_5_10_4um_0_2055.npy,4um,1288,16384,8,15,10,2359.163818359375,3,peak_bin_energy_over_lowest_window_energy,-1.9972942098364467e-05,0.07726076728754266,0.07726076986917901,10.00073969793586,-2.4870927625688974e-05,0.07689025738311864,0.07689026140549447,10.145315145269867,0.9971066996702548,6.1151479099882974e-12
HFocusing_5_10_4um_0_208.npy,P0/data/dataset_Particles2SNR_F_c1/train/4um/HFocusing_5_10_4um_0_208.npy,4um,1289,16384,0,15,0,1897.4033203125,3,peak_bin_energy_over_lowest_window_energy,1.3469839806681468e-05,0.02777507089180876,0.02777507415798537,0.4122325810348064,1.8400275150770142e-05,0.026764687951461596,0.0267646942764015,0.5669445893655376,0.9776595844585005,1.175251199514663e-11
HFocusing_5_10_4um_0_209.npy,P0/data/dataset_Particles2SNR_F_c1/train/4um/HFocusing_5_10_4um_0_209.npy,4um,1290,16384,7,15,12,3378.380126953125,3,peak_bin_energy_over_lowest_window_energy,-5.405953610195341e-05,0.10653640139418248,0.10653641510983843,5.086626354101071,-9.70395444786556e-05,0.10584367487168747,0.10584371935555117,5.212864226500761,0.997809867786607,5.641615600433516e-12
HFocusing_5_10_4um_0_212.npy,P0/data/dataset_Particles2SNR_F_c1/train/4um/HFocusing_5_10_4um_0_212.npy,4um,1291,16384,5,15,5,1966.55078125,3,peak_bin_energy_over_lowest_window_energy,3.2491890594021494e-05,0.07904665369728765,0.07904666037513461,13.90748981345019,3.594665635654723e-05,0.07871569334245047,0.07871570155022951,14.182697623818473,0.9971545179352603,2.8233765424221888e-12
HFocusing_5_10_4um_0_215.npy,P0/data/dataset_Particles2SNR_F_c1/train/4um/HFocusing_5_10_4um_0_215.npy,4um,1292,16384,2,15,5,2284.97802734375,3,peak_bin_energy_over_lowest_window_energy,4.2817860502998575e-05,0.06482709908711107,0.06482711322756317,17.548098985059205,3.2556702201511034e-05,0.06440920363157979,0.0644092118597423,17.956093974813573,0.9958437713780723,6.5740974726868086e-12
HFocusing_5_10_4um_0_218.npy,P0/data/dataset_Particles2SNR_F_c1/train/4um/HFocusing_5_10_4um_0_218.npy,4um,1293,16384,0,15,0,2127.04833984375,3,peak_bin_energy_over_lowest_window_energy,0.00046355654790618495,0.034416560584843985,0.03441968226412532,24.403773636841734,0.0003288196119595442,0.033700094827424816,0.03370169897371102,24.06548201680632,0.9759012962371754,1.4620123763667937e-11
HFocusing_5_10_4um_0_219.npy,P0/data/dataset_Particles2SNR_F_c1/train/4um/HFocusing_5_10_4um_0_219.npy,4um,1294,16384,10,15,9,2462.993896484375,3,peak_bin_energy_over_lowest_window_energy,5.971008858765823e-05,0.11212147789544609,0.11212149379469435,4.041808641933257,6.171899184139723e-05,0.110637676275167,0.11063769349006967,4.097171794863732,0.9977523760595447,4.50555328585343e-12
HFocusing_5_10_4um_0_222.npy,P0/data/dataset_Particles2SNR_F_c1/train/4um/HFocusing_5_10_4um_0_222.npy,4um,1295,16384,2,15,3,2051.713623046875,3,peak_bin_energy_over_lowest_window_energy,-3.9607235637496476e-05,0.04165412232431459,0.04165414115477689,11.614673097703747,-2.289393313791525e-05,0.04092547697707611,0.040925483380570615,12.48415623114341,0.9882270433181427,8.659170146780988e-12
HFocusing_5_10_4um_0_223.npy,P0/data/dataset_Particles2SNR_F_c1/train/4um/HFocusing_5_10_4um_0_223.npy,4um,1296,16384,3,15,3,2068.577880859375,3,peak_bin_energy_over_lowest_window_energy,0.0001102130922607657,0.07125184868071682,0.07125193392003808,11.053117523904932,9.802541673664142e-05,0.07086738389724838,0.07086745169273626,11.259266729362906,0.9959841165732439,5.496742681426602e-12
HFocusing_5_10_4um_0_226.npy,P0/data/dataset_Particles2SNR_F_c1/train/4um/HFocusing_5_10_4um_0_226.npy,4um,1297,16384,1,15,3,1903.95263671875,3,peak_bin_energy_over_lowest_window_energy,-3.4763762228661135e-05,0.05323048282798573,0.05323049417974296,20.32726746833862,-1.7457241609799698e-05,0.05265709403572193,0.05265709692949418,21.059338432954927,0.9940935481644694,8.466836883835891e-12
HFocusing_5_10_4um_0_229.npy,P0/data/dataset_Particles2SNR_F_c1/train/4um/HFocusing_5_10_4um_0_229.npy,4um,1298,16384,4,15,6,1863.0924072265625,3,peak_bin_energy_over_lowest_window_energy,8.239618105289567e-05,0.09592224218322203,0.09592227757193504,6.289089052174601,7.098449381360654e-05,0.09561267379450104,0.09561270014455206,6.377014093733017,0.9976909014545058,6.422918100585277e-12
HFocusing_5_10_4um_0_23.npy,P0/data/dataset_Particles2SNR_F_c1/train/4um/HFocusing_5_10_4um_0_23.npy,4um,1299,16384,0,15,0,1855.7012939453125,3,peak_bin_energy_over_lowest_window_energy,-3.4695943296801156e-05,0.026736829778674268,0.02673685229084165,-0.23005230524191678,1.2772099286621153e-06,0.025651261667046853,0.025651261698843828,-0.19048390503016632,0.9727612171666254,1.463064775062843e-11
HFocusing_5_10_4um_0_231.npy,P0/data/dataset_Particles2SNR_F_c1/train/4um/HFocusing_5_10_4um_0_231.npy,4um,1300,16384,5,15,5,1903.5882568359375,3,peak_bin_energy_over_lowest_window_energy,3.323257238461594e-05,0.10486028453333687,0.10486028979940994,6.0929953941943396,2.8834687497629805e-05,0.10451360701875108,0.10451361099641107,6.163486371417557,0.9981132487269747,5.835393922753304e-12
HFocusing_5_10_4um_0_234.npy,P0/data/dataset_Particles2SNR_F_c1/train/4um/HFocusing_5_10_4um_0_234.npy,4um,1301,16384,7,15,11,2566.115478515625,3,peak_bin_energy_over_lowest_window_energy,9.331944006792201e-05,0.10021683981793314,0.10021688326629982,7.317646016865334,8.706658681361217e-05,0.09985052503978005,0.09985056299946578,7.415659506844191,0.9975338223630029,4.5135411989164456e-12
HFocusing_5_10_4um_0_236.npy,P0/data/dataset_Particles2SNR_F_c1/train/4um/HFocusing_5_10_4um_0_236.npy,4um,1302,16384,2,15,2,2078.443603515625,3,peak_bin_energy_over_lowest_window_energy,1.585900380548216e-05,0.06472127466944137,0.06472127661245007,15.7366211825167,2.7806552099740794e-05,0.06424552417160749,0.0642455301891808,16.299104827745968,0.9954441433540906,9.962105684007306e-12
HFocusing_5_10_4um_0_239.npy,P0/data/dataset_Particles2SNR_F_c1/train/4um/HFocusing_5_10_4um_0_239.npy,4um,1303,16384,6,15,7,1699.6038818359375,3,peak_bin_energy_over_lowest_window_energy,6.650214809841411e-05,0.11248872176725522,0.11248874142493843,6.376381431059581,4.409423658094822e-05,0.11225006455312266,0.11225007321370396,6.434410224929987,0.9986940640084065,6.4125510130322196e-12
HFocusing_5_10_4um_0_242.npy,P0/data/dataset_Particles2SNR_F_c1/train/4um/HFocusing_5_10_4um_0_242.npy,4um,1304,16384,5,15,6,1998.7613525390625,3,peak_bin_energy_over_lowest_window_energy,4.878585252219176e-05,0.052248365903602934,0.05224838867999839,16.105457361161598,4.744737863834935e-05,0.051732856274424546,0.05173287803287196,16.739594083781725,0.9930681370076572,5.950649401230715e-12
HFocusing_5_10_4um_0_245.npy,P0/data/dataset_Particles2SNR_F_c1/train/4um/HFocusing_5_10_4um_0_245.npy,4um,1305,16384,9,15,11,2533.261474609375,3,peak_bin_energy_over_lowest_window_energy,-1.4961641367268019e-05,0.08495449728345016,0.08495449860092431,6.206232672116801,-1.4325053863338956e-05,0.08459776761193043,0.08459776882477074,6.263010265554524,0.997337804807012,6.744787988676937e-12
HFocusing_5_10_4um_0_247.npy,P0/data/dataset_Particles2SNR_F_c1/train/4um/HFocusing_5_10_4um_0_247.npy,4um,1306,16384,6,15,9,2304.768798828125,3,peak_bin_energy_over_lowest_window_energy,-4.258446966641066e-06,0.07763056611983293,0.0776305662366321,10.367636110773855,2.7917450829263458e-05,0.0772231843294165,0.07722318937572507,10.589163959754329,0.9963906599361796,4.485665982763208e-12
HFocusing_5_10_4um_0_250.npy,P0/data/dataset_Particles2SNR_F_c1/train/4um/HFocusing_5_10_4um_0_250.npy,4um,1307,16384,6,15,6,2248.210693359375,3,peak_bin_energy_over_lowest_window_energy,4.87857717334299e-05,0.052649117933776385,0.05264914053672878,13.018293041233957,2.4972241275770858e-05,0.05210479821862553,0.052104804202842143,13.440331109522212,0.9936393706335984,1.2872986417033318e-11
HFocusing_5_10_4um_0_252.npy,P0/data/dataset_Particles2SNR_F_c1/train/4um/HFocusing_5_10_4um_0_252.npy,4um,1308,16384,4,15,7,2049.0244140625,3,peak_bin_energy_over_lowest_window_energy,-0.00020640504578161995,0.1292328821381489,0.12923304696855062,4.07920692663396,-0.0001691737790045142,0.12898763141384015,0.12898774235376081,4.106857849034214,0.9985751978051607,4.5285146481905964e-12
HFocusing_5_10_4um_0_255.npy,P0/data/dataset_Particles2SNR_F_c1/train/4um/HFocusing_5_10_4um_0_255.npy,4um,1309,16384,5,15,8,2278.447998046875,3,peak_bin_energy_over_lowest_window_energy,-1.0728971124734213e-05,0.07508367727402628,0.07508367804057652,11.765263768836935,-5.31514167327283e-06,0.0747856395433527,0.07478563973223075,11.979439977293989,0.9970378407106285,5.606161793302808e-12
HFocusing_5_10_4um_0_258.npy,P0/data/dataset_Particles2SNR_F_c1/train/4um/HFocusing_5_10_4um_0_258.npy,4um,1310,16384,5,15,7,2357.82763671875,3,peak_bin_energy_over_lowest_window_energy,4.206916414546221e-06,0.08396947653211688,0.08396947663750128,14.551086652178139,1.7799799043376899e-06,0.08360482126265326,0.0836048212816015,14.697115270007181,0.9975076206089982,8.121884624780532e-12
HFocusing_5_10_4um_0_261.npy,P0/data/dataset_Particles2SNR_F_c1/train/4um/HFocusing_5_10_4um_0_261.npy,4um,1311,16384,4,15,7,2076.172607421875,3,peak_bin_energy_over_lowest_window_energy,-0.00011017259882378899,0.08360037166531646,0.08360044426066515,11.3334288327881,-9.379660501224182e-05,0.0831848739792263,0.08318492686023637,11.477996638145301,0.9965113436435376,5.200544121853956e-12
HFocusing_5_10_4um_0_264.npy,P0/data/dataset_Particles2SNR_F_c1/train/4um/HFocusing_5_10_4um_0_264.npy,4um,1312,16384,8,15,10,2408.4541015625,3,peak_bin_energy_over_lowest_window_energy,3.585196961219168e-05,0.10336081462599062,0.1033608208438387,5.4134975566434544,1.5833949043885927e-05,0.10301885281292993,0.10301885402976516,5.4577725123272405,0.9977577993178772,6.9679909392085725e-12
HFocusing_5_10_4um_0_267.npy,P0/data/dataset_Particles2SNR_F_c1/train/4um/HFocusing_5_10_4um_0_267.npy,4um,1313,16384,3,15,6,2329.146728515625,3,peak_bin_energy_over_lowest_window_energy,-1.6683041333034532e-05,0.06528465585116201,0.06528465798277977,9.954246834166971,-6.559548551221654e-06,0.06479607659801463,0.0647960769300384,10.16681819077806,0.9956706569768445,8.712133247394851e-12
HFocusing_5_10_4um_0_27.npy,P0/data/dataset_Particles2SNR_F_c1/train/4um/HFocusing_5_10_4um_0_27.npy,4um,1314,16384,0,15,0,1914.6524658203125,3,peak_bin_energy_over_lowest_window_energy,-5.383310923826148e-05,0.027378383036423065,0.02737843596140489,-0.05315852135077925,-3.423699415321247e-05,0.02623364436548806,0.0262336667064799,-0.06189729270320132,0.9732021568352667,9.78110123607223e-12
HFocusing_5_10_4um_0_270.npy,P0/data/dataset_Particles2SNR_F_c1/train/4um/HFocusing_5_10_4um_0_270.npy,4um,1315,16384,6,15,5,2072.69091796875,3,peak_bin_energy_over_lowest_window_energy,5.374661992592992e-05,0.039838593419959815,0.03983862967497776,3.2237524705042597,5.272521162495506e-05,0.03918033907200039,0.03918037454829728,3.4375771855103485,0.9901847216787035,7.775166723366458e-12
HFocusing_5_10_4um_0_271.npy,P0/data/dataset_Particles2SNR_F_c1/train/4um/HFocusing_5_10_4um_0_271.npy,4um,1316,16384,3,15,8,2314.602294921875,3,peak_bin_energy_over_lowest_window_energy,-4.394372308175205e-05,0.08089416029049602,0.08089417222615769,11.932624580886307,-5.017184703838479e-05,0.08052837457127968,0.08052839020064015,12.181485838521448,0.9970062163618715,6.071793331093832e-12
HFocusing_5_10_4um_0_273.npy,P0/data/dataset_Particles2SNR_F_c1/train/4um/HFocusing_5_10_4um_0_273.npy,4um,1317,16384,6,15,7,2042.7144775390625,3,peak_bin_energy_over_lowest_window_energy,-8.97002020052361e-06,0.06432761615255415,0.06432761677795633,7.20959199618488,1.7902755340827055e-05,0.06390276555788203,0.06390276806566586,7.341685855365119,0.9954966352197697,8.365097877164884e-12
HFocusing_5_10_4um_0_276.npy,P0/data/dataset_Particles2SNR_F_c1/train/4um/HFocusing_5_10_4um_0_276.npy,4um,1318,16384,7,15,9,2278.776611328125,3,peak_bin_energy_over_lowest_window_energy,-0.0001550517887406382,0.08373199615655638,0.08373213971599415,7.324300667331142,-0.00012918839997933874,0.08333337091489874,0.08333347105264956,7.416768709302589,0.9968307682502054,6.283774612234428e-12
HFocusing_5_10_4um_0_279.npy,P0/data/dataset_Particles2SNR_F_c1/train/4um/HFocusing_5_10_4um_0_279.npy,4um,1319,16384,10,15,11,2663.4951171875,3,peak_bin_energy_over_lowest_window_energy,0.0007120866873811267,0.10863303632292447,0.10863537015258046,5.58333033340328,0.0005572880624492539,0.10842225783309622,0.10842369004793623,5.569856220290225,0.9980596849667698,6.7423361588623375e-12
HFocusing_5_10_4um_0_28.npy,P0/data/dataset_Particles2SNR_F_c1/train/4um/HFocusing_5_10_4um_0_28.npy,4um,1320,16384,5,15,6,2256.429931640625,3,peak_bin_energy_over_lowest_window_energy,6.770801036672833e-05,0.0812359502111262,0.0812359784275369,9.41854654749117,6.754873211993088e-05,0.08083911108844712,0.08083913931012318,9.597037016766224,0.9963784973161013,7.620866498244215e-12
HFocusing_5_10_4um_0_283.npy,P0/data/dataset_Particles2SNR_F_c1/train/4um/HFocusing_5_10_4um_0_283.npy,4um,1321,16384,4,15,7,1915.65625,3,peak_bin_energy_over_lowest_window_energy,-0.00016049204032546747,0.0668961011246286,0.06689629364450278,10.49683440977382,-0.00013092474467627443,0.06646071824471907,0.06646084720264031,10.702509524251134,0.9955516457781767,6.7908075141360885e-12
HFocusing_5_10_4um_0_286.npy,P0/data/dataset_Particles2SNR_F_c1/train/4um/HFocusing_5_10_4um_0_286.npy,4um,1322,16384,2,15,4,2128.2705078125,3,peak_bin_energy_over_lowest_window_energy,-1.038138767711541e-05,0.06014082581528762,0.060140826711294684,17.705369994590214,-9.00400017909391e-06,0.059665405396529994,0.05966540607591881,18.2867387551868,0.9952860921100388,5.076565006997892e-12
HFocusing_5_10_4um_0_289.npy,P0/data/dataset_Particles2SNR_F_c1/train/4um/HFocusing_5_10_4um_0_289.npy,4um,1323,16384,3,15,6,2092.55908203125,3,peak_bin_energy_over_lowest_window_energy,5.4280411150129854e-05,0.06915807164879159,0.06915809295044525,18.196210282086366,2.771329462951261e-05,0.06873874602988511,0.06873875161644809,18.745917239284925,0.9958552919782855,5.749929140598427e-12
HFocusing_5_10_4um_0_295.npy,P0/data/dataset_Particles2SNR_F_c1/train/4um/HFocusing_5_10_4um_0_295.npy,4um,1324,16384,10,15,11,2975.981689453125,3,peak_bin_energy_over_lowest_window_energy,1.5750063560441954e-05,0.1038533275714715,0.10385332876577363,8.4883433007817,1.6111921383344426e-05,0.1035414433263091,0.10354144457988448,8.551238972664752,0.9980241631922002,3.702139067320636e-12
HFocusing_5_10_4um_0_30.npy,P0/data/dataset_Particles2SNR_F_c1/train/4um/HFocusing_5_10_4um_0_30.npy,4um,1325,16384,0,15,0,1922.86181640625,3,peak_bin_energy_over_lowest_window_energy,4.890460735756746e-07,0.027087973079323445,0.027087973083738063,-0.04323701201847241,1.1658794579355555e-05,0.026083879735487602,0.026083882341071698,-0.06749269629824406,0.9754407986399867,1.0184254630530872e-11
HFocusing_5_10_4um_0_302.npy,P0/data/dataset_Particles2SNR_F_c1/train/4um/HFocusing_5_10_4um_0_302.npy,4um,1326,16384,16,15,13,3498.849853515625,3,peak_bin_energy_over_lowest_window_energy,-0.0006850665584685612,0.11407364932942311,0.11407570638624917,3.8156473551378642,-0.0005757365495940671,0.1138381597432889,0.11383961562792233,3.830641432896095,0.9981665233006716,5.117663829050148e-12
HFocusing_5_10_4um_0_305.npy,P0/data/dataset_Particles2SNR_F_c1/train/4um/HFocusing_5_10_4um_0_305.npy,4um,1327,16384,1,15,1,1784.2786865234375,3,peak_bin_energy_over_lowest_window_energy,0.0002407775672404404,0.04764428957956286,0.047644897978462795,12.124751885694566,0.00013477688890983113,0.045598433206668336,0.045598632388622995,12.167913658491662,0.9899912846884303,5.785314346172484e-12
HFocusing_5_10_4um_0_308.npy,P0/data/dataset_Particles2SNR_F_c1/train/4um/HFocusing_5_10_4um_0_308.npy,4um,1328,16384,2,15,2,2007.3525390625,3,peak_bin_energy_over_lowest_window_energy,-3.388647788804304e-05,0.055667982933794574,0.05566799324756217,22.876749926096863,-4.136141640220506e-05,0.055129444798516065,0.0551294603144217,23.445381033706276,0.9940851610840057,5.31678258363399e-12
HFocusing_5_10_4um_0_31.npy,P0/data/dataset_Particles2SNR_F_c1/train/4um/HFocusing_5_10_4um_0_31.npy,4um,1329,16384,2,15,3,2183.2421875,3,peak_bin_energy_over_lowest_window_energy,3.5498663587826024e-05,0.05261326519397283,0.05261327716961214,15.482047575820541,2.9096330293625716e-05,0.05208191731372915,0.05208192544127528,16.084029602630473,0.9937735012595015,6.7599525730200765e-12
HFocusing_5_10_4um_0_311.npy,P0/data/dataset_Particles2SNR_F_c1/train/4um/HFocusing_5_10_4um_0_311.npy,4um,1330,16384,6,15,7,2479.173095703125,3,peak_bin_energy_over_lowest_window_energy,6.1585897466953984e-06,0.11211473440695699,0.11211473457610616,5.678475723595366,-4.799567886817262e-06,0.10913029061734128,0.10913029072288416,5.6512181228073874,0.9973591401331666,4.338043293777567e-12
HFocusing_5_10_4um_0_314.npy,P0/data/dataset_Particles2SNR_F_c1/train/4um/HFocusing_5_10_4um_0_314.npy,4um,1331,16384,6,15,8,2366.47802734375,3,peak_bin_energy_over_lowest_window_energy,-0.00017606531166742615,0.08898320588137336,0.08898338006572268,9.066194834079033,-0.0001444889869445905,0.08858128823073311,0.08858140607194924,9.212955350161378,0.9974974363489757,5.601095041746746e-12
HFocusing_5_10_4um_0_317.npy,P0/data/dataset_Particles2SNR_F_c1/train/4um/HFocusing_5_10_4um_0_317.npy,4um,1332,16384,2,15,2,1917.4609375,3,peak_bin_energy_over_lowest_window_energy,-4.9432885201079304e-05,0.049315326457703805,0.04931535123305967,19.545840640811445,-2.757665433769169e-05,0.04868637432959301,0.04868638213949685,20.529305449590453,0.9912192937618063,1.3044449448785559e-11
HFocusing_5_10_4um_0_320.npy,P0/data/dataset_Particles2SNR_F_c1/train/4um/HFocusing_5_10_4um_0_320.npy,4um,1333,16384,4,15,6,2268.3291015625,3,peak_bin_energy_over_lowest_window_energy,0.0001570890163932551,0.03914731222207314,0.03914762740156226,2.683841419124226,0.00012078710502798771,0.0384052129813363,0.03840540292285114,2.8637280699404988,0.9875994515710782,1.0393458999823569e-11
HFocusing_5_10_4um_0_323.npy,P0/data/dataset_Particles2SNR_F_c1/train/4um/HFocusing_5_10_4um_0_323.npy,4um,1334,16384,2,15,4,2216.87109375,3,peak_bin_energy_over_lowest_window_energy,2.216670221349779e-05,0.07204787169973852,0.0720478751097121,12.671149675546472,2.9413365580904102e-05,0.0718607138120743,0.07186071983167802,13.192425259132548,0.9957214086788494,7.311049327853839e-12
HFocusing_5_10_4um_0_329.npy,P0/data/dataset_Particles2SNR_F_c1/train/4um/HFocusing_5_10_4um_0_329.npy,4um,1335,16384,5,15,9,2508.564208984375,3,peak_bin_energy_over_lowest_window_energy,0.00011281344337371396,0.07890318132115709,0.07890326196978424,8.000966791065865,7.770628191488386e-05,0.07852913601785907,0.07852917446387464,8.15746746437342,0.9971526433920397,3.649997950584492e-12
HFocusing_5_10_4um_0_332.npy,P0/data/dataset_Particles2SNR_F_c1/train/4um/HFocusing_5_10_4um_0_332.npy,4um,1336,16384,8,15,5,1847.7847900390625,3,peak_bin_energy_over_lowest_window_energy,-5.4169674881971253e-05,0.06271980767811951,0.06271983107067473,17.795021962676465,-7.384492985398585e-05,0.0628194142692365,0.06281945767199539,20.275993819422414,0.9925107952229639,8.577014421542261e-12
HFocusing_5_10_4um_0_336.npy,P0/data/dataset_Particles2SNR_F_c1/train/4um/HFocusing_5_10_4um_0_336.npy,4um,1337,16384,1,15,4,2096.277099609375,3,peak_bin_energy_over_lowest_window_energy,6.141971485266516e-05,0.04911536052879726,0.049115398932057026,15.70256577650812,5.5732264851934e-05,0.04853572401965452,0.04853575601757342,16.431855661943686,0.9924881135297811,4.241629307781727e-12
HFocusing_5_10_4um_0_339.npy,P0/data/dataset_Particles2SNR_F_c1/train/4um/HFocusing_5_10_4um_0_339.npy,4um,1338,16384,8,15,10,2319.8037109375,3,peak_bin_energy_over_lowest_window_energy,8.728191646258538e-05,0.08014622824072135,0.08014627576716676,6.623172899111612,7.451663789147336e-05,0.0797542506717961,0.07975428548328303,6.703807994470489,0.9969358539866758,7.992861195055651e-12
HFocusing_5_10_4um_0_342.npy,P0/data/dataset_Particles2SNR_F_c1/train/4um/HFocusing_5_10_4um_0_342.npy,4um,1339,16384,3,15,4,2071.592041015625,3,peak_bin_energy_over_lowest_window_energy,-6.094848072973649e-05,0.06264156814658714,0.06264159779715732,11.092455753682481,-4.614131342178182e-05,0.06218999423013851,0.062190011347204824,11.378312462632696,0.9951377592836261,6.414630480073297e-12
HFocusing_5_10_4um_0_347.npy,P0/data/dataset_Particles2SNR_F_c1/train/4um/HFocusing_5_10_4um_0_347.npy,4um,1340,16384,7,15,8,2460.680908203125,3,peak_bin_energy_over_lowest_window_energy,0.00014797948581457725,0.07094099876156953,0.07094115310042001,7.884877579598504,0.00010041684395009009,0.07042201189097676,0.07042208348462449,8.082827431842356,0.9954080223351932,7.867546728745344e-12
HFocusing_5_10_4um_0_353.npy,P0/data/dataset_Particles2SNR_F_c1/train/4um/HFocusing_5_10_4um_0_353.npy,4um,1341,16384,6,15,7,2455.986083984375,3,peak_bin_energy_over_lowest_window_energy,-3.551079695723029e-05,0.10166144732792594,0.10166145352996564,8.014574615707392,-4.572889170855154e-05,0.10138466383640027,0.10138467414925899,8.113402653665865,0.9982702510316245,6.287951128894243e-12
HFocusing_5_10_4um_0_359.npy,P0/data/dataset_Particles2SNR_F_c1/train/4um/HFocusing_5_10_4um_0_359.npy,4um,1342,16384,3,15,4,1870.1927490234375,3,peak_bin_energy_over_lowest_window_energy,-0.0003191819505808036,0.06896775030320484,0.06896848888443757,13.89131096524433,-0.0002614744925383307,0.06853620423605522,0.06853670301376133,14.251894938054132,0.996273351374053,3.817272458425759e-12
HFocusing_5_10_4um_0_364.npy,P0/data/dataset_Particles2SNR_F_c1/train/4um/HFocusing_5_10_4um_0_364.npy,4um,1343,16384,4,15,5,2186.322265625,3,peak_bin_energy_over_lowest_window_energy,-8.884875649900396e-06,0.07302853795130623,0.07302853849178681,12.554455731908025,-2.9961213059225854e-06,0.07259180756232995,0.07259180762416022,12.857977595089737,0.9960363419143224,7.671815536711628e-12
HFocusing_5_10_4um_0_367.npy,P0/data/dataset_Particles2SNR_F_c1/train/4um/HFocusing_5_10_4um_0_367.npy,4um,1344,16384,8,15,11,2719.198486328125,3,peak_bin_energy_over_lowest_window_energy,2.3822207582677776e-06,0.12199242276383168,0.12199242278709124,6.773875556613348,-9.008147855815284e-07,0.12140145526383371,0.1214014552671758,6.801754417843515,0.9986097997207827,3.3665408880662653e-12
HFocusing_5_10_4um_0_370.npy,P0/data/dataset_Particles2SNR_F_c1/train/4um/HFocusing_5_10_4um_0_370.npy,4um,1345,16384,6,15,7,2415.824462890625,3,peak_bin_energy_over_lowest_window_energy,-0.0003952047191288096,0.11417829000042673,0.1141789739583938,10.984654509640146,-0.0003146561513165791,0.1135308807466356,0.11353131678792576,11.066002048050082,0.997832145072217,4.346814492134923e-12
HFocusing_5_10_4um_0_373.npy,P0/data/dataset_Particles2SNR_F_c1/train/4um/HFocusing_5_10_4um_0_373.npy,4um,1346,16384,4,15,9,2749.281005859375,3,peak_bin_energy_over_lowest_window_energy,-5.52869961029864e-05,0.07349413778506711,0.07349415858027335,8.736200007901756,-5.221590712891928e-05,0.07315343451469154,0.07315345315018437,8.906220052268287,0.9977379573272175,7.555356768266417e-12
HFocusing_5_10_4um_0_376.npy,P0/data/dataset_Particles2SNR_F_c1/train/4um/HFocusing_5_10_4um_0_376.npy,4um,1347,16384,5,15,8,2454.161865234375,3,peak_bin_energy_over_lowest_window_energy,-4.834590453893334e-05,0.1207500511247183,0.12075006080308437,4.480336051380337,-0.00010746203579032789,0.12036275923010502,0.12036280720211442,4.528785908390518,0.9984544161633404,5.034522349550513e-12
HFocusing_5_10_4um_0_378.npy,P0/data/dataset_Particles2SNR_F_c1/train/4um/HFocusing_5_10_4um_0_378.npy,4um,1348,16384,2,15,4,2263.201171875,3,peak_bin_energy_over_lowest_window_energy,-0.00013619627424386316,0.03954274167599322,0.03954297622434923,2.0691895802298585,-8.514264005233458e-05,0.03871376643516116,0.03871386006155116,2.169712619438423,0.9873968803062527,1.50453642683255e-11
HFocusing_5_10_4um_0_38.npy,P0/data/dataset_Particles2SNR_F_c1/train/4um/HFocusing_5_10_4um_0_38.npy,4um,1349,16384,1,15,3,2180.4609375,3,peak_bin_energy_over_lowest_window_energy,-3.2042475723912597e-06,0.04849444404170849,0.04849444414756807,12.899185293138832,-8.498626961416197e-06,0.04780967282150974,0.04780967357686587,13.705581995860435,0.9915811087847767,1.245603749486107e-11
HFocusing_5_10_4um_0_381.npy,P0/data/dataset_Particles2SNR_F_c1/train/4um/HFocusing_5_10_4um_0_381.npy,4um,1350,16384,5,15,4,2036.3082275390625,3,peak_bin_energy_over_lowest_window_energy,-0.00031049502364000867,0.08225024148730764,0.08225082754526017,16.651134206333573,-0.00025233190709458066,0.08198271211488035,0.08198310043602088,16.986927990184228,0.9967747621322742,6.860562590773633e-12
HFocusing_5_10_4um_0_384.npy,P0/data/dataset_Particles2SNR_F_c1/train/4um/HFocusing_5_10_4um_0_384.npy,4um,1351,16384,4,15,9,2432.23681640625,3,peak_bin_energy_over_lowest_window_energy,-7.136217789751752e-05,0.09498206570654888,0.09498209251455564,5.7507152270184925,-3.807509069659736e-05,0.0931249803613851,0.09312498814507787,5.788352440686786,0.9966154340959504,4.584937908564072e-12
HFocusing_5_10_4um_0_387.npy,P0/data/dataset_Particles2SNR_F_c1/train/4um/HFocusing_5_10_4um_0_387.npy,4um,1352,16384,5,15,7,2189.029541015625,3,peak_bin_energy_over_lowest_window_energy,-1.5953057022312288e-05,0.09776508296325254,0.09776508426484211,17.277926110538743,-1.300344257747598e-06,0.09739760987350614,0.0973976098821865,17.58685204283305,0.9972389487301254,4.968217123375117e-12
HFocusing_5_10_4um_0_390.npy,P0/data/dataset_Particles2SNR_F_c1/train/4um/HFocusing_5_10_4um_0_390.npy,4um,1353,16384,8,15,12,3325.272216796875,3,peak_bin_energy_over_lowest_window_energy,-5.132047701766236e-05,0.09503720909399689,0.09503722295062837,4.297705740189816,-2.7758381974063667e-05,0.09470484794628457,0.09470485201433267,4.342005548242632,0.997848928643512,5.302729477061502e-12
HFocusing_5_10_4um_0_396.npy,P0/data/dataset_Particles2SNR_F_c1/train/4um/HFocusing_5_10_4um_0_396.npy,4um,1354,16384,5,15,6,2453.384521484375,3,peak_bin_energy_over_lowest_window_energy,5.719847287601961e-06,0.08896740220635506,0.08896740239022383,13.219208564150193,-2.5689071735227734e-05,0.08864237602065661,0.0886423797430771,13.419562050815795,0.9975522234011536,4.539988934262684e-12
HFocusing_5_10_4um_0_398.npy,P0/data/dataset_Particles2SNR_F_c1/train/4um/HFocusing_5_10_4um_0_398.npy,4um,1355,16384,8,15,11,2412.6123046875,3,peak_bin_energy_over_lowest_window_energy,1.977502255701071e-05,0.09289299994283182,0.09289300204768103,5.1402124020921285,9.865467505821234e-06,0.0925000682681206,0.09250006879421455,5.221736346844175,0.9977544034149343,6.781391842718972e-12
HFocusing_5_10_4um_0_4.npy,P0/data/dataset_Particles2SNR_F_c1/train/4um/HFocusing_5_10_4um_0_4.npy,4um,1356,16384,6,15,5,1794.74609375,3,peak_bin_energy_over_lowest_window_energy,6.501682280242197e-05,0.041848282183886545,0.04184833268995843,9.781175560829583,5.086444385538168e-05,0.04109667751516654,0.04109670899205001,10.404793121010307,0.9893315009933276,1.3364384058483914e-11
HFocusing_5_10_4um_0_401.npy,P0/data/dataset_Particles2SNR_F_c1/train/4um/HFocusing_5_10_4um_0_401.npy,4um,1357,16384,7,15,9,2421.398193359375,3,peak_bin_energy_over_lowest_window_energy,0.00015925590031456055,0.07803996810035858,0.07804013059667936,8.646347652040033,0.00013835414281365233,0.07767401518798336,0.07767413840714234,8.817283137667827,0.996919466041736,4.449076423490085e-12
HFocusing_5_10_4um_0_404.npy,P0/data/dataset_Particles2SNR_F_c1/train/4um/HFocusing_5_10_4um_0_404.npy,4um,1358,16384,3,15,4,2312.444580078125,3,peak_bin_energy_over_lowest_window_energy,3.643835645019654e-05,0.04395256798162075,0.043952583086012305,9.933177023272755,2.2767447271065732e-05,0.0433000566145934,0.04330006260022783,10.493741682188055,0.9921434308634044,6.817877306229372e-12
HFocusing_5_10_4um_0_407.npy,P0/data/dataset_Particles2SNR_F_c1/train/4um/HFocusing_5_10_4um_0_407.npy,4um,1359,16384,6,15,6,2198.04931640625,3,peak_bin_energy_over_lowest_window_energy,-0.0001245540228831688,0.05870558700986061,0.05870571914112739,20.637696955954627,-0.00011318107831786905,0.058189788200359555,0.05818989827074105,21.35490968721344,0.9948086704279385,5.543944432150305e-12
HFocusing_5_10_4um_0_41.npy,P0/data/dataset_Particles2SNR_F_c1/train/4um/HFocusing_5_10_4um_0_41.npy,4um,1360,16384,0,15,0,1884.1031494140625,3,peak_bin_energy_over_lowest_window_energy,-8.7110008325376e-05,0.027276573449772537,0.027276712545950006,-0.22520208281047793,-6.406632264544155e-05,0.026138146505995004,0.026138225021270216,-0.22579749994031095,0.9746147944629924,9.964999394043722e-12
HFocusing_5_10_4um_0_410.npy,P0/data/dataset_Particles2SNR_F_c1/train/4um/HFocusing_5_10_4um_0_410.npy,4um,1361,16384,2,15,3,2095.075439453125,3,peak_bin_energy_over_lowest_window_energy,-2.2476543570529292e-05,0.04494778620714909,0.044947791826947324,12.889675517504816,-1.646220868909917e-05,0.04420742080702429,0.04420742387216924,13.703149146494926,0.9889146276694718,7.89912673949667e-12
HFocusing_5_10_4um_0_413.npy,P0/data/dataset_Particles2SNR_F_c1/train/4um/HFocusing_5_10_4um_0_413.npy,4um,1362,16384,4,15,9,2293.713134765625,3,peak_bin_energy_over_lowest_window_energy,-6.643573867343826e-05,0.10643881996922139,0.10643884070276081,6.125572716603493,-3.560671892308847e-05,0.10615974038720113,0.10615974635857217,6.184060456274334,0.9982382221557884,4.5521125656152195e-12
HFocusing_5_10_4um_0_416.npy,P0/data/dataset_Particles2SNR_F_c1/train/4um/HFocusing_5_10_4um_0_416.npy,4um,1363,16384,0,15,0,1871.6490478515625,3,peak_bin_energy_over_lowest_window_energy,-5.8398596670091514e-06,0.02689694844242472,0.02689694907639925,0.03851075825809369,-5.356585774425704e-06,0.025710155605581576,0.025710156163590858,0.031368516935493584,0.9710502740512544,1.789342783977771e-11
HFocusing_5_10_4um_0_417.npy,P0/data/dataset_Particles2SNR_F_c1/train/4um/HFocusing_5_10_4um_0_417.npy,4um,1364,16384,5,15,8,2172.443359375,3,peak_bin_energy_over_lowest_window_energy,-0.00011525565638141173,0.08113398839484302,0.0811340702585594,10.199535963613188,-9.641818701524243e-05,0.08073865720861874,0.080738714779947,10.362972579954233,0.9965194088749119,9.774662932020892e-12
HFocusing_5_10_4um_0_419.npy,P0/data/dataset_Particles2SNR_F_c1/train/4um/HFocusing_5_10_4um_0_419.npy,4um,1365,16384,5,15,8,2427.5146484375,3,peak_bin_energy_over_lowest_window_energy,-0.00010804405880864465,0.09853564140623908,0.0985357006412274,13.995506026964769,-6.7693164163212e-05,0.09841065159250169,0.09841067487435105,14.246263285365085,0.9971131947306522,6.789584612684117e-12
HFocusing_5_10_4um_0_42.npy,P0/data/dataset_Particles2SNR_F_c1/train/4um/HFocusing_5_10_4um_0_42.npy,4um,1366,16384,3,15,8,2372.1015625,3,peak_bin_energy_over_lowest_window_energy,3.21744669258579e-05,0.056865063634259264,0.056865072736475744,7.362628355103638,1.3652539187055488e-05,0.05635739107570722,0.05635739272936631,7.5824371815059095,0.9944243511277325,1.0230252276625865e-11
HFocusing_5_10_4um_0_422.npy,P0/data/dataset_Particles2SNR_F_c1/train/4um/HFocusing_5_10_4um_0_422.npy,4um,1367,16384,8,15,11,2964.017822265625,3,peak_bin_energy_over_lowest_window_energy,-0.00031123424687526326,0.09603004511831999,0.09603054947350348,4.284068106454455,-0.00023157807316672962,0.09565607719990214,0.09565635751834592,4.3545275191938275,0.997350541460552,5.848383664278726e-12
HFocusing_5_10_4um_0_425.npy,P0/data/dataset_Particles2SNR_F_c1/train/4um/HFocusing_5_10_4um_0_425.npy,4um,1368,16384,5,15,7,2058.682861328125,3,peak_bin_energy_over_lowest_window_energy,4.0856805551506356e-05,0.06775219467047248,0.06775220698947128,10.640437192229605,2.732459605855572e-05,0.06729553587789494,0.06729554142531728,10.922330870027384,0.995365979933495,8.81889046832051e-12
HFocusing_5_10_4um_0_431.npy,P0/data/dataset_Particles2SNR_F_c1/train/4um/HFocusing_5_10_4um_0_431.npy,4um,1369,16384,4,15,8,2033.8079833984375,3,peak_bin_energy_over_lowest_window_energy,-6.242378564828037e-05,0.08219638332426907,0.0821964070280398,13.279471589837996,-5.826659927357242e-05,0.08185763161941094,0.08185765235661095,13.514627753692782,0.9974627613527245,6.064784837983605e-12
HFocusing_5_10_4um_0_437.npy,P0/data/dataset_Particles2SNR_F_c1/train/4um/HFocusing_5_10_4um_0_437.npy,4um,1370,16384,7,15,10,2838.494140625,3,peak_bin_energy_over_lowest_window_energy,-0.0003267096635093701,0.12474908056295082,0.12474950837781214,3.781776304208483,-0.0003079517039382212,0.12430249620215085,0.12430287766716297,3.8197970903978007,0.9987152247142232,5.515447247662925e-12
HFocusing_5_10_4um_0_440.npy,P0/data/dataset_Particles2SNR_F_c1/train/4um/HFocusing_5_10_4um_0_440.npy,4um,1371,16384,1,15,2,2133.7666015625,3,peak_bin_energy_over_lowest_window_energy,-6.149162253100382e-05,0.0583837006413688,0.058383733023853565,17.435689738238445,-3.863568343696081e-05,0.0578471426883463,0.057847155590590026,18.15094615764455,0.9933842458550974,1.1260376490980249e-11
HFocusing_5_10_4um_0_443.npy,P0/data/dataset_Particles2SNR_F_c1/train/4um/HFocusing_5_10_4um_0_443.npy,4um,1372,16384,0,15,0,1825.5064697265625,3,peak_bin_energy_over_lowest_window_energy,4.1017908834035844e-05,0.025774090249486244,0.025774122888228553,-0.013807483579403979,3.116176816647663e-05,0.024845140650559063,0.024845160192718777,-0.03592979364729043,0.9780972743142261,9.038813065151624e-12
HFocusing_5_10_4um_0_444.npy,P0/data/dataset_Particles2SNR_F_c1/train/4um/HFocusing_5_10_4um_0_444.npy,4um,1373,16384,3,15,6,2114.652099609375,3,peak_bin_energy_over_lowest_window_energy,5.261080746210213e-05,0.08423845066928054,0.08423846709821989,8.212897408790127,4.179060185342676e-05,0.08388141589870837,0.08388142630896597,8.353812734569367,0.9971277075859688,4.511709503473425e-12
HFocusing_5_10_4um_0_447.npy,P0/data/dataset_Particles2SNR_F_c1/train/4um/HFocusing_5_10_4um_0_447.npy,4um,1374,16384,3,15,5,2225.842041015625,3,peak_bin_energy_over_lowest_window_energy,-0.00029222187948040734,0.06409915077030151,0.06409981687259872,11.634722271068771,-0.0002444531924508164,0.06365090185859032,0.06365137127175813,11.921006792645292,0.9948250618131039,1.0232469244439028e-11
HFocusing_5_10_4um_0_45.npy,P0/data/dataset_Particles2SNR_F_c1/train/4um/HFocusing_5_10_4um_0_45.npy,4um,1375,16384,4,15,6,2238.180419921875,3,peak_bin_energy_over_lowest_window_energy,-2.403256868473971e-06,0.04906899351834945,0.04906899357720172,7.133198058220014,-6.068004774041592e-06,0.048480997058201684,0.04848099743794512,7.484122724104024,0.9928935440523335,7.140206748998305e-12
HFocusing_5_10_4um_0_454.npy,P0/data/dataset_Particles2SNR_F_c1/train/4um/HFocusing_5_10_4um_0_454.npy,4um,1376,16384,2,15,3,2006.0989990234375,3,peak_bin_energy_over_lowest_window_energy,-8.785441779025429e-05,0.04729854008667135,0.047298621678957854,17.989824278956124,-5.9154613021361636e-05,0.04669499142718013,0.046695028896582426,18.944767938020757,0.9917051576941458,1.1102252239137103e-11
HFocusing_5_10_4um_0_457.npy,P0/data/dataset_Particles2SNR_F_c1/train/4um/HFocusing_5_10_4um_0_457.npy,4um,1377,16384,4,15,3,2134.043212890625,3,peak_bin_energy_over_lowest_window_energy,5.531030664462063e-05,0.07627955719414739,0.07627957724689634,17.897316874228704,4.5932394719151034e-05,0.07585847595571966,0.0758584898617774,18.32589553361086,0.9965184731701496,6.649753705427323e-12
HFocusing_5_10_4um_0_459.npy,P0/data/dataset_Particles2SNR_F_c1/train/4um/HFocusing_5_10_4um_0_459.npy,4um,1378,16384,0,15,0,2005.3408203125,3,peak_bin_energy_over_lowest_window_energy,-0.00020616035670255187,0.02818104140674384,0.028181795486826006,0.3598368151338853,-0.0001621970515324367,0.02717779506378389,0.027178279055388364,0.45577894201542346,0.9730030509871671,1.2858718324087956e-11
HFocusing_5_10_4um_0_460.npy,P0/data/dataset_Particles2SNR_F_c1/train/4um/HFocusing_5_10_4um_0_460.npy,4um,1379,16384,4,15,8,2135.01953125,3,peak_bin_energy_over_lowest_window_energy,0.00010462687686643341,0.0654100556551066,0.06541013933319136,9.611697508126706,9.485323267636966e-05,0.06497320015839059,0.06497326939563712,9.843893940791949,0.9951915057773473,7.392332018082777e-12
HFocusing_5_10_4um_0_463.npy,P0/data/dataset_Particles2SNR_F_c1/train/4um/HFocusing_5_10_4um_0_463.npy,4um,1380,16384,6,15,6,2286.151123046875,3,peak_bin_energy_over_lowest_window_energy,-5.3350978485463555e-05,0.05348566933693753,0.05348569594524433,19.563516966553948,-4.2847391146749374e-05,0.052903426550918085,0.05290344390233317,20.43022119753606,0.99299919681896,4.907612630448556e-12
HFocusing_5_10_4um_0_466.npy,P0/data/dataset_Particles2SNR_F_c1/train/4um/HFocusing_5_10_4um_0_466.npy,4um,1381,16384,5,15,10,2516.937744140625,3,peak_bin_energy_over_lowest_window_energy,-0.00015242408960247457,0.08848510960565656,0.08848524088811731,8.239926110539686,-0.00012086099211744194,0.08809058103828203,0.08809066394937405,8.337038320826723,0.9973018829947085,6.5171508586120274e-12
HFocusing_5_10_4um_0_469.npy,P0/data/dataset_Particles2SNR_F_c1/train/4um/HFocusing_5_10_4um_0_469.npy,4um,1382,16384,3,15,7,2422.544921875,3,peak_bin_energy_over_lowest_window_energy,-0.00011296461494645164,0.07175162429534522,0.07175171322013577,6.641441287768487,-0.00010303274223555949,0.07136400262014174,0.07136407699755928,6.788077113103501,0.9963202511920739,8.856747374679441e-12
HFocusing_5_10_4um_0_472.npy,P0/data/dataset_Particles2SNR_F_c1/train/4um/HFocusing_5_10_4um_0_472.npy,4um,1383,16384,10,15,10,2868.88671875,3,peak_bin_energy_over_lowest_window_energy,-4.625681043643885e-05,0.14535966322000557,0.1453596705799994,5.347724500316524,-3.441195893168222e-05,0.14432558501432247,0.14432558911679294,5.406553000863767,0.9983627762500974,6.436069506147718e-12
HFocusing_5_10_4um_0_474.npy,P0/data/dataset_Particles2SNR_F_c1/train/4um/HFocusing_5_10_4um_0_474.npy,4um,1384,16384,4,15,7,2235.93359375,3,peak_bin_energy_over_lowest_window_energy,5.866684652088709e-05,0.06653943418502348,0.06653946004786898,12.28866486016319,6.913905504016363e-05,0.06620186286428568,0.06620189896755696,12.529996635179984,0.9967965049687599,6.208607095783842e-12
HFocusing_5_10_4um_0_477.npy,P0/data/dataset_Particles2SNR_F_c1/train/4um/HFocusing_5_10_4um_0_477.npy,4um,1385,16384,2,15,3,1746.8648681640625,3,peak_bin_energy_over_lowest_window_energy,-2.172554968390057e-05,0.0707828955547961,0.07078289888893137,12.574107148789334,-5.142109660445879e-05,0.07005554337919388,0.0700555622508541,13.22447045888807,0.9950937275436047,8.159532273439813e-12
HFocusing_5_10_4um_0_48.npy,P0/data/dataset_Particles2SNR_F_c1/train/4um/HFocusing_5_10_4um_0_48.npy,4um,1386,16384,1,15,4,1993.0701904296875,3,peak_bin_energy_over_lowest_window_energy,5.209197949274384e-05,0.05178856686365991,0.05178859306223814,18.004388131601488,4.227594601632338e-05,0.05119483711655206,0.05119485457197733,18.832223804691946,0.9927905425300995,8.680491785699807e-12
HFocusing_5_10_4um_0_480.npy,P0/data/dataset_Particles2SNR_F_c1/train/4um/HFocusing_5_10_4um_0_480.npy,4um,1387,16384,7,15,6,2187.9599609375,3,peak_bin_energy_over_lowest_window_energy,2.2214792557491913e-05,0.08531671652694785,0.08531671941909501,8.902420150197157,2.76143438070625e-05,0.08501310959445016,0.08501311407935823,8.988420241012527,0.9978659439161234,4.210176939980141e-12
HFocusing_5_10_4um_0_483.npy,P0/data/dataset_Particles2SNR_F_c1/train/4um/HFocusing_5_10_4um_0_483.npy,4um,1388,16384,2,15,2,2058.244384765625,3,peak_bin_energy_over_lowest_window_energy,0.00015020894487353557,0.034866238071057445,0.034866561630805745,4.411433902966046,0.00012090778647247445,0.033930687919034155,0.03393090333828029,5.056800417606919,0.9828254860012362,9.936637242178376e-12
HFocusing_5_10_4um_0_484.npy,P0/data/dataset_Particles2SNR_F_c1/train/4um/HFocusing_5_10_4um_0_484.npy,4um,1389,16384,4,15,5,1876.3831787109375,3,peak_bin_energy_over_lowest_window_energy,-5.134116145728504e-05,0.08797259732086478,0.08797261230231761,12.45557097147989,-2.1702036081626094e-05,0.08770162728442499,0.08770162996954257,12.623618561577183,0.9977762053423721,3.5931587093442293e-12
HFocusing_5_10_4um_0_486.npy,P0/data/dataset_Particles2SNR_F_c1/train/4um/HFocusing_5_10_4um_0_486.npy,4um,1390,16384,5,15,4,2149.371337890625,3,peak_bin_energy_over_lowest_window_energy,-7.81166629511999e-05,0.06655168263193266,0.0665517284775874,29.959321272350287,-5.405427794849565e-05,0.06607382612957771,0.06607384824018221,30.69637073503666,0.9956928993222874,5.761243399062498e-12
HFocusing_5_10_4um_0_489.npy,P0/data/dataset_Particles2SNR_F_c1/train/4um/HFocusing_5_10_4um_0_489.npy,4um,1391,16384,12,15,12,3175.928955078125,3,peak_bin_energy_over_lowest_window_energy,-0.0005986921602837254,0.143717231953812,0.1437184789537121,8.725926809846898,-0.0004970680229621564,0.1432329285984544,0.1432337910952209,8.80955983565478,0.9989257599000584,4.306733125482976e-12
HFocusing_5_10_4um_0_494.npy,P0/data/dataset_Particles2SNR_F_c1/train/4um/HFocusing_5_10_4um_0_494.npy,4um,1392,16384,8,15,7,2083.239013671875,3,peak_bin_energy_over_lowest_window_energy,-2.55011178844968e-06,0.08356323380186988,0.08356323384078095,15.040148893247192,-1.931272260954896e-06,0.0831074135904843,0.08310741361292401,15.371825360164689,0.9960804039424944,5.219045174074146e-12
HFocusing_5_10_4um_0_497.npy,P0/data/dataset_Particles2SNR_F_c1/train/4um/HFocusing_5_10_4um_0_497.npy,4um,1393,16384,6,15,8,1920.3336181640625,3,peak_bin_energy_over_lowest_window_energy,-7.2567810516725294e-06,0.05731233697217319,0.05731233743159322,5.068019038613228,-2.5613467426352046e-05,0.05681964424664462,0.056819650019733214,5.218318712621706,0.99474783268536,4.3451253290128585e-12
HFocusing_5_10_4um_0_5.npy,P0/data/dataset_Particles2SNR_F_c1/train/4um/HFocusing_5_10_4um_0_5.npy,4um,1394,16384,3,15,5,2273.997802734375,3,peak_bin_energy_over_lowest_window_energy,-0.00010154667811955712,0.08508984033851405,0.08508990093167138,14.913111933016804,-6.825845075629866e-05,0.0847432019583582,0.0847432294485594,15.158026589930262,0.997118654089619,2.8979277646242934e-12
HFocusing_5_10_4um_0_500.npy,P0/data/dataset_Particles2SNR_F_c1/train/4um/HFocusing_5_10_4um_0_500.npy,4um,1395,16384,2,15,7,2148.033447265625,3,peak_bin_energy_over_lowest_window_energy,1.582192234951191e-05,0.08626904227040862,0.08626904372129539,9.690338566823852,-1.7344345903607476e-05,0.086121598579824,0.08612160032634483,9.985284879912399,0.9962326457500744,6.660861350617706e-12
HFocusing_5_10_4um_0_507.npy,P0/data/dataset_Particles2SNR_F_c1/train/4um/HFocusing_5_10_4um_0_507.npy,4um,1396,16384,2,15,4,2246.899169921875,3,peak_bin_energy_over_lowest_window_energy,4.467434647659062e-05,0.08769487576863594,0.08769488714784758,14.897873450315288,2.071964331482707e-05,0.08736772376576611,0.08736772622264374,15.130504525828716,0.9973447295663596,6.692432642895467e-12
HFocusing_5_10_4um_0_509.npy,P0/data/dataset_Particles2SNR_F_c1/train/4um/HFocusing_5_10_4um_0_509.npy,4um,1397,16384,3,15,5,2083.955078125,3,peak_bin_energy_over_lowest_window_energy,7.887162311004793e-06,0.10911542753701414,0.109115427822067,7.685280078470441,-1.634120083270445e-05,0.10878286850217932,0.10878286972955477,7.773996864505573,0.9979843433301059,3.5514640968531423e-12
HFocusing_5_10_4um_0_51.npy,P0/data/dataset_Particles2SNR_F_c1/train/4um/HFocusing_5_10_4um_0_51.npy,4um,1398,16384,0,15,0,2032.82861328125,3,peak_bin_energy_over_lowest_window_energy,-3.369090606363141e-05,0.02708628594128558,0.02708630689426368,0.23981663591394264,-2.5990146538080353e-05,0.02597079024003656,0.025970803244791934,0.22730440230810967,0.972941804452154,1.875649857968376e-11
HFocusing_5_10_4um_0_512.npy,P0/data/dataset_Particles2SNR_F_c1/train/4um/HFocusing_5_10_4um_0_512.npy,4um,1399,16384,0,15,0,1843.7353515625,3,peak_bin_energy_over_lowest_window_energy,3.063691781119483e-05,0.02805401036031866,0.028054027089129286,-0.03259262218347292,1.751233908047584e-05,0.02706908473604345,0.027069090400845028,-0.0431192641782121,0.9758224720901966,9.583796614424162e-12
HFocusing_5_10_4um_0_513.npy,P0/data/dataset_Particles2SNR_F_c1/train/4um/HFocusing_5_10_4um_0_513.npy,4um,1400,16384,4,15,5,2121.568115234375,3,peak_bin_energy_over_lowest_window_energy,0.00015666453113779094,0.0843835281625522,0.08438367359232209,24.332849172687947,0.00012424000083098027,0.08406694830534621,0.08406704011056627,24.703772907059534,0.9974931041172164,3.1629025102538367e-12
HFocusing_5_10_4um_0_518.npy,P0/data/dataset_Particles2SNR_F_c1/train/4um/HFocusing_5_10_4um_0_518.npy,4um,1401,16384,3,15,5,2289.761962890625,3,peak_bin_energy_over_lowest_window_energy,-7.15063729096564e-05,0.07539263861395747,0.07539267252416615,10.614981516713057,-6.6331858070169e-05,0.07480996145233702,0.07480999085961412,10.964957880826262,0.9957396463525636,4.53442949710683e-12
HFocusing_5_10_4um_0_52.npy,P0/data/dataset_Particles2SNR_F_c1/train/4um/HFocusing_5_10_4um_0_52.npy,4um,1402,16384,2,15,5,2168.9296875,3,peak_bin_energy_over_lowest_window_energy,4.940238388996895e-05,0.05183964676434826,0.0518396703041979,13.214122982876578,3.3612469472150665e-05,0.051209659600913796,0.05120967063201604,13.883479409878333,0.9918584294271536,1.0699814782432647e-11
HFocusing_5_10_4um_0_524.npy,P0/data/dataset_Particles2SNR_F_c1/train/4um/HFocusing_5_10_4um_0_524.npy,4um,1403,16384,0,15,0,1945.5682373046875,3,peak_bin_energy_over_lowest_window_energy,-2.1544626809468454e-05,0.027384571958804574,0.02738458043384799,0.0218237469384297,-2.565453894579484e-05,0.026300080911484777,0.026300093423902784,-0.008061655888970787,0.9757299423544284,8.121878257438832e-12
HFocusing_5_10_4um_0_525.npy,P0/data/dataset_Particles2SNR_F_c1/train/4um/HFocusing_5_10_4um_0_525.npy,4um,1404,16384,3,15,3,2061.548828125,3,peak_bin_energy_over_lowest_window_energy,-0.00022189992986559954,0.058472109734504236,0.05847253078482903,9.741658204731298,-0.00018991282223241023,0.05801171398051384,0.05801202483827808,10.010614689004838,0.9949087606867207,1.0435857241667984e-11
HFocusing_5_10_4um_0_528.npy,P0/data/dataset_Particles2SNR_F_c1/train/4um/HFocusing_5_10_4um_0_528.npy,4um,1405,16384,11,15,12,3617.0703125,3,peak_bin_energy_over_lowest_window_energy,4.8971724164957786e-05,0.1226661828178507,0.12266619259328194,5.064696093854016,5.295124072483713e-05,0.1221949974613018,0.12219500893408636,5.043023227444419,0.9984742329103317,3.640708168202278e-12
HFocusing_5_10_4um_0_531.npy,P0/data/dataset_Particles2SNR_F_c1/train/4um/HFocusing_5_10_4um_0_531.npy,4um,1406,16384,6,15,11,3567.641845703125,3,peak_bin_energy_over_lowest_window_energy,3.528514795642092e-05,0.11724916175015186,0.11724916705953582,2.2177686617127064,6.865298716213091e-06,0.11673060803790232,0.11673060823978736,2.2443036787994437,0.9981182649892424,4.415659862465213e-12
HFocusing_5_10_4um_0_534.npy,P0/data/dataset_Particles2SNR_F_c1/train/4um/HFocusing_5_10_4um_0_534.npy,4um,1407,16384,7,15,9,2482.098388671875,3,peak_bin_energy_over_lowest_window_energy,8.49462428465858e-05,0.06652240478552604,0.06652245902184878,10.259723354639478,7.487334860857651e-05,0.06607833112948865,0.06607837354896594,10.503135862005509,0.9955457069094669,5.168006240098568e-12
HFocusing_5_10_4um_0_537.npy,P0/data/dataset_Particles2SNR_F_c1/train/4um/HFocusing_5_10_4um_0_537.npy,4um,1408,16384,10,15,12,2913.590576171875,3,peak_bin_energy_over_lowest_window_energy,-1.4644805337458685e-05,0.11884958014670158,0.11884958104897787,3.0161766142928954,3.21251943877736e-06,0.11560651575772468,0.11560651580236006,3.027937319106626,0.9962823871788088,3.0283085275749624e-12
HFocusing_5_10_4um_0_54.npy,P0/data/dataset_Particles2SNR_F_c1/train/4um/HFocusing_5_10_4um_0_54.npy,4um,1409,16384,0,15,0,2186.332275390625,3,peak_bin_energy_over_lowest_window_energy,1.2103349657280949e-05,0.027917567385767846,0.02791757000940378,0.01639630853332008,-7.543859838755147e-06,0.026737528043780014,0.02673752910801116,-0.0030772369468263783,0.973201073464785,1.3720618857147592e-11
HFocusing_5_10_4um_0_540.npy,P0/data/dataset_Particles2SNR_F_c1/train/4um/HFocusing_5_10_4um_0_540.npy,4um,1410,16384,4,15,5,1961.1707763671875,3,peak_bin_energy_over_lowest_window_energy,-1.6344525643890426e-05,0.057766518372042726,0.05776652068431219,16.52695899250614,-1.8565185658215346e-05,0.05722619054826282,0.057226193559699594,17.08050185621589,0.9938518414883035,1.0177402798385641e-11
HFocusing_5_10_4um_0_543.npy,P0/data/dataset_Particles2SNR_F_c1/train/4um/HFocusing_5_10_4um_0_543.npy,4um,1411,16384,7,15,11,2829.285400390625,3,peak_bin_energy_over_lowest_window_energy,0.0005329604869010194,0.1007342997640906,0.10073570963586974,5.124402013613258,0.0003959553652251777,0.1004073216541067,0.10040810237427301,5.174455432863494,0.997396263887833,6.7582525385515696e-12
HFocusing_5_10_4um_0_546.npy,P0/data/dataset_Particles2SNR_F_c1/train/4um/HFocusing_5_10_4um_0_546.npy,4um,1412,16384,10,15,6,2090.44921875,3,peak_bin_energy_over_lowest_window_energy,-5.3078549672670576e-05,0.05769997644416088,0.057700000857791645,11.135215954307565,-5.3438848219204475e-06,0.05719688527980291,0.057196885529441556,11.5562979457866,0.9946688831675192,1.0609285371981277e-11
HFocusing_5_10_4um_0_549.npy,P0/data/dataset_Particles2SNR_F_c1/train/4um/HFocusing_5_10_4um_0_549.npy,4um,1413,16384,5,15,9,2119.813720703125,3,peak_bin_energy_over_lowest_window_energy,-6.925760273490332e-05,0.09650942821533741,0.09650945306583651,10.681542223197507,-2.7343586958292177e-05,0.09618749935584499,0.09618750324237774,10.823130763905642,0.9977764028521744,5.1787623573845004e-12
HFocusing_5_10_4um_0_552.npy,P0/data/dataset_Particles2SNR_F_c1/train/4um/HFocusing_5_10_4um_0_552.npy,4um,1414,16384,2,15,4,1842.20361328125,3,peak_bin_energy_over_lowest_window_energy,2.1163433749448814e-05,0.04655350976909066,0.04655351457958622,17.63807216752572,1.4897553315235355e-05,0.046016972797319776,0.046016975208789675,18.52187192816052,0.991973025885847,5.708369028709399e-12
HFocusing_5_10_4um_0_555.npy,P0/data/dataset_Particles2SNR_F_c1/train/4um/HFocusing_5_10_4um_0_555.npy,4um,1415,16384,3,15,5,2279.342041015625,3,peak_bin_energy_over_lowest_window_energy,7.290390079539339e-05,0.06545044610937159,0.06545048671243406,12.277416340217703,7.855819430644122e-05,0.06500528448285808,0.06500533195121153,12.571173149886066,0.995509246967433,9.209878934541642e-12
HFocusing_5_10_4um_0_558.npy,P0/data/dataset_Particles2SNR_F_c1/train/4um/HFocusing_5_10_4um_0_558.npy,4um,1416,16384,4,15,6,2406.87646484375,3,peak_bin_energy_over_lowest_window_energy,0.00016006315030639372,0.07685150848097762,0.07685167516725878,5.9790898373857875,0.00011544308223048372,0.07521550877021012,0.07521559736295916,6.111864363353877,0.9949932116582761,7.303433743571947e-12
HFocusing_5_10_4um_0_561.npy,P0/data/dataset_Particles2SNR_F_c1/train/4um/HFocusing_5_10_4um_0_561.npy,4um,1417,16384,5,15,10,3224.548095703125,3,peak_bin_energy_over_lowest_window_energy,8.0761980502193e-07,0.10922243804658256,0.10922243804956844,3.5556114625623954,2.020149455271477e-05,0.10813683121977198,0.10813683310673489,3.6759815395363376,0.9978976765838383,5.819635863895812e-12
HFocusing_5_10_4um_0_564.npy,P0/data/dataset_Particles2SNR_F_c1/train/4um/HFocusing_5_10_4um_0_564.npy,4um,1418,16384,6,15,7,2054.637939453125,3,peak_bin_energy_over_lowest_window_energy,-1.1609658019197575e-05,0.06366268047033902,0.06366268152891963,10.83477921838072,-1.687561951889031e-05,0.06316731188614032,0.06316731414036422,11.11631435977532,0.9953043635120638,1.0104136668854052e-11
HFocusing_5_10_4um_0_567.npy,P0/data/dataset_Particles2SNR_F_c1/train/4um/HFocusing_5_10_4um_0_567.npy,4um,1419,16384,2,15,4,1991.34130859375,3,peak_bin_energy_over_lowest_window_energy,-3.2172886464205876e-05,0.057048767785769894,0.05704877685778478,15.531208667323362,-2.4352255216799652e-05,0.056582522997679845,0.05658252823809928,16.130608429997746,0.9946661185015973,4.782567675150543e-12
HFocusing_5_10_4um_0_570.npy,P0/data/dataset_Particles2SNR_F_c1/train/4um/HFocusing_5_10_4um_0_570.npy,4um,1420,16384,2,15,1,1904.4820556640625,3,peak_bin_energy_over_lowest_window_energy,0.0002656582711523974,0.052980413605477665,0.052981079642873595,20.164389080405,0.00021199888836318084,0.052457002532511426,0.05245743091521522,20.984323164144403,0.9932233258334228,1.0943793321647262e-11
HFocusing_5_10_4um_0_573.npy,P0/data/dataset_Particles2SNR_F_c1/train/4um/HFocusing_5_10_4um_0_573.npy,4um,1421,16384,1,15,4,1654.67138671875,3,peak_bin_energy_over_lowest_window_energy,-4.230222420068338e-05,0.05898634334968471,0.05898635851826307,15.647247962969772,-3.418217457999718e-05,0.05853718742400265,0.05853719740416236,16.06733685827062,0.9947617561090999,5.7242761526214296e-12
HFocusing_5_10_4um_0_576.npy,P0/data/dataset_Particles2SNR_F_c1/train/4um/HFocusing_5_10_4um_0_576.npy,4um,1422,16384,5,15,8,2201.158935546875,3,peak_bin_energy_over_lowest_window_energy,-7.138042569820204e-05,0.10713285518169918,0.10713287896135387,6.090093928265521,-6.561686055122939e-05,0.10687528502396784,0.10687530516694095,6.141354287933506,0.9982581097649927,5.542414514943792e-12
HFocusing_5_10_4um_0_579.npy,P0/data/dataset_Particles2SNR_F_c1/train/4um/HFocusing_5_10_4um_0_579.npy,4um,1423,16384,4,15,4,2178.842529296875,3,peak_bin_energy_over_lowest_window_energy,5.893139706608735e-06,0.09767090542392404,0.09767090560171034,14.139436511218204,3.876430180024762e-06,0.09732317336889042,0.09732317344609048,14.288843523280452,0.9978971394634241,8.330111273635109e-12
HFocusing_5_10_4um_0_58.npy,P0/data/dataset_Particles2SNR_F_c1/train/4um/HFocusing_5_10_4um_0_58.npy,4um,1424,16384,1,15,3,2235.350341796875,3,peak_bin_energy_over_lowest_window_energy,6.466904715952032e-07,0.0400801077911446,0.04008010779636175,3.1880516230799927,-1.311882814308266e-05,0.03942441251394925,0.03942441469665327,3.364726873469924,0.988926524736317,1.0436493619699167e-11
HFocusing_5_10_4um_0_582.npy,P0/data/dataset_Particles2SNR_F_c1/train/4um/HFocusing_5_10_4um_0_582.npy,4um,1425,16384,4,15,6,2148.25830078125,3,peak_bin_energy_over_lowest_window_energy,6.597248238645481e-05,0.08696848967430393,0.0869685146969749,9.917117521289397,4.8509504045723616e-05,0.08652709443027198,0.08652710802816184,10.119001343042491,0.9970154547930813,5.471756077110144e-12
HFocusing_5_10_4um_0_585.npy,P0/data/dataset_Particles2SNR_F_c1/train/4um/HFocusing_5_10_4um_0_585.npy,4um,1426,16384,3,15,4,2098.0634765625,3,peak_bin_energy_over_lowest_window_energy,7.762942130207012e-05,0.053832839402010474,0.05383289537457281,19.674675212991946,7.453527168072325e-05,0.05334114766431073,0.053341199739530845,20.214266011514216,0.9932594564033469,6.223037269507058e-12
HFocusing_5_10_4um_0_588.npy,P0/data/dataset_Particles2SNR_F_c1/train/4um/HFocusing_5_10_4um_0_588.npy,4um,1427,16384,10,15,12,4024.982421875,3,peak_bin_energy_over_lowest_window_energy,-9.136601391205093e-05,0.11366930819015231,0.11366934490959435,5.767613511570932,-7.856460797712892e-05,0.11315761210041474,0.11315763937386443,5.817506698881468,0.9979205899644435,4.301141085316009e-12
HFocusing_5_10_4um_0_594.npy,P0/data/dataset_Particles2SNR_F_c1/train/4um/HFocusing_5_10_4um_0_594.npy,4um,1428,16384,9,15,11,2662.921875,3,peak_bin_energy_over_lowest_window_energy,9.847655689781065e-06,0.09552849477403037,0.09552849528160837,4.148205494120317,1.707651686669434e-05,0.09332579746824743,0.0933257990305562,4.206709249059489,0.9966135324084343,4.455577405976882e-12
HFocusing_5_10_4um_0_596.npy,P0/data/dataset_Particles2SNR_F_c1/train/4um/HFocusing_5_10_4um_0_596.npy,4um,1429,16384,1,15,1,1889.7796630859375,3,peak_bin_energy_over_lowest_window_energy,-4.551819639649594e-05,0.04277368392941249,0.04277370814880893,13.773879723454783,-2.8368315223226045e-05,0.0420881847645226,0.042088194324939876,14.663686942912502,0.9895166876810415,9.476149334717733e-12
HFocusing_5_10_4um_0_597.npy,P0/data/dataset_Particles2SNR_F_c1/train/4um/HFocusing_5_10_4um_0_597.npy,4um,1430,16384,7,15,10,2159.649658203125,3,peak_bin_energy_over_lowest_window_energy,2.513477505926815e-05,0.08916371430959492,0.08916371785227428,4.7794350667639,1.6361729373960834e-05,0.08884700822245305,0.08884700972901016,4.846522695188285,0.9976854236858798,3.774796986063248e-12
HFocusing_5_10_4um_0_60.npy,P0/data/dataset_Particles2SNR_F_c1/train/4um/HFocusing_5_10_4um_0_60.npy,4um,1431,16384,0,15,0,1677.5028076171875,3,peak_bin_energy_over_lowest_window_energy,-7.961676026643697e-05,0.025795824154657455,0.025795947019765033,-0.1992881444900032,-5.650604906169964e-05,0.024604775063283613,0.024604839947627452,-0.22288999145336508,0.966452892140559,1.5129202305906847e-11
HFocusing_5_10_4um_0_603.npy,P0/data/dataset_Particles2SNR_F_c1/train/4um/HFocusing_5_10_4um_0_603.npy,4um,1432,16384,4,15,5,2177.70849609375,3,peak_bin_energy_over_lowest_window_energy,-3.215530827463712e-05,0.05655251866960677,0.05655252781123116,16.672950298076014,-1.8446472012906773e-05,0.05610005890050921,0.056100061933236155,17.13763468327972,0.9957562183525795,7.066789272261444e-12
HFocusing_5_10_4um_0_609.npy,P0/data/dataset_Particles2SNR_F_c1/train/4um/HFocusing_5_10_4um_0_609.npy,4um,1433,16384,4,15,12,3805.416015625,3,peak_bin_energy_over_lowest_window_energy,0.00011926955227758736,0.10143150428614334,0.1014315744084455,5.51050136842696,9.269814006334674e-05,0.10114987401331842,0.1011499164896114,5.538575810834917,0.998286139684907,6.920907954578124e-12
HFocusing_5_10_4um_0_61.npy,P0/data/dataset_Particles2SNR_F_c1/train/4um/HFocusing_5_10_4um_0_61.npy,4um,1434,16384,3,15,5,2087.691650390625,3,peak_bin_energy_over_lowest_window_energy,7.037214565778628e-05,0.06383824682960727,0.06383828561699278,17.735347529824047,5.7764065345149645e-05,0.06334732563679354,0.06334735197323725,18.242365638383767,0.9953148787190866,7.565219146710961e-12
HFocusing_5_10_4um_0_618.npy,P0/data/dataset_Particles2SNR_F_c1/train/4um/HFocusing_5_10_4um_0_618.npy,4um,1435,16384,7,15,6,2127.022216796875,3,peak_bin_energy_over_lowest_window_energy,-0.00014282055482586932,0.08379351549203157,0.08379363720608037,12.657171198320732,-5.979345215589431e-05,0.0831649426662088,0.0831649641611822,12.856138653959036,0.9962786551381118,3.940171469518514e-12
HFocusing_5_10_4um_0_621.npy,P0/data/dataset_Particles2SNR_F_c1/train/4um/HFocusing_5_10_4um_0_621.npy,4um,1436,16384,6,15,7,2166.17578125,3,peak_bin_energy_over_lowest_window_energy,-5.5386072356926956e-05,0.07957952949350293,0.07957954876740829,10.03300499033455,-4.0638745505473306e-05,0.07922693768324271,0.07922694810588161,10.198944832681727,0.9970403988405813,5.972385126383352e-12
HFocusing_5_10_4um_0_624.npy,P0/data/dataset_Particles2SNR_F_c1/train/4um/HFocusing_5_10_4um_0_624.npy,4um,1437,16384,8,15,10,2502.811767578125,3,peak_bin_energy_over_lowest_window_energy,-6.1273080460366676e-06,0.08502802344242597,0.08502802366319968,8.716024588818751,-2.800809473965031e-06,0.08469337913243365,0.08469337917874502,8.856193102851012,0.997278819374947,4.811937004239e-12
HFocusing_5_10_4um_0_627.npy,P0/data/dataset_Particles2SNR_F_c1/train/4um/HFocusing_5_10_4um_0_627.npy,4um,1438,16384,8,15,11,2802.5693359375,3,peak_bin_energy_over_lowest_window_energy,0.00010643304950732745,0.14637667687035988,0.14637671556502346,1.4044858134896812,8.360320499626857e-05,0.14604221060797856,0.14604223453768794,1.414538628645234,0.9988188327398119,5.578527146682622e-12
HFocusing_5_10_4um_0_629.npy,P0/data/dataset_Particles2SNR_F_c1/train/4um/HFocusing_5_10_4um_0_629.npy,4um,1439,16384,1,15,1,1897.158203125,3,peak_bin_energy_over_lowest_window_energy,7.650518273427345e-05,0.05101148033679311,0.051011537706621,18.823575238286374,6.531137981374436e-05,0.050469694839418336,0.050469737098189284,19.648919772130057,0.9944968448370881,7.473230510469683e-12
HFocusing_5_10_4um_0_632.npy,P0/data/dataset_Particles2SNR_F_c1/train/4um/HFocusing_5_10_4um_0_632.npy,4um,1440,16384,2,15,4,2058.449951171875,3,peak_bin_energy_over_lowest_window_energy,2.2167984314781565e-05,0.05252212304714646,0.05252212772536087,14.514536485042566,1.5324774460209156e-05,0.05198627760429999,0.0519862798630567,15.14826425871816,0.9934910295820055,6.745849964890203e-12
HFocusing_5_10_4um_0_635.npy,P0/data/dataset_Particles2SNR_F_c1/train/4um/HFocusing_5_10_4um_0_635.npy,4um,1441,16384,3,15,6,2222.598876953125,3,peak_bin_energy_over_lowest_window_energy,4.9674417255909334e-05,0.08144449134902539,0.08144450649767117,11.253746492139221,2.9055479215334582e-05,0.08099155524520285,0.080991560456986,11.550016381324822,0.9970868859849518,5.590256720355507e-12
HFocusing_5_10_4um_0_639.npy,P0/data/dataset_Particles2SNR_F_c1/train/4um/HFocusing_5_10_4um_0_639.npy,4um,1442,16384,6,15,7,2039.0067138671875,3,peak_bin_energy_over_lowest_window_energy,-2.9463421818873436e-05,0.07811469177918244,0.07811469733571205,10.290494780536218,-3.2205537894423326e-05,0.07775841532518818,0.07775842199454108,10.450499625088115,0.9968595904142914,6.018545686877547e-12
HFocusing_5_10_4um_0_64.npy,P0/data/dataset_Particles2SNR_F_c1/train/4um/HFocusing_5_10_4um_0_64.npy,4um,1443,16384,0,15,0,2017.0562744140625,3,peak_bin_energy_over_lowest_window_energy,-1.5806081849958496e-06,0.02787404886885967,0.027874048913674156,0.03895206330369705,-5.615857472909808e-06,0.026873118196964155,0.02687311878375603,0.025027127724679854,0.9760758372892604,1.2404061668485694e-11
HFocusing_5_10_4um_0_642.npy,P0/data/dataset_Particles2SNR_F_c1/train/4um/HFocusing_5_10_4um_0_642.npy,4um,1444,16384,9,15,10,2901.216064453125,3,peak_bin_energy_over_lowest_window_energy,-0.0002561616906790771,0.1009253103287205,0.10092563541420144,6.429048870560466,-0.00023382684723874983,0.10063386455926006,0.10063413621195337,6.508530666235737,0.9978137461340371,4.561107868370603e-12
HFocusing_5_10_4um_0_645.npy,P0/data/dataset_Particles2SNR_F_c1/train/4um/HFocusing_5_10_4um_0_645.npy,4um,1445,16384,10,15,10,2616.569580078125,3,peak_bin_energy_over_lowest_window_energy,-4.62468645537e-05,0.10955124041317102,0.10955125017468707,3.8784511840718263,-2.42192117616914e-05,0.10926806233691695,0.10926806502100504,3.9087572956733556,0.998306192301623,6.3236805973449755e-12
HFocusing_5_10_4um_0_648.npy,P0/data/dataset_Particles2SNR_F_c1/train/4um/HFocusing_5_10_4um_0_648.npy,4um,1446,16384,2,15,3,2007.4019775390625,3,peak_bin_energy_over_lowest_window_energy,6.007839435666409e-06,0.06630820049498393,0.0663082007671534,15.03927104289799,1.7458891501663576e-05,0.06588409500619727,0.06588409731944819,15.461815836888533,0.9955647109862429,1.0175108106054595e-11
HFocusing_5_10_4um_0_657.npy,P0/data/dataset_Particles2SNR_F_c1/train/4um/HFocusing_5_10_4um_0_657.npy,4um,1447,16384,9,15,11,3299.681640625,3,peak_bin_energy_over_lowest_window_energy,-1.9684208021765093e-05,0.10584375673560897,0.10584375856598638,3.5876905149110563,-2.3458944476312844e-05,0.10551611964357935,0.10551612225134235,3.619094625704295,0.9984055655933065,4.906430100147059e-12
HFocusing_5_10_4um_0_660.npy,P0/data/dataset_Particles2SNR_F_c1/train/4um/HFocusing_5_10_4um_0_660.npy,4um,1448,16384,4,15,6,2215.458984375,3,peak_bin_energy_over_lowest_window_energy,-8.327591869343006e-05,0.09599287020505606,0.09599290632689154,13.448184674412563,-6.709459630698509e-05,0.09564211101698969,0.0956421345509971,13.64011838902665,0.9974551309160673,7.571029592105641e-12
HFocusing_5_10_4um_0_663.npy,P0/data/dataset_Particles2SNR_F_c1/train/4um/HFocusing_5_10_4um_0_663.npy,4um,1449,16384,4,15,5,2002.568359375,3,peak_bin_energy_over_lowest_window_energy,3.6576987800030815e-06,0.09355523239770719,0.09355523246920913,7.362696173718321,-2.0102584142460753e-05,0.09324052259174907,0.0932405247587998,7.466248280719803,0.9976068579654513,5.885765209207148e-12
HFocusing_5_10_4um_0_666.npy,P0/data/dataset_Particles2SNR_F_c1/train/4um/HFocusing_5_10_4um_0_666.npy,4um,1450,16384,5,15,9,2142.218505859375,3,peak_bin_energy_over_lowest_window_energy,0.000128045784611627,0.11940119988101687,0.11940126853911352,4.321525760716393,0.00010466470807403853,0.11909125948966412,0.11909130548253988,4.363946762549139,0.9981919134785866,5.110631560263739e-12
HFocusing_5_10_4um_0_669.npy,P0/data/dataset_Particles2SNR_F_c1/train/4um/HFocusing_5_10_4um_0_669.npy,4um,1451,16384,0,15,0,1816.2515869140625,3,peak_bin_energy_over_lowest_window_energy,5.359933430543409e-05,0.028227251959445445,0.028227302847963612,0.42150675714253794,4.274449159117306e-05,0.027209719482953993,0.027209753057178,0.5261700313596438,0.9735407970381402,1.5105878215566662e-11
HFocusing_5_10_4um_0_670.npy,P0/data/dataset_Particles2SNR_F_c1/train/4um/HFocusing_5_10_4um_0_670.npy,4um,1452,16384,9,15,9,2601.068603515625,3,peak_bin_energy_over_lowest_window_energy,0.0005103063022165381,0.10615632664986535,0.10615755319483865,2.9817494900305537,0.00041879633467169463,0.10398132882815264,0.10398217219907624,3.0976770378474843,0.9955234138788727,6.0984863926868224e-12
HFocusing_5_10_4um_0_673.npy,P0/data/dataset_Particles2SNR_F_c1/train/4um/HFocusing_5_10_4um_0_673.npy,4um,1453,16384,1,15,4,1976.3443603515625,3,peak_bin_energy_over_lowest_window_energy,5.123222471137959e-05,0.055072298146740126,0.05507232197669066,25.553112243684204,7.005309916370165e-05,0.054606417822583124,0.05460646275717945,26.335886219628172,0.9949218655341519,4.927362851208226e-12
HFocusing_5_10_4um_0_676.npy,P0/data/dataset_Particles2SNR_F_c1/train/4um/HFocusing_5_10_4um_0_676.npy,4um,1454,16384,2,15,8,2305.2138671875,3,peak_bin_energy_over_lowest_window_energy,6.177890771104121e-05,0.07114222229404973,0.07114224911801302,11.34758038323342,3.9279478613309054e-05,0.07069530285210532,0.07069531376426821,11.659933365941567,0.9956436197082702,5.8090909059326015e-12
HFocusing_5_10_4um_0_679.npy,P0/data/dataset_Particles2SNR_F_c1/train/4um/HFocusing_5_10_4um_0_679.npy,4um,1455,16384,6,15,8,2692.722900390625,3,peak_bin_energy_over_lowest_window_energy,9.405801698103257e-05,0.10748599841315049,0.10748603956692397,4.180584507328817,0.00010369072921090838,0.10734293622491188,0.10734298630629215,4.335411422921856,0.997273110172776,4.473615613780971e-12
HFocusing_5_10_4um_0_68.npy,P0/data/dataset_Particles2SNR_F_c1/train/4um/HFocusing_5_10_4um_0_68.npy,4um,1456,16384,0,15,0,2229.165771484375,3,peak_bin_energy_over_lowest_window_energy,-2.3177173368162598e-05,0.02842983936627918,0.028429848813769705,0.04080021849467519,-7.556200211514109e-06,0.027370668468975946,0.02737066951199323,0.05514852524937419,0.9775389767327566,1.1731211032341116e-11
HFocusing_5_10_4um_0_682.npy,P0/data/dataset_Particles2SNR_F_c1/train/4um/HFocusing_5_10_4um_0_682.npy,4um,1457,16384,5,15,7,2161.476318359375,3,peak_bin_energy_over_lowest_window_energy,-3.195684327280185e-06,0.06862762071561625,0.06862762079002069,9.815840988730525,-4.2388488536265994e-06,0.06818454492826552,0.06818454506002442,10.08040299077031,0.9960908671568199,9.049145696514765e-12
HFocusing_5_10_4um_0_685.npy,P0/data/dataset_Particles2SNR_F_c1/train/4um/HFocusing_5_10_4um_0_685.npy,4um,1458,16384,13,15,12,3063.824951171875,3,peak_bin_energy_over_lowest_window_energy,-0.00010169583671233556,0.11024620241675014,0.11024624932104604,3.6149813774187294,-8.282450531548453e-05,0.1098965280628608,0.10989655927357249,3.6484712360770084,0.9981415994596254,4.648906777342295e-12
HFocusing_5_10_4um_0_688.npy,P0/data/dataset_Particles2SNR_F_c1/train/4um/HFocusing_5_10_4um_0_688.npy,4um,1459,16384,5,15,9,2794.838623046875,3,peak_bin_energy_over_lowest_window_energy,0.00017439760583279118,0.11757433180709508,0.11757446114871123,6.012451972375317,0.000142795213929715,0.11742141978843375,0.11742150661443881,6.102195057712063,0.9980597380511698,6.57871031319426e-12
HFocusing_5_10_4um_0_69.npy,P0/data/dataset_Particles2SNR_F_c1/train/4um/HFocusing_5_10_4um_0_69.npy,4um,1460,16384,4,15,3,2014.69921875,3,peak_bin_energy_over_lowest_window_energy,-7.824735751414918e-05,0.04824373409922318,0.04824379755456143,13.436227877154288,-6.359855107358818e-05,0.047590437247544345,0.047590479743202366,14.1708988072307,0.9911792229838465,5.5013112586081476e-12
HFocusing_5_10_4um_0_691.npy,P0/data/dataset_Particles2SNR_F_c1/train/4um/HFocusing_5_10_4um_0_691.npy,4um,1461,16384,3,15,2,2051.029052734375,3,peak_bin_energy_over_lowest_window_energy,-2.9394873440175733e-05,0.029194187831603807,0.029194202630069353,0.11736870193823767,-2.031225630519849e-05,0.028115943789531462,0.028115951126786533,0.12883743817839344,0.9752659321517526,1.2176948342919094e-11
HFocusing_5_10_4um_0_692.npy,P0/data/dataset_Particles2SNR_F_c1/train/4um/HFocusing_5_10_4um_0_692.npy,4um,1462,16384,6,15,7,1955.80712890625,3,peak_bin_energy_over_lowest_window_energy,-5.661974059916718e-05,0.08231208502921607,0.08231210450263024,6.890259134394128,-4.339395067648465e-05,0.08178408795005994,0.08178409946229215,7.062279283458066,0.9954219508819991,7.941800138864321e-12
HFocusing_5_10_4um_0_694.npy,P0/data/dataset_Particles2SNR_F_c1/train/4um/HFocusing_5_10_4um_0_694.npy,4um,1463,16384,6,15,7,2041.7403564453125,3,peak_bin_energy_over_lowest_window_energy,3.9632948631920415e-05,0.0768881243043782,0.07688813451902791,15.094782767954928,5.8663869312156084e-05,0.07680935990719531,0.07680938230973235,15.68957526104543,0.9958688687190113,6.6453042103237144e-12
HFocusing_5_10_4um_0_697.npy,P0/data/dataset_Particles2SNR_F_c1/train/4um/HFocusing_5_10_4um_0_697.npy,4um,1464,16384,6,15,11,2668.259521484375,3,peak_bin_energy_over_lowest_window_energy,-0.00011220246482341281,0.09967565745353724,0.09967572060531092,4.455770227451936,-0.00010310964799517956,0.09931602180250054,0.09931607532657677,4.521797841943619,0.9978770940136068,4.307308868104349e-12
HFocusing_5_10_4um_0_704.npy,P0/data/dataset_Particles2SNR_F_c1/train/4um/HFocusing_5_10_4um_0_704.npy,4um,1465,16384,5,15,5,2102.707763671875,3,peak_bin_energy_over_lowest_window_energy,4.7270763421516704e-05,0.07479736940238754,0.0747973843395763,13.95166927582778,2.7502373424499732e-05,0.07433443913134707,0.07433444421903274,14.24595255539078,0.996239818642508,3.955024744856819e-12
HFocusing_5_10_4um_0_707.npy,P0/data/dataset_Particles2SNR_F_c1/train/4um/HFocusing_5_10_4um_0_707.npy,4um,1466,16384,4,15,5,1793.2689208984375,3,peak_bin_energy_over_lowest_window_energy,8.299327473419875e-05,0.07781518153477072,0.07781522579272629,10.480675088264103,3.499347870068515e-05,0.07732791844571708,0.07732792636357853,10.693549897754949,0.9962812939597209,7.528649353833914e-12
HFocusing_5_10_4um_0_709.npy,P0/data/dataset_Particles2SNR_F_c1/train/4um/HFocusing_5_10_4um_0_709.npy,4um,1467,16384,8,15,5,2052.375,3,peak_bin_energy_over_lowest_window_energy,-0.00015845268533765767,0.10031563825660773,0.10031576339780339,6.827319035439894,-0.00011602026079721248,0.0999563627191599,0.09995643005202405,6.897612530188066,0.9979079594387493,5.545121103121225e-12
HFocusing_5_10_4um_0_712.npy,P0/data/dataset_Particles2SNR_F_c1/train/4um/HFocusing_5_10_4um_0_712.npy,4um,1468,16384,1,15,4,2032.8675537109375,3,peak_bin_energy_over_lowest_window_energy,-6.548202210591612e-05,0.05094170931066363,0.05094175139693739,13.57960393793515,-5.927146036408968e-05,0.050426062819978607,0.05042609765419532,14.157959261128141,0.99365351251096,6.835695015793513e-12
HFocusing_5_10_4um_0_716.npy,P0/data/dataset_Particles2SNR_F_c1/train/4um/HFocusing_5_10_4um_0_716.npy,4um,1469,16384,5,15,7,2245.873046875,3,peak_bin_energy_over_lowest_window_energy,7.661575111835291e-05,0.10407691084582815,0.1040769390459951,7.239110771861167,6.576672070025462e-05,0.10379833446279121,0.10379835529771665,7.324233757217122,0.9981888413090722,6.876516661456959e-12
HFocusing_5_10_4um_0_718.npy,P0/data/dataset_Particles2SNR_F_c1/train/4um/HFocusing_5_10_4um_0_718.npy,4um,1470,16384,5,15,6,2491.64892578125,3,peak_bin_energy_over_lowest_window_energy,6.419190815334562e-05,0.08112839423700119,0.08112841963255146,7.5512264684201185,0.00015786015310367526,0.07605675648581993,0.07605692030953692,7.830981120053373,0.9813548966637814,6.853054778686613e-12
HFocusing_5_10_4um_0_721.npy,P0/data/dataset_Particles2SNR_F_c1/train/4um/HFocusing_5_10_4um_0_721.npy,4um,1471,16384,4,15,5,2035.5491943359375,3,peak_bin_energy_over_lowest_window_energy,0.00013060908177324885,0.06329653133448443,0.06329666608684546,11.713515412363444,0.0001030707010634675,0.06282351001114504,0.06282359456199446,12.114338900229269,0.9945766527272326,5.269734710415326e-12
HFocusing_5_10_4um_0_724.npy,P0/data/dataset_Particles2SNR_F_c1/train/4um/HFocusing_5_10_4um_0_724.npy,4um,1472,16384,7,15,7,2154.780517578125,3,peak_bin_energy_over_lowest_window_energy,0.00017075746546678255,0.08226534217833117,0.08226551939804383,8.54957498551735,0.00013014195869813025,0.08191712203136564,0.08191722540974555,8.691877756588553,0.9970792177810306,6.807045212218089e-12
HFocusing_5_10_4um_0_727.npy,P0/data/dataset_Particles2SNR_F_c1/train/4um/HFocusing_5_10_4um_0_727.npy,4um,1473,16384,3,15,9,2713.842529296875,3,peak_bin_energy_over_lowest_window_energy,2.4257663648409242e-05,0.09925458087222624,0.09925458383649365,4.079078571267255,2.120719960278674e-05,0.09703725998849225,0.09703726230587688,4.136820585810526,0.9962479263705557,5.0539438238939375e-12
HFocusing_5_10_4um_0_730.npy,P0/data/dataset_Particles2SNR_F_c1/train/4um/HFocusing_5_10_4um_0_730.npy,4um,1474,16384,11,15,11,2443.4912109375,3,peak_bin_energy_over_lowest_window_energy,2.9798236366200865e-05,0.08898391277802092,0.0889839177673209,5.282058167853256,1.4546925199690724e-05,0.08864803631895074,0.08864803751250809,5.366063336395738,0.9976432105478469,8.730081957559979e-12
HFocusing_5_10_4um_0_733.npy,P0/data/dataset_Particles2SNR_F_c1/train/4um/HFocusing_5_10_4um_0_733.npy,4um,1475,16384,8,15,11,2459.578125,3,peak_bin_energy_over_lowest_window_energy,-1.1980960767285883e-05,0.11874204932501839,0.11874204992945221,3.3364319332731656,-4.4939366813410346e-05,0.11864047236232589,0.11864048087353027,3.42380628193526,0.998252812910137,6.30182127323779e-12
HFocusing_5_10_4um_0_736.npy,P0/data/dataset_Particles2SNR_F_c1/train/4um/HFocusing_5_10_4um_0_736.npy,4um,1476,16384,4,15,4,1930.40673828125,3,peak_bin_energy_over_lowest_window_energy,-5.984459818930086e-05,0.0685868449020306,0.06858687101035542,10.932075650101549,-5.068680287299363e-05,0.06819684291792769,0.06819686175422215,11.147863572138501,0.99645408563818,7.610694277458004e-12
HFocusing_5_10_4um_0_739.npy,P0/data/dataset_Particles2SNR_F_c1/train/4um/HFocusing_5_10_4um_0_739.npy,4um,1477,16384,4,15,7,1696.1177978515625,3,peak_bin_energy_over_lowest_window_energy,8.220734822816864e-05,0.07266140920136187,0.07266145570504252,12.864176851211594,5.657036084176419e-05,0.07224452523190392,0.07224454738033124,13.119877249368017,0.9960288041566492,6.479963644909459e-12
HFocusing_5_10_4um_0_742.npy,P0/data/dataset_Particles2SNR_F_c1/train/4um/HFocusing_5_10_4um_0_742.npy,4um,1478,16384,3,15,4,1961.2691650390625,3,peak_bin_energy_over_lowest_window_energy,-7.648216268018083e-05,0.06441014155190171,0.06441018696027223,13.419364944192502,-5.268721196196813e-05,0.06390424214159966,0.06390426386114238,13.774629063013943,0.9948389541774058,6.7066439432424046e-12
HFocusing_5_10_4um_0_745.npy,P0/data/dataset_Particles2SNR_F_c1/train/4um/HFocusing_5_10_4um_0_745.npy,4um,1479,16384,2,15,4,2297.1201171875,3,peak_bin_energy_over_lowest_window_energy,-0.0001763838552138849,0.05514715299452621,0.055147435068786846,17.986093216459647,-0.0001353087177534814,0.05459380589893735,0.054593973577492474,18.775996593112232,0.9929001878842222,3.270152843581528e-12
HFocusing_5_10_4um_0_749.npy,P0/data/dataset_Particles2SNR_F_c1/train/4um/HFocusing_5_10_4um_0_749.npy,4um,1480,16384,8,15,10,2610.380615234375,3,peak_bin_energy_over_lowest_window_energy,2.750389047806608e-05,0.11970240201874303,0.11970240517851247,4.684213316752838,1.782493092957599e-05,0.11638854627902277,0.11638854764396878,4.698240700125764,0.9967677611538274,3.806005208773978e-12
HFocusing_5_10_4um_0_751.npy,P0/data/dataset_Particles2SNR_F_c1/train/4um/HFocusing_5_10_4um_0_751.npy,4um,1481,16384,5,15,11,3183.2490234375,3,peak_bin_energy_over_lowest_window_energy,-3.7692389127100135e-06,0.08745448408206007,0.08745448416328609,3.8083555549689976,-1.1062077079313483e-05,0.08689165862764273,0.08689165933179287,3.896018823650559,0.9974911868683694,7.547790108002229e-12
HFocusing_5_10_4um_0_754.npy,P0/data/dataset_Particles2SNR_F_c1/train/4um/HFocusing_5_10_4um_0_754.npy,4um,1482,16384,8,15,8,2321.296875,3,peak_bin_energy_over_lowest_window_energy,-4.379667349729631e-05,0.07422354028093131,0.07422355320236051,11.380528138161248,-6.521837035481264e-05,0.07378920437919512,0.07378923320072149,11.537348641443389,0.996092232810677,7.26853708708782e-12
HFocusing_5_10_4um_0_757.npy,P0/data/dataset_Particles2SNR_F_c1/train/4um/HFocusing_5_10_4um_0_757.npy,4um,1483,16384,4,15,4,2144.177978515625,3,peak_bin_energy_over_lowest_window_energy,-1.2310844826656382e-05,0.08415266675870973,0.08415266765919753,17.14400187056793,-1.5802004135948734e-05,0.08377432161730004,0.0837743231076334,17.447287845593618,0.9971139775694644,4.010580854171466e-12
HFocusing_5_10_4um_0_76.npy,P0/data/dataset_Particles2SNR_F_c1/train/4um/HFocusing_5_10_4um_0_76.npy,4um,1484,16384,3,15,1,1766.2982177734375,3,peak_bin_energy_over_lowest_window_energy,-2.8595362895005502e-05,0.02675673607381313,0.02675675135397554,-0.2285751641501217,-8.990284075834037e-06,0.02568955936454223,0.02568956093765612,-0.22812574816459552,0.9728948845808555,1.6123342708221292e-11
HFocusing_5_10_4um_0_764.npy,P0/data/dataset_Particles2SNR_F_c1/train/4um/HFocusing_5_10_4um_0_764.npy,4um,1485,16384,4,15,10,3651.235595703125,3,peak_bin_energy_over_lowest_window_energy,-6.153010524784833e-05,0.11349296945526857,0.11349298613451131,2.6191574410724927,-4.7103489627514314e-05,0.11258149899357989,0.11258150884750197,2.647862701028383,0.998136598691772,6.04503451961177e-12
HFocusing_5_10_4um_0_767.npy,P0/data/dataset_Particles2SNR_F_c1/train/4um/HFocusing_5_10_4um_0_767.npy,4um,1486,16384,6,15,9,2321.8046875,3,peak_bin_energy_over_lowest_window_energy,8.366738030870397e-06,0.12182916821463453,0.12182916850193153,3.8193612487744097,7.163397451738163e-06,0.11702304744441815,0.11702304766366668,3.790473001423104,0.9929798407198024,4.045041006807826e-12
HFocusing_5_10_4um_0_77.npy,P0/data/dataset_Particles2SNR_F_c1/train/4um/HFocusing_5_10_4um_0_77.npy,4um,1487,16384,2,15,5,2132.105712890625,3,peak_bin_energy_over_lowest_window_energy,6.594317786940803e-05,0.06935191491192134,0.0693519462629066,14.00442353083709,5.8699025803719745e-05,0.06892000633815941,0.06892003133507386,14.386885401038253,0.9957089807891254,7.403203698579785e-12
HFocusing_5_10_4um_0_770.npy,P0/data/dataset_Particles2SNR_F_c1/train/4um/HFocusing_5_10_4um_0_770.npy,4um,1488,16384,5,15,6,1999.9739990234375,3,peak_bin_energy_over_lowest_window_energy,7.730375517765332e-05,0.07907211099607263,0.0790721487835369,5.771752983954414,4.605175912361753e-05,0.07859855559246713,0.07859856908358233,5.830575180980851,0.9966264085807344,6.271215793957467e-12
HFocusing_5_10_4um_0_776.npy,P0/data/dataset_Particles2SNR_F_c1/train/4um/HFocusing_5_10_4um_0_776.npy,4um,1489,16384,4,15,6,2055.01611328125,3,peak_bin_energy_over_lowest_window_energy,-3.75911542386828e-05,0.08162968488721078,0.08162969354273117,8.286920052954866,-3.079111650728001e-05,0.08114376790800304,0.08114377375005874,8.411302272761201,0.9958527433616273,6.154030120351931e-12
HFocusing_5_10_4um_0_779.npy,P0/data/dataset_Particles2SNR_F_c1/train/4um/HFocusing_5_10_4um_0_779.npy,4um,1490,16384,6,15,10,2652.90234375,3,peak_bin_energy_over_lowest_window_energy,2.3527002478151216e-05,0.10698702256354221,0.10698702515039728,6.105793527860222,9.049194498580986e-06,0.10668647313910082,0.10668647352287919,6.185655975157365,0.998014844837319,4.4495248353894145e-12
HFocusing_5_10_4um_0_79.npy,P0/data/dataset_Particles2SNR_F_c1/train/4um/HFocusing_5_10_4um_0_79.npy,4um,1491,16384,0,15,0,1913.7252197265625,3,peak_bin_energy_over_lowest_window_energy,-3.6386064049290015e-05,0.02712404575079608,0.027124070156171916,-0.049856920701044416,-3.130308364162176e-05,0.025956011578724313,0.025956030454557497,-0.015416926461508051,0.9701875118040547,9.956781611774336e-12
HFocusing_5_10_4um_0_797.npy,P0/data/dataset_Particles2SNR_F_c1/train/4um/HFocusing_5_10_4um_0_797.npy,4um,1492,16384,10,15,8,2440.886962890625,3,peak_bin_energy_over_lowest_window_energy,8.158121609358452e-05,0.08807747686752207,0.08807751464956141,7.721945119417207,7.21789654853559e-05,0.08778133075491719,0.08778136042980439,7.830408424863368,0.9977062311076064,5.682893540140231e-12
HFocusing_5_10_4um_0_80.npy,P0/data/dataset_Particles2SNR_F_c1/train/4um/HFocusing_5_10_4um_0_80.npy,4um,1493,16384,3,15,6,2167.3291015625,3,peak_bin_energy_over_lowest_window_energy,-1.9362065970283085e-05,0.041500641023021916,0.041500645539694056,2.869592568979364,-2.5603872206042103e-05,0.040782651581554884,0.04078265961877393,3.090488919133387,0.9903691841993919,6.6769200442783624e-12
HFocusing_5_10_4um_0_800.npy,P0/data/dataset_Particles2SNR_F_c1/train/4um/HFocusing_5_10_4um_0_800.npy,4um,1494,16384,8,15,10,2217.402099609375,3,peak_bin_energy_over_lowest_window_energy,1.1797774012690606e-06,0.07450444514300242,0.07450444515234331,11.583120304414145,3.87923091200563e-06,0.07426333171323742,0.07426333181455547,11.767467826822033,0.9970948183106915,7.336888052937686e-12
HFocusing_5_10_4um_0_803.npy,P0/data/dataset_Particles2SNR_F_c1/train/4um/HFocusing_5_10_4um_0_803.npy,4um,1495,16384,11,15,13,3967.786376953125,3,peak_bin_energy_over_lowest_window_energy,-0.0003582900428957898,0.12065003518571665,0.12065056718503027,9.642396236352743,-0.00024189407058163712,0.12029106624398604,0.12029130945690308,9.731464177540547,0.9987612379650597,8.069929609450677e-12
HFocusing_5_10_4um_0_809.npy,P0/data/dataset_Particles2SNR_F_c1/train/4um/HFocusing_5_10_4um_0_809.npy,4um,1496,16384,4,15,4,2100.340576171875,3,peak_bin_energy_over_lowest_window_energy,-0.0001010457057221246,0.07243225006899913,0.07243232055023964,11.592264138769385,-9.514745756107157e-05,0.07204073267051136,0.07204079550326165,11.844284667497178,0.9962407072386039,3.2952797203948342e-12
HFocusing_5_10_4um_0_812.npy,P0/data/dataset_Particles2SNR_F_c1/train/4um/HFocusing_5_10_4um_0_812.npy,4um,1497,16384,5,15,6,2088.372802734375,3,peak_bin_energy_over_lowest_window_energy,-6.77045961947912e-05,0.09025344863967583,0.09025347403433813,9.728370442312823,-4.6452512533286776e-05,0.08990408009272353,0.0899040920934902,9.923211187005638,0.9972432891767273,6.5118106575540535e-12
HFocusing_5_10_4um_0_815.npy,P0/data/dataset_Particles2SNR_F_c1/train/4um/HFocusing_5_10_4um_0_815.npy,4um,1498,16384,9,15,12,4689.09521484375,3,peak_bin_energy_over_lowest_window_energy,0.0003332450270228853,0.11615272137958725,0.11615319942271096,2.9919055988646717,0.00027746899318988467,0.11595185023306499,0.1159521822197121,3.015030973094577,0.9984471309564324,4.754784448790858e-12
HFocusing_5_10_4um_0_818.npy,P0/data/dataset_Particles2SNR_F_c1/train/4um/HFocusing_5_10_4um_0_818.npy,4um,1499,16384,1,15,4,1861.8062744140625,3,peak_bin_energy_over_lowest_window_energy,6.223338635134241e-06,0.05368760525411996,0.05368760561481722,20.556872844880985,6.269725098930135e-07,0.053168876676987845,0.053168876680684506,21.353892997975297,0.9934565273669337,5.1688630009754434e-12
HFocusing_5_10_4um_0_821.npy,P0/data/dataset_Particles2SNR_F_c1/train/4um/HFocusing_5_10_4um_0_821.npy,4um,1500,16384,6,15,11,2772.662353515625,3,peak_bin_energy_over_lowest_window_energy,-0.00028999248853741314,0.08197835627354735,0.08197886918563874,7.7088622110280465,-0.0002485213361494477,0.08157215256174481,0.08157253113892625,7.831178506485587,0.996722565724982,5.966435716457697e-12
HFocusing_5_10_4um_0_824.npy,P0/data/dataset_Particles2SNR_F_c1/train/4um/HFocusing_5_10_4um_0_824.npy,4um,1501,16384,11,15,12,3173.023193359375,3,peak_bin_energy_over_lowest_window_energy,-0.00021955503623865213,0.10187399286291957,0.10187422945106445,6.176391523860852,-0.00011807777872217473,0.1010835009972109,0.10108356996176462,6.369144534077959,0.9976093271515675,5.04741096369302e-12
HFocusing_5_10_4um_0_827.npy,P0/data/dataset_Particles2SNR_F_c1/train/4um/HFocusing_5_10_4um_0_827.npy,4um,1502,16384,7,15,8,2147.164306640625,3,peak_bin_energy_over_lowest_window_energy,0.00012135368304105933,0.08622530321239374,0.08622538860907283,9.633700596977887,0.00012384288180508157,0.08589129821850584,0.08589138750025917,9.807550640882454,0.9977593460525273,7.19367128659109e-12
HFocusing_5_10_4um_0_83.npy,P0/data/dataset_Particles2SNR_F_c1/train/4um/HFocusing_5_10_4um_0_83.npy,4um,1503,16384,0,15,0,2062.041015625,3,peak_bin_energy_over_lowest_window_energy,-4.331487862132399e-05,0.027052392104228242,0.027052426780967736,0.11269177638023598,-5.118655122973479e-05,0.026089134459689415,0.02608918467332355,0.12178926570097648,0.9744350708358109,1.3331793846380388e-11
HFocusing_5_10_4um_0_830.npy,P0/data/dataset_Particles2SNR_F_c1/train/4um/HFocusing_5_10_4um_0_830.npy,4um,1504,16384,7,15,10,2511.465087890625,3,peak_bin_energy_over_lowest_window_energy,-1.4953004461720853e-05,0.07855804750118432,0.07855804892428704,5.278968459059248,-3.0065139554291535e-05,0.07820410042626363,0.0782041062054528,5.42241903902263,0.9971474431804755,7.447282153807534e-12
HFocusing_5_10_4um_0_833.npy,P0/data/dataset_Particles2SNR_F_c1/train/4um/HFocusing_5_10_4um_0_833.npy,4um,1505,16384,6,15,7,2213.28466796875,3,peak_bin_energy_over_lowest_window_energy,0.00019679711476722103,0.05456684437900403,0.05456719925547604,8.63928305145823,0.00016455521214989424,0.053972365703696026,0.053972616557578054,9.02225288665995,0.9924863831720437,5.772941000595813e-12
HFocusing_5_10_4um_0_836.npy,P0/data/dataset_Particles2SNR_F_c1/train/4um/HFocusing_5_10_4um_0_836.npy,4um,1506,16384,5,15,6,1999.5479736328125,3,peak_bin_energy_over_lowest_window_energy,-9.884221568463752e-05,0.07524565192084809,0.0752457168400769,12.834624501513574,-7.568459059985442e-05,0.07482473595665197,0.07482477423380535,13.098124140849087,0.9963505326529138,1.1269538649091414e-11
HFocusing_5_10_4um_0_839.npy,P0/data/dataset_Particles2SNR_F_c1/train/4um/HFocusing_5_10_4um_0_839.npy,4um,1507,16384,2,15,4,1906.111328125,3,peak_bin_energy_over_lowest_window_energy,4.594456691312498e-05,0.056984780601248244,0.05698479912288563,21.819231335773402,4.518984895617118e-05,0.05648126371046661,0.0564812817883387,22.603986362153737,0.9934057760277586,9.347693683437586e-12
HFocusing_5_10_4um_0_84.npy,P0/data/dataset_Particles2SNR_F_c1/train/4um/HFocusing_5_10_4um_0_84.npy,4um,1508,16384,6,15,7,2441.9482421875,3,peak_bin_energy_over_lowest_window_energy,-1.6066420281936008e-06,0.061871315794394276,0.0618713158152545,12.102329237879092,6.711476873434462e-06,0.06137118567775417,0.061371186044733565,12.522835269757433,0.9949972442468236,4.332000990290863e-12
HFocusing_5_10_4um_0_842.npy,P0/data/dataset_Particles2SNR_F_c1/train/4um/HFocusing_5_10_4um_0_842.npy,4um,1509,16384,10,15,11,2836.5390625,3,peak_bin_energy_over_lowest_window_energy,-0.00015414673601354384,0.11173068044867564,0.11173078678117454,3.657583497264117,-0.00013856338623714334,0.10975380167163543,0.10975388913924046,3.7634581254177313,0.9974083312667007,3.486598945093325e-12
HFocusing_5_10_4um_0_845.npy,P0/data/dataset_Particles2SNR_F_c1/train/4um/HFocusing_5_10_4um_0_845.npy,4um,1510,16384,8,15,13,3345.446533203125,3,peak_bin_energy_over_lowest_window_energy,-2.902852786720703e-05,0.07792119506802757,0.07792120047512766,3.21827498282971,-3.110500899291184e-05,0.0771865719055403,0.0771865781729617,3.302205071614086,0.9967797919618014,6.365580333511258e-12
HFocusing_5_10_4um_0_848.npy,P0/data/dataset_Particles2SNR_F_c1/train/4um/HFocusing_5_10_4um_0_848.npy,4um,1511,16384,5,15,6,2136.241943359375,3,peak_bin_energy_over_lowest_window_energy,-8.01908292287714e-05,0.06552315394085545,0.06552320301180439,11.743355987365081,-7.004939386092977e-05,0.06509919733610002,0.06509923502409282,12.059218265932216,0.9959946439112193,5.372251056018028e-12
HFocusing_5_10_4um_0_851.npy,P0/data/dataset_Particles2SNR_F_c1/train/4um/HFocusing_5_10_4um_0_851.npy,4um,1512,16384,5,15,6,2061.629150390625,3,peak_bin_energy_over_lowest_window_energy,-0.00018725924980003952,0.06261738265351553,0.06261766265522391,13.047415480908874,-0.0001591851569770068,0.06213521149990034,0.06213541540902055,13.361556166821615,0.9952692380196825,4.829520819466505e-12
HFocusing_5_10_4um_0_853.npy,P0/data/dataset_Particles2SNR_F_c1/train/4um/HFocusing_5_10_4um_0_853.npy,4um,1513,16384,8,15,6,2258.322509765625,3,peak_bin_energy_over_lowest_window_energy,1.042006585355728e-05,0.06464699949785369,0.06464700033762794,9.633466872463847,4.1907421074196734e-05,0.06425035690431312,0.06425037057141039,9.949205709223907,0.9938128800436429,7.802003708773111e-12
HFocusing_5_10_4um_0_856.npy,P0/data/dataset_Particles2SNR_F_c1/train/4um/HFocusing_5_10_4um_0_856.npy,4um,1514,16384,9,15,12,7380.29150390625,3,peak_bin_energy_over_lowest_window_energy,1.5406237940889954e-05,0.1488207662377338,0.14882076703517683,2.5093715805941406,9.021672801677469e-06,0.1482060901916152,0.148206090466201,2.5575965782418395,0.9987529289282121,3.3630165815324824e-12
HFocusing_5_10_4um_0_859.npy,P0/data/dataset_Particles2SNR_F_c1/train/4um/HFocusing_5_10_4um_0_859.npy,4um,1515,16384,5,15,8,2216.91943359375,3,peak_bin_energy_over_lowest_window_energy,0.00011528341326880976,0.07722247591112504,0.07722256196287236,5.405950320172547,0.00012175705632708173,0.07683054442015377,0.07683064089722269,5.4540238921655035,0.9965183150688284,8.068181291579758e-12
HFocusing_5_10_4um_0_862.npy,P0/data/dataset_Particles2SNR_F_c1/train/4um/HFocusing_5_10_4um_0_862.npy,4um,1516,16384,8,15,8,2562.149658203125,3,peak_bin_energy_over_lowest_window_energy,-4.896174253039276e-05,0.11839382937616538,0.11839383950022397,10.215025339246413,-3.2127421164988544e-05,0.1137832180561565,0.11378322259184809,10.447590238380576,0.9931468759992732,3.3149466764527665e-12
HFocusing_5_10_4um_0_865.npy,P0/data/dataset_Particles2SNR_F_c1/train/4um/HFocusing_5_10_4um_0_865.npy,4um,1517,16384,8,15,10,2577.233154296875,3,peak_bin_energy_over_lowest_window_energy,0.00013646787830984768,0.08470470213250063,0.08470481206423557,5.207714619512423,0.00010213790101729231,0.08432921344649189,0.08432927530018748,5.268239971143087,0.9972216588879513,3.91322892293091e-12
HFocusing_5_10_4um_0_868.npy,P0/data/dataset_Particles2SNR_F_c1/train/4um/HFocusing_5_10_4um_0_868.npy,4um,1518,16384,8,15,5,1774.4654541015625,3,peak_bin_energy_over_lowest_window_energy,4.3911149677598075e-05,0.0484966194163115,0.04849663929593088,16.611228141549102,4.7403542163853844e-05,0.0479601723089018,0.04796019573558224,17.400763844749594,0.9940318274941368,7.663623627278806e-12
HFocusing_5_10_4um_0_874.npy,P0/data/dataset_Particles2SNR_F_c1/train/4um/HFocusing_5_10_4um_0_874.npy,4um,1519,16384,2,15,5,2024.7535400390625,3,peak_bin_energy_over_lowest_window_energy,0.00010198592254715723,0.07034123424909157,0.07034130818241846,8.141713311824104,6.51310983218697e-05,0.06960761208723766,0.06960764255846712,8.506853959785392,0.9950005156700629,7.788093003055042e-12
HFocusing_5_10_4um_0_878.npy,P0/data/dataset_Particles2SNR_F_c1/train/4um/HFocusing_5_10_4um_0_878.npy,4um,1520,16384,3,15,6,2218.464599609375,3,peak_bin_energy_over_lowest_window_energy,-0.0003094195323980988,0.07234443742151749,0.0723450991172373,9.498416214903273,-0.0002067105267072942,0.07182706399732583,0.07182736144198666,9.726924393073404,0.9951948304678285,9.033541899174759e-12
HFocusing_5_10_4um_0_881.npy,P0/data/dataset_Particles2SNR_F_c1/train/4um/HFocusing_5_10_4um_0_881.npy,4um,1521,16384,6,15,7,1863.9501953125,3,peak_bin_energy_over_lowest_window_energy,-1.3803585985763436e-05,0.06268412931669591,0.06268413083653024,11.528017480519894,-1.997053732271904e-05,0.06220128639572905,0.06220128960163019,11.935248132199188,0.9947531758273688,7.363006810351944e-12
HFocusing_5_10_4um_0_884.npy,P0/data/dataset_Particles2SNR_F_c1/train/4um/HFocusing_5_10_4um_0_884.npy,4um,1522,16384,9,15,8,2270.2373046875,3,peak_bin_energy_over_lowest_window_energy,-0.00022089261587714056,0.091762935960007,0.09176320182702918,8.10679796275411,-0.00019045929479690444,0.09143581030682987,0.09143600866841,8.193475754896106,0.997791121698031,5.04469978308471e-12
HFocusing_5_10_4um_0_886.npy,P0/data/dataset_Particles2SNR_F_c1/train/4um/HFocusing_5_10_4um_0_886.npy,4um,1523,16384,3,15,8,2214.48828125,3,peak_bin_energy_over_lowest_window_energy,5.409744912070888e-05,0.09966182109742446,0.0996618357797459,7.877537515374003,4.713566381642224e-05,0.0993345313108562,0.09933454249413079,7.990499241007724,0.9980812329606336,4.993014377247258e-12
HFocusing_5_10_4um_0_889.npy,P0/data/dataset_Particles2SNR_F_c1/train/4um/HFocusing_5_10_4um_0_889.npy,4um,1524,16384,7,15,9,2178.383056640625,3,peak_bin_energy_over_lowest_window_energy,-0.00013526216397806692,0.10005125997888976,0.10005135141124477,11.648200392063668,-0.00013633482757775025,0.0997849260444414,0.09978501918063579,11.784121939590008,0.9978955362662053,5.306355999237501e-12
HFocusing_5_10_4um_0_892.npy,P0/data/dataset_Particles2SNR_F_c1/train/4um/HFocusing_5_10_4um_0_892.npy,4um,1525,16384,5,15,4,1674.7352294921875,3,peak_bin_energy_over_lowest_window_energy,7.316776487343057e-05,0.030303601584359054,0.03030368991567504,0.22019361889979727,4.515652227671527e-05,0.029293709696148227,0.029293744500724257,0.27231001233711005,0.9743152898759052,1.0200652768483916e-11
HFocusing_5_10_4um_0_893.npy,P0/data/dataset_Particles2SNR_F_c1/train/4um/HFocusing_5_10_4um_0_893.npy,4um,1526,16384,6,15,5,2085.3115234375,3,peak_bin_energy_over_lowest_window_energy,-8.954433012802574e-05,0.0847640852753117,0.08476413257237624,10.88300581817017,-8.949670399138954e-05,0.08466030442653825,0.08466035173122162,11.262214914382186,0.9961854378195996,3.313372604225908e-12
HFocusing_5_10_4um_0_899.npy,P0/data/dataset_Particles2SNR_F_c1/train/4um/HFocusing_5_10_4um_0_899.npy,4um,1527,16384,4,15,7,2294.2880859375,3,peak_bin_energy_over_lowest_window_energy,-0.00010268293244262336,0.06844234738932241,0.06844242441603966,12.303040101476137,-7.748338964031859e-05,0.06798364573972619,0.06798368989500543,12.614138402640936,0.9961732120614842,7.041238296115719e-12
HFocusing_5_10_4um_0_90.npy,P0/data/dataset_Particles2SNR_F_c1/train/4um/HFocusing_5_10_4um_0_90.npy,4um,1528,16384,0,15,0,2123.240966796875,3,peak_bin_energy_over_lowest_window_energy,-6.83055273004567e-05,0.02753332877866317,0.027533413505757352,-0.04896282158496135,-4.415547716958297e-05,0.02639465470943495,0.026394691643140303,-0.05052243826444869,0.9762774749857718,1.538793978601821e-11
HFocusing_5_10_4um_0_903.npy,P0/data/dataset_Particles2SNR_F_c1/train/4um/HFocusing_5_10_4um_0_903.npy,4um,1529,16384,4,15,8,2168.954833984375,3,peak_bin_energy_over_lowest_window_energy,8.442992552523473e-07,0.10405094851788237,0.1040509485213078,7.265444346961225,-8.5063076891904e-06,0.10373225853360553,0.10373225888237492,7.359651637805978,0.9977399747534849,4.347205064798781e-12
HFocusing_5_10_4um_0_906.npy,P0/data/dataset_Particles2SNR_F_c1/train/4um/HFocusing_5_10_4um_0_906.npy,4um,1530,16384,4,15,8,2170.650146484375,3,peak_bin_energy_over_lowest_window_energy,8.231007698511767e-05,0.11068184351321424,0.11068187411872109,4.679670990529588,6.572591937512163e-05,0.11040614057873469,0.11040616014239334,4.721234486524375,0.9984484413084936,4.974259103509714e-12
HFocusing_5_10_4um_0_91.npy,P0/data/dataset_Particles2SNR_F_c1/train/4um/HFocusing_5_10_4um_0_91.npy,4um,1531,16384,5,15,5,1925.0693359375,3,peak_bin_energy_over_lowest_window_energy,-2.5358239984395607e-05,0.03328491202164482,0.033284921681280416,1.333053081798698,-1.8628861794008597e-05,0.031949883069595904,0.031949888500515035,1.3257875370483214,0.9808602060699986,1.2591991481330197e-11
HFocusing_5_10_4um_0_912.npy,P0/data/dataset_Particles2SNR_F_c1/train/4um/HFocusing_5_10_4um_0_912.npy,4um,1532,16384,4,15,6,2339.727294921875,3,peak_bin_energy_over_lowest_window_energy,-3.772210870296276e-05,0.061227991314308824,0.061228002934462615,8.693281379710836,-3.180248056482041e-05,0.06074740298394475,0.06074741130856154,8.940089169533255,0.9952793602274875,6.5378780727761545e-12
HFocusing_5_10_4um_0_915.npy,P0/data/dataset_Particles2SNR_F_c1/train/4um/HFocusing_5_10_4um_0_915.npy,4um,1533,16384,6,15,10,2510.892578125,3,peak_bin_energy_over_lowest_window_energy,-1.0427738389014239e-05,0.08203676902654933,0.08203676968928708,8.074627948091507,-1.6521105029004834e-05,0.08170583787351893,0.0817058395438213,8.191735563210681,0.9974915538909684,3.4449415466083553e-12
HFocusing_5_10_4um_0_921.npy,P0/data/dataset_Particles2SNR_F_c1/train/4um/HFocusing_5_10_4um_0_921.npy,4um,1534,16384,9,15,11,2748.287841796875,3,peak_bin_energy_over_lowest_window_energy,2.5450009832147597e-05,0.10117171516417058,0.10117171836517883,4.94849855523896,9.667338924331665e-06,0.10086301714824364,0.10086301761153259,4.991591520204117,0.9981371886041758,5.762986154605939e-12
HFocusing_5_10_4um_0_924.npy,P0/data/dataset_Particles2SNR_F_c1/train/4um/HFocusing_5_10_4um_0_924.npy,4um,1535,16384,8,15,12,12675.1494140625,3,peak_bin_energy_over_lowest_window_energy,-5.868232065542419e-05,0.1429716954693558,0.14297170751235,1.6577704181399202,-5.53786643992125e-05,0.14260827397263845,0.14260828472515746,1.6748825245645422,0.9988531122146063,4.784587259389226e-12
HFocusing_5_10_4um_0_930.npy,P0/data/dataset_Particles2SNR_F_c1/train/4um/HFocusing_5_10_4um_0_930.npy,4um,1536,16384,8,15,9,2744.212890625,3,peak_bin_energy_over_lowest_window_energy,2.330427031238915e-06,0.1293791865300049,0.12937918655099317,7.517737541408339,8.02649753342137e-07,0.12897001113336878,0.12897001113586645,7.569839815221318,0.9986938065872566,5.432625175709848e-12
HFocusing_5_10_4um_0_933.npy,P0/data/dataset_Particles2SNR_F_c1/train/4um/HFocusing_5_10_4um_0_933.npy,4um,1537,16384,7,15,8,1988.86376953125,3,peak_bin_energy_over_lowest_window_energy,0.00012778733420995474,0.06668461851837498,0.06668474095731335,8.968689607067933,3.9617209766820244e-05,0.06625542499224278,0.06625543683673076,9.188858354564967,0.995119193643129,7.189908246496857e-12
HFocusing_5_10_4um_0_939.npy,P0/data/dataset_Particles2SNR_F_c1/train/4um/HFocusing_5_10_4um_0_939.npy,4um,1538,16384,7,15,7,2248.628173828125,3,peak_bin_energy_over_lowest_window_energy,-0.00040607887845293966,0.07230484974697321,0.07230599004915084,8.53766353955894,-0.0003897740366234742,0.07120356859180801,0.07120463541096138,8.75929096540128,0.9955274052382648,8.874967925497604e-12
HFocusing_5_10_4um_0_942.npy,P0/data/dataset_Particles2SNR_F_c1/train/4um/HFocusing_5_10_4um_0_942.npy,4um,1539,16384,6,15,8,2331.4873046875,3,peak_bin_energy_over_lowest_window_energy,0.00012816882156787483,0.10416888975769682,0.10416896860676897,5.934563158651233,9.526618530265102e-05,0.10387070895995687,0.10387075264717266,5.9970295412595735,0.998061900916867,5.928471414142038e-12
HFocusing_5_10_4um_0_948.npy,P0/data/dataset_Particles2SNR_F_c1/train/4um/HFocusing_5_10_4um_0_948.npy,4um,1540,16384,7,15,7,2492.021728515625,3,peak_bin_energy_over_lowest_window_energy,-2.5167091850183754e-05,0.0909868724049966,0.09098687588562235,7.042328361871995,-1.5323460524999336e-05,0.0906490941312539,0.0906490954264044,7.121918663115688,0.9975545342610255,5.137149907959906e-12
HFocusing_5_10_4um_0_951.npy,P0/data/dataset_Particles2SNR_F_c1/train/4um/HFocusing_5_10_4um_0_951.npy,4um,1541,16384,7,15,8,2311.101318359375,3,peak_bin_energy_over_lowest_window_energy,6.884789515984387e-05,0.10368075719959852,0.1036807800583829,6.201654509015199,4.091470344635701e-05,0.10334295429148195,0.10334296239079024,6.270498199503127,0.9980531265722858,8.133104354890208e-12
HFocusing_5_10_4um_0_954.npy,P0/data/dataset_Particles2SNR_F_c1/train/4um/HFocusing_5_10_4um_0_954.npy,4um,1542,16384,8,15,10,2637.067138671875,3,peak_bin_energy_over_lowest_window_energy,-3.0702542391182225e-05,0.13519067353613423,0.13519067702249196,3.612657448565801,-4.494729214412637e-05,0.13502176711705105,0.1350217745982856,3.684030920941547,0.9987594164888902,5.609379804150137e-12
HFocusing_5_10_4um_0_957.npy,P0/data/dataset_Particles2SNR_F_c1/train/4um/HFocusing_5_10_4um_0_957.npy,4um,1543,16384,3,15,7,2319.499267578125,3,peak_bin_energy_over_lowest_window_energy,2.492569719667286e-05,0.05902931712735588,0.059029322389913395,10.240816356479936,2.6381003948633694e-05,0.05853738312705128,0.05853738907160583,10.558672613813709,0.9951030994438322,7.579052035619018e-12
HFocusing_5_10_4um_0_960.npy,P0/data/dataset_Particles2SNR_F_c1/train/4um/HFocusing_5_10_4um_0_960.npy,4um,1544,16384,6,15,7,2392.638427734375,3,peak_bin_energy_over_lowest_window_energy,-4.2872285209055516e-05,0.11265354093817191,0.11265354909607249,7.626658412420271,-7.956432668770435e-05,0.11235757308935501,0.11235760126049253,7.741652657947592,0.9980244717753409,3.4873422330757886e-12
HFocusing_5_10_4um_0_963.npy,P0/data/dataset_Particles2SNR_F_c1/train/4um/HFocusing_5_10_4um_0_963.npy,4um,1545,16384,11,15,10,2858.861572265625,3,peak_bin_energy_over_lowest_window_energy,-0.00032458498580852546,0.07833126664135233,0.07833193913756793,8.43450284389479,-0.0002239807420468075,0.07784281764118284,0.07784313987559374,8.601499142877925,0.9955771299500665,6.383671183977589e-12
HFocusing_5_10_4um_0_966.npy,P0/data/dataset_Particles2SNR_F_c1/train/4um/HFocusing_5_10_4um_0_966.npy,4um,1546,16384,5,15,9,2407.522705078125,3,peak_bin_energy_over_lowest_window_energy,0.00013280936918698283,0.07931086678127792,0.07931097797862638,9.88316811464706,0.0001370475397301094,0.07897399167062862,0.07897411058328334,10.036824566224976,0.9972907442480945,6.582421701829563e-12
HFocusing_5_10_4um_0_969.npy,P0/data/dataset_Particles2SNR_F_c1/train/4um/HFocusing_5_10_4um_0_969.npy,4um,1547,16384,2,15,6,2248.947265625,3,peak_bin_energy_over_lowest_window_energy,-1.975687897412362e-05,0.07730444299891805,0.07730444552357411,10.888684817026025,-1.8427223296221016e-05,0.0769609179634598,0.07696092016953116,11.082462763260677,0.9973430366153092,3.399791898941062e-12
HFocusing_5_10_4um_0_972.npy,P0/data/dataset_Particles2SNR_F_c1/train/4um/HFocusing_5_10_4um_0_972.npy,4um,1548,16384,7,15,9,2548.30517578125,3,peak_bin_energy_over_lowest_window_energy,-0.0003439185242214484,0.10928914538519038,0.10928968651696547,6.588574323823421,-0.00026211078557568385,0.10893903191466166,0.1089393472376606,6.668288670165531,0.9981307993588017,5.43982631726358e-12
HFocusing_5_10_4um_0_975.npy,P0/data/dataset_Particles2SNR_F_c1/train/4um/HFocusing_5_10_4um_0_975.npy,4um,1549,16384,4,15,3,2008.81103515625,3,peak_bin_energy_over_lowest_window_energy,0.0001541038939645074,0.07544057856546975,0.07544073596077222,18.28343228617142,0.00010580160147449387,0.07506407212909942,0.07506414669188956,18.672907106162818,0.9967887776957057,4.869919287883357e-12
HFocusing_5_10_4um_0_977.npy,P0/data/dataset_Particles2SNR_F_c1/train/4um/HFocusing_5_10_4um_0_977.npy,4um,1550,16384,6,15,7,2230.879638671875,3,peak_bin_energy_over_lowest_window_energy,-1.3369014408479181e-05,0.07332498170385914,0.0733249829226153,8.688104427244859,-1.5258630220580283e-05,0.07295373251373355,0.07295373410944213,8.846931272382843,0.9965602293804965,7.691713479347913e-12
HFocusing_5_10_4um_0_980.npy,P0/data/dataset_Particles2SNR_F_c1/train/4um/HFocusing_5_10_4um_0_980.npy,4um,1551,16384,8,15,11,3979.994140625,3,peak_bin_energy_over_lowest_window_energy,4.823100977003666e-05,0.11880930823920083,0.11880931802896495,3.4957266055134264,1.837641463770722e-05,0.11608561069250552,0.11608561214700368,3.488953879369168,0.9972118291729497,4.3720487059583655e-12
HFocusing_5_10_4um_0_983.npy,P0/data/dataset_Particles2SNR_F_c1/train/4um/HFocusing_5_10_4um_0_983.npy,4um,1552,16384,3,15,6,1853.7857666015625,3,peak_bin_energy_over_lowest_window_energy,-5.458405160974372e-05,0.06415347462566767,0.06415349784668702,8.35638511230949,-5.591082617426527e-05,0.06362232396984896,0.06362234853685378,8.552824757111258,0.994083737947662,8.978965512817747e-12
HFocusing_5_10_4um_0_989.npy,P0/data/dataset_Particles2SNR_F_c1/train/4um/HFocusing_5_10_4um_0_989.npy,4um,1553,16384,6,15,7,2178.325927734375,3,peak_bin_energy_over_lowest_window_energy,0.00031293744197151115,0.09858580495170151,0.09858630162359029,3.81427245559129,0.00024941883741387197,0.09828985326785675,0.09829016972807232,3.872018184535114,0.9979710675666829,4.457792680373725e-12
HFocusing_5_10_4um_0_992.npy,P0/data/dataset_Particles2SNR_F_c1/train/4um/HFocusing_5_10_4um_0_992.npy,4um,1554,16384,5,15,10,2443.809814453125,3,peak_bin_energy_over_lowest_window_energy,3.77580225259812e-05,0.08724776287958279,0.08724777104981062,6.599496954194262,-7.557005071320041e-06,0.08689071465109548,0.08689071497971704,6.706433874560146,0.9976522576335267,6.7583090246546924e-12
HFocusing_5_10_4um_0_995.npy,P0/data/dataset_Particles2SNR_F_c1/train/4um/HFocusing_5_10_4um_0_995.npy,4um,1555,16384,8,15,7,2522.286865234375,3,peak_bin_energy_over_lowest_window_energy,-0.0002535393956824482,0.08295785258836876,0.0829582400265259,21.127977636856066,-9.707602753115488e-05,0.08200663781641788,0.08200669527366812,22.47467865453854,0.9950044831877387,6.495160672647677e-12
HFocusing_5_10_10um_0_1.npy,P0/data/dataset_Particles2SNR_F_c1/train/10um/HFocusing_5_10_10um_0_1.npy,10um,1556,16384,2,15,4,2006.9183349609375,3,peak_bin_energy_over_lowest_window_energy,-5.7425443926405184e-05,0.16376502937753898,0.1637650394458714,30.287887633768335,-4.392987788179122e-05,0.16196018505361956,0.161960191011362,30.700948578244876,0.9914146329345784,7.512779415732242e-12
HFocusing_5_10_10um_0_10.npy,P0/data/dataset_Particles2SNR_F_c1/train/10um/HFocusing_5_10_10um_0_10.npy,10um,1557,16384,0,15,0,1789.4310302734375,3,peak_bin_energy_over_lowest_window_energy,5.6124997845551365e-05,0.025895519476880294,0.025895580298438376,-0.0054365961068372215,4.0332364744365576e-05,0.02481443048698987,0.024814463264259783,-0.06978893112680495,0.9722483145337862,1.2462637398587641e-11
HFocusing_5_10_10um_0_100.npy,P0/data/dataset_Particles2SNR_F_c1/train/10um/HFocusing_5_10_10um_0_100.npy,10um,1558,16384,2,15,1,2056.138427734375,3,peak_bin_energy_over_lowest_window_energy,-8.891000928019921e-05,0.07036414311998206,0.07036419929196287,113.99081676878535,-9.850841965172687e-05,0.0670804857503912,0.06708055808069263,120.90391322029643,0.9641251011305175,3.652927705322709e-12
HFocusing_5_10_10um_0_1000.npy,P0/data/dataset_Particles2SNR_F_c1/train/10um/HFocusing_5_10_10um_0_1000.npy,10um,1559,16384,5,15,6,2060.798095703125,3,peak_bin_energy_over_lowest_window_energy,0.00011925661829335449,0.041808059506470464,0.04180822959463343,3.1513258262619654,9.129303968654213e-05,0.04098592119289544,0.040986022866940024,3.4320684585741805,0.9870952579853078,1.14306810707236e-11
HFocusing_5_10_10um_0_1003.npy,P0/data/dataset_Particles2SNR_F_c1/train/10um/HFocusing_5_10_10um_0_1003.npy,10um,1560,16384,8,15,11,5627.37109375,3,peak_bin_energy_over_lowest_window_energy,-6.656323494940273e-06,0.30197711062203714,0.30197711069539807,8.331141938265516,-1.4439599067018358e-05,0.30122010197685395,0.30122010232294977,8.418700903214967,0.9991609282576509,3.379474012033637e-12
HFocusing_5_10_10um_0_1006.npy,P0/data/dataset_Particles2SNR_F_c1/train/10um/HFocusing_5_10_10um_0_1006.npy,10um,1561,16384,1,15,4,1709.9398193359375,3,peak_bin_energy_over_lowest_window_energy,-4.5500563746300375e-05,0.04079863699037132,0.04079866236255052,10.769052357393111,-5.634472603480196e-05,0.04018364873420374,0.04018368823692054,11.490223807875532,0.9901918460393873,6.8271180754971034e-12
HFocusing_5_10_10um_0_1009.npy,P0/data/dataset_Particles2SNR_F_c1/train/10um/HFocusing_5_10_10um_0_1009.npy,10um,1562,16384,2,15,3,2110.532470703125,3,peak_bin_energy_over_lowest_window_energy,5.0165753898465335e-05,0.07598865976336751,0.07598867632243433,7.5544636613769125,4.18895686518951e-05,0.07548889724804228,0.0754889088705185,7.763953595527465,0.9960573405159818,8.270250995451614e-12
HFocusing_5_10_10um_0_101.npy,P0/data/dataset_Particles2SNR_F_c1/train/10um/HFocusing_5_10_10um_0_101.npy,10um,1563,16384,15,15,10,2845.714599609375,3,peak_bin_energy_over_lowest_window_energy,-1.711095726477752e-05,0.03792208116818237,0.03792208502853015,0.5336478551164645,-1.3313253556664244e-05,0.03659395292353761,0.03659395534528628,0.47946545606942514,0.9788645160027415,1.567005643872098e-11
HFocusing_5_10_10um_0_1013.npy,P0/data/dataset_Particles2SNR_F_c1/train/10um/HFocusing_5_10_10um_0_1013.npy,10um,1564,16384,2,15,4,2087.158203125,3,peak_bin_energy_over_lowest_window_energy,-7.910827607585864e-05,0.038494535615604064,0.0384946169013325,2.743433921863306,-6.005732504330578e-05,0.03774986642021022,0.037749914193624425,2.989996986242841,0.9877580541784561,8.104134406959942e-12
HFocusing_5_10_10um_0_1015.npy,P0/data/dataset_Particles2SNR_F_c1/train/10um/HFocusing_5_10_10um_0_1015.npy,10um,1565,16384,0,15,0,1821.8145751953125,3,peak_bin_energy_over_lowest_window_energy,3.505532683746281e-05,0.026909822425297103,0.026909845258510177,0.07726062050784188,3.494428768110876e-05,0.025739723063159393,0.025739746783357855,0.08713981730094433,0.9695187893740165,1.1037772138215542e-11
HFocusing_5_10_10um_0_1016.npy,P0/data/dataset_Particles2SNR_F_c1/train/10um/HFocusing_5_10_10um_0_1016.npy,10um,1566,16384,13,15,8,2208.6259765625,3,peak_bin_energy_over_lowest_window_energy,4.793163591511386e-05,0.03500490569176859,0.035004938507749654,0.26846793217005294,4.03827446258411e-05,0.03251908850890834,0.03251911358288042,0.3477617376858433,0.9344138414223653,6.6208633388524064e-12
HFocusing_5_10_10um_0_1019.npy,P0/data/dataset_Particles2SNR_F_c1/train/10um/HFocusing_5_10_10um_0_1019.npy,10um,1567,16384,2,15,5,2035.0634765625,3,peak_bin_energy_over_lowest_window_energy,-5.936554624838555e-05,0.06313683323783212,0.06313686114758878,7.0894693514571845,-4.7072487469218134e-05,0.06159369146895304,0.06159370945633698,7.222927634596717,0.9936648916256692,5.409276396614237e-12
HFocusing_5_10_10um_0_1022.npy,P0/data/dataset_Particles2SNR_F_c1/train/10um/HFocusing_5_10_10um_0_1022.npy,10um,1568,16384,9,15,11,3511.705078125,3,peak_bin_energy_over_lowest_window_energy,1.9906640306723898e-05,0.16728930162105138,0.16728930280544965,6.238363274165245,1.7617242799118285e-06,0.1591469593997284,0.15914695940947937,6.350028826473999,0.9926387141441579,2.7374445708422767e-12
HFocusing_5_10_10um_0_1025.npy,P0/data/dataset_Particles2SNR_F_c1/train/10um/HFocusing_5_10_10um_0_1025.npy,10um,1569,16384,7,15,5,1981.8870849609375,3,peak_bin_energy_over_lowest_window_energy,-9.45094607322223e-05,0.03855775763302144,0.03855787345958009,4.844102912591882,-5.914332130022831e-05,0.03774751900712264,0.03774756534037049,5.271563690193453,0.9863103929082864,1.0351283067345426e-11
HFocusing_5_10_10um_0_1027.npy,P0/data/dataset_Particles2SNR_F_c1/train/10um/HFocusing_5_10_10um_0_1027.npy,10um,1570,16384,7,15,4,2036.6083984375,3,peak_bin_energy_over_lowest_window_energy,1.9503924206141833e-05,0.06797702264403324,0.06797702544205997,61.62602406760038,4.9744142741811355e-05,0.06577930979759228,0.0657793286065414,63.68297817024079,0.9735677007812763,6.375783858330728e-12
HFocusing_5_10_10um_0_1033.npy,P0/data/dataset_Particles2SNR_F_c1/train/10um/HFocusing_5_10_10um_0_1033.npy,10um,1571,16384,1,15,1,1710.5540771484375,3,peak_bin_energy_over_lowest_window_energy,0.0001567727963280686,0.035570857170109556,0.03557120264379605,7.365919126390715,9.728543405393604e-05,0.03315901419757721,0.033159156910434355,5.835700843005812,0.9763027937889645,6.4663958351320085e-12
HFocusing_5_10_10um_0_1037.npy,P0/data/dataset_Particles2SNR_F_c1/train/10um/HFocusing_5_10_10um_0_1037.npy,10um,1572,16384,7,15,8,2282.699462890625,3,peak_bin_energy_over_lowest_window_energy,7.902200367748964e-05,0.05286042601231465,0.0528604850779905,9.19798375392436,6.523606721153293e-05,0.05214433657626924,0.052144377383604036,9.755935067730649,0.9904939133432643,7.949196743931592e-12
HFocusing_5_10_10um_0_1039.npy,P0/data/dataset_Particles2SNR_F_c1/train/10um/HFocusing_5_10_10um_0_1039.npy,10um,1573,16384,0,15,0,1682.85888671875,3,peak_bin_energy_over_lowest_window_energy,-7.086913418163548e-05,0.025316529479135336,0.025316628671726966,-0.12254325034228053,-6.597067193213066e-05,0.02431124114374053,0.024311330652160065,-0.09482609930038821,0.9712264273021434,1.0191810967156207e-11
HFocusing_5_10_10um_0_104.npy,P0/data/dataset_Particles2SNR_F_c1/train/10um/HFocusing_5_10_10um_0_104.npy,10um,1574,16384,1,15,2,1730.12255859375,3,peak_bin_energy_over_lowest_window_energy,5.2063649251263414e-05,0.04581650518609986,0.045816534767390345,10.734463320886839,1.5822918922340122e-05,0.0451773333251837,0.045177336096094874,11.351433151165008,0.9912595531532652,9.372741209716966e-12
HFocusing_5_10_10um_0_1043.npy,P0/data/dataset_Particles2SNR_F_c1/train/10um/HFocusing_5_10_10um_0_1043.npy,10um,1575,16384,5,15,6,1977.9588623046875,3,peak_bin_energy_over_lowest_window_energy,2.0120588463445904e-05,0.045971273230396806,0.045971277633560265,7.676976205549357,3.1738335887953085e-05,0.04529013032651503,0.045290141447280566,8.296802114640219,0.9892643010977945,6.425877895760528e-12
HFocusing_5_10_10um_0_1046.npy,P0/data/dataset_Particles2SNR_F_c1/train/10um/HFocusing_5_10_10um_0_1046.npy,10um,1576,16384,5,15,8,2038.2633056640625,3,peak_bin_energy_over_lowest_window_energy,5.415407265220581e-05,0.06523785537403719,0.06523787785073466,4.647108151413513,3.25931166999175e-05,0.06256760305989374,0.06256761154920076,4.636016915578766,0.9922411144470038,3.865135248466543e-12
HFocusing_5_10_10um_0_1048.npy,P0/data/dataset_Particles2SNR_F_c1/train/10um/HFocusing_5_10_10um_0_1048.npy,10um,1577,16384,0,15,0,1649.5384521484375,3,peak_bin_energy_over_lowest_window_energy,-1.2151024193696674e-05,0.025230056128510193,0.02523005905453183,-0.1278071121457467,-3.468530459296734e-05,0.024145527145293135,0.02414555205818335,-0.13675004426136717,0.9756832397067235,9.856826546329379e-12
HFocusing_5_10_10um_0_1049.npy,P0/data/dataset_Particles2SNR_F_c1/train/10um/HFocusing_5_10_10um_0_1049.npy,10um,1578,16384,8,15,8,2219.251708984375,3,peak_bin_energy_over_lowest_window_energy,-0.0002553602624355555,0.050825564292404125,0.05082620578505675,4.434352527204515,-0.00019246416171728707,0.050059047690518145,0.050059417676748055,4.6119591229656836,0.9903484293376271,7.716713241856339e-12
HFocusing_5_10_10um_0_1052.npy,P0/data/dataset_Particles2SNR_F_c1/train/10um/HFocusing_5_10_10um_0_1052.npy,10um,1579,16384,1,15,1,1890.5897216796875,3,peak_bin_energy_over_lowest_window_energy,6.646503627203474e-05,0.04156899735634512,0.04156905049207733,6.146215208278591,4.3605021479317375e-05,0.04072724830745264,0.0407272716505145,6.540194201651785,0.9863295565617876,7.784724769798649e-12
HFocusing_5_10_10um_0_1055.npy,P0/data/dataset_Particles2SNR_F_c1/train/10um/HFocusing_5_10_10um_0_1055.npy,10um,1580,16384,5,15,5,1658.1234130859375,3,peak_bin_energy_over_lowest_window_energy,-2.522381922777601e-05,0.08219924454094306,0.08219924841105795,54.20549831930772,-8.876834438331875e-06,0.07860561962367296,0.07860562012489787,58.21934240445746,0.9685051569868109,4.801784788345115e-12
HFocusing_5_10_10um_0_1056.npy,P0/data/dataset_Particles2SNR_F_c1/train/10um/HFocusing_5_10_10um_0_1056.npy,10um,1581,16384,6,15,6,1959.4915771484375,3,peak_bin_energy_over_lowest_window_energy,3.964824529155257e-06,0.06590066586047946,0.06590066597974861,12.37485652324463,1.985845288599757e-05,0.06486547293799214,0.06486547597780765,12.76495776743204,0.9945410547971677,9.103756952974367e-12
HFocusing_5_10_10um_0_1059.npy,P0/data/dataset_Particles2SNR_F_c1/train/10um/HFocusing_5_10_10um_0_1059.npy,10um,1582,16384,8,15,8,2065.192626953125,3,peak_bin_energy_over_lowest_window_energy,2.280155855483376e-05,0.10444359420945193,0.10444359669840814,37.157797838527614,4.9200285211476835e-06,0.10051130234184315,0.10051130246226085,38.3655485676617,0.9697777082759126,4.2862354492868995e-12
HFocusing_5_10_10um_0_1062.npy,P0/data/dataset_Particles2SNR_F_c1/train/10um/HFocusing_5_10_10um_0_1062.npy,10um,1583,16384,1,15,3,1949.7669677734375,3,peak_bin_energy_over_lowest_window_energy,-5.258589277823994e-05,0.05623066967153754,0.056230694260214244,10.636207825979206,-4.54060580309231e-05,0.05569140049978102,0.05569141900990777,11.022726989625317,0.9933487121635112,2.906893561134025e-12
HFocusing_5_10_10um_0_1065.npy,P0/data/dataset_Particles2SNR_F_c1/train/10um/HFocusing_5_10_10um_0_1065.npy,10um,1584,16384,4,15,6,1814.3900146484375,3,peak_bin_energy_over_lowest_window_energy,8.575364446792612e-05,0.08370539943449581,0.083705443360489,13.268240853714229,7.489385814379356e-05,0.08344420792536456,0.08344424153518001,13.416834109153292,0.9976991396784897,4.399540103402632e-12
HFocusing_5_10_10um_0_1068.npy,P0/data/dataset_Particles2SNR_F_c1/train/10um/HFocusing_5_10_10um_0_1068.npy,10um,1585,16384,1,15,3,1868.1654052734375,3,peak_bin_energy_over_lowest_window_energy,-2.4687878641422602e-05,0.06896830503796358,0.06896830945659713,15.665105514556405,-2.7598920215714395e-05,0.06857177769900553,0.06857178325304243,15.991653893167804,0.9963591557571109,9.367712313356511e-12
HFocusing_5_10_10um_0_107.npy,P0/data/dataset_Particles2SNR_F_c1/train/10um/HFocusing_5_10_10um_0_107.npy,10um,1586,16384,6,15,6,2071.550537109375,3,peak_bin_energy_over_lowest_window_energy,-8.186944653913527e-05,0.08097510089738465,0.08097514228420905,57.092935441870175,-7.046401903057942e-05,0.07736047583131776,0.07736050792249155,60.02124529912332,0.9710942253855435,1.7003713090132453e-11
HFocusing_5_10_10um_0_1070.npy,P0/data/dataset_Particles2SNR_F_c1/train/10um/HFocusing_5_10_10um_0_1070.npy,10um,1587,16384,10,15,8,1907.79931640625,3,peak_bin_energy_over_lowest_window_energy,-3.7502319658389135e-05,0.09587073507160473,0.09587074240660601,32.27231246477205,-4.3754713103336785e-05,0.09243580315511414,0.0924358135108137,33.199166913421934,0.9744849411952615,8.347025379767042e-12
HFocusing_5_10_10um_0_1073.npy,P0/data/dataset_Particles2SNR_F_c1/train/10um/HFocusing_5_10_10um_0_1073.npy,10um,1588,16384,3,15,2,1712.5594482421875,3,peak_bin_energy_over_lowest_window_energy,4.457691585231584e-05,0.05586795820811254,0.05586797599201923,73.898072684585,4.998269441414442e-05,0.05282021557859937,0.05282023922739702,79.11154612499969,0.952231020757201,5.64398186941612e-12
HFocusing_5_10_10um_0_1074.npy,P0/data/dataset_Particles2SNR_F_c1/train/10um/HFocusing_5_10_10um_0_1074.npy,10um,1589,16384,4,15,6,2030.61767578125,3,peak_bin_energy_over_lowest_window_energy,-4.783488027917041e-05,0.052160577303096804,0.05216059923704969,8.985084992114416,-3.6447415543397196e-05,0.05169076008780931,0.05169077293743593,9.280749430253707,0.9945725921747924,5.826219137141512e-12
HFocusing_5_10_10um_0_1077.npy,P0/data/dataset_Particles2SNR_F_c1/train/10um/HFocusing_5_10_10um_0_1077.npy,10um,1590,16384,1,15,2,1896.9801025390625,3,peak_bin_energy_over_lowest_window_energy,1.8917828257856223e-06,0.052145342410323356,0.05214534244463939,10.56106599178226,-1.8009460772256596e-05,0.05160341717657864,0.05160342031920645,11.010416319186408,0.9933562495353004,7.554626861028658e-12
HFocusing_5_10_10um_0_108.npy,P0/data/dataset_Particles2SNR_F_c1/train/10um/HFocusing_5_10_10um_0_108.npy,10um,1591,16384,9,15,11,3145.7119140625,3,peak_bin_energy_over_lowest_window_energy,0.00011221263319273575,0.2526202346481252,0.2526202595702667,15.418669269268197,8.501633748289958e-05,0.25183091013275627,0.25183092448321354,15.61575644959838,0.9974745680475784,3.0557251699870375e-12
HFocusing_5_10_10um_0_1083.npy,P0/data/dataset_Particles2SNR_F_c1/train/10um/HFocusing_5_10_10um_0_1083.npy,10um,1592,16384,7,15,7,2284.2041015625,3,peak_bin_energy_over_lowest_window_energy,-4.9583888274196104e-05,0.07392007981411895,0.07392009644398262,63.970353648374555,-4.447107241179146e-05,0.07085011726088039,0.07085013121763983,66.67346858753127,0.9698936001286104,3.2950531813005396e-11
HFocusing_5_10_10um_0_1084.npy,P0/data/dataset_Particles2SNR_F_c1/train/10um/HFocusing_5_10_10um_0_1084.npy,10um,1593,16384,4,15,7,2309.73876953125,3,peak_bin_energy_over_lowest_window_energy,-1.2250153490975856e-05,0.060446596381251154,0.06044659762256389,3.264755570617475,-1.4136517522293657e-05,0.05549298828901467,0.05549299008961265,3.4203780078469403,0.9589517414621325,4.862614209590674e-12
HFocusing_5_10_10um_0_1087.npy,P0/data/dataset_Particles2SNR_F_c1/train/10um/HFocusing_5_10_10um_0_1087.npy,10um,1594,16384,7,15,10,2506.646484375,3,peak_bin_energy_over_lowest_window_energy,-3.12752173995426e-05,0.10661482187718,0.10661482646443712,50.43504524972152,1.8135501518719188e-06,0.10180921099633958,0.10180921101249217,52.806684385281386,0.968302417190612,1.0381100517732871e-11
HFocusing_5_10_10um_0_1090.npy,P0/data/dataset_Particles2SNR_F_c1/train/10um/HFocusing_5_10_10um_0_1090.npy,10um,1595,16384,3,15,1,1903.2288818359375,3,peak_bin_energy_over_lowest_window_energy,5.398095804661145e-06,0.026657755822600694,0.026657756369147786,0.21679923749204866,8.302688209264807e-06,0.025721840865897936,0.025721842205899806,0.2109816217879641,0.979188619894303,1.160008141002213e-11
HFocusing_5_10_10um_0_1094.npy,P0/data/dataset_Particles2SNR_F_c1/train/10um/HFocusing_5_10_10um_0_1094.npy,10um,1596,16384,7,15,6,2193.643310546875,3,peak_bin_energy_over_lowest_window_energy,-4.0364355474385545e-05,0.0704291533947804,0.0704291649615889,49.14043108888768,-4.238907573705025e-05,0.06669094714951729,0.06669096062086263,52.819687178388264,0.9536956323567577,6.8945344356388225e-12
HFocusing_5_10_10um_0_1098.npy,P0/data/dataset_Particles2SNR_F_c1/train/10um/HFocusing_5_10_10um_0_1098.npy,10um,1597,16384,13,15,11,2484.896728515625,3,peak_bin_energy_over_lowest_window_energy,-8.567748218206686e-06,0.09595430024463193,0.09595430062713854,67.55657988250448,-5.376612360352771e-06,0.09158426628169246,0.09158426643951412,72.23259876455482,0.9606360232702246,5.014692938900266e-12
HFocusing_5_10_10um_0_1099.npy,P0/data/dataset_Particles2SNR_F_c1/train/10um/HFocusing_5_10_10um_0_1099.npy,10um,1598,16384,2,15,2,1753.0166015625,3,peak_bin_energy_over_lowest_window_energy,-6.437916153371533e-06,0.04128401958466876,0.041284020086639804,4.91868577246969,-1.20130922109654e-05,0.040663119617160154,0.04066312139167207,5.256103682174253,0.9907276001737855,7.411854210457218e-12
HFocusing_5_10_10um_0_11.npy,P0/data/dataset_Particles2SNR_F_c1/train/10um/HFocusing_5_10_10um_0_11.npy,10um,1599,16384,7,15,8,2325.683837890625,3,peak_bin_energy_over_lowest_window_energy,0.00010511291186614262,0.06612962788416024,0.06612971142248955,8.061448068294169,7.74452100403379e-05,0.06531083699679946,0.06531088291382277,8.505115113285866,0.9924927694760204,8.240902321425376e-12
HFocusing_5_10_10um_0_1102.npy,P0/data/dataset_Particles2SNR_F_c1/train/10um/HFocusing_5_10_10um_0_1102.npy,10um,1600,16384,7,15,8,2162.3310546875,3,peak_bin_energy_over_lowest_window_energy,0.00012166235264639649,0.04643517473982857,0.046435334120112276,2.2848803586085165,9.921360526832788e-05,0.040861604400578816,0.040861724847696686,1.6634968084129866,0.9287938168565125,7.64239634849933e-12
HFocusing_5_10_10um_0_1108.npy,P0/data/dataset_Particles2SNR_F_c1/train/10um/HFocusing_5_10_10um_0_1108.npy,10um,1601,16384,2,15,3,1914.8980712890625,3,peak_bin_energy_over_lowest_window_energy,4.9111065716227315e-06,0.06628846760524726,0.06628846778717157,9.494875064275638,2.1797613548200576e-06,0.06585004778286123,0.06585004781893836,9.731433333808079,0.9957012742477844,9.129936957175725e-12
HFocusing_5_10_10um_0_111.npy,P0/data/dataset_Particles2SNR_F_c1/train/10um/HFocusing_5_10_10um_0_111.npy,10um,1602,16384,0,15,0,1661.0706787109375,3,peak_bin_energy_over_lowest_window_energy,4.149558960637605e-05,0.026071513713191063,0.026071546735494357,-0.06896576037673174,2.661437365381341e-05,0.025083990771942757,0.02508400489100164,-0.06863817296080565,0.9758717852684146,1.3342714821744658e-11
HFocusing_5_10_10um_0_1110.npy,P0/data/dataset_Particles2SNR_F_c1/train/10um/HFocusing_5_10_10um_0_1110.npy,10um,1603,16384,3,15,2,1561.146484375,3,peak_bin_energy_over_lowest_window_energy,2.0052784944731213e-05,0.06435293936751338,0.06435294249180092,116.11580354132538,-3.4818571221112177e-06,0.06136622806788692,0.061366228166665426,124.5584646623515,0.9670507144359605,5.3996823142683255e-12
HFocusing_5_10_10um_0_1111.npy,P0/data/dataset_Particles2SNR_F_c1/train/10um/HFocusing_5_10_10um_0_1111.npy,10um,1604,16384,3,15,2,1863.2801513671875,3,peak_bin_energy_over_lowest_window_energy,9.392127147176148e-05,0.07084805426165126,0.07084811651601695,39.81365348666082,7.372525109318175e-05,0.06883622888900634,0.06883626836975054,39.04733007827353,0.9747029998234805,6.503022445104271e-12
HFocusing_5_10_10um_0_1115.npy,P0/data/dataset_Particles2SNR_F_c1/train/10um/HFocusing_5_10_10um_0_1115.npy,10um,1605,16384,4,15,2,1543.93994140625,3,peak_bin_energy_over_lowest_window_energy,1.8014735356737688e-06,0.05009558653459988,0.05009558656699103,12.763982907917065,9.874195590739806e-06,0.04949954535558421,0.04949954634043909,13.420541041805933,0.991812254641884,1.05931344875281e-11
HFocusing_5_10_10um_0_112.npy,P0/data/dataset_Particles2SNR_F_c1/train/10um/HFocusing_5_10_10um_0_112.npy,10um,1606,16384,3,15,3,1857.9554443359375,3,peak_bin_energy_over_lowest_window_energy,-4.103921320015943e-05,0.06565168146849569,0.06565169429540901,37.727198957913785,-4.375712801895505e-05,0.06349693040931097,0.06349694548630772,37.76136823515156,0.9735113976490125,1.2525298967949512e-11
HFocusing_5_10_10um_0_1120.npy,P0/data/dataset_Particles2SNR_F_c1/train/10um/HFocusing_5_10_10um_0_1120.npy,10um,1607,16384,3,15,2,1699.9376220703125,3,peak_bin_energy_over_lowest_window_energy,5.7191401118526e-05,0.027885292789181042,0.027885351437532825,-0.00153796781888893,3.567773586926666e-05,0.02681200774201808,0.02681203147952192,0.030137297984897504,0.9774593038431791,1.2107759464944148e-11
HFocusing_5_10_10um_0_1121.npy,P0/data/dataset_Particles2SNR_F_c1/train/10um/HFocusing_5_10_10um_0_1121.npy,10um,1608,16384,8,15,8,2092.973876953125,3,peak_bin_energy_over_lowest_window_energy,5.128966882279715e-05,0.055921062178766696,0.05592108569968593,5.906971711734368,3.598252826168684e-05,0.05535015721833149,0.05535016891425313,6.1058802768609155,0.9938310912597084,6.952931543464175e-12
HFocusing_5_10_10um_0_1123.npy,P0/data/dataset_Particles2SNR_F_c1/train/10um/HFocusing_5_10_10um_0_1123.npy,10um,1609,16384,0,15,0,1730.9693603515625,3,peak_bin_energy_over_lowest_window_energy,3.7064966434659794e-05,0.026278139054488878,0.026278165194297536,0.16124356113071903,1.9901269644467458e-05,0.02521807992141826,0.025218087774126974,0.14711696356016324,0.9748859259658221,1.2518101183742216e-11
HFocusing_5_10_10um_0_1124.npy,P0/data/dataset_Particles2SNR_F_c1/train/10um/HFocusing_5_10_10um_0_1124.npy,10um,1610,16384,1,15,3,1792.77099609375,3,peak_bin_energy_over_lowest_window_energy,7.112930313795494e-05,0.048275231760760325,0.04827528416211433,7.950639160447862,5.441495832703356e-05,0.04766736681412666,0.04766739787297176,8.286703092565512,0.9925444647628135,9.088793456524322e-12
HFocusing_5_10_10um_0_1130.npy,P0/data/dataset_Particles2SNR_F_c1/train/10um/HFocusing_5_10_10um_0_1130.npy,10um,1611,16384,2,15,4,1859.2100830078125,3,peak_bin_energy_over_lowest_window_energy,-7.535024890718752e-05,0.06085715172381464,0.060857198371231366,10.98217315055733,-5.5295147806969855e-05,0.06030317384527049,0.06030319919677799,11.384772759659622,0.9932051894731203,7.636448939727393e-12
HFocusing_5_10_10um_0_1133.npy,P0/data/dataset_Particles2SNR_F_c1/train/10um/HFocusing_5_10_10um_0_1133.npy,10um,1612,16384,6,15,8,1952.23291015625,3,peak_bin_energy_over_lowest_window_energy,7.440300680656737e-05,0.1601752125085251,0.16017522978899887,22.793102819942245,5.8530014143450426e-05,0.1569330923882155,0.15693310330293841,23.281524701918297,0.9827607266253277,3.071707241286941e-12
HFocusing_5_10_10um_0_1137.npy,P0/data/dataset_Particles2SNR_F_c1/train/10um/HFocusing_5_10_10um_0_1137.npy,10um,1613,16384,4,15,9,1987.5623779296875,3,peak_bin_energy_over_lowest_window_energy,0.00016298777649789443,0.07503706049539934,0.07503723750782344,15.742543905377019,0.00012906420950269468,0.07434756025605188,0.07434767228096278,16.26976642591669,0.9957435839971278,4.672163216073827e-12
HFocusing_5_10_10um_0_1142.npy,P0/data/dataset_Particles2SNR_F_c1/train/10um/HFocusing_5_10_10um_0_1142.npy,10um,1614,16384,3,15,6,2221.1171875,3,peak_bin_energy_over_lowest_window_energy,4.9522410470755683e-05,0.09943233971935377,0.09943235205170456,26.788555462473838,3.2130986813460874e-05,0.09672708335622503,0.09672708869289107,27.535584621787013,0.9777780298378521,5.5577135320154785e-12
HFocusing_5_10_10um_0_1148.npy,P0/data/dataset_Particles2SNR_F_c1/train/10um/HFocusing_5_10_10um_0_1148.npy,10um,1615,16384,4,15,7,1952.3929443359375,3,peak_bin_energy_over_lowest_window_energy,-2.2180018212433034e-05,0.07715997639572039,0.07715997958359849,54.68840562673189,-4.66124264600586e-05,0.07305591889818622,0.0730559337684261,58.81095255717518,0.9540000095601966,6.148177220881764e-12
HFocusing_5_10_10um_0_1149.npy,P0/data/dataset_Particles2SNR_F_c1/train/10um/HFocusing_5_10_10um_0_1149.npy,10um,1616,16384,3,15,9,2075.7841796875,3,peak_bin_energy_over_lowest_window_energy,-8.8835679553134e-05,0.186830283230943,0.18683030435112058,17.77143164638488,-9.21197772919344e-05,0.18652866559459827,0.18652868834191386,17.914425027271403,0.9991194730501549,8.257248904917796e-12
HFocusing_5_10_10um_0_115.npy,P0/data/dataset_Particles2SNR_F_c1/train/10um/HFocusing_5_10_10um_0_115.npy,10um,1617,16384,2,15,1,2152.679443359375,3,peak_bin_energy_over_lowest_window_energy,5.402859999157697e-05,0.028027723511716916,0.028027775586708024,-0.17835716184309014,2.754361063685928e-05,0.027099704278978627,0.02709971827636921,-0.15284304796061532,0.9824548369436257,1.1007989881439247e-11
HFocusing_5_10_10um_0_1154.npy,P0/data/dataset_Particles2SNR_F_c1/train/10um/HFocusing_5_10_10um_0_1154.npy,10um,1618,16384,6,15,5,2014.3861083984375,3,peak_bin_energy_over_lowest_window_energy,-3.297969836782019e-05,0.07823593177215925,0.07823593872331602,50.68622390451278,-6.444962465400743e-05,0.07447138072251178,0.07447140861076429,53.77505678128173,0.9615477092278837,3.9582990940644376e-12
HFocusing_5_10_10um_0_1155.npy,P0/data/dataset_Particles2SNR_F_c1/train/10um/HFocusing_5_10_10um_0_1155.npy,10um,1619,16384,5,15,3,1885.5789794921875,3,peak_bin_energy_over_lowest_window_energy,6.720212972961707e-05,0.04042631844550269,0.04042637430172822,6.141897258075311,5.546190726884236e-05,0.03982245382299161,0.03982249244469081,6.547247806363469,0.9903997028064583,1.06293572586887e-11
HFocusing_5_10_10um_0_1158.npy,P0/data/dataset_Particles2SNR_F_c1/train/10um/HFocusing_5_10_10um_0_1158.npy,10um,1620,16384,1,15,5,1781.10888671875,3,peak_bin_energy_over_lowest_window_energy,5.6968018699389e-05,0.045632342791040725,0.04563237835083989,3.1887808074580732,4.794610837955738e-05,0.04243875034594635,0.04243877743002112,2.9339137286627786,0.9770627096716102,9.804213493294246e-12
HFocusing_5_10_10um_0_1161.npy,P0/data/dataset_Particles2SNR_F_c1/train/10um/HFocusing_5_10_10um_0_1161.npy,10um,1621,16384,4,15,4,1935.4840087890625,3,peak_bin_energy_over_lowest_window_energy,7.506898143844372e-05,0.08301545180177762,0.08301548574335536,57.764693873379315,0.00016589436376215238,0.07874637019495523,0.07874654493894231,62.49124157681091,0.9606694252482177,7.724339254654464e-12
HFocusing_5_10_10um_0_1167.npy,P0/data/dataset_Particles2SNR_F_c1/train/10um/HFocusing_5_10_10um_0_1167.npy,10um,1622,16384,6,15,3,1806.921875,3,peak_bin_energy_over_lowest_window_energy,0.00020523863790553694,0.0591673206247438,0.059167676587894874,80.9752475506191,0.00016410753643657613,0.05663843348825538,0.05663867123518209,85.15538409174643,0.9638052898405683,4.086916480130448e-12
HFocusing_5_10_10um_0_1168.npy,P0/data/dataset_Particles2SNR_F_c1/train/10um/HFocusing_5_10_10um_0_1168.npy,10um,1623,16384,6,15,6,1897.4345703125,3,peak_bin_energy_over_lowest_window_energy,-0.00010786356183058698,0.08614791984359103,0.08614798737013975,48.514131345868854,-5.1714341822061514e-05,0.0826721141000212,0.08267213027459784,50.18406824411413,0.9640908564080535,5.499973510224137e-12
HFocusing_5_10_10um_0_1171.npy,P0/data/dataset_Particles2SNR_F_c1/train/10um/HFocusing_5_10_10um_0_1171.npy,10um,1624,16384,6,15,6,2143.973876953125,3,peak_bin_energy_over_lowest_window_energy,6.778740594476585e-05,0.09881481154012278,0.09881483479135302,62.40832643168669,4.4393639345997246e-05,0.09255370641409091,0.09255371706085579,69.91409451919903,0.9414380248666656,6.098402045672403e-12
HFocusing_5_10_10um_0_1173.npy,P0/data/dataset_Particles2SNR_F_c1/train/10um/HFocusing_5_10_10um_0_1173.npy,10um,1625,16384,0,15,0,1920.5306396484375,3,peak_bin_energy_over_lowest_window_energy,8.44049273896497e-06,0.02636037525779648,0.02636037660910342,-0.06603213297808797,-9.938927235663239e-06,0.025367441722570796,0.02536744366959943,-0.012392368978367152,0.9744107318820517,1.4024131000450316e-11
HFocusing_5_10_10um_0_1174.npy,P0/data/dataset_Particles2SNR_F_c1/train/10um/HFocusing_5_10_10um_0_1174.npy,10um,1626,16384,2,15,6,1798.5546875,3,peak_bin_energy_over_lowest_window_energy,1.620978850070526e-05,0.0673431403450354,0.06734314229591887,5.33448687053958,8.80152698889546e-06,0.06250564100140436,0.06250564162108345,5.311792840877773,0.9802193276169433,7.216702964944844e-12
HFocusing_5_10_10um_0_1177.npy,P0/data/dataset_Particles2SNR_F_c1/train/10um/HFocusing_5_10_10um_0_1177.npy,10um,1627,16384,6,15,8,1988.6728515625,3,peak_bin_energy_over_lowest_window_energy,4.3233416028468454e-05,0.08219882162961767,0.08219883299917319,56.240987115413525,3.8022305953957396e-05,0.07841401573970776,0.07841402495805763,59.771069960258025,0.962032121629563,1.1620265997730902e-11
HFocusing_5_10_10um_0_1184.npy,P0/data/dataset_Particles2SNR_F_c1/train/10um/HFocusing_5_10_10um_0_1184.npy,10um,1628,16384,7,15,7,1976.6087646484375,3,peak_bin_energy_over_lowest_window_energy,-5.445985235321772e-05,0.08811294207346573,0.08811295890342945,49.45040596697755,-2.894288792856782e-05,0.0829679366773936,0.08296794172567352,54.695567251236966,0.9639931211411782,1.6579658962147197e-11
HFocusing_5_10_10um_0_1186.npy,P0/data/dataset_Particles2SNR_F_c1/train/10um/HFocusing_5_10_10um_0_1186.npy,10um,1629,16384,0,15,0,1889.5758056640625,3,peak_bin_energy_over_lowest_window_energy,2.9328282989588497e-05,0.02640877395532846,0.026408790240596364,0.015559498984965892,2.7014492938838818e-05,0.025187237073713654,0.025187251560864758,0.01710733367559003,0.9666539934676706,1.0337174933938887e-11
HFocusing_5_10_10um_0_1187.npy,P0/data/dataset_Particles2SNR_F_c1/train/10um/HFocusing_5_10_10um_0_1187.npy,10um,1630,16384,9,15,12,2945.493896484375,3,peak_bin_energy_over_lowest_window_energy,-6.554821441904256e-05,0.2587567939937449,0.25875680229607445,13.634855849048556,-3.87157016968987e-05,0.2585898396949199,0.25858984259314965,13.669628307595293,0.9994044419487571,3.2173460677137787e-12
HFocusing_5_10_10um_0_119.npy,P0/data/dataset_Particles2SNR_F_c1/train/10um/HFocusing_5_10_10um_0_119.npy,10um,1631,16384,2,15,3,1999.1361083984375,3,peak_bin_energy_over_lowest_window_energy,5.824239284098819e-06,0.07459981994685755,0.07459982017421576,79.7818671706558,-1.2288301398542946e-05,0.07225579507080622,0.07225579611572139,81.6372990290594,0.9775243904558726,6.54901410463189e-12
HFocusing_5_10_10um_0_1190.npy,P0/data/dataset_Particles2SNR_F_c1/train/10um/HFocusing_5_10_10um_0_1190.npy,10um,1632,16384,0,15,0,1654.400390625,3,peak_bin_energy_over_lowest_window_energy,4.0334373514733246e-05,0.025179366453188395,0.025179398758620828,0.15569291177137323,4.218428183659252e-05,0.024184832261465228,0.024184869051306505,0.16458505123716183,0.9734425451987183,1.0077418554910949e-11
HFocusing_5_10_10um_0_1191.npy,P0/data/dataset_Particles2SNR_F_c1/train/10um/HFocusing_5_10_10um_0_1191.npy,10um,1633,16384,10,15,8,2266.75,3,peak_bin_energy_over_lowest_window_energy,-5.1840612514280613e-05,0.10221253847342718,0.10221255161980321,38.61502109475761,-4.909607287181996e-05,0.09771658756959407,0.0977165999033456,40.90282551857242,0.9688086605007052,4.180742874027485e-12
HFocusing_5_10_10um_0_1193.npy,P0/data/dataset_Particles2SNR_F_c1/train/10um/HFocusing_5_10_10um_0_1193.npy,10um,1634,16384,0,15,0,1902.2847900390625,3,peak_bin_energy_over_lowest_window_energy,0.0001037766430036568,0.0264914853715361,0.026491688635908894,-0.05912405373841789,8.038142461530474e-05,0.02547178566058005,0.025471912490269644,-0.051264903542535656,0.9731501023559761,1.4748831240974532e-11
HFocusing_5_10_10um_0_1194.npy,P0/data/dataset_Particles2SNR_F_c1/train/10um/HFocusing_5_10_10um_0_1194.npy,10um,1635,16384,0,15,0,2034.2655029296875,3,peak_bin_energy_over_lowest_window_energy,-5.4124186211801226e-05,0.029357418670893205,0.029357468563308422,0.021288991026012116,-7.338576601556245e-05,0.026682952100719085,0.02668305301647326,0.1109840365285284,0.896888459244467,8.092351915853506e-12
HFocusing_5_10_10um_0_1200.npy,P0/data/dataset_Particles2SNR_F_c1/train/10um/HFocusing_5_10_10um_0_1200.npy,10um,1636,16384,0,15,0,1843.1500244140625,3,peak_bin_energy_over_lowest_window_energy,1.5962325183604098e-05,0.02626782555230001,0.02626783040225992,0.12342455296015009,1.2214608419598247e-05,0.02523035072316932,0.025230353679859294,0.1805776739599816,0.9733160528739548,1.2774304711201554e-11
HFocusing_5_10_10um_0_1201.npy,P0/data/dataset_Particles2SNR_F_c1/train/10um/HFocusing_5_10_10um_0_1201.npy,10um,1637,16384,3,15,4,1960.3551025390625,3,peak_bin_energy_over_lowest_window_energy,-6.370521413240393e-05,0.04368700362986675,0.04368705007791552,11.907959590349405,-4.395318462979288e-05,0.04304726086212851,0.04304728330120938,12.665488830128968,0.9919489034973976,5.7057924708155355e-12
HFocusing_5_10_10um_0_1204.npy,P0/data/dataset_Particles2SNR_F_c1/train/10um/HFocusing_5_10_10um_0_1204.npy,10um,1638,16384,3,15,3,2139.318359375,3,peak_bin_energy_over_lowest_window_energy,2.9870598582531615e-05,0.08744482764824234,0.0874448327500457,34.40778371533074,3.703579233593955e-05,0.08449021848202051,0.08449022659923143,33.52533889959005,0.9763957941538399,1.4430771681524154e-11
HFocusing_5_10_10um_0_1207.npy,P0/data/dataset_Particles2SNR_F_c1/train/10um/HFocusing_5_10_10um_0_1207.npy,10um,1639,16384,4,15,9,2178.662109375,3,peak_bin_energy_over_lowest_window_energy,2.126456280272494e-05,0.08358004626440757,0.08358004896948877,12.087299069183501,-8.351680085840808e-06,0.08325795627219203,0.08325795669107428,12.258928399108463,0.9971345965231212,5.830595204366748e-12
HFocusing_5_10_10um_0_121.npy,P0/data/dataset_Particles2SNR_F_c1/train/10um/HFocusing_5_10_10um_0_121.npy,10um,1640,16384,0,15,0,1878.9066162109375,3,peak_bin_energy_over_lowest_window_energy,9.09373022151479e-05,0.026934652540660076,0.026934806052374322,-0.1292887013900983,7.59502236931027e-05,0.025986874663110608,0.025986985650373134,-0.10070259188975772,0.9746341222595528,1.4371096956274893e-11
HFocusing_5_10_10um_0_1210.npy,P0/data/dataset_Particles2SNR_F_c1/train/10um/HFocusing_5_10_10um_0_1210.npy,10um,1641,16384,9,15,9,1892.267578125,3,peak_bin_energy_over_lowest_window_energy,-8.084032749673475e-05,0.10555124000939309,0.1055512709666684,38.09645145546329,-6.530088098378111e-05,0.10185946612691989,0.10185948705872319,39.10232757545121,0.9693006007602425,6.710063731339006e-12
HFocusing_5_10_10um_0_1215.npy,P0/data/dataset_Particles2SNR_F_c1/train/10um/HFocusing_5_10_10um_0_1215.npy,10um,1642,16384,6,15,5,1781.2432861328125,3,peak_bin_energy_over_lowest_window_energy,7.106413767480143e-05,0.08458517596634554,0.08458520581856678,53.99753380037803,5.65249050808295e-05,0.08056100814732116,0.08056102797741375,57.307733687249026,0.9663095291338647,4.896945087841323e-12
HFocusing_5_10_10um_0_1216.npy,P0/data/dataset_Particles2SNR_F_c1/train/10um/HFocusing_5_10_10um_0_1216.npy,10um,1643,16384,5,15,9,2191.288330078125,3,peak_bin_energy_over_lowest_window_energy,3.424847909555854e-06,0.13598332390189358,0.13598332394502233,16.444462349731783,2.1442724807016586e-05,0.13285105942087816,0.13285106115135153,16.220914784875333,0.9816505796906676,3.3878549411515633e-12
HFocusing_5_10_10um_0_1219.npy,P0/data/dataset_Particles2SNR_F_c1/train/10um/HFocusing_5_10_10um_0_1219.npy,10um,1644,16384,3,15,5,1818.3427734375,3,peak_bin_energy_over_lowest_window_energy,-5.035761622615215e-05,0.04845617224407934,0.048456198410909174,9.971985717752286,-3.470416762321317e-05,0.04792451309305242,0.04792452565842883,10.354111505716242,0.9931325982885075,1.0982854975443953e-11
HFocusing_5_10_10um_0_122.npy,P0/data/dataset_Particles2SNR_F_c1/train/10um/HFocusing_5_10_10um_0_122.npy,10um,1645,16384,2,15,7,1575.4312744140625,3,peak_bin_energy_over_lowest_window_energy,5.4103033433736926e-05,0.14521880903347117,0.14521881911184234,27.363793559948462,4.81137972263344e-05,0.14501576744973693,0.1450157754314118,27.66557895326497,0.9989677965477716,3.2031600661788477e-12
HFocusing_5_10_10um_0_1221.npy,P0/data/dataset_Particles2SNR_F_c1/train/10um/HFocusing_5_10_10um_0_1221.npy,10um,1646,16384,2,15,6,2008.25390625,3,peak_bin_energy_over_lowest_window_energy,-0.00012837416608701494,0.09836068152158485,0.098360765294487,4.184560936328385,-0.00010380478741449023,0.09125057638075035,0.09125063542383167,3.959195848990608,0.9787116816165974,6.119434069132395e-12
HFocusing_5_10_10um_0_1225.npy,P0/data/dataset_Particles2SNR_F_c1/train/10um/HFocusing_5_10_10um_0_1225.npy,10um,1647,16384,1,15,3,1904.30859375,3,peak_bin_energy_over_lowest_window_energy,4.385895944028258e-05,0.04312069693332412,0.04312071923824916,6.331712717305413,1.4769887218020392e-05,0.042546790240357873,0.04254679280400087,6.699344545657796,0.9923267265254108,7.675591725824762e-12
HFocusing_5_10_10um_0_1228.npy,P0/data/dataset_Particles2SNR_F_c1/train/10um/HFocusing_5_10_10um_0_1228.npy,10um,1648,16384,5,15,8,1998.1162109375,3,peak_bin_energy_over_lowest_window_energy,5.450997096487953e-05,0.10863453488871828,0.10863454856455695,38.196373389026355,5.1949757037752514e-05,0.1041284519293943,0.10412846488827843,40.21523725619975,0.9690522300097104,4.785151231355684e-12
HFocusing_5_10_10um_0_1231.npy,P0/data/dataset_Particles2SNR_F_c1/train/10um/HFocusing_5_10_10um_0_1231.npy,10um,1649,16384,3,15,1,1223.7520751953125,3,peak_bin_energy_over_lowest_window_energy,-3.1835910964059546e-05,0.02569279830211764,0.025692818026026763,0.22681547874095775,-3.69801615299914e-05,0.024728423196108806,0.024728450847115332,0.2966936236961808,0.9764759685660204,1.2922339475480527e-11
HFocusing_5_10_10um_0_1232.npy,P0/data/dataset_Particles2SNR_F_c1/train/10um/HFocusing_5_10_10um_0_1232.npy,10um,1650,16384,6,15,6,1855.953125,3,peak_bin_energy_over_lowest_window_energy,0.0001112661394966941,0.046771496543148466,0.04677162889016746,8.989364957469299,8.115636719151142e-05,0.046221430368378225,0.04622150161618262,9.462750717958567,0.9912245506977865,7.764045967381832e-12
HFocusing_5_10_10um_0_1241.npy,P0/data/dataset_Particles2SNR_F_c1/train/10um/HFocusing_5_10_10um_0_1241.npy,10um,1651,16384,4,15,6,1770.45849609375,3,peak_bin_energy_over_lowest_window_energy,-3.075835576253159e-05,0.06087343656591549,0.06087344433676302,15.79968410437041,-3.966292432399621e-05,0.060453919805270075,0.06045393281639823,16.14140126688877,0.9960717193542601,5.4852456772435745e-12
HFocusing_5_10_10um_0_1244.npy,P0/data/dataset_Particles2SNR_F_c1/train/10um/HFocusing_5_10_10um_0_1244.npy,10um,1652,16384,7,15,7,2081.173583984375,3,peak_bin_energy_over_lowest_window_energy,-7.524364165400853e-05,0.08755750216914206,0.08755753449992139,50.377929411716416,-5.642213683128541e-05,0.08316402895844606,0.08316404809807408,53.930189943933506,0.9612692273011075,3.597793410015318e-12
HFocusing_5_10_10um_0_1248.npy,P0/data/dataset_Particles2SNR_F_c1/train/10um/HFocusing_5_10_10um_0_1248.npy,10um,1653,16384,5,15,8,2638.579833984375,3,peak_bin_energy_over_lowest_window_energy,5.793143978698534e-05,0.054689347292506345,0.054689377975362705,4.4280266635990575,2.8747771765121768e-05,0.053991903795782406,0.053991911449099525,4.675598309160911,0.9929210604739422,8.093366197433192e-12
HFocusing_5_10_10um_0_1251.npy,P0/data/dataset_Particles2SNR_F_c1/train/10um/HFocusing_5_10_10um_0_1251.npy,10um,1654,16384,0,15,0,1772.5843505859375,3,peak_bin_energy_over_lowest_window_energy,2.613688204861286e-05,0.02845955870080864,0.028459570702689386,0.7402052785760387,-3.2608417753857965e-05,0.024920531572805386,0.024920552906789576,0.051321064112590964,0.8834988852771667,1.3667641241233894e-11
HFocusing_5_10_10um_0_1254.npy,P0/data/dataset_Particles2SNR_F_c1/train/10um/HFocusing_5_10_10um_0_1254.npy,10um,1655,16384,0,15,0,1987.6090087890625,3,peak_bin_energy_over_lowest_window_energy,7.310655550520415e-05,0.02652601024204879,0.02652611098389161,-0.035018407023778675,5.139551981789494e-05,0.025615601678314785,0.025615653238626194,-0.018133889529592828,0.9794410954420127,1.1405352271054834e-11
HFocusing_5_10_10um_0_1255.npy,P0/data/dataset_Particles2SNR_F_c1/train/10um/HFocusing_5_10_10um_0_1255.npy,10um,1656,16384,12,15,11,2561.119873046875,3,peak_bin_energy_over_lowest_window_energy,2.6354411564351337e-05,0.03469308807842455,0.034693098088414254,0.12781047751985275,2.7578816892818674e-05,0.03340027681370211,0.033400288199700735,0.12202050245396112,0.9769639661064932,1.4510320263657973e-11
HFocusing_5_10_10um_0_1258.npy,P0/data/dataset_Particles2SNR_F_c1/train/10um/HFocusing_5_10_10um_0_1258.npy,10um,1657,16384,2,15,4,1911.0086669921875,3,peak_bin_energy_over_lowest_window_energy,-8.173453165161627e-06,0.04074783824356228,0.04074783906330314,2.4303669341453524,-5.8459271149358334e-06,0.03970184699848112,0.039701847428875,2.5851132242527797,0.9864676777262806,8.363568616752568e-12
HFocusing_5_10_10um_0_1261.npy,P0/data/dataset_Particles2SNR_F_c1/train/10um/HFocusing_5_10_10um_0_1261.npy,10um,1658,16384,8,15,6,1955.1988525390625,3,peak_bin_energy_over_lowest_window_energy,-0.00011734158067333171,0.09955201448718022,0.09955208364219352,48.56367067372523,-8.324627434854302e-05,0.09539996239227233,0.09539999871273147,51.152871663736015,0.9655762393092429,4.401347562278926e-12
HFocusing_5_10_10um_0_1270.npy,P0/data/dataset_Particles2SNR_F_c1/train/10um/HFocusing_5_10_10um_0_1270.npy,10um,1659,16384,2,15,2,2171.477294921875,3,peak_bin_energy_over_lowest_window_energy,-5.7230545851609944e-05,0.13228985030852627,0.13228986268791598,21.536996271862694,-7.948482746782335e-05,0.13207665153880555,0.13207667545611854,21.668814282259486,0.9987858697749556,2.705262315367375e-12
HFocusing_5_10_10um_0_1273.npy,P0/data/dataset_Particles2SNR_F_c1/train/10um/HFocusing_5_10_10um_0_1273.npy,10um,1660,16384,1,15,2,1861.3619384765625,3,peak_bin_energy_over_lowest_window_energy,0.00010360436134838953,0.02944880829397139,0.02944899053955447,0.06753366189337884,8.53703914836034e-05,0.028502936220940602,0.02850306406895143,0.057322256416854955,0.9818573211114227,1.488801031999724e-11
HFocusing_5_10_10um_0_1275.npy,P0/data/dataset_Particles2SNR_F_c1/train/10um/HFocusing_5_10_10um_0_1275.npy,10um,1661,16384,5,15,8,2105.964111328125,3,peak_bin_energy_over_lowest_window_energy,8.886293629648749e-06,0.07864349104430543,0.07864349154635723,51.8413908153003,5.807805490087777e-06,0.07466414336748878,0.074664143593371,55.22079781316782,0.9667223421077888,3.5227037779106984e-12
HFocusing_5_10_10um_0_1279.npy,P0/data/dataset_Particles2SNR_F_c1/train/10um/HFocusing_5_10_10um_0_1279.npy,10um,1662,16384,5,15,7,1912.2088623046875,3,peak_bin_energy_over_lowest_window_energy,1.0920778231154565e-05,0.09053790522861602,0.09053790588725394,66.9371209030165,1.3995655558278307e-05,0.08619076646772593,0.0861907676040331,72.06219729794232,0.9611750356223767,4.2771287871082905e-12
HFocusing_5_10_10um_0_1280.npy,P0/data/dataset_Particles2SNR_F_c1/train/10um/HFocusing_5_10_10um_0_1280.npy,10um,1663,16384,7,15,9,2315.0107421875,3,peak_bin_energy_over_lowest_window_energy,-0.0001482625950209484,0.15168589469281538,0.15168596715107485,18.35283919536015,-0.00010933015725255303,0.15132643086511927,0.15132647035948144,18.631952240806875,0.9982695152969816,7.293150390692878e-12
HFocusing_5_10_10um_0_1283.npy,P0/data/dataset_Particles2SNR_F_c1/train/10um/HFocusing_5_10_10um_0_1283.npy,10um,1664,16384,1,15,4,1997.8763427734375,3,peak_bin_energy_over_lowest_window_energy,4.568583275295689e-05,0.041138525537949666,0.04113855090583346,8.997872750093732,4.033525689318385e-05,0.04051430858668046,0.04051432866517374,9.538698756735569,0.9899880636790283,1.2940359387081573e-11
HFocusing_5_10_10um_0_1286.npy,P0/data/dataset_Particles2SNR_F_c1/train/10um/HFocusing_5_10_10um_0_1286.npy,10um,1665,16384,1,15,3,1772.9908447265625,3,peak_bin_energy_over_lowest_window_energy,4.681570995203435e-06,0.041270135317719406,0.041270135583251696,7.706235051644422,4.100750737503696e-06,0.040559634137775705,0.04055963434507734,8.32528965245807,0.9888255760769178,1.129476987551189e-11
HFocusing_5_10_10um_0_1289.npy,P0/data/dataset_Particles2SNR_F_c1/train/10um/HFocusing_5_10_10um_0_1289.npy,10um,1666,16384,9,15,7,2722.658447265625,3,peak_bin_energy_over_lowest_window_energy,8.81657051335866e-05,0.03629274679635602,0.03629285388635029,0.01845017788682579,6.093347063094191e-05,0.03490168183033823,0.034901735020970014,0.06208447904957204,0.9789658114313412,6.836484234347401e-12
HFocusing_5_10_10um_0_129.npy,P0/data/dataset_Particles2SNR_F_c1/train/10um/HFocusing_5_10_10um_0_129.npy,10um,1667,16384,4,15,4,2173.937744140625,3,peak_bin_energy_over_lowest_window_energy,-0.0001180020174796593,0.07875338925599075,0.07875347766150857,98.63474687564509,-8.64872568383237e-05,0.07547024405703223,0.0754702936132728,102.96539993059615,0.9724368956185147,1.648720632599304e-11
HFocusing_5_10_10um_0_1292.npy,P0/data/dataset_Particles2SNR_F_c1/train/10um/HFocusing_5_10_10um_0_1292.npy,10um,1668,16384,5,15,8,2319.279541015625,3,peak_bin_energy_over_lowest_window_energy,-2.6437087967731004e-05,0.09716841047666304,0.09716841407309733,6.995341927399233,-2.2528878202371133e-05,0.09640191212802487,0.0964019147604952,7.024571354296484,0.9970417495893513,3.616208445935917e-12
HFocusing_5_10_10um_0_1294.npy,P0/data/dataset_Particles2SNR_F_c1/train/10um/HFocusing_5_10_10um_0_1294.npy,10um,1669,16384,8,15,7,1761.49365234375,3,peak_bin_energy_over_lowest_window_energy,4.6811167652426755e-05,0.05057401315898903,0.050574034823128486,13.453257197176537,5.408241988501555e-05,0.05000794802878989,0.05000797727321403,14.010389420727606,0.9933174070604783,7.962631413673662e-12
HFocusing_5_10_10um_0_1298.npy,P0/data/dataset_Particles2SNR_F_c1/train/10um/HFocusing_5_10_10um_0_1298.npy,10um,1670,16384,1,15,4,1876.4595947265625,3,peak_bin_energy_over_lowest_window_energy,-1.3620440772372325e-05,0.033886182180041115,0.03388618491738695,1.2776832381501624,-7.505431753735415e-06,0.03317452993921255,0.03317453078822993,1.4325338686573614,0.9874142043650309,9.085338839426398e-12
HFocusing_5_10_10um_0_1304.npy,P0/data/dataset_Particles2SNR_F_c1/train/10um/HFocusing_5_10_10um_0_1304.npy,10um,1671,16384,14,15,7,2473.130859375,3,peak_bin_energy_over_lowest_window_energy,-1.0214752927437487e-05,0.033765247079853795,0.03376524862495096,-0.038645288502558106,-1.1977560199035198e-05,0.03250454834717379,0.03250455055397177,-0.061029497142802036,0.9750407325433658,1.086260626882875e-11
HFocusing_5_10_10um_0_1308.npy,P0/data/dataset_Particles2SNR_F_c1/train/10um/HFocusing_5_10_10um_0_1308.npy,10um,1672,16384,2,15,5,1947.8704833984375,3,peak_bin_energy_over_lowest_window_energy,-0.00010727594167093889,0.034456128625187606,0.03445629562160062,0.5000793985792553,-8.073936876473126e-05,0.03092972469401486,0.030929830075401663,0.2981543590589122,0.9311674163558286,8.299326922678957e-12
HFocusing_5_10_10um_0_1311.npy,P0/data/dataset_Particles2SNR_F_c1/train/10um/HFocusing_5_10_10um_0_1311.npy,10um,1673,16384,2,15,5,1760.0931396484375,3,peak_bin_energy_over_lowest_window_energy,8.242581314174804e-05,0.050156533872389886,0.05015660160045601,10.247523683410847,6.454613163276677e-05,0.04965950149546164,0.04965954344313755,10.711994094196248,0.9934217403879569,9.04431737372334e-12
HFocusing_5_10_10um_0_1314.npy,P0/data/dataset_Particles2SNR_F_c1/train/10um/HFocusing_5_10_10um_0_1314.npy,10um,1674,16384,3,15,2,1992.365234375,3,peak_bin_energy_over_lowest_window_energy,-5.777926799288474e-05,0.02824330881601647,0.028243367917454243,0.09691237899503102,-5.4455696304972576e-05,0.027036116516223223,0.02703617135804658,0.10713289904842194,0.9718908473384953,1.4143083518322922e-11
HFocusing_5_10_10um_0_1315.npy,P0/data/dataset_Particles2SNR_F_c1/train/10um/HFocusing_5_10_10um_0_1315.npy,10um,1675,16384,5,15,5,1858.3404541015625,3,peak_bin_energy_over_lowest_window_energy,-6.482587929164414e-05,0.07830346324129688,0.07830349007532011,36.6932514866412,-4.1319529832043516e-05,0.07571260350487703,0.07571261477977274,36.5252582663179,0.9745398561087041,9.67818010154872e-12
HFocusing_5_10_10um_0_1318.npy,P0/data/dataset_Particles2SNR_F_c1/train/10um/HFocusing_5_10_10um_0_1318.npy,10um,1676,16384,3,15,5,1765.93701171875,3,peak_bin_energy_over_lowest_window_energy,-7.129537445638479e-05,0.0386757142086551,0.038675779922064724,5.145827930517244,-5.7256839689072663e-05,0.03798505092416111,0.037985094077240406,5.4491226767120065,0.9887462991103487,9.616409664626917e-12
HFocusing_5_10_10um_0_132.npy,P0/data/dataset_Particles2SNR_F_c1/train/10um/HFocusing_5_10_10um_0_132.npy,10um,1677,16384,3,15,2,1816.4404296875,3,peak_bin_energy_over_lowest_window_energy,-2.5686317870970154e-05,0.02831674823861373,0.02831675988872949,0.20694941886009577,-3.94553806600275e-05,0.02729089368074136,0.02729092220172473,0.22699356975655016,0.9765414594581485,1.0128478244260343e-11
HFocusing_5_10_10um_0_1321.npy,P0/data/dataset_Particles2SNR_F_c1/train/10um/HFocusing_5_10_10um_0_1321.npy,10um,1678,16384,0,15,0,1909.7774658203125,3,peak_bin_energy_over_lowest_window_energy,0.00014315863008089948,0.027301615521571898,0.027301990851970895,0.11070980229484917,0.00011579153327924455,0.026374348554214222,0.026374602733280378,0.13170155486223,0.9795372550685663,1.2614321171674535e-11
HFocusing_5_10_10um_0_1322.npy,P0/data/dataset_Particles2SNR_F_c1/train/10um/HFocusing_5_10_10um_0_1322.npy,10um,1679,16384,3,15,6,2037.2662353515625,3,peak_bin_energy_over_lowest_window_energy,-3.9302637591128905e-05,0.05475038886714061,0.05475040297386346,8.364101950656348,-2.7329051521395825e-05,0.054185207921536735,0.05418521481342696,8.684200750218709,0.9937408872050219,6.267551089778797e-12
HFocusing_5_10_10um_0_1325.npy,P0/data/dataset_Particles2SNR_F_c1/train/10um/HFocusing_5_10_10um_0_1325.npy,10um,1680,16384,9,15,6,2406.039794921875,3,peak_bin_energy_over_lowest_window_energy,-9.03420238799381e-06,0.07645071831200818,0.07645071884579527,8.863566022800809,-9.230102945278351e-06,0.07599949150361032,0.07599949206410618,9.043307072679257,0.9960821296978369,3.783458207795084e-12
HFocusing_5_10_10um_0_1328.npy,P0/data/dataset_Particles2SNR_F_c1/train/10um/HFocusing_5_10_10um_0_1328.npy,10um,1681,16384,3,15,6,2098.834228515625,3,peak_bin_energy_over_lowest_window_energy,-2.3441994069290467e-05,0.0694755617822611,0.0694755657370839,89.34997050084603,-2.7587542344298447e-05,0.06637167826880447,0.06637168400221727,95.99231155755909,0.9728138770215427,2.522681950773971e-11
HFocusing_5_10_10um_0_1329.npy,P0/data/dataset_Particles2SNR_F_c1/train/10um/HFocusing_5_10_10um_0_1329.npy,10um,1682,16384,9,15,6,2280.609619140625,3,peak_bin_energy_over_lowest_window_energy,0.00012379757999629425,0.03309574166738684,0.033095973204533786,0.3448330320813371,7.947841427800478e-05,0.03161894467960205,0.03161904456921605,0.34710193785237875,0.9761628590700594,1.2285452140795496e-11
HFocusing_5_10_10um_0_133.npy,P0/data/dataset_Particles2SNR_F_c1/train/10um/HFocusing_5_10_10um_0_133.npy,10um,1683,16384,3,15,5,2160.396240234375,3,peak_bin_energy_over_lowest_window_energy,-2.2527433105548417e-05,0.037612755688443605,0.03761276243462835,4.556913355062496,-1.332228675178055e-05,0.03692275467713311,0.03692275708057403,4.938445764393741,0.9866726597498017,8.319788298416987e-12
HFocusing_5_10_10um_0_1331.npy,P0/data/dataset_Particles2SNR_F_c1/train/10um/HFocusing_5_10_10um_0_1331.npy,10um,1684,16384,7,15,6,2327.947998046875,3,peak_bin_energy_over_lowest_window_energy,-1.2342625917542614e-05,0.09213517946357982,0.09213518029030213,65.08129552033893,2.965274463351416e-07,0.08767735211701054,0.08767735211751197,69.9286702666801,0.9666922421560832,1.7430297446051822e-11
HFocusing_5_10_10um_0_1332.npy,P0/data/dataset_Particles2SNR_F_c1/train/10um/HFocusing_5_10_10um_0_1332.npy,10um,1685,16384,2,15,5,2140.820556640625,3,peak_bin_energy_over_lowest_window_energy,-0.00016436122198362874,0.05509731099306797,0.0550975561461499,10.259572784352349,-0.00013028506060122117,0.05457966499280025,0.05457982049185689,10.642905651236253,0.993521072041569,4.166438026702324e-12
HFocusing_5_10_10um_0_1335.npy,P0/data/dataset_Particles2SNR_F_c1/train/10um/HFocusing_5_10_10um_0_1335.npy,10um,1686,16384,18,15,10,2637.593017578125,3,peak_bin_energy_over_lowest_window_energy,7.166658601456047e-05,0.03622902399861453,0.03622909488231439,0.010145540666949504,6.714206301393981e-05,0.03484807155859606,0.03484813624011559,0.04635594457172587,0.9761735426256154,1.198567588935822e-11
HFocusing_5_10_10um_0_1338.npy,P0/data/dataset_Particles2SNR_F_c1/train/10um/HFocusing_5_10_10um_0_1338.npy,10um,1687,16384,1,15,1,1730.8316650390625,3,peak_bin_energy_over_lowest_window_energy,2.775127417990629e-05,0.030841077807219817,0.030841090292728066,1.5361314235312191,4.561498902890859e-05,0.027455032463099768,0.027455070356440285,0.4457075106971735,0.9245155142219492,9.457207778190337e-12
HFocusing_5_10_10um_0_1340.npy,P0/data/dataset_Particles2SNR_F_c1/train/10um/HFocusing_5_10_10um_0_1340.npy,10um,1688,16384,0,15,0,1657.5924072265625,3,peak_bin_energy_over_lowest_window_energy,-5.089090220114117e-05,0.025920320626798145,0.025920370585312706,-0.00863577460088516,-3.9537054547912083e-05,0.024782036705500738,0.024782068244024107,-0.016340275089413492,0.9728653559428786,1.3688665075219286e-11
HFocusing_5_10_10um_0_1341.npy,P0/data/dataset_Particles2SNR_F_c1/train/10um/HFocusing_5_10_10um_0_1341.npy,10um,1689,16384,1,15,1,1979.5029296875,3,peak_bin_energy_over_lowest_window_energy,-0.0001318789218790207,0.043364272428694055,0.043364472962553476,11.916439922208012,-0.00010570156545283215,0.04273984240661983,0.04273997311374491,12.526084211461477,0.9881165430591137,6.016218805434429e-12
HFocusing_5_10_10um_0_1344.npy,P0/data/dataset_Particles2SNR_F_c1/train/10um/HFocusing_5_10_10um_0_1344.npy,10um,1690,16384,4,15,5,2128.1357421875,3,peak_bin_energy_over_lowest_window_energy,9.355379235404108e-06,0.038196430422519106,0.03819643156821673,1.0030573854165707,1.5760980857982589e-06,0.03670837330808118,0.03670837334191659,1.015838316789834,0.9851182632580378,7.926568472510452e-12
HFocusing_5_10_10um_0_1346.npy,P0/data/dataset_Particles2SNR_F_c1/train/10um/HFocusing_5_10_10um_0_1346.npy,10um,1691,16384,3,15,3,1840.3699951171875,3,peak_bin_energy_over_lowest_window_energy,-6.899734233550841e-05,0.0699007556356429,0.06990078968843708,101.13025181698475,-0.00010107423887137997,0.06661039388238017,0.06661047056707822,106.98305626486244,0.9618556787267026,4.086051927524593e-12
HFocusing_5_10_10um_0_1347.npy,P0/data/dataset_Particles2SNR_F_c1/train/10um/HFocusing_5_10_10um_0_1347.npy,10um,1692,16384,5,15,9,2263.72998046875,3,peak_bin_energy_over_lowest_window_energy,-9.972753159139501e-05,0.14613113174504067,0.14613116577467994,15.099182038882137,-8.736185251160733e-05,0.14376803766114596,0.14376806420422428,15.350216819023224,0.9871261154858121,6.883192502680312e-12
HFocusing_5_10_10um_0_1350.npy,P0/data/dataset_Particles2SNR_F_c1/train/10um/HFocusing_5_10_10um_0_1350.npy,10um,1693,16384,1,15,1,2223.383544921875,3,peak_bin_energy_over_lowest_window_energy,5.328677213151984e-05,0.03571716466038821,0.03571720440988305,4.755462015525465,1.0699304784516561e-05,0.03418444846723928,0.034184450141613525,4.13334481508247,0.9800154516596166,9.152009074556181e-12
HFocusing_5_10_10um_0_1359.npy,P0/data/dataset_Particles2SNR_F_c1/train/10um/HFocusing_5_10_10um_0_1359.npy,10um,1694,16384,1,15,4,2029.0013427734375,3,peak_bin_energy_over_lowest_window_energy,6.590663678871422e-05,0.03991456054098785,0.03991461495323432,5.446237576077936,4.706679384891782e-05,0.03912249068962182,0.039122519001754334,5.931482967134011,0.9875939558293831,8.487345411757463e-12
HFocusing_5_10_10um_0_1361.npy,P0/data/dataset_Particles2SNR_F_c1/train/10um/HFocusing_5_10_10um_0_1361.npy,10um,1695,16384,3,15,2,1852.2054443359375,3,peak_bin_energy_over_lowest_window_energy,3.87233555515061e-05,0.02826768129040749,0.028267707813586847,0.31923040394723223,2.1941485626422497e-05,0.02725366719060902,0.027253676022974772,0.3029092075301638,0.9779774718759318,1.2061990304972955e-11
HFocusing_5_10_10um_0_1362.npy,P0/data/dataset_Particles2SNR_F_c1/train/10um/HFocusing_5_10_10um_0_1362.npy,10um,1696,16384,9,15,10,2511.194091796875,3,peak_bin_energy_over_lowest_window_energy,-6.4409332654443555e-06,0.052955045940399396,0.05295504633210542,4.796846606297322,-1.8911933900885087e-06,0.05246059874438681,0.05246059877847537,5.000503118459662,0.9943172318120759,6.195532627783584e-12
HFocusing_5_10_10um_0_1365.npy,P0/data/dataset_Particles2SNR_F_c1/train/10um/HFocusing_5_10_10um_0_1365.npy,10um,1697,16384,0,15,0,1852.1419677734375,3,peak_bin_energy_over_lowest_window_energy,-1.9734565810090835e-05,0.026058659288912878,0.026058666761535083,-0.05215147214218563,-1.8487688853615203e-05,0.025054636378636155,0.025054643199621047,-0.0910637448896594,0.9770549669875875,1.108213344966458e-11
HFocusing_5_10_10um_0_1366.npy,P0/data/dataset_Particles2SNR_F_c1/train/10um/HFocusing_5_10_10um_0_1366.npy,10um,1698,16384,4,15,7,2052.7255859375,3,peak_bin_energy_over_lowest_window_energy,-8.75372787430064e-05,0.06907793022912459,0.06907798569381546,47.81049863896269,-5.97786106965052e-05,0.06649641184603278,0.06649643871576512,48.10253062942505,0.9753768558808864,5.472706007281746e-12
HFocusing_5_10_10um_0_1369.npy,P0/data/dataset_Particles2SNR_F_c1/train/10um/HFocusing_5_10_10um_0_1369.npy,10um,1699,16384,2,15,5,1921.02001953125,3,peak_bin_energy_over_lowest_window_energy,3.82617659036578e-05,0.045306706761050065,0.04530672291718426,1.4002798802255096,2.8160668820729425e-05,0.04263820617558189,0.04263821547502543,1.487360623054415,0.9652118319074445,9.002519670048682e-12
HFocusing_5_10_10um_0_137.npy,P0/data/dataset_Particles2SNR_F_c1/train/10um/HFocusing_5_10_10um_0_137.npy,10um,1700,16384,7,15,7,2034.9500732421875,3,peak_bin_energy_over_lowest_window_energy,2.99394438933872e-07,0.04205848717655305,0.04205848717761867,5.735330699419341,1.1472215024886037e-05,0.04128429558922202,0.041284297183190294,6.234627945623638,0.9872385956053741,1.1234073650163994e-11
HFocusing_5_10_10um_0_1371.npy,P0/data/dataset_Particles2SNR_F_c1/train/10um/HFocusing_5_10_10um_0_1371.npy,10um,1701,16384,7,15,6,1882.3115234375,3,peak_bin_energy_over_lowest_window_energy,7.084741575397466e-07,0.07874014538085282,0.07874014538404012,53.78534483077972,-5.920622926809481e-06,0.07510217157470156,0.07510217180807548,57.220330832928575,0.9682867324072537,2.0600708171695007e-11
HFocusing_5_10_10um_0_1372.npy,P0/data/dataset_Particles2SNR_F_c1/train/10um/HFocusing_5_10_10um_0_1372.npy,10um,1702,16384,4,15,5,2117.001953125,3,peak_bin_energy_over_lowest_window_energy,0.0007415566449587882,0.09601481076819095,0.09601767437877883,17.444825062832784,0.0005928874491045541,0.09412127536249189,0.09412314269821916,17.55369845783684,0.9775775019603484,3.8950930303798925e-12
HFocusing_5_10_10um_0_1375.npy,P0/data/dataset_Particles2SNR_F_c1/train/10um/HFocusing_5_10_10um_0_1375.npy,10um,1703,16384,0,15,0,1769.1009521484375,3,peak_bin_energy_over_lowest_window_energy,-0.00014064622218758533,0.026929523322335478,0.026929890600001075,0.03361821971077994,-0.00012633054635501182,0.025964014795537296,0.02596432213075901,0.09544091540533994,0.9742440929064742,1.1676805806937895e-11
HFocusing_5_10_10um_0_1376.npy,P0/data/dataset_Particles2SNR_F_c1/train/10um/HFocusing_5_10_10um_0_1376.npy,10um,1704,16384,6,15,11,2752.702392578125,3,peak_bin_energy_over_lowest_window_energy,7.619972559732237e-05,0.09632855083718685,0.09632858097569313,53.5613238490364,5.601356677403145e-05,0.09126963402745829,0.09126965121564688,58.1881577580163,0.9618429981915422,3.1825366363672008e-12
HFocusing_5_10_10um_0_1379.npy,P0/data/dataset_Particles2SNR_F_c1/train/10um/HFocusing_5_10_10um_0_1379.npy,10um,1705,16384,5,15,3,1594.7225341796875,3,peak_bin_energy_over_lowest_window_energy,6.189919914355551e-07,0.04288211029863149,0.042882110303098984,14.926167011598697,6.019072635582666e-06,0.04236525001322353,0.04236525044080551,16.48391493129429,0.9859140677128765,1.1877237572527746e-11
HFocusing_5_10_10um_0_1382.npy,P0/data/dataset_Particles2SNR_F_c1/train/10um/HFocusing_5_10_10um_0_1382.npy,10um,1706,16384,1,15,3,2014.9771728515625,3,peak_bin_energy_over_lowest_window_energy,5.959562147104293e-05,0.04525462213987108,0.04525466138046564,7.429991009632525,4.0690254700415244e-05,0.044603225231525295,0.04460324379180289,7.857389886475721,0.9902388356138293,6.303997828886704e-12
HFocusing_5_10_10um_0_1386.npy,P0/data/dataset_Particles2SNR_F_c1/train/10um/HFocusing_5_10_10um_0_1386.npy,10um,1707,16384,1,15,4,1827.00830078125,3,peak_bin_energy_over_lowest_window_energy,4.2967489303637915e-06,0.04920453512272341,0.04920453531032858,10.88198035567783,8.609343217998867e-06,0.04855827562226963,0.04855827638548444,11.4744867530142,0.9914318394704839,6.06461574718238e-12
HFocusing_5_10_10um_0_1390.npy,P0/data/dataset_Particles2SNR_F_c1/train/10um/HFocusing_5_10_10um_0_1390.npy,10um,1708,16384,1,15,4,1848.0052490234375,3,peak_bin_energy_over_lowest_window_energy,2.07698363109129e-05,0.046809303887548455,0.04680930849545802,11.188314685896595,3.5859675939316885e-06,0.04627358789976547,0.046273588038712586,11.66801494818006,0.992578643435629,5.6453549532669175e-12
HFocusing_5_10_10um_0_1392.npy,P0/data/dataset_Particles2SNR_F_c1/train/10um/HFocusing_5_10_10um_0_1392.npy,10um,1709,16384,3,15,3,1963.357421875,3,peak_bin_energy_over_lowest_window_energy,8.227301802853556e-06,0.06661363336899659,0.06661363387706448,108.77684812685139,-1.3984335897534593e-06,0.0639571875311604,0.06395718754644888,115.48158232864954,0.9733168069365047,7.901817490043089e-12
HFocusing_5_10_10um_0_1393.npy,P0/data/dataset_Particles2SNR_F_c1/train/10um/HFocusing_5_10_10um_0_1393.npy,10um,1710,16384,5,15,4,1721.3756103515625,3,peak_bin_energy_over_lowest_window_energy,-5.909856970930508e-06,0.0799213761782353,0.07992137639674012,49.93350878560367,-2.094798221217695e-05,0.07682444802123481,0.07682445087721336,49.883813663364585,0.9709885544005792,3.811016668504225e-12
HFocusing_5_10_10um_0_1396.npy,P0/data/dataset_Particles2SNR_F_c1/train/10um/HFocusing_5_10_10um_0_1396.npy,10um,1711,16384,3,15,1,1569.9144287109375,3,peak_bin_energy_over_lowest_window_energy,6.872748062065935e-05,0.025968147992844366,0.025968238939998594,0.0623317614054546,5.912178875134081e-05,0.025020268614869747,0.02502033846585896,0.12412398855758067,0.9763329215099372,1.057137933643867e-11
HFocusing_5_10_10um_0_1397.npy,P0/data/dataset_Particles2SNR_F_c1/train/10um/HFocusing_5_10_10um_0_1397.npy,10um,1712,16384,5,15,9,2016.7457275390625,3,peak_bin_energy_over_lowest_window_energy,3.479491945369167e-05,0.059182566332334076,0.05918257656073739,4.33133206723399,1.361421045135042e-05,0.05796022888584378,0.05796023048475676,4.565511106284461,0.9923845538434514,7.375834610605897e-12
HFocusing_5_10_10um_0_14.npy,P0/data/dataset_Particles2SNR_F_c1/train/10um/HFocusing_5_10_10um_0_14.npy,10um,1713,16384,12,15,10,2500.705322265625,3,peak_bin_energy_over_lowest_window_energy,-3.6518200763321615e-05,0.09824716063736007,0.09824716742421748,62.962603840040046,-3.377403327615208e-05,0.09344837980872278,0.09344838591201365,67.94866195185655,0.9581615244176521,4.481428545366399e-12
HFocusing_5_10_10um_0_140.npy,P0/data/dataset_Particles2SNR_F_c1/train/10um/HFocusing_5_10_10um_0_140.npy,10um,1714,16384,7,15,8,1983.5848388671875,3,peak_bin_energy_over_lowest_window_energy,-4.94977387785356e-06,0.0914739583933679,0.09147395852728722,60.92662198166618,3.4440166932860115e-06,0.08697601055968328,0.08697601062787019,65.35953830076451,0.9637389974726547,5.181053495815082e-12
HFocusing_5_10_10um_0_1400.npy,P0/data/dataset_Particles2SNR_F_c1/train/10um/HFocusing_5_10_10um_0_1400.npy,10um,1715,16384,1,15,4,1856.7696533203125,3,peak_bin_energy_over_lowest_window_energy,-7.139391479998381e-05,0.05277423165480491,0.05277427994625871,6.327071027024337,-5.081887301764389e-05,0.051997261052480294,0.051997285886069465,6.531558632759095,0.9940340325224726,5.4189192563699495e-12
HFocusing_5_10_10um_0_1403.npy,P0/data/dataset_Particles2SNR_F_c1/train/10um/HFocusing_5_10_10um_0_1403.npy,10um,1716,16384,0,15,0,1810.7315673828125,3,peak_bin_energy_over_lowest_window_energy,7.256838021484743e-05,0.026678801904866115,0.026678900600453814,-0.023515629281704253,7.261874345430752e-05,0.02569475569523309,0.025694858312892373,-0.057852968684025896,0.9773113462199847,1.5961955778694762e-11
HFocusing_5_10_10um_0_1404.npy,P0/data/dataset_Particles2SNR_F_c1/train/10um/HFocusing_5_10_10um_0_1404.npy,10um,1717,16384,1,15,1,1836.0474853515625,3,peak_bin_energy_over_lowest_window_energy,1.5748654814900903e-05,0.04837075584720691,0.04837075841094732,14.442604346041414,3.115843910285745e-05,0.04778953759632031,0.04778954775385974,14.872734387705385,0.9912527939668415,6.536889628481896e-12
HFocusing_5_10_10um_0_1406.npy,P0/data/dataset_Particles2SNR_F_c1/train/10um/HFocusing_5_10_10um_0_1406.npy,10um,1718,16384,3,15,2,1762.8935546875,3,peak_bin_energy_over_lowest_window_energy,-4.152311747727435e-05,0.029933313683329386,0.02993334248348953,0.9350038082308876,-3.724724108107119e-05,0.029077745109178228,0.02907776896516145,1.0995538012367971,0.9818496493324925,7.431053610692968e-12
HFocusing_5_10_10um_0_1407.npy,P0/data/dataset_Particles2SNR_F_c1/train/10um/HFocusing_5_10_10um_0_1407.npy,10um,1719,16384,1,15,3,1938.06640625,3,peak_bin_energy_over_lowest_window_energy,5.862500663246869e-06,0.04264478670026009,0.042644787103227444,6.43696564108971,9.436956288903766e-06,0.04206334919753703,0.04206335025613251,6.793366931664078,0.9911520554188875,9.002606775338245e-12
HFocusing_5_10_10um_0_141.npy,P0/data/dataset_Particles2SNR_F_c1/train/10um/HFocusing_5_10_10um_0_141.npy,10um,1720,16384,5,15,6,1981.6270751953125,3,peak_bin_energy_over_lowest_window_energy,0.00013611153142090295,0.10000510365379958,0.10000519628077426,20.152897469479527,8.999271006038191e-05,0.09722296891347908,0.097223010563545,19.990808776310754,0.9774204418011819,8.86813478986208e-12
HFocusing_5_10_10um_0_1410.npy,P0/data/dataset_Particles2SNR_F_c1/train/10um/HFocusing_5_10_10um_0_1410.npy,10um,1721,16384,0,15,0,1739.576171875,3,peak_bin_energy_over_lowest_window_energy,2.3174717875403465e-05,0.025548439184756872,0.025548449695524954,0.1003861476262351,8.570430530245766e-06,0.024614337947390545,0.02461433943945337,0.03576907253974859,0.977816037277513,1.3665081875923392e-11
HFocusing_5_10_10um_0_1413.npy,P0/data/dataset_Particles2SNR_F_c1/train/10um/HFocusing_5_10_10um_0_1413.npy,10um,1722,16384,1,15,3,1440.2481689453125,3,peak_bin_energy_over_lowest_window_energy,-3.6549938458015432e-06,0.02843046658144928,0.02843046681639055,0.47447827962175726,-1.896954178371647e-06,0.02758582713578127,0.027585827201003804,0.4914627712612125,0.9784888106334947,1.16467681456747e-11
HFocusing_5_10_10um_0_1414.npy,P0/data/dataset_Particles2SNR_F_c1/train/10um/HFocusing_5_10_10um_0_1414.npy,10um,1723,16384,8,15,8,1776.4527587890625,3,peak_bin_energy_over_lowest_window_energy,1.5291299572236063e-05,0.13002709850219168,0.13002709940132673,34.08363462939782,-1.8407643830406918e-06,0.12582958940120875,0.12582958941467304,34.82123796935328,0.976263271670537,5.0916867391408535e-12
HFocusing_5_10_10um_0_1416.npy,P0/data/dataset_Particles2SNR_F_c1/train/10um/HFocusing_5_10_10um_0_1416.npy,10um,1724,16384,0,15,0,2134.148681640625,3,peak_bin_energy_over_lowest_window_energy,-9.533823417525619e-05,0.027346930820869034,0.027347097006817603,-0.09985008903117931,-7.720389757151486e-05,0.026301505519288313,0.026301618828941952,-0.10705456676148772,0.9763384153313057,1.3397945569288377e-11
HFocusing_5_10_10um_0_1417.npy,P0/data/dataset_Particles2SNR_F_c1/train/10um/HFocusing_5_10_10um_0_1417.npy,10um,1725,16384,2,15,6,1943.3740234375,3,peak_bin_energy_over_lowest_window_energy,4.129722368036684e-05,0.08627777111049045,0.08627778099403616,5.998393720595496,4.9185307464773196e-05,0.0842888465408242,0.08428886089144332,6.033803105339347,0.9957632063072887,5.921227761707422e-12
HFocusing_5_10_10um_0_1421.npy,P0/data/dataset_Particles2SNR_F_c1/train/10um/HFocusing_5_10_10um_0_1421.npy,10um,1726,16384,9,15,10,2586.208740234375,3,peak_bin_energy_over_lowest_window_energy,0.00015529869575349041,0.05285376896775043,0.05285399712208379,4.616169537693403,0.00011994272876797134,0.05229187697991072,0.052292014537023736,4.85239699445516,0.9936847422245003,9.495186023063545e-12
HFocusing_5_10_10um_0_1424.npy,P0/data/dataset_Particles2SNR_F_c1/train/10um/HFocusing_5_10_10um_0_1424.npy,10um,1727,16384,5,15,6,2137.7236328125,3,peak_bin_energy_over_lowest_window_energy,-9.803011941812904e-05,0.06859823836533015,0.06859830841012748,37.6402910524506,-7.875338742676779e-05,0.06629946029264466,0.06629950706598049,37.47603945353569,0.9765703555910561,1.3700991237507819e-11
HFocusing_5_10_10um_0_1427.npy,P0/data/dataset_Particles2SNR_F_c1/train/10um/HFocusing_5_10_10um_0_1427.npy,10um,1728,16384,1,15,1,1892.28173828125,3,peak_bin_energy_over_lowest_window_energy,-7.065644014316581e-06,0.04813009478991444,0.048130095308543425,15.02484704843554,-4.525222663983278e-06,0.04761751542238794,0.04761751563741008,15.561052502696207,0.9933124486593545,4.230869792841744e-12
HFocusing_5_10_10um_0_1430.npy,P0/data/dataset_Particles2SNR_F_c1/train/10um/HFocusing_5_10_10um_0_1430.npy,10um,1729,16384,3,15,2,2247.1845703125,3,peak_bin_energy_over_lowest_window_energy,5.978134319299853e-06,0.06390889776629036,0.0639088980458922,82.11400519893469,8.746846199601276e-06,0.06029705722040655,0.06029705785482655,89.46470043847499,0.9643603206915272,1.827486869147919e-11
HFocusing_5_10_10um_0_1431.npy,P0/data/dataset_Particles2SNR_F_c1/train/10um/HFocusing_5_10_10um_0_1431.npy,10um,1730,16384,7,15,7,2164.3740234375,3,peak_bin_energy_over_lowest_window_energy,9.857984266682567e-05,0.1261537380122323,0.1261537765286649,30.284145745650008,9.599481349984887e-05,0.11915798992572275,0.11915802859288528,33.03925529258072,0.9592248840431281,9.926575995442063e-12
HFocusing_5_10_10um_0_1434.npy,P0/data/dataset_Particles2SNR_F_c1/train/10um/HFocusing_5_10_10um_0_1434.npy,10um,1731,16384,4,15,5,2046.4984130859375,3,peak_bin_energy_over_lowest_window_energy,9.06034130874808e-06,0.037458110591841266,0.037458111687595726,2.8893434357992778,-8.19027476255845e-06,0.0366854812436418,0.03668548215790812,3.1597055751283483,0.9866223117673546,7.763759536501309e-12
HFocusing_5_10_10um_0_1436.npy,P0/data/dataset_Particles2SNR_F_c1/train/10um/HFocusing_5_10_10um_0_1436.npy,10um,1732,16384,1,15,3,1919.2379150390625,3,peak_bin_energy_over_lowest_window_energy,-5.013312540260957e-05,0.03574628442855941,0.03574631958366808,3.545318777366882,-1.5943340168201075e-05,0.03503441610021294,0.035034419727932635,3.7902860056091683,0.987566217731611,7.45146369073584e-12
HFocusing_5_10_10um_0_1439.npy,P0/data/dataset_Particles2SNR_F_c1/train/10um/HFocusing_5_10_10um_0_1439.npy,10um,1733,16384,8,15,7,2534.224609375,3,peak_bin_energy_over_lowest_window_energy,5.33018362833213e-05,0.09222721165200713,0.09222722705464949,50.95198147518478,3.231933241307569e-05,0.08823669433590053,0.08823670025486215,53.61531149314248,0.9705295682104452,4.829241240275554e-12
HFocusing_5_10_10um_0_144.npy,P0/data/dataset_Particles2SNR_F_c1/train/10um/HFocusing_5_10_10um_0_144.npy,10um,1734,16384,2,15,4,2043.8153076171875,3,peak_bin_energy_over_lowest_window_energy,3.1355239951012185e-07,0.05034272477367138,0.050342724774647844,14.05470232906023,5.456039074673439e-06,0.04974148330787694,0.04974148360710769,14.789644616626624,0.9917539667807704,3.4169249012790688e-12
HFocusing_5_10_10um_0_1446.npy,P0/data/dataset_Particles2SNR_F_c1/train/10um/HFocusing_5_10_10um_0_1446.npy,10um,1735,16384,2,15,4,1711.30078125,3,peak_bin_energy_over_lowest_window_energy,-2.9976005893344304e-05,0.04576745224350396,0.0457674620600962,12.75909595136058,-1.3749853173229724e-05,0.045162217957036885,0.0451622200501411,13.457590260638227,0.9914898894993599,8.0910947862901e-12
HFocusing_5_10_10um_0_1449.npy,P0/data/dataset_Particles2SNR_F_c1/train/10um/HFocusing_5_10_10um_0_1449.npy,10um,1736,16384,0,15,0,1726.8294677734375,3,peak_bin_energy_over_lowest_window_energy,5.754946829651691e-05,0.025977514699856145,0.025977578446085836,0.05328964684773618,3.5412745680245516e-05,0.024934189981992042,0.024934215129428658,0.012665722788237854,0.9735689303122302,8.620285437884953e-12
HFocusing_5_10_10um_0_1452.npy,P0/data/dataset_Particles2SNR_F_c1/train/10um/HFocusing_5_10_10um_0_1452.npy,10um,1737,16384,4,15,5,2128.525390625,3,peak_bin_energy_over_lowest_window_energy,0.00011951072181526378,0.08218243271613936,0.08218251961308683,59.76272327592995,9.191439669635178e-05,0.07837197051447088,0.07837202441290778,63.76012981769888,0.9625808595470018,5.986763830162463e-12
HFocusing_5_10_10um_0_1456.npy,P0/data/dataset_Particles2SNR_F_c1/train/10um/HFocusing_5_10_10um_0_1456.npy,10um,1738,16384,1,15,1,1821.8580322265625,3,peak_bin_energy_over_lowest_window_energy,-9.037990482241911e-05,0.038304000396741165,0.03830410702419185,4.050437710159867,-8.570118532492213e-05,0.0376877725786856,0.03768787001988693,4.2560330031123454,0.9880188471429723,9.244165947845512e-12
HFocusing_5_10_10um_0_1463.npy,P0/data/dataset_Particles2SNR_F_c1/train/10um/HFocusing_5_10_10um_0_1463.npy,10um,1739,16384,1,15,3,2144.076416015625,3,peak_bin_energy_over_lowest_window_energy,-1.933052871470861e-05,0.04423237860912709,0.044232382833061384,8.331612230525101,-1.3419536228024916e-05,0.04359854507823369,0.0435985471434855,8.910943218137831,0.9911694704362485,5.394922366335269e-12
HFocusing_5_10_10um_0_1469.npy,P0/data/dataset_Particles2SNR_F_c1/train/10um/HFocusing_5_10_10um_0_1469.npy,10um,1740,16384,1,15,4,1869.19970703125,3,peak_bin_energy_over_lowest_window_energy,-2.459639952259206e-06,0.04169332838117843,0.04169332845372995,6.584886191590071,2.0855633229848137e-05,0.041042415735598796,0.0410424210344756,7.064537358429286,0.9907286582317649,1.2089604474228836e-11
HFocusing_5_10_10um_0_147.npy,P0/data/dataset_Particles2SNR_F_c1/train/10um/HFocusing_5_10_10um_0_147.npy,10um,1741,16384,3,15,3,1857.2972412109375,3,peak_bin_energy_over_lowest_window_energy,3.6437961114086006e-05,0.03913883240658132,0.03913884936831269,1.4156890588240376,1.978780584018821e-05,0.03806535368644918,0.038065358829672546,1.565815910114484,0.9870717219535091,1.1946180043179132e-11
HFocusing_5_10_10um_0_1472.npy,P0/data/dataset_Particles2SNR_F_c1/train/10um/HFocusing_5_10_10um_0_1472.npy,10um,1742,16384,7,15,5,1865.9072265625,3,peak_bin_energy_over_lowest_window_energy,0.00011291457127708725,0.0733906653226474,0.07339075218446292,58.60065744295965,0.0001064155403178538,0.06977507432393633,0.06977515547226003,62.722521733227,0.9611059004190479,9.443494444707906e-12
HFocusing_5_10_10um_0_1476.npy,P0/data/dataset_Particles2SNR_F_c1/train/10um/HFocusing_5_10_10um_0_1476.npy,10um,1743,16384,1,15,4,2264.646484375,3,peak_bin_energy_over_lowest_window_energy,-2.186037999682474e-05,0.05705292836999566,0.05705293255800327,7.561501089479089,-2.0793704881189722e-05,0.05655491637894909,0.056554920201588886,7.813694711274962,0.9946619470155263,6.134716147574966e-12
HFocusing_5_10_10um_0_1482.npy,P0/data/dataset_Particles2SNR_F_c1/train/10um/HFocusing_5_10_10um_0_1482.npy,10um,1744,16384,0,15,0,1836.34716796875,3,peak_bin_energy_over_lowest_window_energy,2.4081307355921783e-05,0.026235252814682246,0.026235263866781607,-0.11035986507674123,1.5295867808015005e-05,0.025113553375544034,0.02511355803365726,-0.07579186814452532,0.9715511602680053,1.553900070328611e-11
HFocusing_5_10_10um_0_1485.npy,P0/data/dataset_Particles2SNR_F_c1/train/10um/HFocusing_5_10_10um_0_1485.npy,10um,1745,16384,6,15,5,1740.3699951171875,3,peak_bin_energy_over_lowest_window_energy,1.0587237996692506e-05,0.08741156170951735,0.08741156235067743,61.179600012221755,5.205517293214332e-06,0.08265778943947447,0.0826577896033877,66.30967463465615,0.965794268882902,1.086897912260777e-11
HFocusing_5_10_10um_0_1489.npy,P0/data/dataset_Particles2SNR_F_c1/train/10um/HFocusing_5_10_10um_0_1489.npy,10um,1746,16384,0,15,0,1856.4986572265625,3,peak_bin_energy_over_lowest_window_energy,-1.7120061537670296e-05,0.027178482795041953,0.027178488187110383,0.2607090714029514,-1.5894457311651493e-05,0.026279150039584195,0.026279154846317855,0.2678725839418261,0.9802892956247832,1.1665158259819608e-11
HFocusing_5_10_10um_0_149.npy,P0/data/dataset_Particles2SNR_F_c1/train/10um/HFocusing_5_10_10um_0_149.npy,10um,1747,16384,5,15,2,1880.1778564453125,3,peak_bin_energy_over_lowest_window_energy,0.00015058209906740658,0.02827265279572942,0.028273053798209102,0.1404940619663675,0.00012138776545771498,0.027423024500944186,0.02742329316054124,0.16068410470308558,0.9811324905065751,1.2099266537717574e-11
HFocusing_5_10_10um_0_1490.npy,P0/data/dataset_Particles2SNR_F_c1/train/10um/HFocusing_5_10_10um_0_1490.npy,10um,1748,16384,3,15,8,2296.756591796875,3,peak_bin_energy_over_lowest_window_energy,-1.3492846769519864e-05,0.35367025102606847,0.3536702512834507,11.91473782468603,-1.8085972241504326e-05,0.35311455535687747,0.35311455582004503,11.93968177523382,0.9993336845617261,2.342710406988021e-12
HFocusing_5_10_10um_0_1493.npy,P0/data/dataset_Particles2SNR_F_c1/train/10um/HFocusing_5_10_10um_0_1493.npy,10um,1749,16384,4,15,4,1615.7340087890625,3,peak_bin_energy_over_lowest_window_energy,3.091162671568322e-05,0.08939222061783902,0.089392225962424,70.37937367456183,3.246395540589645e-05,0.08479683725435645,0.08479684346867053,75.92759446377333,0.9675086347785442,1.7937520044857282e-11
HFocusing_5_10_10um_0_1494.npy,P0/data/dataset_Particles2SNR_F_c1/train/10um/HFocusing_5_10_10um_0_1494.npy,10um,1750,16384,1,15,3,1990.4771728515625,3,peak_bin_energy_over_lowest_window_energy,1.431209472676965e-05,0.03085319045753512,0.03085319377706288,0.29220416253977755,1.7867267413796852e-05,0.029145870751448567,0.029145876228025634,0.22127896320523188,0.9731874520252688,9.169337229824098e-12
HFocusing_5_10_10um_0_1497.npy,P0/data/dataset_Particles2SNR_F_c1/train/10um/HFocusing_5_10_10um_0_1497.npy,10um,1751,16384,2,15,2,1978.2093505859375,3,peak_bin_energy_over_lowest_window_energy,4.075502821545044e-05,0.060017732928732886,0.06001774676607772,17.7181595326138,1.5550743655576922e-05,0.059595742627372855,0.059595744656256236,18.292806620314973,0.995611827430183,9.85949617724281e-12
HFocusing_5_10_10um_0_15.npy,P0/data/dataset_Particles2SNR_F_c1/train/10um/HFocusing_5_10_10um_0_15.npy,10um,1752,16384,17,15,11,3634.770751953125,3,peak_bin_energy_over_lowest_window_energy,-2.517440913386403e-05,0.09298735016006353,0.09298735356778975,32.32486299614392,-6.373438457083711e-05,0.08923805566092634,0.08923807842067402,33.403279048430925,0.9645863442976884,5.734088863120398e-12
HFocusing_5_10_10um_0_150.npy,P0/data/dataset_Particles2SNR_F_c1/train/10um/HFocusing_5_10_10um_0_150.npy,10um,1753,16384,2,15,6,2209.39013671875,3,peak_bin_energy_over_lowest_window_energy,8.706084161365807e-05,0.08756307393075873,0.08756311721149299,16.30025184935818,7.019619705079802e-05,0.08712614014327823,0.08712616842127421,16.569562014419798,0.9966415951185081,8.796143320674833e-12
HFocusing_5_10_10um_0_1500.npy,P0/data/dataset_Particles2SNR_F_c1/train/10um/HFocusing_5_10_10um_0_1500.npy,10um,1754,16384,10,15,8,2105.39599609375,3,peak_bin_energy_over_lowest_window_energy,9.884579535189804e-05,0.07773172650264208,0.07773178935012887,41.401132925967204,8.973046508185109e-05,0.07408332462252337,0.07408337896372263,43.660290086623576,0.9601799726458279,7.445560751422803e-12
HFocusing_5_10_10um_0_1501.npy,P0/data/dataset_Particles2SNR_F_c1/train/10um/HFocusing_5_10_10um_0_1501.npy,10um,1755,16384,2,15,3,1868.0054931640625,3,peak_bin_energy_over_lowest_window_energy,4.6664903369265575e-05,0.04178421248747872,0.04178423854531729,9.111502000794323,4.756908711502158e-05,0.04121310826994304,0.041213135722583595,9.406733453285614,0.9909000295852721,1.3881797518562904e-11
HFocusing_5_10_10um_0_1505.npy,P0/data/dataset_Particles2SNR_F_c1/train/10um/HFocusing_5_10_10um_0_1505.npy,10um,1756,16384,4,15,3,2020.66259765625,3,peak_bin_energy_over_lowest_window_energy,-1.5450376488597083e-05,0.03915274201420091,0.03915274506269907,2.249765874108033,-2.3632152497393457e-06,0.03834935156008074,0.03834935163289536,2.453036927319461,0.9892364391809578,7.81336084530861e-12
HFocusing_5_10_10um_0_1507.npy,P0/data/dataset_Particles2SNR_F_c1/train/10um/HFocusing_5_10_10um_0_1507.npy,10um,1757,16384,4,15,2,1907.6865234375,3,peak_bin_energy_over_lowest_window_energy,0.00010460538642992142,0.027992275175964594,0.027992470627184626,0.5103001023523648,9.61183978120335e-05,0.026934422215760763,0.02693459371966217,0.45753853192531535,0.9751001812518837,1.2109642799591124e-11
HFocusing_5_10_10um_0_1508.npy,P0/data/dataset_Particles2SNR_F_c1/train/10um/HFocusing_5_10_10um_0_1508.npy,10um,1758,16384,7,15,7,1982.966796875,3,peak_bin_energy_over_lowest_window_energy,6.5837201327872e-05,0.08819661876773974,0.08819664334088402,41.91779413630829,6.460696544413765e-05,0.08131042602179224,0.08131045168922217,48.28008201174535,0.9294865115596199,6.608188404575783e-12
HFocusing_5_10_10um_0_1510.npy,P0/data/dataset_Particles2SNR_F_c1/train/10um/HFocusing_5_10_10um_0_1510.npy,10um,1759,16384,2,15,3,1910.7139892578125,3,peak_bin_energy_over_lowest_window_energy,-2.5297662779654366e-06,0.08088616314017939,0.08088616317973941,114.8565706388076,-2.3870045883988124e-05,0.07716929778846388,0.07716930148021107,123.50921720764461,0.9619784727159125,3.4213463681919834e-12
HFocusing_5_10_10um_0_1511.npy,P0/data/dataset_Particles2SNR_F_c1/train/10um/HFocusing_5_10_10um_0_1511.npy,10um,1760,16384,1,15,5,2115.012939453125,3,peak_bin_energy_over_lowest_window_energy,-4.600280844441254e-05,0.04938211054492136,0.04938213197229558,3.590356351886647,-2.6284001913659966e-05,0.04744830063436975,0.047448307914384986,3.5582255840918986,0.991760786549741,7.925262873467034e-12
HFocusing_5_10_10um_0_1514.npy,P0/data/dataset_Particles2SNR_F_c1/train/10um/HFocusing_5_10_10um_0_1514.npy,10um,1761,16384,1,15,4,1926.7691650390625,3,peak_bin_energy_over_lowest_window_energy,7.481371637485252e-05,0.04181488983805187,0.04181495676502096,7.0882218988042,4.404822479402357e-05,0.04102056720190677,0.041020590851574244,7.684202229671412,0.9873609304879143,8.276521104577282e-12
HFocusing_5_10_10um_0_1517.npy,P0/data/dataset_Particles2SNR_F_c1/train/10um/HFocusing_5_10_10um_0_1517.npy,10um,1762,16384,7,15,10,2629.886474609375,3,peak_bin_energy_over_lowest_window_energy,2.826043323672784e-05,0.07683507720769098,0.07683508240487494,7.4300996338148195,2.453287175728603e-05,0.07642177446125714,0.07642177839902087,7.585820979737807,0.9961684097536091,3.770945226195828e-12
HFocusing_5_10_10um_0_1519.npy,P0/data/dataset_Particles2SNR_F_c1/train/10um/HFocusing_5_10_10um_0_1519.npy,10um,1763,16384,5,15,2,1937.982421875,3,peak_bin_energy_over_lowest_window_energy,-5.4976231050151596e-05,0.0278821748335955,0.027882229032793752,0.30843037951448693,-3.119383760000901e-05,0.026894377556853515,0.026894395647162072,0.27166008097028804,0.9799760765262491,1.2259366840561565e-11
HFocusing_5_10_10um_0_1520.npy,P0/data/dataset_Particles2SNR_F_c1/train/10um/HFocusing_5_10_10um_0_1520.npy,10um,1764,16384,4,15,8,2151.737060546875,3,peak_bin_energy_over_lowest_window_energy,-1.9738501595915966e-05,0.04865573753534728,0.04865574153907272,4.8185119161449625,-2.2517648834895813e-05,0.04808582509623379,0.04808583036852017,5.054422086081795,0.9924851510301714,8.752531252682243e-12
HFocusing_5_10_10um_0_1522.npy,P0/data/dataset_Particles2SNR_F_c1/train/10um/HFocusing_5_10_10um_0_1522.npy,10um,1765,16384,0,15,0,1954.9439697265625,3,peak_bin_energy_over_lowest_window_energy,-4.5864837107588386e-05,0.026648011184324097,0.026648050654093723,0.01901222914924139,-4.773432446824906e-05,0.0255894209437427,0.025589465465339245,0.00506275442427917,0.9762520048299299,1.471780125526315e-11
HFocusing_5_10_10um_0_1523.npy,P0/data/dataset_Particles2SNR_F_c1/train/10um/HFocusing_5_10_10um_0_1523.npy,10um,1766,16384,1,15,5,2055.926025390625,3,peak_bin_energy_over_lowest_window_energy,-0.00010621541065155909,0.07130386121469534,0.07130394032476742,7.617570948546522,-9.285730448840246e-05,0.069647956099447,0.06964801799986482,7.759476710371347,0.9954397214783374,6.3834780922873885e-12
HFocusing_5_10_10um_0_1525.npy,P0/data/dataset_Particles2SNR_F_c1/train/10um/HFocusing_5_10_10um_0_1525.npy,10um,1767,16384,9,15,4,2411.738525390625,3,peak_bin_energy_over_lowest_window_energy,-3.665219202197212e-06,0.029399970595061265,0.029399970823528018,0.27254822674633905,-1.183563169747853e-05,0.02846863954068633,0.028468642000975507,0.25842354893987274,0.9796375190573722,9.257178106826311e-12
HFocusing_5_10_10um_0_1526.npy,P0/data/dataset_Particles2SNR_F_c1/train/10um/HFocusing_5_10_10um_0_1526.npy,10um,1768,16384,5,15,5,2047.3818359375,3,peak_bin_energy_over_lowest_window_energy,-0.0006134109063068647,0.10028103002728339,0.10028290610205155,35.59286453623654,-0.0004719910792307618,0.09458781881679967,0.0945889964218809,39.00663129952013,0.9634905329740302,2.9517542359291495e-12
HFocusing_5_10_10um_0_1529.npy,P0/data/dataset_Particles2SNR_F_c1/train/10um/HFocusing_5_10_10um_0_1529.npy,10um,1769,16384,4,15,7,1899.3682861328125,3,peak_bin_energy_over_lowest_window_energy,3.38214916497345e-05,0.07568971765866349,0.0756897252151274,2.1504718003758416,6.967770666869096e-06,0.07496859364482075,0.07496859396862186,2.2095803981416635,0.9939110002423521,5.7911254905517286e-12
HFocusing_5_10_10um_0_1532.npy,P0/data/dataset_Particles2SNR_F_c1/train/10um/HFocusing_5_10_10um_0_1532.npy,10um,1770,16384,4,15,3,1841.1427001953125,3,peak_bin_energy_over_lowest_window_energy,-2.9359344846752304e-06,0.06408673161937611,0.06408673168662647,95.07396014178725,2.62767875021228e-05,0.06049683183008096,0.060496837536739546,103.13485123258984,0.9535922472511386,6.455913605745311e-12
HFocusing_5_10_10um_0_1533.npy,P0/data/dataset_Particles2SNR_F_c1/train/10um/HFocusing_5_10_10um_0_1533.npy,10um,1771,16384,8,15,8,2287.075927734375,3,peak_bin_energy_over_lowest_window_energy,0.00017100760563960163,0.08516523332766442,0.0851654050149279,36.39524154127551,0.00011287850951728225,0.08193263333749828,0.08193271109376794,37.18041437661626,0.9708168754925285,6.233807335762621e-12
HFocusing_5_10_10um_0_1536.npy,P0/data/dataset_Particles2SNR_F_c1/train/10um/HFocusing_5_10_10um_0_1536.npy,10um,1772,16384,4,15,3,1703.1285400390625,3,peak_bin_energy_over_lowest_window_energy,-5.8115333153532846e-05,0.0286184212781604,0.02861848028540669,0.6107638223996092,-5.6955109408585164e-05,0.027643399780331295,0.02764345845403046,0.6084955593453367,0.976849865735337,1.3721780437410645e-11
HFocusing_5_10_10um_0_1537.npy,P0/data/dataset_Particles2SNR_F_c1/train/10um/HFocusing_5_10_10um_0_1537.npy,10um,1773,16384,0,15,0,1864.0054931640625,3,peak_bin_energy_over_lowest_window_energy,-5.5161130542814245e-05,0.02835486966226931,0.02835492331702915,0.24850940428204238,-4.8348368907280095e-05,0.027309575928986855,0.02730961872648306,0.2551583359418963,0.9762326140579987,1.623751795839951e-11
HFocusing_5_10_10um_0_1538.npy,P0/data/dataset_Particles2SNR_F_c1/train/10um/HFocusing_5_10_10um_0_1538.npy,10um,1774,16384,2,15,7,1870.7493896484375,3,peak_bin_energy_over_lowest_window_energy,-4.5770557531568334e-05,0.04594410095579366,0.04594412375462282,4.449206778816159,-2.2039696898157234e-05,0.04520384170737336,0.04520384708023762,4.721406144165188,0.9912043569690915,1.0865551737772538e-11
HFocusing_5_10_10um_0_1541.npy,P0/data/dataset_Particles2SNR_F_c1/train/10um/HFocusing_5_10_10um_0_1541.npy,10um,1775,16384,3,15,7,1902.3515625,3,peak_bin_energy_over_lowest_window_energy,-3.114456642160908e-05,0.06105338142700669,0.06105338937074323,6.5217515239170325,-2.6029885569665807e-05,0.060653029719384494,0.060653035304883814,6.704582496923454,0.9958626717959294,7.034147654458713e-12
HFocusing_5_10_10um_0_1544.npy,P0/data/dataset_Particles2SNR_F_c1/train/10um/HFocusing_5_10_10um_0_1544.npy,10um,1776,16384,1,15,4,1882.6219482421875,3,peak_bin_energy_over_lowest_window_energy,5.1073602875533164e-05,0.055324886692528934,0.05532491026702235,14.259533387571931,3.358472749269447e-05,0.05483187015735499,0.05483188044274022,14.803821837564996,0.9948264220994918,7.91412381667061e-12
HFocusing_5_10_10um_0_1547.npy,P0/data/dataset_Particles2SNR_F_c1/train/10um/HFocusing_5_10_10um_0_1547.npy,10um,1777,16384,1,15,2,2061.441162109375,3,peak_bin_energy_over_lowest_window_energy,-7.951060091486568e-06,0.1817903217342395,0.18179032190811936,20.21674588929714,-2.2329730762794673e-06,0.18158874867112812,0.1815887486848574,20.294103232329547,0.9990366714982999,3.761401374719377e-12
HFocusing_5_10_10um_0_1550.npy,P0/data/dataset_Particles2SNR_F_c1/train/10um/HFocusing_5_10_10um_0_1550.npy,10um,1778,16384,1,15,5,2055.401123046875,3,peak_bin_energy_over_lowest_window_energy,1.3236206283057916e-05,0.061719273493181834,0.06171927491248852,5.167678956718545,9.778599050053391e-06,0.06116607064219756,0.061166071423848216,5.2778574320205855,0.9941737579386691,5.35319811234897e-12
HFocusing_5_10_10um_0_1557.npy,P0/data/dataset_Particles2SNR_F_c1/train/10um/HFocusing_5_10_10um_0_1557.npy,10um,1779,16384,2,15,4,1954.2418212890625,3,peak_bin_energy_over_lowest_window_energy,0.0001844229428290743,0.04710824883783176,0.04710860983290548,7.273650915038639,0.00013658474909686587,0.04646096224493824,0.046461163008681375,7.697797544340359,0.9908766431280095,5.794215178818395e-12
HFocusing_5_10_10um_0_1560.npy,P0/data/dataset_Particles2SNR_F_c1/train/10um/HFocusing_5_10_10um_0_1560.npy,10um,1780,16384,1,15,4,2140.935302734375,3,peak_bin_energy_over_lowest_window_energy,-3.7305702368077716e-06,0.04308240005864242,0.04308240022016028,7.525162454898904,-3.962899876259595e-06,0.042425847277891206,0.04242584746297385,7.976698614364544,0.9909466903218436,7.290855980011973e-12
HFocusing_5_10_10um_0_1562.npy,P0/data/dataset_Particles2SNR_F_c1/train/10um/HFocusing_5_10_10um_0_1562.npy,10um,1781,16384,7,15,4,1803.8154296875,3,peak_bin_energy_over_lowest_window_energy,-7.256533540952128e-06,0.028888354017196142,0.028888354928588985,0.43901912179911484,2.1783803332884858e-05,0.027906808393915513,0.027906816896034577,0.5012292637448006,0.9829103654335125,1.2837203991284172e-11
HFocusing_5_10_10um_0_1563.npy,P0/data/dataset_Particles2SNR_F_c1/train/10um/HFocusing_5_10_10um_0_1563.npy,10um,1782,16384,4,15,6,2047.7974853515625,3,peak_bin_energy_over_lowest_window_energy,-1.3483358637300798e-05,0.06244607428621594,0.06244607574187957,4.377103761214087,-9.68708496255677e-06,0.06093110871180901,0.060931109481855844,4.512591710905049,0.9932692414694677,8.69938778444381e-12
HFocusing_5_10_10um_0_1565.npy,P0/data/dataset_Particles2SNR_F_c1/train/10um/HFocusing_5_10_10um_0_1565.npy,10um,1783,16384,5,15,8,2307.238037109375,3,peak_bin_energy_over_lowest_window_energy,-1.6842488280382584e-06,0.0764545911057133,0.07645459112426481,6.76464367926061,1.4575451482460062e-06,0.07526824763846457,0.07526824765257702,6.931843393971924,0.9948875774507746,6.093271736861436e-12
HFocusing_5_10_10um_0_1568.npy,P0/data/dataset_Particles2SNR_F_c1/train/10um/HFocusing_5_10_10um_0_1568.npy,10um,1784,16384,9,15,10,2481.174072265625,3,peak_bin_energy_over_lowest_window_energy,3.75093561606334e-07,0.1711565361579542,0.17115653615836524,16.07095755910164,-5.1527010021499645e-06,0.1687854242532604,0.16878542433191152,16.50392891000572,0.9889018627999877,9.758211185541982e-12
HFocusing_5_10_10um_0_1571.npy,P0/data/dataset_Particles2SNR_F_c1/train/10um/HFocusing_5_10_10um_0_1571.npy,10um,1785,16384,5,15,2,1947.00146484375,3,peak_bin_energy_over_lowest_window_energy,0.00010137159050795551,0.028347815143397778,0.028347996394870918,0.21462142515572102,6.267986081047734e-05,0.026865877031520474,0.026865950149543016,0.14390934503774755,0.9630070651103513,9.97142721495147e-12
HFocusing_5_10_10um_0_1574.npy,P0/data/dataset_Particles2SNR_F_c1/train/10um/HFocusing_5_10_10um_0_1574.npy,10um,1786,16384,12,15,6,1862.51025390625,3,peak_bin_energy_over_lowest_window_energy,7.821505242885715e-05,0.03594057187242954,0.03594065697941121,7.062564952631506,4.601458704308855e-05,0.034810214322868585,0.034810244735512356,7.575956338073141,0.9757439260377768,1.4864182221079775e-11
HFocusing_5_10_10um_0_1575.npy,P0/data/dataset_Particles2SNR_F_c1/train/10um/HFocusing_5_10_10um_0_1575.npy,10um,1787,16384,1,15,4,1757.2340087890625,3,peak_bin_energy_over_lowest_window_energy,-6.0792840552441686e-05,0.03888620713826164,0.03888625465854551,5.377937979205772,-4.4254525803993505e-05,0.03822380223366075,0.03822382785202266,5.7951420004874485,0.9891724969082644,6.85197283435188e-12
HFocusing_5_10_10um_0_1578.npy,P0/data/dataset_Particles2SNR_F_c1/train/10um/HFocusing_5_10_10um_0_1578.npy,10um,1788,16384,8,15,6,1967.4302978515625,3,peak_bin_energy_over_lowest_window_energy,-1.547813254137906e-05,0.0917648809990191,0.09176488230438004,58.8239569866087,-2.817914620500998e-05,0.08725466055942772,0.08725466510969619,62.98599921859282,0.9649190527348523,1.4026332973696361e-11
HFocusing_5_10_10um_0_1579.npy,P0/data/dataset_Particles2SNR_F_c1/train/10um/HFocusing_5_10_10um_0_1579.npy,10um,1789,16384,10,15,10,4164.53076171875,3,peak_bin_energy_over_lowest_window_energy,-0.00016487927042061731,0.16903944229034298,0.16903952270106543,13.088697376200912,-0.0001400226222152002,0.1481612210108028,0.1481612871763292,15.511888179003222,0.9117502824734722,7.408771822992067e-12
HFocusing_5_10_10um_0_1586.npy,P0/data/dataset_Particles2SNR_F_c1/train/10um/HFocusing_5_10_10um_0_1586.npy,10um,1790,16384,1,15,4,2204.735107421875,3,peak_bin_energy_over_lowest_window_energy,0.00016267340413046223,0.03610750207128684,0.03610786851178556,0.9056779814011349,0.00013506652652214791,0.03167114594248053,0.03167143394727317,0.5850313490955088,0.9106222042118859,9.448603440551858e-12
HFocusing_5_10_10um_0_1589.npy,P0/data/dataset_Particles2SNR_F_c1/train/10um/HFocusing_5_10_10um_0_1589.npy,10um,1791,16384,0,15,0,1812.5716552734375,3,peak_bin_energy_over_lowest_window_energy,2.6221970294911297e-05,0.026875123073818504,0.02687513586616108,-0.011227145774902691,1.6846647312333256e-05,0.02580304185096549,0.02580304735050111,-0.013552991600178643,0.975095664295733,1.3146023404546784e-11
HFocusing_5_10_10um_0_1590.npy,P0/data/dataset_Particles2SNR_F_c1/train/10um/HFocusing_5_10_10um_0_1590.npy,10um,1792,16384,1,15,3,1816.310546875,3,peak_bin_energy_over_lowest_window_energy,5.262302843135361e-05,0.043531166697280924,0.04353119850417148,3.1341004140345436,1.6796810515168446e-05,0.0419292487829922,0.04192925214738389,3.186675893544745,0.989333056566752,7.589741268234705e-12
HFocusing_5_10_10um_0_1593.npy,P0/data/dataset_Particles2SNR_F_c1/train/10um/HFocusing_5_10_10um_0_1593.npy,10um,1793,16384,6,15,7,2245.145751953125,3,peak_bin_energy_over_lowest_window_energy,1.6703394129899797e-05,0.08052611059583123,0.08052611232820953,52.88143346787002,-5.926034444442047e-07,0.07675630081870481,0.07675630082099244,56.39512922670033,0.968853297111892,1.2992927133091664e-11
HFocusing_5_10_10um_0_1594.npy,P0/data/dataset_Particles2SNR_F_c1/train/10um/HFocusing_5_10_10um_0_1594.npy,10um,1794,16384,1,15,4,1863.5560302734375,3,peak_bin_energy_over_lowest_window_energy,5.3707792356789026e-05,0.03426095582328938,0.034260997919680417,1.5279792636090423,3.5288325811246775e-05,0.0331247260705651,0.033124744867182206,1.566573988052066,0.9807948928601177,1.0137356603923264e-11
HFocusing_5_10_10um_0_1597.npy,P0/data/dataset_Particles2SNR_F_c1/train/10um/HFocusing_5_10_10um_0_1597.npy,10um,1795,16384,7,15,7,2040.7628173828125,3,peak_bin_energy_over_lowest_window_energy,0.0001228152560547325,0.10400928050602182,0.10400935301677178,63.534370028979524,9.121503150740732e-05,0.09861111602822709,0.09861115821505413,68.49267212061945,0.9608449812668832,4.5776887132694905e-12
HFocusing_5_10_10um_0_160.npy,P0/data/dataset_Particles2SNR_F_c1/train/10um/HFocusing_5_10_10um_0_160.npy,10um,1796,16384,1,15,4,1781.66015625,3,peak_bin_energy_over_lowest_window_energy,-0.00014177387125300321,0.040764356790706974,0.040764603326791105,6.7296010335383745,-0.00010472417187570412,0.040162540190076354,0.0401626767244375,7.055316801200529,0.9899881423877375,8.758748180842067e-12
HFocusing_5_10_10um_0_1601.npy,P0/data/dataset_Particles2SNR_F_c1/train/10um/HFocusing_5_10_10um_0_1601.npy,10um,1797,16384,2,15,6,1976.8211669921875,3,peak_bin_energy_over_lowest_window_energy,6.162578240688027e-05,0.03732383258839342,0.03732388346385563,1.676263958233621,7.192187015133385e-05,0.035366533800801334,0.03536660693137849,2.1718254777963013,0.9687284854040615,1.032130632109203e-11
HFocusing_5_10_10um_0_1610.npy,P0/data/dataset_Particles2SNR_F_c1/train/10um/HFocusing_5_10_10um_0_1610.npy,10um,1798,16384,2,15,1,1952.1767578125,3,peak_bin_energy_over_lowest_window_energy,4.325027889927535e-05,0.060602873566653614,0.06060288899980288,98.59096444840642,3.708796290006798e-05,0.05759571717617725,0.05759572911731556,102.76144852605522,0.9686676954887158,7.67636687995881e-12
HFocusing_5_10_10um_0_1611.npy,P0/data/dataset_Particles2SNR_F_c1/train/10um/HFocusing_5_10_10um_0_1611.npy,10um,1799,16384,3,15,4,1687.2366943359375,3,peak_bin_energy_over_lowest_window_energy,-0.0002040753975559421,0.072491172844348,0.07249146009784203,56.30596873604745,-0.00017365932848539727,0.06985215665390686,0.0698523725206547,57.98133769049347,0.971865228609609,8.02954395219705e-12
HFocusing_5_10_10um_0_1614.npy,P0/data/dataset_Particles2SNR_F_c1/train/10um/HFocusing_5_10_10um_0_1614.npy,10um,1800,16384,8,15,11,2701.858154296875,3,peak_bin_energy_over_lowest_window_energy,1.957657381778847e-05,0.09169623344231694,0.09169623553205511,27.544968698057705,1.0559407167319946e-05,0.08835258193263514,0.08835258256363583,27.993901490665802,0.9696354950896727,6.9972162052996724e-12
HFocusing_5_10_10um_0_1617.npy,P0/data/dataset_Particles2SNR_F_c1/train/10um/HFocusing_5_10_10um_0_1617.npy,10um,1801,16384,1,15,3,1943.5496826171875,3,peak_bin_energy_over_lowest_window_energy,-6.0685227114369296e-05,0.04395567007950611,0.04395571197051845,7.244924169726197,-6.239671416155519e-05,0.043301431387896126,0.04330147634423813,7.592415312415104,0.9896543090226099,8.393793060584493e-12
HFocusing_5_10_10um_0_1621.npy,P0/data/dataset_Particles2SNR_F_c1/train/10um/HFocusing_5_10_10um_0_1621.npy,10um,1802,16384,1,15,4,1931.9359130859375,3,peak_bin_energy_over_lowest_window_energy,-3.3562519871388195e-05,0.12731565092297942,0.12731565534679815,23.266738785563458,-1.1555512577828828e-05,0.12700940686145196,0.12700940738712116,23.392043820394516,0.9982721379855909,4.147256857861557e-12
HFocusing_5_10_10um_0_1627.npy,P0/data/dataset_Particles2SNR_F_c1/train/10um/HFocusing_5_10_10um_0_1627.npy,10um,1803,16384,5,15,3,1529.31396484375,3,peak_bin_energy_over_lowest_window_energy,-8.27530758749134e-06,0.06794725814104034,0.06794725864496588,76.44691776220338,1.139547321101508e-05,0.06477346882698151,0.06477346982937347,79.20253697355082,0.9706521886324865,1.5007388564784824e-11
HFocusing_5_10_10um_0_1628.npy,P0/data/dataset_Particles2SNR_F_c1/train/10um/HFocusing_5_10_10um_0_1628.npy,10um,1804,16384,1,15,3,2079.599853515625,3,peak_bin_energy_over_lowest_window_energy,-4.760996978775539e-05,0.045651598005561636,0.045651622831730986,11.275584128538508,-4.259665039188569e-05,0.04504543530528565,0.04504545544577499,11.873358210631482,0.9919691183178178,1.3078666338233838e-11
HFocusing_5_10_10um_0_163.npy,P0/data/dataset_Particles2SNR_F_c1/train/10um/HFocusing_5_10_10um_0_163.npy,10um,1805,16384,5,15,6,2185.989013671875,3,peak_bin_energy_over_lowest_window_energy,-0.00014567142992235674,0.09648578343892728,0.09648589340410892,65.53835271869508,-0.00011550807143234926,0.09165931368070157,0.09165938646168112,70.36113566762987,0.9650662538721998,2.466828112873636e-11
HFocusing_5_10_10um_0_1634.npy,P0/data/dataset_Particles2SNR_F_c1/train/10um/HFocusing_5_10_10um_0_1634.npy,10um,1806,16384,6,15,9,2057.834228515625,3,peak_bin_energy_over_lowest_window_energy,-9.750030224983104e-05,0.04264945128110963,0.042649562727989164,1.2967643558902875,-8.425863293731682e-05,0.041004796251467863,0.0410048828207278,1.37350912745503,0.9840013607009088,1.1370659468011003e-11
HFocusing_5_10_10um_0_1637.npy,P0/data/dataset_Particles2SNR_F_c1/train/10um/HFocusing_5_10_10um_0_1637.npy,10um,1807,16384,3,15,3,2079.931884765625,3,peak_bin_energy_over_lowest_window_energy,6.67601377992949e-06,0.028520111051602588,0.028520111832966294,0.03221110652223391,1.74087864065595e-05,0.02765920642897891,0.02765921190754922,0.05092152651817017,0.9778931721766598,1.1433878586321513e-11
HFocusing_5_10_10um_0_1638.npy,P0/data/dataset_Particles2SNR_F_c1/train/10um/HFocusing_5_10_10um_0_1638.npy,10um,1808,16384,9,15,10,2592.597412109375,3,peak_bin_energy_over_lowest_window_energy,-0.00022256211502303405,0.10818280808766659,0.10818303702349986,8.78030866987708,-0.00017033223717804444,0.10784479433131443,0.10784492884431113,8.88192678257554,0.9981582243944509,5.250794020174921e-12
HFocusing_5_10_10um_0_164.npy,P0/data/dataset_Particles2SNR_F_c1/train/10um/HFocusing_5_10_10um_0_164.npy,10um,1809,16384,1,15,4,2155.473876953125,3,peak_bin_energy_over_lowest_window_energy,-7.282749754432396e-06,0.03604381511681292,0.03604381585256249,2.642075899018881,-9.009814199032246e-06,0.035237197705635756,0.03523719885749737,2.911745645203081,0.9846119792922094,8.801926288255625e-12
HFocusing_5_10_10um_0_1641.npy,P0/data/dataset_Particles2SNR_F_c1/train/10um/HFocusing_5_10_10um_0_1641.npy,10um,1810,16384,8,15,10,3390.611328125,3,peak_bin_energy_over_lowest_window_energy,8.875660381349104e-05,0.13394949242210166,0.1339495218277146,17.13448513753355,6.110237677124884e-05,0.13075154253297377,0.13075155681005293,16.866765623492626,0.9828874701622998,6.01141398869935e-12
HFocusing_5_10_10um_0_1643.npy,P0/data/dataset_Particles2SNR_F_c1/train/10um/HFocusing_5_10_10um_0_1643.npy,10um,1811,16384,5,15,7,1950.3377685546875,3,peak_bin_energy_over_lowest_window_energy,-6.103706839585783e-05,0.0969687167954566,0.09696873600538057,57.16376587785104,-4.337063658183959e-05,0.0920414783564548,0.09204148857473925,61.72431000553014,0.9591294586233504,3.190694227068548e-12
HFocusing_5_10_10um_0_1647.npy,P0/data/dataset_Particles2SNR_F_c1/train/10um/HFocusing_5_10_10um_0_1647.npy,10um,1812,16384,3,15,5,1754.3140869140625,3,peak_bin_energy_over_lowest_window_energy,2.0697829391588464e-05,0.11701995402191674,0.11701995585237439,13.536985198796572,1.8783994101281395e-05,0.1167367986598766,0.11673680017113285,13.67621005171296,0.9981232555907525,6.517342983490722e-12
HFocusing_5_10_10um_0_1656.npy,P0/data/dataset_Particles2SNR_F_c1/train/10um/HFocusing_5_10_10um_0_1656.npy,10um,1813,16384,1,15,1,1906.9847412109375,3,peak_bin_energy_over_lowest_window_energy,9.139256918528114e-07,0.05251242386989083,0.05251242387784381,8.835016439534453,1.614769313634546e-05,0.05184334086979862,0.05184334338456698,9.230489894475166,0.9924939707503493,7.279639959494114e-12
HFocusing_5_10_10um_0_1658.npy,P0/data/dataset_Particles2SNR_F_c1/train/10um/HFocusing_5_10_10um_0_1658.npy,10um,1814,16384,1,15,4,1953.0267333984375,3,peak_bin_energy_over_lowest_window_energy,-0.00011560034562983326,0.17915745281241544,0.17915749010765017,18.744612579104523,-9.671669760999627e-05,0.17890399079332966,0.17890401693617555,18.85112542417071,0.9989693944423099,5.497923718015545e-12
HFocusing_5_10_10um_0_1661.npy,P0/data/dataset_Particles2SNR_F_c1/train/10um/HFocusing_5_10_10um_0_1661.npy,10um,1815,16384,3,15,6,2106.777587890625,3,peak_bin_energy_over_lowest_window_energy,-4.494818653232186e-05,0.0625856208448978,0.06258563698549995,7.728021520887808,-5.73312520957791e-05,0.06202342229394002,0.06202344879096036,7.932750197770083,0.9954579074754577,5.448273009733801e-12
HFocusing_5_10_10um_0_1663.npy,P0/data/dataset_Particles2SNR_F_c1/train/10um/HFocusing_5_10_10um_0_1663.npy,10um,1816,16384,3,15,2,1869.2515869140625,3,peak_bin_energy_over_lowest_window_energy,0.00014828167324057136,0.028358012844835086,0.028358400518408135,0.40896248203211094,0.00013573021714635017,0.027366621167920668,0.0273669577563954,0.5462503733277111,0.97784413508007,1.7820609159926174e-11
HFocusing_5_10_10um_0_1664.npy,P0/data/dataset_Particles2SNR_F_c1/train/10um/HFocusing_5_10_10um_0_1664.npy,10um,1817,16384,10,15,11,3348.046875,3,peak_bin_energy_over_lowest_window_energy,-3.9052829913991226e-05,0.12071921463989436,0.12071922095671596,28.159436250551938,-1.6648371494180626e-05,0.11649523456566062,0.1164952357552727,28.398701238482662,0.9738240214203054,4.6463254118787545e-12
HFocusing_5_10_10um_0_1671.npy,P0/data/dataset_Particles2SNR_F_c1/train/10um/HFocusing_5_10_10um_0_1671.npy,10um,1818,16384,3,15,3,1715.8045654296875,3,peak_bin_energy_over_lowest_window_energy,8.920182397713908e-05,0.03499794422828456,0.03499805790571125,2.3995422886482345,6.388139338594836e-05,0.034234856029815734,0.034234915630312744,2.585853582367032,0.9875993994556628,9.371477423691965e-12
HFocusing_5_10_10um_0_1674.npy,P0/data/dataset_Particles2SNR_F_c1/train/10um/HFocusing_5_10_10um_0_1674.npy,10um,1819,16384,9,15,8,2018.5078125,3,peak_bin_energy_over_lowest_window_energy,-3.5808507779732195e-05,0.08274315136301352,0.08274315911138391,19.71442466243839,-3.936449800865715e-05,0.0821897927578959,0.0821898021846359,20.227270056761988,0.9957388090498321,6.145587429356112e-12
HFocusing_5_10_10um_0_1677.npy,P0/data/dataset_Particles2SNR_F_c1/train/10um/HFocusing_5_10_10um_0_1677.npy,10um,1820,16384,3,15,6,2339.96240234375,3,peak_bin_energy_over_lowest_window_energy,4.239139048305588e-05,0.09275656153352717,0.09275657122033457,21.625599949474537,4.2067197903386735e-05,0.09241211440631783,0.0924121239810855,22.04509610800899,0.9977405610551913,4.801910750821465e-12
HFocusing_5_10_10um_0_1680.npy,P0/data/dataset_Particles2SNR_F_c1/train/10um/HFocusing_5_10_10um_0_1680.npy,10um,1821,16384,3,15,4,2190.142578125,3,peak_bin_energy_over_lowest_window_energy,2.3674931410069288e-05,0.09069114918347582,0.09069115227364709,10.223167859636357,1.8037137694218532e-05,0.09039188085646684,0.09039188265606614,10.37340496339711,0.9980317071845184,4.855754622761382e-12
HFocusing_5_10_10um_0_1683.npy,P0/data/dataset_Particles2SNR_F_c1/train/10um/HFocusing_5_10_10um_0_1683.npy,10um,1822,16384,5,15,8,2249.859375,3,peak_bin_energy_over_lowest_window_energy,-0.00010960049594983992,0.09036105553810352,0.09036112200625301,55.45372368997725,-0.0001030281144309175,0.0854229471167278,0.08542300924750683,60.812135767504984,0.9465657953093027,4.024500974265869e-12
HFocusing_5_10_10um_0_1684.npy,P0/data/dataset_Particles2SNR_F_c1/train/10um/HFocusing_5_10_10um_0_1684.npy,10um,1823,16384,10,15,10,2244.2666015625,3,peak_bin_energy_over_lowest_window_energy,-6.893360015800774e-05,0.1195393072193612,0.11953932709500271,19.061277625292927,-4.884468184316462e-05,0.11686125823265715,0.11686126844050053,19.330782100292048,0.9804086474606716,4.19308163680691e-12
HFocusing_5_10_10um_0_1687.npy,P0/data/dataset_Particles2SNR_F_c1/train/10um/HFocusing_5_10_10um_0_1687.npy,10um,1824,16384,2,15,2,1957.361328125,3,peak_bin_energy_over_lowest_window_energy,-0.00011659925964106642,0.06548694285728131,0.06548704665947438,10.72466163669628,-8.104130927319441e-05,0.06501207804489131,0.06501212855620747,11.07970428530228,0.9949429865458906,5.495357142982497e-12
HFocusing_5_10_10um_0_169.npy,P0/data/dataset_Particles2SNR_F_c1/train/10um/HFocusing_5_10_10um_0_169.npy,10um,1825,16384,3,15,4,1908.6822509765625,3,peak_bin_energy_over_lowest_window_energy,5.3637580498415757e-05,0.13131569164415094,0.13131570259862976,21.27609118587934,6.765686868846265e-06,0.1311223773906985,0.13112237756524736,21.433672975854204,0.9987022423755154,4.937156123030052e-12
HFocusing_5_10_10um_0_1692.npy,P0/data/dataset_Particles2SNR_F_c1/train/10um/HFocusing_5_10_10um_0_1692.npy,10um,1826,16384,2,15,4,1847.5723876953125,3,peak_bin_energy_over_lowest_window_energy,0.0001455932456406673,0.03792205472263387,0.0379223342079521,1.1270542195980173,0.00011319617689160246,0.036648596940289796,0.03664877175385666,1.1542188802679645,0.98107321768131,1.1502344651615928e-11
HFocusing_5_10_10um_0_1695.npy,P0/data/dataset_Particles2SNR_F_c1/train/10um/HFocusing_5_10_10um_0_1695.npy,10um,1827,16384,3,15,5,1696.46337890625,3,peak_bin_energy_over_lowest_window_energy,6.788757124761351e-05,0.045309670514409095,0.045309721372423416,5.062069249875442,6.41002204967281e-05,0.044616073945338126,0.044616119991928334,5.374241571889058,0.989363251630015,7.189043204083252e-12
HFocusing_5_10_10um_0_1698.npy,P0/data/dataset_Particles2SNR_F_c1/train/10um/HFocusing_5_10_10um_0_1698.npy,10um,1828,16384,8,15,6,2346.121826171875,3,peak_bin_energy_over_lowest_window_energy,1.1091154459091733e-05,0.06032739632260892,0.06032739734215984,7.644077687359228,2.0424922631652386e-05,0.05967146427319771,0.05967146776881707,7.971278846223539,0.9933722328342316,6.6165468117466205e-12
HFocusing_5_10_10um_0_1701.npy,P0/data/dataset_Particles2SNR_F_c1/train/10um/HFocusing_5_10_10um_0_1701.npy,10um,1829,16384,7,15,6,2352.55078125,3,peak_bin_energy_over_lowest_window_energy,0.0005147035730577443,0.07048418056939297,0.07048605982963518,10.443842832111311,0.00040127263121041655,0.07003724430221049,0.07003839382204645,10.764616101502847,0.9940467441590943,1.1517083840666299e-11
HFocusing_5_10_10um_0_1704.npy,P0/data/dataset_Particles2SNR_F_c1/train/10um/HFocusing_5_10_10um_0_1704.npy,10um,1830,16384,4,15,4,2153.092041015625,3,peak_bin_energy_over_lowest_window_energy,-5.117894210396662e-05,0.06888590298189902,0.06888592199365352,14.902206724850316,-4.02228160500814e-05,0.06842115842523067,0.06842117024814355,15.355273195311973,0.9956254104313998,6.873265681286579e-12
HFocusing_5_10_10um_0_1706.npy,P0/data/dataset_Particles2SNR_F_c1/train/10um/HFocusing_5_10_10um_0_1706.npy,10um,1831,16384,0,15,0,1735.0791015625,3,peak_bin_energy_over_lowest_window_energy,7.838049851617923e-05,0.026353001929778942,0.026353118491242743,-0.034836045228694434,4.4020412442946016e-05,0.025180511440806092,0.025180549918881398,-0.06526502451879646,0.9730945271586603,9.2552753165956e-12
HFocusing_5_10_10um_0_1707.npy,P0/data/dataset_Particles2SNR_F_c1/train/10um/HFocusing_5_10_10um_0_1707.npy,10um,1832,16384,2,15,5,2221.020263671875,3,peak_bin_energy_over_lowest_window_energy,3.8151789320746535e-05,0.04153367509808185,0.041533692620715205,3.4033704824985502,2.520898103988085e-05,0.04081049395445749,0.04081050174035522,3.684670330732297,0.9899292214666212,1.0530260579706204e-11
HFocusing_5_10_10um_0_1710.npy,P0/data/dataset_Particles2SNR_F_c1/train/10um/HFocusing_5_10_10um_0_1710.npy,10um,1833,16384,9,15,11,2981.145751953125,3,peak_bin_energy_over_lowest_window_energy,6.777344272020414e-05,0.040664471954925015,0.0406645284321904,0.3323857710432194,6.791981389186735e-05,0.039681200887208286,0.03968125901420089,0.3525813950878294,0.9854647005062234,7.861666526097405e-12
HFocusing_5_10_10um_0_1712.npy,P0/data/dataset_Particles2SNR_F_c1/train/10um/HFocusing_5_10_10um_0_1712.npy,10um,1834,16384,8,15,9,2785.34765625,3,peak_bin_energy_over_lowest_window_energy,1.074657942019529e-05,0.08589154957473553,0.08589155024703084,8.54987542536512,2.5241072914816123e-06,0.08186332315230327,0.08186332319121639,8.116194177515629,0.9906761710317664,3.3191215512282265e-12
HFocusing_5_10_10um_0_1716.npy,P0/data/dataset_Particles2SNR_F_c1/train/10um/HFocusing_5_10_10um_0_1716.npy,10um,1835,16384,6,15,11,2601.085693359375,3,peak_bin_energy_over_lowest_window_energy,0.0001651515548118867,0.08003733280375208,0.08003750319303213,2.3415863606441816,0.00010989719269537973,0.07908671848000902,0.07908679483535265,2.3697669482737584,0.9965820886914588,7.226972169860642e-12
HFocusing_5_10_10um_0_172.npy,P0/data/dataset_Particles2SNR_F_c1/train/10um/HFocusing_5_10_10um_0_172.npy,10um,1836,16384,2,15,5,2041.11962890625,3,peak_bin_energy_over_lowest_window_energy,1.7869607132940196e-06,0.1254572077566179,0.12545720776934427,16.54568940196425,6.071104809274137e-06,0.12519613292522436,0.12519613307242666,16.637766928910175,0.9985422300298769,4.7808189221759735e-12
HFocusing_5_10_10um_0_1724.npy,P0/data/dataset_Particles2SNR_F_c1/train/10um/HFocusing_5_10_10um_0_1724.npy,10um,1837,16384,3,15,3,1881.3046875,3,peak_bin_energy_over_lowest_window_energy,0.00016675685777527122,0.07622958878942701,0.07622977118458871,91.86417668964367,0.00013709587620835262,0.07340443508873602,0.07340456311412619,94.32217144181763,0.9735795504865115,3.5908098719849792e-12
HFocusing_5_10_10um_0_1727.npy,P0/data/dataset_Particles2SNR_F_c1/train/10um/HFocusing_5_10_10um_0_1727.npy,10um,1838,16384,3,15,4,1929.2572021484375,3,peak_bin_energy_over_lowest_window_energy,-4.466593753803781e-06,0.10373889251771477,0.10373889261387184,35.67021108057774,2.2258582648262966e-05,0.09381747044903273,0.09381747308950307,42.737009115491794,0.897294507533705,7.33968029864091e-12
HFocusing_5_10_10um_0_1729.npy,P0/data/dataset_Particles2SNR_F_c1/train/10um/HFocusing_5_10_10um_0_1729.npy,10um,1839,16384,0,15,0,1971.1065673828125,3,peak_bin_energy_over_lowest_window_energy,6.686644083024411e-05,0.0272498306225339,0.0272499126618361,-0.14205895165173787,4.7184732780066255e-05,0.0262606551150564,0.02626069750541568,-0.13421260561036963,0.9778230920526357,7.848451518667596e-12
HFocusing_5_10_10um_0_1730.npy,P0/data/dataset_Particles2SNR_F_c1/train/10um/HFocusing_5_10_10um_0_1730.npy,10um,1840,16384,6,15,5,1982.3004150390625,3,peak_bin_energy_over_lowest_window_energy,-9.530735756509973e-06,0.09960545344766968,0.09960545390364335,53.896582027294,-1.9353663062686804e-05,0.09387733305218618,0.09387733504715268,59.29743245529544,0.958138530886592,6.12166326514979e-12
HFocusing_5_10_10um_0_1733.npy,P0/data/dataset_Particles2SNR_F_c1/train/10um/HFocusing_5_10_10um_0_1733.npy,10um,1841,16384,7,15,9,2213.0986328125,3,peak_bin_energy_over_lowest_window_energy,-5.845497966658377e-05,0.09838108431375768,0.09838110167982134,46.81244960697635,-4.5182811145673445e-05,0.09415061961705326,0.09415063045865109,49.26988268660473,0.9662135071282494,8.859021189169971e-12
HFocusing_5_10_10um_0_1736.npy,P0/data/dataset_Particles2SNR_F_c1/train/10um/HFocusing_5_10_10um_0_1736.npy,10um,1842,16384,1,15,4,1949.1141357421875,3,peak_bin_energy_over_lowest_window_energy,-1.5250586393977881e-05,0.06849083374459432,0.06849083544248855,16.550348521768292,1.6133800239238145e-05,0.06813552984820662,0.06813553175836645,16.933051957064478,0.9964619802716014,6.701050774739506e-12
HFocusing_5_10_10um_0_1739.npy,P0/data/dataset_Particles2SNR_F_c1/train/10um/HFocusing_5_10_10um_0_1739.npy,10um,1843,16384,10,15,8,2136.376220703125,3,peak_bin_energy_over_lowest_window_energy,-3.707531914477224e-05,0.05551748653135614,0.055517498911051455,9.862481354096337,-1.0712254560309872e-05,0.05490792150782064,0.05490792255277366,10.192290885908983,0.9941851738516255,7.220525535137977e-12
HFocusing_5_10_10um_0_1743.npy,P0/data/dataset_Particles2SNR_F_c1/train/10um/HFocusing_5_10_10um_0_1743.npy,10um,1844,16384,2,15,6,2431.512451171875,3,peak_bin_energy_over_lowest_window_energy,-0.00012996568718201513,0.061114958485170554,0.061115096676058404,4.908123929164963,-9.573832964930237e-05,0.06062786824231498,0.06062794383314735,5.034009754069178,0.9950459850007584,6.6745845415855915e-12
HFocusing_5_10_10um_0_1746.npy,P0/data/dataset_Particles2SNR_F_c1/train/10um/HFocusing_5_10_10um_0_1746.npy,10um,1845,16384,3,15,3,1735.3687744140625,3,peak_bin_energy_over_lowest_window_energy,9.271633201750803e-05,0.07354499985773019,0.07354505830028119,107.985181295167,9.264513850497929e-05,0.07001835637752413,0.07001841766943652,115.60040989733695,0.9632278752734307,6.83346104481638e-12
HFocusing_5_10_10um_0_1747.npy,P0/data/dataset_Particles2SNR_F_c1/train/10um/HFocusing_5_10_10um_0_1747.npy,10um,1846,16384,2,15,4,1973.6751708984375,3,peak_bin_energy_over_lowest_window_energy,0.00017580691273496734,0.04965174838497173,0.04965205963255813,9.98530162375186,0.0001559418494336868,0.049106794987901416,0.04910704258906439,10.435091083192953,0.9924377411000664,4.612670663409398e-12
HFocusing_5_10_10um_0_175.npy,P0/data/dataset_Particles2SNR_F_c1/train/10um/HFocusing_5_10_10um_0_175.npy,10um,1847,16384,3,15,2,1847.43896484375,3,peak_bin_energy_over_lowest_window_energy,-6.0244305094128944e-05,0.06016610444679262,0.060166134608088756,75.51952120987953,-4.0312147281538476e-05,0.05751340188800859,0.057513416015750704,78.75644523628434,0.9729020949415587,3.958792148357256e-12
HFocusing_5_10_10um_0_1750.npy,P0/data/dataset_Particles2SNR_F_c1/train/10um/HFocusing_5_10_10um_0_1750.npy,10um,1848,16384,0,15,0,1793.0599365234375,3,peak_bin_energy_over_lowest_window_energy,6.509936667925659e-05,0.0260750984751307,0.026075179738887812,-0.01823171924778455,6.447651596938064e-05,0.02508713526242024,0.02508721811791974,-0.03791032937939276,0.9760206912242535,1.1408363127554887e-11
HFocusing_5_10_10um_0_1751.npy,P0/data/dataset_Particles2SNR_F_c1/train/10um/HFocusing_5_10_10um_0_1751.npy,10um,1849,16384,2,15,4,1971.6253662109375,3,peak_bin_energy_over_lowest_window_energy,6.614108171191076e-05,0.04508927356816171,0.04508932207903792,10.06793596664505,5.194044345961567e-05,0.04461008607805911,0.04461011631571375,10.488170336950315,0.9944012834458044,9.886662927932298e-12
HFocusing_5_10_10um_0_1754.npy,P0/data/dataset_Particles2SNR_F_c1/train/10um/HFocusing_5_10_10um_0_1754.npy,10um,1850,16384,2,15,4,1983.0242919921875,3,peak_bin_energy_over_lowest_window_energy,0.0001102016881524881,0.05041451655984586,0.050414637005288886,9.153513296884455,8.998815252734817e-05,0.049885558600002634,0.04988563976438402,9.590117478988043,0.9929218477116821,8.606597446705921e-12
HFocusing_5_10_10um_0_1757.npy,P0/data/dataset_Particles2SNR_F_c1/train/10um/HFocusing_5_10_10um_0_1757.npy,10um,1851,16384,1,15,4,1841.0672607421875,3,peak_bin_energy_over_lowest_window_energy,8.259827789435587e-06,0.034668270084694454,0.03466827106865982,1.0738987386890964,-2.8536155542254585e-06,0.033726182207510155,0.03372618232823419,1.096594266061846,0.9832817053726163,9.822928412296982e-12
HFocusing_5_10_10um_0_176.npy,P0/data/dataset_Particles2SNR_F_c1/train/10um/HFocusing_5_10_10um_0_176.npy,10um,1852,16384,6,15,8,2260.415283203125,3,peak_bin_energy_over_lowest_window_energy,6.501479620125847e-05,0.08267801216799943,0.08267803773055808,57.340767574593045,5.5023100978871625e-05,0.0786703691695051,0.07867038841144652,61.60750888246537,0.9631079324560812,5.101546428065235e-12
HFocusing_5_10_10um_0_1760.npy,P0/data/dataset_Particles2SNR_F_c1/train/10um/HFocusing_5_10_10um_0_1760.npy,10um,1853,16384,3,15,4,2194.443603515625,3,peak_bin_energy_over_lowest_window_energy,1.1161282264938836e-05,0.11664388329699305,0.11664388383098685,18.07258741348253,1.9621313692369695e-05,0.08296432931289044,0.08296433163314028,41.70014159035294,0.7245666525147388,6.055553274090426e-12
HFocusing_5_10_10um_0_1762.npy,P0/data/dataset_Particles2SNR_F_c1/train/10um/HFocusing_5_10_10um_0_1762.npy,10um,1854,16384,7,15,8,1856.3271484375,3,peak_bin_energy_over_lowest_window_energy,-7.75657043323578e-05,0.04145766285022722,0.04145773541139939,7.064184432320859,-5.528735689141872e-05,0.0406879814960806,0.04068801905865201,7.640467434168878,0.988811446149778,1.014198232165909e-11
HFocusing_5_10_10um_0_1765.npy,P0/data/dataset_Particles2SNR_F_c1/train/10um/HFocusing_5_10_10um_0_1765.npy,10um,1855,16384,0,15,0,1837.7283935546875,3,peak_bin_energy_over_lowest_window_energy,-3.261504643700835e-05,0.026389251347831568,0.026389271502644484,-0.09641723324806417,-2.5474545221899374e-05,0.025415351101141296,0.025415363868076694,-0.09174088586236229,0.9774163138342655,1.0666562758427857e-11
HFocusing_5_10_10um_0_1766.npy,P0/data/dataset_Particles2SNR_F_c1/train/10um/HFocusing_5_10_10um_0_1766.npy,10um,1856,16384,10,15,8,2053.947265625,3,peak_bin_energy_over_lowest_window_energy,6.395984721259727e-05,0.08450698249327357,0.08450700669755438,39.45315969288361,5.317734754299547e-05,0.07918474861252153,0.07918476646842196,44.390899166058354,0.950708580895261,5.076545694825082e-12
HFocusing_5_10_10um_0_1768.npy,P0/data/dataset_Particles2SNR_F_c1/train/10um/HFocusing_5_10_10um_0_1768.npy,10um,1857,16384,4,15,3,1615.1859130859375,3,peak_bin_energy_over_lowest_window_energy,7.057237426897733e-05,0.06762269648591848,0.06762273331126645,106.84800483299539,5.480474549927113e-05,0.0646667314319996,0.06466675465537523,113.42261311133475,0.9696151246862894,5.4359272700361835e-12
HFocusing_5_10_10um_0_1771.npy,P0/data/dataset_Particles2SNR_F_c1/train/10um/HFocusing_5_10_10um_0_1771.npy,10um,1858,16384,0,15,0,1591.1402587890625,3,peak_bin_energy_over_lowest_window_energy,3.83789989622129e-05,0.02610096357506671,0.026100991791395984,0.10054099807018746,3.802035050188722e-05,0.02510276053560941,0.025102789328184258,0.08449703672299957,0.9772458049953665,1.1437439556996874e-11
HFocusing_5_10_10um_0_1772.npy,P0/data/dataset_Particles2SNR_F_c1/train/10um/HFocusing_5_10_10um_0_1772.npy,10um,1859,16384,7,15,7,2105.631591796875,3,peak_bin_energy_over_lowest_window_energy,-5.600919232378332e-05,0.04982916990642035,0.04982920138425391,11.802844731406532,-3.77022897683334e-05,0.049340135316466194,0.049340149721194076,12.227254169192513,0.9935940920180649,4.5258228003331714e-12
HFocusing_5_10_10um_0_1778.npy,P0/data/dataset_Particles2SNR_F_c1/train/10um/HFocusing_5_10_10um_0_1778.npy,10um,1860,16384,4,15,3,1622.9224853515625,3,peak_bin_energy_over_lowest_window_energy,-3.3731261877123684e-06,0.06467423225994712,0.0646742323479109,93.79497120747587,-4.85382848293323e-06,0.06098716716351801,0.060987167356670535,100.8210239310504,0.955289763611144,4.335087682923751e-12
HFocusing_5_10_10um_0_1779.npy,P0/data/dataset_Particles2SNR_F_c1/train/10um/HFocusing_5_10_10um_0_1779.npy,10um,1861,16384,6,15,6,2129.403076171875,3,peak_bin_energy_over_lowest_window_energy,-9.479999694863297e-06,0.08467063666193014,0.08467063719263593,26.530790277439234,-1.7056008239406737e-06,0.08108323988342273,0.08108323990136154,27.47407882830322,0.96894678883314,8.504452634075078e-12
HFocusing_5_10_10um_0_1782.npy,P0/data/dataset_Particles2SNR_F_c1/train/10um/HFocusing_5_10_10um_0_1782.npy,10um,1862,16384,8,15,7,2017.0643310546875,3,peak_bin_energy_over_lowest_window_energy,5.4038717278086115e-05,0.08521756840306273,0.08521758553675197,53.45197895552849,3.9687350207057785e-05,0.08064875699622301,0.08064876676131877,57.353332040620906,0.964888814395145,8.401388487978351e-12
HFocusing_5_10_10um_0_1783.npy,P0/data/dataset_Particles2SNR_F_c1/train/10um/HFocusing_5_10_10um_0_1783.npy,10um,1863,16384,5,15,6,1757.736328125,3,peak_bin_energy_over_lowest_window_energy,-1.5176046793025806e-05,0.08338647194947958,0.08338647333047333,30.695312063297543,3.954778325298753e-06,0.07976734986778763,0.07976734996582445,31.53146191425155,0.9723575436775242,4.1979694069231404e-12
HFocusing_5_10_10um_0_1786.npy,P0/data/dataset_Particles2SNR_F_c1/train/10um/HFocusing_5_10_10um_0_1786.npy,10um,1864,16384,9,15,10,2567.01171875,3,peak_bin_energy_over_lowest_window_energy,-3.6804745842092983e-06,0.10171255573858276,0.10171255580517184,31.894684551890556,4.759719705511739e-06,0.09739579994205963,0.09739580005836307,32.61450735342749,0.9636314398446039,7.116557348510082e-12
HFocusing_5_10_10um_0_1788.npy,P0/data/dataset_Particles2SNR_F_c1/train/10um/HFocusing_5_10_10um_0_1788.npy,10um,1865,16384,10,15,6,2472.279296875,3,peak_bin_energy_over_lowest_window_energy,-0.00010250081940976264,0.03219840445716021,0.03219856760796751,0.13532785453668028,-8.965709912400454e-05,0.03096973766758128,0.03096986744553851,0.1255945509905878,0.9739432761123659,9.830259854050356e-12
HFocusing_5_10_10um_0_179.npy,P0/data/dataset_Particles2SNR_F_c1/train/10um/HFocusing_5_10_10um_0_179.npy,10um,1866,16384,1,15,2,1864.43408203125,3,peak_bin_energy_over_lowest_window_energy,4.393619457784516e-06,0.07908353961436507,0.07908353973641255,18.853269460223917,1.143466418087943e-05,0.07872073270887843,0.0787207335393556,19.139193757277877,0.9968483843251511,5.3797017213410465e-12
HFocusing_5_10_10um_0_1791.npy,P0/data/dataset_Particles2SNR_F_c1/train/10um/HFocusing_5_10_10um_0_1791.npy,10um,1867,16384,6,15,8,2350.050537109375,3,peak_bin_energy_over_lowest_window_energy,-1.957339625341266e-06,0.07883043881017791,0.07883043883447804,42.91184229518046,1.2151117662302996e-05,0.0754221632719841,0.07542216425080553,43.853543648076155,0.9694007582826724,5.022854189661041e-12
HFocusing_5_10_10um_0_1794.npy,P0/data/dataset_Particles2SNR_F_c1/train/10um/HFocusing_5_10_10um_0_1794.npy,10um,1868,16384,1,15,4,1926.78076171875,3,peak_bin_energy_over_lowest_window_energy,6.471237447646923e-05,0.04558487972511282,0.04558492565798931,8.51740168354056,5.8469592191325496e-05,0.04500760816109437,0.045007646140137345,8.96022901290495,0.9913657000570317,8.001895093071114e-12
HFocusing_5_10_10um_0_1797.npy,P0/data/dataset_Particles2SNR_F_c1/train/10um/HFocusing_5_10_10um_0_1797.npy,10um,1869,16384,10,15,10,2351.908447265625,3,peak_bin_energy_over_lowest_window_energy,-2.2092160119928036e-06,0.0830013876559426,0.08300138768534353,42.42667200919045,5.823867368245744e-06,0.07991318876188495,0.07991318897409919,43.817053350480386,0.9675722092154365,6.6915356719213795e-12
HFocusing_5_10_10um_0_18.npy,P0/data/dataset_Particles2SNR_F_c1/train/10um/HFocusing_5_10_10um_0_18.npy,10um,1870,16384,5,15,2,2223.767578125,3,peak_bin_energy_over_lowest_window_energy,-0.00013668928323531043,0.029283690421627838,0.029284009436378232,0.04304491447178549,-0.00011797457741494406,0.028289440020044087,0.028289686011841637,0.06761101387253587,0.9754804391991894,1.7675991932502915e-11
HFocusing_5_10_10um_0_1800.npy,P0/data/dataset_Particles2SNR_F_c1/train/10um/HFocusing_5_10_10um_0_1800.npy,10um,1871,16384,1,15,4,1826.4208984375,3,peak_bin_energy_over_lowest_window_energy,-1.0202269119067771e-05,0.0360552062720529,0.036055207715482346,1.942839171039263,-1.2864286762195984e-05,0.035216254374053346,0.03521625672367671,2.0834473418086104,0.9878247652976505,8.806695543667939e-12
HFocusing_5_10_10um_0_1802.npy,P0/data/dataset_Particles2SNR_F_c1/train/10um/HFocusing_5_10_10um_0_1802.npy,10um,1872,16384,8,15,4,1706.0635986328125,3,peak_bin_energy_over_lowest_window_energy,5.3700903548603136e-05,0.08246365536184229,0.0824636728470406,62.06293770022609,4.651967573175074e-05,0.07857853115341076,0.07857854492358443,66.81732876083476,0.9605446849608987,4.637413460678925e-12
HFocusing_5_10_10um_0_1803.npy,P0/data/dataset_Particles2SNR_F_c1/train/10um/HFocusing_5_10_10um_0_1803.npy,10um,1873,16384,1,15,3,1654.6124267578125,3,peak_bin_energy_over_lowest_window_energy,0.00013430390490010876,0.05621474889139591,0.05621490932538777,17.878589992868317,0.00011646030547111306,0.05580211608024206,0.055802237607783786,18.495598362599193,0.9956131568061418,4.276397447174252e-12
HFocusing_5_10_10um_0_1807.npy,P0/data/dataset_Particles2SNR_F_c1/train/10um/HFocusing_5_10_10um_0_1807.npy,10um,1874,16384,4,15,6,1990.1541748046875,3,peak_bin_energy_over_lowest_window_energy,7.058373465988104e-05,0.07716418819296327,0.077164220475183,5.490775107447616,6.684105664192886e-05,0.0726079528992367,0.07260798366532863,5.08675500358628,0.9546823049527022,7.798073757122015e-12
HFocusing_5_10_10um_0_1810.npy,P0/data/dataset_Particles2SNR_F_c1/train/10um/HFocusing_5_10_10um_0_1810.npy,10um,1875,16384,3,15,1,1745.0543212890625,3,peak_bin_energy_over_lowest_window_energy,5.546571795142604e-05,0.02889357567809046,0.028893628915582902,0.952349051158838,2.2592291212404116e-05,0.027726921090349056,0.027726930294608265,1.0589827167157608,0.9732929179085142,1.1143061822789575e-11
HFocusing_5_10_10um_0_1811.npy,P0/data/dataset_Particles2SNR_F_c1/train/10um/HFocusing_5_10_10um_0_1811.npy,10um,1876,16384,1,15,4,1657.92822265625,3,peak_bin_energy_over_lowest_window_energy,9.363924716091766e-05,0.04537657646536332,0.045376673082384224,4.5906158041073395,6.407327982153759e-05,0.0448214979487949,0.044821543745826205,4.7769050502095105,0.9917592310254822,1.0351857404196364e-11
HFocusing_5_10_10um_0_1814.npy,P0/data/dataset_Particles2SNR_F_c1/train/10um/HFocusing_5_10_10um_0_1814.npy,10um,1877,16384,0,15,0,1692.7093505859375,3,peak_bin_energy_over_lowest_window_energy,-3.955275375722402e-05,0.02626874205608167,0.026268771833286835,0.21698579799663742,-4.895570515868051e-05,0.02519382476444122,0.025193872328850904,0.1969710591804632,0.9721073757370444,9.281000583447903e-12
HFocusing_5_10_10um_0_1818.npy,P0/data/dataset_Particles2SNR_F_c1/train/10um/HFocusing_5_10_10um_0_1818.npy,10um,1878,16384,2,15,1,1763.736328125,3,peak_bin_energy_over_lowest_window_energy,4.3944956420718514e-05,0.02792293709968579,0.02792297167982312,0.051741526324132536,2.174288290937473e-05,0.02683994866186116,0.026839957468749828,0.022520131606730498,0.9750293018808202,9.778251978579504e-12
HFocusing_5_10_10um_0_182.npy,P0/data/dataset_Particles2SNR_F_c1/train/10um/HFocusing_5_10_10um_0_182.npy,10um,1879,16384,6,15,6,2024.2174072265625,3,peak_bin_energy_over_lowest_window_energy,0.00031610066827604104,0.08890534314400123,0.08890590508613637,40.02513490500493,0.0002271593301476676,0.08504464128774014,0.08504494466528664,41.67429141078488,0.9679890145124714,3.778077865247269e-12
HFocusing_5_10_10um_0_1822.npy,P0/data/dataset_Particles2SNR_F_c1/train/10um/HFocusing_5_10_10um_0_1822.npy,10um,1880,16384,1,15,4,1965.9776611328125,3,peak_bin_energy_over_lowest_window_energy,-0.0001315340181185584,0.05387818669527542,0.053878347253501345,12.446479815974564,-9.889176700680375e-05,0.053363068920197855,0.05336316055260752,13.04022342197381,0.9943184450260056,4.624756487202508e-12
HFocusing_5_10_10um_0_1825.npy,P0/data/dataset_Particles2SNR_F_c1/train/10um/HFocusing_5_10_10um_0_1825.npy,10um,1881,16384,2,15,4,1762.060546875,3,peak_bin_energy_over_lowest_window_energy,-6.379308368308506e-06,0.04225713905524944,0.04225713953677252,8.273068279639938,9.34355663787462e-06,0.04161442883008115,0.04161442987902081,8.74355120084271,0.9895561829277191,7.061319405790428e-12
HFocusing_5_10_10um_0_1829.npy,P0/data/dataset_Particles2SNR_F_c1/train/10um/HFocusing_5_10_10um_0_1829.npy,10um,1882,16384,5,15,5,1721.1614990234375,3,peak_bin_energy_over_lowest_window_energy,-9.263944432179417e-06,0.05818408608310884,0.05818408682060145,12.676638404478664,5.105032908932557e-06,0.05764255351754613,0.05764255374360622,13.204598135578333,0.9933864793046104,6.236616859970511e-12
HFocusing_5_10_10um_0_1832.npy,P0/data/dataset_Particles2SNR_F_c1/train/10um/HFocusing_5_10_10um_0_1832.npy,10um,1883,16384,0,15,0,1698.16357421875,3,peak_bin_energy_over_lowest_window_energy,-6.358669324209643e-05,0.027406419563131498,0.027406493328004485,-0.06063433594275658,-2.8019108301743865e-05,0.026431941700248974,0.026431956551034783,-0.057963627658371486,0.9777093560442794,1.4937183451666698e-11
HFocusing_5_10_10um_0_1836.npy,P0/data/dataset_Particles2SNR_F_c1/train/10um/HFocusing_5_10_10um_0_1836.npy,10um,1884,16384,10,15,12,3236.775390625,3,peak_bin_energy_over_lowest_window_energy,1.9742949265479564e-05,0.07101017754129964,0.07101018028586423,1.3396267232162584,4.5353225885028575e-05,0.06847813684257574,0.06847815186134645,1.3829693288641103,0.9920186539330959,8.637178797139492e-12
HFocusing_5_10_10um_0_1839.npy,P0/data/dataset_Particles2SNR_F_c1/train/10um/HFocusing_5_10_10um_0_1839.npy,10um,1885,16384,5,15,6,2273.281494140625,3,peak_bin_energy_over_lowest_window_energy,-6.534623632351139e-06,0.032733745611037854,0.032733746263289905,0.17977729413808863,2.0291332181565985e-05,0.030933270066934235,0.030933276722197586,0.13692342822509174,0.9724734473988014,1.1912401349287845e-11
HFocusing_5_10_10um_0_1846.npy,P0/data/dataset_Particles2SNR_F_c1/train/10um/HFocusing_5_10_10um_0_1846.npy,10um,1886,16384,2,15,4,2198.97509765625,3,peak_bin_energy_over_lowest_window_energy,-0.00011358876019064638,0.053499880560066757,0.05350000114343784,11.156590791517525,-9.496131235619276e-05,0.052980572505083055,0.05298065760838768,11.57754560399747,0.9936614272908448,4.074440115954374e-12
HFocusing_5_10_10um_0_185.npy,P0/data/dataset_Particles2SNR_F_c1/train/10um/HFocusing_5_10_10um_0_185.npy,10um,1887,16384,9,15,9,2187.064453125,3,peak_bin_energy_over_lowest_window_energy,1.9103529120582408e-05,0.04937909999526343,0.04937910369060023,4.390148286051875,1.4094104009140321e-05,0.048704342098115826,0.048704344137397694,4.671288984637399,0.9917305967057312,6.8598355283022914e-12
HFocusing_5_10_10um_0_1850.npy,P0/data/dataset_Particles2SNR_F_c1/train/10um/HFocusing_5_10_10um_0_1850.npy,10um,1888,16384,7,15,9,2094.386474609375,3,peak_bin_energy_over_lowest_window_energy,2.5143871082838578e-05,0.09920917320053745,0.09920917638680654,50.264651769956814,1.7040889695093707e-05,0.09461959439582218,0.09461959593034534,52.545064799626836,0.9629521775731319,3.3699380213980317e-12
HFocusing_5_10_10um_0_1853.npy,P0/data/dataset_Particles2SNR_F_c1/train/10um/HFocusing_5_10_10um_0_1853.npy,10um,1889,16384,7,15,10,2324.709228515625,3,peak_bin_energy_over_lowest_window_energy,-0.00015006654772917397,0.13642078284920947,0.13642086538781342,20.854243219744557,-0.00012209104218661028,0.13077934293332788,0.130779399923289,22.036145208191876,0.9760823745147805,6.800936137771842e-12
HFocusing_5_10_10um_0_1856.npy,P0/data/dataset_Particles2SNR_F_c1/train/10um/HFocusing_5_10_10um_0_1856.npy,10um,1890,16384,1,15,3,1798.1416015625,3,peak_bin_energy_over_lowest_window_energy,-0.00018140065409107554,0.06493182111834168,0.06493207450822458,4.5246505871734035,-0.0001436040727879429,0.058880766449271496,0.058880941566719,4.488055891931397,0.9680922396299537,8.153644920304122e-12
HFocusing_5_10_10um_0_1858.npy,P0/data/dataset_Particles2SNR_F_c1/train/10um/HFocusing_5_10_10um_0_1858.npy,10um,1891,16384,0,15,0,1641.6199951171875,3,peak_bin_energy_over_lowest_window_energy,3.878446684223436e-06,0.024671751073451584,0.02467175137830122,-0.12420868629794324,4.827777191329427e-06,0.023733079510738858,0.023733080001771475,-0.134949561195028,0.9753582499307147,1.2045918337501835e-11
HFocusing_5_10_10um_0_1862.npy,P0/data/dataset_Particles2SNR_F_c1/train/10um/HFocusing_5_10_10um_0_1862.npy,10um,1892,16384,0,15,0,1715.3939208984375,3,peak_bin_energy_over_lowest_window_energy,8.16585844718235e-05,0.02556274205419206,0.025562872480485783,0.005270179138826769,7.083545196460971e-05,0.024562992039620115,0.024563094178048826,0.0020569811069259814,0.9729955530761175,8.588380264285277e-12
HFocusing_5_10_10um_0_1863.npy,P0/data/dataset_Particles2SNR_F_c1/train/10um/HFocusing_5_10_10um_0_1863.npy,10um,1893,16384,1,15,5,2127.8837890625,3,peak_bin_energy_over_lowest_window_energy,-6.846635790394588e-05,0.06384540530806089,0.06384544201893143,7.320181931797203,-5.371631201906014e-05,0.0625845307743915,0.06258455382674652,7.427983765112732,0.9952129828040741,6.5677120908600885e-12
HFocusing_5_10_10um_0_1866.npy,P0/data/dataset_Particles2SNR_F_c1/train/10um/HFocusing_5_10_10um_0_1866.npy,10um,1894,16384,8,15,7,2245.12646484375,3,peak_bin_energy_over_lowest_window_energy,-4.7437128188210074e-05,0.10511111156277508,0.10511112226707163,44.66072161521619,-1.9072930075649726e-05,0.09931213048703355,0.09931213231851505,49.00728763476336,0.9632207905793854,1.8561823367529094e-11
HFocusing_5_10_10um_0_1870.npy,P0/data/dataset_Particles2SNR_F_c1/train/10um/HFocusing_5_10_10um_0_1870.npy,10um,1895,16384,8,15,9,3244.044189453125,3,peak_bin_energy_over_lowest_window_energy,7.712360115886933e-05,0.09419809841089495,0.09419812998291689,30.543938033865288,7.453551762698403e-05,0.09043200229095404,0.09043203300763786,31.128766183390802,0.9650862088266456,4.863243025385941e-12
HFocusing_5_10_10um_0_1873.npy,P0/data/dataset_Particles2SNR_F_c1/train/10um/HFocusing_5_10_10um_0_1873.npy,10um,1896,16384,2,15,5,1991.6685791015625,3,peak_bin_energy_over_lowest_window_energy,0.0001060477052971799,0.04651196486856057,0.04651208576327245,6.105819122184565,7.644886140527488e-05,0.04587441920108986,0.04587448290134431,6.379590448361181,0.9907243710475444,7.703237666258506e-12
HFocusing_5_10_10um_0_1875.npy,P0/data/dataset_Particles2SNR_F_c1/train/10um/HFocusing_5_10_10um_0_1875.npy,10um,1897,16384,8,15,7,1881.0621337890625,3,peak_bin_energy_over_lowest_window_energy,1.7397879907190671e-06,0.08833391160565333,0.0883339116227864,68.01122936099571,8.798431411142344e-06,0.08393611973311917,0.08393612019425793,73.26893906749933,0.9543829406858222,4.026822407310104e-12
HFocusing_5_10_10um_0_1879.npy,P0/data/dataset_Particles2SNR_F_c1/train/10um/HFocusing_5_10_10um_0_1879.npy,10um,1898,16384,1,15,4,1906.3668212890625,3,peak_bin_energy_over_lowest_window_energy,3.1273194009335104e-05,0.05251152640391156,0.05251153571627252,11.744610899409645,2.8214100468539647e-05,0.052026878252580906,0.05202688590281317,12.198421899035546,0.994377109039383,6.6118283428670285e-12
HFocusing_5_10_10um_0_188.npy,P0/data/dataset_Particles2SNR_F_c1/train/10um/HFocusing_5_10_10um_0_188.npy,10um,1899,16384,3,15,2,1876.0745849609375,3,peak_bin_energy_over_lowest_window_energy,-2.7356046817241714e-05,0.028773273265417735,0.028773286269727697,0.376901734150469,-2.082962282359037e-05,0.027831820171176604,0.02783182796572837,0.4057770319486629,0.9771421844783204,1.3027934581763358e-11
HFocusing_5_10_10um_0_1881.npy,P0/data/dataset_Particles2SNR_F_c1/train/10um/HFocusing_5_10_10um_0_1881.npy,10um,1900,16384,2,15,1,1859.3634033203125,3,peak_bin_energy_over_lowest_window_energy,0.00015388130583001482,0.02789674541498036,0.02789716982427629,0.268928630268662,0.00012895217129081806,0.0267521553537907,0.026752466143064885,0.27025083776270176,0.9680922494252447,1.4657237003245717e-11
HFocusing_5_10_10um_0_1882.npy,P0/data/dataset_Particles2SNR_F_c1/train/10um/HFocusing_5_10_10um_0_1882.npy,10um,1901,16384,12,15,11,3003.335205078125,3,peak_bin_energy_over_lowest_window_energy,4.101545109906449e-05,0.06875771290793002,0.06875772514122726,7.499021649411402,2.969826895525525e-05,0.06816648731193012,0.06816649378129044,7.761950427158773,0.9939766333026223,7.959597653023487e-12
HFocusing_5_10_10um_0_1886.npy,P0/data/dataset_Particles2SNR_F_c1/train/10um/HFocusing_5_10_10um_0_1886.npy,10um,1902,16384,5,15,8,2106.023193359375,3,peak_bin_energy_over_lowest_window_energy,8.43085317165137e-05,0.12022717230302594,0.12022720186343026,25.73425973647133,7.067603560375328e-05,0.11743591983677504,0.11743594110412478,25.98114267537489,0.9833411030955138,1.592583323610759e-11
HFocusing_5_10_10um_0_189.npy,P0/data/dataset_Particles2SNR_F_c1/train/10um/HFocusing_5_10_10um_0_189.npy,10um,1903,16384,2,15,2,1853.4766845703125,3,peak_bin_energy_over_lowest_window_energy,-4.9702415855461164e-05,0.04998651417227155,0.04998653888223154,8.174063707970491,-6.420873176617444e-05,0.04929576681890596,0.0492958086354731,8.634914202800848,0.990146502082065,9.127019983814761e-12
HFocusing_5_10_10um_0_1891.npy,P0/data/dataset_Particles2SNR_F_c1/train/10um/HFocusing_5_10_10um_0_1891.npy,10um,1904,16384,5,15,7,2004.5782470703125,3,peak_bin_energy_over_lowest_window_energy,0.00017703798535217247,0.09810581908245737,0.0981059788202947,48.15049037619399,0.0001283351203483993,0.09419813937095084,0.09419822679250493,49.88489254337549,0.9721057432580099,5.164001498216794e-12
HFocusing_5_10_10um_0_1894.npy,P0/data/dataset_Particles2SNR_F_c1/train/10um/HFocusing_5_10_10um_0_1894.npy,10um,1905,16384,0,15,0,1820.1253662109375,3,peak_bin_energy_over_lowest_window_energy,-4.740309083684526e-05,0.025991415006553317,0.025991458233348617,-0.25948044606431653,-1.2664082026606935e-05,0.02480405136200958,0.024804054594928283,-0.23912015127271724,0.9673058477616634,1.4417121568829354e-11
HFocusing_5_10_10um_0_1895.npy,P0/data/dataset_Particles2SNR_F_c1/train/10um/HFocusing_5_10_10um_0_1895.npy,10um,1906,16384,11,15,10,2530.418212890625,3,peak_bin_energy_over_lowest_window_energy,1.867387378209292e-05,0.08842994492384035,0.0884299468955342,47.54896833938491,7.072417323702589e-06,0.08204930726152075,0.0820493075663319,56.59558475454244,0.927747690054664,4.563852634946438e-12
HFocusing_5_10_10um_0_1898.npy,P0/data/dataset_Particles2SNR_F_c1/train/10um/HFocusing_5_10_10um_0_1898.npy,10um,1907,16384,0,15,0,1714.9583740234375,3,peak_bin_energy_over_lowest_window_energy,4.639654145249726e-05,0.02581249320494806,0.025812534902534243,-0.20173307013274888,3.2285860722601726e-05,0.02484375762872044,0.024843778607357772,-0.18185933740654114,0.9769084001957797,1.0104071248294629e-11
HFocusing_5_10_10um_0_1899.npy,P0/data/dataset_Particles2SNR_F_c1/train/10um/HFocusing_5_10_10um_0_1899.npy,10um,1908,16384,4,15,3,2001.9107666015625,3,peak_bin_energy_over_lowest_window_energy,4.595589190856819e-05,0.029806583391820317,0.029806618819274686,0.8016361456379837,3.766101502805439e-05,0.02809063234449721,0.028090657590483098,0.7761558001365381,0.9389917284993861,1.4055024231074374e-11
HFocusing_5_10_10um_0_1902.npy,P0/data/dataset_Particles2SNR_F_c1/train/10um/HFocusing_5_10_10um_0_1902.npy,10um,1909,16384,0,15,0,1837.2232666015625,3,peak_bin_energy_over_lowest_window_energy,-2.5496017925438045e-05,0.02567038926313611,0.02567040192454851,0.06557479664140375,-8.7815641553985e-06,0.024570707990411094,0.02457070955967533,0.08843348171344001,0.9751757657340466,1.4046381060213201e-11
HFocusing_5_10_10um_0_1903.npy,P0/data/dataset_Particles2SNR_F_c1/train/10um/HFocusing_5_10_10um_0_1903.npy,10um,1910,16384,10,15,9,2040.0843505859375,3,peak_bin_energy_over_lowest_window_energy,-2.746377490211302e-05,0.10201395230857634,0.1020139560054183,51.64025229956054,-2.6123879580709978e-05,0.09855528221811242,0.09855528568041833,53.215820233591415,0.9760736337735897,2.4820740578835834e-12
HFocusing_5_10_10um_0_1905.npy,P0/data/dataset_Particles2SNR_F_c1/train/10um/HFocusing_5_10_10um_0_1905.npy,10um,1911,16384,9,15,9,2143.675048828125,3,peak_bin_energy_over_lowest_window_energy,3.5913910891872326e-05,0.05552410404303278,0.055524115657888014,6.072844689936138,2.4419327812993033e-05,0.054930493130908344,0.054930498558709066,6.324025027711276,0.9931924840202947,5.931006797616405e-12
HFocusing_5_10_10um_0_1908.npy,P0/data/dataset_Particles2SNR_F_c1/train/10um/HFocusing_5_10_10um_0_1908.npy,10um,1912,16384,8,15,7,2465.888916015625,3,peak_bin_energy_over_lowest_window_energy,-5.533974846700697e-05,0.06635378296205716,0.06635380603901744,13.598367907978659,-4.0270392292872414e-05,0.06586113349330487,0.0658611458048478,14.028927704027193,0.9951891794496929,5.207322857692675e-12
HFocusing_5_10_10um_0_1911.npy,P0/data/dataset_Particles2SNR_F_c1/train/10um/HFocusing_5_10_10um_0_1911.npy,10um,1913,16384,5,15,3,2006.2989501953125,3,peak_bin_energy_over_lowest_window_energy,8.965612236010112e-06,0.029279529036240523,0.02927953040890947,0.39178564826661644,3.4713181803764505e-05,0.028090230542677334,0.028090251991496153,0.4149074311313079,0.9712491398397948,1.1466003969387091e-11
HFocusing_5_10_10um_0_1915.npy,P0/data/dataset_Particles2SNR_F_c1/train/10um/HFocusing_5_10_10um_0_1915.npy,10um,1914,16384,11,15,9,2251.231201171875,3,peak_bin_energy_over_lowest_window_energy,5.298249521045161e-05,0.10087316906467352,0.10087318297890178,58.09055906717345,4.8071047186278106e-05,0.09591041495024871,0.09591042699703964,62.240765356172204,0.9548352486232211,4.408381175620354e-12
HFocusing_5_10_10um_0_1916.npy,P0/data/dataset_Particles2SNR_F_c1/train/10um/HFocusing_5_10_10um_0_1916.npy,10um,1915,16384,2,15,6,2065.598388671875,3,peak_bin_energy_over_lowest_window_energy,8.107213846258755e-05,0.07961082944919813,0.07961087072932281,5.1423886584339655,3.9461939290782246e-05,0.07354211299444079,0.07354212358187481,5.554288822607177,0.9689217298290698,6.550192014676276e-12
HFocusing_5_10_10um_0_1919.npy,P0/data/dataset_Particles2SNR_F_c1/train/10um/HFocusing_5_10_10um_0_1919.npy,10um,1916,16384,10,15,8,2294.131103515625,3,peak_bin_energy_over_lowest_window_energy,4.3395300245675795e-05,0.04383492731590614,0.043834948795942005,6.619046625702621,4.535966064760426e-05,0.04297172106713102,0.042971745007273396,7.171709877377797,0.9867237662362229,8.725561732226933e-12
HFocusing_5_10_10um_0_192.npy,P0/data/dataset_Particles2SNR_F_c1/train/10um/HFocusing_5_10_10um_0_192.npy,10um,1917,16384,5,15,2,2052.01025390625,3,peak_bin_energy_over_lowest_window_energy,-6.36432436074099e-05,0.06903468136133119,0.06903471069775684,101.6540457894441,-3.691115584441477e-05,0.06557724654045484,0.06557725692845821,109.6507953467503,0.959491625153805,2.897303868725587e-12
HFocusing_5_10_10um_0_1922.npy,P0/data/dataset_Particles2SNR_F_c1/train/10um/HFocusing_5_10_10um_0_1922.npy,10um,1918,16384,4,15,3,2015.2945556640625,3,peak_bin_energy_over_lowest_window_energy,6.965518997094286e-05,0.030009973029110883,0.03001005386622044,0.05735232058286277,5.8323954619412555e-05,0.02899442949591423,0.028994488156841525,0.10914043444794874,0.9816353674961327,1.0571163211336878e-11
HFocusing_5_10_10um_0_1923.npy,P0/data/dataset_Particles2SNR_F_c1/train/10um/HFocusing_5_10_10um_0_1923.npy,10um,1919,16384,4,15,3,1851.5653076171875,3,peak_bin_energy_over_lowest_window_energy,-0.00019838458936396263,0.05046348473953124,0.050463874687762526,10.0189664221044,-0.0001448439394828404,0.04985419460664861,0.04985440501745454,10.539774267635618,0.9925326984484272,5.2689174825741006e-12
HFocusing_5_10_10um_0_1926.npy,P0/data/dataset_Particles2SNR_F_c1/train/10um/HFocusing_5_10_10um_0_1926.npy,10um,1920,16384,1,15,5,2187.05029296875,3,peak_bin_energy_over_lowest_window_energy,-1.8107744519357225e-05,0.2138988608603481,0.21389886162680943,10.064392669881912,-2.1660413842396718e-05,0.1908512954344223,0.1908512966635822,10.270488500327092,0.9621744201374441,5.027071515608429e-12
HFocusing_5_10_10um_0_193.npy,P0/data/dataset_Particles2SNR_F_c1/train/10um/HFocusing_5_10_10um_0_193.npy,10um,1921,16384,6,15,7,2406.570556640625,3,peak_bin_energy_over_lowest_window_energy,4.2889001232168524e-05,0.19677586805708297,0.19677587273109717,24.000692751847897,2.590671463530485e-05,0.19656362116890783,0.1965636228761359,24.17648237466819,0.9992040173490653,3.8423426836788306e-12
HFocusing_5_10_10um_0_1932.npy,P0/data/dataset_Particles2SNR_F_c1/train/10um/HFocusing_5_10_10um_0_1932.npy,10um,1922,16384,0,15,0,1935.87646484375,3,peak_bin_energy_over_lowest_window_energy,2.4978316537133883e-05,0.02699472070651889,0.026994732262781505,0.017900624394998843,1.2734198563975697e-05,0.025901577147212425,0.02590158027751994,0.01083458220520539,0.9757031659058023,1.1463188817529662e-11
HFocusing_5_10_10um_0_1933.npy,P0/data/dataset_Particles2SNR_F_c1/train/10um/HFocusing_5_10_10um_0_1933.npy,10um,1923,16384,1,15,3,1649.0943603515625,3,peak_bin_energy_over_lowest_window_energy,-0.00014916741567842125,0.036104030008209394,0.03610433815695262,3.3456185211175935,-0.00011698520951388685,0.03518083233262537,0.03518102683486574,3.5600995618114046,0.9835686371124529,1.3213559439763886e-11
HFocusing_5_10_10um_0_1936.npy,P0/data/dataset_Particles2SNR_F_c1/train/10um/HFocusing_5_10_10um_0_1936.npy,10um,1924,16384,1,15,3,1611.4847412109375,3,peak_bin_energy_over_lowest_window_energy,4.6901057867742963e-05,0.061256432716951886,0.06125645067187359,4.197690672458376,2.7366014677379153e-05,0.056909235375220094,0.056909241954984445,4.202708910355823,0.9824639644463706,9.525969116630314e-12
HFocusing_5_10_10um_0_1939.npy,P0/data/dataset_Particles2SNR_F_c1/train/10um/HFocusing_5_10_10um_0_1939.npy,10um,1925,16384,0,15,0,1818.0802001953125,3,peak_bin_energy_over_lowest_window_energy,-1.3504700278053618e-05,0.02721335224884862,0.027213355599720584,-0.225103678975898,-3.639759784489325e-06,0.026184347043342902,0.026184347296315625,-0.2464164471531336,0.9771842770006504,1.3059586842246801e-11
HFocusing_5_10_10um_0_1940.npy,P0/data/dataset_Particles2SNR_F_c1/train/10um/HFocusing_5_10_10um_0_1940.npy,10um,1926,16384,4,15,2,1859.1025390625,3,peak_bin_energy_over_lowest_window_energy,-4.091177563904433e-05,0.03902790938867145,0.03902793083195335,3.224292034261123,-3.328431397079646e-05,0.038360354011374276,0.03836036845135243,3.4941694335430897,0.9878851219123664,9.609410762327667e-12
HFocusing_5_10_10um_0_1942.npy,P0/data/dataset_Particles2SNR_F_c1/train/10um/HFocusing_5_10_10um_0_1942.npy,10um,1927,16384,2,15,5,1901.2940673828125,3,peak_bin_energy_over_lowest_window_energy,1.2374975878830558e-05,0.11587709270605988,0.11587709336684632,13.13577848280266,6.239342555775604e-06,0.11537829422840817,0.11537829439711145,13.245566961885391,0.9982158413498543,7.928490018184323e-12
HFocusing_5_10_10um_0_1944.npy,P0/data/dataset_Particles2SNR_F_c1/train/10um/HFocusing_5_10_10um_0_1944.npy,10um,1928,16384,2,15,3,1797.46875,3,peak_bin_energy_over_lowest_window_energy,6.491530560950753e-06,0.06592758100443087,0.06592758132402375,86.73146466196887,1.037414774501624e-06,0.06290187362183809,0.06290187363039292,91.06530028788933,0.9660268512866031,6.087755811782894e-12
HFocusing_5_10_10um_0_1945.npy,P0/data/dataset_Particles2SNR_F_c1/train/10um/HFocusing_5_10_10um_0_1945.npy,10um,1929,16384,1,15,3,1768.4107666015625,3,peak_bin_energy_over_lowest_window_energy,2.822292376373164e-06,0.034600468924649776,0.034600469039754195,1.0453514293676394,8.807482953202101e-07,0.03343848352787736,0.033438483539476524,1.16188251967331,0.9814523404784824,9.380529251953391e-12
HFocusing_5_10_10um_0_1948.npy,P0/data/dataset_Particles2SNR_F_c1/train/10um/HFocusing_5_10_10um_0_1948.npy,10um,1930,16384,8,15,9,2160.065185546875,3,peak_bin_energy_over_lowest_window_energy,4.4031385598110204e-05,0.09698214524300096,0.0969821552384636,37.76930297217304,2.6363388854343383e-05,0.09312699089324473,0.0931269946248603,38.9138241645767,0.9736706655854732,1.9427567962125865e-11
HFocusing_5_10_10um_0_1951.npy,P0/data/dataset_Particles2SNR_F_c1/train/10um/HFocusing_5_10_10um_0_1951.npy,10um,1931,16384,6,15,5,1956.6119384765625,3,peak_bin_energy_over_lowest_window_energy,-9.890005387423868e-05,0.11917112167570768,0.11917116271425307,54.8729450111587,-6.764345932565825e-05,0.10876460308749286,0.10876462412208047,65.25904580283972,0.9323080554163976,2.0703818348387796e-12
HFocusing_5_10_10um_0_1957.npy,P0/data/dataset_Particles2SNR_F_c1/train/10um/HFocusing_5_10_10um_0_1957.npy,10um,1932,16384,1,15,4,2192.583740234375,3,peak_bin_energy_over_lowest_window_energy,4.444355094598312e-05,0.040461817239043345,0.040461841647593914,4.621895309368108,4.848408476823074e-05,0.0394838869242785,0.03948391669218856,4.812613282432135,0.9813263922957967,7.2168880430367125e-12
HFocusing_5_10_10um_0_196.npy,P0/data/dataset_Particles2SNR_F_c1/train/10um/HFocusing_5_10_10um_0_196.npy,10um,1933,16384,0,15,0,1801.7591552734375,3,peak_bin_energy_over_lowest_window_energy,2.0652018871663385e-05,0.026549148076300395,0.026549156108682786,-0.00857193765507036,9.921043816033377e-06,0.025565916760966163,0.025565918685933445,-0.008099519882081019,0.9772261628007796,1.48757700220061e-11
HFocusing_5_10_10um_0_1964.npy,P0/data/dataset_Particles2SNR_F_c1/train/10um/HFocusing_5_10_10um_0_1964.npy,10um,1934,16384,10,15,9,2504.743896484375,3,peak_bin_energy_over_lowest_window_energy,-4.614223748090734e-05,0.04562443107773522,0.04562445441068957,4.175026970892646,-4.804755420548284e-05,0.04483572469065902,0.04483575043538399,4.4845622536899254,0.9900422790019884,6.373922273293364e-12
HFocusing_5_10_10um_0_1967.npy,P0/data/dataset_Particles2SNR_F_c1/train/10um/HFocusing_5_10_10um_0_1967.npy,10um,1935,16384,2,15,4,2046.6988525390625,3,peak_bin_energy_over_lowest_window_energy,9.563674084332647e-06,0.041935693509705385,0.041935694600230576,2.1458087039573037,-1.63284196304463e-05,0.04049914636053284,0.040499149652173536,2.1396567840643437,0.9861937638023055,7.744961172911171e-12
HFocusing_5_10_10um_0_1971.npy,P0/data/dataset_Particles2SNR_F_c1/train/10um/HFocusing_5_10_10um_0_1971.npy,10um,1936,16384,4,15,6,2092.968505859375,3,peak_bin_energy_over_lowest_window_energy,-8.654745027378548e-05,0.0889560207042529,0.08895606280629004,12.673920688319908,-5.744290933472413e-05,0.08853872252850772,0.08853874116265667,12.933422267142525,0.9971489569629713,7.240698555687597e-12
HFocusing_5_10_10um_0_1974.npy,P0/data/dataset_Particles2SNR_F_c1/train/10um/HFocusing_5_10_10um_0_1974.npy,10um,1937,16384,0,15,0,1817.2867431640625,3,peak_bin_energy_over_lowest_window_energy,-8.983291794807892e-06,0.02641066131225728,0.02641066284004048,-0.25696457484989343,-2.2712194734797164e-05,0.0253136823673933,0.025313692556422268,-0.20773299400694967,0.9744937651351668,1.2419698407110139e-11
HFocusing_5_10_10um_0_1975.npy,P0/data/dataset_Particles2SNR_F_c1/train/10um/HFocusing_5_10_10um_0_1975.npy,10um,1938,16384,1,15,2,1963.2705078125,3,peak_bin_energy_over_lowest_window_energy,9.253718457149609e-07,0.03645596386986766,0.036455963881612145,1.6010387559604569,-1.3815210698695906e-06,0.03519673075328306,0.03519673078039639,1.689982786068021,0.9847329659099829,8.126681937193376e-12
HFocusing_5_10_10um_0_1978.npy,P0/data/dataset_Particles2SNR_F_c1/train/10um/HFocusing_5_10_10um_0_1978.npy,10um,1939,16384,6,15,3,2075.286865234375,3,peak_bin_energy_over_lowest_window_energy,-9.343457996955112e-05,0.03197093368848014,0.03197107021877636,0.5130689646570468,-9.099456500211923e-05,0.030753219063307368,0.03075335368324293,0.5086964683078206,0.9751132467949772,1.3159064282603239e-11
HFocusing_5_10_10um_0_1982.npy,P0/data/dataset_Particles2SNR_F_c1/train/10um/HFocusing_5_10_10um_0_1982.npy,10um,1940,16384,3,15,7,1966.6925048828125,3,peak_bin_energy_over_lowest_window_energy,1.0725172971667862e-05,0.07748310009703814,0.07748310083932475,4.259137912276093,5.484210681640472e-06,0.07636087481825418,0.0763608750151912,4.397866867508998,0.9966742632747101,5.63716297914023e-12
HFocusing_5_10_10um_0_199.npy,P0/data/dataset_Particles2SNR_F_c1/train/10um/HFocusing_5_10_10um_0_199.npy,10um,1941,16384,8,15,5,2083.7861328125,3,peak_bin_energy_over_lowest_window_energy,6.264815937691119e-05,0.10908165342851528,0.10908167141866956,43.64981848431576,5.5157870268838934e-05,0.10345865885875738,0.10345867356216872,47.21687968653672,0.9606833586726549,1.6635104596893114e-11
HFocusing_5_10_10um_0_1991.npy,P0/data/dataset_Particles2SNR_F_c1/train/10um/HFocusing_5_10_10um_0_1991.npy,10um,1942,16384,7,15,7,2581.852783203125,3,peak_bin_energy_over_lowest_window_energy,-6.608488689194072e-05,0.10824885158516477,0.10824887175725807,14.675983676017477,-6.260759159357756e-05,0.10781062350089489,0.10781064167957741,14.925207404712314,0.9965408397834106,4.3105384496470676e-12
HFocusing_5_10_10um_0_1994.npy,P0/data/dataset_Particles2SNR_F_c1/train/10um/HFocusing_5_10_10um_0_1994.npy,10um,1943,16384,3,15,6,2027.4908447265625,3,peak_bin_energy_over_lowest_window_energy,-5.064938383245823e-05,0.22019913301393074,0.2201991388390219,8.937763296485207,-5.204030842159872e-05,0.21133301255920642,0.21133301896661438,9.216033537259246,0.9903540416766814,3.71846210598969e-12
HFocusing_5_10_10um_0_1997.npy,P0/data/dataset_Particles2SNR_F_c1/train/10um/HFocusing_5_10_10um_0_1997.npy,10um,1944,16384,4,15,6,2407.50927734375,3,peak_bin_energy_over_lowest_window_energy,8.310311367586114e-05,0.27820854240077564,0.27820855481255724,18.60957445952585,7.630105635043395e-05,0.27797594260257313,0.27797595307443457,18.773601471331,0.9993813549886233,3.2866913419234214e-12
HFocusing_5_10_10um_0_200.npy,P0/data/dataset_Particles2SNR_F_c1/train/10um/HFocusing_5_10_10um_0_200.npy,10um,1945,16384,5,15,7,2155.62109375,3,peak_bin_energy_over_lowest_window_energy,1.2463332993017613e-05,0.04601111670935181,0.046011118397364166,6.796802956003143,-1.7138970418762204e-06,0.04541892349779962,0.04541892353013684,7.16557519176447,0.9919207541907186,9.697552891998983e-12
HFocusing_5_10_10um_0_2003.npy,P0/data/dataset_Particles2SNR_F_c1/train/10um/HFocusing_5_10_10um_0_2003.npy,10um,1946,16384,2,15,5,1888.1002197265625,3,peak_bin_energy_over_lowest_window_energy,9.646178653619904e-05,0.044748559950235085,0.0447486639185579,3.4593853172800797,8.239359435194648e-05,0.04408309492837176,0.044083171927258434,3.6738652740235462,0.9900049673854999,6.661656878183567e-12
HFocusing_5_10_10um_0_2006.npy,P0/data/dataset_Particles2SNR_F_c1/train/10um/HFocusing_5_10_10um_0_2006.npy,10um,1947,16384,0,15,0,2051.420166015625,3,peak_bin_energy_over_lowest_window_energy,6.408780990110091e-05,0.02756899041036704,0.027569064900614382,0.28358508840405383,5.7437645087507594e-05,0.026521530146609296,0.026521592342854887,0.30826233446983053,0.976803519866171,1.379502600002343e-11
HFocusing_5_10_10um_0_2009.npy,P0/data/dataset_Particles2SNR_F_c1/train/10um/HFocusing_5_10_10um_0_2009.npy,10um,1948,16384,6,15,2,2129.892578125,3,peak_bin_energy_over_lowest_window_energy,7.235927542543984e-05,0.03607055572714666,0.0360706283051728,5.326374295366358,6.076941021208696e-05,0.034900802783627775,0.03490085568955147,5.7998023754466015,0.973267566338633,1.057244323744219e-11
HFocusing_5_10_10um_0_2010.npy,P0/data/dataset_Particles2SNR_F_c1/train/10um/HFocusing_5_10_10um_0_2010.npy,10um,1949,16384,6,15,9,2405.250732421875,3,peak_bin_energy_over_lowest_window_energy,3.923182596144486e-07,0.12013388763571275,0.12013388763635334,6.229144054853762,8.521604225843118e-06,0.11982105151078352,0.11982105181380934,6.241328551172634,0.9984011732971185,5.167134793682511e-12
HFocusing_5_10_10um_0_2016.npy,P0/data/dataset_Particles2SNR_F_c1/train/10um/HFocusing_5_10_10um_0_2016.npy,10um,1950,16384,2,15,2,1762.0880126953125,3,peak_bin_energy_over_lowest_window_energy,0.0001277437834791508,0.027808791890345717,0.027809085293744838,0.1719680576440048,0.00012703453710095075,0.026831277247865055,0.026831577973078988,0.24778402314609105,0.9769711518677116,1.5945207121826753e-11
HFocusing_5_10_10um_0_2017.npy,P0/data/dataset_Particles2SNR_F_c1/train/10um/HFocusing_5_10_10um_0_2017.npy,10um,1951,16384,7,15,9,2248.248291015625,3,peak_bin_energy_over_lowest_window_energy,1.7407177923371665e-05,0.08856547666126928,0.08856547837192368,53.098884406455596,3.731550696346115e-05,0.08342859004306566,0.08342859838820843,59.24746360816275,0.9450923794257391,6.280881543186878e-12
HFocusing_5_10_10um_0_2020.npy,P0/data/dataset_Particles2SNR_F_c1/train/10um/HFocusing_5_10_10um_0_2020.npy,10um,1952,16384,2,15,2,1918.9053955078125,3,peak_bin_energy_over_lowest_window_energy,4.209113559960269e-05,0.133288242531916,0.13328824917790225,28.845154388657424,3.990268640882607e-05,0.13305417762856522,0.1330541836119337,29.307406065976103,0.9967821343180049,5.647513730880262e-12
HFocusing_5_10_10um_0_2023.npy,P0/data/dataset_Particles2SNR_F_c1/train/10um/HFocusing_5_10_10um_0_2023.npy,10um,1953,16384,4,15,6,2287.33203125,3,peak_bin_energy_over_lowest_window_energy,7.876894999704174e-05,0.09797896697066368,0.0979789986333086,19.63110145097096,7.711739595998015e-05,0.09624431508413571,0.09624434597994394,19.51153959759287,0.9867177718056027,5.245801281011756e-12
HFocusing_5_10_10um_0_2026.npy,P0/data/dataset_Particles2SNR_F_c1/train/10um/HFocusing_5_10_10um_0_2026.npy,10um,1954,16384,3,15,2,2270.945068359375,3,peak_bin_energy_over_lowest_window_energy,6.430248595229327e-05,0.02971027620903458,0.029710345794467387,-0.032038788733181,6.490035909750971e-05,0.028474988045835592,0.028475062006378334,-0.029153375995813136,0.9742205333302547,1.768029740168356e-11
HFocusing_5_10_10um_0_2027.npy,P0/data/dataset_Particles2SNR_F_c1/train/10um/HFocusing_5_10_10um_0_2027.npy,10um,1955,16384,1,15,2,2085.652587890625,3,peak_bin_energy_over_lowest_window_energy,6.458453082875613e-05,0.04732629599438372,0.047326340062481514,11.044951616197336,4.3141305956454046e-05,0.046683457984597,0.0466834779185518,11.761764665382719,0.9917272545113011,6.793779550123001e-12
HFocusing_5_10_10um_0_2029.npy,P0/data/dataset_Particles2SNR_F_c1/train/10um/HFocusing_5_10_10um_0_2029.npy,10um,1956,16384,0,15,0,2002.365234375,3,peak_bin_energy_over_lowest_window_energy,-6.478563710130982e-05,0.029354635373932025,0.029354706864747875,0.13568457807405343,-4.754422388031434e-05,0.028096103711057967,0.02809614393819461,0.09592534863484214,0.9753398446438029,1.2820183492126846e-11
HFocusing_5_10_10um_0_203.npy,P0/data/dataset_Particles2SNR_F_c1/train/10um/HFocusing_5_10_10um_0_203.npy,10um,1957,16384,0,15,0,1997.6341552734375,3,peak_bin_energy_over_lowest_window_energy,-9.626174457682738e-05,0.027546359989261162,0.027546528183809975,0.16930471239888334,-8.363114404194908e-05,0.026536066547556462,0.026536198333306883,0.18465000924898067,0.9750515949521523,7.518191842799779e-12
HFocusing_5_10_10um_0_2030.npy,P0/data/dataset_Particles2SNR_F_c1/train/10um/HFocusing_5_10_10um_0_2030.npy,10um,1958,16384,8,15,10,2266.817626953125,3,peak_bin_energy_over_lowest_window_energy,-2.763438609965715e-05,0.04749647633844776,0.04749648437756234,5.4372326085967675,-2.3462758176731836e-05,0.04659813712047856,0.04659814302737764,5.936742660699121,0.9901492727232083,7.374463435142176e-12
HFocusing_5_10_10um_0_2033.npy,P0/data/dataset_Particles2SNR_F_c1/train/10um/HFocusing_5_10_10um_0_2033.npy,10um,1959,16384,12,15,10,2609.54736328125,3,peak_bin_energy_over_lowest_window_energy,-9.53861476224982e-05,0.043290836023941785,0.043290941109763066,0.5025035526359032,-8.311543187939206e-05,0.03955878819537311,0.039558875510578,0.5097348696167865,0.9397355856360216,1.0491229622187612e-11
HFocusing_5_10_10um_0_2036.npy,P0/data/dataset_Particles2SNR_F_c1/train/10um/HFocusing_5_10_10um_0_2036.npy,10um,1960,16384,7,15,4,2160.458740234375,3,peak_bin_energy_over_lowest_window_energy,0.00010071802199408097,0.03186830783818771,0.031868466994655564,0.008761118758625841,6.029685815078287e-05,0.030172767513357873,0.03017282776151826,-0.019547714390313775,0.965447048433679,1.3239505207831183e-11
HFocusing_5_10_10um_0_2037.npy,P0/data/dataset_Particles2SNR_F_c1/train/10um/HFocusing_5_10_10um_0_2037.npy,10um,1961,16384,11,15,8,1905.9569091796875,3,peak_bin_energy_over_lowest_window_energy,5.545784672033484e-05,0.09228930174761812,0.09228931841028881,34.823974571175285,3.626120903697862e-05,0.08864758663927179,0.0886475940555776,35.96924254939723,0.9652575382720722,3.634643903842451e-12
HFocusing_5_10_10um_0_204.npy,P0/data/dataset_Particles2SNR_F_c1/train/10um/HFocusing_5_10_10um_0_204.npy,10um,1962,16384,4,15,6,2138.517333984375,3,peak_bin_energy_over_lowest_window_energy,-0.00013014128448219834,0.16868527662753924,0.1686853268297612,14.364323376840225,-7.185534210713113e-05,0.16720839602161358,0.1672084114609996,14.612422698538836,0.99334260862097,5.4353882778684254e-12
HFocusing_5_10_10um_0_2040.npy,P0/data/dataset_Particles2SNR_F_c1/train/10um/HFocusing_5_10_10um_0_2040.npy,10um,1963,16384,17,15,12,3349.391845703125,3,peak_bin_energy_over_lowest_window_energy,2.1225010002467354e-05,0.04005157519523027,0.040051580819241504,0.18827166416500374,8.379813247355318e-06,0.03858471892238281,0.03858471983234498,0.166094150163131,0.9744575302029624,1.738285211432361e-11
HFocusing_5_10_10um_0_2046.npy,P0/data/dataset_Particles2SNR_F_c1/train/10um/HFocusing_5_10_10um_0_2046.npy,10um,1964,16384,2,15,4,2174.423828125,3,peak_bin_energy_over_lowest_window_energy,8.143588150693869e-05,0.03283615403755778,0.032836255020647825,0.5216523854787742,5.737211379246609e-05,0.031318418092847335,0.03131847064270266,0.5598257402359974,0.9782235113466397,6.932413798657752e-12
HFocusing_5_10_10um_0_2050.npy,P0/data/dataset_Particles2SNR_F_c1/train/10um/HFocusing_5_10_10um_0_2050.npy,10um,1965,16384,6,15,7,2223.21484375,3,peak_bin_energy_over_lowest_window_energy,0.0003107957037026559,0.0848777567391219,0.08487832575537169,69.9994289484327,0.00021648382884990002,0.08130668361921467,0.0813069718191695,72.72920128903272,0.9652880051147696,6.141257604008428e-12
HFocusing_5_10_10um_0_2052.npy,P0/data/dataset_Particles2SNR_F_c1/train/10um/HFocusing_5_10_10um_0_2052.npy,10um,1966,16384,4,15,2,1791.6640625,3,peak_bin_energy_over_lowest_window_energy,6.258552665186492e-05,0.0308263886414071,0.03082645217372928,1.1390828508447584,5.1328034903259706e-05,0.029414033339162395,0.02941407812331578,1.2193234202938488,0.9671714531686646,1.0516971501705992e-11
HFocusing_5_10_10um_0_2056.npy,P0/data/dataset_Particles2SNR_F_c1/train/10um/HFocusing_5_10_10um_0_2056.npy,10um,1967,16384,1,15,3,1982.4840087890625,3,peak_bin_energy_over_lowest_window_energy,9.712147129370305e-05,0.07670428573992191,0.07670434722655407,16.56208754363135,8.531184507230434e-05,0.076300791902379,0.07630083959591175,16.965121679884255,0.9964295094073912,7.683440301627473e-12
HFocusing_5_10_10um_0_2058.npy,P0/data/dataset_Particles2SNR_F_c1/train/10um/HFocusing_5_10_10um_0_2058.npy,10um,1968,16384,7,15,10,2647.591552734375,3,peak_bin_energy_over_lowest_window_energy,-0.00011407051616777487,0.05436430769468029,0.05436442736941624,2.234389809162522,-7.608307135016128e-05,0.05345753478004235,0.053457588922370826,2.3681755190568525,0.9893279811205392,6.369706597308782e-12
HFocusing_5_10_10um_0_2061.npy,P0/data/dataset_Particles2SNR_F_c1/train/10um/HFocusing_5_10_10um_0_2061.npy,10um,1969,16384,0,15,0,1929.5003662109375,3,peak_bin_energy_over_lowest_window_energy,3.3576686839004174e-05,0.02730789157379987,0.027307912216064944,0.011541276966751557,2.853297483118892e-05,0.026127241894985595,0.026127257475091856,0.013985685393936187,0.9719849260045557,1.0055144100785222e-11
HFocusing_5_10_10um_0_2062.npy,P0/data/dataset_Particles2SNR_F_c1/train/10um/HFocusing_5_10_10um_0_2062.npy,10um,1970,16384,5,15,6,2476.678466796875,3,peak_bin_energy_over_lowest_window_energy,3.5248352785803485e-05,0.19423529860256306,0.1942353018008653,11.487516113295268,-5.772085445139379e-07,0.19303696405862278,0.19303696405948575,11.51865456313492,0.9991324647662955,2.44261017471776e-12
HFocusing_5_10_10um_0_2065.npy,P0/data/dataset_Particles2SNR_F_c1/train/10um/HFocusing_5_10_10um_0_2065.npy,10um,1971,16384,6,15,6,2009.6064453125,3,peak_bin_energy_over_lowest_window_energy,-5.125462211878052e-05,0.04870427992403575,0.04870430689328326,8.926283036751494,-2.8230980231717403e-05,0.048159077560407416,0.04815908583494481,9.413580487571537,0.9937362354680099,1.1128321023200553e-11
HFocusing_5_10_10um_0_2067.npy,P0/data/dataset_Particles2SNR_F_c1/train/10um/HFocusing_5_10_10um_0_2067.npy,10um,1972,16384,2,15,1,1713.8095703125,3,peak_bin_energy_over_lowest_window_energy,3.1116445128319605e-05,0.02727063816435366,0.02727065591664894,-0.08076946102872817,5.224730240713617e-06,0.02620161769152756,0.02620161821244589,-0.07358472915847347,0.9710564328213059,1.2287231658254332e-11
HFocusing_5_10_10um_0_2068.npy,P0/data/dataset_Particles2SNR_F_c1/train/10um/HFocusing_5_10_10um_0_2068.npy,10um,1973,16384,1,15,4,1730.0126953125,3,peak_bin_energy_over_lowest_window_energy,0.00012866129946361755,0.044468370791770996,0.04446855692064238,7.2888476585562,8.787245109267684e-05,0.04380175020946857,0.04380183835160735,7.694907249698227,0.9913018934844727,8.64067440157289e-12
HFocusing_5_10_10um_0_207.npy,P0/data/dataset_Particles2SNR_F_c1/train/10um/HFocusing_5_10_10um_0_207.npy,10um,1974,16384,5,15,7,2264.664306640625,3,peak_bin_energy_over_lowest_window_energy,-9.564920641347738e-05,0.045855799394725665,0.0458558991504911,5.883895919689298,-9.966584593248216e-05,0.045015653226953986,0.04501576355822723,6.281172680878463,0.9873822382998872,9.387125429294218e-12
HFocusing_5_10_10um_0_2070.npy,P0/data/dataset_Particles2SNR_F_c1/train/10um/HFocusing_5_10_10um_0_2070.npy,10um,1975,16384,3,15,2,1526.6866455078125,3,peak_bin_energy_over_lowest_window_energy,-0.00019687471742634808,0.06342593808894316,0.06342624363870852,112.27575854128571,-0.0001707889880551437,0.060498178020812816,0.060498419092703565,119.53901739781845,0.965063586419206,4.835037438216358e-12
HFocusing_5_10_10um_0_2071.npy,P0/data/dataset_Particles2SNR_F_c1/train/10um/HFocusing_5_10_10um_0_2071.npy,10um,1976,16384,9,15,9,2526.879150390625,3,peak_bin_energy_over_lowest_window_energy,-5.346975920301938e-05,0.09351356223007724,0.09351357751670972,51.18954845189745,-4.719900298326521e-05,0.08818987393291466,0.08818988656330874,56.04528289155508,0.9563844806655446,2.383613456327039e-11
HFocusing_5_10_10um_0_2074.npy,P0/data/dataset_Particles2SNR_F_c1/train/10um/HFocusing_5_10_10um_0_2074.npy,10um,1977,16384,6,15,5,1650.5948486328125,3,peak_bin_energy_over_lowest_window_energy,-6.470890751396902e-05,0.06448195529144934,0.06448198775977043,66.98577388699916,-4.868313216517987e-05,0.06133699479006247,0.06133701410994431,69.67384484553453,0.9640588682625396,4.9601922396519594e-12
HFocusing_5_10_10um_0_2075.npy,P0/data/dataset_Particles2SNR_F_c1/train/10um/HFocusing_5_10_10um_0_2075.npy,10um,1978,16384,1,15,4,1950.3726806640625,3,peak_bin_energy_over_lowest_window_energy,-5.850004936802441e-05,0.041425518269123524,0.04142555957523402,9.36810387372335,-5.207801347678589e-05,0.040610938305046786,0.04061097169652315,10.157731011428561,0.9858658889661386,8.506171257343068e-12
HFocusing_5_10_10um_0_2079.npy,P0/data/dataset_Particles2SNR_F_c1/train/10um/HFocusing_5_10_10um_0_2079.npy,10um,1979,16384,2,15,2,2148.134765625,3,peak_bin_energy_over_lowest_window_energy,1.2622197864285742e-05,0.04921991461515502,0.04921991623360436,8.06770550763994,3.914447359728471e-05,0.04865555318887015,0.04865556893516698,8.459921086176712,0.9926342315278951,7.753553509773272e-12
HFocusing_5_10_10um_0_2082.npy,P0/data/dataset_Particles2SNR_F_c1/train/10um/HFocusing_5_10_10um_0_2082.npy,10um,1980,16384,5,15,6,2109.287841796875,3,peak_bin_energy_over_lowest_window_energy,-6.679472935990678e-07,0.05620027414632204,0.05620027415029136,12.27777231131922,1.5501077187091936e-05,0.05560285592394322,0.05560285808465408,12.79323897577028,0.9944531095167601,7.483677455030497e-12
HFocusing_5_10_10um_0_2087.npy,P0/data/dataset_Particles2SNR_F_c1/train/10um/HFocusing_5_10_10um_0_2087.npy,10um,1981,16384,10,15,9,2216.67431640625,3,peak_bin_energy_over_lowest_window_energy,4.044120946427051e-05,0.10503358023118484,0.10503358801674902,54.20603803054563,3.548885542688285e-05,0.10002204674862589,0.10002205304453195,57.66131272676202,0.9630309631241556,5.796269923086465e-12
HFocusing_5_10_10um_0_2091.npy,P0/data/dataset_Particles2SNR_F_c1/train/10um/HFocusing_5_10_10um_0_2091.npy,10um,1982,16384,15,15,12,4193.83740234375,3,peak_bin_energy_over_lowest_window_energy,2.3991610815297262e-05,0.08888996413203122,0.08888996736972732,14.570280339725649,3.6510591324654086e-05,0.08825777090472613,0.08825777845660064,15.119344138672936,0.99505871470056,9.78991182542027e-12
HFocusing_5_10_10um_0_2094.npy,P0/data/dataset_Particles2SNR_F_c1/train/10um/HFocusing_5_10_10um_0_2094.npy,10um,1983,16384,1,15,5,1814.2969970703125,3,peak_bin_energy_over_lowest_window_energy,-5.4077928496356905e-05,0.06632981232530118,0.0663298343698522,8.708716699059865,-4.360543481859316e-05,0.06591769593433806,0.06591771035712476,8.872393238988105,0.9960367396165672,7.593915259099636e-12
HFocusing_5_10_10um_0_2099.npy,P0/data/dataset_Particles2SNR_F_c1/train/10um/HFocusing_5_10_10um_0_2099.npy,10um,1984,16384,0,15,0,1964.0693359375,3,peak_bin_energy_over_lowest_window_energy,-9.93830336378346e-05,0.027070014882382133,0.027070197315863166,-0.04288033445620387,-0.0001081039470148302,0.02614792129149476,0.02614814475884599,-0.06200755482066356,0.9766276701554547,1.2342730173833933e-11
HFocusing_5_10_10um_0_210.npy,P0/data/dataset_Particles2SNR_F_c1/train/10um/HFocusing_5_10_10um_0_210.npy,10um,1985,16384,7,15,4,2238.488525390625,3,peak_bin_energy_over_lowest_window_energy,-0.0001334724754616239,0.15944911506729653,0.15944917093119576,33.02335360333792,-6.843177208996006e-05,0.15857783526885566,0.15857785003418273,34.450774338016096,0.9868934774398431,3.348374207076596e-12
HFocusing_5_10_10um_0_2100.npy,P0/data/dataset_Particles2SNR_F_c1/train/10um/HFocusing_5_10_10um_0_2100.npy,10um,1986,16384,1,15,1,2171.2431640625,3,peak_bin_energy_over_lowest_window_energy,2.6586462592483165e-05,0.0425731043466908,0.04257311264817521,7.187023187375647,2.7312837904740314e-05,0.04196292690632476,0.0419629357950164,7.6691163099148305,0.9912057286122441,6.822640367871416e-12
HFocusing_5_10_10um_0_2103.npy,P0/data/dataset_Particles2SNR_F_c1/train/10um/HFocusing_5_10_10um_0_2103.npy,10um,1987,16384,18,15,13,3209.020263671875,3,peak_bin_energy_over_lowest_window_energy,1.7358890873408327e-05,0.05843880439135701,0.05843880696953336,6.717916615854602,2.7489692953293617e-05,0.0577091953453811,0.057709201892718755,7.124760673140873,0.9928218688871765,1.0113170723991165e-11
HFocusing_5_10_10um_0_2105.npy,P0/data/dataset_Particles2SNR_F_c1/train/10um/HFocusing_5_10_10um_0_2105.npy,10um,1988,16384,4,15,3,2201.747802734375,3,peak_bin_energy_over_lowest_window_energy,-1.2010501793425173e-05,0.02977045886913568,0.029770461291875418,0.2812121611784284,-1.0697332459716579e-05,0.028686203086434436,0.02868620508099812,0.26864578369243874,0.9781240255781362,1.5831243779970483e-11
HFocusing_5_10_10um_0_2106.npy,P0/data/dataset_Particles2SNR_F_c1/train/10um/HFocusing_5_10_10um_0_2106.npy,10um,1989,16384,8,15,12,3484.658935546875,3,peak_bin_energy_over_lowest_window_energy,3.579563576699212e-05,0.10812310561304948,0.10812311153836719,22.836297070966015,6.139724022340403e-06,0.1010137012449662,0.1010137014315558,26.353039629854212,0.9659617114146657,5.509968231750088e-12
HFocusing_5_10_10um_0_2109.npy,P0/data/dataset_Particles2SNR_F_c1/train/10um/HFocusing_5_10_10um_0_2109.npy,10um,1990,16384,6,15,4,1776.4249267578125,3,peak_bin_energy_over_lowest_window_energy,5.603886520055716e-05,0.02945051608808202,0.029450569403812733,0.11443280077247886,6.024485483172143e-05,0.028346789438099037,0.02834685345660885,0.09420754691648225,0.9746249309187647,8.520762146326903e-12
HFocusing_5_10_10um_0_213.npy,P0/data/dataset_Particles2SNR_F_c1/train/10um/HFocusing_5_10_10um_0_213.npy,10um,1991,16384,0,15,0,1830.7666015625,3,peak_bin_energy_over_lowest_window_energy,3.2975041793831486e-05,0.02739823363870542,0.027398253482192443,0.2795465250058138,3.596487157302077e-05,0.026325253496539545,0.026325278063660692,0.30646080552566657,0.974447502520109,1.6164068955533186e-11
HFocusing_5_10_10um_0_214.npy,P0/data/dataset_Particles2SNR_F_c1/train/10um/HFocusing_5_10_10um_0_214.npy,10um,1992,16384,1,15,3,1782.5787353515625,3,peak_bin_energy_over_lowest_window_energy,-7.244026874547427e-05,0.05091437850533113,0.05091443003880786,10.954159383130953,-5.236553652151047e-05,0.050402883433997146,0.05040291063629678,11.407480068493086,0.993225133254093,7.848615107037112e-12
HFocusing_5_10_10um_0_217.npy,P0/data/dataset_Particles2SNR_F_c1/train/10um/HFocusing_5_10_10um_0_217.npy,10um,1993,16384,8,15,8,1668.5543212890625,3,peak_bin_energy_over_lowest_window_energy,0.00017051276916628345,0.11933123260800906,0.11933135443105981,19.54959671881012,0.00013926067551102845,0.11898748163871375,0.11898756313270302,19.820434785789182,0.998333308189375,5.778147054529445e-12
HFocusing_5_10_10um_0_220.npy,P0/data/dataset_Particles2SNR_F_c1/train/10um/HFocusing_5_10_10um_0_220.npy,10um,1994,16384,7,15,4,1775.6417236328125,3,peak_bin_energy_over_lowest_window_energy,1.2655219858942148e-06,0.029780973312189363,0.029780973339078105,0.18774482057471387,-1.2072149668417304e-05,0.028740934353127995,0.02874093688848035,0.1668210385283717,0.978559321668533,1.1101099459355891e-11
HFocusing_5_10_10um_0_221.npy,P0/data/dataset_Particles2SNR_F_c1/train/10um/HFocusing_5_10_10um_0_221.npy,10um,1995,16384,8,15,9,2199.4208984375,3,peak_bin_energy_over_lowest_window_energy,1.4179676050810996e-05,0.09047718535097339,0.09047718646209996,42.450475793048405,1.773470158192895e-05,0.08607634350821915,0.08607634533519985,44.59370231108935,0.9527825134899074,5.7019007978967614e-12
HFocusing_5_10_10um_0_223.npy,P0/data/dataset_Particles2SNR_F_c1/train/10um/HFocusing_5_10_10um_0_223.npy,10um,1996,16384,0,15,0,2002.7525634765625,3,peak_bin_energy_over_lowest_window_energy,6.055444676326247e-06,0.02796501961261645,0.027965020268228537,-0.1602027302632778,3.2731271243116335e-05,0.026912155123295967,0.026912175027605307,-0.16932060675175187,0.9755161280061371,1.1525471059176117e-11
HFocusing_5_10_10um_0_227.npy,P0/data/dataset_Particles2SNR_F_c1/train/10um/HFocusing_5_10_10um_0_227.npy,10um,1997,16384,5,15,5,2152.12109375,3,peak_bin_energy_over_lowest_window_energy,7.427083063401801e-06,0.041623487659237034,0.04162348832186246,7.856985064906931,6.597047569200669e-06,0.04088337569375021,0.040883376226008565,8.468842476619276,0.9888064440337074,8.743435426908547e-12
HFocusing_5_10_10um_0_23.npy,P0/data/dataset_Particles2SNR_F_c1/train/10um/HFocusing_5_10_10um_0_23.npy,10um,1998,16384,6,15,7,2094.254638671875,3,peak_bin_energy_over_lowest_window_energy,1.9138995729575418e-05,0.06199931896552269,0.06199932191959666,55.22391246982947,-2.4667243271744247e-07,0.059647865227562095,0.059647865228072146,55.83754509543407,0.9714749848427044,6.024045181912779e-12
HFocusing_5_10_10um_0_230.npy,P0/data/dataset_Particles2SNR_F_c1/train/10um/HFocusing_5_10_10um_0_230.npy,10um,1999,16384,6,15,6,2311.948974609375,3,peak_bin_energy_over_lowest_window_energy,-2.2797091657551847e-05,0.14424098784567205,0.14424098964719667,16.748415762663104,1.5317434043267815e-07,0.14227487469104813,0.1422748746911306,16.691148978269233,0.9893024100694345,5.993701674328058e-12
HFocusing_5_10_10um_0_232.npy,P0/data/dataset_Particles2SNR_F_c1/train/10um/HFocusing_5_10_10um_0_232.npy,10um,2000,16384,3,15,2,2030.7496337890625,3,peak_bin_energy_over_lowest_window_energy,9.8741105505219e-05,0.06284921799696347,0.06284929556196914,93.85659431230212,7.229495235100347e-05,0.059701526571378796,0.059701570343778924,100.78258046602778,0.9546475092773329,3.4285087328414743e-12
HFocusing_5_10_10um_0_233.npy,P0/data/dataset_Particles2SNR_F_c1/train/10um/HFocusing_5_10_10um_0_233.npy,10um,2001,16384,11,15,10,2850.970947265625,3,peak_bin_energy_over_lowest_window_energy,-7.469958064608641e-06,0.05517269865543081,0.05517269916111818,11.968538763529466,-1.3069360775018997e-05,0.05453975415663357,0.05453975572253895,12.48160368934174,0.9923883435565447,5.22783305422372e-12
HFocusing_5_10_10um_0_236.npy,P0/data/dataset_Particles2SNR_F_c1/train/10um/HFocusing_5_10_10um_0_236.npy,10um,2002,16384,2,15,1,1841.32666015625,3,peak_bin_energy_over_lowest_window_energy,3.2482454098640314e-05,0.02729949582023775,0.027299515144943554,0.0470694231741442,3.391022854513967e-05,0.02633754990544364,0.026337571735551745,0.0753063197265611,0.9755924924688363,1.1139125554086465e-11
HFocusing_5_10_10um_0_237.npy,P0/data/dataset_Particles2SNR_F_c1/train/10um/HFocusing_5_10_10um_0_237.npy,10um,2003,16384,6,15,7,1790.7763671875,3,peak_bin_energy_over_lowest_window_energy,-2.0777856085531066e-05,0.03462350023410798,0.03462350646859123,0.3947715949695896,-1.0936677944867648e-05,0.0322000026400452,0.032200004497357486,0.353727828411873,0.9544729783442638,1.0540562316381483e-11
HFocusing_5_10_10um_0_240.npy,P0/data/dataset_Particles2SNR_F_c1/train/10um/HFocusing_5_10_10um_0_240.npy,10um,2004,16384,3,15,6,2166.418701171875,3,peak_bin_energy_over_lowest_window_energy,-4.626492515325742e-05,0.05416828495334653,0.0541683047106908,5.678077473629331,-3.537110584377588e-05,0.05360124183273715,0.05360125350331558,5.910603390223605,0.9943385181118038,6.290215728555858e-12
HFocusing_5_10_10um_0_243.npy,P0/data/dataset_Particles2SNR_F_c1/train/10um/HFocusing_5_10_10um_0_243.npy,10um,2005,16384,4,15,4,2263.302978515625,3,peak_bin_energy_over_lowest_window_energy,-0.00016328503486557938,0.04423322170460053,0.0442335230834144,6.598366790959426,-0.0001528499509385481,0.043680564231119136,0.04368083166168458,6.944612319258791,0.9917099505272021,1.0372246664026956e-11
HFocusing_5_10_10um_0_246.npy,P0/data/dataset_Particles2SNR_F_c1/train/10um/HFocusing_5_10_10um_0_246.npy,10um,2006,16384,3,15,7,2276.66015625,3,peak_bin_energy_over_lowest_window_energy,-9.77827319696936e-05,0.061796957208063004,0.06179703456993581,10.218677459461931,-8.485933100804771e-05,0.061416412037165094,0.06141647066239558,10.460085904037047,0.995927062641993,7.546461014303896e-12
HFocusing_5_10_10um_0_249.npy,P0/data/dataset_Particles2SNR_F_c1/train/10um/HFocusing_5_10_10um_0_249.npy,10um,2007,16384,5,15,6,1822.6973876953125,3,peak_bin_energy_over_lowest_window_energy,-3.9818619413935945e-05,0.1283417330298723,0.12834173920682806,23.226531063454143,-3.599998515684935e-05,0.12810345439352389,0.12810345945193122,23.39615982328921,0.9988900770101904,8.395624556743366e-12
HFocusing_5_10_10um_0_251.npy,P0/data/dataset_Particles2SNR_F_c1/train/10um/HFocusing_5_10_10um_0_251.npy,10um,2008,16384,3,15,1,1825.7735595703125,3,peak_bin_energy_over_lowest_window_energy,6.001939561446664e-05,0.02818460890344437,0.0281846728093119,0.3862351887041311,5.533703395656069e-05,0.02707366218041164,0.027073718733236087,0.37487071876574163,0.9771917585865819,8.497767090954604e-12
HFocusing_5_10_10um_0_252.npy,P0/data/dataset_Particles2SNR_F_c1/train/10um/HFocusing_5_10_10um_0_252.npy,10um,2009,16384,5,15,3,2065.319580078125,3,peak_bin_energy_over_lowest_window_energy,0.0004480543359625961,0.060465112551512025,0.060466772599130775,25.687372367068402,0.0003152722347772915,0.059712207530321186,0.05971303982151778,24.502472244485464,0.9903965767588149,8.663863639748872e-12
HFocusing_5_10_10um_0_254.npy,P0/data/dataset_Particles2SNR_F_c1/train/10um/HFocusing_5_10_10um_0_254.npy,10um,2010,16384,0,15,0,1779.2230224609375,3,peak_bin_energy_over_lowest_window_energy,0.00011333290801337291,0.026434193735556166,0.026434436683934758,-0.23994581076806698,8.782240386230172e-05,0.02528329617478006,0.025283448701398866,-0.1821140370481511,0.967692035761414,9.933569842386143e-12
HFocusing_5_10_10um_0_255.npy,P0/data/dataset_Particles2SNR_F_c1/train/10um/HFocusing_5_10_10um_0_255.npy,10um,2011,16384,8,15,8,2150.379150390625,3,peak_bin_energy_over_lowest_window_energy,-2.7834319537089847e-05,0.07792045359560783,0.07792045856701958,48.58258287647264,9.429396257913473e-07,0.07506722918191261,0.07506722918783487,49.30906499138102,0.9671558342010019,6.882884389325947e-12
HFocusing_5_10_10um_0_258.npy,P0/data/dataset_Particles2SNR_F_c1/train/10um/HFocusing_5_10_10um_0_258.npy,10um,2012,16384,1,15,3,2065.895263671875,3,peak_bin_energy_over_lowest_window_energy,1.2416081603417286e-05,0.04031963093237293,0.04031963284408536,9.654665235041888,2.1873312456893027e-05,0.03971409482230255,0.03971410084587886,10.25340702475542,0.9893191554288249,1.2754280317912076e-11
HFocusing_5_10_10um_0_26.npy,P0/data/dataset_Particles2SNR_F_c1/train/10um/HFocusing_5_10_10um_0_26.npy,10um,2013,16384,6,15,5,2170.939208984375,3,peak_bin_energy_over_lowest_window_energy,-1.940191091426264e-05,0.031064225932156988,0.031064231991121908,0.7233863081478202,-1.392300330551488e-05,0.02985399874788865,0.029854001994522577,0.7830060717386993,0.9750442944719582,1.1995648508347715e-11
HFocusing_5_10_10um_0_261.npy,P0/data/dataset_Particles2SNR_F_c1/train/10um/HFocusing_5_10_10um_0_261.npy,10um,2014,16384,0,15,0,1713.5244140625,3,peak_bin_energy_over_lowest_window_energy,1.9737408436014333e-05,0.026395944999416186,0.026395952378679123,-0.18018592736343697,9.732374120827357e-07,0.02544247480272904,0.025442474821343406,-0.1869172641201824,0.9765565210877801,1.1863228466592775e-11
HFocusing_5_10_10um_0_262.npy,P0/data/dataset_Particles2SNR_F_c1/train/10um/HFocusing_5_10_10um_0_262.npy,10um,2015,16384,2,15,2,1970.8726806640625,3,peak_bin_energy_over_lowest_window_energy,-2.84237091757954e-05,0.04491382233813097,0.0449138313321012,10.732061973455428,-3.405300961106111e-05,0.044364451128065654,0.04436446419717012,11.245509622821,0.9922597324621447,9.57777519282102e-12
HFocusing_5_10_10um_0_265.npy,P0/data/dataset_Particles2SNR_F_c1/train/10um/HFocusing_5_10_10um_0_265.npy,10um,2016,16384,1,15,4,1968.5032958984375,3,peak_bin_energy_over_lowest_window_energy,4.1327613507388236e-05,0.0492705183305491,0.049270535663138604,11.618625980737527,1.2837051780474947e-05,0.04878306195389246,0.04878306364289976,11.981800796286448,0.9944429571510016,6.1179744640113016e-12
HFocusing_5_10_10um_0_268.npy,P0/data/dataset_Particles2SNR_F_c1/train/10um/HFocusing_5_10_10um_0_268.npy,10um,2017,16384,1,15,3,1897.703125,3,peak_bin_energy_over_lowest_window_energy,-9.976674859047575e-06,0.04010668039790888,0.04010668163877497,3.3368564057122,-2.380283141974265e-05,0.03794255791418171,0.03794256538039852,2.983630628326857,0.9835360129276597,7.531370504477934e-12
HFocusing_5_10_10um_0_27.npy,P0/data/dataset_Particles2SNR_F_c1/train/10um/HFocusing_5_10_10um_0_27.npy,10um,2018,16384,18,15,13,4684.580078125,3,peak_bin_energy_over_lowest_window_energy,2.1715230676122522e-05,0.04768097492109608,0.047680979865953224,0.2994459531385014,3.61585156398766e-05,0.04633584610282826,0.04633586021110689,0.3931437764174346,0.9811710998539839,1.7248162171724848e-11
HFocusing_5_10_10um_0_271.npy,P0/data/dataset_Particles2SNR_F_c1/train/10um/HFocusing_5_10_10um_0_271.npy,10um,2019,16384,0,15,0,1836.0582275390625,3,peak_bin_energy_over_lowest_window_energy,-0.00010303753933786064,0.02707453712651306,0.027074733190734255,-0.17608377056121194,-9.043704174097736e-05,0.026008778944395867,0.02600893617657148,-0.19087604343189302,0.974843219849985,1.0615843940853426e-11
HFocusing_5_10_10um_0_275.npy,P0/data/dataset_Particles2SNR_F_c1/train/10um/HFocusing_5_10_10um_0_275.npy,10um,2020,16384,0,15,0,1796.2158203125,3,peak_bin_energy_over_lowest_window_energy,-0.00011719727987525201,0.02659957354424737,0.02659983172763006,0.059830097755984024,-9.170787310127592e-05,0.025591158882664135,0.025591323203221602,0.05838644627789247,0.9797850042749988,1.3522202567363085e-11
HFocusing_5_10_10um_0_276.npy,P0/data/dataset_Particles2SNR_F_c1/train/10um/HFocusing_5_10_10um_0_276.npy,10um,2021,16384,2,15,3,1949.5284423828125,3,peak_bin_energy_over_lowest_window_energy,-0.00013105620011603185,0.035604960527401294,0.03560520172510462,1.6557552234416582,-0.00013513935283733297,0.03471399952129332,0.03471426256467272,1.7654261457211264,0.9851694968946907,1.0765900842121732e-11
HFocusing_5_10_10um_0_278.npy,P0/data/dataset_Particles2SNR_F_c1/train/10um/HFocusing_5_10_10um_0_278.npy,10um,2022,16384,0,15,0,1729.3321533203125,3,peak_bin_energy_over_lowest_window_energy,3.2588976418251456e-05,0.025778369802127103,0.02577839040158642,-0.11574761589279436,5.856543876609184e-05,0.02478282226327044,0.02478289146252856,-0.09993373313446474,0.9768564771053206,1.1085451451130628e-11
HFocusing_5_10_10um_0_279.npy,P0/data/dataset_Particles2SNR_F_c1/train/10um/HFocusing_5_10_10um_0_279.npy,10um,2023,16384,1,15,5,1965.3001708984375,3,peak_bin_energy_over_lowest_window_energy,-7.833058177107496e-05,0.05212275171162851,0.05212281056957801,5.607895348735596,-6.592960231435193e-05,0.051520582565494036,0.05152062474970921,5.916211468652534,0.9920506070897872,5.723286367852399e-12
HFocusing_5_10_10um_0_282.npy,P0/data/dataset_Particles2SNR_F_c1/train/10um/HFocusing_5_10_10um_0_282.npy,10um,2024,16384,1,15,3,1933.7249755859375,3,peak_bin_energy_over_lowest_window_energy,2.0943749777243824e-05,0.04643267948453749,0.04643268420794175,10.714795485429278,8.244540067067237e-06,0.04586582437645232,0.04586582511744457,11.28455917105045,0.9914477201243754,6.427714506691159e-12
HFocusing_5_10_10um_0_285.npy,P0/data/dataset_Particles2SNR_F_c1/train/10um/HFocusing_5_10_10um_0_285.npy,10um,2025,16384,3,15,3,1967.11181640625,3,peak_bin_energy_over_lowest_window_energy,2.3959586749697662e-05,0.029529308380591774,0.02952931810079408,0.48328763148489884,8.257730743639446e-06,0.028684967868837424,0.028684969057441084,0.5093575900452088,0.9801024113619139,9.191468980979535e-12
HFocusing_5_10_10um_0_286.npy,P0/data/dataset_Particles2SNR_F_c1/train/10um/HFocusing_5_10_10um_0_286.npy,10um,2026,16384,2,15,2,1805.7083740234375,3,peak_bin_energy_over_lowest_window_energy,-0.00013223737309180192,0.04086785756684138,0.040868071508531896,5.21690284573873,-0.0001096813503588554,0.0402641201459831,0.04026426953427541,5.511465809750838,0.9910716745233259,6.4790589051167925e-12
HFocusing_5_10_10um_0_289.npy,P0/data/dataset_Particles2SNR_F_c1/train/10um/HFocusing_5_10_10um_0_289.npy,10um,2027,16384,4,15,7,1915.6807861328125,3,peak_bin_energy_over_lowest_window_energy,-0.00012153855187930506,0.04934891175555144,0.04934906142042417,10.366355167718924,-8.8135605023864e-05,0.04887014951009908,0.04887022898477467,10.791996998177538,0.993850713928406,9.752874991274043e-12
HFocusing_5_10_10um_0_292.npy,P0/data/dataset_Particles2SNR_F_c1/train/10um/HFocusing_5_10_10um_0_292.npy,10um,2028,16384,2,15,1,1548.9888916015625,3,peak_bin_energy_over_lowest_window_energy,0.0002779204050775497,0.04602175812426078,0.046022597282199554,17.401706109376498,0.00022637430065021257,0.04559661942043005,0.045597181359109624,18.276238775634255,0.990956399235512,8.476034736309288e-12
HFocusing_5_10_10um_0_298.npy,P0/data/dataset_Particles2SNR_F_c1/train/10um/HFocusing_5_10_10um_0_298.npy,10um,2029,16384,1,15,3,1538.94091796875,3,peak_bin_energy_over_lowest_window_energy,2.5370786508177315e-05,0.039509826159335334,0.039509834305115815,7.788187009870942,1.8179225794544706e-05,0.038982696395269856,0.0389827006341279,8.271899723042253,0.9910356041710524,5.71233222064783e-12
HFocusing_5_10_10um_0_30.npy,P0/data/dataset_Particles2SNR_F_c1/train/10um/HFocusing_5_10_10um_0_30.npy,10um,2030,16384,10,15,9,2646.082275390625,3,peak_bin_energy_over_lowest_window_energy,0.0001010728598611917,0.07916242219584287,0.07916248671963177,25.616249373263305,7.485961903234278e-05,0.07677898967495352,0.07677902616905986,25.754630066227737,0.9789330475820069,7.98557970612863e-12
HFocusing_5_10_10um_0_301.npy,P0/data/dataset_Particles2SNR_F_c1/train/10um/HFocusing_5_10_10um_0_301.npy,10um,2031,16384,1,15,4,1932.2593994140625,3,peak_bin_energy_over_lowest_window_energy,-2.3790875731605953e-05,0.04816503186178424,0.048165037737475706,12.443885300110521,-1.0262538150470222e-05,0.047556829015563795,0.047556830122867315,13.114600256805598,0.99166686324277,7.182873587362787e-12
HFocusing_5_10_10um_0_304.npy,P0/data/dataset_Particles2SNR_F_c1/train/10um/HFocusing_5_10_10um_0_304.npy,10um,2032,16384,6,15,8,1851.5048828125,3,peak_bin_energy_over_lowest_window_energy,-4.8287810569956364e-05,0.20987573914858973,0.20987574470357345,13.788250178983017,-3.7798518286267236e-05,0.20752674548371983,0.20752674892599413,14.183738952852352,0.9913989878403396,2.441823224680298e-12
HFocusing_5_10_10um_0_307.npy,P0/data/dataset_Particles2SNR_F_c1/train/10um/HFocusing_5_10_10um_0_307.npy,10um,2033,16384,6,15,7,2303.410888671875,3,peak_bin_energy_over_lowest_window_energy,3.8792607849022734e-05,0.045984920345363264,0.045984936707968056,4.281475669981689,3.0309463412486286e-05,0.04512660734001631,0.045126617518750356,4.647467510670165,0.9889375135795035,1.3330743355385922e-11
HFocusing_5_10_10um_0_310.npy,P0/data/dataset_Particles2SNR_F_c1/train/10um/HFocusing_5_10_10um_0_310.npy,10um,2034,16384,12,15,11,2757.046875,3,peak_bin_energy_over_lowest_window_energy,-7.0062121331140875e-06,0.06656809860051376,0.06656809896921145,10.46380535160165,-3.504008424548398e-06,0.06602437642909981,0.0660243765220812,10.85978355314761,0.9937874620150233,6.5534841132591785e-12
HFocusing_5_10_10um_0_313.npy,P0/data/dataset_Particles2SNR_F_c1/train/10um/HFocusing_5_10_10um_0_313.npy,10um,2035,16384,0,15,0,1960.3245849609375,3,peak_bin_energy_over_lowest_window_energy,-5.686986330682755e-05,0.027707717958657965,0.027707776321059936,0.008969027481200431,-5.114822468610029e-05,0.026634299855116225,0.026634348967322866,0.03002520190190694,0.9759538107218442,1.3758516187601237e-11
HFocusing_5_10_10um_0_314.npy,P0/data/dataset_Particles2SNR_F_c1/train/10um/HFocusing_5_10_10um_0_314.npy,10um,2036,16384,1,15,4,1785.2138671875,3,peak_bin_energy_over_lowest_window_energy,9.464090616012231e-05,0.04143837624749265,0.041438484322304577,7.806392097155172,6.219152624776444e-05,0.04076821189111402,0.04076825932738247,8.286481166897365,0.990440239268719,1.2454740407980114e-11
HFocusing_5_10_10um_0_317.npy,P0/data/dataset_Particles2SNR_F_c1/train/10um/HFocusing_5_10_10um_0_317.npy,10um,2037,16384,0,15,0,1954.5672607421875,3,peak_bin_energy_over_lowest_window_energy,1.0388492120340385e-05,0.02804329278499402,0.02804329470917542,0.3411682491570174,2.9059342268432828e-05,0.02692399345593943,0.02692400913795793,0.2867452547898286,0.9759281785298822,1.090888570093556e-11
HFocusing_5_10_10um_0_318.npy,P0/data/dataset_Particles2SNR_F_c1/train/10um/HFocusing_5_10_10um_0_318.npy,10um,2038,16384,3,15,4,2010.1055908203125,3,peak_bin_energy_over_lowest_window_energy,-6.0815602404639944e-05,0.06740040500482274,0.06740043244187408,5.631507074097325,-4.263692315622668e-05,0.06700267653205966,0.06700269009798811,5.694624281008737,0.9964174331171639,5.492562796349099e-12
HFocusing_5_10_10um_0_32.npy,P0/data/dataset_Particles2SNR_F_c1/train/10um/HFocusing_5_10_10um_0_32.npy,10um,2039,16384,10,15,7,2360.168701171875,3,peak_bin_energy_over_lowest_window_energy,-0.00031898673283184084,0.09424723594453976,0.09424777576007547,49.12833760330472,-0.00031526740934898655,0.08880778974107109,0.0888083493385261,53.52995871045485,0.9586987405572394,4.785740934703135e-12
HFocusing_5_10_10um_0_321.npy,P0/data/dataset_Particles2SNR_F_c1/train/10um/HFocusing_5_10_10um_0_321.npy,10um,2040,16384,0,15,0,1957.78125,3,peak_bin_energy_over_lowest_window_energy,4.5776288346451984e-05,0.027030908867875847,0.027030947628449577,-0.13030353545780127,4.5341700811004435e-05,0.026135521587744365,0.026135560918665666,-0.17113398305004468,0.9783930304783185,1.4683104512095022e-11
HFocusing_5_10_10um_0_322.npy,P0/data/dataset_Particles2SNR_F_c1/train/10um/HFocusing_5_10_10um_0_322.npy,10um,2041,16384,4,15,3,2059.049560546875,3,peak_bin_energy_over_lowest_window_energy,8.295034285252103e-05,0.05481007921639173,0.0548101419854621,16.37828411026174,7.413221149101028e-05,0.05419402185512981,0.05419407255797508,17.235101022654884,0.992967927395576,6.234455594473495e-12
HFocusing_5_10_10um_0_328.npy,P0/data/dataset_Particles2SNR_F_c1/train/10um/HFocusing_5_10_10um_0_328.npy,10um,2042,16384,0,15,0,1753.1507568359375,3,peak_bin_energy_over_lowest_window_energy,-6.457134370765311e-05,0.026948905385422522,0.026948982743897464,3.6056957583685545e-05,-3.9765893389186736e-05,0.025845204723898695,0.025845235316137336,0.01871346402648566,0.9743884969708919,1.3303919269417205e-11
HFocusing_5_10_10um_0_329.npy,P0/data/dataset_Particles2SNR_F_c1/train/10um/HFocusing_5_10_10um_0_329.npy,10um,2043,16384,10,15,13,7674.97412109375,3,peak_bin_energy_over_lowest_window_energy,-3.6071301015799066e-05,0.09985240553746012,0.09985241205276993,31.078227165939424,-3.136545138618964e-05,0.09578039745721288,0.09578040259287499,31.742211875798304,0.9711905446679331,1.7698981779664936e-11
HFocusing_5_10_10um_0_33.npy,P0/data/dataset_Particles2SNR_F_c1/train/10um/HFocusing_5_10_10um_0_33.npy,10um,2044,16384,1,15,3,1776.4832763671875,3,peak_bin_energy_over_lowest_window_energy,9.581022205419997e-05,0.057993540886680905,0.057993620029911735,13.980600431978548,5.3636868686395914e-05,0.05755613986801088,0.05755616486024511,14.512115826925935,0.9945822215045083,5.3642308078871834e-12
HFocusing_5_10_10um_0_332.npy,P0/data/dataset_Particles2SNR_F_c1/train/10um/HFocusing_5_10_10um_0_332.npy,10um,2045,16384,1,15,4,1782.5595703125,3,peak_bin_energy_over_lowest_window_energy,2.2355064959240764e-05,0.047471686579967996,0.04747169184362027,12.50900932294998,1.4244839560783261e-05,0.046907735016671885,0.04690773717959287,13.199153209482699,0.9924721240854933,5.557676520317514e-12
HFocusing_5_10_10um_0_335.npy,P0/data/dataset_Particles2SNR_F_c1/train/10um/HFocusing_5_10_10um_0_335.npy,10um,2046,16384,1,15,3,2136.782958984375,3,peak_bin_energy_over_lowest_window_energy,-1.9008691364257956e-06,0.0434539577331838,0.043453957774760035,7.202023205644446,8.25679551605682e-06,0.04294981606286674,0.04294981685652174,7.487384674138001,0.9925579615376896,7.471929104466725e-12
HFocusing_5_10_10um_0_337.npy,P0/data/dataset_Particles2SNR_F_c1/train/10um/HFocusing_5_10_10um_0_337.npy,10um,2047,16384,6,15,4,2126.593017578125,3,peak_bin_energy_over_lowest_window_energy,6.560391551880103e-05,0.046932137560381636,0.046932183412454996,7.711640174877882,3.858425194941493e-05,0.04629904255421019,0.04629905863169428,8.169490034462573,0.990558665612292,7.1926239566713215e-12
HFocusing_5_10_10um_0_340.npy,P0/data/dataset_Particles2SNR_F_c1/train/10um/HFocusing_5_10_10um_0_340.npy,10um,2048,16384,11,15,9,2534.97021484375,3,peak_bin_energy_over_lowest_window_energy,2.6688630357520453e-05,0.10737529881127927,0.10737530212807087,27.18047471019166,1.5758424252721523e-05,0.103495741699797,0.10349574289949821,27.801017954051375,0.9710496646076139,1.900222671857818e-11
HFocusing_5_10_10um_0_342.npy,P0/data/dataset_Particles2SNR_F_c1/train/10um/HFocusing_5_10_10um_0_342.npy,10um,2049,16384,13,15,8,1916.2288818359375,3,peak_bin_energy_over_lowest_window_energy,-0.00011411067847286498,0.03222985235688977,0.0322300543622541,0.32091467596353374,-0.00010912670866677183,0.03105737681119259,0.03105756853056832,0.36653297447179956,0.9773909305775669,1.6080275964492987e-11
HFocusing_5_10_10um_0_343.npy,P0/data/dataset_Particles2SNR_F_c1/train/10um/HFocusing_5_10_10um_0_343.npy,10um,2050,16384,5,15,8,2062.886474609375,3,peak_bin_energy_over_lowest_window_energy,0.00017395129014185145,0.05345350928919321,0.053453792329274503,6.185977111969555,0.000146618898391518,0.052875414875780284,0.05287561815607693,6.419299148130735,0.9929286662929953,6.5654994246504535e-12
HFocusing_5_10_10um_0_346.npy,P0/data/dataset_Particles2SNR_F_c1/train/10um/HFocusing_5_10_10um_0_346.npy,10um,2051,16384,1,15,4,1946.7100830078125,3,peak_bin_energy_over_lowest_window_energy,-9.111088114095495e-05,0.04626496168777204,0.04626505140128645,13.780703193802172,-8.080733167473985e-05,0.04565221692570555,0.04565228844271148,14.581555135175662,0.9924611396195503,8.885483316180938e-12
HFocusing_5_10_10um_0_349.npy,P0/data/dataset_Particles2SNR_F_c1/train/10um/HFocusing_5_10_10um_0_349.npy,10um,2052,16384,0,15,0,1847.33642578125,3,peak_bin_energy_over_lowest_window_energy,-2.11884638390247e-05,0.02586034478842074,0.025860353468717314,-0.08852872955303237,-2.5092099502900565e-05,0.024862639863906466,0.024862652525741664,-0.07961307162962283,0.9751804839802625,1.026150196250133e-11
HFocusing_5_10_10um_0_35.npy,P0/data/dataset_Particles2SNR_F_c1/train/10um/HFocusing_5_10_10um_0_35.npy,10um,2053,16384,19,15,12,2985.521484375,3,peak_bin_energy_over_lowest_window_energy,-0.00018352349025222157,0.039317122162842645,0.03931755048371359,0.9335541448089675,-0.00013824512835073106,0.038229359456182624,0.03822960941659661,1.049053785153946,0.9809712819154196,1.1657977106581432e-11
HFocusing_5_10_10um_0_350.npy,P0/data/dataset_Particles2SNR_F_c1/train/10um/HFocusing_5_10_10um_0_350.npy,10um,2054,16384,3,15,4,1894.4046630859375,3,peak_bin_energy_over_lowest_window_energy,4.275584310762719e-05,0.042567855117132646,0.042567876589457876,7.516239645695071,4.2778664510185236e-05,0.04195581565562935,0.041955837464449336,7.99074335664729,0.9910851446374451,7.864283714272313e-12
HFocusing_5_10_10um_0_36.npy,P0/data/dataset_Particles2SNR_F_c1/train/10um/HFocusing_5_10_10um_0_36.npy,10um,2055,16384,1,15,2,2133.872314453125,3,peak_bin_energy_over_lowest_window_energy,0.00017302397117791184,0.05121371032256474,0.05121400259985717,10.38650464362646,0.00015044934921635685,0.05068314306322396,0.050683366361893384,10.860745636322111,0.9931092859041079,3.9785265677892805e-12
HFocusing_5_10_10um_0_361.npy,P0/data/dataset_Particles2SNR_F_c1/train/10um/HFocusing_5_10_10um_0_361.npy,10um,2056,16384,10,15,10,3582.757568359375,3,peak_bin_energy_over_lowest_window_energy,-7.763286914977429e-05,0.10820124915012842,0.1082012770003688,21.398859011587902,-4.439780675874683e-05,0.10521137006247532,0.10521137943011856,21.6541011587834,0.9798888063641874,4.198591289763501e-12
HFocusing_5_10_10um_0_364.npy,P0/data/dataset_Particles2SNR_F_c1/train/10um/HFocusing_5_10_10um_0_364.npy,10um,2057,16384,0,15,0,1817.35107421875,3,peak_bin_energy_over_lowest_window_energy,-9.351694897437337e-05,0.026965531203850743,0.026965693362596733,0.007892502699694326,-7.373193158912643e-05,0.026194428757641233,0.02619453252755006,-0.0032150364175200785,0.9810956089815652,9.811439682332713e-12
HFocusing_5_10_10um_0_371.npy,P0/data/dataset_Particles2SNR_F_c1/train/10um/HFocusing_5_10_10um_0_371.npy,10um,2058,16384,3,15,6,2140.501220703125,3,peak_bin_energy_over_lowest_window_energy,-1.261337861088896e-05,0.1569542608663494,0.1569542613731764,13.271209909443073,-1.6637789884968722e-05,0.15677165898444884,0.15677165986731267,13.338298987456913,0.9990723852154502,3.3036808615760675e-12
HFocusing_5_10_10um_0_374.npy,P0/data/dataset_Particles2SNR_F_c1/train/10um/HFocusing_5_10_10um_0_374.npy,10um,2059,16384,8,15,8,2324.579833984375,3,peak_bin_energy_over_lowest_window_energy,5.449959635569858e-05,0.24189308726541914,0.24189309340492068,19.08359173527629,3.1402002673546756e-05,0.24170749266293984,0.24170749470277267,19.20550199962469,0.9994564637248023,5.274034758379679e-12
HFocusing_5_10_10um_0_377.npy,P0/data/dataset_Particles2SNR_F_c1/train/10um/HFocusing_5_10_10um_0_377.npy,10um,2060,16384,5,15,5,1751.5096435546875,3,peak_bin_energy_over_lowest_window_energy,2.049134321657001e-06,0.029825433163422056,0.02982543323381418,0.8588730521694572,2.274224989487089e-06,0.028987107959009138,0.028987108048222923,0.9350769447490213,0.9795859618375977,1.3371399708580606e-11
HFocusing_5_10_10um_0_380.npy,P0/data/dataset_Particles2SNR_F_c1/train/10um/HFocusing_5_10_10um_0_380.npy,10um,2061,16384,11,15,6,2321.291015625,3,peak_bin_energy_over_lowest_window_energy,5.0931119269792614e-05,0.031206083419094217,0.03120612498113755,0.25206028693851,5.7177255435449795e-05,0.030013950885047373,0.030014005346980517,0.23846365324780106,0.974563457729695,9.087172307693758e-12
HFocusing_5_10_10um_0_381.npy,P0/data/dataset_Particles2SNR_F_c1/train/10um/HFocusing_5_10_10um_0_381.npy,10um,2062,16384,6,15,7,1912.49169921875,3,peak_bin_energy_over_lowest_window_energy,0.0001569729690632923,0.06276309559578337,0.06276329189325922,12.142965341463505,0.00012885063873527375,0.062295647387577396,0.06229578064302976,12.462153218250949,0.9947674028609432,4.6913013898859815e-12
HFocusing_5_10_10um_0_383.npy,P0/data/dataset_Particles2SNR_F_c1/train/10um/HFocusing_5_10_10um_0_383.npy,10um,2063,16384,3,15,1,1862.4046630859375,3,peak_bin_energy_over_lowest_window_energy,-2.02605053119358e-05,0.03546111402137835,0.03546111980923997,5.859053286374989,-5.727304544248172e-06,0.034533546725291804,0.034533547200221545,6.341516807630764,0.9793735117558899,1.1903205008973607e-11
HFocusing_5_10_10um_0_386.npy,P0/data/dataset_Particles2SNR_F_c1/train/10um/HFocusing_5_10_10um_0_386.npy,10um,2064,16384,5,15,3,1669.9365234375,3,peak_bin_energy_over_lowest_window_energy,6.597789800536349e-05,0.028366390955912025,0.02836646768539701,0.13593690096812505,4.8608215239285006e-05,0.027329167188107125,0.027329210415855412,0.11181824313720012,0.9782000128143917,1.2294661107424674e-11
HFocusing_5_10_10um_0_387.npy,P0/data/dataset_Particles2SNR_F_c1/train/10um/HFocusing_5_10_10um_0_387.npy,10um,2065,16384,4,15,7,2129.060791015625,3,peak_bin_energy_over_lowest_window_energy,0.0004518889018006076,0.07333861654852288,0.07334000873214323,8.58342797504112,0.0003630083761381305,0.07306457449730719,0.07306547626310048,9.023995951929761,0.991961121384407,4.233597385521622e-12
HFocusing_5_10_10um_0_39.npy,P0/data/dataset_Particles2SNR_F_c1/train/10um/HFocusing_5_10_10um_0_39.npy,10um,2066,16384,0,15,0,1744.1055908203125,3,peak_bin_energy_over_lowest_window_energy,-0.00010030224946026649,0.027049402284635787,0.027049588250051174,-0.02338662223530452,-7.027045941132237e-05,0.025948231965857847,0.025948327115469946,-0.08742635123162046,0.9776782327062701,1.1113844752568635e-11
HFocusing_5_10_10um_0_390.npy,P0/data/dataset_Particles2SNR_F_c1/train/10um/HFocusing_5_10_10um_0_390.npy,10um,2067,16384,0,15,0,1849.2705078125,3,peak_bin_energy_over_lowest_window_energy,-3.942168655417268e-05,0.027235377311938758,0.027235405842267878,0.07406370212450986,-4.214972129397468e-05,0.026217011660706467,0.02621704554324579,0.062127822016982304,0.9757778937707567,1.3123034671578027e-11
HFocusing_5_10_10um_0_395.npy,P0/data/dataset_Particles2SNR_F_c1/train/10um/HFocusing_5_10_10um_0_395.npy,10um,2068,16384,7,15,7,2367.856689453125,3,peak_bin_energy_over_lowest_window_energy,5.8550560014644636e-05,0.0525300767359914,0.05253010936650735,10.953220806161426,4.601480039932241e-05,0.05191065403898555,0.05191067443327145,11.498192810526504,0.9923258313959396,1.4247031134831817e-11
HFocusing_5_10_10um_0_399.npy,P0/data/dataset_Particles2SNR_F_c1/train/10um/HFocusing_5_10_10um_0_399.npy,10um,2069,16384,1,15,3,1911.0003662109375,3,peak_bin_energy_over_lowest_window_energy,6.41879932666278e-06,0.04742763582206186,0.04742763625641816,9.631851119568076,-1.1343216109374234e-05,0.04683966920888766,0.04683967058238742,10.155486809674816,0.9924308127943372,1.0434654049544856e-11
HFocusing_5_10_10um_0_4.npy,P0/data/dataset_Particles2SNR_F_c1/train/10um/HFocusing_5_10_10um_0_4.npy,10um,2070,16384,0,15,0,2031.158203125,3,peak_bin_energy_over_lowest_window_energy,7.255329391162164e-05,0.027915800831616423,0.027915895114628393,-0.016021493245041096,6.846132601177267e-05,0.026936759769775092,0.026936846768835676,-0.03964942467866184,0.9776944434724517,1.0158170143569812e-11
HFocusing_5_10_10um_0_40.npy,P0/data/dataset_Particles2SNR_F_c1/train/10um/HFocusing_5_10_10um_0_40.npy,10um,2071,16384,16,15,13,5201.03857421875,3,peak_bin_energy_over_lowest_window_energy,-1.9795976926228318e-05,0.09771213517144524,0.09771213717672687,21.001595700976903,7.386084387479521e-06,0.09712362606064806,0.09712362634149756,21.491354803801745,0.9959238873816916,5.308164628805422e-12
HFocusing_5_10_10um_0_402.npy,P0/data/dataset_Particles2SNR_F_c1/train/10um/HFocusing_5_10_10um_0_402.npy,10um,2072,16384,7,15,3,1815.8798828125,3,peak_bin_energy_over_lowest_window_energy,3.809216500900182e-05,0.028932038258275467,0.028932063334497084,-0.1762477101137785,7.812732147024311e-06,0.027749510512701588,0.027749511612518863,-0.1389548131963414,0.9752977955233717,1.1716524166483987e-11
HFocusing_5_10_10um_0_403.npy,P0/data/dataset_Particles2SNR_F_c1/train/10um/HFocusing_5_10_10um_0_403.npy,10um,2073,16384,5,15,5,2088.167236328125,3,peak_bin_energy_over_lowest_window_energy,-1.753303965061925e-05,0.039923373967265315,0.03992337781723382,2.280963294409598,6.854030041233809e-06,0.03799694757269562,0.03799694819087327,2.2516223648623566,0.98566081643626,8.005409190543748e-12
HFocusing_5_10_10um_0_406.npy,P0/data/dataset_Particles2SNR_F_c1/train/10um/HFocusing_5_10_10um_0_406.npy,10um,2074,16384,11,15,11,2817.026123046875,3,peak_bin_energy_over_lowest_window_energy,-8.712083370124134e-05,0.10289570637065039,0.10289574325284194,33.573489257573236,-6.375640525775493e-05,0.09976148163802079,0.09976150201100809,33.74247285281917,0.9742038237589964,5.453897071425536e-12
HFocusing_5_10_10um_0_410.npy,P0/data/dataset_Particles2SNR_F_c1/train/10um/HFocusing_5_10_10um_0_410.npy,10um,2075,16384,2,15,3,1874.4549560546875,3,peak_bin_energy_over_lowest_window_energy,2.0383205587698644e-05,0.08003070792378097,0.08003071051950375,10.665499361229255,6.4168869589302665e-06,0.07965118584332125,0.079651186101801,10.859281060805099,0.9973253152328494,7.433631828256936e-12
HFocusing_5_10_10um_0_413.npy,P0/data/dataset_Particles2SNR_F_c1/train/10um/HFocusing_5_10_10um_0_413.npy,10um,2076,16384,2,15,3,2065.40087890625,3,peak_bin_energy_over_lowest_window_energy,-3.654380175963182e-05,0.05017777189025956,0.05017778519743941,14.59869690738035,-3.4206432815868246e-05,0.04962339496056097,0.04962340675016049,15.256594448518435,0.9923320518563923,5.0670652589148896e-12
HFocusing_5_10_10um_0_416.npy,P0/data/dataset_Particles2SNR_F_c1/train/10um/HFocusing_5_10_10um_0_416.npy,10um,2077,16384,1,15,4,1935.6632080078125,3,peak_bin_energy_over_lowest_window_energy,3.1425128778043925e-06,0.040310345934971833,0.0403103460574638,5.989740385312427,-1.4034930835124429e-06,0.03961773485311083,0.039617734877970816,6.405256991477387,0.9887680479788116,1.1779005629818906e-11
HFocusing_5_10_10um_0_419.npy,P0/data/dataset_Particles2SNR_F_c1/train/10um/HFocusing_5_10_10um_0_419.npy,10um,2078,16384,7,15,7,1807.41015625,3,peak_bin_energy_over_lowest_window_energy,-0.00010100171614039823,0.09407328305929571,0.0940733372794919,59.85774575923151,-5.712517304809075e-05,0.08931039051505825,0.08931040878440544,64.1221330592258,0.9649594541043538,2.3970678367790587e-12
HFocusing_5_10_10um_0_42.npy,P0/data/dataset_Particles2SNR_F_c1/train/10um/HFocusing_5_10_10um_0_42.npy,10um,2079,16384,11,15,7,2240.012939453125,3,peak_bin_energy_over_lowest_window_energy,6.303448275610685e-05,0.036687321057342064,0.03668737520878962,1.0542141223577293,5.804432094830846e-05,0.0353964659339698,0.03539651352545726,1.1001751678846388,0.9785474783686621,1.360948855877811e-11
HFocusing_5_10_10um_0_420.npy,P0/data/dataset_Particles2SNR_F_c1/train/10um/HFocusing_5_10_10um_0_420.npy,10um,2080,16384,1,15,1,1933.6536865234375,3,peak_bin_energy_over_lowest_window_energy,-0.0005882659903815191,0.06922716980759806,0.06922966919208451,26.915461106348776,-0.0005050803604423244,0.0688977716962688,0.06889962300972105,27.29442191415388,0.9926474650091459,7.672779703581569e-12
HFocusing_5_10_10um_0_423.npy,P0/data/dataset_Particles2SNR_F_c1/train/10um/HFocusing_5_10_10um_0_423.npy,10um,2081,16384,0,15,0,1951.50048828125,3,peak_bin_energy_over_lowest_window_energy,-7.914641381057537e-05,0.027331955092465453,0.027332069686201364,-0.0977926748340745,-4.21224462498932e-05,0.026172037005198514,0.026172070902050506,-0.16108716192416628,0.9730895374653782,9.267681200579042e-12
HFocusing_5_10_10um_0_424.npy,P0/data/dataset_Particles2SNR_F_c1/train/10um/HFocusing_5_10_10um_0_424.npy,10um,2082,16384,5,15,6,1666.4495849609375,3,peak_bin_energy_over_lowest_window_energy,3.757919263518381e-05,0.045986428945598457,0.04598644430007929,8.077934138160344,6.161964008225615e-05,0.045365775034582535,0.04536581688307174,8.539026732400579,0.9914280272816127,1.0747186923731233e-11
HFocusing_5_10_10um_0_427.npy,P0/data/dataset_Particles2SNR_F_c1/train/10um/HFocusing_5_10_10um_0_427.npy,10um,2083,16384,2,15,3,1871.3309326171875,3,peak_bin_energy_over_lowest_window_energy,-0.0001430955814921261,0.04267522497595649,0.04267546488433305,11.056077034066421,-0.00012720585651974407,0.04208788853990126,0.042088080772079456,11.733240864325738,0.9913808353229242,6.913893324885246e-12
HFocusing_5_10_10um_0_43.npy,P0/data/dataset_Particles2SNR_F_c1/train/10um/HFocusing_5_10_10um_0_43.npy,10um,2084,16384,13,15,9,1816.7906494140625,3,peak_bin_energy_over_lowest_window_energy,-1.3627492191918593e-05,0.1158048235152381,0.11580482431705506,16.241089014779707,-1.3917415091028226e-05,0.11539279345793219,0.11539279429721527,16.497260295990994,0.9977711920362523,6.884975133130869e-12
HFocusing_5_10_10um_0_430.npy,P0/data/dataset_Particles2SNR_F_c1/train/10um/HFocusing_5_10_10um_0_430.npy,10um,2085,16384,5,15,7,2264.004150390625,3,peak_bin_energy_over_lowest_window_energy,-1.3205583156436653e-05,0.0986831736753904,0.09868317455896264,13.155264454882595,-1.874133050128956e-05,0.09836470319253464,0.09836470497791829,13.332479501035994,0.9978730879794723,6.04459282203991e-12
HFocusing_5_10_10um_0_436.npy,P0/data/dataset_Particles2SNR_F_c1/train/10um/HFocusing_5_10_10um_0_436.npy,10um,2086,16384,5,15,6,2166.31689453125,3,peak_bin_energy_over_lowest_window_energy,-0.00010945494852660542,0.07552119857377013,0.07552127789176091,15.645360060847707,-7.96383676534382e-05,0.07512412537500475,0.07512416758692929,15.991042905232018,0.9963648476354929,4.711475027060268e-12
HFocusing_5_10_10um_0_439.npy,P0/data/dataset_Particles2SNR_F_c1/train/10um/HFocusing_5_10_10um_0_439.npy,10um,2087,16384,1,15,4,2126.28271484375,3,peak_bin_energy_over_lowest_window_energy,-1.7513315500773273e-05,0.040138847990082556,0.040138851810772744,2.7630212624855606,-1.4082575334519675e-05,0.03933834528852927,0.03933834780921132,2.9790618733190684,0.987508192798386,8.102484121006553e-12
HFocusing_5_10_10um_0_443.npy,P0/data/dataset_Particles2SNR_F_c1/train/10um/HFocusing_5_10_10um_0_443.npy,10um,2088,16384,3,15,6,2133.4990234375,3,peak_bin_energy_over_lowest_window_energy,-5.01446343861373e-05,0.05237337525788863,0.05237339926325175,3.4078085305507653,-3.849323487354109e-05,0.044730169793570966,0.04473018635654025,2.708634820921551,0.9153626287348348,4.4010115444701786e-12
HFocusing_5_10_10um_0_446.npy,P0/data/dataset_Particles2SNR_F_c1/train/10um/HFocusing_5_10_10um_0_446.npy,10um,2089,16384,6,15,4,1725.0904541015625,3,peak_bin_energy_over_lowest_window_energy,4.865259212896089e-05,0.07996562195396562,0.07996563675454144,62.70835791751155,3.2890806409541064e-05,0.0759356165859298,0.07593562370910299,68.34285896964876,0.9572135655465398,4.468648674469641e-12
HFocusing_5_10_10um_0_447.npy,P0/data/dataset_Particles2SNR_F_c1/train/10um/HFocusing_5_10_10um_0_447.npy,10um,2090,16384,4,15,6,2273.388427734375,3,peak_bin_energy_over_lowest_window_energy,-0.00021354748727674166,0.11359747409749758,0.11359767481714121,33.903942210195225,-0.00018923201941665885,0.109202541287673,0.10920270524324523,34.66932425487513,0.9749938555354133,1.0040294177930728e-11
HFocusing_5_10_10um_0_450.npy,P0/data/dataset_Particles2SNR_F_c1/train/10um/HFocusing_5_10_10um_0_450.npy,10um,2091,16384,4,15,5,2124.650634765625,3,peak_bin_energy_over_lowest_window_energy,-5.9936577298082714e-05,0.05619773350797844,0.05619776547005281,9.713128709780356,-2.4606504417429166e-05,0.05565465245379926,0.05565465789341664,10.142966555424364,0.9939271205987319,3.790457181424931e-12
HFocusing_5_10_10um_0_453.npy,P0/data/dataset_Particles2SNR_F_c1/train/10um/HFocusing_5_10_10um_0_453.npy,10um,2092,16384,6,15,6,2299.309814453125,3,peak_bin_energy_over_lowest_window_energy,-9.661415223039419e-05,0.09921009824932868,0.09921014529238359,58.25083497133521,-7.446133732751499e-05,0.09471085356798332,0.09471088283859852,61.504086766785335,0.969474986757168,4.431822793918697e-12
HFocusing_5_10_10um_0_454.npy,P0/data/dataset_Particles2SNR_F_c1/train/10um/HFocusing_5_10_10um_0_454.npy,10um,2093,16384,9,15,10,2698.44970703125,3,peak_bin_energy_over_lowest_window_energy,-5.2201035828563624e-05,0.12666871302805421,0.12666872378425423,22.589826165789635,-4.7074087582495926e-05,0.12301147579620582,0.12301148480337212,22.449194144442856,0.9776068568657511,6.477519253338969e-12
HFocusing_5_10_10um_0_457.npy,P0/data/dataset_Particles2SNR_F_c1/train/10um/HFocusing_5_10_10um_0_457.npy,10um,2094,16384,2,15,2,1782.1165771484375,3,peak_bin_energy_over_lowest_window_energy,8.034316976975236e-05,0.027693269754896492,0.02769338629966356,0.04184085867003917,6.771539638137058e-05,0.026529791553455338,0.0265298779726688,0.042827487737592485,0.9743853676716019,1.5366073952065297e-11
HFocusing_5_10_10um_0_458.npy,P0/data/dataset_Particles2SNR_F_c1/train/10um/HFocusing_5_10_10um_0_458.npy,10um,2095,16384,1,15,1,2015.3115234375,3,peak_bin_energy_over_lowest_window_energy,7.825199704945735e-05,0.05712953131977284,0.05712958491177709,22.05370450230007,4.472167138509816e-05,0.05599736199075325,0.05599737984898355,22.917279706721793,0.98755150677452,9.157115389541596e-12
HFocusing_5_10_10um_0_46.npy,P0/data/dataset_Particles2SNR_F_c1/train/10um/HFocusing_5_10_10um_0_46.npy,10um,2096,16384,3,15,4,2032.55078125,3,peak_bin_energy_over_lowest_window_energy,-6.935789809227547e-05,0.042521489413820966,0.04252154597951157,9.843201210378355,-6.57242640094144e-05,0.04187383254879018,0.04187388412845171,10.44163626679948,0.9896340743421452,1.093934186133512e-11
HFocusing_5_10_10um_0_461.npy,P0/data/dataset_Particles2SNR_F_c1/train/10um/HFocusing_5_10_10um_0_461.npy,10um,2097,16384,2,15,2,2106.715087890625,3,peak_bin_energy_over_lowest_window_energy,-2.3885736339631724e-05,0.04714478708396872,0.04714479313477942,8.768959818898496,-2.3980663840677738e-05,0.046566829491062944,0.04656683566576075,9.166423782646747,0.9916477145808897,1.2149059526123289e-11
HFocusing_5_10_10um_0_464.npy,P0/data/dataset_Particles2SNR_F_c1/train/10um/HFocusing_5_10_10um_0_464.npy,10um,2098,16384,0,15,0,1593.69775390625,3,peak_bin_energy_over_lowest_window_energy,-0.00012146250563709213,0.026868206316912106,0.02686848086193991,0.061705852268279404,-0.00010243395417832118,0.02574724794816308,0.02574745171117244,0.013306855023705655,0.9747192558736463,1.3405055324379532e-11
HFocusing_5_10_10um_0_474.npy,P0/data/dataset_Particles2SNR_F_c1/train/10um/HFocusing_5_10_10um_0_474.npy,10um,2099,16384,0,15,0,1962.36181640625,3,peak_bin_energy_over_lowest_window_energy,5.0797755703317166e-05,0.02713877639539651,0.027138823936407326,-0.03658331859148234,4.714171028365798e-05,0.026073086026598215,0.026073128644089484,-0.07001111054938569,0.9742709643170625,1.235670748844673e-11
HFocusing_5_10_10um_0_475.npy,P0/data/dataset_Particles2SNR_F_c1/train/10um/HFocusing_5_10_10um_0_475.npy,10um,2100,16384,1,15,4,1885.99755859375,3,peak_bin_energy_over_lowest_window_energy,1.6617995162258447e-06,0.06199736126902083,0.06199736129129257,10.043128032749085,1.594478766208323e-05,0.061562865562947634,0.06156286762779831,10.322595621653154,0.9951643644137996,3.1649673185696313e-12
HFocusing_5_10_10um_0_478.npy,P0/data/dataset_Particles2SNR_F_c1/train/10um/HFocusing_5_10_10um_0_478.npy,10um,2101,16384,4,15,2,1761.6611328125,3,peak_bin_energy_over_lowest_window_energy,-0.00012432018052341797,0.027267948958852234,0.02726823235799959,0.47079866237877566,-0.00010945687229742086,0.026055385471274697,0.026055615380635434,0.5239026785695331,0.9723459580483039,1.3033054037869131e-11
HFocusing_5_10_10um_0_479.npy,P0/data/dataset_Particles2SNR_F_c1/train/10um/HFocusing_5_10_10um_0_479.npy,10um,2102,16384,8,15,7,1967.2525634765625,3,peak_bin_energy_over_lowest_window_energy,-6.1356501306463e-06,0.16015727747662217,0.16015727759415102,16.942125293552955,-2.7702072192907617e-05,0.15806750998767408,0.1580675124151331,17.630885209135265,0.9894326153333651,3.6278311602732845e-12
HFocusing_5_10_10um_0_482.npy,P0/data/dataset_Particles2SNR_F_c1/train/10um/HFocusing_5_10_10um_0_482.npy,10um,2103,16384,3,15,8,2070.43359375,3,peak_bin_energy_over_lowest_window_energy,-6.235708136770665e-05,0.17048415451887622,0.17048416592288465,14.253669289615246,-4.639882820971335e-05,0.17023267834627961,0.17023268466954034,14.318245592693401,0.9988886985496193,4.766515495464577e-12
HFocusing_5_10_10um_0_485.npy,P0/data/dataset_Particles2SNR_F_c1/train/10um/HFocusing_5_10_10um_0_485.npy,10um,2104,16384,6,15,5,1953.5166015625,3,peak_bin_energy_over_lowest_window_energy,9.431548044024645e-05,0.0921584067802272,0.09215845504173599,55.46610621387039,7.102265135880181e-05,0.0873254290060607,0.08732545788777493,59.5297185322775,0.9653076189871788,8.917399169603262e-12
HFocusing_5_10_10um_0_486.npy,P0/data/dataset_Particles2SNR_F_c1/train/10um/HFocusing_5_10_10um_0_486.npy,10um,2105,16384,7,15,6,2228.809326171875,3,peak_bin_energy_over_lowest_window_energy,-2.4382861371555217e-05,0.08916788668223566,0.08916789001596902,37.238449254081615,-1.1229689802645333e-05,0.08521374578449502,0.08521374652443392,38.90139408963063,0.9664052571929093,5.001571580196392e-12
HFocusing_5_10_10um_0_488.npy,P0/data/dataset_Particles2SNR_F_c1/train/10um/HFocusing_5_10_10um_0_488.npy,10um,2106,16384,12,15,11,2420.715576171875,3,peak_bin_energy_over_lowest_window_energy,-2.0279892084465665e-06,0.10581379106153678,0.10581379108097064,38.478905260923746,7.2432317649696545e-06,0.10198093720172567,0.1019809374589522,39.65477576762141,0.9691737844553031,5.018704159754179e-12
HFocusing_5_10_10um_0_49.npy,P0/data/dataset_Particles2SNR_F_c1/train/10um/HFocusing_5_10_10um_0_49.npy,10um,2107,16384,20,15,13,4536.4375,3,peak_bin_energy_over_lowest_window_energy,5.0927040900598855e-05,0.044727008947249486,0.044727037940498926,0.127128976029093,3.7689681711947497e-05,0.0432241090283264,0.0432241254602653,0.1385205435281387,0.9790588590154718,1.8193107985620245e-11
HFocusing_5_10_10um_0_491.npy,P0/data/dataset_Particles2SNR_F_c1/train/10um/HFocusing_5_10_10um_0_491.npy,10um,2108,16384,8,15,7,2406.866943359375,3,peak_bin_energy_over_lowest_window_energy,9.638409412572165e-05,0.05357405890429953,0.053574145605645974,6.217886243668337,7.779178587754632e-05,0.05285472676379234,0.05285478401088303,6.520637669546881,0.9919007805219061,9.637953911872386e-12
HFocusing_5_10_10um_0_494.npy,P0/data/dataset_Particles2SNR_F_c1/train/10um/HFocusing_5_10_10um_0_494.npy,10um,2109,16384,5,15,6,1876.6463623046875,3,peak_bin_energy_over_lowest_window_energy,7.835438382865328e-05,0.0824083113282259,0.08240834857815846,57.12014680301772,4.671633355178677e-05,0.0784365969898282,0.07843661090180114,60.96552763811674,0.9627420630126236,3.4586709998172945e-12
HFocusing_5_10_10um_0_495.npy,P0/data/dataset_Particles2SNR_F_c1/train/10um/HFocusing_5_10_10um_0_495.npy,10um,2110,16384,8,15,6,2088.5361328125,3,peak_bin_energy_over_lowest_window_energy,0.00014871793543356872,0.13097896434600712,0.13097904877566074,14.953837396998033,9.26501656613631e-05,0.11776231283710144,0.11776234928361672,19.32145759433197,0.9422757348233158,5.8685463036981185e-12
HFocusing_5_10_10um_0_498.npy,P0/data/dataset_Particles2SNR_F_c1/train/10um/HFocusing_5_10_10um_0_498.npy,10um,2111,16384,7,15,7,1988.7646484375,3,peak_bin_energy_over_lowest_window_energy,1.2807809322701461e-05,0.10348353542852536,0.1034835362211151,31.787474707052986,5.630266287769313e-06,0.09909830654632447,0.09909830670626615,32.74238559334906,0.9645861699620325,7.359195736510694e-12
HFocusing_5_10_10um_0_5.npy,P0/data/dataset_Particles2SNR_F_c1/train/10um/HFocusing_5_10_10um_0_5.npy,10um,2112,16384,7,15,6,1939.96240234375,3,peak_bin_energy_over_lowest_window_energy,-6.775814835156131e-06,0.048814021215104884,0.048814021685376185,10.381120608026507,-2.0823647672195478e-05,0.04816820781335954,0.048168212314505646,10.975969058864868,0.9920032818464253,8.941037802254182e-12
HFocusing_5_10_10um_0_501.npy,P0/data/dataset_Particles2SNR_F_c1/train/10um/HFocusing_5_10_10um_0_501.npy,10um,2113,16384,7,15,8,2157.302001953125,3,peak_bin_energy_over_lowest_window_energy,-6.944073355099137e-05,0.08535209056003597,0.08535211880781905,49.81288337820268,-5.6733325665011126e-05,0.08142729866237555,0.08142731842644672,52.326391051106995,0.9641890594002317,2.9381163916303587e-12
HFocusing_5_10_10um_0_504.npy,P0/data/dataset_Particles2SNR_F_c1/train/10um/HFocusing_5_10_10um_0_504.npy,10um,2114,16384,11,15,9,2656.183837890625,3,peak_bin_energy_over_lowest_window_energy,-0.0001784518159518709,0.10089703760486675,0.10089719541438458,50.3821234903484,-0.00014501737837134746,0.09583220865438591,0.09583231837755875,53.705846305484634,0.9602934713212051,5.150230710599057e-12
HFocusing_5_10_10um_0_510.npy,P0/data/dataset_Particles2SNR_F_c1/train/10um/HFocusing_5_10_10um_0_510.npy,10um,2115,16384,13,15,8,2255.965576171875,3,peak_bin_energy_over_lowest_window_energy,0.000193696332067304,0.04109384479301162,0.04109430128547247,3.961250005789519,0.00011904314545135766,0.03995479232585303,0.03995496966677015,3.9405911815478856,0.984320183043365,1.2768136890409342e-11
HFocusing_5_10_10um_0_512.npy,P0/data/dataset_Particles2SNR_F_c1/train/10um/HFocusing_5_10_10um_0_512.npy,10um,2116,16384,0,15,0,2007.7779541015625,3,peak_bin_energy_over_lowest_window_energy,-4.8568322562901384e-05,0.0263934735498358,0.026393518236639813,-0.061246835941180855,-3.383821844904385e-05,0.025275856718345934,0.025275879368903884,-0.08669378317293308,0.9713163974302934,1.278346644305328e-11
HFocusing_5_10_10um_0_513.npy,P0/data/dataset_Particles2SNR_F_c1/train/10um/HFocusing_5_10_10um_0_513.npy,10um,2117,16384,1,15,2,1768.9095458984375,3,peak_bin_energy_over_lowest_window_energy,7.80620972972126e-05,0.05528553342294404,0.05528558853399769,15.919259661869486,7.548422695806298e-05,0.054806637222631044,0.05480668920416199,16.48590099502354,0.9948880676657061,7.395657721633158e-12
HFocusing_5_10_10um_0_516.npy,P0/data/dataset_Particles2SNR_F_c1/train/10um/HFocusing_5_10_10um_0_516.npy,10um,2118,16384,6,15,3,1782.9449462890625,3,peak_bin_energy_over_lowest_window_energy,-4.551755851193211e-05,0.028030342545619497,0.028030379502834053,0.527368581779152,-4.617911532880674e-05,0.026933206916116163,0.026933246504961483,0.5058991106266761,0.9779019815082347,1.7545694014747237e-11
HFocusing_5_10_10um_0_517.npy,P0/data/dataset_Particles2SNR_F_c1/train/10um/HFocusing_5_10_10um_0_517.npy,10um,2119,16384,3,15,6,1954.81640625,3,peak_bin_energy_over_lowest_window_energy,-8.558020892334468e-05,0.04512167052816394,0.045121751686125144,3.170093864621454,-0.00010343016777520857,0.04397496869086696,0.043975090325800756,3.3649105339110372,0.9868729048854062,9.244508482552399e-12
HFocusing_5_10_10um_0_520.npy,P0/data/dataset_Particles2SNR_F_c1/train/10um/HFocusing_5_10_10um_0_520.npy,10um,2120,16384,12,15,12,3092.929931640625,3,peak_bin_energy_over_lowest_window_energy,0.00013333488834857144,0.09810570168040025,0.0981057922876939,26.9194535099421,9.790062835619381e-05,0.09516477818947942,0.09516482854703123,27.237328670931536,0.9811174902530128,2.5856578645066898e-11
HFocusing_5_10_10um_0_522.npy,P0/data/dataset_Particles2SNR_F_c1/train/10um/HFocusing_5_10_10um_0_522.npy,10um,2121,16384,0,15,0,1810.5609130859375,3,peak_bin_energy_over_lowest_window_energy,-7.722622415068953e-05,0.0277598087608286,0.027759916180123325,0.23843232749717957,-7.816769842038114e-05,0.02670913156114124,0.026709245944792744,0.3236286135727995,0.9723623925362737,9.830533900505082e-12
HFocusing_5_10_10um_0_523.npy,P0/data/dataset_Particles2SNR_F_c1/train/10um/HFocusing_5_10_10um_0_523.npy,10um,2122,16384,8,15,13,8316.5322265625,3,peak_bin_energy_over_lowest_window_energy,-0.0001066771101728052,0.10577489219800294,0.10577494599150111,23.040097863033587,-8.021136067190533e-05,0.10219842634570729,0.10219845782300895,23.17937131122036,0.9764970928465239,1.2863569836640707e-11
HFocusing_5_10_10um_0_529.npy,P0/data/dataset_Particles2SNR_F_c1/train/10um/HFocusing_5_10_10um_0_529.npy,10um,2123,16384,1,15,4,2048.885498046875,3,peak_bin_energy_over_lowest_window_energy,6.252094622985428e-05,0.04987360546339646,0.04987364465113059,12.425706945257957,5.277740386733793e-05,0.04935495554299001,0.049354983761570416,12.942839605523575,0.9939297993068138,9.183452425904273e-12
HFocusing_5_10_10um_0_532.npy,P0/data/dataset_Particles2SNR_F_c1/train/10um/HFocusing_5_10_10um_0_532.npy,10um,2124,16384,10,15,6,2085.798583984375,3,peak_bin_energy_over_lowest_window_energy,1.938570137358565e-05,0.034320422287466776,0.03432042776241963,2.021580090339386,2.4500225638328693e-05,0.03320862183481175,0.03320863087253963,2.0666970310741117,0.9796649738230587,1.3025694887969788e-11
HFocusing_5_10_10um_0_538.npy,P0/data/dataset_Particles2SNR_F_c1/train/10um/HFocusing_5_10_10um_0_538.npy,10um,2125,16384,7,15,5,2025.1334228515625,3,peak_bin_energy_over_lowest_window_energy,-0.0001217750176741657,0.05872519831085787,0.058725324569597004,4.693395840868036,-8.673111334661061e-05,0.055966544933548266,0.055966612136924096,4.758997139558214,0.9890955939825419,4.970716513453531e-12
HFocusing_5_10_10um_0_542.npy,P0/data/dataset_Particles2SNR_F_c1/train/10um/HFocusing_5_10_10um_0_542.npy,10um,2126,16384,1,15,5,2222.588134765625,3,peak_bin_energy_over_lowest_window_energy,-0.00011606735058702394,0.045982270679200694,0.04598241716618595,4.877410201726637,-0.0001009995905884803,0.045246471836072916,0.045246584562040025,4.992138461320953,0.9918506370498297,7.242110751738505e-12
HFocusing_5_10_10um_0_548.npy,P0/data/dataset_Particles2SNR_F_c1/train/10um/HFocusing_5_10_10um_0_548.npy,10um,2127,16384,9,15,9,2287.444580078125,3,peak_bin_energy_over_lowest_window_energy,-4.3625977742315866e-05,0.10308127248560874,0.10308128171728487,60.26146549634929,-7.858584902455901e-05,0.09763387390337833,0.09763390553038657,65.44747248995245,0.9575445281837035,2.550770988911027e-11
HFocusing_5_10_10um_0_55.npy,P0/data/dataset_Particles2SNR_F_c1/train/10um/HFocusing_5_10_10um_0_55.npy,10um,2128,16384,6,15,5,2225.083984375,3,peak_bin_energy_over_lowest_window_energy,-0.00011679660805007604,0.06604973070786334,0.06604983397427217,12.032715322488006,-9.697799644649879e-05,0.06555384162958104,0.06555391336242243,12.334953485144396,0.9950885236170773,4.010077646582441e-12
HFocusing_5_10_10um_0_553.npy,P0/data/dataset_Particles2SNR_F_c1/train/10um/HFocusing_5_10_10um_0_553.npy,10um,2129,16384,0,15,0,1894.9112548828125,3,peak_bin_energy_over_lowest_window_energy,-3.0019199253970628e-05,0.026816458144010305,0.026816474946229987,-0.05560400172589919,-2.6443157301303443e-05,0.025741030605207247,0.02574104418742146,-0.008582147156982689,0.9754974406021899,1.232305149123422e-11
HFocusing_5_10_10um_0_554.npy,P0/data/dataset_Particles2SNR_F_c1/train/10um/HFocusing_5_10_10um_0_554.npy,10um,2130,16384,3,15,7,1836.9957275390625,3,peak_bin_energy_over_lowest_window_energy,-1.406449569946053e-05,0.05701820994272188,0.05701821167734348,2.204019077612884,-2.6720689712216825e-06,0.038340749538512325,0.03834074963162413,0.8639438926935279,0.7022867162036611,8.495553638364099e-12
HFocusing_5_10_10um_0_557.npy,P0/data/dataset_Particles2SNR_F_c1/train/10um/HFocusing_5_10_10um_0_557.npy,10um,2131,16384,3,15,5,2346.746337890625,3,peak_bin_energy_over_lowest_window_energy,3.5524809468845e-05,0.04722424829532631,0.04722426165723205,9.424247499519078,2.5820246840811795e-05,0.04669041272880318,0.04669041986822493,9.89610924295191,0.9941212353221922,9.921616435701515e-12
HFocusing_5_10_10um_0_560.npy,P0/data/dataset_Particles2SNR_F_c1/train/10um/HFocusing_5_10_10um_0_560.npy,10um,2132,16384,12,15,8,1890.69140625,3,peak_bin_energy_over_lowest_window_energy,-9.287277995609633e-06,0.041341225958912806,0.041341227002103104,3.8128241086664287,-2.0821307619136662e-05,0.04036776136331909,0.04036776673303502,4.290220292255719,0.9838767277189141,7.837397389059808e-12
HFocusing_5_10_10um_0_562.npy,P0/data/dataset_Particles2SNR_F_c1/train/10um/HFocusing_5_10_10um_0_562.npy,10um,2133,16384,0,15,0,1748.2552490234375,3,peak_bin_energy_over_lowest_window_energy,-7.02058929529537e-05,0.025464612221896728,0.025464709000477065,0.06379910322832627,-5.3182147393767595e-05,0.024574946750691013,0.024575004295830757,0.043321277407408765,0.977794002670694,1.148910288224013e-11
HFocusing_5_10_10um_0_563.npy,P0/data/dataset_Particles2SNR_F_c1/train/10um/HFocusing_5_10_10um_0_563.npy,10um,2134,16384,7,15,9,2398.732177734375,3,peak_bin_energy_over_lowest_window_energy,-1.2593586664972332e-05,0.04700995385309744,0.04700995553995745,5.37455051804719,-2.59283629021169e-05,0.04633967219129678,0.04633967944512399,5.6460961221701655,0.9909198555108395,6.270685340159801e-12
HFocusing_5_10_10um_0_569.npy,P0/data/dataset_Particles2SNR_F_c1/train/10um/HFocusing_5_10_10um_0_569.npy,10um,2135,16384,5,15,8,2361.789794921875,3,peak_bin_energy_over_lowest_window_energy,4.062511019959701e-05,0.08244080635623141,0.08244081636583438,15.818466404847925,2.6049395299773313e-05,0.08186829501949662,0.08186829916378091,16.220073478268233,0.9950563713597054,3.5534005990703836e-12
HFocusing_5_10_10um_0_572.npy,P0/data/dataset_Particles2SNR_F_c1/train/10um/HFocusing_5_10_10um_0_572.npy,10um,2136,16384,1,15,4,1801.2943115234375,3,peak_bin_energy_over_lowest_window_energy,-5.4363838646540886e-05,0.04960358188641626,0.049603611676866395,12.924321074736483,-3.920996736499195e-05,0.049081078184280445,0.04908109384633751,13.391797384023587,0.993018244380015,7.74820283137833e-12
HFocusing_5_10_10um_0_574.npy,P0/data/dataset_Particles2SNR_F_c1/train/10um/HFocusing_5_10_10um_0_574.npy,10um,2137,16384,4,15,7,2082.572509765625,3,peak_bin_energy_over_lowest_window_energy,-5.954522643877039e-05,0.09851676471139913,0.0985167827064768,16.970781371224653,-4.613970659423462e-05,0.09817921043068699,0.0981792212724548,17.153518914507295,0.9976781799852517,5.171735557062739e-12
HFocusing_5_10_10um_0_577.npy,P0/data/dataset_Particles2SNR_F_c1/train/10um/HFocusing_5_10_10um_0_577.npy,10um,2138,16384,0,15,0,2001.1441650390625,3,peak_bin_energy_over_lowest_window_energy,1.8804498609937618e-06,0.027795504322751446,0.027795504386360505,0.0559798776705831,-1.4852048458264602e-05,0.026800926940351154,0.02680093105556939,0.03479442862780546,0.9784985163622834,1.224398938224851e-11
HFocusing_5_10_10um_0_578.npy,P0/data/dataset_Particles2SNR_F_c1/train/10um/HFocusing_5_10_10um_0_578.npy,10um,2139,16384,8,15,9,1927.0650634765625,3,peak_bin_energy_over_lowest_window_energy,-7.551572219642365e-05,0.11261132667970945,0.11261135199964761,42.2416958473538,-5.6710221483228626e-05,0.10809613797936654,0.10809615285524028,43.46766466695247,0.9683685399608456,3.0446312284177003e-12
HFocusing_5_10_10um_0_58.npy,P0/data/dataset_Particles2SNR_F_c1/train/10um/HFocusing_5_10_10um_0_58.npy,10um,2140,16384,0,15,0,1828.37646484375,3,peak_bin_energy_over_lowest_window_energy,-6.996467619315325e-05,0.026645474460769807,0.026645566315907997,0.10455329262591428,-5.831222837421931e-05,0.025686034954938115,0.025686101144826955,0.14540981850494328,0.9791239760437707,1.1714738938574996e-11
HFocusing_5_10_10um_0_581.npy,P0/data/dataset_Particles2SNR_F_c1/train/10um/HFocusing_5_10_10um_0_581.npy,10um,2141,16384,5,15,9,2681.965087890625,3,peak_bin_energy_over_lowest_window_energy,-0.00015426997823760259,0.16998278046764748,0.16998285047244802,7.8519482686258915,-0.0001376258428424227,0.16886168004765845,0.16886173613163638,7.920834599939351,0.9987485430672575,2.8085900566384296e-12
HFocusing_5_10_10um_0_584.npy,P0/data/dataset_Particles2SNR_F_c1/train/10um/HFocusing_5_10_10um_0_584.npy,10um,2142,16384,2,15,3,1800.36279296875,3,peak_bin_energy_over_lowest_window_energy,6.79716537993934e-05,0.040707720948754016,0.04070777769649612,11.504114698886259,5.20856771742166e-05,0.040042261806102174,0.040042295681768744,12.146992080489548,0.9878438469622891,5.518308400578636e-12
HFocusing_5_10_10um_0_587.npy,P0/data/dataset_Particles2SNR_F_c1/train/10um/HFocusing_5_10_10um_0_587.npy,10um,2143,16384,11,15,7,1985.7684326171875,3,peak_bin_energy_over_lowest_window_energy,-5.743307862862315e-05,0.07841779770643509,0.07841781873838304,52.021816945027965,-1.6473433227055534e-05,0.07506678204414219,0.07506678385169269,53.91836043573175,0.9703054385135041,1.4316232630757105e-11
HFocusing_5_10_10um_0_588.npy,P0/data/dataset_Particles2SNR_F_c1/train/10um/HFocusing_5_10_10um_0_588.npy,10um,2144,16384,7,15,7,2296.285888671875,3,peak_bin_energy_over_lowest_window_energy,0.0004228798789289956,0.11358570499073012,0.11358649217945406,17.59492436546899,0.0003439206630585468,0.1133151713550597,0.11331569326730088,17.75134003618489,0.9985059256261825,8.061167979120732e-12
HFocusing_5_10_10um_0_59.npy,P0/data/dataset_Particles2SNR_F_c1/train/10um/HFocusing_5_10_10um_0_59.npy,10um,2145,16384,3,15,2,2043.4771728515625,3,peak_bin_energy_over_lowest_window_energy,-8.845989275683257e-05,0.07611230741087757,0.07611235881616439,22.24346540300123,-7.001562402220292e-05,0.07566674715428476,0.07566677954755355,22.65285903623911,0.9966305001336024,3.0741040269204196e-12
HFocusing_5_10_10um_0_594.npy,P0/data/dataset_Particles2SNR_F_c1/train/10um/HFocusing_5_10_10um_0_594.npy,10um,2146,16384,0,15,0,1819.6109619140625,3,peak_bin_energy_over_lowest_window_energy,5.1742518878632505e-05,0.026040132220731555,0.02604018362764444,-0.0827822962943423,4.1016840429938365e-05,0.024889474447883878,0.024889508244902374,-0.06007730473255046,0.9684701732507748,1.1851032286979776e-11
HFocusing_5_10_10um_0_595.npy,P0/data/dataset_Particles2SNR_F_c1/train/10um/HFocusing_5_10_10um_0_595.npy,10um,2147,16384,3,15,5,2490.87109375,3,peak_bin_energy_over_lowest_window_energy,-6.460117698026409e-05,0.04490308012128022,0.044903126591476654,4.016879049423452,-3.7154267648569246e-05,0.04401185477375892,0.0440118704563445,4.333494047552951,0.9874245109521543,7.819910391377347e-12
HFocusing_5_10_10um_0_598.npy,P0/data/dataset_Particles2SNR_F_c1/train/10um/HFocusing_5_10_10um_0_598.npy,10um,2148,16384,1,15,1,1949.3096923828125,3,peak_bin_energy_over_lowest_window_energy,0.00018063529206868028,0.03420283643452123,0.03420331342538839,1.5802589097241633,0.00017519148634494326,0.03042483114783147,0.030425335535223665,0.8743786270021459,0.9257982813990178,7.994347743207793e-12
HFocusing_5_10_10um_0_601.npy,P0/data/dataset_Particles2SNR_F_c1/train/10um/HFocusing_5_10_10um_0_601.npy,10um,2149,16384,3,15,5,2031.6854248046875,3,peak_bin_energy_over_lowest_window_energy,-6.103542310987027e-05,0.04522535140087171,0.04522539258707659,7.353910145480784,-4.4467896061223064e-05,0.04457266863006185,0.04457269081174122,7.8123273998517195,0.9909803141670743,9.06617440663548e-12
HFocusing_5_10_10um_0_604.npy,P0/data/dataset_Particles2SNR_F_c1/train/10um/HFocusing_5_10_10um_0_604.npy,10um,2150,16384,3,15,5,1795.7052001953125,3,peak_bin_energy_over_lowest_window_energy,-3.4700102387163726e-05,0.04753876309515026,0.04753877575952,5.5266241981141295,-3.314641256701202e-05,0.046939467983413606,0.04693947968661963,5.802860746774444,0.992338972167401,6.3455631339241564e-12
HFocusing_5_10_10um_0_607.npy,P0/data/dataset_Particles2SNR_F_c1/train/10um/HFocusing_5_10_10um_0_607.npy,10um,2151,16384,1,15,2,1946.4290771484375,3,peak_bin_energy_over_lowest_window_energy,2.2682267558322378e-05,0.03827944509126611,0.038279451811389864,3.1517739682326757,2.429005307874226e-05,0.037519606011948384,0.037519613874592475,3.3805147205109307,0.9885533743574015,1.0950461136807417e-11
HFocusing_5_10_10um_0_613.npy,P0/data/dataset_Particles2SNR_F_c1/train/10um/HFocusing_5_10_10um_0_613.npy,10um,2152,16384,5,15,5,1851.2188720703125,3,peak_bin_energy_over_lowest_window_energy,-8.760530846550143e-05,0.058040394830731735,0.05804046094576871,4.745198828160814,-8.607026240659761e-05,0.0575839425720738,0.05758400689630727,4.868210576093038,0.995142480780715,8.040788943473983e-12
HFocusing_5_10_10um_0_618.npy,P0/data/dataset_Particles2SNR_F_c1/train/10um/HFocusing_5_10_10um_0_618.npy,10um,2153,16384,0,15,0,1948.0048828125,3,peak_bin_energy_over_lowest_window_energy,3.6274672664036273e-05,0.02742138774027739,0.027421411733434004,0.06139485547453161,2.590051202384694e-05,0.02633217571888176,0.026332188456840978,0.09126872814417641,0.9742905987644033,9.821279608986093e-12
HFocusing_5_10_10um_0_619.npy,P0/data/dataset_Particles2SNR_F_c1/train/10um/HFocusing_5_10_10um_0_619.npy,10um,2154,16384,0,15,0,1939.212890625,3,peak_bin_energy_over_lowest_window_energy,0.00010910391391149158,0.028355050845068775,0.028355260748059895,-0.026937067745245624,5.465271718289234e-05,0.02597086613469767,0.025970923639830015,-0.13099636893334665,0.9179724627619568,1.0347393330710246e-11
HFocusing_5_10_10um_0_62.npy,P0/data/dataset_Particles2SNR_F_c1/train/10um/HFocusing_5_10_10um_0_62.npy,10um,2155,16384,0,15,0,1758.36962890625,3,peak_bin_energy_over_lowest_window_energy,4.830363236774095e-05,0.02679274626477153,0.026792789807135214,0.16523969367324698,4.6745054663955566e-05,0.025664472904294657,0.025664515474783663,0.12079318553288854,0.9734489409711188,1.2352720071061732e-11
HFocusing_5_10_10um_0_622.npy,P0/data/dataset_Particles2SNR_F_c1/train/10um/HFocusing_5_10_10um_0_622.npy,10um,2156,16384,4,15,5,1811.375,3,peak_bin_energy_over_lowest_window_energy,6.812173292519113e-05,0.04732563435752891,0.04732568338558902,9.71847052332287,7.36801417575292e-05,0.0467843031914125,0.04678436121044402,10.296703757284748,0.993142080746746,5.604071415084375e-12
HFocusing_5_10_10um_0_625.npy,P0/data/dataset_Particles2SNR_F_c1/train/10um/HFocusing_5_10_10um_0_625.npy,10um,2157,16384,0,15,0,1898.7630615234375,3,peak_bin_energy_over_lowest_window_energy,5.826373493951388e-05,0.02714630534738064,0.027146367872627745,0.1550334703115155,2.341520221273849e-05,0.02560079784099945,0.02560080854909502,0.20230784862165363,0.9443568978834314,1.0761247945021494e-11
HFocusing_5_10_10um_0_627.npy,P0/data/dataset_Particles2SNR_F_c1/train/10um/HFocusing_5_10_10um_0_627.npy,10um,2158,16384,0,15,0,1931.8460693359375,3,peak_bin_energy_over_lowest_window_energy,4.449083099658344e-05,0.027471918986140445,0.02747195501261435,-0.05286220821532783,2.5561348259420557e-05,0.026265748354824297,0.026265760792740806,-0.04520705527663749,0.9736674956446643,1.0096726887318108e-11
HFocusing_5_10_10um_0_628.npy,P0/data/dataset_Particles2SNR_F_c1/train/10um/HFocusing_5_10_10um_0_628.npy,10um,2159,16384,4,15,2,1919.77978515625,3,peak_bin_energy_over_lowest_window_energy,5.500464703465952e-05,0.046864367170998525,0.04686439945042889,9.14351131195186,3.880341018065987e-05,0.04612853178363819,0.046128548104387164,9.628581532828754,0.9903164581504205,7.695007191186992e-12
HFocusing_5_10_10um_0_63.npy,P0/data/dataset_Particles2SNR_F_c1/train/10um/HFocusing_5_10_10um_0_63.npy,10um,2160,16384,4,15,3,2024.26220703125,3,peak_bin_energy_over_lowest_window_energy,0.00012787941548796848,0.04354893761202205,0.04354912536757419,4.75313943268999,0.0001250423434987486,0.04291394896721338,0.04291413114054928,5.019136740564225,0.9890769252695275,9.881718813864718e-12
HFocusing_5_10_10um_0_631.npy,P0/data/dataset_Particles2SNR_F_c1/train/10um/HFocusing_5_10_10um_0_631.npy,10um,2161,16384,0,15,0,2188.880126953125,3,peak_bin_energy_over_lowest_window_energy,0.0001278040547859956,0.028296527451730887,0.028296816070063065,0.18850936572788557,0.00010151050607386533,0.027406500435449177,0.027406688426388173,0.193056404618289,0.9790393116413793,1.1069861188990873e-11
HFocusing_5_10_10um_0_634.npy,P0/data/dataset_Particles2SNR_F_c1/train/10um/HFocusing_5_10_10um_0_634.npy,10um,2162,16384,0,15,0,1699.2996826171875,3,peak_bin_energy_over_lowest_window_energy,-5.841098426236112e-05,0.025777233093755847,0.025777299273060085,0.09615085802397427,-5.030430213963621e-05,0.024781570623814406,0.02478162168030807,0.11283367060815053,0.9754018660383509,9.664775871304909e-12
HFocusing_5_10_10um_0_635.npy,P0/data/dataset_Particles2SNR_F_c1/train/10um/HFocusing_5_10_10um_0_635.npy,10um,2163,16384,2,15,1,1912.22314453125,3,peak_bin_energy_over_lowest_window_energy,-0.00020040574872541876,0.03227164287234365,0.03227226512261281,1.122237013511505,-0.0001344215887532374,0.03074226999034516,0.030742563870354074,1.092188265195472,0.9816917386180405,1.2582210125723218e-11
HFocusing_5_10_10um_0_638.npy,P0/data/dataset_Particles2SNR_F_c1/train/10um/HFocusing_5_10_10um_0_638.npy,10um,2164,16384,0,15,0,1836.0084228515625,3,peak_bin_energy_over_lowest_window_energy,-4.8835606355902896e-05,0.026779681626581557,0.026779726155013575,-0.07561795220926859,-4.8724350313199635e-05,0.02556334646756617,0.02556339290241304,-0.11958703299454632,0.9720756984258527,9.277637333629744e-12
HFocusing_5_10_10um_0_639.npy,P0/data/dataset_Particles2SNR_F_c1/train/10um/HFocusing_5_10_10um_0_639.npy,10um,2165,16384,8,15,9,2347.9404296875,3,peak_bin_energy_over_lowest_window_energy,6.791786242136698e-05,0.06711539400865739,0.06711542837361138,12.979355532936268,5.8221887095927325e-05,0.06668063534009395,0.06668066075817428,13.281379258175402,0.9963133428736718,8.521307459241939e-12
HFocusing_5_10_10um_0_641.npy,P0/data/dataset_Particles2SNR_F_c1/train/10um/HFocusing_5_10_10um_0_641.npy,10um,2166,16384,0,15,0,1831.9755859375,3,peak_bin_energy_over_lowest_window_energy,-7.087734220356227e-05,0.0261173027880665,0.026117398961634446,0.11246902353437438,-7.041282982831452e-05,0.025187570189644775,0.02518766861035151,0.10198694629706262,0.9766552163757061,1.0947122076516329e-11
HFocusing_5_10_10um_0_645.npy,P0/data/dataset_Particles2SNR_F_c1/train/10um/HFocusing_5_10_10um_0_645.npy,10um,2167,16384,5,15,5,2040.6676025390625,3,peak_bin_energy_over_lowest_window_energy,7.209464162759939e-05,0.050917498885056874,0.050917549924825715,9.10195335129088,5.039858091186512e-05,0.05040173639464924,0.050401761592355744,9.420091854092492,0.9942014199157108,7.919812814932045e-12
HFocusing_5_10_10um_0_647.npy,P0/data/dataset_Particles2SNR_F_c1/train/10um/HFocusing_5_10_10um_0_647.npy,10um,2168,16384,0,15,0,1873.3072509765625,3,peak_bin_energy_over_lowest_window_energy,9.477147106315282e-05,0.026754251143064414,0.026754418996829125,-0.1425667629310583,8.44866627535027e-05,0.025821212802465448,0.02582135102171048,-0.1087313373772667,0.9785674961966492,8.781045529747246e-12
HFocusing_5_10_10um_0_648.npy,P0/data/dataset_Particles2SNR_F_c1/train/10um/HFocusing_5_10_10um_0_648.npy,10um,2169,16384,10,15,9,2380.21240234375,3,peak_bin_energy_over_lowest_window_energy,9.352381816727775e-05,0.09137846957501922,0.0913785174347739,56.67709997747411,4.341611791752339e-05,0.08633108778889233,0.08633109870592827,62.1832330058939,0.9566604554508177,8.667560631873922e-12
HFocusing_5_10_10um_0_650.npy,P0/data/dataset_Particles2SNR_F_c1/train/10um/HFocusing_5_10_10um_0_650.npy,10um,2170,16384,6,15,5,2353.698974609375,3,peak_bin_energy_over_lowest_window_energy,-0.00043022742552345045,0.0698635708654124,0.06986489554636272,5.509406480438168,-0.00033887958097730483,0.06604421651616105,0.06604508592320828,5.967450452625982,0.9811182321120364,9.26035968865359e-12
HFocusing_5_10_10um_0_653.npy,P0/data/dataset_Particles2SNR_F_c1/train/10um/HFocusing_5_10_10um_0_653.npy,10um,2171,16384,3,15,4,2039.8717041015625,3,peak_bin_energy_over_lowest_window_energy,6.739855734210623e-05,0.034542659363128524,0.03454272511604524,1.641362887004874,5.7127274007057756e-05,0.03380885048963265,0.03380889875396371,1.7886730466405032,0.987848821244976,9.007062553809595e-12
HFocusing_5_10_10um_0_656.npy,P0/data/dataset_Particles2SNR_F_c1/train/10um/HFocusing_5_10_10um_0_656.npy,10um,2172,16384,4,15,6,2010.2486572265625,3,peak_bin_energy_over_lowest_window_energy,8.912632633862816e-06,0.0643155043926947,0.06431550501023647,35.35911877828754,1.4693166782515177e-05,0.06243915081200784,0.06243915254080415,34.89881316612162,0.9786658091170068,7.152731146948186e-12
HFocusing_5_10_10um_0_658.npy,P0/data/dataset_Particles2SNR_F_c1/train/10um/HFocusing_5_10_10um_0_658.npy,10um,2173,16384,1,15,4,2004.5218505859375,3,peak_bin_energy_over_lowest_window_energy,-4.776165366927441e-05,0.045562830713744354,0.04556285574703244,8.929951628181374,-2.6472962012982564e-05,0.04503914269932235,0.04503915047941778,9.307068108035887,0.993492309117456,6.905309738196812e-12
HFocusing_5_10_10um_0_66.npy,P0/data/dataset_Particles2SNR_F_c1/train/10um/HFocusing_5_10_10um_0_66.npy,10um,2174,16384,8,15,11,2814.592041015625,3,peak_bin_energy_over_lowest_window_energy,7.93504630833256e-05,0.08221646048037574,0.08221649877255281,19.001557676848506,7.20724673387969e-05,0.08178602579205241,0.08178605754833039,19.5111583408313,0.9965024474092459,3.994580035725814e-12
HFocusing_5_10_10um_0_660.npy,P0/data/dataset_Particles2SNR_F_c1/train/10um/HFocusing_5_10_10um_0_660.npy,10um,2175,16384,0,15,0,1614.9803466796875,3,peak_bin_energy_over_lowest_window_energy,1.5427558875449198e-05,0.02517677807589162,0.025176782802659076,-0.0159892620890969,3.2552154587830935e-06,0.024095883471502256,0.02409588369138271,-0.011447402766700865,0.9724536170895569,8.926761542281508e-12
HFocusing_5_10_10um_0_663.npy,P0/data/dataset_Particles2SNR_F_c1/train/10um/HFocusing_5_10_10um_0_663.npy,10um,2176,16384,5,15,7,2602.160888671875,3,peak_bin_energy_over_lowest_window_energy,0.00026010309249465763,0.09849462408592961,0.09849496752345933,28.775900501479637,0.0002061261639268673,0.09408408469121243,0.09408431048893694,28.118876034050597,0.9803526136293814,1.0927306528977422e-11
HFocusing_5_10_10um_0_665.npy,P0/data/dataset_Particles2SNR_F_c1/train/10um/HFocusing_5_10_10um_0_665.npy,10um,2177,16384,7,15,7,2374.777587890625,3,peak_bin_energy_over_lowest_window_energy,5.457317610508572e-05,0.09626138146733706,0.09626139693683929,56.853656064023724,3.704318370221082e-05,0.0914162457125979,0.09141625321781424,60.39691300330077,0.9662196612939565,2.3544925376567515e-11
HFocusing_5_10_10um_0_666.npy,P0/data/dataset_Particles2SNR_F_c1/train/10um/HFocusing_5_10_10um_0_666.npy,10um,2178,16384,6,15,6,1695.4002685546875,3,peak_bin_energy_over_lowest_window_energy,-0.0020522890276082947,0.38607761404307567,0.3860830687241373,44.5322771132787,-0.0012559165150966545,0.37982063886494305,0.3798227152686716,43.80632144369257,0.9985397286038503,1.9528876104717806e-12
HFocusing_5_10_10um_0_669.npy,P0/data/dataset_Particles2SNR_F_c1/train/10um/HFocusing_5_10_10um_0_669.npy,10um,2179,16384,4,15,6,1758.0467529296875,3,peak_bin_energy_over_lowest_window_energy,-4.1488039128467685e-06,0.0808402328380185,0.08084023294447894,8.684909676832566,-1.145374365271523e-05,0.0805417098933683,0.08054171070778013,8.807218782320978,0.9974589950894349,3.715801281301024e-12
HFocusing_5_10_10um_0_672.npy,P0/data/dataset_Particles2SNR_F_c1/train/10um/HFocusing_5_10_10um_0_672.npy,10um,2180,16384,3,15,1,1600.140625,3,peak_bin_energy_over_lowest_window_energy,-3.55323630491262e-05,0.027195053136308527,0.027195076349138425,0.20422874833818927,-2.470060899786148e-05,0.02610129556269116,0.026101307250232627,0.22522480723130966,0.9717988214719607,1.1672130777181715e-11
HFocusing_5_10_10um_0_673.npy,P0/data/dataset_Particles2SNR_F_c1/train/10um/HFocusing_5_10_10um_0_673.npy,10um,2181,16384,7,15,9,2073.10693359375,3,peak_bin_energy_over_lowest_window_energy,1.4867184975855303e-05,0.14704879857489084,0.14704879932645493,21.553118625680543,7.999663586102004e-06,0.14481207969075516,0.1448120799117126,22.527928136689404,0.9873637594432481,3.7528113991889325e-12
HFocusing_5_10_10um_0_676.npy,P0/data/dataset_Particles2SNR_F_c1/train/10um/HFocusing_5_10_10um_0_676.npy,10um,2182,16384,0,15,0,1915.95263671875,3,peak_bin_energy_over_lowest_window_energy,-3.414211187132937e-05,0.03964058186026024,0.03964059656341963,11.140649279791322,-2.6780091927950896e-05,0.03884011349419435,0.0388401227265726,11.966663931518426,0.9853666838190348,6.465362447489821e-12
HFocusing_5_10_10um_0_68.npy,P0/data/dataset_Particles2SNR_F_c1/train/10um/HFocusing_5_10_10um_0_68.npy,10um,2183,16384,6,15,4,1888.8746337890625,3,peak_bin_energy_over_lowest_window_energy,5.203881720156162e-05,0.028877816379365023,0.028877863267195145,0.1633298243129464,4.963630540458468e-05,0.027842956407945166,0.02784300065182539,0.16955753645712468,0.9751535304986555,9.42885878183515e-12
HFocusing_5_10_10um_0_680.npy,P0/data/dataset_Particles2SNR_F_c1/train/10um/HFocusing_5_10_10um_0_680.npy,10um,2184,16384,1,15,1,1979.9375,3,peak_bin_energy_over_lowest_window_energy,-8.490374607044782e-05,0.05567933735875858,0.055679402092304695,12.909671469700143,-5.672684815341528e-05,0.05517998827777994,0.05518001743630779,13.418552502265467,0.9942979749541677,4.847020668513029e-12
HFocusing_5_10_10um_0_683.npy,P0/data/dataset_Particles2SNR_F_c1/train/10um/HFocusing_5_10_10um_0_683.npy,10um,2185,16384,9,15,7,2210.35693359375,3,peak_bin_energy_over_lowest_window_energy,-5.003889610462347e-05,0.10064960614276505,0.10064961858141763,24.56655176683006,-7.09240712616172e-05,0.09813376245964284,0.09813378808906487,24.491965861107744,0.9843202937098833,6.6529809010238124e-12
HFocusing_5_10_10um_0_685.npy,P0/data/dataset_Particles2SNR_F_c1/train/10um/HFocusing_5_10_10um_0_685.npy,10um,2186,16384,4,15,4,1849.3883056640625,3,peak_bin_energy_over_lowest_window_energy,4.775033317923359e-05,0.0710162297548787,0.07101624580820953,95.47461665978462,3.384102822224862e-05,0.06782901821228642,0.06782902665421253,102.02675371175405,0.960216890675787,4.101637204751327e-12
HFocusing_5_10_10um_0_686.npy,P0/data/dataset_Particles2SNR_F_c1/train/10um/HFocusing_5_10_10um_0_686.npy,10um,2187,16384,2,15,5,1975.2935791015625,3,peak_bin_energy_over_lowest_window_energy,5.336551782078125e-05,0.1302322131348421,0.13023222406868978,19.342104597543162,3.460773194476318e-05,0.12997159513764187,0.12997159974516814,19.42026231067982,0.9987788274111578,6.410486138451842e-12
HFocusing_5_10_10um_0_69.npy,P0/data/dataset_Particles2SNR_F_c1/train/10um/HFocusing_5_10_10um_0_69.npy,10um,2188,16384,6,15,7,1859.4566650390625,3,peak_bin_energy_over_lowest_window_energy,-0.00011187969839790313,0.08037266348891442,0.08037274135780857,22.287779164786873,-8.487977435691988e-05,0.07993267205961477,0.0799327171261306,22.581720525384792,0.9965316579768639,5.654502494241203e-12
HFocusing_5_10_10um_0_695.npy,P0/data/dataset_Particles2SNR_F_c1/train/10um/HFocusing_5_10_10um_0_695.npy,10um,2189,16384,6,15,10,2532.704833984375,3,peak_bin_energy_over_lowest_window_energy,-3.9265716888043324e-05,0.12499023995125945,0.12499024611892696,10.471965268037042,-2.8361734261569537e-05,0.12466864091634229,0.12466864414244612,10.616655690934092,0.998438139277214,8.144849651535226e-12
HFocusing_5_10_10um_0_701.npy,P0/data/dataset_Particles2SNR_F_c1/train/10um/HFocusing_5_10_10um_0_701.npy,10um,2190,16384,10,15,9,2011.8516845703125,3,peak_bin_energy_over_lowest_window_energy,6.374884028154655e-05,0.09913999256900694,0.09914001306484374,50.40065480613735,5.582632422301536e-05,0.09477127171863078,0.09477128816126235,52.77998829318063,0.9679893526469252,6.03365100998123e-12
HFocusing_5_10_10um_0_704.npy,P0/data/dataset_Particles2SNR_F_c1/train/10um/HFocusing_5_10_10um_0_704.npy,10um,2191,16384,11,15,8,2390.09619140625,3,peak_bin_energy_over_lowest_window_energy,1.1739380442165784e-05,0.05723843195950299,0.05723843316335369,14.412698589612749,2.5962831567079064e-06,0.05664798270666132,0.05664798276615759,15.052372541226973,0.9931212185132116,9.836985424614685e-12
HFocusing_5_10_10um_0_707.npy,P0/data/dataset_Particles2SNR_F_c1/train/10um/HFocusing_5_10_10um_0_707.npy,10um,2192,16384,8,15,10,3359.442626953125,3,peak_bin_energy_over_lowest_window_energy,-3.273579407143231e-05,0.179339575907651,0.17933957889536914,10.51117914406894,-3.450480206379529e-05,0.1764785535925256,0.17647855696568718,10.607358318568654,0.9865054915867103,4.547558881438152e-12
HFocusing_5_10_10um_0_710.npy,P0/data/dataset_Particles2SNR_F_c1/train/10um/HFocusing_5_10_10um_0_710.npy,10um,2193,16384,7,15,6,2134.667236328125,3,peak_bin_energy_over_lowest_window_energy,0.00012173415279190356,0.09438416045094754,0.0943842389556337,64.69941377125164,0.00011193452561789269,0.08907688804941499,0.0890769583781689,72.93818461738758,0.9555953730274531,2.7997213164529233e-12
HFocusing_5_10_10um_0_713.npy,P0/data/dataset_Particles2SNR_F_c1/train/10um/HFocusing_5_10_10um_0_713.npy,10um,2194,16384,3,15,2,1870.3192138671875,3,peak_bin_energy_over_lowest_window_energy,0.00015856559408170914,0.05695116858957805,0.05695138933130753,82.4912855135581,0.00013313047315446883,0.0541831122964436,0.054183275850135715,86.55894950120484,0.9542294713874666,4.14307879843647e-12
HFocusing_5_10_10um_0_714.npy,P0/data/dataset_Particles2SNR_F_c1/train/10um/HFocusing_5_10_10um_0_714.npy,10um,2195,16384,8,15,6,1909.41943359375,3,peak_bin_energy_over_lowest_window_energy,6.71383564758079e-06,0.11680669279937143,0.11680669299232094,29.621158996590907,4.85774342619613e-06,0.11287244649318673,0.1128724465977192,29.943468008153857,0.9729959407416565,5.50952390008961e-12
HFocusing_5_10_10um_0_718.npy,P0/data/dataset_Particles2SNR_F_c1/train/10um/HFocusing_5_10_10um_0_718.npy,10um,2196,16384,5,15,7,1924.3919677734375,3,peak_bin_energy_over_lowest_window_energy,-2.8491038608694162e-05,0.07771471120201245,0.07771471642457098,8.581455189575447,-2.0241234278817708e-05,0.0771848074887769,0.07718481014284558,8.770862250336561,0.9966180678537183,4.174556130845482e-12
HFocusing_5_10_10um_0_72.npy,P0/data/dataset_Particles2SNR_F_c1/train/10um/HFocusing_5_10_10um_0_72.npy,10um,2197,16384,0,15,0,1698.67041015625,3,peak_bin_energy_over_lowest_window_energy,-1.8666561873109726e-05,0.02638413449452517,0.02638414109774516,0.09057511510917848,-2.0527728358882906e-05,0.025481327253567377,0.02548133552212339,0.04714503817964699,0.9817853341152257,1.3041333713236399e-11
HFocusing_5_10_10um_0_721.npy,P0/data/dataset_Particles2SNR_F_c1/train/10um/HFocusing_5_10_10um_0_721.npy,10um,2198,16384,6,15,6,1976.3739013671875,3,peak_bin_energy_over_lowest_window_energy,-3.132334778018064e-05,0.07982754747728155,0.0798275536227295,51.017845539432635,-3.2993305422990813e-05,0.07598562597853814,0.07598563314145966,53.981282564057345,0.9637067890589488,7.976781012141697e-12
HFocusing_5_10_10um_0_722.npy,P0/data/dataset_Particles2SNR_F_c1/train/10um/HFocusing_5_10_10um_0_722.npy,10um,2199,16384,2,15,3,1934.0018310546875,3,peak_bin_energy_over_lowest_window_energy,9.623460690584886e-05,0.074041940364576,0.07404200290410162,10.993874298455948,6.968326231460286e-05,0.07373349293481751,0.07373352586256696,11.15850317051322,0.9972370545296381,6.920784028051479e-12
HFocusing_5_10_10um_0_725.npy,P0/data/dataset_Particles2SNR_F_c1/train/10um/HFocusing_5_10_10um_0_725.npy,10um,2200,16384,7,15,7,2254.782958984375,3,peak_bin_energy_over_lowest_window_energy,5.596047802881091e-06,0.056101630339619006,0.05610163061871741,14.311852232542538,2.5510103591795818e-06,0.0555685214558678,0.05556852151442302,14.84151231251808,0.9940442469809745,9.18196480155245e-12
HFocusing_5_10_10um_0_728.npy,P0/data/dataset_Particles2SNR_F_c1/train/10um/HFocusing_5_10_10um_0_728.npy,10um,2201,16384,9,15,9,2717.472900390625,3,peak_bin_energy_over_lowest_window_energy,9.528880313278891e-06,0.10363624256073711,0.10363624299880567,35.744892889066314,-4.451552920760869e-08,0.10001810235548095,0.10001810235549087,36.4875990566938,0.9725421552668351,4.005640006805816e-12
HFocusing_5_10_10um_0_731.npy,P0/data/dataset_Particles2SNR_F_c1/train/10um/HFocusing_5_10_10um_0_731.npy,10um,2202,16384,8,15,7,2063.109130859375,3,peak_bin_energy_over_lowest_window_energy,-2.2151618555974787e-05,0.11872372170495937,0.11872372377149751,41.373618425402505,-2.9811445596600786e-05,0.11601231895429479,0.11601232278458747,40.939153383288605,0.982982279534511,3.2687336132785155e-12
HFocusing_5_10_10um_0_734.npy,P0/data/dataset_Particles2SNR_F_c1/train/10um/HFocusing_5_10_10um_0_734.npy,10um,2203,16384,8,15,8,2033.5858154296875,3,peak_bin_energy_over_lowest_window_energy,-5.056681127071828e-05,0.10603757605230457,0.10603758810936185,38.862260244332326,-4.015829753888431e-05,0.10193571321300553,0.10193572112332835,39.88183380696356,0.9659656410755387,5.069676559727916e-12
HFocusing_5_10_10um_0_737.npy,P0/data/dataset_Particles2SNR_F_c1/train/10um/HFocusing_5_10_10um_0_737.npy,10um,2204,16384,1,15,2,1854.1612548828125,3,peak_bin_energy_over_lowest_window_energy,2.938932469251848e-05,0.03838831700364318,0.03838832825357997,4.438748583977772,2.7515188458200505e-05,0.03772083397836494,0.03772084401374082,4.787525528639753,0.9892331543518903,1.1630915612945657e-11
HFocusing_5_10_10um_0_740.npy,P0/data/dataset_Particles2SNR_F_c1/train/10um/HFocusing_5_10_10um_0_740.npy,10um,2205,16384,8,15,7,1924.93359375,3,peak_bin_energy_over_lowest_window_energy,3.6711213280243796e-05,0.08324706922520221,0.08324707731986025,56.51062561601827,1.618417437661097e-05,0.07849274777776867,0.07849274944625083,61.8494838055223,0.9619788924940684,1.2459189205558945e-11
HFocusing_5_10_10um_0_741.npy,P0/data/dataset_Particles2SNR_F_c1/train/10um/HFocusing_5_10_10um_0_741.npy,10um,2206,16384,6,15,5,1683.7412109375,3,peak_bin_energy_over_lowest_window_energy,-0.00036918942070899533,0.11183217377071525,0.11183278316804879,28.839160725575297,-0.0001245615421880551,0.10839531671690596,0.10839538828629264,29.388302126828087,0.975163394496669,6.7158323267388445e-12
HFocusing_5_10_10um_0_744.npy,P0/data/dataset_Particles2SNR_F_c1/train/10um/HFocusing_5_10_10um_0_744.npy,10um,2207,16384,7,15,4,1949.3216552734375,3,peak_bin_energy_over_lowest_window_energy,1.922550068796878e-05,0.05585518399766517,0.055855187306398914,36.089406934349746,6.380519265834273e-06,0.05314531305421082,0.05314531343722696,36.94928090001656,0.9619079000974096,6.501259228165354e-12
HFocusing_5_10_10um_0_745.npy,P0/data/dataset_Particles2SNR_F_c1/train/10um/HFocusing_5_10_10um_0_745.npy,10um,2208,16384,1,15,1,1981.6650390625,3,peak_bin_energy_over_lowest_window_energy,-0.00014105894504265202,0.051394014769633616,0.05139420834848314,12.616963691782097,-8.70884397236919e-05,0.05073248649211602,0.05073256124097293,13.475567008223749,0.9909847650371106,7.421021137724467e-12
HFocusing_5_10_10um_0_748.npy,P0/data/dataset_Particles2SNR_F_c1/train/10um/HFocusing_5_10_10um_0_748.npy,10um,2209,16384,0,15,0,1574.9417724609375,3,peak_bin_energy_over_lowest_window_energy,-0.00010364480212646948,0.025616833822444108,0.02561704349318485,0.46231372201746934,-8.77271630060146e-05,0.024609257042407403,0.024609413406954814,0.4971657033673136,0.9718568939154548,1.2769529063545457e-11
HFocusing_5_10_10um_0_749.npy,P0/data/dataset_Particles2SNR_F_c1/train/10um/HFocusing_5_10_10um_0_749.npy,10um,2210,16384,8,15,6,1635.9920654296875,3,peak_bin_energy_over_lowest_window_energy,-6.890706560221025e-05,0.10387520894116983,0.10387523179639783,42.550357563846845,-3.436643839341951e-05,0.10007289364404698,0.10007289954500581,43.75487652651771,0.9714402481653438,3.2571429764357857e-12
HFocusing_5_10_10um_0_75.npy,P0/data/dataset_Particles2SNR_F_c1/train/10um/HFocusing_5_10_10um_0_75.npy,10um,2211,16384,0,15,0,1888.5572509765625,3,peak_bin_energy_over_lowest_window_energy,3.0319702201020403e-05,0.02629427836285021,0.026294295843535993,-0.1631285025252307,2.937782945554153e-06,0.025302481549205297,0.02530248171975317,-0.13833509817447487,0.978261981910974,9.514734295571865e-12
HFocusing_5_10_10um_0_753.npy,P0/data/dataset_Particles2SNR_F_c1/train/10um/HFocusing_5_10_10um_0_753.npy,10um,2212,16384,11,15,12,2854.7353515625,3,peak_bin_energy_over_lowest_window_energy,-9.49582406165561e-05,0.10649226099202394,0.10649230332874206,22.36538184355565,-6.466302515862791e-05,0.10310890741133384,0.1031089276874987,22.586666356529083,0.9772826463166738,5.303040940339045e-12
HFocusing_5_10_10um_0_756.npy,P0/data/dataset_Particles2SNR_F_c1/train/10um/HFocusing_5_10_10um_0_756.npy,10um,2213,16384,6,15,5,2243.595947265625,3,peak_bin_energy_over_lowest_window_energy,3.489014521848359e-05,0.07824003758091454,0.0782400453603214,58.66743662707197,4.354340246715589e-05,0.07405152590683368,0.07405153870891786,62.9028698946715,0.9639507620023459,1.540198900653153e-11
HFocusing_5_10_10um_0_76.npy,P0/data/dataset_Particles2SNR_F_c1/train/10um/HFocusing_5_10_10um_0_76.npy,10um,2214,16384,11,15,11,2783.772705078125,3,peak_bin_energy_over_lowest_window_energy,8.316132780484097e-06,0.07500613674443012,0.07500613720544616,36.18026130172643,6.954043794962379e-06,0.07108514792733278,0.07108514826747925,38.761758186066054,0.9577716487377511,5.644342790811089e-12
HFocusing_5_10_10um_0_761.npy,P0/data/dataset_Particles2SNR_F_c1/train/10um/HFocusing_5_10_10um_0_761.npy,10um,2215,16384,6,15,7,2121.984375,3,peak_bin_energy_over_lowest_window_energy,1.0189655280201527e-05,0.13421351602852433,0.13421351641532991,26.780820607012352,-8.117815983131653e-06,0.12887465113046087,0.12887465138613155,27.584633353432803,0.9727841342298938,1.2442316480522836e-11
HFocusing_5_10_10um_0_765.npy,P0/data/dataset_Particles2SNR_F_c1/train/10um/HFocusing_5_10_10um_0_765.npy,10um,2216,16384,1,15,4,2009.9136962890625,3,peak_bin_energy_over_lowest_window_energy,-5.269641103794875e-05,0.05435298804602868,0.054353013591184385,13.151426688371512,-2.8092760955662565e-05,0.0538099800930675,0.053809987426309054,13.673186437245612,0.9936212603591652,4.405264797015824e-12
HFocusing_5_10_10um_0_768.npy,P0/data/dataset_Particles2SNR_F_c1/train/10um/HFocusing_5_10_10um_0_768.npy,10um,2217,16384,7,15,8,2015.5347900390625,3,peak_bin_energy_over_lowest_window_energy,-0.00017679161793484577,0.07080898869069265,0.0708092093916802,81.8050006852258,-0.0001524349996624699,0.06662788177657951,0.06662805615101629,89.13594034818304,0.9585121154516675,1.698775572865796e-11
HFocusing_5_10_10um_0_769.npy,P0/data/dataset_Particles2SNR_F_c1/train/10um/HFocusing_5_10_10um_0_769.npy,10um,2218,16384,8,15,9,2668.143310546875,3,peak_bin_energy_over_lowest_window_energy,-0.00024015328494616332,0.6267640811181601,0.6267641271271769,11.262200941589509,-0.00019137820192776173,0.6248129370065217,0.6248129663157863,11.426667296461304,0.9986314775870813,4.2752646248480205e-12
HFocusing_5_10_10um_0_772.npy,P0/data/dataset_Particles2SNR_F_c1/train/10um/HFocusing_5_10_10um_0_772.npy,10um,2219,16384,12,15,11,2464.825927734375,3,peak_bin_energy_over_lowest_window_energy,9.036821053525182e-05,0.09995762984615676,0.09995767069552373,21.114963279601607,7.940999784276909e-05,0.09643566765905157,0.09643570035414686,21.71319625326244,0.9797114280533935,1.003981800605785e-11
HFocusing_5_10_10um_0_778.npy,P0/data/dataset_Particles2SNR_F_c1/train/10um/HFocusing_5_10_10um_0_778.npy,10um,2220,16384,7,15,7,1982.3212890625,3,peak_bin_energy_over_lowest_window_energy,-1.1580007742167636e-05,0.07476350250291405,0.07476350339971914,48.56519087741129,-2.6034479773817675e-05,0.07126394575909363,0.07126395051461276,51.54132384353296,0.966374335108392,1.7418719919544117e-11
HFocusing_5_10_10um_0_779.npy,P0/data/dataset_Particles2SNR_F_c1/train/10um/HFocusing_5_10_10um_0_779.npy,10um,2221,16384,2,15,5,1776.8690185546875,3,peak_bin_energy_over_lowest_window_energy,0.00010851525504137582,0.06708318859692199,0.06708327636520729,5.174175292749201,6.982960387893848e-05,0.06201914444284578,0.06201918375467502,5.1281056478537455,0.9803482329190848,7.929791768310985e-12
HFocusing_5_10_10um_0_782.npy,P0/data/dataset_Particles2SNR_F_c1/train/10um/HFocusing_5_10_10um_0_782.npy,10um,2222,16384,10,15,10,2099.2294921875,3,peak_bin_energy_over_lowest_window_energy,-2.0484283276296764e-05,0.09907183243451645,0.0990718345522014,43.45327683274681,-4.5073148571925535e-05,0.09448781542420556,0.09448782617473779,45.553863958136596,0.9658918054671146,3.895812320432703e-12
HFocusing_5_10_10um_0_785.npy,P0/data/dataset_Particles2SNR_F_c1/train/10um/HFocusing_5_10_10um_0_785.npy,10um,2223,16384,10,15,7,2393.220703125,3,peak_bin_energy_over_lowest_window_energy,2.250962417939438e-05,0.04684808227805303,0.046848087685778673,4.966100500476243,2.399111922672491e-05,0.04614384243295645,0.046143848669690686,5.333725118356755,0.9893252463667852,6.418967806111449e-12
HFocusing_5_10_10um_0_79.npy,P0/data/dataset_Particles2SNR_F_c1/train/10um/HFocusing_5_10_10um_0_79.npy,10um,2224,16384,4,15,5,2043.1116943359375,3,peak_bin_energy_over_lowest_window_energy,3.287063349570124e-05,0.052122729807180926,0.05212274017193392,10.223645179406006,2.5578499720313772e-05,0.05143078598337373,0.05143079234395714,10.639225799992142,0.9921493907494334,8.45099853979161e-12
HFocusing_5_10_10um_0_791.npy,P0/data/dataset_Particles2SNR_F_c1/train/10um/HFocusing_5_10_10um_0_791.npy,10um,2225,16384,2,15,5,2159.769775390625,3,peak_bin_energy_over_lowest_window_energy,-2.6464280323757868e-05,0.05419017502774826,0.054190181489787645,10.319646421621004,-2.0125428987511334e-05,0.05366539452135934,0.05366539829504704,10.725798513961337,0.9938259068266385,7.663505768183122e-12
HFocusing_5_10_10um_0_793.npy,P0/data/dataset_Particles2SNR_F_c1/train/10um/HFocusing_5_10_10um_0_793.npy,10um,2226,16384,0,15,0,1801.8001708984375,3,peak_bin_energy_over_lowest_window_energy,-0.0001013474615221709,0.026618534176374577,0.026618727110941622,0.08389955669697313,-6.771629772529708e-05,0.025423980039065732,0.02542407021945523,0.08902122533541812,0.972617423643434,1.6203437410203667e-11
HFocusing_5_10_10um_0_794.npy,P0/data/dataset_Particles2SNR_F_c1/train/10um/HFocusing_5_10_10um_0_794.npy,10um,2227,16384,2,15,4,1938.7952880859375,3,peak_bin_energy_over_lowest_window_energy,0.00013211030991736427,0.0797786281655896,0.07977873755028587,5.534489523858401,0.00010218851267092487,0.07940768849191017,0.07940775424428251,5.613234400614827,0.9970734854929111,5.706117892929107e-12
HFocusing_5_10_10um_0_797.npy,P0/data/dataset_Particles2SNR_F_c1/train/10um/HFocusing_5_10_10um_0_797.npy,10um,2228,16384,1,15,2,1993.7969970703125,3,peak_bin_energy_over_lowest_window_energy,-1.6743136518870466e-05,0.07256079505901994,0.07256079699072848,14.592074806477267,-1.808352719236553e-06,0.07111629644805656,0.07111629647104806,14.661371119532589,0.9951964869603438,3.863633263934476e-12
HFocusing_5_10_10um_0_8.npy,P0/data/dataset_Particles2SNR_F_c1/train/10um/HFocusing_5_10_10um_0_8.npy,10um,2229,16384,13,15,11,2915.411376953125,3,peak_bin_energy_over_lowest_window_energy,-2.1835379024616892e-05,0.12226609887121678,0.1222661008209959,21.224762567231622,-1.658022860005732e-05,0.12182280491901169,0.12182280604730611,21.529102327462017,0.9976716228390643,4.156920347832342e-12
HFocusing_5_10_10um_0_800.npy,P0/data/dataset_Particles2SNR_F_c1/train/10um/HFocusing_5_10_10um_0_800.npy,10um,2230,16384,4,15,8,2455.815185546875,3,peak_bin_energy_over_lowest_window_energy,-5.1187728632719355e-05,0.12815541251827206,0.1281554227409517,32.1108321075905,-4.0495944205875586e-05,0.12501661759350746,0.12501662415232134,32.60083925657015,0.9818167291651996,4.111755962956552e-12
HFocusing_5_10_10um_0_803.npy,P0/data/dataset_Particles2SNR_F_c1/train/10um/HFocusing_5_10_10um_0_803.npy,10um,2231,16384,1,15,4,1661.4842529296875,3,peak_bin_energy_over_lowest_window_energy,3.4829361925155584e-05,0.04588036209481783,0.0458803753148996,11.569183896523583,2.1712849737182817e-05,0.045322189793375885,0.04532219499444647,11.981445857411519,0.9927521465294815,9.32849513234873e-12
HFocusing_5_10_10um_0_806.npy,P0/data/dataset_Particles2SNR_F_c1/train/10um/HFocusing_5_10_10um_0_806.npy,10um,2232,16384,5,15,9,2066.999755859375,3,peak_bin_energy_over_lowest_window_energy,-4.545573536713866e-05,0.14585403919881498,0.14585404628200527,14.677552542326392,-4.976865802476643e-05,0.145553490677841,0.14555349918646296,14.787427968790379,0.9984982735882229,5.503235403975178e-12
HFocusing_5_10_10um_0_813.npy,P0/data/dataset_Particles2SNR_F_c1/train/10um/HFocusing_5_10_10um_0_813.npy,10um,2233,16384,1,15,3,1996.8486328125,3,peak_bin_energy_over_lowest_window_energy,6.753901800781333e-05,0.05869648936627746,0.05869652822309404,15.338158941230773,5.3481257465584834e-05,0.0582714989733698,0.05827152351576487,15.839962736100649,0.994962126443667,7.986282207786063e-12
HFocusing_5_10_10um_0_815.npy,P0/data/dataset_Particles2SNR_F_c1/train/10um/HFocusing_5_10_10um_0_815.npy,10um,2234,16384,3,15,1,1763.0806884765625,3,peak_bin_energy_over_lowest_window_energy,-0.00010934043874864444,0.027175130923274008,0.02717535089062566,-0.14910819722778257,-8.046201953477147e-05,0.026216139387539517,0.02621626286341149,-0.10852371609113343,0.9761414440012212,1.3692299809047162e-11
HFocusing_5_10_10um_0_816.npy,P0/data/dataset_Particles2SNR_F_c1/train/10um/HFocusing_5_10_10um_0_816.npy,10um,2235,16384,4,15,4,1913.8538818359375,3,peak_bin_energy_over_lowest_window_energy,7.676953268062244e-06,0.08266522828926638,0.08266522864573797,15.097370852142102,1.442835661252297e-05,0.08235203374799363,0.08235203501194222,15.340975477128662,0.9978630450726518,9.271804038207225e-12
HFocusing_5_10_10um_0_819.npy,P0/data/dataset_Particles2SNR_F_c1/train/10um/HFocusing_5_10_10um_0_819.npy,10um,2236,16384,1,15,4,1964.7628173828125,3,peak_bin_energy_over_lowest_window_energy,4.991597841992658e-05,0.0363999860089117,0.03640002023425082,4.4492024130098144,3.392182975121499e-05,0.03571231360000506,0.03571232971055851,4.8088667464965615,0.989755022056951,8.31279851841163e-12
HFocusing_5_10_10um_0_82.npy,P0/data/dataset_Particles2SNR_F_c1/train/10um/HFocusing_5_10_10um_0_82.npy,10um,2237,16384,7,15,8,2255.551513671875,3,peak_bin_energy_over_lowest_window_energy,-2.242695273849454e-05,0.06107608441899192,0.06107608853654625,16.38265249407882,-5.524601992553554e-06,0.060593691604823974,0.0605936918566755,16.932484237736123,0.9950407883492718,9.942550322291371e-12
HFocusing_5_10_10um_0_823.npy,P0/data/dataset_Particles2SNR_F_c1/train/10um/HFocusing_5_10_10um_0_823.npy,10um,2238,16384,0,15,0,1885.8482666015625,3,peak_bin_energy_over_lowest_window_energy,1.3025690571941602e-05,0.029621782408972685,0.02962178527288891,0.07658378594801363,3.3621274609683133e-06,0.025989371845111152,0.025989372062582766,-0.13170122667724726,0.8567454080057114,1.644048581559403e-11
HFocusing_5_10_10um_0_827.npy,P0/data/dataset_Particles2SNR_F_c1/train/10um/HFocusing_5_10_10um_0_827.npy,10um,2239,16384,2,15,4,2055.75146484375,3,peak_bin_energy_over_lowest_window_energy,2.0177460088795824e-05,0.041028209561852054,0.041028214523436725,8.77063836254374,1.937547917183056e-05,0.04040204653933101,0.040402051185248776,9.313785919279027,0.9905145518944759,1.1900850231186827e-11
HFocusing_5_10_10um_0_830.npy,P0/data/dataset_Particles2SNR_F_c1/train/10um/HFocusing_5_10_10um_0_830.npy,10um,2240,16384,8,15,10,10390.7109375,3,peak_bin_energy_over_lowest_window_energy,9.68457470264487e-05,0.6007744357923481,0.6007744435981885,7.308251911157022,6.990407174171508e-05,0.5981729302403022,0.5981729343248896,7.424427326497664,0.998707953913729,4.190695305368876e-12
HFocusing_5_10_10um_0_832.npy,P0/data/dataset_Particles2SNR_F_c1/train/10um/HFocusing_5_10_10um_0_832.npy,10um,2241,16384,0,15,0,1787.55322265625,3,peak_bin_energy_over_lowest_window_energy,-1.0688597942344177e-05,0.02634911048930616,0.026349112657237436,-0.13928332847984448,-2.897524035415084e-06,0.025426384680291503,0.02542638484538862,-0.11303762813681661,0.9762845300454914,1.2518738974868876e-11
HFocusing_5_10_10um_0_833.npy,P0/data/dataset_Particles2SNR_F_c1/train/10um/HFocusing_5_10_10um_0_833.npy,10um,2242,16384,9,15,9,1862.6915283203125,3,peak_bin_energy_over_lowest_window_energy,-1.6239194657757393e-05,0.1042386714023877,0.10423867266732822,37.50030441811034,-2.0774835299283688e-05,0.10041679597114206,0.10041679812015396,38.728563963661585,0.9725036584133849,6.549550249815589e-12
HFocusing_5_10_10um_0_837.npy,P0/data/dataset_Particles2SNR_F_c1/train/10um/HFocusing_5_10_10um_0_837.npy,10um,2243,16384,10,15,9,1910.4671630859375,3,peak_bin_energy_over_lowest_window_energy,-0.0001476691289390895,0.10391044972625275,0.10391055465391254,40.03314798613519,-0.0001050014158366623,0.09937535028904922,0.0993754057620323,41.89314945532821,0.965860614682916,4.573775074111097e-12
HFocusing_5_10_10um_0_840.npy,P0/data/dataset_Particles2SNR_F_c1/train/10um/HFocusing_5_10_10um_0_840.npy,10um,2244,16384,5,15,7,2446.017578125,3,peak_bin_energy_over_lowest_window_energy,5.990776622792637e-05,0.039706511718406653,0.03970655691172957,1.9184765776938848,5.153361137200143e-05,0.038919658574196256,0.038919692692069255,2.085362743650732,0.9871261318679758,1.0006047587703656e-11
HFocusing_5_10_10um_0_843.npy,P0/data/dataset_Particles2SNR_F_c1/train/10um/HFocusing_5_10_10um_0_843.npy,10um,2245,16384,1,15,2,1881.0872802734375,3,peak_bin_energy_over_lowest_window_energy,-3.110574315002455e-05,0.052459439797029876,0.05245944901908005,12.50108332413667,-1.5390627716675415e-05,0.05200616417424157,0.05200616645158138,12.83454966409521,0.9947155314167225,6.057721233153336e-12
HFocusing_5_10_10um_0_846.npy,P0/data/dataset_Particles2SNR_F_c1/train/10um/HFocusing_5_10_10um_0_846.npy,10um,2246,16384,0,15,0,1690.0992431640625,3,peak_bin_energy_over_lowest_window_energy,-0.00011498719059808182,0.02759055800112491,0.027590797612019838,0.14036271118995813,-0.00010153782984428751,0.026538677477612016,0.026538871720395363,0.15607971179824087,0.9779375331637619,1.1941477824758473e-11
HFocusing_5_10_10um_0_850.npy,P0/data/dataset_Particles2SNR_F_c1/train/10um/HFocusing_5_10_10um_0_850.npy,10um,2247,16384,3,15,3,1861.8243408203125,3,peak_bin_energy_over_lowest_window_energy,-3.295616502843116e-05,0.09181688666285368,0.09181689257739084,8.578656125648134,-2.416881347514352e-05,0.08984729877935278,0.08984730203004336,8.769040371466165,0.9943941728401589,7.356941620599828e-12
HFocusing_5_10_10um_0_853.npy,P0/data/dataset_Particles2SNR_F_c1/train/10um/HFocusing_5_10_10um_0_853.npy,10um,2248,16384,3,15,4,1863.7724609375,3,peak_bin_energy_over_lowest_window_energy,-6.59927409401901e-05,0.09503978670262951,0.0950398096143041,5.426707528217577,-5.861564639938789e-05,0.08179899527563082,0.08179901627707191,6.658322584957903,0.8860760245711609,3.645280249582193e-12
HFocusing_5_10_10um_0_857.npy,P0/data/dataset_Particles2SNR_F_c1/train/10um/HFocusing_5_10_10um_0_857.npy,10um,2249,16384,1,15,5,1974.0699462890625,3,peak_bin_energy_over_lowest_window_energy,-1.6504122004383467e-05,0.060772718964297284,0.06077272120531959,6.484763148520159,-1.7080994342663382e-05,0.05914400585326774,0.05914400831979293,6.601896685410098,0.995065388054697,4.57126686218712e-12
HFocusing_5_10_10um_0_860.npy,P0/data/dataset_Particles2SNR_F_c1/train/10um/HFocusing_5_10_10um_0_860.npy,10um,2250,16384,7,15,5,2276.5302734375,3,peak_bin_energy_over_lowest_window_energy,-5.02414048579152e-05,0.1746371072718921,0.17463711449887484,16.569181623050753,-1.8013680096884793e-05,0.1742422285815948,0.17424222951274873,16.75428236526158,0.9989675825233639,2.24114911983759e-12
HFocusing_5_10_10um_0_863.npy,P0/data/dataset_Particles2SNR_F_c1/train/10um/HFocusing_5_10_10um_0_863.npy,10um,2251,16384,1,15,5,2214.591552734375,3,peak_bin_energy_over_lowest_window_energy,0.0001168033660661136,0.043912798075376194,0.04391295341735838,1.7201713412148454,9.593612368538775e-05,0.03687635551163826,0.036876480303312045,1.0484440058209108,0.8852904864796293,8.109681960800764e-12
HFocusing_5_10_10um_0_866.npy,P0/data/dataset_Particles2SNR_F_c1/train/10um/HFocusing_5_10_10um_0_866.npy,10um,2252,16384,12,15,7,2321.458984375,3,peak_bin_energy_over_lowest_window_energy,-0.00014593515613804691,0.03486082086529778,0.03486112632248387,0.22855136621614092,-0.00011921285903033849,0.03363696767842697,0.03363717892905555,0.22154881730933207,0.9793489067348126,1.2644102971008158e-11
HFocusing_5_10_10um_0_867.npy,P0/data/dataset_Particles2SNR_F_c1/train/10um/HFocusing_5_10_10um_0_867.npy,10um,2253,16384,7,15,6,2139.922607421875,3,peak_bin_energy_over_lowest_window_energy,-0.00010472071498493194,0.0602203727656592,0.06022046381806682,30.5836507805681,-6.953976514696982e-05,0.058297837089631814,0.05829787856438849,29.30043310186646,0.9750169677601328,5.1142121106033915e-12
HFocusing_5_10_10um_0_879.npy,P0/data/dataset_Particles2SNR_F_c1/train/10um/HFocusing_5_10_10um_0_879.npy,10um,2254,16384,2,15,5,1769.4503173828125,3,peak_bin_energy_over_lowest_window_energy,9.903312319969295e-05,0.05749536641754337,0.05749545170747912,13.536562696152444,8.359923323750579e-05,0.05705565609696366,0.05705571734267115,13.965253913580462,0.9946747204477191,5.721014788353918e-12
HFocusing_5_10_10um_0_882.npy,P0/data/dataset_Particles2SNR_F_c1/train/10um/HFocusing_5_10_10um_0_882.npy,10um,2255,16384,4,15,5,2196.788818359375,3,peak_bin_energy_over_lowest_window_energy,6.514263878619372e-05,0.04808939286961919,0.04808943699121429,5.656925544344091,4.6039772732136576e-05,0.04715802159570061,0.04715804406971559,5.868951306931308,0.9894700417825902,5.922690209997196e-12
HFocusing_5_10_10um_0_885.npy,P0/data/dataset_Particles2SNR_F_c1/train/10um/HFocusing_5_10_10um_0_885.npy,10um,2256,16384,10,15,9,2014.2744140625,3,peak_bin_energy_over_lowest_window_energy,-4.888754971374703e-05,0.09857350357229161,0.09857351569518612,30.326485354299408,-2.1174854698729967e-05,0.09491882592116503,0.09491882828304879,30.669378921247777,0.9720813155611009,1.1128819545269764e-11
HFocusing_5_10_10um_0_895.npy,P0/data/dataset_Particles2SNR_F_c1/train/10um/HFocusing_5_10_10um_0_895.npy,10um,2257,16384,8,15,7,2184.505126953125,3,peak_bin_energy_over_lowest_window_energy,-4.474692636570064e-05,0.12055182930485488,0.12055183760952914,28.340514513543372,-2.809160982414257e-05,0.11708665071565029,0.11708665408554143,28.580805480953792,0.9773603951302239,8.627671592671946e-12
HFocusing_5_10_10um_0_898.npy,P0/data/dataset_Particles2SNR_F_c1/train/10um/HFocusing_5_10_10um_0_898.npy,10um,2258,16384,6,15,8,1911.5484619140625,3,peak_bin_energy_over_lowest_window_energy,5.116672083894805e-05,0.08708597975274202,0.08708599478405417,54.98393340625615,2.9287424792842198e-05,0.08259811762013146,0.0825981228124606,59.308426005265474,0.9540571529719014,5.131137168087148e-12
HFocusing_5_10_10um_0_899.npy,P0/data/dataset_Particles2SNR_F_c1/train/10um/HFocusing_5_10_10um_0_899.npy,10um,2259,16384,3,15,6,2230.211669921875,3,peak_bin_energy_over_lowest_window_energy,-0.00010171204526177782,0.05886386411815619,0.058863951993226776,5.138124315328289,-7.245671240375647e-05,0.05468483810077399,0.05468488610286242,4.917824834965392,0.9806794779166684,7.356610395336345e-12
HFocusing_5_10_10um_0_90.npy,P0/data/dataset_Particles2SNR_F_c1/train/10um/HFocusing_5_10_10um_0_90.npy,10um,2260,16384,9,15,8,1845.7015380859375,3,peak_bin_energy_over_lowest_window_energy,-6.644073020967035e-05,0.10992139702898603,0.10992141710865362,31.033767661069007,-6.316433305587608e-05,0.10578220010364392,0.10578221896188572,32.008428590958346,0.9691319055931255,7.397042837693472e-12
HFocusing_5_10_10um_0_905.npy,P0/data/dataset_Particles2SNR_F_c1/train/10um/HFocusing_5_10_10um_0_905.npy,10um,2261,16384,1,15,2,1919.984375,3,peak_bin_energy_over_lowest_window_energy,-7.28376280077596e-05,0.0325683394705365,0.03256842091947596,1.6309841420992237,-6.077087830280863e-05,0.031215912309546106,0.031215971463610128,1.5940668908387856,0.9820613623239343,9.970353437400751e-12
HFocusing_5_10_10um_0_908.npy,P0/data/dataset_Particles2SNR_F_c1/train/10um/HFocusing_5_10_10um_0_908.npy,10um,2262,16384,6,15,3,1740.5418701171875,3,peak_bin_energy_over_lowest_window_energy,6.492883907454345e-05,0.02810146129540383,0.028101536304821897,0.2898563090283348,5.3670909764482816e-05,0.02698535352389694,0.02698540689662196,0.23827503255527738,0.9723505481635502,1.1591436881265178e-11
HFocusing_5_10_10um_0_909.npy,P0/data/dataset_Particles2SNR_F_c1/train/10um/HFocusing_5_10_10um_0_909.npy,10um,2263,16384,4,15,5,2000.1717529296875,3,peak_bin_energy_over_lowest_window_energy,1.4658566470910917e-05,0.10701479949089142,0.10701480049483467,40.3004663807188,-2.0244854377660476e-06,0.10314936134373613,0.10314936136360316,41.18362258488822,0.9684084639251487,4.435809729557271e-12
HFocusing_5_10_10um_0_912.npy,P0/data/dataset_Particles2SNR_F_c1/train/10um/HFocusing_5_10_10um_0_912.npy,10um,2264,16384,0,15,0,1808.5228271484375,3,peak_bin_energy_over_lowest_window_energy,-2.7786521366409438e-05,0.025997046314408568,0.025997061163990705,0.11486218424136219,-1.897169601328522e-05,0.024982071056087005,0.02498207825975713,0.14462054343390296,0.9742048716592548,1.1688991169991664e-11
HFocusing_5_10_10um_0_913.npy,P0/data/dataset_Particles2SNR_F_c1/train/10um/HFocusing_5_10_10um_0_913.npy,10um,2265,16384,1,15,1,1938.6859130859375,3,peak_bin_energy_over_lowest_window_energy,9.165258066885379e-05,0.04732883810822214,0.04732892685102678,8.677494705590647,6.95406749006836e-05,0.04678768059149248,0.04678773227072442,9.10253870825784,0.9920312656105382,4.535052086342309e-12
HFocusing_5_10_10um_0_916.npy,P0/data/dataset_Particles2SNR_F_c1/train/10um/HFocusing_5_10_10um_0_916.npy,10um,2266,16384,0,15,0,1917.11767578125,3,peak_bin_energy_over_lowest_window_energy,-0.00010230642905411761,0.02671067773881427,0.026710873663589027,0.0807388193382681,-8.928195432102753e-05,0.025728823808702977,0.025728978717521,0.0924196761499525,0.9747995529544909,1.1799624282849346e-11
HFocusing_5_10_10um_0_917.npy,P0/data/dataset_Particles2SNR_F_c1/train/10um/HFocusing_5_10_10um_0_917.npy,10um,2267,16384,12,15,13,3850.029052734375,3,peak_bin_energy_over_lowest_window_energy,2.612945445307823e-05,0.09333808501441322,0.09333808867180761,40.75884665737277,6.236384007733312e-06,0.08967002682812708,0.08967002704499154,42.09570417753887,0.9659007832769513,1.1403565961538319e-11
HFocusing_5_10_10um_0_923.npy,P0/data/dataset_Particles2SNR_F_c1/train/10um/HFocusing_5_10_10um_0_923.npy,10um,2268,16384,7,15,6,2430.423828125,3,peak_bin_energy_over_lowest_window_energy,-6.092472263171682e-05,0.08299122868421448,0.08299125104694718,19.45461356792318,-5.175616461796589e-05,0.08263497665025765,0.08263499285828736,19.791634714613668,0.9973260478099435,3.0292874997822694e-12
HFocusing_5_10_10um_0_926.npy,P0/data/dataset_Particles2SNR_F_c1/train/10um/HFocusing_5_10_10um_0_926.npy,10um,2269,16384,0,15,0,1881.4906005859375,3,peak_bin_energy_over_lowest_window_energy,-5.0007517161508216e-05,0.027288747608410633,0.02728879342857265,-0.005925869770236236,-4.70433988209584e-05,0.02633550263996844,0.026335544657005997,-0.03067661553037304,0.9779279117461515,8.20911504921301e-12
HFocusing_5_10_10um_0_927.npy,P0/data/dataset_Particles2SNR_F_c1/train/10um/HFocusing_5_10_10um_0_927.npy,10um,2270,16384,1,15,6,2134.255859375,3,peak_bin_energy_over_lowest_window_energy,1.9282446022387294e-05,0.06632546436557055,0.06632546716851147,3.960874930768007,1.3916494149309833e-05,0.05374093622752537,0.053740938029399506,3.410684797370963,0.8771669261614176,4.8277091087448235e-12
HFocusing_5_10_10um_0_93.npy,P0/data/dataset_Particles2SNR_F_c1/train/10um/HFocusing_5_10_10um_0_93.npy,10um,2271,16384,9,15,10,2005.205078125,3,peak_bin_energy_over_lowest_window_energy,4.7668667559188244e-05,0.10953199480741105,0.10953200518018733,49.90395307023345,4.420642437961155e-05,0.10474865211174639,0.10474866143982761,52.586369277931965,0.959669143754032,5.173402858151647e-12
HFocusing_5_10_10um_0_930.npy,P0/data/dataset_Particles2SNR_F_c1/train/10um/HFocusing_5_10_10um_0_930.npy,10um,2272,16384,2,15,7,1758.4437255859375,3,peak_bin_energy_over_lowest_window_energy,4.354318598603072e-06,0.06335144640753004,0.06335144655717218,6.932156072188013,-5.998890260766669e-06,0.0629602815214643,0.06296028180725309,7.116215361797337,0.996071021231741,6.911147664994502e-12
HFocusing_5_10_10um_0_932.npy,P0/data/dataset_Particles2SNR_F_c1/train/10um/HFocusing_5_10_10um_0_932.npy,10um,2273,16384,0,15,0,2152.574951171875,3,peak_bin_energy_over_lowest_window_energy,1.0877986889148308e-05,0.02729166871410509,0.027291670881993673,-0.02377404846208009,2.0475897321916583e-06,0.02633444312976852,0.026334443209371946,0.007652149849918466,0.9752582958751078,1.3784799216707885e-11
HFocusing_5_10_10um_0_936.npy,P0/data/dataset_Particles2SNR_F_c1/train/10um/HFocusing_5_10_10um_0_936.npy,10um,2274,16384,2,15,3,1827.9359130859375,3,peak_bin_energy_over_lowest_window_energy,6.615014979976504e-05,0.03639640899938916,0.03639646911299412,5.713645637089504,5.2136762185351186e-05,0.0357680982326594,0.0357681362307731,6.1355301818660735,0.9896506764316798,8.932862950223205e-12
HFocusing_5_10_10um_0_939.npy,P0/data/dataset_Particles2SNR_F_c1/train/10um/HFocusing_5_10_10um_0_939.npy,10um,2275,16384,1,15,4,2106.455078125,3,peak_bin_energy_over_lowest_window_energy,-4.254563900510361e-05,0.04054736199880069,0.04054738431999264,1.8518797080433416,-2.3257103010641003e-05,0.033148975795012046,0.03314898395352616,0.9452904573128462,0.8548250569430947,7.369978086862507e-12
HFocusing_5_10_10um_0_942.npy,P0/data/dataset_Particles2SNR_F_c1/train/10um/HFocusing_5_10_10um_0_942.npy,10um,2276,16384,0,15,0,2098.8134765625,3,peak_bin_energy_over_lowest_window_energy,1.4745107502537981e-05,0.027023956107902085,0.02702396013059547,0.013262428415057315,2.788039658318896e-05,0.026062395440773226,0.02606241035337581,0.025263079040036107,0.977599065837823,1.109166292837656e-11
HFocusing_5_10_10um_0_948.npy,P0/data/dataset_Particles2SNR_F_c1/train/10um/HFocusing_5_10_10um_0_948.npy,10um,2277,16384,7,15,8,2187.954345703125,3,peak_bin_energy_over_lowest_window_energy,7.876849396393898e-05,0.09542326909448265,0.09542330160476364,63.49097851474825,6.305203493498678e-05,0.09045262586770406,0.09045264784362012,68.27702099034418,0.955799737511424,7.250370283805601e-12
HFocusing_5_10_10um_0_949.npy,P0/data/dataset_Particles2SNR_F_c1/train/10um/HFocusing_5_10_10um_0_949.npy,10um,2278,16384,1,15,1,2043.7509765625,3,peak_bin_energy_over_lowest_window_energy,0.00015945755481429848,0.036600608384032576,0.036600955736061085,2.8673807933866247,0.00011058143563550273,0.03576547714739255,0.03576564809750504,3.1389871824805278,0.985196903522203,6.977653587626295e-12
HFocusing_5_10_10um_0_952.npy,P0/data/dataset_Particles2SNR_F_c1/train/10um/HFocusing_5_10_10um_0_952.npy,10um,2279,16384,4,15,7,1958.6292724609375,3,peak_bin_energy_over_lowest_window_energy,-0.00010600065224905013,0.0690139615916755,0.06901404299644776,52.58379925389924,-7.769576370770433e-05,0.0664950146503819,0.06649506004197757,53.40332232856495,0.969940326318837,5.919628823653113e-12
HFocusing_5_10_10um_0_955.npy,P0/data/dataset_Particles2SNR_F_c1/train/10um/HFocusing_5_10_10um_0_955.npy,10um,2280,16384,0,15,0,1779.37109375,3,peak_bin_energy_over_lowest_window_energy,-5.315586377154177e-05,0.026193477642806322,0.026193531578808688,-0.1649821200648871,-4.9482674222801326e-05,0.02530750453016962,0.02530755290579483,-0.17081047424735551,0.9799581170737917,1.2679464735314135e-11
HFocusing_5_10_10um_0_956.npy,P0/data/dataset_Particles2SNR_F_c1/train/10um/HFocusing_5_10_10um_0_956.npy,10um,2281,16384,1,15,4,1752.19140625,3,peak_bin_energy_over_lowest_window_energy,-1.2216615524060106e-05,0.03940243473046462,0.03940243662432844,7.01619726484158,-9.192361466267985e-08,0.03870189539147574,0.03870189539158491,7.618429113973043,0.9879991727737444,8.20060078212735e-12
HFocusing_5_10_10um_0_959.npy,P0/data/dataset_Particles2SNR_F_c1/train/10um/HFocusing_5_10_10um_0_959.npy,10um,2282,16384,1,15,4,1969.2379150390625,3,peak_bin_energy_over_lowest_window_energy,-5.776301753694409e-05,0.03869585088326723,0.0386958939959558,6.002145629470913,-5.262913605320515e-05,0.038013728608883676,0.03801376504078256,6.372950742594657,0.9878765582621601,8.119465081994842e-12
HFocusing_5_10_10um_0_96.npy,P0/data/dataset_Particles2SNR_F_c1/train/10um/HFocusing_5_10_10um_0_96.npy,10um,2283,16384,0,15,0,1542.939453125,3,peak_bin_energy_over_lowest_window_energy,-0.00010186257651011896,0.02609684452382733,0.02609704332075398,-0.2521257632639702,-8.008617480090887e-05,0.02498200220124745,0.024982130569239418,-0.25317651626682425,0.971646148556515,1.1662853970642857e-11
HFocusing_5_10_10um_0_961.npy,P0/data/dataset_Particles2SNR_F_c1/train/10um/HFocusing_5_10_10um_0_961.npy,10um,2284,16384,6,15,4,1844.5238037109375,3,peak_bin_energy_over_lowest_window_energy,8.167955356386359e-06,0.08964038116386516,0.08964038153599373,67.54220563764474,1.1354442026400109e-05,0.08536999088587012,0.08536999164095603,71.92519341130472,0.9682488583694454,2.4887150091867538e-12
HFocusing_5_10_10um_0_962.npy,P0/data/dataset_Particles2SNR_F_c1/train/10um/HFocusing_5_10_10um_0_962.npy,10um,2285,16384,7,15,7,2198.11865234375,3,peak_bin_energy_over_lowest_window_energy,-3.361840494836109e-05,0.05287455517308519,0.052874565860617534,4.085654021193555,-4.6292117274806684e-05,0.052298926759905925,0.05229894724751279,4.212819076524179,0.9934341114596654,7.680501635440852e-12
HFocusing_5_10_10um_0_965.npy,P0/data/dataset_Particles2SNR_F_c1/train/10um/HFocusing_5_10_10um_0_965.npy,10um,2286,16384,2,15,2,2376.612060546875,3,peak_bin_energy_over_lowest_window_energy,-6.512612395595303e-05,0.031002470310595612,0.03100253871494049,0.06632727209300615,-3.786334897593671e-05,0.030009382891490195,0.030009406777896493,0.06264415986515814,0.9799705330721149,1.1346922406976571e-11
HFocusing_5_10_10um_0_969.npy,P0/data/dataset_Particles2SNR_F_c1/train/10um/HFocusing_5_10_10um_0_969.npy,10um,2287,16384,9,15,9,2447.772705078125,3,peak_bin_energy_over_lowest_window_energy,0.00040232547867055483,0.07285337390430167,0.07285448479696204,1.5633748794755267,0.0003456605849221137,0.07164534314255007,0.0716461769758423,1.5721903542990736,0.9921320423113278,1.100266241484577e-11
HFocusing_5_10_10um_0_97.npy,P0/data/dataset_Particles2SNR_F_c1/train/10um/HFocusing_5_10_10um_0_97.npy,10um,2288,16384,4,15,8,2209.480712890625,3,peak_bin_energy_over_lowest_window_energy,-5.7015910098224276e-05,0.12037231348329211,0.12037232698645463,28.296046456000234,-4.749813071862993e-05,0.11719665546529795,0.11719666509045457,28.24732290652405,0.9793011103511481,8.128110960727838e-12
HFocusing_5_10_10um_0_972.npy,P0/data/dataset_Particles2SNR_F_c1/train/10um/HFocusing_5_10_10um_0_972.npy,10um,2289,16384,14,15,11,3830.2421875,3,peak_bin_energy_over_lowest_window_energy,1.182308082328542e-06,0.146374616533719,0.14637461653849393,18.249342682893715,-2.7201912175825375e-05,0.14267169482611075,0.1426716974192811,18.262937313369832,0.9786465238977371,3.9042862992845784e-12
HFocusing_5_10_10um_0_975.npy,P0/data/dataset_Particles2SNR_F_c1/train/10um/HFocusing_5_10_10um_0_975.npy,10um,2290,16384,3,15,4,2013.359375,3,peak_bin_energy_over_lowest_window_energy,-2.015485270485378e-05,0.04567062850017009,0.04567063294742735,4.2818398633776935,-2.2632514734650624e-05,0.044985924377698924,0.04498593007093184,4.494267939657003,0.9917956082505099,9.79918351486918e-12
HFocusing_5_10_10um_0_978.npy,P0/data/dataset_Particles2SNR_F_c1/train/10um/HFocusing_5_10_10um_0_978.npy,10um,2291,16384,3,15,1,1874.3505859375,3,peak_bin_energy_over_lowest_window_energy,-0.00015689971623622742,0.028461823866353927,0.028462256328694483,0.3798925115010907,-0.0001285630949455074,0.027516904901542485,0.02751720523290683,0.4478203424208109,0.9767504069720278,9.083663222969735e-12
HFocusing_5_10_10um_0_979.npy,P0/data/dataset_Particles2SNR_F_c1/train/10um/HFocusing_5_10_10um_0_979.npy,10um,2292,16384,2,15,4,2164.116943359375,3,peak_bin_energy_over_lowest_window_energy,4.537727532571422e-05,0.045420702066604854,0.04542072473354425,8.116390165745875,5.190037079206327e-05,0.04483616244725495,0.04483619248603881,8.523371686834015,0.9922362865456608,9.675537204149763e-12
HFocusing_5_10_10um_0_982.npy,P0/data/dataset_Particles2SNR_F_c1/train/10um/HFocusing_5_10_10um_0_982.npy,10um,2293,16384,1,15,4,2116.870849609375,3,peak_bin_energy_over_lowest_window_energy,4.239513911788081e-05,0.06492431329369527,0.06492432713556388,7.973218703060121,1.86034411964992e-05,0.06473597682371361,0.06473597949678686,8.556452916013573,0.9942193499894222,5.675206873369389e-12
HFocusing_5_10_10um_0_985.npy,P0/data/dataset_Particles2SNR_F_c1/train/10um/HFocusing_5_10_10um_0_985.npy,10um,2294,16384,3,15,5,2087.609375,3,peak_bin_energy_over_lowest_window_energy,-5.806048934641731e-05,0.054785782762847346,0.05478581352830607,7.8932195199573645,-3.950761806342333e-05,0.05420535177140456,0.054205366168983644,8.164127519148487,0.9935922304915467,6.3827891396481545e-12
HFocusing_5_10_10um_0_988.npy,P0/data/dataset_Particles2SNR_F_c1/train/10um/HFocusing_5_10_10um_0_988.npy,10um,2295,16384,1,15,3,2125.863037109375,3,peak_bin_energy_over_lowest_window_energy,-9.233128127778349e-05,0.03443539601624144,0.034435519799487266,2.0628923686698633,-6.36637164059219e-05,0.03353054475414859,0.0335306051925513,2.3446638931453014,0.9826688250054311,1.1547942727155055e-11
HFocusing_5_10_10um_0_991.npy,P0/data/dataset_Particles2SNR_F_c1/train/10um/HFocusing_5_10_10um_0_991.npy,10um,2296,16384,4,15,3,1940.60302734375,3,peak_bin_energy_over_lowest_window_energy,-0.00010291517242677177,0.04700301972448412,0.04700313239299014,10.93446454455226,-9.430318970897299e-05,0.046513925522428994,0.046514021118343025,11.388699224255651,0.9942057281628724,8.388959562368171e-12
HFocusing_5_10_10um_0_994.npy,P0/data/dataset_Particles2SNR_F_c1/train/10um/HFocusing_5_10_10um_0_994.npy,10um,2297,16384,1,15,4,1907.7503662109375,3,peak_bin_energy_over_lowest_window_energy,-1.349255559716468e-05,0.04709625385912674,0.047096255791860636,12.336077514666023,1.5873686125089485e-06,0.04653158738807884,0.04653158741515442,12.85820341212563,0.9925568430165768,9.257237464276658e-12
HFocusing_5_10_10um_0_997.npy,P0/data/dataset_Particles2SNR_F_c1/train/10um/HFocusing_5_10_10um_0_997.npy,10um,2298,16384,3,15,2,2131.807373046875,3,peak_bin_energy_over_lowest_window_energy,-3.805281278654811e-05,0.03503436643136682,0.03503438709702003,0.5966285896024832,-2.123184199209474e-05,0.03378491765175934,0.03378492432324326,0.6457752589550609,0.9816073331834462,8.079797663285757e-12
HFocusing_5_10_10um_0_999.npy,P0/data/dataset_Particles2SNR_F_c1/train/10um/HFocusing_5_10_10um_0_999.npy,10um,2299,16384,2,15,1,1828.822265625,3,peak_bin_energy_over_lowest_window_energy,1.5611311872959326e-05,0.027216204674203864,0.027216209151555523,-0.14641608477437584,1.4387716197406807e-05,0.026180253214645302,0.026180257168128107,-0.1604379988816742,0.9767201184191232,1.1795637981438081e-11
HFocusing_5_10_10um_Calib_75.2792_0_1.npy,P0/data/dataset_Particles2SNR_F_c1/train/10um/HFocusing_5_10_10um_Calib_75.2792_0_1.npy,10um,2300,16384,2,15,1,1695.3280029296875,3,peak_bin_energy_over_lowest_window_energy,3.070370467360399e-05,0.041569861662551694,0.041569873001503936,10.402775674561909,2.1939996078224884e-05,0.0409889213953413,0.040988927267213225,10.909608896829026,0.9887777833096106,6.725981796449555e-12
HFocusing_5_10_10um_Calib_75.2897_0_1.npy,P0/data/dataset_Particles2SNR_F_c1/train/10um/HFocusing_5_10_10um_Calib_75.2897_0_1.npy,10um,2301,16384,1,15,4,2178.98095703125,3,peak_bin_energy_over_lowest_window_energy,-6.54447726476201e-06,0.07928471128002972,0.07928471155013338,14.841425364142719,1.755687926302985e-06,0.07889766331204236,0.07889766333157677,15.134547754605126,0.9963422669461964,3.734800044706554e-12
HFocusing_5_10_10um_Calib_75.3004_0_1.npy,P0/data/dataset_Particles2SNR_F_c1/train/10um/HFocusing_5_10_10um_Calib_75.3004_0_1.npy,10um,2302,16384,3,15,3,1923.7252197265625,3,peak_bin_energy_over_lowest_window_energy,2.657565712600809e-05,0.04247406768774875,0.04247407600182745,10.757153882992476,2.457781581128233e-05,0.04185219140130125,0.04185219861799599,11.477297994646065,0.9911809028249106,7.317347842655392e-12
HFocusing_5_10_10um_Calib_75.3004_0_4.npy,P0/data/dataset_Particles2SNR_F_c1/train/10um/HFocusing_5_10_10um_Calib_75.3004_0_4.npy,10um,2303,16384,5,15,6,2196.374267578125,3,peak_bin_energy_over_lowest_window_energy,1.266100034504156e-06,0.06273465072163029,0.0627346507344064,17.47771681130957,-3.840686914721695e-07,0.06229467263603878,0.062294672637222735,18.044164850871077,0.9960085234282631,1.0263376240388918e-11
HFocusing_5_10_10um_Calib_75.3004_0_6.npy,P0/data/dataset_Particles2SNR_F_c1/train/10um/HFocusing_5_10_10um_Calib_75.3004_0_6.npy,10um,2304,16384,0,15,0,2013.9097900390625,3,peak_bin_energy_over_lowest_window_energy,9.402903595709241e-05,0.028009005206658225,0.028009163038659517,-0.008286146543338369,7.413590644420966e-05,0.026790348737383913,0.026790451313915414,-0.030079263487354346,0.972201493853195,1.557137241370126e-11
HFocusing_5_10_10um_Calib_75.311_0_1.npy,P0/data/dataset_Particles2SNR_F_c1/train/10um/HFocusing_5_10_10um_Calib_75.311_0_1.npy,10um,2305,16384,7,15,6,2133.0859375,3,peak_bin_energy_over_lowest_window_energy,-2.3171648619138663e-06,0.12862776047251323,0.1286277604933845,18.889654378806473,1.1765209109452471e-05,0.12821317304877083,0.12821317358857554,19.341359881614235,0.9980735226604585,6.0887354818386e-12
HFocusing_5_10_10um_Calib_75.311_0_2.npy,P0/data/dataset_Particles2SNR_F_c1/train/10um/HFocusing_5_10_10um_Calib_75.311_0_2.npy,10um,2306,16384,7,15,3,1845.71875,3,peak_bin_energy_over_lowest_window_energy,-0.00012383172146131246,0.02907903089933807,0.029079294564000317,0.24833316345837808,-0.00011962066634105877,0.02808940906963899,0.028089663774871588,0.2974491651893256,0.9783596694806812,1.2606291313625877e-11
HFocusing_5_10_10um_Calib_75.311_0_3.npy,P0/data/dataset_Particles2SNR_F_c1/train/10um/HFocusing_5_10_10um_Calib_75.311_0_3.npy,10um,2307,16384,15,15,13,3865.046142578125,3,peak_bin_energy_over_lowest_window_energy,0.0001076879984939924,0.12635265214019234,0.12635269803041593,25.457646905066937,8.596033441813432e-05,0.12596729188348693,0.12596732121323642,25.817517617889713,0.9979985677608073,3.983566739437178e-12
HFocusing_5_10_10um_Calib_75.311_0_7.npy,P0/data/dataset_Particles2SNR_F_c1/train/10um/HFocusing_5_10_10um_Calib_75.311_0_7.npy,10um,2308,16384,8,15,7,2583.680908203125,3,peak_bin_energy_over_lowest_window_energy,-5.376759690567567e-05,0.07384912313080678,0.0738491427041881,15.396955443077452,-4.150439867833697e-05,0.07339871146949288,0.07339872320413329,15.748767663460587,0.9961884553813304,9.928485156576759e-12
HFocusing_5_10_10um_Calib_75.311_0_9.npy,P0/data/dataset_Particles2SNR_F_c1/train/10um/HFocusing_5_10_10um_Calib_75.311_0_9.npy,10um,2309,16384,11,15,6,2467.929443359375,3,peak_bin_energy_over_lowest_window_energy,7.224307774272172e-05,0.0314392749857061,0.031439357987864944,0.03400077233431409,4.4225740852820346e-05,0.030258917097450825,0.030258949417098998,0.1015983895555066,0.9757509539411938,1.3746817499119965e-11
