split,source_path,output_path,class,filename,policy,interval_idx,start_sample,end_sample,duration_samples,action,dropped_events,fs,fmin,fmax,min_flat,zero_threshold,guard_before,guard_after,max_consecutive_flat
train,particles2SNR_pipeline/output/p0_c1_Particles2SNR_F_staging/train/2um/HFocusing_5_10_2um2_0_10.npy,P0/data/dataset_Particles2SNR_F_c1/train/2um/HFocusing_5_10_2um2_0_10.npy,2um,HFocusing_5_10_2um2_0_10.npy,replace,,,,,saturation_cleaned_bandpass_filtered,0,2000000.0,7000.0,80000.0,500,0.0001,300,300,0
train,particles2SNR_pipeline/output/p0_c1_Particles2SNR_F_staging/train/2um/HFocusing_5_10_2um2_0_1000.npy,P0/data/dataset_Particles2SNR_F_c1/train/2um/HFocusing_5_10_2um2_0_1000.npy,2um,HFocusing_5_10_2um2_0_1000.npy,replace,,,,,saturation_cleaned_bandpass_filtered,0,2000000.0,7000.0,80000.0,500,0.0001,300,300,0
train,particles2SNR_pipeline/output/p0_c1_Particles2SNR_F_staging/train/2um/HFocusing_5_10_2um2_0_1001.npy,P0/data/dataset_Particles2SNR_F_c1/train/2um/HFocusing_5_10_2um2_0_1001.npy,2um,HFocusing_5_10_2um2_0_1001.npy,replace,,,,,saturation_cleaned_bandpass_filtered,0,2000000.0,7000.0,80000.0,500,0.0001,300,300,0
train,particles2SNR_pipeline/output/p0_c1_Particles2SNR_F_staging/train/2um/HFocusing_5_10_2um2_0_1004.npy,P0/data/dataset_Particles2SNR_F_c1/train/2um/HFocusing_5_10_2um2_0_1004.npy,2um,HFocusing_5_10_2um2_0_1004.npy,replace,,,,,saturation_cleaned_bandpass_filtered,0,2000000.0,7000.0,80000.0,500,0.0001,300,300,0
train,particles2SNR_pipeline/output/p0_c1_Particles2SNR_F_staging/train/2um/HFocusing_5_10_2um2_0_1005.npy,P0/data/dataset_Particles2SNR_F_c1/train/2um/HFocusing_5_10_2um2_0_1005.npy,2um,HFocusing_5_10_2um2_0_1005.npy,replace,,,,,saturation_cleaned_bandpass_filtered,0,2000000.0,7000.0,80000.0,500,0.0001,300,300,0
train,particles2SNR_pipeline/output/p0_c1_Particles2SNR_F_staging/train/2um/HFocusing_5_10_2um2_0_1008.npy,P0/data/dataset_Particles2SNR_F_c1/train/2um/HFocusing_5_10_2um2_0_1008.npy,2um,HFocusing_5_10_2um2_0_1008.npy,replace,,,,,saturation_cleaned_bandpass_filtered,0,2000000.0,7000.0,80000.0,500,0.0001,300,300,0
train,particles2SNR_pipeline/output/p0_c1_Particles2SNR_F_staging/train/2um/HFocusing_5_10_2um2_0_1009.npy,P0/data/dataset_Particles2SNR_F_c1/train/2um/HFocusing_5_10_2um2_0_1009.npy,2um,HFocusing_5_10_2um2_0_1009.npy,replace,,,,,saturation_cleaned_bandpass_filtered,0,2000000.0,7000.0,80000.0,500,0.0001,300,300,0
train,particles2SNR_pipeline/output/p0_c1_Particles2SNR_F_staging/train/2um/HFocusing_5_10_2um2_0_1011.npy,P0/data/dataset_Particles2SNR_F_c1/train/2um/HFocusing_5_10_2um2_0_1011.npy,2um,HFocusing_5_10_2um2_0_1011.npy,replace,,,,,saturation_cleaned_bandpass_filtered,0,2000000.0,7000.0,80000.0,500,0.0001,300,300,0
train,particles2SNR_pipeline/output/p0_c1_Particles2SNR_F_staging/train/2um/HFocusing_5_10_2um2_0_1015.npy,P0/data/dataset_Particles2SNR_F_c1/train/2um/HFocusing_5_10_2um2_0_1015.npy,2um,HFocusing_5_10_2um2_0_1015.npy,replace,,,,,saturation_cleaned_bandpass_filtered,0,2000000.0,7000.0,80000.0,500,0.0001,300,300,0
train,particles2SNR_pipeline/output/p0_c1_Particles2SNR_F_staging/train/2um/HFocusing_5_10_2um2_0_1018.npy,P0/data/dataset_Particles2SNR_F_c1/train/2um/HFocusing_5_10_2um2_0_1018.npy,2um,HFocusing_5_10_2um2_0_1018.npy,replace,,,,,saturation_cleaned_bandpass_filtered,0,2000000.0,7000.0,80000.0,500,0.0001,300,300,0
train,particles2SNR_pipeline/output/p0_c1_Particles2SNR_F_staging/train/2um/HFocusing_5_10_2um2_0_1019.npy,P0/data/dataset_Particles2SNR_F_c1/train/2um/HFocusing_5_10_2um2_0_1019.npy,2um,HFocusing_5_10_2um2_0_1019.npy,replace,,,,,saturation_cleaned_bandpass_filtered,0,2000000.0,7000.0,80000.0,500,0.0001,300,300,0
train,particles2SNR_pipeline/output/p0_c1_Particles2SNR_F_staging/train/2um/HFocusing_5_10_2um2_0_1022.npy,P0/data/dataset_Particles2SNR_F_c1/train/2um/HFocusing_5_10_2um2_0_1022.npy,2um,HFocusing_5_10_2um2_0_1022.npy,replace,,,,,saturation_cleaned_bandpass_filtered,0,2000000.0,7000.0,80000.0,500,0.0001,300,300,0
train,particles2SNR_pipeline/output/p0_c1_Particles2SNR_F_staging/train/2um/HFocusing_5_10_2um2_0_1023.npy,P0/data/dataset_Particles2SNR_F_c1/train/2um/HFocusing_5_10_2um2_0_1023.npy,2um,HFocusing_5_10_2um2_0_1023.npy,replace,,,,,saturation_cleaned_bandpass_filtered,0,2000000.0,7000.0,80000.0,500,0.0001,300,300,0
train,particles2SNR_pipeline/output/p0_c1_Particles2SNR_F_staging/train/2um/HFocusing_5_10_2um2_0_1026.npy,P0/data/dataset_Particles2SNR_F_c1/train/2um/HFocusing_5_10_2um2_0_1026.npy,2um,HFocusing_5_10_2um2_0_1026.npy,replace,,,,,saturation_cleaned_bandpass_filtered,0,2000000.0,7000.0,80000.0,500,0.0001,300,300,0
train,particles2SNR_pipeline/output/p0_c1_Particles2SNR_F_staging/train/2um/HFocusing_5_10_2um2_0_1027.npy,P0/data/dataset_Particles2SNR_F_c1/train/2um/HFocusing_5_10_2um2_0_1027.npy,2um,HFocusing_5_10_2um2_0_1027.npy,replace,,,,,saturation_cleaned_bandpass_filtered,0,2000000.0,7000.0,80000.0,500,0.0001,300,300,0
train,particles2SNR_pipeline/output/p0_c1_Particles2SNR_F_staging/train/2um/HFocusing_5_10_2um2_0_1030.npy,P0/data/dataset_Particles2SNR_F_c1/train/2um/HFocusing_5_10_2um2_0_1030.npy,2um,HFocusing_5_10_2um2_0_1030.npy,replace,,,,,saturation_cleaned_bandpass_filtered,0,2000000.0,7000.0,80000.0,500,0.0001,300,300,0
train,particles2SNR_pipeline/output/p0_c1_Particles2SNR_F_staging/train/2um/HFocusing_5_10_2um2_0_1037.npy,P0/data/dataset_Particles2SNR_F_c1/train/2um/HFocusing_5_10_2um2_0_1037.npy,2um,HFocusing_5_10_2um2_0_1037.npy,replace,,,,,saturation_cleaned_bandpass_filtered,0,2000000.0,7000.0,80000.0,500,0.0001,300,300,0
train,particles2SNR_pipeline/output/p0_c1_Particles2SNR_F_staging/train/2um/HFocusing_5_10_2um2_0_1040.npy,P0/data/dataset_Particles2SNR_F_c1/train/2um/HFocusing_5_10_2um2_0_1040.npy,2um,HFocusing_5_10_2um2_0_1040.npy,replace,,,,,saturation_cleaned_bandpass_filtered,0,2000000.0,7000.0,80000.0,500,0.0001,300,300,0
train,particles2SNR_pipeline/output/p0_c1_Particles2SNR_F_staging/train/2um/HFocusing_5_10_2um2_0_1041.npy,P0/data/dataset_Particles2SNR_F_c1/train/2um/HFocusing_5_10_2um2_0_1041.npy,2um,HFocusing_5_10_2um2_0_1041.npy,replace,,,,,saturation_cleaned_bandpass_filtered,0,2000000.0,7000.0,80000.0,500,0.0001,300,300,0
train,particles2SNR_pipeline/output/p0_c1_Particles2SNR_F_staging/train/2um/HFocusing_5_10_2um2_0_1047.npy,P0/data/dataset_Particles2SNR_F_c1/train/2um/HFocusing_5_10_2um2_0_1047.npy,2um,HFocusing_5_10_2um2_0_1047.npy,replace,,,,,saturation_cleaned_bandpass_filtered,0,2000000.0,7000.0,80000.0,500,0.0001,300,300,0
train,particles2SNR_pipeline/output/p0_c1_Particles2SNR_F_staging/train/2um/HFocusing_5_10_2um2_0_1048.npy,P0/data/dataset_Particles2SNR_F_c1/train/2um/HFocusing_5_10_2um2_0_1048.npy,2um,HFocusing_5_10_2um2_0_1048.npy,replace,,,,,saturation_cleaned_bandpass_filtered,0,2000000.0,7000.0,80000.0,500,0.0001,300,300,0
train,particles2SNR_pipeline/output/p0_c1_Particles2SNR_F_staging/train/2um/HFocusing_5_10_2um2_0_105.npy,P0/data/dataset_Particles2SNR_F_c1/train/2um/HFocusing_5_10_2um2_0_105.npy,2um,HFocusing_5_10_2um2_0_105.npy,replace,,,,,saturation_cleaned_bandpass_filtered,0,2000000.0,7000.0,80000.0,500,0.0001,300,300,0
train,particles2SNR_pipeline/output/p0_c1_Particles2SNR_F_staging/train/2um/HFocusing_5_10_2um2_0_1051.npy,P0/data/dataset_Particles2SNR_F_c1/train/2um/HFocusing_5_10_2um2_0_1051.npy,2um,HFocusing_5_10_2um2_0_1051.npy,replace,,,,,saturation_cleaned_bandpass_filtered,0,2000000.0,7000.0,80000.0,500,0.0001,300,300,0
train,particles2SNR_pipeline/output/p0_c1_Particles2SNR_F_staging/train/2um/HFocusing_5_10_2um2_0_1055.npy,P0/data/dataset_Particles2SNR_F_c1/train/2um/HFocusing_5_10_2um2_0_1055.npy,2um,HFocusing_5_10_2um2_0_1055.npy,replace,,,,,saturation_cleaned_bandpass_filtered,0,2000000.0,7000.0,80000.0,500,0.0001,300,300,0
train,particles2SNR_pipeline/output/p0_c1_Particles2SNR_F_staging/train/2um/HFocusing_5_10_2um2_0_1056.npy,P0/data/dataset_Particles2SNR_F_c1/train/2um/HFocusing_5_10_2um2_0_1056.npy,2um,HFocusing_5_10_2um2_0_1056.npy,replace,,,,,saturation_cleaned_bandpass_filtered,0,2000000.0,7000.0,80000.0,500,0.0001,300,300,0
train,particles2SNR_pipeline/output/p0_c1_Particles2SNR_F_staging/train/2um/HFocusing_5_10_2um2_0_1059.npy,P0/data/dataset_Particles2SNR_F_c1/train/2um/HFocusing_5_10_2um2_0_1059.npy,2um,HFocusing_5_10_2um2_0_1059.npy,replace,,,,,saturation_cleaned_bandpass_filtered,0,2000000.0,7000.0,80000.0,500,0.0001,300,300,0
train,particles2SNR_pipeline/output/p0_c1_Particles2SNR_F_staging/train/2um/HFocusing_5_10_2um2_0_106.npy,P0/data/dataset_Particles2SNR_F_c1/train/2um/HFocusing_5_10_2um2_0_106.npy,2um,HFocusing_5_10_2um2_0_106.npy,replace,,,,,saturation_cleaned_bandpass_filtered,0,2000000.0,7000.0,80000.0,500,0.0001,300,300,0
train,particles2SNR_pipeline/output/p0_c1_Particles2SNR_F_staging/train/2um/HFocusing_5_10_2um2_0_1062.npy,P0/data/dataset_Particles2SNR_F_c1/train/2um/HFocusing_5_10_2um2_0_1062.npy,2um,HFocusing_5_10_2um2_0_1062.npy,replace,,,,,saturation_cleaned_bandpass_filtered,0,2000000.0,7000.0,80000.0,500,0.0001,300,300,0
train,particles2SNR_pipeline/output/p0_c1_Particles2SNR_F_staging/train/2um/HFocusing_5_10_2um2_0_1066.npy,P0/data/dataset_Particles2SNR_F_c1/train/2um/HFocusing_5_10_2um2_0_1066.npy,2um,HFocusing_5_10_2um2_0_1066.npy,replace,,,,,saturation_cleaned_bandpass_filtered,0,2000000.0,7000.0,80000.0,500,0.0001,300,300,0
train,particles2SNR_pipeline/output/p0_c1_Particles2SNR_F_staging/train/2um/HFocusing_5_10_2um2_0_1067.npy,P0/data/dataset_Particles2SNR_F_c1/train/2um/HFocusing_5_10_2um2_0_1067.npy,2um,HFocusing_5_10_2um2_0_1067.npy,replace,,,,,saturation_cleaned_bandpass_filtered,0,2000000.0,7000.0,80000.0,500,0.0001,300,300,0
train,particles2SNR_pipeline/output/p0_c1_Particles2SNR_F_staging/train/2um/HFocusing_5_10_2um2_0_1070.npy,P0/data/dataset_Particles2SNR_F_c1/train/2um/HFocusing_5_10_2um2_0_1070.npy,2um,HFocusing_5_10_2um2_0_1070.npy,replace,,,,,saturation_cleaned_bandpass_filtered,0,2000000.0,7000.0,80000.0,500,0.0001,300,300,0
train,particles2SNR_pipeline/output/p0_c1_Particles2SNR_F_staging/train/2um/HFocusing_5_10_2um2_0_1073.npy,P0/data/dataset_Particles2SNR_F_c1/train/2um/HFocusing_5_10_2um2_0_1073.npy,2um,HFocusing_5_10_2um2_0_1073.npy,replace,,,,,saturation_cleaned_bandpass_filtered,0,2000000.0,7000.0,80000.0,500,0.0001,300,300,0
train,particles2SNR_pipeline/output/p0_c1_Particles2SNR_F_staging/train/2um/HFocusing_5_10_2um2_0_1074.npy,P0/data/dataset_Particles2SNR_F_c1/train/2um/HFocusing_5_10_2um2_0_1074.npy,2um,HFocusing_5_10_2um2_0_1074.npy,replace,,,,,saturation_cleaned_bandpass_filtered,0,2000000.0,7000.0,80000.0,500,0.0001,300,300,0
train,particles2SNR_pipeline/output/p0_c1_Particles2SNR_F_staging/train/2um/HFocusing_5_10_2um2_0_1078.npy,P0/data/dataset_Particles2SNR_F_c1/train/2um/HFocusing_5_10_2um2_0_1078.npy,2um,HFocusing_5_10_2um2_0_1078.npy,replace,,,,,saturation_cleaned_bandpass_filtered,0,2000000.0,7000.0,80000.0,500,0.0001,300,300,0
train,particles2SNR_pipeline/output/p0_c1_Particles2SNR_F_staging/train/2um/HFocusing_5_10_2um2_0_1081.npy,P0/data/dataset_Particles2SNR_F_c1/train/2um/HFocusing_5_10_2um2_0_1081.npy,2um,HFocusing_5_10_2um2_0_1081.npy,replace,,,,,saturation_cleaned_bandpass_filtered,0,2000000.0,7000.0,80000.0,500,0.0001,300,300,0
train,particles2SNR_pipeline/output/p0_c1_Particles2SNR_F_staging/train/2um/HFocusing_5_10_2um2_0_1082.npy,P0/data/dataset_Particles2SNR_F_c1/train/2um/HFocusing_5_10_2um2_0_1082.npy,2um,HFocusing_5_10_2um2_0_1082.npy,replace,,,,,saturation_cleaned_bandpass_filtered,0,2000000.0,7000.0,80000.0,500,0.0001,300,300,0
train,particles2SNR_pipeline/output/p0_c1_Particles2SNR_F_staging/train/2um/HFocusing_5_10_2um2_0_1086.npy,P0/data/dataset_Particles2SNR_F_c1/train/2um/HFocusing_5_10_2um2_0_1086.npy,2um,HFocusing_5_10_2um2_0_1086.npy,replace,,,,,saturation_cleaned_bandpass_filtered,0,2000000.0,7000.0,80000.0,500,0.0001,300,300,0
train,particles2SNR_pipeline/output/p0_c1_Particles2SNR_F_staging/train/2um/HFocusing_5_10_2um2_0_109.npy,P0/data/dataset_Particles2SNR_F_c1/train/2um/HFocusing_5_10_2um2_0_109.npy,2um,HFocusing_5_10_2um2_0_109.npy,replace,,,,,saturation_cleaned_bandpass_filtered,0,2000000.0,7000.0,80000.0,500,0.0001,300,300,0
train,particles2SNR_pipeline/output/p0_c1_Particles2SNR_F_staging/train/2um/HFocusing_5_10_2um2_0_1090.npy,P0/data/dataset_Particles2SNR_F_c1/train/2um/HFocusing_5_10_2um2_0_1090.npy,2um,HFocusing_5_10_2um2_0_1090.npy,replace,,,,,saturation_cleaned_bandpass_filtered,0,2000000.0,7000.0,80000.0,500,0.0001,300,300,0
train,particles2SNR_pipeline/output/p0_c1_Particles2SNR_F_staging/train/2um/HFocusing_5_10_2um2_0_1092.npy,P0/data/dataset_Particles2SNR_F_c1/train/2um/HFocusing_5_10_2um2_0_1092.npy,2um,HFocusing_5_10_2um2_0_1092.npy,replace,,,,,saturation_cleaned_bandpass_filtered,0,2000000.0,7000.0,80000.0,500,0.0001,300,300,0
train,particles2SNR_pipeline/output/p0_c1_Particles2SNR_F_staging/train/2um/HFocusing_5_10_2um2_0_1097.npy,P0/data/dataset_Particles2SNR_F_c1/train/2um/HFocusing_5_10_2um2_0_1097.npy,2um,HFocusing_5_10_2um2_0_1097.npy,replace,,,,,saturation_cleaned_bandpass_filtered,0,2000000.0,7000.0,80000.0,500,0.0001,300,300,0
train,particles2SNR_pipeline/output/p0_c1_Particles2SNR_F_staging/train/2um/HFocusing_5_10_2um2_0_11.npy,P0/data/dataset_Particles2SNR_F_c1/train/2um/HFocusing_5_10_2um2_0_11.npy,2um,HFocusing_5_10_2um2_0_11.npy,replace,,,,,saturation_cleaned_bandpass_filtered,0,2000000.0,7000.0,80000.0,500,0.0001,300,300,0
train,particles2SNR_pipeline/output/p0_c1_Particles2SNR_F_staging/train/2um/HFocusing_5_10_2um2_0_1100.npy,P0/data/dataset_Particles2SNR_F_c1/train/2um/HFocusing_5_10_2um2_0_1100.npy,2um,HFocusing_5_10_2um2_0_1100.npy,replace,,,,,saturation_cleaned_bandpass_filtered,0,2000000.0,7000.0,80000.0,500,0.0001,300,300,0
train,particles2SNR_pipeline/output/p0_c1_Particles2SNR_F_staging/train/2um/HFocusing_5_10_2um2_0_1101.npy,P0/data/dataset_Particles2SNR_F_c1/train/2um/HFocusing_5_10_2um2_0_1101.npy,2um,HFocusing_5_10_2um2_0_1101.npy,replace,,,,,saturation_cleaned_bandpass_filtered,0,2000000.0,7000.0,80000.0,500,0.0001,300,300,0
train,particles2SNR_pipeline/output/p0_c1_Particles2SNR_F_staging/train/2um/HFocusing_5_10_2um2_0_1104.npy,P0/data/dataset_Particles2SNR_F_c1/train/2um/HFocusing_5_10_2um2_0_1104.npy,2um,HFocusing_5_10_2um2_0_1104.npy,replace,,,,,saturation_cleaned_bandpass_filtered,0,2000000.0,7000.0,80000.0,500,0.0001,300,300,0
train,particles2SNR_pipeline/output/p0_c1_Particles2SNR_F_staging/train/2um/HFocusing_5_10_2um2_0_1107.npy,P0/data/dataset_Particles2SNR_F_c1/train/2um/HFocusing_5_10_2um2_0_1107.npy,2um,HFocusing_5_10_2um2_0_1107.npy,replace,,,,,saturation_cleaned_bandpass_filtered,0,2000000.0,7000.0,80000.0,500,0.0001,300,300,0
train,particles2SNR_pipeline/output/p0_c1_Particles2SNR_F_staging/train/2um/HFocusing_5_10_2um2_0_1108.npy,P0/data/dataset_Particles2SNR_F_c1/train/2um/HFocusing_5_10_2um2_0_1108.npy,2um,HFocusing_5_10_2um2_0_1108.npy,replace,,,,,saturation_cleaned_bandpass_filtered,0,2000000.0,7000.0,80000.0,500,0.0001,300,300,0
train,particles2SNR_pipeline/output/p0_c1_Particles2SNR_F_staging/train/2um/HFocusing_5_10_2um2_0_1111.npy,P0/data/dataset_Particles2SNR_F_c1/train/2um/HFocusing_5_10_2um2_0_1111.npy,2um,HFocusing_5_10_2um2_0_1111.npy,replace,,,,,saturation_cleaned_bandpass_filtered,0,2000000.0,7000.0,80000.0,500,0.0001,300,300,0
train,particles2SNR_pipeline/output/p0_c1_Particles2SNR_F_staging/train/2um/HFocusing_5_10_2um2_0_1116.npy,P0/data/dataset_Particles2SNR_F_c1/train/2um/HFocusing_5_10_2um2_0_1116.npy,2um,HFocusing_5_10_2um2_0_1116.npy,replace,,,,,saturation_cleaned_bandpass_filtered,0,2000000.0,7000.0,80000.0,500,0.0001,300,300,0
train,particles2SNR_pipeline/output/p0_c1_Particles2SNR_F_staging/train/2um/HFocusing_5_10_2um2_0_1118.npy,P0/data/dataset_Particles2SNR_F_c1/train/2um/HFocusing_5_10_2um2_0_1118.npy,2um,HFocusing_5_10_2um2_0_1118.npy,replace,,,,,saturation_cleaned_bandpass_filtered,0,2000000.0,7000.0,80000.0,500,0.0001,300,300,0
train,particles2SNR_pipeline/output/p0_c1_Particles2SNR_F_staging/train/2um/HFocusing_5_10_2um2_0_1119.npy,P0/data/dataset_Particles2SNR_F_c1/train/2um/HFocusing_5_10_2um2_0_1119.npy,2um,HFocusing_5_10_2um2_0_1119.npy,replace,,,,,saturation_cleaned_bandpass_filtered,0,2000000.0,7000.0,80000.0,500,0.0001,300,300,0
train,particles2SNR_pipeline/output/p0_c1_Particles2SNR_F_staging/train/2um/HFocusing_5_10_2um2_0_112.npy,P0/data/dataset_Particles2SNR_F_c1/train/2um/HFocusing_5_10_2um2_0_112.npy,2um,HFocusing_5_10_2um2_0_112.npy,replace,,,,,saturation_cleaned_bandpass_filtered,0,2000000.0,7000.0,80000.0,500,0.0001,300,300,0
train,particles2SNR_pipeline/output/p0_c1_Particles2SNR_F_staging/train/2um/HFocusing_5_10_2um2_0_1125.npy,P0/data/dataset_Particles2SNR_F_c1/train/2um/HFocusing_5_10_2um2_0_1125.npy,2um,HFocusing_5_10_2um2_0_1125.npy,replace,,,,,saturation_cleaned_bandpass_filtered,0,2000000.0,7000.0,80000.0,500,0.0001,300,300,0
train,particles2SNR_pipeline/output/p0_c1_Particles2SNR_F_staging/train/2um/HFocusing_5_10_2um2_0_1128.npy,P0/data/dataset_Particles2SNR_F_c1/train/2um/HFocusing_5_10_2um2_0_1128.npy,2um,HFocusing_5_10_2um2_0_1128.npy,replace,,,,,saturation_cleaned_bandpass_filtered,0,2000000.0,7000.0,80000.0,500,0.0001,300,300,0
train,particles2SNR_pipeline/output/p0_c1_Particles2SNR_F_staging/train/2um/HFocusing_5_10_2um2_0_113.npy,P0/data/dataset_Particles2SNR_F_c1/train/2um/HFocusing_5_10_2um2_0_113.npy,2um,HFocusing_5_10_2um2_0_113.npy,replace,,,,,saturation_cleaned_bandpass_filtered,0,2000000.0,7000.0,80000.0,500,0.0001,300,300,0
train,particles2SNR_pipeline/output/p0_c1_Particles2SNR_F_staging/train/2um/HFocusing_5_10_2um2_0_1133.npy,P0/data/dataset_Particles2SNR_F_c1/train/2um/HFocusing_5_10_2um2_0_1133.npy,2um,HFocusing_5_10_2um2_0_1133.npy,replace,,,,,saturation_cleaned_bandpass_filtered,0,2000000.0,7000.0,80000.0,500,0.0001,300,300,0
train,particles2SNR_pipeline/output/p0_c1_Particles2SNR_F_staging/train/2um/HFocusing_5_10_2um2_0_1136.npy,P0/data/dataset_Particles2SNR_F_c1/train/2um/HFocusing_5_10_2um2_0_1136.npy,2um,HFocusing_5_10_2um2_0_1136.npy,replace,,,,,saturation_cleaned_bandpass_filtered,0,2000000.0,7000.0,80000.0,500,0.0001,300,300,0
train,particles2SNR_pipeline/output/p0_c1_Particles2SNR_F_staging/train/2um/HFocusing_5_10_2um2_0_1140.npy,P0/data/dataset_Particles2SNR_F_c1/train/2um/HFocusing_5_10_2um2_0_1140.npy,2um,HFocusing_5_10_2um2_0_1140.npy,replace,,,,,saturation_cleaned_bandpass_filtered,0,2000000.0,7000.0,80000.0,500,0.0001,300,300,0
train,particles2SNR_pipeline/output/p0_c1_Particles2SNR_F_staging/train/2um/HFocusing_5_10_2um2_0_1143.npy,P0/data/dataset_Particles2SNR_F_c1/train/2um/HFocusing_5_10_2um2_0_1143.npy,2um,HFocusing_5_10_2um2_0_1143.npy,replace,,,,,saturation_cleaned_bandpass_filtered,0,2000000.0,7000.0,80000.0,500,0.0001,300,300,0
train,particles2SNR_pipeline/output/p0_c1_Particles2SNR_F_staging/train/2um/HFocusing_5_10_2um2_0_1146.npy,P0/data/dataset_Particles2SNR_F_c1/train/2um/HFocusing_5_10_2um2_0_1146.npy,2um,HFocusing_5_10_2um2_0_1146.npy,replace,,,,,saturation_cleaned_bandpass_filtered,0,2000000.0,7000.0,80000.0,500,0.0001,300,300,0
train,particles2SNR_pipeline/output/p0_c1_Particles2SNR_F_staging/train/2um/HFocusing_5_10_2um2_0_1149.npy,P0/data/dataset_Particles2SNR_F_c1/train/2um/HFocusing_5_10_2um2_0_1149.npy,2um,HFocusing_5_10_2um2_0_1149.npy,replace,,,,,saturation_cleaned_bandpass_filtered,0,2000000.0,7000.0,80000.0,500,0.0001,300,300,0
train,particles2SNR_pipeline/output/p0_c1_Particles2SNR_F_staging/train/2um/HFocusing_5_10_2um2_0_1153.npy,P0/data/dataset_Particles2SNR_F_c1/train/2um/HFocusing_5_10_2um2_0_1153.npy,2um,HFocusing_5_10_2um2_0_1153.npy,replace,,,,,saturation_cleaned_bandpass_filtered,0,2000000.0,7000.0,80000.0,500,0.0001,300,300,0
train,particles2SNR_pipeline/output/p0_c1_Particles2SNR_F_staging/train/2um/HFocusing_5_10_2um2_0_1154.npy,P0/data/dataset_Particles2SNR_F_c1/train/2um/HFocusing_5_10_2um2_0_1154.npy,2um,HFocusing_5_10_2um2_0_1154.npy,replace,,,,,saturation_cleaned_bandpass_filtered,0,2000000.0,7000.0,80000.0,500,0.0001,300,300,0
train,particles2SNR_pipeline/output/p0_c1_Particles2SNR_F_staging/train/2um/HFocusing_5_10_2um2_0_1158.npy,P0/data/dataset_Particles2SNR_F_c1/train/2um/HFocusing_5_10_2um2_0_1158.npy,2um,HFocusing_5_10_2um2_0_1158.npy,replace,,,,,saturation_cleaned_bandpass_filtered,0,2000000.0,7000.0,80000.0,500,0.0001,300,300,0
train,particles2SNR_pipeline/output/p0_c1_Particles2SNR_F_staging/train/2um/HFocusing_5_10_2um2_0_1162.npy,P0/data/dataset_Particles2SNR_F_c1/train/2um/HFocusing_5_10_2um2_0_1162.npy,2um,HFocusing_5_10_2um2_0_1162.npy,replace,,,,,saturation_cleaned_bandpass_filtered,0,2000000.0,7000.0,80000.0,500,0.0001,300,300,0
train,particles2SNR_pipeline/output/p0_c1_Particles2SNR_F_staging/train/2um/HFocusing_5_10_2um2_0_1165.npy,P0/data/dataset_Particles2SNR_F_c1/train/2um/HFocusing_5_10_2um2_0_1165.npy,2um,HFocusing_5_10_2um2_0_1165.npy,replace,,,,,saturation_cleaned_bandpass_filtered,0,2000000.0,7000.0,80000.0,500,0.0001,300,300,0
train,particles2SNR_pipeline/output/p0_c1_Particles2SNR_F_staging/train/2um/HFocusing_5_10_2um2_0_1168.npy,P0/data/dataset_Particles2SNR_F_c1/train/2um/HFocusing_5_10_2um2_0_1168.npy,2um,HFocusing_5_10_2um2_0_1168.npy,replace,,,,,saturation_cleaned_bandpass_filtered,0,2000000.0,7000.0,80000.0,500,0.0001,300,300,0
train,particles2SNR_pipeline/output/p0_c1_Particles2SNR_F_staging/train/2um/HFocusing_5_10_2um2_0_1169.npy,P0/data/dataset_Particles2SNR_F_c1/train/2um/HFocusing_5_10_2um2_0_1169.npy,2um,HFocusing_5_10_2um2_0_1169.npy,replace,,,,,saturation_cleaned_bandpass_filtered,0,2000000.0,7000.0,80000.0,500,0.0001,300,300,0
train,particles2SNR_pipeline/output/p0_c1_Particles2SNR_F_staging/train/2um/HFocusing_5_10_2um2_0_117.npy,P0/data/dataset_Particles2SNR_F_c1/train/2um/HFocusing_5_10_2um2_0_117.npy,2um,HFocusing_5_10_2um2_0_117.npy,replace,,,,,saturation_cleaned_bandpass_filtered,0,2000000.0,7000.0,80000.0,500,0.0001,300,300,0
train,particles2SNR_pipeline/output/p0_c1_Particles2SNR_F_staging/train/2um/HFocusing_5_10_2um2_0_1172.npy,P0/data/dataset_Particles2SNR_F_c1/train/2um/HFocusing_5_10_2um2_0_1172.npy,2um,HFocusing_5_10_2um2_0_1172.npy,replace,,,,,saturation_cleaned_bandpass_filtered,0,2000000.0,7000.0,80000.0,500,0.0001,300,300,0
train,particles2SNR_pipeline/output/p0_c1_Particles2SNR_F_staging/train/2um/HFocusing_5_10_2um2_0_1173.npy,P0/data/dataset_Particles2SNR_F_c1/train/2um/HFocusing_5_10_2um2_0_1173.npy,2um,HFocusing_5_10_2um2_0_1173.npy,replace,,,,,saturation_cleaned_bandpass_filtered,0,2000000.0,7000.0,80000.0,500,0.0001,300,300,0
train,particles2SNR_pipeline/output/p0_c1_Particles2SNR_F_staging/train/2um/HFocusing_5_10_2um2_0_1176.npy,P0/data/dataset_Particles2SNR_F_c1/train/2um/HFocusing_5_10_2um2_0_1176.npy,2um,HFocusing_5_10_2um2_0_1176.npy,replace,,,,,saturation_cleaned_bandpass_filtered,0,2000000.0,7000.0,80000.0,500,0.0001,300,300,0
train,particles2SNR_pipeline/output/p0_c1_Particles2SNR_F_staging/train/2um/HFocusing_5_10_2um2_0_1179.npy,P0/data/dataset_Particles2SNR_F_c1/train/2um/HFocusing_5_10_2um2_0_1179.npy,2um,HFocusing_5_10_2um2_0_1179.npy,replace,,,,,saturation_cleaned_bandpass_filtered,0,2000000.0,7000.0,80000.0,500,0.0001,300,300,0
train,particles2SNR_pipeline/output/p0_c1_Particles2SNR_F_staging/train/2um/HFocusing_5_10_2um2_0_1180.npy,P0/data/dataset_Particles2SNR_F_c1/train/2um/HFocusing_5_10_2um2_0_1180.npy,2um,HFocusing_5_10_2um2_0_1180.npy,replace,,,,,saturation_cleaned_bandpass_filtered,0,2000000.0,7000.0,80000.0,500,0.0001,300,300,0
train,particles2SNR_pipeline/output/p0_c1_Particles2SNR_F_staging/train/2um/HFocusing_5_10_2um2_0_1183.npy,P0/data/dataset_Particles2SNR_F_c1/train/2um/HFocusing_5_10_2um2_0_1183.npy,2um,HFocusing_5_10_2um2_0_1183.npy,replace,,,,,saturation_cleaned_bandpass_filtered,0,2000000.0,7000.0,80000.0,500,0.0001,300,300,0
train,particles2SNR_pipeline/output/p0_c1_Particles2SNR_F_staging/train/2um/HFocusing_5_10_2um2_0_1185.npy,P0/data/dataset_Particles2SNR_F_c1/train/2um/HFocusing_5_10_2um2_0_1185.npy,2um,HFocusing_5_10_2um2_0_1185.npy,replace,,,,,saturation_cleaned_bandpass_filtered,0,2000000.0,7000.0,80000.0,500,0.0001,300,300,0
train,particles2SNR_pipeline/output/p0_c1_Particles2SNR_F_staging/train/2um/HFocusing_5_10_2um2_0_1189.npy,P0/data/dataset_Particles2SNR_F_c1/train/2um/HFocusing_5_10_2um2_0_1189.npy,2um,HFocusing_5_10_2um2_0_1189.npy,replace,,,,,saturation_cleaned_bandpass_filtered,0,2000000.0,7000.0,80000.0,500,0.0001,300,300,0
train,particles2SNR_pipeline/output/p0_c1_Particles2SNR_F_staging/train/2um/HFocusing_5_10_2um2_0_1195.npy,P0/data/dataset_Particles2SNR_F_c1/train/2um/HFocusing_5_10_2um2_0_1195.npy,2um,HFocusing_5_10_2um2_0_1195.npy,replace,,,,,saturation_cleaned_bandpass_filtered,0,2000000.0,7000.0,80000.0,500,0.0001,300,300,0
train,particles2SNR_pipeline/output/p0_c1_Particles2SNR_F_staging/train/2um/HFocusing_5_10_2um2_0_1196.npy,P0/data/dataset_Particles2SNR_F_c1/train/2um/HFocusing_5_10_2um2_0_1196.npy,2um,HFocusing_5_10_2um2_0_1196.npy,replace,,,,,saturation_cleaned_bandpass_filtered,0,2000000.0,7000.0,80000.0,500,0.0001,300,300,0
train,particles2SNR_pipeline/output/p0_c1_Particles2SNR_F_staging/train/2um/HFocusing_5_10_2um2_0_120.npy,P0/data/dataset_Particles2SNR_F_c1/train/2um/HFocusing_5_10_2um2_0_120.npy,2um,HFocusing_5_10_2um2_0_120.npy,replace,,,,,saturation_cleaned_bandpass_filtered,0,2000000.0,7000.0,80000.0,500,0.0001,300,300,0
train,particles2SNR_pipeline/output/p0_c1_Particles2SNR_F_staging/train/2um/HFocusing_5_10_2um2_0_1200.npy,P0/data/dataset_Particles2SNR_F_c1/train/2um/HFocusing_5_10_2um2_0_1200.npy,2um,HFocusing_5_10_2um2_0_1200.npy,replace,,,,,saturation_cleaned_bandpass_filtered,0,2000000.0,7000.0,80000.0,500,0.0001,300,300,0
train,particles2SNR_pipeline/output/p0_c1_Particles2SNR_F_staging/train/2um/HFocusing_5_10_2um2_0_1203.npy,P0/data/dataset_Particles2SNR_F_c1/train/2um/HFocusing_5_10_2um2_0_1203.npy,2um,HFocusing_5_10_2um2_0_1203.npy,replace,,,,,saturation_cleaned_bandpass_filtered,0,2000000.0,7000.0,80000.0,500,0.0001,300,300,0
train,particles2SNR_pipeline/output/p0_c1_Particles2SNR_F_staging/train/2um/HFocusing_5_10_2um2_0_1204.npy,P0/data/dataset_Particles2SNR_F_c1/train/2um/HFocusing_5_10_2um2_0_1204.npy,2um,HFocusing_5_10_2um2_0_1204.npy,replace,,,,,saturation_cleaned_bandpass_filtered,0,2000000.0,7000.0,80000.0,500,0.0001,300,300,0
train,particles2SNR_pipeline/output/p0_c1_Particles2SNR_F_staging/train/2um/HFocusing_5_10_2um2_0_1207.npy,P0/data/dataset_Particles2SNR_F_c1/train/2um/HFocusing_5_10_2um2_0_1207.npy,2um,HFocusing_5_10_2um2_0_1207.npy,replace,,,,,saturation_cleaned_bandpass_filtered,0,2000000.0,7000.0,80000.0,500,0.0001,300,300,0
train,particles2SNR_pipeline/output/p0_c1_Particles2SNR_F_staging/train/2um/HFocusing_5_10_2um2_0_121.npy,P0/data/dataset_Particles2SNR_F_c1/train/2um/HFocusing_5_10_2um2_0_121.npy,2um,HFocusing_5_10_2um2_0_121.npy,replace,,,,,saturation_cleaned_bandpass_filtered,0,2000000.0,7000.0,80000.0,500,0.0001,300,300,0
train,particles2SNR_pipeline/output/p0_c1_Particles2SNR_F_staging/train/2um/HFocusing_5_10_2um2_0_1210.npy,P0/data/dataset_Particles2SNR_F_c1/train/2um/HFocusing_5_10_2um2_0_1210.npy,2um,HFocusing_5_10_2um2_0_1210.npy,replace,,,,,saturation_cleaned_bandpass_filtered,0,2000000.0,7000.0,80000.0,500,0.0001,300,300,0
train,particles2SNR_pipeline/output/p0_c1_Particles2SNR_F_staging/train/2um/HFocusing_5_10_2um2_0_1213.npy,P0/data/dataset_Particles2SNR_F_c1/train/2um/HFocusing_5_10_2um2_0_1213.npy,2um,HFocusing_5_10_2um2_0_1213.npy,replace,,,,,saturation_cleaned_bandpass_filtered,0,2000000.0,7000.0,80000.0,500,0.0001,300,300,0
train,particles2SNR_pipeline/output/p0_c1_Particles2SNR_F_staging/train/2um/HFocusing_5_10_2um2_0_1216.npy,P0/data/dataset_Particles2SNR_F_c1/train/2um/HFocusing_5_10_2um2_0_1216.npy,2um,HFocusing_5_10_2um2_0_1216.npy,replace,,,,,saturation_cleaned_bandpass_filtered,0,2000000.0,7000.0,80000.0,500,0.0001,300,300,0
train,particles2SNR_pipeline/output/p0_c1_Particles2SNR_F_staging/train/2um/HFocusing_5_10_2um2_0_1223.npy,P0/data/dataset_Particles2SNR_F_c1/train/2um/HFocusing_5_10_2um2_0_1223.npy,2um,HFocusing_5_10_2um2_0_1223.npy,replace,,,,,saturation_cleaned_bandpass_filtered,0,2000000.0,7000.0,80000.0,500,0.0001,300,300,0
train,particles2SNR_pipeline/output/p0_c1_Particles2SNR_F_staging/train/2um/HFocusing_5_10_2um2_0_1226.npy,P0/data/dataset_Particles2SNR_F_c1/train/2um/HFocusing_5_10_2um2_0_1226.npy,2um,HFocusing_5_10_2um2_0_1226.npy,replace,,,,,saturation_cleaned_bandpass_filtered,0,2000000.0,7000.0,80000.0,500,0.0001,300,300,0
train,particles2SNR_pipeline/output/p0_c1_Particles2SNR_F_staging/train/2um/HFocusing_5_10_2um2_0_1227.npy,P0/data/dataset_Particles2SNR_F_c1/train/2um/HFocusing_5_10_2um2_0_1227.npy,2um,HFocusing_5_10_2um2_0_1227.npy,replace,,,,,saturation_cleaned_bandpass_filtered,0,2000000.0,7000.0,80000.0,500,0.0001,300,300,0
train,particles2SNR_pipeline/output/p0_c1_Particles2SNR_F_staging/train/2um/HFocusing_5_10_2um2_0_1229.npy,P0/data/dataset_Particles2SNR_F_c1/train/2um/HFocusing_5_10_2um2_0_1229.npy,2um,HFocusing_5_10_2um2_0_1229.npy,replace,,,,,saturation_cleaned_bandpass_filtered,0,2000000.0,7000.0,80000.0,500,0.0001,300,300,0
train,particles2SNR_pipeline/output/p0_c1_Particles2SNR_F_staging/train/2um/HFocusing_5_10_2um2_0_1233.npy,P0/data/dataset_Particles2SNR_F_c1/train/2um/HFocusing_5_10_2um2_0_1233.npy,2um,HFocusing_5_10_2um2_0_1233.npy,replace,,,,,saturation_cleaned_bandpass_filtered,0,2000000.0,7000.0,80000.0,500,0.0001,300,300,0
train,particles2SNR_pipeline/output/p0_c1_Particles2SNR_F_staging/train/2um/HFocusing_5_10_2um2_0_1236.npy,P0/data/dataset_Particles2SNR_F_c1/train/2um/HFocusing_5_10_2um2_0_1236.npy,2um,HFocusing_5_10_2um2_0_1236.npy,replace,,,,,saturation_cleaned_bandpass_filtered,0,2000000.0,7000.0,80000.0,500,0.0001,300,300,0
train,particles2SNR_pipeline/output/p0_c1_Particles2SNR_F_staging/train/2um/HFocusing_5_10_2um2_0_1237.npy,P0/data/dataset_Particles2SNR_F_c1/train/2um/HFocusing_5_10_2um2_0_1237.npy,2um,HFocusing_5_10_2um2_0_1237.npy,replace,,,,,saturation_cleaned_bandpass_filtered,0,2000000.0,7000.0,80000.0,500,0.0001,300,300,0
train,particles2SNR_pipeline/output/p0_c1_Particles2SNR_F_staging/train/2um/HFocusing_5_10_2um2_0_124.npy,P0/data/dataset_Particles2SNR_F_c1/train/2um/HFocusing_5_10_2um2_0_124.npy,2um,HFocusing_5_10_2um2_0_124.npy,replace,,,,,saturation_cleaned_bandpass_filtered,0,2000000.0,7000.0,80000.0,500,0.0001,300,300,0
train,particles2SNR_pipeline/output/p0_c1_Particles2SNR_F_staging/train/2um/HFocusing_5_10_2um2_0_1240.npy,P0/data/dataset_Particles2SNR_F_c1/train/2um/HFocusing_5_10_2um2_0_1240.npy,2um,HFocusing_5_10_2um2_0_1240.npy,replace,,,,,saturation_cleaned_bandpass_filtered,0,2000000.0,7000.0,80000.0,500,0.0001,300,300,0
train,particles2SNR_pipeline/output/p0_c1_Particles2SNR_F_staging/train/2um/HFocusing_5_10_2um2_0_1243.npy,P0/data/dataset_Particles2SNR_F_c1/train/2um/HFocusing_5_10_2um2_0_1243.npy,2um,HFocusing_5_10_2um2_0_1243.npy,replace,,,,,saturation_cleaned_bandpass_filtered,0,2000000.0,7000.0,80000.0,500,0.0001,300,300,0
train,particles2SNR_pipeline/output/p0_c1_Particles2SNR_F_staging/train/2um/HFocusing_5_10_2um2_0_1246.npy,P0/data/dataset_Particles2SNR_F_c1/train/2um/HFocusing_5_10_2um2_0_1246.npy,2um,HFocusing_5_10_2um2_0_1246.npy,replace,,,,,saturation_cleaned_bandpass_filtered,0,2000000.0,7000.0,80000.0,500,0.0001,300,300,0
train,particles2SNR_pipeline/output/p0_c1_Particles2SNR_F_staging/train/2um/HFocusing_5_10_2um2_0_1247.npy,P0/data/dataset_Particles2SNR_F_c1/train/2um/HFocusing_5_10_2um2_0_1247.npy,2um,HFocusing_5_10_2um2_0_1247.npy,replace,,,,,saturation_cleaned_bandpass_filtered,0,2000000.0,7000.0,80000.0,500,0.0001,300,300,0
train,particles2SNR_pipeline/output/p0_c1_Particles2SNR_F_staging/train/2um/HFocusing_5_10_2um2_0_1250.npy,P0/data/dataset_Particles2SNR_F_c1/train/2um/HFocusing_5_10_2um2_0_1250.npy,2um,HFocusing_5_10_2um2_0_1250.npy,replace,,,,,saturation_cleaned_bandpass_filtered,0,2000000.0,7000.0,80000.0,500,0.0001,300,300,0
train,particles2SNR_pipeline/output/p0_c1_Particles2SNR_F_staging/train/2um/HFocusing_5_10_2um2_0_127.npy,P0/data/dataset_Particles2SNR_F_c1/train/2um/HFocusing_5_10_2um2_0_127.npy,2um,HFocusing_5_10_2um2_0_127.npy,replace,,,,,saturation_cleaned_bandpass_filtered,0,2000000.0,7000.0,80000.0,500,0.0001,300,300,0
train,particles2SNR_pipeline/output/p0_c1_Particles2SNR_F_staging/train/2um/HFocusing_5_10_2um2_0_1274.npy,P0/data/dataset_Particles2SNR_F_c1/train/2um/HFocusing_5_10_2um2_0_1274.npy,2um,HFocusing_5_10_2um2_0_1274.npy,replace,,,,,saturation_cleaned_bandpass_filtered,0,2000000.0,7000.0,80000.0,500,0.0001,300,300,0
train,particles2SNR_pipeline/output/p0_c1_Particles2SNR_F_staging/train/2um/HFocusing_5_10_2um2_0_1277.npy,P0/data/dataset_Particles2SNR_F_c1/train/2um/HFocusing_5_10_2um2_0_1277.npy,2um,HFocusing_5_10_2um2_0_1277.npy,replace,,,,,saturation_cleaned_bandpass_filtered,0,2000000.0,7000.0,80000.0,500,0.0001,300,300,0
train,particles2SNR_pipeline/output/p0_c1_Particles2SNR_F_staging/train/2um/HFocusing_5_10_2um2_0_128.npy,P0/data/dataset_Particles2SNR_F_c1/train/2um/HFocusing_5_10_2um2_0_128.npy,2um,HFocusing_5_10_2um2_0_128.npy,replace,,,,,saturation_cleaned_bandpass_filtered,0,2000000.0,7000.0,80000.0,500,0.0001,300,300,0
train,particles2SNR_pipeline/output/p0_c1_Particles2SNR_F_staging/train/2um/HFocusing_5_10_2um2_0_1280.npy,P0/data/dataset_Particles2SNR_F_c1/train/2um/HFocusing_5_10_2um2_0_1280.npy,2um,HFocusing_5_10_2um2_0_1280.npy,replace,,,,,saturation_cleaned_bandpass_filtered,0,2000000.0,7000.0,80000.0,500,0.0001,300,300,0
train,particles2SNR_pipeline/output/p0_c1_Particles2SNR_F_staging/train/2um/HFocusing_5_10_2um2_0_1283.npy,P0/data/dataset_Particles2SNR_F_c1/train/2um/HFocusing_5_10_2um2_0_1283.npy,2um,HFocusing_5_10_2um2_0_1283.npy,replace,,,,,saturation_cleaned_bandpass_filtered,0,2000000.0,7000.0,80000.0,500,0.0001,300,300,0
train,particles2SNR_pipeline/output/p0_c1_Particles2SNR_F_staging/train/2um/HFocusing_5_10_2um2_0_1288.npy,P0/data/dataset_Particles2SNR_F_c1/train/2um/HFocusing_5_10_2um2_0_1288.npy,2um,HFocusing_5_10_2um2_0_1288.npy,replace,,,,,saturation_cleaned_bandpass_filtered,0,2000000.0,7000.0,80000.0,500,0.0001,300,300,0
train,particles2SNR_pipeline/output/p0_c1_Particles2SNR_F_staging/train/2um/HFocusing_5_10_2um2_0_1291.npy,P0/data/dataset_Particles2SNR_F_c1/train/2um/HFocusing_5_10_2um2_0_1291.npy,2um,HFocusing_5_10_2um2_0_1291.npy,replace,,,,,saturation_cleaned_bandpass_filtered,0,2000000.0,7000.0,80000.0,500,0.0001,300,300,0
train,particles2SNR_pipeline/output/p0_c1_Particles2SNR_F_staging/train/2um/HFocusing_5_10_2um2_0_1292.npy,P0/data/dataset_Particles2SNR_F_c1/train/2um/HFocusing_5_10_2um2_0_1292.npy,2um,HFocusing_5_10_2um2_0_1292.npy,replace,,,,,saturation_cleaned_bandpass_filtered,0,2000000.0,7000.0,80000.0,500,0.0001,300,300,0
train,particles2SNR_pipeline/output/p0_c1_Particles2SNR_F_staging/train/2um/HFocusing_5_10_2um2_0_1295.npy,P0/data/dataset_Particles2SNR_F_c1/train/2um/HFocusing_5_10_2um2_0_1295.npy,2um,HFocusing_5_10_2um2_0_1295.npy,replace,,,,,saturation_cleaned_bandpass_filtered,0,2000000.0,7000.0,80000.0,500,0.0001,300,300,0
train,particles2SNR_pipeline/output/p0_c1_Particles2SNR_F_staging/train/2um/HFocusing_5_10_2um2_0_1296.npy,P0/data/dataset_Particles2SNR_F_c1/train/2um/HFocusing_5_10_2um2_0_1296.npy,2um,HFocusing_5_10_2um2_0_1296.npy,replace,,,,,saturation_cleaned_bandpass_filtered,0,2000000.0,7000.0,80000.0,500,0.0001,300,300,0
train,particles2SNR_pipeline/output/p0_c1_Particles2SNR_F_staging/train/2um/HFocusing_5_10_2um2_0_1299.npy,P0/data/dataset_Particles2SNR_F_c1/train/2um/HFocusing_5_10_2um2_0_1299.npy,2um,HFocusing_5_10_2um2_0_1299.npy,replace,,,,,saturation_cleaned_bandpass_filtered,0,2000000.0,7000.0,80000.0,500,0.0001,300,300,0
train,particles2SNR_pipeline/output/p0_c1_Particles2SNR_F_staging/train/2um/HFocusing_5_10_2um2_0_1308.npy,P0/data/dataset_Particles2SNR_F_c1/train/2um/HFocusing_5_10_2um2_0_1308.npy,2um,HFocusing_5_10_2um2_0_1308.npy,replace,,,,,saturation_cleaned_bandpass_filtered,0,2000000.0,7000.0,80000.0,500,0.0001,300,300,0
train,particles2SNR_pipeline/output/p0_c1_Particles2SNR_F_staging/train/2um/HFocusing_5_10_2um2_0_1309.npy,P0/data/dataset_Particles2SNR_F_c1/train/2um/HFocusing_5_10_2um2_0_1309.npy,2um,HFocusing_5_10_2um2_0_1309.npy,replace,,,,,saturation_cleaned_bandpass_filtered,0,2000000.0,7000.0,80000.0,500,0.0001,300,300,0
train,particles2SNR_pipeline/output/p0_c1_Particles2SNR_F_staging/train/2um/HFocusing_5_10_2um2_0_131.npy,P0/data/dataset_Particles2SNR_F_c1/train/2um/HFocusing_5_10_2um2_0_131.npy,2um,HFocusing_5_10_2um2_0_131.npy,replace,,,,,saturation_cleaned_bandpass_filtered,0,2000000.0,7000.0,80000.0,500,0.0001,300,300,0
train,particles2SNR_pipeline/output/p0_c1_Particles2SNR_F_staging/train/2um/HFocusing_5_10_2um2_0_1317.npy,P0/data/dataset_Particles2SNR_F_c1/train/2um/HFocusing_5_10_2um2_0_1317.npy,2um,HFocusing_5_10_2um2_0_1317.npy,replace,,,,,saturation_cleaned_bandpass_filtered,0,2000000.0,7000.0,80000.0,500,0.0001,300,300,0
train,particles2SNR_pipeline/output/p0_c1_Particles2SNR_F_staging/train/2um/HFocusing_5_10_2um2_0_132.npy,P0/data/dataset_Particles2SNR_F_c1/train/2um/HFocusing_5_10_2um2_0_132.npy,2um,HFocusing_5_10_2um2_0_132.npy,replace,,,,,saturation_cleaned_bandpass_filtered,0,2000000.0,7000.0,80000.0,500,0.0001,300,300,0
train,particles2SNR_pipeline/output/p0_c1_Particles2SNR_F_staging/train/2um/HFocusing_5_10_2um2_0_1320.npy,P0/data/dataset_Particles2SNR_F_c1/train/2um/HFocusing_5_10_2um2_0_1320.npy,2um,HFocusing_5_10_2um2_0_1320.npy,replace,,,,,saturation_cleaned_bandpass_filtered,0,2000000.0,7000.0,80000.0,500,0.0001,300,300,0
train,particles2SNR_pipeline/output/p0_c1_Particles2SNR_F_staging/train/2um/HFocusing_5_10_2um2_0_1321.npy,P0/data/dataset_Particles2SNR_F_c1/train/2um/HFocusing_5_10_2um2_0_1321.npy,2um,HFocusing_5_10_2um2_0_1321.npy,replace,,,,,saturation_cleaned_bandpass_filtered,0,2000000.0,7000.0,80000.0,500,0.0001,300,300,0
train,particles2SNR_pipeline/output/p0_c1_Particles2SNR_F_staging/train/2um/HFocusing_5_10_2um2_0_1324.npy,P0/data/dataset_Particles2SNR_F_c1/train/2um/HFocusing_5_10_2um2_0_1324.npy,2um,HFocusing_5_10_2um2_0_1324.npy,replace,,,,,saturation_cleaned_bandpass_filtered,0,2000000.0,7000.0,80000.0,500,0.0001,300,300,0
train,particles2SNR_pipeline/output/p0_c1_Particles2SNR_F_staging/train/2um/HFocusing_5_10_2um2_0_1325.npy,P0/data/dataset_Particles2SNR_F_c1/train/2um/HFocusing_5_10_2um2_0_1325.npy,2um,HFocusing_5_10_2um2_0_1325.npy,replace,,,,,saturation_cleaned_bandpass_filtered,0,2000000.0,7000.0,80000.0,500,0.0001,300,300,0
train,particles2SNR_pipeline/output/p0_c1_Particles2SNR_F_staging/train/2um/HFocusing_5_10_2um2_0_1328.npy,P0/data/dataset_Particles2SNR_F_c1/train/2um/HFocusing_5_10_2um2_0_1328.npy,2um,HFocusing_5_10_2um2_0_1328.npy,replace,,,,,saturation_cleaned_bandpass_filtered,0,2000000.0,7000.0,80000.0,500,0.0001,300,300,0
train,particles2SNR_pipeline/output/p0_c1_Particles2SNR_F_staging/train/2um/HFocusing_5_10_2um2_0_1331.npy,P0/data/dataset_Particles2SNR_F_c1/train/2um/HFocusing_5_10_2um2_0_1331.npy,2um,HFocusing_5_10_2um2_0_1331.npy,replace,,,,,saturation_cleaned_bandpass_filtered,0,2000000.0,7000.0,80000.0,500,0.0001,300,300,0
train,particles2SNR_pipeline/output/p0_c1_Particles2SNR_F_staging/train/2um/HFocusing_5_10_2um2_0_1332.npy,P0/data/dataset_Particles2SNR_F_c1/train/2um/HFocusing_5_10_2um2_0_1332.npy,2um,HFocusing_5_10_2um2_0_1332.npy,replace,,,,,saturation_cleaned_bandpass_filtered,0,2000000.0,7000.0,80000.0,500,0.0001,300,300,0
train,particles2SNR_pipeline/output/p0_c1_Particles2SNR_F_staging/train/2um/HFocusing_5_10_2um2_0_1334.npy,P0/data/dataset_Particles2SNR_F_c1/train/2um/HFocusing_5_10_2um2_0_1334.npy,2um,HFocusing_5_10_2um2_0_1334.npy,replace,,,,,saturation_cleaned_bandpass_filtered,0,2000000.0,7000.0,80000.0,500,0.0001,300,300,0
train,particles2SNR_pipeline/output/p0_c1_Particles2SNR_F_staging/train/2um/HFocusing_5_10_2um2_0_1337.npy,P0/data/dataset_Particles2SNR_F_c1/train/2um/HFocusing_5_10_2um2_0_1337.npy,2um,HFocusing_5_10_2um2_0_1337.npy,replace,,,,,saturation_cleaned_bandpass_filtered,0,2000000.0,7000.0,80000.0,500,0.0001,300,300,0
train,particles2SNR_pipeline/output/p0_c1_Particles2SNR_F_staging/train/2um/HFocusing_5_10_2um2_0_1338.npy,P0/data/dataset_Particles2SNR_F_c1/train/2um/HFocusing_5_10_2um2_0_1338.npy,2um,HFocusing_5_10_2um2_0_1338.npy,replace,,,,,saturation_cleaned_bandpass_filtered,0,2000000.0,7000.0,80000.0,500,0.0001,300,300,0
train,particles2SNR_pipeline/output/p0_c1_Particles2SNR_F_staging/train/2um/HFocusing_5_10_2um2_0_1341.npy,P0/data/dataset_Particles2SNR_F_c1/train/2um/HFocusing_5_10_2um2_0_1341.npy,2um,HFocusing_5_10_2um2_0_1341.npy,replace,,,,,saturation_cleaned_bandpass_filtered,0,2000000.0,7000.0,80000.0,500,0.0001,300,300,0
train,particles2SNR_pipeline/output/p0_c1_Particles2SNR_F_staging/train/2um/HFocusing_5_10_2um2_0_1345.npy,P0/data/dataset_Particles2SNR_F_c1/train/2um/HFocusing_5_10_2um2_0_1345.npy,2um,HFocusing_5_10_2um2_0_1345.npy,replace,,,,,saturation_cleaned_bandpass_filtered,0,2000000.0,7000.0,80000.0,500,0.0001,300,300,0
train,particles2SNR_pipeline/output/p0_c1_Particles2SNR_F_staging/train/2um/HFocusing_5_10_2um2_0_1348.npy,P0/data/dataset_Particles2SNR_F_c1/train/2um/HFocusing_5_10_2um2_0_1348.npy,2um,HFocusing_5_10_2um2_0_1348.npy,replace,,,,,saturation_cleaned_bandpass_filtered,0,2000000.0,7000.0,80000.0,500,0.0001,300,300,0
train,particles2SNR_pipeline/output/p0_c1_Particles2SNR_F_staging/train/2um/HFocusing_5_10_2um2_0_1352.npy,P0/data/dataset_Particles2SNR_F_c1/train/2um/HFocusing_5_10_2um2_0_1352.npy,2um,HFocusing_5_10_2um2_0_1352.npy,replace,,,,,saturation_cleaned_bandpass_filtered,0,2000000.0,7000.0,80000.0,500,0.0001,300,300,0
train,particles2SNR_pipeline/output/p0_c1_Particles2SNR_F_staging/train/2um/HFocusing_5_10_2um2_0_1355.npy,P0/data/dataset_Particles2SNR_F_c1/train/2um/HFocusing_5_10_2um2_0_1355.npy,2um,HFocusing_5_10_2um2_0_1355.npy,replace,,,,,saturation_cleaned_bandpass_filtered,0,2000000.0,7000.0,80000.0,500,0.0001,300,300,0
train,particles2SNR_pipeline/output/p0_c1_Particles2SNR_F_staging/train/2um/HFocusing_5_10_2um2_0_1356.npy,P0/data/dataset_Particles2SNR_F_c1/train/2um/HFocusing_5_10_2um2_0_1356.npy,2um,HFocusing_5_10_2um2_0_1356.npy,replace,,,,,saturation_cleaned_bandpass_filtered,0,2000000.0,7000.0,80000.0,500,0.0001,300,300,0
train,particles2SNR_pipeline/output/p0_c1_Particles2SNR_F_staging/train/2um/HFocusing_5_10_2um2_0_1365.npy,P0/data/dataset_Particles2SNR_F_c1/train/2um/HFocusing_5_10_2um2_0_1365.npy,2um,HFocusing_5_10_2um2_0_1365.npy,replace,,,,,saturation_cleaned_bandpass_filtered,0,2000000.0,7000.0,80000.0,500,0.0001,300,300,0
train,particles2SNR_pipeline/output/p0_c1_Particles2SNR_F_staging/train/2um/HFocusing_5_10_2um2_0_1366.npy,P0/data/dataset_Particles2SNR_F_c1/train/2um/HFocusing_5_10_2um2_0_1366.npy,2um,HFocusing_5_10_2um2_0_1366.npy,replace,,,,,saturation_cleaned_bandpass_filtered,0,2000000.0,7000.0,80000.0,500,0.0001,300,300,0
train,particles2SNR_pipeline/output/p0_c1_Particles2SNR_F_staging/train/2um/HFocusing_5_10_2um2_0_1368.npy,P0/data/dataset_Particles2SNR_F_c1/train/2um/HFocusing_5_10_2um2_0_1368.npy,2um,HFocusing_5_10_2um2_0_1368.npy,replace,,,,,saturation_cleaned_bandpass_filtered,0,2000000.0,7000.0,80000.0,500,0.0001,300,300,0
train,particles2SNR_pipeline/output/p0_c1_Particles2SNR_F_staging/train/2um/HFocusing_5_10_2um2_0_1373.npy,P0/data/dataset_Particles2SNR_F_c1/train/2um/HFocusing_5_10_2um2_0_1373.npy,2um,HFocusing_5_10_2um2_0_1373.npy,replace,,,,,saturation_cleaned_bandpass_filtered,0,2000000.0,7000.0,80000.0,500,0.0001,300,300,0
train,particles2SNR_pipeline/output/p0_c1_Particles2SNR_F_staging/train/2um/HFocusing_5_10_2um2_0_138.npy,P0/data/dataset_Particles2SNR_F_c1/train/2um/HFocusing_5_10_2um2_0_138.npy,2um,HFocusing_5_10_2um2_0_138.npy,replace,,,,,saturation_cleaned_bandpass_filtered,0,2000000.0,7000.0,80000.0,500,0.0001,300,300,0
train,particles2SNR_pipeline/output/p0_c1_Particles2SNR_F_staging/train/2um/HFocusing_5_10_2um2_0_1380.npy,P0/data/dataset_Particles2SNR_F_c1/train/2um/HFocusing_5_10_2um2_0_1380.npy,2um,HFocusing_5_10_2um2_0_1380.npy,replace,,,,,saturation_cleaned_bandpass_filtered,0,2000000.0,7000.0,80000.0,500,0.0001,300,300,0
train,particles2SNR_pipeline/output/p0_c1_Particles2SNR_F_staging/train/2um/HFocusing_5_10_2um2_0_1383.npy,P0/data/dataset_Particles2SNR_F_c1/train/2um/HFocusing_5_10_2um2_0_1383.npy,2um,HFocusing_5_10_2um2_0_1383.npy,replace,,,,,saturation_cleaned_bandpass_filtered,0,2000000.0,7000.0,80000.0,500,0.0001,300,300,0
train,particles2SNR_pipeline/output/p0_c1_Particles2SNR_F_staging/train/2um/HFocusing_5_10_2um2_0_1386.npy,P0/data/dataset_Particles2SNR_F_c1/train/2um/HFocusing_5_10_2um2_0_1386.npy,2um,HFocusing_5_10_2um2_0_1386.npy,replace,,,,,saturation_cleaned_bandpass_filtered,0,2000000.0,7000.0,80000.0,500,0.0001,300,300,0
train,particles2SNR_pipeline/output/p0_c1_Particles2SNR_F_staging/train/2um/HFocusing_5_10_2um2_0_1389.npy,P0/data/dataset_Particles2SNR_F_c1/train/2um/HFocusing_5_10_2um2_0_1389.npy,2um,HFocusing_5_10_2um2_0_1389.npy,replace,,,,,saturation_cleaned_bandpass_filtered,0,2000000.0,7000.0,80000.0,500,0.0001,300,300,0
train,particles2SNR_pipeline/output/p0_c1_Particles2SNR_F_staging/train/2um/HFocusing_5_10_2um2_0_1393.npy,P0/data/dataset_Particles2SNR_F_c1/train/2um/HFocusing_5_10_2um2_0_1393.npy,2um,HFocusing_5_10_2um2_0_1393.npy,replace,,,,,saturation_cleaned_bandpass_filtered,0,2000000.0,7000.0,80000.0,500,0.0001,300,300,0
train,particles2SNR_pipeline/output/p0_c1_Particles2SNR_F_staging/train/2um/HFocusing_5_10_2um2_0_1396.npy,P0/data/dataset_Particles2SNR_F_c1/train/2um/HFocusing_5_10_2um2_0_1396.npy,2um,HFocusing_5_10_2um2_0_1396.npy,replace,,,,,saturation_cleaned_bandpass_filtered,0,2000000.0,7000.0,80000.0,500,0.0001,300,300,0
train,particles2SNR_pipeline/output/p0_c1_Particles2SNR_F_staging/train/2um/HFocusing_5_10_2um2_0_14.npy,P0/data/dataset_Particles2SNR_F_c1/train/2um/HFocusing_5_10_2um2_0_14.npy,2um,HFocusing_5_10_2um2_0_14.npy,replace,,,,,saturation_cleaned_bandpass_filtered,0,2000000.0,7000.0,80000.0,500,0.0001,300,300,0
train,particles2SNR_pipeline/output/p0_c1_Particles2SNR_F_staging/train/2um/HFocusing_5_10_2um2_0_1400.npy,P0/data/dataset_Particles2SNR_F_c1/train/2um/HFocusing_5_10_2um2_0_1400.npy,2um,HFocusing_5_10_2um2_0_1400.npy,replace,,,,,saturation_cleaned_bandpass_filtered,0,2000000.0,7000.0,80000.0,500,0.0001,300,300,0
train,particles2SNR_pipeline/output/p0_c1_Particles2SNR_F_staging/train/2um/HFocusing_5_10_2um2_0_1403.npy,P0/data/dataset_Particles2SNR_F_c1/train/2um/HFocusing_5_10_2um2_0_1403.npy,2um,HFocusing_5_10_2um2_0_1403.npy,replace,,,,,saturation_cleaned_bandpass_filtered,0,2000000.0,7000.0,80000.0,500,0.0001,300,300,0
train,particles2SNR_pipeline/output/p0_c1_Particles2SNR_F_staging/train/2um/HFocusing_5_10_2um2_0_1407.npy,P0/data/dataset_Particles2SNR_F_c1/train/2um/HFocusing_5_10_2um2_0_1407.npy,2um,HFocusing_5_10_2um2_0_1407.npy,replace,,,,,saturation_cleaned_bandpass_filtered,0,2000000.0,7000.0,80000.0,500,0.0001,300,300,0
train,particles2SNR_pipeline/output/p0_c1_Particles2SNR_F_staging/train/2um/HFocusing_5_10_2um2_0_141.npy,P0/data/dataset_Particles2SNR_F_c1/train/2um/HFocusing_5_10_2um2_0_141.npy,2um,HFocusing_5_10_2um2_0_141.npy,replace,,,,,saturation_cleaned_bandpass_filtered,0,2000000.0,7000.0,80000.0,500,0.0001,300,300,0
train,particles2SNR_pipeline/output/p0_c1_Particles2SNR_F_staging/train/2um/HFocusing_5_10_2um2_0_1410.npy,P0/data/dataset_Particles2SNR_F_c1/train/2um/HFocusing_5_10_2um2_0_1410.npy,2um,HFocusing_5_10_2um2_0_1410.npy,replace,,,,,saturation_cleaned_bandpass_filtered,0,2000000.0,7000.0,80000.0,500,0.0001,300,300,0
train,particles2SNR_pipeline/output/p0_c1_Particles2SNR_F_staging/train/2um/HFocusing_5_10_2um2_0_1411.npy,P0/data/dataset_Particles2SNR_F_c1/train/2um/HFocusing_5_10_2um2_0_1411.npy,2um,HFocusing_5_10_2um2_0_1411.npy,replace,,,,,saturation_cleaned_bandpass_filtered,0,2000000.0,7000.0,80000.0,500,0.0001,300,300,0
train,particles2SNR_pipeline/output/p0_c1_Particles2SNR_F_staging/train/2um/HFocusing_5_10_2um2_0_1415.npy,P0/data/dataset_Particles2SNR_F_c1/train/2um/HFocusing_5_10_2um2_0_1415.npy,2um,HFocusing_5_10_2um2_0_1415.npy,replace,,,,,saturation_cleaned_bandpass_filtered,0,2000000.0,7000.0,80000.0,500,0.0001,300,300,0
train,particles2SNR_pipeline/output/p0_c1_Particles2SNR_F_staging/train/2um/HFocusing_5_10_2um2_0_1417.npy,P0/data/dataset_Particles2SNR_F_c1/train/2um/HFocusing_5_10_2um2_0_1417.npy,2um,HFocusing_5_10_2um2_0_1417.npy,replace,,,,,saturation_cleaned_bandpass_filtered,0,2000000.0,7000.0,80000.0,500,0.0001,300,300,0
train,particles2SNR_pipeline/output/p0_c1_Particles2SNR_F_staging/train/2um/HFocusing_5_10_2um2_0_1418.npy,P0/data/dataset_Particles2SNR_F_c1/train/2um/HFocusing_5_10_2um2_0_1418.npy,2um,HFocusing_5_10_2um2_0_1418.npy,replace,,,,,saturation_cleaned_bandpass_filtered,0,2000000.0,7000.0,80000.0,500,0.0001,300,300,0
train,particles2SNR_pipeline/output/p0_c1_Particles2SNR_F_staging/train/2um/HFocusing_5_10_2um2_0_142.npy,P0/data/dataset_Particles2SNR_F_c1/train/2um/HFocusing_5_10_2um2_0_142.npy,2um,HFocusing_5_10_2um2_0_142.npy,replace,,,,,saturation_cleaned_bandpass_filtered,0,2000000.0,7000.0,80000.0,500,0.0001,300,300,0
train,particles2SNR_pipeline/output/p0_c1_Particles2SNR_F_staging/train/2um/HFocusing_5_10_2um2_0_1421.npy,P0/data/dataset_Particles2SNR_F_c1/train/2um/HFocusing_5_10_2um2_0_1421.npy,2um,HFocusing_5_10_2um2_0_1421.npy,replace,,,,,saturation_cleaned_bandpass_filtered,0,2000000.0,7000.0,80000.0,500,0.0001,300,300,0
train,particles2SNR_pipeline/output/p0_c1_Particles2SNR_F_staging/train/2um/HFocusing_5_10_2um2_0_1422.npy,P0/data/dataset_Particles2SNR_F_c1/train/2um/HFocusing_5_10_2um2_0_1422.npy,2um,HFocusing_5_10_2um2_0_1422.npy,replace,,,,,saturation_cleaned_bandpass_filtered,0,2000000.0,7000.0,80000.0,500,0.0001,300,300,0
train,particles2SNR_pipeline/output/p0_c1_Particles2SNR_F_staging/train/2um/HFocusing_5_10_2um2_0_1425.npy,P0/data/dataset_Particles2SNR_F_c1/train/2um/HFocusing_5_10_2um2_0_1425.npy,2um,HFocusing_5_10_2um2_0_1425.npy,replace,,,,,saturation_cleaned_bandpass_filtered,0,2000000.0,7000.0,80000.0,500,0.0001,300,300,0
train,particles2SNR_pipeline/output/p0_c1_Particles2SNR_F_staging/train/2um/HFocusing_5_10_2um2_0_1428.npy,P0/data/dataset_Particles2SNR_F_c1/train/2um/HFocusing_5_10_2um2_0_1428.npy,2um,HFocusing_5_10_2um2_0_1428.npy,replace,,,,,saturation_cleaned_bandpass_filtered,0,2000000.0,7000.0,80000.0,500,0.0001,300,300,0
train,particles2SNR_pipeline/output/p0_c1_Particles2SNR_F_staging/train/2um/HFocusing_5_10_2um2_0_1429.npy,P0/data/dataset_Particles2SNR_F_c1/train/2um/HFocusing_5_10_2um2_0_1429.npy,2um,HFocusing_5_10_2um2_0_1429.npy,replace,,,,,saturation_cleaned_bandpass_filtered,0,2000000.0,7000.0,80000.0,500,0.0001,300,300,0
train,particles2SNR_pipeline/output/p0_c1_Particles2SNR_F_staging/train/2um/HFocusing_5_10_2um2_0_1435.npy,P0/data/dataset_Particles2SNR_F_c1/train/2um/HFocusing_5_10_2um2_0_1435.npy,2um,HFocusing_5_10_2um2_0_1435.npy,replace,,,,,saturation_cleaned_bandpass_filtered,0,2000000.0,7000.0,80000.0,500,0.0001,300,300,0
train,particles2SNR_pipeline/output/p0_c1_Particles2SNR_F_staging/train/2um/HFocusing_5_10_2um2_0_1436.npy,P0/data/dataset_Particles2SNR_F_c1/train/2um/HFocusing_5_10_2um2_0_1436.npy,2um,HFocusing_5_10_2um2_0_1436.npy,replace,,,,,saturation_cleaned_bandpass_filtered,0,2000000.0,7000.0,80000.0,500,0.0001,300,300,0
train,particles2SNR_pipeline/output/p0_c1_Particles2SNR_F_staging/train/2um/HFocusing_5_10_2um2_0_1439.npy,P0/data/dataset_Particles2SNR_F_c1/train/2um/HFocusing_5_10_2um2_0_1439.npy,2um,HFocusing_5_10_2um2_0_1439.npy,replace,,,,,saturation_cleaned_bandpass_filtered,0,2000000.0,7000.0,80000.0,500,0.0001,300,300,0
train,particles2SNR_pipeline/output/p0_c1_Particles2SNR_F_staging/train/2um/HFocusing_5_10_2um2_0_144.npy,P0/data/dataset_Particles2SNR_F_c1/train/2um/HFocusing_5_10_2um2_0_144.npy,2um,HFocusing_5_10_2um2_0_144.npy,replace,,,,,saturation_cleaned_bandpass_filtered,0,2000000.0,7000.0,80000.0,500,0.0001,300,300,0
train,particles2SNR_pipeline/output/p0_c1_Particles2SNR_F_staging/train/2um/HFocusing_5_10_2um2_0_1440.npy,P0/data/dataset_Particles2SNR_F_c1/train/2um/HFocusing_5_10_2um2_0_1440.npy,2um,HFocusing_5_10_2um2_0_1440.npy,replace,,,,,saturation_cleaned_bandpass_filtered,0,2000000.0,7000.0,80000.0,500,0.0001,300,300,0
train,particles2SNR_pipeline/output/p0_c1_Particles2SNR_F_staging/train/2um/HFocusing_5_10_2um2_0_1443.npy,P0/data/dataset_Particles2SNR_F_c1/train/2um/HFocusing_5_10_2um2_0_1443.npy,2um,HFocusing_5_10_2um2_0_1443.npy,replace,,,,,saturation_cleaned_bandpass_filtered,0,2000000.0,7000.0,80000.0,500,0.0001,300,300,0
train,particles2SNR_pipeline/output/p0_c1_Particles2SNR_F_staging/train/2um/HFocusing_5_10_2um2_0_1447.npy,P0/data/dataset_Particles2SNR_F_c1/train/2um/HFocusing_5_10_2um2_0_1447.npy,2um,HFocusing_5_10_2um2_0_1447.npy,replace,,,,,saturation_cleaned_bandpass_filtered,0,2000000.0,7000.0,80000.0,500,0.0001,300,300,0
train,particles2SNR_pipeline/output/p0_c1_Particles2SNR_F_staging/train/2um/HFocusing_5_10_2um2_0_1451.npy,P0/data/dataset_Particles2SNR_F_c1/train/2um/HFocusing_5_10_2um2_0_1451.npy,2um,HFocusing_5_10_2um2_0_1451.npy,replace,,,,,saturation_cleaned_bandpass_filtered,0,2000000.0,7000.0,80000.0,500,0.0001,300,300,0
train,particles2SNR_pipeline/output/p0_c1_Particles2SNR_F_staging/train/2um/HFocusing_5_10_2um2_0_1452.npy,P0/data/dataset_Particles2SNR_F_c1/train/2um/HFocusing_5_10_2um2_0_1452.npy,2um,HFocusing_5_10_2um2_0_1452.npy,replace,,,,,saturation_cleaned_bandpass_filtered,0,2000000.0,7000.0,80000.0,500,0.0001,300,300,0
train,particles2SNR_pipeline/output/p0_c1_Particles2SNR_F_staging/train/2um/HFocusing_5_10_2um2_0_1455.npy,P0/data/dataset_Particles2SNR_F_c1/train/2um/HFocusing_5_10_2um2_0_1455.npy,2um,HFocusing_5_10_2um2_0_1455.npy,replace,,,,,saturation_cleaned_bandpass_filtered,0,2000000.0,7000.0,80000.0,500,0.0001,300,300,0
train,particles2SNR_pipeline/output/p0_c1_Particles2SNR_F_staging/train/2um/HFocusing_5_10_2um2_0_1456.npy,P0/data/dataset_Particles2SNR_F_c1/train/2um/HFocusing_5_10_2um2_0_1456.npy,2um,HFocusing_5_10_2um2_0_1456.npy,replace,,,,,saturation_cleaned_bandpass_filtered,0,2000000.0,7000.0,80000.0,500,0.0001,300,300,0
train,particles2SNR_pipeline/output/p0_c1_Particles2SNR_F_staging/train/2um/HFocusing_5_10_2um2_0_1459.npy,P0/data/dataset_Particles2SNR_F_c1/train/2um/HFocusing_5_10_2um2_0_1459.npy,2um,HFocusing_5_10_2um2_0_1459.npy,replace,,,,,saturation_cleaned_bandpass_filtered,0,2000000.0,7000.0,80000.0,500,0.0001,300,300,0
train,particles2SNR_pipeline/output/p0_c1_Particles2SNR_F_staging/train/2um/HFocusing_5_10_2um2_0_1460.npy,P0/data/dataset_Particles2SNR_F_c1/train/2um/HFocusing_5_10_2um2_0_1460.npy,2um,HFocusing_5_10_2um2_0_1460.npy,replace,,,,,saturation_cleaned_bandpass_filtered,0,2000000.0,7000.0,80000.0,500,0.0001,300,300,0
train,particles2SNR_pipeline/output/p0_c1_Particles2SNR_F_staging/train/2um/HFocusing_5_10_2um2_0_1463.npy,P0/data/dataset_Particles2SNR_F_c1/train/2um/HFocusing_5_10_2um2_0_1463.npy,2um,HFocusing_5_10_2um2_0_1463.npy,replace,,,,,saturation_cleaned_bandpass_filtered,0,2000000.0,7000.0,80000.0,500,0.0001,300,300,0
train,particles2SNR_pipeline/output/p0_c1_Particles2SNR_F_staging/train/2um/HFocusing_5_10_2um2_0_1466.npy,P0/data/dataset_Particles2SNR_F_c1/train/2um/HFocusing_5_10_2um2_0_1466.npy,2um,HFocusing_5_10_2um2_0_1466.npy,replace,,,,,saturation_cleaned_bandpass_filtered,0,2000000.0,7000.0,80000.0,500,0.0001,300,300,0
train,particles2SNR_pipeline/output/p0_c1_Particles2SNR_F_staging/train/2um/HFocusing_5_10_2um2_0_1469.npy,P0/data/dataset_Particles2SNR_F_c1/train/2um/HFocusing_5_10_2um2_0_1469.npy,2um,HFocusing_5_10_2um2_0_1469.npy,replace,,,,,saturation_cleaned_bandpass_filtered,0,2000000.0,7000.0,80000.0,500,0.0001,300,300,0
train,particles2SNR_pipeline/output/p0_c1_Particles2SNR_F_staging/train/2um/HFocusing_5_10_2um2_0_1470.npy,P0/data/dataset_Particles2SNR_F_c1/train/2um/HFocusing_5_10_2um2_0_1470.npy,2um,HFocusing_5_10_2um2_0_1470.npy,replace,,,,,saturation_cleaned_bandpass_filtered,0,2000000.0,7000.0,80000.0,500,0.0001,300,300,0
train,particles2SNR_pipeline/output/p0_c1_Particles2SNR_F_staging/train/2um/HFocusing_5_10_2um2_0_1473.npy,P0/data/dataset_Particles2SNR_F_c1/train/2um/HFocusing_5_10_2um2_0_1473.npy,2um,HFocusing_5_10_2um2_0_1473.npy,replace,,,,,saturation_cleaned_bandpass_filtered,0,2000000.0,7000.0,80000.0,500,0.0001,300,300,0
train,particles2SNR_pipeline/output/p0_c1_Particles2SNR_F_staging/train/2um/HFocusing_5_10_2um2_0_148.npy,P0/data/dataset_Particles2SNR_F_c1/train/2um/HFocusing_5_10_2um2_0_148.npy,2um,HFocusing_5_10_2um2_0_148.npy,replace,,,,,saturation_cleaned_bandpass_filtered,0,2000000.0,7000.0,80000.0,500,0.0001,300,300,0
train,particles2SNR_pipeline/output/p0_c1_Particles2SNR_F_staging/train/2um/HFocusing_5_10_2um2_0_1480.npy,P0/data/dataset_Particles2SNR_F_c1/train/2um/HFocusing_5_10_2um2_0_1480.npy,2um,HFocusing_5_10_2um2_0_1480.npy,replace,,,,,saturation_cleaned_bandpass_filtered,0,2000000.0,7000.0,80000.0,500,0.0001,300,300,0
train,particles2SNR_pipeline/output/p0_c1_Particles2SNR_F_staging/train/2um/HFocusing_5_10_2um2_0_1484.npy,P0/data/dataset_Particles2SNR_F_c1/train/2um/HFocusing_5_10_2um2_0_1484.npy,2um,HFocusing_5_10_2um2_0_1484.npy,replace,,,,,saturation_cleaned_bandpass_filtered,0,2000000.0,7000.0,80000.0,500,0.0001,300,300,0
train,particles2SNR_pipeline/output/p0_c1_Particles2SNR_F_staging/train/2um/HFocusing_5_10_2um2_0_1487.npy,P0/data/dataset_Particles2SNR_F_c1/train/2um/HFocusing_5_10_2um2_0_1487.npy,2um,HFocusing_5_10_2um2_0_1487.npy,replace,,,,,saturation_cleaned_bandpass_filtered,0,2000000.0,7000.0,80000.0,500,0.0001,300,300,0
train,particles2SNR_pipeline/output/p0_c1_Particles2SNR_F_staging/train/2um/HFocusing_5_10_2um2_0_149.npy,P0/data/dataset_Particles2SNR_F_c1/train/2um/HFocusing_5_10_2um2_0_149.npy,2um,HFocusing_5_10_2um2_0_149.npy,replace,,,,,saturation_cleaned_bandpass_filtered,0,2000000.0,7000.0,80000.0,500,0.0001,300,300,0
train,particles2SNR_pipeline/output/p0_c1_Particles2SNR_F_staging/train/2um/HFocusing_5_10_2um2_0_1490.npy,P0/data/dataset_Particles2SNR_F_c1/train/2um/HFocusing_5_10_2um2_0_1490.npy,2um,HFocusing_5_10_2um2_0_1490.npy,replace,,,,,saturation_cleaned_bandpass_filtered,0,2000000.0,7000.0,80000.0,500,0.0001,300,300,0
train,particles2SNR_pipeline/output/p0_c1_Particles2SNR_F_staging/train/2um/HFocusing_5_10_2um2_0_1491.npy,P0/data/dataset_Particles2SNR_F_c1/train/2um/HFocusing_5_10_2um2_0_1491.npy,2um,HFocusing_5_10_2um2_0_1491.npy,replace,,,,,saturation_cleaned_bandpass_filtered,0,2000000.0,7000.0,80000.0,500,0.0001,300,300,0
train,particles2SNR_pipeline/output/p0_c1_Particles2SNR_F_staging/train/2um/HFocusing_5_10_2um2_0_1494.npy,P0/data/dataset_Particles2SNR_F_c1/train/2um/HFocusing_5_10_2um2_0_1494.npy,2um,HFocusing_5_10_2um2_0_1494.npy,replace,,,,,saturation_cleaned_bandpass_filtered,0,2000000.0,7000.0,80000.0,500,0.0001,300,300,0
train,particles2SNR_pipeline/output/p0_c1_Particles2SNR_F_staging/train/2um/HFocusing_5_10_2um2_0_1497.npy,P0/data/dataset_Particles2SNR_F_c1/train/2um/HFocusing_5_10_2um2_0_1497.npy,2um,HFocusing_5_10_2um2_0_1497.npy,replace,,,,,saturation_cleaned_bandpass_filtered,0,2000000.0,7000.0,80000.0,500,0.0001,300,300,0
train,particles2SNR_pipeline/output/p0_c1_Particles2SNR_F_staging/train/2um/HFocusing_5_10_2um2_0_1501.npy,P0/data/dataset_Particles2SNR_F_c1/train/2um/HFocusing_5_10_2um2_0_1501.npy,2um,HFocusing_5_10_2um2_0_1501.npy,replace,,,,,saturation_cleaned_bandpass_filtered,0,2000000.0,7000.0,80000.0,500,0.0001,300,300,0
train,particles2SNR_pipeline/output/p0_c1_Particles2SNR_F_staging/train/2um/HFocusing_5_10_2um2_0_1502.npy,P0/data/dataset_Particles2SNR_F_c1/train/2um/HFocusing_5_10_2um2_0_1502.npy,2um,HFocusing_5_10_2um2_0_1502.npy,replace,,,,,saturation_cleaned_bandpass_filtered,0,2000000.0,7000.0,80000.0,500,0.0001,300,300,0
train,particles2SNR_pipeline/output/p0_c1_Particles2SNR_F_staging/train/2um/HFocusing_5_10_2um2_0_1505.npy,P0/data/dataset_Particles2SNR_F_c1/train/2um/HFocusing_5_10_2um2_0_1505.npy,2um,HFocusing_5_10_2um2_0_1505.npy,replace,,,,,saturation_cleaned_bandpass_filtered,0,2000000.0,7000.0,80000.0,500,0.0001,300,300,0
train,particles2SNR_pipeline/output/p0_c1_Particles2SNR_F_staging/train/2um/HFocusing_5_10_2um2_0_1509.npy,P0/data/dataset_Particles2SNR_F_c1/train/2um/HFocusing_5_10_2um2_0_1509.npy,2um,HFocusing_5_10_2um2_0_1509.npy,replace,,,,,saturation_cleaned_bandpass_filtered,0,2000000.0,7000.0,80000.0,500,0.0001,300,300,0
train,particles2SNR_pipeline/output/p0_c1_Particles2SNR_F_staging/train/2um/HFocusing_5_10_2um2_0_1510.npy,P0/data/dataset_Particles2SNR_F_c1/train/2um/HFocusing_5_10_2um2_0_1510.npy,2um,HFocusing_5_10_2um2_0_1510.npy,replace,,,,,saturation_cleaned_bandpass_filtered,0,2000000.0,7000.0,80000.0,500,0.0001,300,300,0
train,particles2SNR_pipeline/output/p0_c1_Particles2SNR_F_staging/train/2um/HFocusing_5_10_2um2_0_1513.npy,P0/data/dataset_Particles2SNR_F_c1/train/2um/HFocusing_5_10_2um2_0_1513.npy,2um,HFocusing_5_10_2um2_0_1513.npy,replace,,,,,saturation_cleaned_bandpass_filtered,0,2000000.0,7000.0,80000.0,500,0.0001,300,300,0
train,particles2SNR_pipeline/output/p0_c1_Particles2SNR_F_staging/train/2um/HFocusing_5_10_2um2_0_1514.npy,P0/data/dataset_Particles2SNR_F_c1/train/2um/HFocusing_5_10_2um2_0_1514.npy,2um,HFocusing_5_10_2um2_0_1514.npy,replace,,,,,saturation_cleaned_bandpass_filtered,0,2000000.0,7000.0,80000.0,500,0.0001,300,300,0
train,particles2SNR_pipeline/output/p0_c1_Particles2SNR_F_staging/train/2um/HFocusing_5_10_2um2_0_1517.npy,P0/data/dataset_Particles2SNR_F_c1/train/2um/HFocusing_5_10_2um2_0_1517.npy,2um,HFocusing_5_10_2um2_0_1517.npy,replace,,,,,saturation_cleaned_bandpass_filtered,0,2000000.0,7000.0,80000.0,500,0.0001,300,300,0
train,particles2SNR_pipeline/output/p0_c1_Particles2SNR_F_staging/train/2um/HFocusing_5_10_2um2_0_1518.npy,P0/data/dataset_Particles2SNR_F_c1/train/2um/HFocusing_5_10_2um2_0_1518.npy,2um,HFocusing_5_10_2um2_0_1518.npy,replace,,,,,saturation_cleaned_bandpass_filtered,0,2000000.0,7000.0,80000.0,500,0.0001,300,300,0
train,particles2SNR_pipeline/output/p0_c1_Particles2SNR_F_staging/train/2um/HFocusing_5_10_2um2_0_152.npy,P0/data/dataset_Particles2SNR_F_c1/train/2um/HFocusing_5_10_2um2_0_152.npy,2um,HFocusing_5_10_2um2_0_152.npy,replace,,,,,saturation_cleaned_bandpass_filtered,0,2000000.0,7000.0,80000.0,500,0.0001,300,300,0
train,particles2SNR_pipeline/output/p0_c1_Particles2SNR_F_staging/train/2um/HFocusing_5_10_2um2_0_1521.npy,P0/data/dataset_Particles2SNR_F_c1/train/2um/HFocusing_5_10_2um2_0_1521.npy,2um,HFocusing_5_10_2um2_0_1521.npy,replace,,,,,saturation_cleaned_bandpass_filtered,0,2000000.0,7000.0,80000.0,500,0.0001,300,300,0
train,particles2SNR_pipeline/output/p0_c1_Particles2SNR_F_staging/train/2um/HFocusing_5_10_2um2_0_1522.npy,P0/data/dataset_Particles2SNR_F_c1/train/2um/HFocusing_5_10_2um2_0_1522.npy,2um,HFocusing_5_10_2um2_0_1522.npy,replace,,,,,saturation_cleaned_bandpass_filtered,0,2000000.0,7000.0,80000.0,500,0.0001,300,300,0
train,particles2SNR_pipeline/output/p0_c1_Particles2SNR_F_staging/train/2um/HFocusing_5_10_2um2_0_1525.npy,P0/data/dataset_Particles2SNR_F_c1/train/2um/HFocusing_5_10_2um2_0_1525.npy,2um,HFocusing_5_10_2um2_0_1525.npy,replace,,,,,saturation_cleaned_bandpass_filtered,0,2000000.0,7000.0,80000.0,500,0.0001,300,300,0
train,particles2SNR_pipeline/output/p0_c1_Particles2SNR_F_staging/train/2um/HFocusing_5_10_2um2_0_1528.npy,P0/data/dataset_Particles2SNR_F_c1/train/2um/HFocusing_5_10_2um2_0_1528.npy,2um,HFocusing_5_10_2um2_0_1528.npy,replace,,,,,saturation_cleaned_bandpass_filtered,0,2000000.0,7000.0,80000.0,500,0.0001,300,300,0
train,particles2SNR_pipeline/output/p0_c1_Particles2SNR_F_staging/train/2um/HFocusing_5_10_2um2_0_1529.npy,P0/data/dataset_Particles2SNR_F_c1/train/2um/HFocusing_5_10_2um2_0_1529.npy,2um,HFocusing_5_10_2um2_0_1529.npy,replace,,,,,saturation_cleaned_bandpass_filtered,0,2000000.0,7000.0,80000.0,500,0.0001,300,300,0
train,particles2SNR_pipeline/output/p0_c1_Particles2SNR_F_staging/train/2um/HFocusing_5_10_2um2_0_1532.npy,P0/data/dataset_Particles2SNR_F_c1/train/2um/HFocusing_5_10_2um2_0_1532.npy,2um,HFocusing_5_10_2um2_0_1532.npy,replace,,,,,saturation_cleaned_bandpass_filtered,0,2000000.0,7000.0,80000.0,500,0.0001,300,300,0
train,particles2SNR_pipeline/output/p0_c1_Particles2SNR_F_staging/train/2um/HFocusing_5_10_2um2_0_1533.npy,P0/data/dataset_Particles2SNR_F_c1/train/2um/HFocusing_5_10_2um2_0_1533.npy,2um,HFocusing_5_10_2um2_0_1533.npy,replace,,,,,saturation_cleaned_bandpass_filtered,0,2000000.0,7000.0,80000.0,500,0.0001,300,300,0
train,particles2SNR_pipeline/output/p0_c1_Particles2SNR_F_staging/train/2um/HFocusing_5_10_2um2_0_1536.npy,P0/data/dataset_Particles2SNR_F_c1/train/2um/HFocusing_5_10_2um2_0_1536.npy,2um,HFocusing_5_10_2um2_0_1536.npy,replace,,,,,saturation_cleaned_bandpass_filtered,0,2000000.0,7000.0,80000.0,500,0.0001,300,300,0
train,particles2SNR_pipeline/output/p0_c1_Particles2SNR_F_staging/train/2um/HFocusing_5_10_2um2_0_1539.npy,P0/data/dataset_Particles2SNR_F_c1/train/2um/HFocusing_5_10_2um2_0_1539.npy,2um,HFocusing_5_10_2um2_0_1539.npy,replace,,,,,saturation_cleaned_bandpass_filtered,0,2000000.0,7000.0,80000.0,500,0.0001,300,300,0
train,particles2SNR_pipeline/output/p0_c1_Particles2SNR_F_staging/train/2um/HFocusing_5_10_2um2_0_1540.npy,P0/data/dataset_Particles2SNR_F_c1/train/2um/HFocusing_5_10_2um2_0_1540.npy,2um,HFocusing_5_10_2um2_0_1540.npy,replace,,,,,saturation_cleaned_bandpass_filtered,0,2000000.0,7000.0,80000.0,500,0.0001,300,300,0
train,particles2SNR_pipeline/output/p0_c1_Particles2SNR_F_staging/train/2um/HFocusing_5_10_2um2_0_1542.npy,P0/data/dataset_Particles2SNR_F_c1/train/2um/HFocusing_5_10_2um2_0_1542.npy,2um,HFocusing_5_10_2um2_0_1542.npy,replace,,,,,saturation_cleaned_bandpass_filtered,0,2000000.0,7000.0,80000.0,500,0.0001,300,300,0
train,particles2SNR_pipeline/output/p0_c1_Particles2SNR_F_staging/train/2um/HFocusing_5_10_2um2_0_1546.npy,P0/data/dataset_Particles2SNR_F_c1/train/2um/HFocusing_5_10_2um2_0_1546.npy,2um,HFocusing_5_10_2um2_0_1546.npy,replace,,,,,saturation_cleaned_bandpass_filtered,0,2000000.0,7000.0,80000.0,500,0.0001,300,300,0
train,particles2SNR_pipeline/output/p0_c1_Particles2SNR_F_staging/train/2um/HFocusing_5_10_2um2_0_1549.npy,P0/data/dataset_Particles2SNR_F_c1/train/2um/HFocusing_5_10_2um2_0_1549.npy,2um,HFocusing_5_10_2um2_0_1549.npy,replace,,,,,saturation_cleaned_bandpass_filtered,0,2000000.0,7000.0,80000.0,500,0.0001,300,300,0
train,particles2SNR_pipeline/output/p0_c1_Particles2SNR_F_staging/train/2um/HFocusing_5_10_2um2_0_155.npy,P0/data/dataset_Particles2SNR_F_c1/train/2um/HFocusing_5_10_2um2_0_155.npy,2um,HFocusing_5_10_2um2_0_155.npy,replace,,,,,saturation_cleaned_bandpass_filtered,0,2000000.0,7000.0,80000.0,500,0.0001,300,300,0
train,particles2SNR_pipeline/output/p0_c1_Particles2SNR_F_staging/train/2um/HFocusing_5_10_2um2_0_1550.npy,P0/data/dataset_Particles2SNR_F_c1/train/2um/HFocusing_5_10_2um2_0_1550.npy,2um,HFocusing_5_10_2um2_0_1550.npy,replace,,,,,saturation_cleaned_bandpass_filtered,0,2000000.0,7000.0,80000.0,500,0.0001,300,300,0
train,particles2SNR_pipeline/output/p0_c1_Particles2SNR_F_staging/train/2um/HFocusing_5_10_2um2_0_1553.npy,P0/data/dataset_Particles2SNR_F_c1/train/2um/HFocusing_5_10_2um2_0_1553.npy,2um,HFocusing_5_10_2um2_0_1553.npy,replace,,,,,saturation_cleaned_bandpass_filtered,0,2000000.0,7000.0,80000.0,500,0.0001,300,300,0
train,particles2SNR_pipeline/output/p0_c1_Particles2SNR_F_staging/train/2um/HFocusing_5_10_2um2_0_1554.npy,P0/data/dataset_Particles2SNR_F_c1/train/2um/HFocusing_5_10_2um2_0_1554.npy,2um,HFocusing_5_10_2um2_0_1554.npy,replace,,,,,saturation_cleaned_bandpass_filtered,0,2000000.0,7000.0,80000.0,500,0.0001,300,300,0
train,particles2SNR_pipeline/output/p0_c1_Particles2SNR_F_staging/train/2um/HFocusing_5_10_2um2_0_1557.npy,P0/data/dataset_Particles2SNR_F_c1/train/2um/HFocusing_5_10_2um2_0_1557.npy,2um,HFocusing_5_10_2um2_0_1557.npy,replace,,,,,saturation_cleaned_bandpass_filtered,0,2000000.0,7000.0,80000.0,500,0.0001,300,300,0
train,particles2SNR_pipeline/output/p0_c1_Particles2SNR_F_staging/train/2um/HFocusing_5_10_2um2_0_1563.npy,P0/data/dataset_Particles2SNR_F_c1/train/2um/HFocusing_5_10_2um2_0_1563.npy,2um,HFocusing_5_10_2um2_0_1563.npy,replace,,,,,saturation_cleaned_bandpass_filtered,0,2000000.0,7000.0,80000.0,500,0.0001,300,300,0
train,particles2SNR_pipeline/output/p0_c1_Particles2SNR_F_staging/train/2um/HFocusing_5_10_2um2_0_1564.npy,P0/data/dataset_Particles2SNR_F_c1/train/2um/HFocusing_5_10_2um2_0_1564.npy,2um,HFocusing_5_10_2um2_0_1564.npy,replace,,,,,saturation_cleaned_bandpass_filtered,0,2000000.0,7000.0,80000.0,500,0.0001,300,300,0
train,particles2SNR_pipeline/output/p0_c1_Particles2SNR_F_staging/train/2um/HFocusing_5_10_2um2_0_1571.npy,P0/data/dataset_Particles2SNR_F_c1/train/2um/HFocusing_5_10_2um2_0_1571.npy,2um,HFocusing_5_10_2um2_0_1571.npy,replace,,,,,saturation_cleaned_bandpass_filtered,0,2000000.0,7000.0,80000.0,500,0.0001,300,300,0
train,particles2SNR_pipeline/output/p0_c1_Particles2SNR_F_staging/train/2um/HFocusing_5_10_2um2_0_1572.npy,P0/data/dataset_Particles2SNR_F_c1/train/2um/HFocusing_5_10_2um2_0_1572.npy,2um,HFocusing_5_10_2um2_0_1572.npy,replace,,,,,saturation_cleaned_bandpass_filtered,0,2000000.0,7000.0,80000.0,500,0.0001,300,300,0
train,particles2SNR_pipeline/output/p0_c1_Particles2SNR_F_staging/train/2um/HFocusing_5_10_2um2_0_1575.npy,P0/data/dataset_Particles2SNR_F_c1/train/2um/HFocusing_5_10_2um2_0_1575.npy,2um,HFocusing_5_10_2um2_0_1575.npy,replace,,,,,saturation_cleaned_bandpass_filtered,0,2000000.0,7000.0,80000.0,500,0.0001,300,300,0
train,particles2SNR_pipeline/output/p0_c1_Particles2SNR_F_staging/train/2um/HFocusing_5_10_2um2_0_1576.npy,P0/data/dataset_Particles2SNR_F_c1/train/2um/HFocusing_5_10_2um2_0_1576.npy,2um,HFocusing_5_10_2um2_0_1576.npy,replace,,,,,saturation_cleaned_bandpass_filtered,0,2000000.0,7000.0,80000.0,500,0.0001,300,300,0
train,particles2SNR_pipeline/output/p0_c1_Particles2SNR_F_staging/train/2um/HFocusing_5_10_2um2_0_1579.npy,P0/data/dataset_Particles2SNR_F_c1/train/2um/HFocusing_5_10_2um2_0_1579.npy,2um,HFocusing_5_10_2um2_0_1579.npy,replace,,,,,saturation_cleaned_bandpass_filtered,0,2000000.0,7000.0,80000.0,500,0.0001,300,300,0
train,particles2SNR_pipeline/output/p0_c1_Particles2SNR_F_staging/train/2um/HFocusing_5_10_2um2_0_1580.npy,P0/data/dataset_Particles2SNR_F_c1/train/2um/HFocusing_5_10_2um2_0_1580.npy,2um,HFocusing_5_10_2um2_0_1580.npy,replace,,,,,saturation_cleaned_bandpass_filtered,0,2000000.0,7000.0,80000.0,500,0.0001,300,300,0
train,particles2SNR_pipeline/output/p0_c1_Particles2SNR_F_staging/train/2um/HFocusing_5_10_2um2_0_1583.npy,P0/data/dataset_Particles2SNR_F_c1/train/2um/HFocusing_5_10_2um2_0_1583.npy,2um,HFocusing_5_10_2um2_0_1583.npy,replace,,,,,saturation_cleaned_bandpass_filtered,0,2000000.0,7000.0,80000.0,500,0.0001,300,300,0
train,particles2SNR_pipeline/output/p0_c1_Particles2SNR_F_staging/train/2um/HFocusing_5_10_2um2_0_1584.npy,P0/data/dataset_Particles2SNR_F_c1/train/2um/HFocusing_5_10_2um2_0_1584.npy,2um,HFocusing_5_10_2um2_0_1584.npy,replace,,,,,saturation_cleaned_bandpass_filtered,0,2000000.0,7000.0,80000.0,500,0.0001,300,300,0
train,particles2SNR_pipeline/output/p0_c1_Particles2SNR_F_staging/train/2um/HFocusing_5_10_2um2_0_1586.npy,P0/data/dataset_Particles2SNR_F_c1/train/2um/HFocusing_5_10_2um2_0_1586.npy,2um,HFocusing_5_10_2um2_0_1586.npy,replace,,,,,saturation_cleaned_bandpass_filtered,0,2000000.0,7000.0,80000.0,500,0.0001,300,300,0
train,particles2SNR_pipeline/output/p0_c1_Particles2SNR_F_staging/train/2um/HFocusing_5_10_2um2_0_1587.npy,P0/data/dataset_Particles2SNR_F_c1/train/2um/HFocusing_5_10_2um2_0_1587.npy,2um,HFocusing_5_10_2um2_0_1587.npy,replace,,,,,saturation_cleaned_bandpass_filtered,0,2000000.0,7000.0,80000.0,500,0.0001,300,300,0
train,particles2SNR_pipeline/output/p0_c1_Particles2SNR_F_staging/train/2um/HFocusing_5_10_2um2_0_1589.npy,P0/data/dataset_Particles2SNR_F_c1/train/2um/HFocusing_5_10_2um2_0_1589.npy,2um,HFocusing_5_10_2um2_0_1589.npy,replace,,,,,saturation_cleaned_bandpass_filtered,0,2000000.0,7000.0,80000.0,500,0.0001,300,300,0
train,particles2SNR_pipeline/output/p0_c1_Particles2SNR_F_staging/train/2um/HFocusing_5_10_2um2_0_159.npy,P0/data/dataset_Particles2SNR_F_c1/train/2um/HFocusing_5_10_2um2_0_159.npy,2um,HFocusing_5_10_2um2_0_159.npy,replace,,,,,saturation_cleaned_bandpass_filtered,0,2000000.0,7000.0,80000.0,500,0.0001,300,300,0
train,particles2SNR_pipeline/output/p0_c1_Particles2SNR_F_staging/train/2um/HFocusing_5_10_2um2_0_1590.npy,P0/data/dataset_Particles2SNR_F_c1/train/2um/HFocusing_5_10_2um2_0_1590.npy,2um,HFocusing_5_10_2um2_0_1590.npy,replace,,,,,saturation_cleaned_bandpass_filtered,0,2000000.0,7000.0,80000.0,500,0.0001,300,300,0
train,particles2SNR_pipeline/output/p0_c1_Particles2SNR_F_staging/train/2um/HFocusing_5_10_2um2_0_1593.npy,P0/data/dataset_Particles2SNR_F_c1/train/2um/HFocusing_5_10_2um2_0_1593.npy,2um,HFocusing_5_10_2um2_0_1593.npy,replace,,,,,saturation_cleaned_bandpass_filtered,0,2000000.0,7000.0,80000.0,500,0.0001,300,300,0
train,particles2SNR_pipeline/output/p0_c1_Particles2SNR_F_staging/train/2um/HFocusing_5_10_2um2_0_1596.npy,P0/data/dataset_Particles2SNR_F_c1/train/2um/HFocusing_5_10_2um2_0_1596.npy,2um,HFocusing_5_10_2um2_0_1596.npy,replace,,,,,saturation_cleaned_bandpass_filtered,0,2000000.0,7000.0,80000.0,500,0.0001,300,300,0
train,particles2SNR_pipeline/output/p0_c1_Particles2SNR_F_staging/train/2um/HFocusing_5_10_2um2_0_1597.npy,P0/data/dataset_Particles2SNR_F_c1/train/2um/HFocusing_5_10_2um2_0_1597.npy,2um,HFocusing_5_10_2um2_0_1597.npy,replace,,,,,saturation_cleaned_bandpass_filtered,0,2000000.0,7000.0,80000.0,500,0.0001,300,300,0
train,particles2SNR_pipeline/output/p0_c1_Particles2SNR_F_staging/train/2um/HFocusing_5_10_2um2_0_16.npy,P0/data/dataset_Particles2SNR_F_c1/train/2um/HFocusing_5_10_2um2_0_16.npy,2um,HFocusing_5_10_2um2_0_16.npy,replace,,,,,saturation_cleaned_bandpass_filtered,0,2000000.0,7000.0,80000.0,500,0.0001,300,300,0
train,particles2SNR_pipeline/output/p0_c1_Particles2SNR_F_staging/train/2um/HFocusing_5_10_2um2_0_1600.npy,P0/data/dataset_Particles2SNR_F_c1/train/2um/HFocusing_5_10_2um2_0_1600.npy,2um,HFocusing_5_10_2um2_0_1600.npy,replace,,,,,saturation_cleaned_bandpass_filtered,0,2000000.0,7000.0,80000.0,500,0.0001,300,300,0
train,particles2SNR_pipeline/output/p0_c1_Particles2SNR_F_staging/train/2um/HFocusing_5_10_2um2_0_1601.npy,P0/data/dataset_Particles2SNR_F_c1/train/2um/HFocusing_5_10_2um2_0_1601.npy,2um,HFocusing_5_10_2um2_0_1601.npy,replace,,,,,saturation_cleaned_bandpass_filtered,0,2000000.0,7000.0,80000.0,500,0.0001,300,300,0
train,particles2SNR_pipeline/output/p0_c1_Particles2SNR_F_staging/train/2um/HFocusing_5_10_2um2_0_1604.npy,P0/data/dataset_Particles2SNR_F_c1/train/2um/HFocusing_5_10_2um2_0_1604.npy,2um,HFocusing_5_10_2um2_0_1604.npy,replace,,,,,saturation_cleaned_bandpass_filtered,0,2000000.0,7000.0,80000.0,500,0.0001,300,300,0
train,particles2SNR_pipeline/output/p0_c1_Particles2SNR_F_staging/train/2um/HFocusing_5_10_2um2_0_1605.npy,P0/data/dataset_Particles2SNR_F_c1/train/2um/HFocusing_5_10_2um2_0_1605.npy,2um,HFocusing_5_10_2um2_0_1605.npy,replace,,,,,saturation_cleaned_bandpass_filtered,0,2000000.0,7000.0,80000.0,500,0.0001,300,300,0
train,particles2SNR_pipeline/output/p0_c1_Particles2SNR_F_staging/train/2um/HFocusing_5_10_2um2_0_1607.npy,P0/data/dataset_Particles2SNR_F_c1/train/2um/HFocusing_5_10_2um2_0_1607.npy,2um,HFocusing_5_10_2um2_0_1607.npy,replace,,,,,saturation_cleaned_bandpass_filtered,0,2000000.0,7000.0,80000.0,500,0.0001,300,300,0
train,particles2SNR_pipeline/output/p0_c1_Particles2SNR_F_staging/train/2um/HFocusing_5_10_2um2_0_1608.npy,P0/data/dataset_Particles2SNR_F_c1/train/2um/HFocusing_5_10_2um2_0_1608.npy,2um,HFocusing_5_10_2um2_0_1608.npy,replace,,,,,saturation_cleaned_bandpass_filtered,0,2000000.0,7000.0,80000.0,500,0.0001,300,300,0
train,particles2SNR_pipeline/output/p0_c1_Particles2SNR_F_staging/train/2um/HFocusing_5_10_2um2_0_1619.npy,P0/data/dataset_Particles2SNR_F_c1/train/2um/HFocusing_5_10_2um2_0_1619.npy,2um,HFocusing_5_10_2um2_0_1619.npy,replace,,,,,saturation_cleaned_bandpass_filtered,0,2000000.0,7000.0,80000.0,500,0.0001,300,300,0
train,particles2SNR_pipeline/output/p0_c1_Particles2SNR_F_staging/train/2um/HFocusing_5_10_2um2_0_1620.npy,P0/data/dataset_Particles2SNR_F_c1/train/2um/HFocusing_5_10_2um2_0_1620.npy,2um,HFocusing_5_10_2um2_0_1620.npy,replace,,,,,saturation_cleaned_bandpass_filtered,0,2000000.0,7000.0,80000.0,500,0.0001,300,300,0
train,particles2SNR_pipeline/output/p0_c1_Particles2SNR_F_staging/train/2um/HFocusing_5_10_2um2_0_1622.npy,P0/data/dataset_Particles2SNR_F_c1/train/2um/HFocusing_5_10_2um2_0_1622.npy,2um,HFocusing_5_10_2um2_0_1622.npy,replace,,,,,saturation_cleaned_bandpass_filtered,0,2000000.0,7000.0,80000.0,500,0.0001,300,300,0
train,particles2SNR_pipeline/output/p0_c1_Particles2SNR_F_staging/train/2um/HFocusing_5_10_2um2_0_1626.npy,P0/data/dataset_Particles2SNR_F_c1/train/2um/HFocusing_5_10_2um2_0_1626.npy,2um,HFocusing_5_10_2um2_0_1626.npy,replace,,,,,saturation_cleaned_bandpass_filtered,0,2000000.0,7000.0,80000.0,500,0.0001,300,300,0
train,particles2SNR_pipeline/output/p0_c1_Particles2SNR_F_staging/train/2um/HFocusing_5_10_2um2_0_1627.npy,P0/data/dataset_Particles2SNR_F_c1/train/2um/HFocusing_5_10_2um2_0_1627.npy,2um,HFocusing_5_10_2um2_0_1627.npy,replace,,,,,saturation_cleaned_bandpass_filtered,0,2000000.0,7000.0,80000.0,500,0.0001,300,300,0
train,particles2SNR_pipeline/output/p0_c1_Particles2SNR_F_staging/train/2um/HFocusing_5_10_2um2_0_1630.npy,P0/data/dataset_Particles2SNR_F_c1/train/2um/HFocusing_5_10_2um2_0_1630.npy,2um,HFocusing_5_10_2um2_0_1630.npy,replace,,,,,saturation_cleaned_bandpass_filtered,0,2000000.0,7000.0,80000.0,500,0.0001,300,300,0
train,particles2SNR_pipeline/output/p0_c1_Particles2SNR_F_staging/train/2um/HFocusing_5_10_2um2_0_1634.npy,P0/data/dataset_Particles2SNR_F_c1/train/2um/HFocusing_5_10_2um2_0_1634.npy,2um,HFocusing_5_10_2um2_0_1634.npy,replace,,,,,saturation_cleaned_bandpass_filtered,0,2000000.0,7000.0,80000.0,500,0.0001,300,300,0
train,particles2SNR_pipeline/output/p0_c1_Particles2SNR_F_staging/train/2um/HFocusing_5_10_2um2_0_1637.npy,P0/data/dataset_Particles2SNR_F_c1/train/2um/HFocusing_5_10_2um2_0_1637.npy,2um,HFocusing_5_10_2um2_0_1637.npy,replace,,,,,saturation_cleaned_bandpass_filtered,0,2000000.0,7000.0,80000.0,500,0.0001,300,300,0
train,particles2SNR_pipeline/output/p0_c1_Particles2SNR_F_staging/train/2um/HFocusing_5_10_2um2_0_1638.npy,P0/data/dataset_Particles2SNR_F_c1/train/2um/HFocusing_5_10_2um2_0_1638.npy,2um,HFocusing_5_10_2um2_0_1638.npy,replace,,,,,saturation_cleaned_bandpass_filtered,0,2000000.0,7000.0,80000.0,500,0.0001,300,300,0
train,particles2SNR_pipeline/output/p0_c1_Particles2SNR_F_staging/train/2um/HFocusing_5_10_2um2_0_1641.npy,P0/data/dataset_Particles2SNR_F_c1/train/2um/HFocusing_5_10_2um2_0_1641.npy,2um,HFocusing_5_10_2um2_0_1641.npy,replace,,,,,saturation_cleaned_bandpass_filtered,0,2000000.0,7000.0,80000.0,500,0.0001,300,300,0
train,particles2SNR_pipeline/output/p0_c1_Particles2SNR_F_staging/train/2um/HFocusing_5_10_2um2_0_1644.npy,P0/data/dataset_Particles2SNR_F_c1/train/2um/HFocusing_5_10_2um2_0_1644.npy,2um,HFocusing_5_10_2um2_0_1644.npy,replace,,,,,saturation_cleaned_bandpass_filtered,0,2000000.0,7000.0,80000.0,500,0.0001,300,300,0
train,particles2SNR_pipeline/output/p0_c1_Particles2SNR_F_staging/train/2um/HFocusing_5_10_2um2_0_1645.npy,P0/data/dataset_Particles2SNR_F_c1/train/2um/HFocusing_5_10_2um2_0_1645.npy,2um,HFocusing_5_10_2um2_0_1645.npy,replace,,,,,saturation_cleaned_bandpass_filtered,0,2000000.0,7000.0,80000.0,500,0.0001,300,300,0
train,particles2SNR_pipeline/output/p0_c1_Particles2SNR_F_staging/train/2um/HFocusing_5_10_2um2_0_1648.npy,P0/data/dataset_Particles2SNR_F_c1/train/2um/HFocusing_5_10_2um2_0_1648.npy,2um,HFocusing_5_10_2um2_0_1648.npy,replace,,,,,saturation_cleaned_bandpass_filtered,0,2000000.0,7000.0,80000.0,500,0.0001,300,300,0
train,particles2SNR_pipeline/output/p0_c1_Particles2SNR_F_staging/train/2um/HFocusing_5_10_2um2_0_1649.npy,P0/data/dataset_Particles2SNR_F_c1/train/2um/HFocusing_5_10_2um2_0_1649.npy,2um,HFocusing_5_10_2um2_0_1649.npy,replace,,,,,saturation_cleaned_bandpass_filtered,0,2000000.0,7000.0,80000.0,500,0.0001,300,300,0
train,particles2SNR_pipeline/output/p0_c1_Particles2SNR_F_staging/train/2um/HFocusing_5_10_2um2_0_165.npy,P0/data/dataset_Particles2SNR_F_c1/train/2um/HFocusing_5_10_2um2_0_165.npy,2um,HFocusing_5_10_2um2_0_165.npy,replace,,,,,saturation_cleaned_bandpass_filtered,0,2000000.0,7000.0,80000.0,500,0.0001,300,300,0
train,particles2SNR_pipeline/output/p0_c1_Particles2SNR_F_staging/train/2um/HFocusing_5_10_2um2_0_1652.npy,P0/data/dataset_Particles2SNR_F_c1/train/2um/HFocusing_5_10_2um2_0_1652.npy,2um,HFocusing_5_10_2um2_0_1652.npy,replace,,,,,saturation_cleaned_bandpass_filtered,0,2000000.0,7000.0,80000.0,500,0.0001,300,300,0
train,particles2SNR_pipeline/output/p0_c1_Particles2SNR_F_staging/train/2um/HFocusing_5_10_2um2_0_1656.npy,P0/data/dataset_Particles2SNR_F_c1/train/2um/HFocusing_5_10_2um2_0_1656.npy,2um,HFocusing_5_10_2um2_0_1656.npy,replace,,,,,saturation_cleaned_bandpass_filtered,0,2000000.0,7000.0,80000.0,500,0.0001,300,300,0
train,particles2SNR_pipeline/output/p0_c1_Particles2SNR_F_staging/train/2um/HFocusing_5_10_2um2_0_166.npy,P0/data/dataset_Particles2SNR_F_c1/train/2um/HFocusing_5_10_2um2_0_166.npy,2um,HFocusing_5_10_2um2_0_166.npy,replace,,,,,saturation_cleaned_bandpass_filtered,0,2000000.0,7000.0,80000.0,500,0.0001,300,300,0
train,particles2SNR_pipeline/output/p0_c1_Particles2SNR_F_staging/train/2um/HFocusing_5_10_2um2_0_1660.npy,P0/data/dataset_Particles2SNR_F_c1/train/2um/HFocusing_5_10_2um2_0_1660.npy,2um,HFocusing_5_10_2um2_0_1660.npy,replace,,,,,saturation_cleaned_bandpass_filtered,0,2000000.0,7000.0,80000.0,500,0.0001,300,300,0
train,particles2SNR_pipeline/output/p0_c1_Particles2SNR_F_staging/train/2um/HFocusing_5_10_2um2_0_1667.npy,P0/data/dataset_Particles2SNR_F_c1/train/2um/HFocusing_5_10_2um2_0_1667.npy,2um,HFocusing_5_10_2um2_0_1667.npy,replace,,,,,saturation_cleaned_bandpass_filtered,0,2000000.0,7000.0,80000.0,500,0.0001,300,300,0
train,particles2SNR_pipeline/output/p0_c1_Particles2SNR_F_staging/train/2um/HFocusing_5_10_2um2_0_1670.npy,P0/data/dataset_Particles2SNR_F_c1/train/2um/HFocusing_5_10_2um2_0_1670.npy,2um,HFocusing_5_10_2um2_0_1670.npy,replace,,,,,saturation_cleaned_bandpass_filtered,0,2000000.0,7000.0,80000.0,500,0.0001,300,300,0
train,particles2SNR_pipeline/output/p0_c1_Particles2SNR_F_staging/train/2um/HFocusing_5_10_2um2_0_1671.npy,P0/data/dataset_Particles2SNR_F_c1/train/2um/HFocusing_5_10_2um2_0_1671.npy,2um,HFocusing_5_10_2um2_0_1671.npy,replace,,,,,saturation_cleaned_bandpass_filtered,0,2000000.0,7000.0,80000.0,500,0.0001,300,300,0
train,particles2SNR_pipeline/output/p0_c1_Particles2SNR_F_staging/train/2um/HFocusing_5_10_2um2_0_1673.npy,P0/data/dataset_Particles2SNR_F_c1/train/2um/HFocusing_5_10_2um2_0_1673.npy,2um,HFocusing_5_10_2um2_0_1673.npy,replace,,,,,saturation_cleaned_bandpass_filtered,0,2000000.0,7000.0,80000.0,500,0.0001,300,300,0
train,particles2SNR_pipeline/output/p0_c1_Particles2SNR_F_staging/train/2um/HFocusing_5_10_2um2_0_1674.npy,P0/data/dataset_Particles2SNR_F_c1/train/2um/HFocusing_5_10_2um2_0_1674.npy,2um,HFocusing_5_10_2um2_0_1674.npy,replace,,,,,saturation_cleaned_bandpass_filtered,0,2000000.0,7000.0,80000.0,500,0.0001,300,300,0
train,particles2SNR_pipeline/output/p0_c1_Particles2SNR_F_staging/train/2um/HFocusing_5_10_2um2_0_1677.npy,P0/data/dataset_Particles2SNR_F_c1/train/2um/HFocusing_5_10_2um2_0_1677.npy,2um,HFocusing_5_10_2um2_0_1677.npy,replace,,,,,saturation_cleaned_bandpass_filtered,0,2000000.0,7000.0,80000.0,500,0.0001,300,300,0
train,particles2SNR_pipeline/output/p0_c1_Particles2SNR_F_staging/train/2um/HFocusing_5_10_2um2_0_168.npy,P0/data/dataset_Particles2SNR_F_c1/train/2um/HFocusing_5_10_2um2_0_168.npy,2um,HFocusing_5_10_2um2_0_168.npy,replace,,,,,saturation_cleaned_bandpass_filtered,0,2000000.0,7000.0,80000.0,500,0.0001,300,300,0
train,particles2SNR_pipeline/output/p0_c1_Particles2SNR_F_staging/train/2um/HFocusing_5_10_2um2_0_1680.npy,P0/data/dataset_Particles2SNR_F_c1/train/2um/HFocusing_5_10_2um2_0_1680.npy,2um,HFocusing_5_10_2um2_0_1680.npy,replace,,,,,saturation_cleaned_bandpass_filtered,0,2000000.0,7000.0,80000.0,500,0.0001,300,300,0
train,particles2SNR_pipeline/output/p0_c1_Particles2SNR_F_staging/train/2um/HFocusing_5_10_2um2_0_1681.npy,P0/data/dataset_Particles2SNR_F_c1/train/2um/HFocusing_5_10_2um2_0_1681.npy,2um,HFocusing_5_10_2um2_0_1681.npy,replace,,,,,saturation_cleaned_bandpass_filtered,0,2000000.0,7000.0,80000.0,500,0.0001,300,300,0
train,particles2SNR_pipeline/output/p0_c1_Particles2SNR_F_staging/train/2um/HFocusing_5_10_2um2_0_1684.npy,P0/data/dataset_Particles2SNR_F_c1/train/2um/HFocusing_5_10_2um2_0_1684.npy,2um,HFocusing_5_10_2um2_0_1684.npy,replace,,,,,saturation_cleaned_bandpass_filtered,0,2000000.0,7000.0,80000.0,500,0.0001,300,300,0
train,particles2SNR_pipeline/output/p0_c1_Particles2SNR_F_staging/train/2um/HFocusing_5_10_2um2_0_1688.npy,P0/data/dataset_Particles2SNR_F_c1/train/2um/HFocusing_5_10_2um2_0_1688.npy,2um,HFocusing_5_10_2um2_0_1688.npy,replace,,,,,saturation_cleaned_bandpass_filtered,0,2000000.0,7000.0,80000.0,500,0.0001,300,300,0
train,particles2SNR_pipeline/output/p0_c1_Particles2SNR_F_staging/train/2um/HFocusing_5_10_2um2_0_1689.npy,P0/data/dataset_Particles2SNR_F_c1/train/2um/HFocusing_5_10_2um2_0_1689.npy,2um,HFocusing_5_10_2um2_0_1689.npy,replace,,,,,saturation_cleaned_bandpass_filtered,0,2000000.0,7000.0,80000.0,500,0.0001,300,300,0
train,particles2SNR_pipeline/output/p0_c1_Particles2SNR_F_staging/train/2um/HFocusing_5_10_2um2_0_1692.npy,P0/data/dataset_Particles2SNR_F_c1/train/2um/HFocusing_5_10_2um2_0_1692.npy,2um,HFocusing_5_10_2um2_0_1692.npy,replace,,,,,saturation_cleaned_bandpass_filtered,0,2000000.0,7000.0,80000.0,500,0.0001,300,300,0
train,particles2SNR_pipeline/output/p0_c1_Particles2SNR_F_staging/train/2um/HFocusing_5_10_2um2_0_1696.npy,P0/data/dataset_Particles2SNR_F_c1/train/2um/HFocusing_5_10_2um2_0_1696.npy,2um,HFocusing_5_10_2um2_0_1696.npy,replace,,,,,saturation_cleaned_bandpass_filtered,0,2000000.0,7000.0,80000.0,500,0.0001,300,300,0
train,particles2SNR_pipeline/output/p0_c1_Particles2SNR_F_staging/train/2um/HFocusing_5_10_2um2_0_1698.npy,P0/data/dataset_Particles2SNR_F_c1/train/2um/HFocusing_5_10_2um2_0_1698.npy,2um,HFocusing_5_10_2um2_0_1698.npy,replace,,,,,saturation_cleaned_bandpass_filtered,0,2000000.0,7000.0,80000.0,500,0.0001,300,300,0
train,particles2SNR_pipeline/output/p0_c1_Particles2SNR_F_staging/train/2um/HFocusing_5_10_2um2_0_1699.npy,P0/data/dataset_Particles2SNR_F_c1/train/2um/HFocusing_5_10_2um2_0_1699.npy,2um,HFocusing_5_10_2um2_0_1699.npy,replace,,,,,saturation_cleaned_bandpass_filtered,0,2000000.0,7000.0,80000.0,500,0.0001,300,300,0
train,particles2SNR_pipeline/output/p0_c1_Particles2SNR_F_staging/train/2um/HFocusing_5_10_2um2_0_17.npy,P0/data/dataset_Particles2SNR_F_c1/train/2um/HFocusing_5_10_2um2_0_17.npy,2um,HFocusing_5_10_2um2_0_17.npy,replace,,,,,saturation_cleaned_bandpass_filtered,0,2000000.0,7000.0,80000.0,500,0.0001,300,300,0
train,particles2SNR_pipeline/output/p0_c1_Particles2SNR_F_staging/train/2um/HFocusing_5_10_2um2_0_1702.npy,P0/data/dataset_Particles2SNR_F_c1/train/2um/HFocusing_5_10_2um2_0_1702.npy,2um,HFocusing_5_10_2um2_0_1702.npy,replace,,,,,saturation_cleaned_bandpass_filtered,0,2000000.0,7000.0,80000.0,500,0.0001,300,300,0
train,particles2SNR_pipeline/output/p0_c1_Particles2SNR_F_staging/train/2um/HFocusing_5_10_2um2_0_1705.npy,P0/data/dataset_Particles2SNR_F_c1/train/2um/HFocusing_5_10_2um2_0_1705.npy,2um,HFocusing_5_10_2um2_0_1705.npy,replace,,,,,saturation_cleaned_bandpass_filtered,0,2000000.0,7000.0,80000.0,500,0.0001,300,300,0
train,particles2SNR_pipeline/output/p0_c1_Particles2SNR_F_staging/train/2um/HFocusing_5_10_2um2_0_1709.npy,P0/data/dataset_Particles2SNR_F_c1/train/2um/HFocusing_5_10_2um2_0_1709.npy,2um,HFocusing_5_10_2um2_0_1709.npy,replace,,,,,saturation_cleaned_bandpass_filtered,0,2000000.0,7000.0,80000.0,500,0.0001,300,300,0
train,particles2SNR_pipeline/output/p0_c1_Particles2SNR_F_staging/train/2um/HFocusing_5_10_2um2_0_171.npy,P0/data/dataset_Particles2SNR_F_c1/train/2um/HFocusing_5_10_2um2_0_171.npy,2um,HFocusing_5_10_2um2_0_171.npy,replace,,,,,saturation_cleaned_bandpass_filtered,0,2000000.0,7000.0,80000.0,500,0.0001,300,300,0
train,particles2SNR_pipeline/output/p0_c1_Particles2SNR_F_staging/train/2um/HFocusing_5_10_2um2_0_1710.npy,P0/data/dataset_Particles2SNR_F_c1/train/2um/HFocusing_5_10_2um2_0_1710.npy,2um,HFocusing_5_10_2um2_0_1710.npy,replace,,,,,saturation_cleaned_bandpass_filtered,0,2000000.0,7000.0,80000.0,500,0.0001,300,300,0
train,particles2SNR_pipeline/output/p0_c1_Particles2SNR_F_staging/train/2um/HFocusing_5_10_2um2_0_1713.npy,P0/data/dataset_Particles2SNR_F_c1/train/2um/HFocusing_5_10_2um2_0_1713.npy,2um,HFocusing_5_10_2um2_0_1713.npy,replace,,,,,saturation_cleaned_bandpass_filtered,0,2000000.0,7000.0,80000.0,500,0.0001,300,300,0
train,particles2SNR_pipeline/output/p0_c1_Particles2SNR_F_staging/train/2um/HFocusing_5_10_2um2_0_1716.npy,P0/data/dataset_Particles2SNR_F_c1/train/2um/HFocusing_5_10_2um2_0_1716.npy,2um,HFocusing_5_10_2um2_0_1716.npy,replace,,,,,saturation_cleaned_bandpass_filtered,0,2000000.0,7000.0,80000.0,500,0.0001,300,300,0
train,particles2SNR_pipeline/output/p0_c1_Particles2SNR_F_staging/train/2um/HFocusing_5_10_2um2_0_1717.npy,P0/data/dataset_Particles2SNR_F_c1/train/2um/HFocusing_5_10_2um2_0_1717.npy,2um,HFocusing_5_10_2um2_0_1717.npy,replace,,,,,saturation_cleaned_bandpass_filtered,0,2000000.0,7000.0,80000.0,500,0.0001,300,300,0
train,particles2SNR_pipeline/output/p0_c1_Particles2SNR_F_staging/train/2um/HFocusing_5_10_2um2_0_1719.npy,P0/data/dataset_Particles2SNR_F_c1/train/2um/HFocusing_5_10_2um2_0_1719.npy,2um,HFocusing_5_10_2um2_0_1719.npy,replace,,,,,saturation_cleaned_bandpass_filtered,0,2000000.0,7000.0,80000.0,500,0.0001,300,300,0
train,particles2SNR_pipeline/output/p0_c1_Particles2SNR_F_staging/train/2um/HFocusing_5_10_2um2_0_1720.npy,P0/data/dataset_Particles2SNR_F_c1/train/2um/HFocusing_5_10_2um2_0_1720.npy,2um,HFocusing_5_10_2um2_0_1720.npy,replace,,,,,saturation_cleaned_bandpass_filtered,0,2000000.0,7000.0,80000.0,500,0.0001,300,300,0
train,particles2SNR_pipeline/output/p0_c1_Particles2SNR_F_staging/train/2um/HFocusing_5_10_2um2_0_1724.npy,P0/data/dataset_Particles2SNR_F_c1/train/2um/HFocusing_5_10_2um2_0_1724.npy,2um,HFocusing_5_10_2um2_0_1724.npy,replace,,,,,saturation_cleaned_bandpass_filtered,0,2000000.0,7000.0,80000.0,500,0.0001,300,300,0
train,particles2SNR_pipeline/output/p0_c1_Particles2SNR_F_staging/train/2um/HFocusing_5_10_2um2_0_1728.npy,P0/data/dataset_Particles2SNR_F_c1/train/2um/HFocusing_5_10_2um2_0_1728.npy,2um,HFocusing_5_10_2um2_0_1728.npy,replace,,,,,saturation_cleaned_bandpass_filtered,0,2000000.0,7000.0,80000.0,500,0.0001,300,300,0
train,particles2SNR_pipeline/output/p0_c1_Particles2SNR_F_staging/train/2um/HFocusing_5_10_2um2_0_1730.npy,P0/data/dataset_Particles2SNR_F_c1/train/2um/HFocusing_5_10_2um2_0_1730.npy,2um,HFocusing_5_10_2um2_0_1730.npy,replace,,,,,saturation_cleaned_bandpass_filtered,0,2000000.0,7000.0,80000.0,500,0.0001,300,300,0
train,particles2SNR_pipeline/output/p0_c1_Particles2SNR_F_staging/train/2um/HFocusing_5_10_2um2_0_1737.npy,P0/data/dataset_Particles2SNR_F_c1/train/2um/HFocusing_5_10_2um2_0_1737.npy,2um,HFocusing_5_10_2um2_0_1737.npy,replace,,,,,saturation_cleaned_bandpass_filtered,0,2000000.0,7000.0,80000.0,500,0.0001,300,300,0
train,particles2SNR_pipeline/output/p0_c1_Particles2SNR_F_staging/train/2um/HFocusing_5_10_2um2_0_1741.npy,P0/data/dataset_Particles2SNR_F_c1/train/2um/HFocusing_5_10_2um2_0_1741.npy,2um,HFocusing_5_10_2um2_0_1741.npy,replace,,,,,saturation_cleaned_bandpass_filtered,0,2000000.0,7000.0,80000.0,500,0.0001,300,300,0
train,particles2SNR_pipeline/output/p0_c1_Particles2SNR_F_staging/train/2um/HFocusing_5_10_2um2_0_1744.npy,P0/data/dataset_Particles2SNR_F_c1/train/2um/HFocusing_5_10_2um2_0_1744.npy,2um,HFocusing_5_10_2um2_0_1744.npy,replace,,,,,saturation_cleaned_bandpass_filtered,0,2000000.0,7000.0,80000.0,500,0.0001,300,300,0
train,particles2SNR_pipeline/output/p0_c1_Particles2SNR_F_staging/train/2um/HFocusing_5_10_2um2_0_1748.npy,P0/data/dataset_Particles2SNR_F_c1/train/2um/HFocusing_5_10_2um2_0_1748.npy,2um,HFocusing_5_10_2um2_0_1748.npy,replace,,,,,saturation_cleaned_bandpass_filtered,0,2000000.0,7000.0,80000.0,500,0.0001,300,300,0
train,particles2SNR_pipeline/output/p0_c1_Particles2SNR_F_staging/train/2um/HFocusing_5_10_2um2_0_1749.npy,P0/data/dataset_Particles2SNR_F_c1/train/2um/HFocusing_5_10_2um2_0_1749.npy,2um,HFocusing_5_10_2um2_0_1749.npy,replace,,,,,saturation_cleaned_bandpass_filtered,0,2000000.0,7000.0,80000.0,500,0.0001,300,300,0
train,particles2SNR_pipeline/output/p0_c1_Particles2SNR_F_staging/train/2um/HFocusing_5_10_2um2_0_175.npy,P0/data/dataset_Particles2SNR_F_c1/train/2um/HFocusing_5_10_2um2_0_175.npy,2um,HFocusing_5_10_2um2_0_175.npy,replace,,,,,saturation_cleaned_bandpass_filtered,0,2000000.0,7000.0,80000.0,500,0.0001,300,300,0
train,particles2SNR_pipeline/output/p0_c1_Particles2SNR_F_staging/train/2um/HFocusing_5_10_2um2_0_1752.npy,P0/data/dataset_Particles2SNR_F_c1/train/2um/HFocusing_5_10_2um2_0_1752.npy,2um,HFocusing_5_10_2um2_0_1752.npy,replace,,,,,saturation_cleaned_bandpass_filtered,0,2000000.0,7000.0,80000.0,500,0.0001,300,300,0
train,particles2SNR_pipeline/output/p0_c1_Particles2SNR_F_staging/train/2um/HFocusing_5_10_2um2_0_1760.npy,P0/data/dataset_Particles2SNR_F_c1/train/2um/HFocusing_5_10_2um2_0_1760.npy,2um,HFocusing_5_10_2um2_0_1760.npy,replace,,,,,saturation_cleaned_bandpass_filtered,0,2000000.0,7000.0,80000.0,500,0.0001,300,300,0
train,particles2SNR_pipeline/output/p0_c1_Particles2SNR_F_staging/train/2um/HFocusing_5_10_2um2_0_1764.npy,P0/data/dataset_Particles2SNR_F_c1/train/2um/HFocusing_5_10_2um2_0_1764.npy,2um,HFocusing_5_10_2um2_0_1764.npy,replace,,,,,saturation_cleaned_bandpass_filtered,0,2000000.0,7000.0,80000.0,500,0.0001,300,300,0
train,particles2SNR_pipeline/output/p0_c1_Particles2SNR_F_staging/train/2um/HFocusing_5_10_2um2_0_1767.npy,P0/data/dataset_Particles2SNR_F_c1/train/2um/HFocusing_5_10_2um2_0_1767.npy,2um,HFocusing_5_10_2um2_0_1767.npy,replace,,,,,saturation_cleaned_bandpass_filtered,0,2000000.0,7000.0,80000.0,500,0.0001,300,300,0
train,particles2SNR_pipeline/output/p0_c1_Particles2SNR_F_staging/train/2um/HFocusing_5_10_2um2_0_1771.npy,P0/data/dataset_Particles2SNR_F_c1/train/2um/HFocusing_5_10_2um2_0_1771.npy,2um,HFocusing_5_10_2um2_0_1771.npy,replace,,,,,saturation_cleaned_bandpass_filtered,0,2000000.0,7000.0,80000.0,500,0.0001,300,300,0
train,particles2SNR_pipeline/output/p0_c1_Particles2SNR_F_staging/train/2um/HFocusing_5_10_2um2_0_1773.npy,P0/data/dataset_Particles2SNR_F_c1/train/2um/HFocusing_5_10_2um2_0_1773.npy,2um,HFocusing_5_10_2um2_0_1773.npy,replace,,,,,saturation_cleaned_bandpass_filtered,0,2000000.0,7000.0,80000.0,500,0.0001,300,300,0
train,particles2SNR_pipeline/output/p0_c1_Particles2SNR_F_staging/train/2um/HFocusing_5_10_2um2_0_1774.npy,P0/data/dataset_Particles2SNR_F_c1/train/2um/HFocusing_5_10_2um2_0_1774.npy,2um,HFocusing_5_10_2um2_0_1774.npy,replace,,,,,saturation_cleaned_bandpass_filtered,0,2000000.0,7000.0,80000.0,500,0.0001,300,300,0
train,particles2SNR_pipeline/output/p0_c1_Particles2SNR_F_staging/train/2um/HFocusing_5_10_2um2_0_1777.npy,P0/data/dataset_Particles2SNR_F_c1/train/2um/HFocusing_5_10_2um2_0_1777.npy,2um,HFocusing_5_10_2um2_0_1777.npy,replace,,,,,saturation_cleaned_bandpass_filtered,0,2000000.0,7000.0,80000.0,500,0.0001,300,300,0
train,particles2SNR_pipeline/output/p0_c1_Particles2SNR_F_staging/train/2um/HFocusing_5_10_2um2_0_1780.npy,P0/data/dataset_Particles2SNR_F_c1/train/2um/HFocusing_5_10_2um2_0_1780.npy,2um,HFocusing_5_10_2um2_0_1780.npy,replace,,,,,saturation_cleaned_bandpass_filtered,0,2000000.0,7000.0,80000.0,500,0.0001,300,300,0
train,particles2SNR_pipeline/output/p0_c1_Particles2SNR_F_staging/train/2um/HFocusing_5_10_2um2_0_1781.npy,P0/data/dataset_Particles2SNR_F_c1/train/2um/HFocusing_5_10_2um2_0_1781.npy,2um,HFocusing_5_10_2um2_0_1781.npy,replace,,,,,saturation_cleaned_bandpass_filtered,0,2000000.0,7000.0,80000.0,500,0.0001,300,300,0
train,particles2SNR_pipeline/output/p0_c1_Particles2SNR_F_staging/train/2um/HFocusing_5_10_2um2_0_1784.npy,P0/data/dataset_Particles2SNR_F_c1/train/2um/HFocusing_5_10_2um2_0_1784.npy,2um,HFocusing_5_10_2um2_0_1784.npy,replace,,,,,saturation_cleaned_bandpass_filtered,0,2000000.0,7000.0,80000.0,500,0.0001,300,300,0
train,particles2SNR_pipeline/output/p0_c1_Particles2SNR_F_staging/train/2um/HFocusing_5_10_2um2_0_1785.npy,P0/data/dataset_Particles2SNR_F_c1/train/2um/HFocusing_5_10_2um2_0_1785.npy,2um,HFocusing_5_10_2um2_0_1785.npy,replace,,,,,saturation_cleaned_bandpass_filtered,0,2000000.0,7000.0,80000.0,500,0.0001,300,300,0
train,particles2SNR_pipeline/output/p0_c1_Particles2SNR_F_staging/train/2um/HFocusing_5_10_2um2_0_1789.npy,P0/data/dataset_Particles2SNR_F_c1/train/2um/HFocusing_5_10_2um2_0_1789.npy,2um,HFocusing_5_10_2um2_0_1789.npy,replace,,,,,saturation_cleaned_bandpass_filtered,0,2000000.0,7000.0,80000.0,500,0.0001,300,300,0
train,particles2SNR_pipeline/output/p0_c1_Particles2SNR_F_staging/train/2um/HFocusing_5_10_2um2_0_1792.npy,P0/data/dataset_Particles2SNR_F_c1/train/2um/HFocusing_5_10_2um2_0_1792.npy,2um,HFocusing_5_10_2um2_0_1792.npy,replace,,,,,saturation_cleaned_bandpass_filtered,0,2000000.0,7000.0,80000.0,500,0.0001,300,300,0
train,particles2SNR_pipeline/output/p0_c1_Particles2SNR_F_staging/train/2um/HFocusing_5_10_2um2_0_1798.npy,P0/data/dataset_Particles2SNR_F_c1/train/2um/HFocusing_5_10_2um2_0_1798.npy,2um,HFocusing_5_10_2um2_0_1798.npy,replace,,,,,saturation_cleaned_bandpass_filtered,0,2000000.0,7000.0,80000.0,500,0.0001,300,300,0
train,particles2SNR_pipeline/output/p0_c1_Particles2SNR_F_staging/train/2um/HFocusing_5_10_2um2_0_1801.npy,P0/data/dataset_Particles2SNR_F_c1/train/2um/HFocusing_5_10_2um2_0_1801.npy,2um,HFocusing_5_10_2um2_0_1801.npy,replace,,,,,saturation_cleaned_bandpass_filtered,0,2000000.0,7000.0,80000.0,500,0.0001,300,300,0
train,particles2SNR_pipeline/output/p0_c1_Particles2SNR_F_staging/train/2um/HFocusing_5_10_2um2_0_1802.npy,P0/data/dataset_Particles2SNR_F_c1/train/2um/HFocusing_5_10_2um2_0_1802.npy,2um,HFocusing_5_10_2um2_0_1802.npy,replace,,,,,saturation_cleaned_bandpass_filtered,0,2000000.0,7000.0,80000.0,500,0.0001,300,300,0
train,particles2SNR_pipeline/output/p0_c1_Particles2SNR_F_staging/train/2um/HFocusing_5_10_2um2_0_1805.npy,P0/data/dataset_Particles2SNR_F_c1/train/2um/HFocusing_5_10_2um2_0_1805.npy,2um,HFocusing_5_10_2um2_0_1805.npy,replace,,,,,saturation_cleaned_bandpass_filtered,0,2000000.0,7000.0,80000.0,500,0.0001,300,300,0
train,particles2SNR_pipeline/output/p0_c1_Particles2SNR_F_staging/train/2um/HFocusing_5_10_2um2_0_1806.npy,P0/data/dataset_Particles2SNR_F_c1/train/2um/HFocusing_5_10_2um2_0_1806.npy,2um,HFocusing_5_10_2um2_0_1806.npy,replace,,,,,saturation_cleaned_bandpass_filtered,0,2000000.0,7000.0,80000.0,500,0.0001,300,300,0
train,particles2SNR_pipeline/output/p0_c1_Particles2SNR_F_staging/train/2um/HFocusing_5_10_2um2_0_1809.npy,P0/data/dataset_Particles2SNR_F_c1/train/2um/HFocusing_5_10_2um2_0_1809.npy,2um,HFocusing_5_10_2um2_0_1809.npy,replace,,,,,saturation_cleaned_bandpass_filtered,0,2000000.0,7000.0,80000.0,500,0.0001,300,300,0
train,particles2SNR_pipeline/output/p0_c1_Particles2SNR_F_staging/train/2um/HFocusing_5_10_2um2_0_181.npy,P0/data/dataset_Particles2SNR_F_c1/train/2um/HFocusing_5_10_2um2_0_181.npy,2um,HFocusing_5_10_2um2_0_181.npy,replace,,,,,saturation_cleaned_bandpass_filtered,0,2000000.0,7000.0,80000.0,500,0.0001,300,300,0
train,particles2SNR_pipeline/output/p0_c1_Particles2SNR_F_staging/train/2um/HFocusing_5_10_2um2_0_1810.npy,P0/data/dataset_Particles2SNR_F_c1/train/2um/HFocusing_5_10_2um2_0_1810.npy,2um,HFocusing_5_10_2um2_0_1810.npy,replace,,,,,saturation_cleaned_bandpass_filtered,0,2000000.0,7000.0,80000.0,500,0.0001,300,300,0
train,particles2SNR_pipeline/output/p0_c1_Particles2SNR_F_staging/train/2um/HFocusing_5_10_2um2_0_1813.npy,P0/data/dataset_Particles2SNR_F_c1/train/2um/HFocusing_5_10_2um2_0_1813.npy,2um,HFocusing_5_10_2um2_0_1813.npy,replace,,,,,saturation_cleaned_bandpass_filtered,0,2000000.0,7000.0,80000.0,500,0.0001,300,300,0
train,particles2SNR_pipeline/output/p0_c1_Particles2SNR_F_staging/train/2um/HFocusing_5_10_2um2_0_1819.npy,P0/data/dataset_Particles2SNR_F_c1/train/2um/HFocusing_5_10_2um2_0_1819.npy,2um,HFocusing_5_10_2um2_0_1819.npy,replace,,,,,saturation_cleaned_bandpass_filtered,0,2000000.0,7000.0,80000.0,500,0.0001,300,300,0
train,particles2SNR_pipeline/output/p0_c1_Particles2SNR_F_staging/train/2um/HFocusing_5_10_2um2_0_1822.npy,P0/data/dataset_Particles2SNR_F_c1/train/2um/HFocusing_5_10_2um2_0_1822.npy,2um,HFocusing_5_10_2um2_0_1822.npy,replace,,,,,saturation_cleaned_bandpass_filtered,0,2000000.0,7000.0,80000.0,500,0.0001,300,300,0
train,particles2SNR_pipeline/output/p0_c1_Particles2SNR_F_staging/train/2um/HFocusing_5_10_2um2_0_1823.npy,P0/data/dataset_Particles2SNR_F_c1/train/2um/HFocusing_5_10_2um2_0_1823.npy,2um,HFocusing_5_10_2um2_0_1823.npy,replace,,,,,saturation_cleaned_bandpass_filtered,0,2000000.0,7000.0,80000.0,500,0.0001,300,300,0
train,particles2SNR_pipeline/output/p0_c1_Particles2SNR_F_staging/train/2um/HFocusing_5_10_2um2_0_1826.npy,P0/data/dataset_Particles2SNR_F_c1/train/2um/HFocusing_5_10_2um2_0_1826.npy,2um,HFocusing_5_10_2um2_0_1826.npy,replace,,,,,saturation_cleaned_bandpass_filtered,0,2000000.0,7000.0,80000.0,500,0.0001,300,300,0
train,particles2SNR_pipeline/output/p0_c1_Particles2SNR_F_staging/train/2um/HFocusing_5_10_2um2_0_1827.npy,P0/data/dataset_Particles2SNR_F_c1/train/2um/HFocusing_5_10_2um2_0_1827.npy,2um,HFocusing_5_10_2um2_0_1827.npy,replace,,,,,saturation_cleaned_bandpass_filtered,0,2000000.0,7000.0,80000.0,500,0.0001,300,300,0
train,particles2SNR_pipeline/output/p0_c1_Particles2SNR_F_staging/train/2um/HFocusing_5_10_2um2_0_1830.npy,P0/data/dataset_Particles2SNR_F_c1/train/2um/HFocusing_5_10_2um2_0_1830.npy,2um,HFocusing_5_10_2um2_0_1830.npy,replace,,,,,saturation_cleaned_bandpass_filtered,0,2000000.0,7000.0,80000.0,500,0.0001,300,300,0
train,particles2SNR_pipeline/output/p0_c1_Particles2SNR_F_staging/train/2um/HFocusing_5_10_2um2_0_1833.npy,P0/data/dataset_Particles2SNR_F_c1/train/2um/HFocusing_5_10_2um2_0_1833.npy,2um,HFocusing_5_10_2um2_0_1833.npy,replace,,,,,saturation_cleaned_bandpass_filtered,0,2000000.0,7000.0,80000.0,500,0.0001,300,300,0
train,particles2SNR_pipeline/output/p0_c1_Particles2SNR_F_staging/train/2um/HFocusing_5_10_2um2_0_1834.npy,P0/data/dataset_Particles2SNR_F_c1/train/2um/HFocusing_5_10_2um2_0_1834.npy,2um,HFocusing_5_10_2um2_0_1834.npy,replace,,,,,saturation_cleaned_bandpass_filtered,0,2000000.0,7000.0,80000.0,500,0.0001,300,300,0
train,particles2SNR_pipeline/output/p0_c1_Particles2SNR_F_staging/train/2um/HFocusing_5_10_2um2_0_1837.npy,P0/data/dataset_Particles2SNR_F_c1/train/2um/HFocusing_5_10_2um2_0_1837.npy,2um,HFocusing_5_10_2um2_0_1837.npy,replace,,,,,saturation_cleaned_bandpass_filtered,0,2000000.0,7000.0,80000.0,500,0.0001,300,300,0
train,particles2SNR_pipeline/output/p0_c1_Particles2SNR_F_staging/train/2um/HFocusing_5_10_2um2_0_1838.npy,P0/data/dataset_Particles2SNR_F_c1/train/2um/HFocusing_5_10_2um2_0_1838.npy,2um,HFocusing_5_10_2um2_0_1838.npy,replace,,,,,saturation_cleaned_bandpass_filtered,0,2000000.0,7000.0,80000.0,500,0.0001,300,300,0
train,particles2SNR_pipeline/output/p0_c1_Particles2SNR_F_staging/train/2um/HFocusing_5_10_2um2_0_1841.npy,P0/data/dataset_Particles2SNR_F_c1/train/2um/HFocusing_5_10_2um2_0_1841.npy,2um,HFocusing_5_10_2um2_0_1841.npy,replace,,,,,saturation_cleaned_bandpass_filtered,0,2000000.0,7000.0,80000.0,500,0.0001,300,300,0
train,particles2SNR_pipeline/output/p0_c1_Particles2SNR_F_staging/train/2um/HFocusing_5_10_2um2_0_1847.npy,P0/data/dataset_Particles2SNR_F_c1/train/2um/HFocusing_5_10_2um2_0_1847.npy,2um,HFocusing_5_10_2um2_0_1847.npy,replace,,,,,saturation_cleaned_bandpass_filtered,0,2000000.0,7000.0,80000.0,500,0.0001,300,300,0
train,particles2SNR_pipeline/output/p0_c1_Particles2SNR_F_staging/train/2um/HFocusing_5_10_2um2_0_185.npy,P0/data/dataset_Particles2SNR_F_c1/train/2um/HFocusing_5_10_2um2_0_185.npy,2um,HFocusing_5_10_2um2_0_185.npy,replace,,,,,saturation_cleaned_bandpass_filtered,0,2000000.0,7000.0,80000.0,500,0.0001,300,300,0
train,particles2SNR_pipeline/output/p0_c1_Particles2SNR_F_staging/train/2um/HFocusing_5_10_2um2_0_1850.npy,P0/data/dataset_Particles2SNR_F_c1/train/2um/HFocusing_5_10_2um2_0_1850.npy,2um,HFocusing_5_10_2um2_0_1850.npy,replace,,,,,saturation_cleaned_bandpass_filtered,0,2000000.0,7000.0,80000.0,500,0.0001,300,300,0
train,particles2SNR_pipeline/output/p0_c1_Particles2SNR_F_staging/train/2um/HFocusing_5_10_2um2_0_1851.npy,P0/data/dataset_Particles2SNR_F_c1/train/2um/HFocusing_5_10_2um2_0_1851.npy,2um,HFocusing_5_10_2um2_0_1851.npy,replace,,,,,saturation_cleaned_bandpass_filtered,0,2000000.0,7000.0,80000.0,500,0.0001,300,300,0
train,particles2SNR_pipeline/output/p0_c1_Particles2SNR_F_staging/train/2um/HFocusing_5_10_2um2_0_1855.npy,P0/data/dataset_Particles2SNR_F_c1/train/2um/HFocusing_5_10_2um2_0_1855.npy,2um,HFocusing_5_10_2um2_0_1855.npy,replace,,,,,saturation_cleaned_bandpass_filtered,0,2000000.0,7000.0,80000.0,500,0.0001,300,300,0
train,particles2SNR_pipeline/output/p0_c1_Particles2SNR_F_staging/train/2um/HFocusing_5_10_2um2_0_1858.npy,P0/data/dataset_Particles2SNR_F_c1/train/2um/HFocusing_5_10_2um2_0_1858.npy,2um,HFocusing_5_10_2um2_0_1858.npy,replace,,,,,saturation_cleaned_bandpass_filtered,0,2000000.0,7000.0,80000.0,500,0.0001,300,300,0
train,particles2SNR_pipeline/output/p0_c1_Particles2SNR_F_staging/train/2um/HFocusing_5_10_2um2_0_1859.npy,P0/data/dataset_Particles2SNR_F_c1/train/2um/HFocusing_5_10_2um2_0_1859.npy,2um,HFocusing_5_10_2um2_0_1859.npy,replace,,,,,saturation_cleaned_bandpass_filtered,0,2000000.0,7000.0,80000.0,500,0.0001,300,300,0
train,particles2SNR_pipeline/output/p0_c1_Particles2SNR_F_staging/train/2um/HFocusing_5_10_2um2_0_1863.npy,P0/data/dataset_Particles2SNR_F_c1/train/2um/HFocusing_5_10_2um2_0_1863.npy,2um,HFocusing_5_10_2um2_0_1863.npy,replace,,,,,saturation_cleaned_bandpass_filtered,0,2000000.0,7000.0,80000.0,500,0.0001,300,300,0
train,particles2SNR_pipeline/output/p0_c1_Particles2SNR_F_staging/train/2um/HFocusing_5_10_2um2_0_1867.npy,P0/data/dataset_Particles2SNR_F_c1/train/2um/HFocusing_5_10_2um2_0_1867.npy,2um,HFocusing_5_10_2um2_0_1867.npy,replace,,,,,saturation_cleaned_bandpass_filtered,0,2000000.0,7000.0,80000.0,500,0.0001,300,300,0
train,particles2SNR_pipeline/output/p0_c1_Particles2SNR_F_staging/train/2um/HFocusing_5_10_2um2_0_1870.npy,P0/data/dataset_Particles2SNR_F_c1/train/2um/HFocusing_5_10_2um2_0_1870.npy,2um,HFocusing_5_10_2um2_0_1870.npy,replace,,,,,saturation_cleaned_bandpass_filtered,0,2000000.0,7000.0,80000.0,500,0.0001,300,300,0
train,particles2SNR_pipeline/output/p0_c1_Particles2SNR_F_staging/train/2um/HFocusing_5_10_2um2_0_1873.npy,P0/data/dataset_Particles2SNR_F_c1/train/2um/HFocusing_5_10_2um2_0_1873.npy,2um,HFocusing_5_10_2um2_0_1873.npy,replace,,,,,saturation_cleaned_bandpass_filtered,0,2000000.0,7000.0,80000.0,500,0.0001,300,300,0
train,particles2SNR_pipeline/output/p0_c1_Particles2SNR_F_staging/train/2um/HFocusing_5_10_2um2_0_1874.npy,P0/data/dataset_Particles2SNR_F_c1/train/2um/HFocusing_5_10_2um2_0_1874.npy,2um,HFocusing_5_10_2um2_0_1874.npy,replace,,,,,saturation_cleaned_bandpass_filtered,0,2000000.0,7000.0,80000.0,500,0.0001,300,300,0
train,particles2SNR_pipeline/output/p0_c1_Particles2SNR_F_staging/train/2um/HFocusing_5_10_2um2_0_1877.npy,P0/data/dataset_Particles2SNR_F_c1/train/2um/HFocusing_5_10_2um2_0_1877.npy,2um,HFocusing_5_10_2um2_0_1877.npy,replace,,,,,saturation_cleaned_bandpass_filtered,0,2000000.0,7000.0,80000.0,500,0.0001,300,300,0
train,particles2SNR_pipeline/output/p0_c1_Particles2SNR_F_staging/train/2um/HFocusing_5_10_2um2_0_1880.npy,P0/data/dataset_Particles2SNR_F_c1/train/2um/HFocusing_5_10_2um2_0_1880.npy,2um,HFocusing_5_10_2um2_0_1880.npy,replace,,,,,saturation_cleaned_bandpass_filtered,0,2000000.0,7000.0,80000.0,500,0.0001,300,300,0
train,particles2SNR_pipeline/output/p0_c1_Particles2SNR_F_staging/train/2um/HFocusing_5_10_2um2_0_1881.npy,P0/data/dataset_Particles2SNR_F_c1/train/2um/HFocusing_5_10_2um2_0_1881.npy,2um,HFocusing_5_10_2um2_0_1881.npy,replace,,,,,saturation_cleaned_bandpass_filtered,0,2000000.0,7000.0,80000.0,500,0.0001,300,300,0
train,particles2SNR_pipeline/output/p0_c1_Particles2SNR_F_staging/train/2um/HFocusing_5_10_2um2_0_1884.npy,P0/data/dataset_Particles2SNR_F_c1/train/2um/HFocusing_5_10_2um2_0_1884.npy,2um,HFocusing_5_10_2um2_0_1884.npy,replace,,,,,saturation_cleaned_bandpass_filtered,0,2000000.0,7000.0,80000.0,500,0.0001,300,300,0
train,particles2SNR_pipeline/output/p0_c1_Particles2SNR_F_staging/train/2um/HFocusing_5_10_2um2_0_1885.npy,P0/data/dataset_Particles2SNR_F_c1/train/2um/HFocusing_5_10_2um2_0_1885.npy,2um,HFocusing_5_10_2um2_0_1885.npy,replace,,,,,saturation_cleaned_bandpass_filtered,0,2000000.0,7000.0,80000.0,500,0.0001,300,300,0
train,particles2SNR_pipeline/output/p0_c1_Particles2SNR_F_staging/train/2um/HFocusing_5_10_2um2_0_1888.npy,P0/data/dataset_Particles2SNR_F_c1/train/2um/HFocusing_5_10_2um2_0_1888.npy,2um,HFocusing_5_10_2um2_0_1888.npy,replace,,,,,saturation_cleaned_bandpass_filtered,0,2000000.0,7000.0,80000.0,500,0.0001,300,300,0
train,particles2SNR_pipeline/output/p0_c1_Particles2SNR_F_staging/train/2um/HFocusing_5_10_2um2_0_1889.npy,P0/data/dataset_Particles2SNR_F_c1/train/2um/HFocusing_5_10_2um2_0_1889.npy,2um,HFocusing_5_10_2um2_0_1889.npy,replace,,,,,saturation_cleaned_bandpass_filtered,0,2000000.0,7000.0,80000.0,500,0.0001,300,300,0
train,particles2SNR_pipeline/output/p0_c1_Particles2SNR_F_staging/train/2um/HFocusing_5_10_2um2_0_1893.npy,P0/data/dataset_Particles2SNR_F_c1/train/2um/HFocusing_5_10_2um2_0_1893.npy,2um,HFocusing_5_10_2um2_0_1893.npy,replace,,,,,saturation_cleaned_bandpass_filtered,0,2000000.0,7000.0,80000.0,500,0.0001,300,300,0
train,particles2SNR_pipeline/output/p0_c1_Particles2SNR_F_staging/train/2um/HFocusing_5_10_2um2_0_1895.npy,P0/data/dataset_Particles2SNR_F_c1/train/2um/HFocusing_5_10_2um2_0_1895.npy,2um,HFocusing_5_10_2um2_0_1895.npy,replace,,,,,saturation_cleaned_bandpass_filtered,0,2000000.0,7000.0,80000.0,500,0.0001,300,300,0
train,particles2SNR_pipeline/output/p0_c1_Particles2SNR_F_staging/train/2um/HFocusing_5_10_2um2_0_1896.npy,P0/data/dataset_Particles2SNR_F_c1/train/2um/HFocusing_5_10_2um2_0_1896.npy,2um,HFocusing_5_10_2um2_0_1896.npy,replace,,,,,saturation_cleaned_bandpass_filtered,0,2000000.0,7000.0,80000.0,500,0.0001,300,300,0
train,particles2SNR_pipeline/output/p0_c1_Particles2SNR_F_staging/train/2um/HFocusing_5_10_2um2_0_1898.npy,P0/data/dataset_Particles2SNR_F_c1/train/2um/HFocusing_5_10_2um2_0_1898.npy,2um,HFocusing_5_10_2um2_0_1898.npy,replace,,,,,saturation_cleaned_bandpass_filtered,0,2000000.0,7000.0,80000.0,500,0.0001,300,300,0
train,particles2SNR_pipeline/output/p0_c1_Particles2SNR_F_staging/train/2um/HFocusing_5_10_2um2_0_1902.npy,P0/data/dataset_Particles2SNR_F_c1/train/2um/HFocusing_5_10_2um2_0_1902.npy,2um,HFocusing_5_10_2um2_0_1902.npy,replace,,,,,saturation_cleaned_bandpass_filtered,0,2000000.0,7000.0,80000.0,500,0.0001,300,300,0
train,particles2SNR_pipeline/output/p0_c1_Particles2SNR_F_staging/train/2um/HFocusing_5_10_2um2_0_1903.npy,P0/data/dataset_Particles2SNR_F_c1/train/2um/HFocusing_5_10_2um2_0_1903.npy,2um,HFocusing_5_10_2um2_0_1903.npy,replace,,,,,saturation_cleaned_bandpass_filtered,0,2000000.0,7000.0,80000.0,500,0.0001,300,300,0
train,particles2SNR_pipeline/output/p0_c1_Particles2SNR_F_staging/train/2um/HFocusing_5_10_2um2_0_1906.npy,P0/data/dataset_Particles2SNR_F_c1/train/2um/HFocusing_5_10_2um2_0_1906.npy,2um,HFocusing_5_10_2um2_0_1906.npy,replace,,,,,saturation_cleaned_bandpass_filtered,0,2000000.0,7000.0,80000.0,500,0.0001,300,300,0
train,particles2SNR_pipeline/output/p0_c1_Particles2SNR_F_staging/train/2um/HFocusing_5_10_2um2_0_1907.npy,P0/data/dataset_Particles2SNR_F_c1/train/2um/HFocusing_5_10_2um2_0_1907.npy,2um,HFocusing_5_10_2um2_0_1907.npy,replace,,,,,saturation_cleaned_bandpass_filtered,0,2000000.0,7000.0,80000.0,500,0.0001,300,300,0
train,particles2SNR_pipeline/output/p0_c1_Particles2SNR_F_staging/train/2um/HFocusing_5_10_2um2_0_1910.npy,P0/data/dataset_Particles2SNR_F_c1/train/2um/HFocusing_5_10_2um2_0_1910.npy,2um,HFocusing_5_10_2um2_0_1910.npy,replace,,,,,saturation_cleaned_bandpass_filtered,0,2000000.0,7000.0,80000.0,500,0.0001,300,300,0
train,particles2SNR_pipeline/output/p0_c1_Particles2SNR_F_staging/train/2um/HFocusing_5_10_2um2_0_1911.npy,P0/data/dataset_Particles2SNR_F_c1/train/2um/HFocusing_5_10_2um2_0_1911.npy,2um,HFocusing_5_10_2um2_0_1911.npy,replace,,,,,saturation_cleaned_bandpass_filtered,0,2000000.0,7000.0,80000.0,500,0.0001,300,300,0
train,particles2SNR_pipeline/output/p0_c1_Particles2SNR_F_staging/train/2um/HFocusing_5_10_2um2_0_1915.npy,P0/data/dataset_Particles2SNR_F_c1/train/2um/HFocusing_5_10_2um2_0_1915.npy,2um,HFocusing_5_10_2um2_0_1915.npy,replace,,,,,saturation_cleaned_bandpass_filtered,0,2000000.0,7000.0,80000.0,500,0.0001,300,300,0
train,particles2SNR_pipeline/output/p0_c1_Particles2SNR_F_staging/train/2um/HFocusing_5_10_2um2_0_1919.npy,P0/data/dataset_Particles2SNR_F_c1/train/2um/HFocusing_5_10_2um2_0_1919.npy,2um,HFocusing_5_10_2um2_0_1919.npy,replace,,,,,saturation_cleaned_bandpass_filtered,0,2000000.0,7000.0,80000.0,500,0.0001,300,300,0
train,particles2SNR_pipeline/output/p0_c1_Particles2SNR_F_staging/train/2um/HFocusing_5_10_2um2_0_1921.npy,P0/data/dataset_Particles2SNR_F_c1/train/2um/HFocusing_5_10_2um2_0_1921.npy,2um,HFocusing_5_10_2um2_0_1921.npy,replace,,,,,saturation_cleaned_bandpass_filtered,0,2000000.0,7000.0,80000.0,500,0.0001,300,300,0
train,particles2SNR_pipeline/output/p0_c1_Particles2SNR_F_staging/train/2um/HFocusing_5_10_2um2_0_1922.npy,P0/data/dataset_Particles2SNR_F_c1/train/2um/HFocusing_5_10_2um2_0_1922.npy,2um,HFocusing_5_10_2um2_0_1922.npy,replace,,,,,saturation_cleaned_bandpass_filtered,0,2000000.0,7000.0,80000.0,500,0.0001,300,300,0
train,particles2SNR_pipeline/output/p0_c1_Particles2SNR_F_staging/train/2um/HFocusing_5_10_2um2_0_1925.npy,P0/data/dataset_Particles2SNR_F_c1/train/2um/HFocusing_5_10_2um2_0_1925.npy,2um,HFocusing_5_10_2um2_0_1925.npy,replace,,,,,saturation_cleaned_bandpass_filtered,0,2000000.0,7000.0,80000.0,500,0.0001,300,300,0
train,particles2SNR_pipeline/output/p0_c1_Particles2SNR_F_staging/train/2um/HFocusing_5_10_2um2_0_1928.npy,P0/data/dataset_Particles2SNR_F_c1/train/2um/HFocusing_5_10_2um2_0_1928.npy,2um,HFocusing_5_10_2um2_0_1928.npy,replace,,,,,saturation_cleaned_bandpass_filtered,0,2000000.0,7000.0,80000.0,500,0.0001,300,300,0
train,particles2SNR_pipeline/output/p0_c1_Particles2SNR_F_staging/train/2um/HFocusing_5_10_2um2_0_1929.npy,P0/data/dataset_Particles2SNR_F_c1/train/2um/HFocusing_5_10_2um2_0_1929.npy,2um,HFocusing_5_10_2um2_0_1929.npy,replace,,,,,saturation_cleaned_bandpass_filtered,0,2000000.0,7000.0,80000.0,500,0.0001,300,300,0
train,particles2SNR_pipeline/output/p0_c1_Particles2SNR_F_staging/train/2um/HFocusing_5_10_2um2_0_1932.npy,P0/data/dataset_Particles2SNR_F_c1/train/2um/HFocusing_5_10_2um2_0_1932.npy,2um,HFocusing_5_10_2um2_0_1932.npy,replace,,,,,saturation_cleaned_bandpass_filtered,0,2000000.0,7000.0,80000.0,500,0.0001,300,300,0
train,particles2SNR_pipeline/output/p0_c1_Particles2SNR_F_staging/train/2um/HFocusing_5_10_2um2_0_1935.npy,P0/data/dataset_Particles2SNR_F_c1/train/2um/HFocusing_5_10_2um2_0_1935.npy,2um,HFocusing_5_10_2um2_0_1935.npy,replace,,,,,saturation_cleaned_bandpass_filtered,0,2000000.0,7000.0,80000.0,500,0.0001,300,300,0
train,particles2SNR_pipeline/output/p0_c1_Particles2SNR_F_staging/train/2um/HFocusing_5_10_2um2_0_1938.npy,P0/data/dataset_Particles2SNR_F_c1/train/2um/HFocusing_5_10_2um2_0_1938.npy,2um,HFocusing_5_10_2um2_0_1938.npy,replace,,,,,saturation_cleaned_bandpass_filtered,0,2000000.0,7000.0,80000.0,500,0.0001,300,300,0
train,particles2SNR_pipeline/output/p0_c1_Particles2SNR_F_staging/train/2um/HFocusing_5_10_2um2_0_194.npy,P0/data/dataset_Particles2SNR_F_c1/train/2um/HFocusing_5_10_2um2_0_194.npy,2um,HFocusing_5_10_2um2_0_194.npy,replace,,,,,saturation_cleaned_bandpass_filtered,0,2000000.0,7000.0,80000.0,500,0.0001,300,300,0
train,particles2SNR_pipeline/output/p0_c1_Particles2SNR_F_staging/train/2um/HFocusing_5_10_2um2_0_1942.npy,P0/data/dataset_Particles2SNR_F_c1/train/2um/HFocusing_5_10_2um2_0_1942.npy,2um,HFocusing_5_10_2um2_0_1942.npy,replace,,,,,saturation_cleaned_bandpass_filtered,0,2000000.0,7000.0,80000.0,500,0.0001,300,300,0
train,particles2SNR_pipeline/output/p0_c1_Particles2SNR_F_staging/train/2um/HFocusing_5_10_2um2_0_1945.npy,P0/data/dataset_Particles2SNR_F_c1/train/2um/HFocusing_5_10_2um2_0_1945.npy,2um,HFocusing_5_10_2um2_0_1945.npy,replace,,,,,saturation_cleaned_bandpass_filtered,0,2000000.0,7000.0,80000.0,500,0.0001,300,300,0
train,particles2SNR_pipeline/output/p0_c1_Particles2SNR_F_staging/train/2um/HFocusing_5_10_2um2_0_1949.npy,P0/data/dataset_Particles2SNR_F_c1/train/2um/HFocusing_5_10_2um2_0_1949.npy,2um,HFocusing_5_10_2um2_0_1949.npy,replace,,,,,saturation_cleaned_bandpass_filtered,0,2000000.0,7000.0,80000.0,500,0.0001,300,300,0
train,particles2SNR_pipeline/output/p0_c1_Particles2SNR_F_staging/train/2um/HFocusing_5_10_2um2_0_1950.npy,P0/data/dataset_Particles2SNR_F_c1/train/2um/HFocusing_5_10_2um2_0_1950.npy,2um,HFocusing_5_10_2um2_0_1950.npy,replace,,,,,saturation_cleaned_bandpass_filtered,0,2000000.0,7000.0,80000.0,500,0.0001,300,300,0
train,particles2SNR_pipeline/output/p0_c1_Particles2SNR_F_staging/train/2um/HFocusing_5_10_2um2_0_1953.npy,P0/data/dataset_Particles2SNR_F_c1/train/2um/HFocusing_5_10_2um2_0_1953.npy,2um,HFocusing_5_10_2um2_0_1953.npy,replace,,,,,saturation_cleaned_bandpass_filtered,0,2000000.0,7000.0,80000.0,500,0.0001,300,300,0
train,particles2SNR_pipeline/output/p0_c1_Particles2SNR_F_staging/train/2um/HFocusing_5_10_2um2_0_1958.npy,P0/data/dataset_Particles2SNR_F_c1/train/2um/HFocusing_5_10_2um2_0_1958.npy,2um,HFocusing_5_10_2um2_0_1958.npy,replace,,,,,saturation_cleaned_bandpass_filtered,0,2000000.0,7000.0,80000.0,500,0.0001,300,300,0
train,particles2SNR_pipeline/output/p0_c1_Particles2SNR_F_staging/train/2um/HFocusing_5_10_2um2_0_196.npy,P0/data/dataset_Particles2SNR_F_c1/train/2um/HFocusing_5_10_2um2_0_196.npy,2um,HFocusing_5_10_2um2_0_196.npy,replace,,,,,saturation_cleaned_bandpass_filtered,0,2000000.0,7000.0,80000.0,500,0.0001,300,300,0
train,particles2SNR_pipeline/output/p0_c1_Particles2SNR_F_staging/train/2um/HFocusing_5_10_2um2_0_1961.npy,P0/data/dataset_Particles2SNR_F_c1/train/2um/HFocusing_5_10_2um2_0_1961.npy,2um,HFocusing_5_10_2um2_0_1961.npy,replace,,,,,saturation_cleaned_bandpass_filtered,0,2000000.0,7000.0,80000.0,500,0.0001,300,300,0
train,particles2SNR_pipeline/output/p0_c1_Particles2SNR_F_staging/train/2um/HFocusing_5_10_2um2_0_1962.npy,P0/data/dataset_Particles2SNR_F_c1/train/2um/HFocusing_5_10_2um2_0_1962.npy,2um,HFocusing_5_10_2um2_0_1962.npy,replace,,,,,saturation_cleaned_bandpass_filtered,0,2000000.0,7000.0,80000.0,500,0.0001,300,300,0
train,particles2SNR_pipeline/output/p0_c1_Particles2SNR_F_staging/train/2um/HFocusing_5_10_2um2_0_1965.npy,P0/data/dataset_Particles2SNR_F_c1/train/2um/HFocusing_5_10_2um2_0_1965.npy,2um,HFocusing_5_10_2um2_0_1965.npy,replace,,,,,saturation_cleaned_bandpass_filtered,0,2000000.0,7000.0,80000.0,500,0.0001,300,300,0
train,particles2SNR_pipeline/output/p0_c1_Particles2SNR_F_staging/train/2um/HFocusing_5_10_2um2_0_1968.npy,P0/data/dataset_Particles2SNR_F_c1/train/2um/HFocusing_5_10_2um2_0_1968.npy,2um,HFocusing_5_10_2um2_0_1968.npy,replace,,,,,saturation_cleaned_bandpass_filtered,0,2000000.0,7000.0,80000.0,500,0.0001,300,300,0
train,particles2SNR_pipeline/output/p0_c1_Particles2SNR_F_staging/train/2um/HFocusing_5_10_2um2_0_1969.npy,P0/data/dataset_Particles2SNR_F_c1/train/2um/HFocusing_5_10_2um2_0_1969.npy,2um,HFocusing_5_10_2um2_0_1969.npy,replace,,,,,saturation_cleaned_bandpass_filtered,0,2000000.0,7000.0,80000.0,500,0.0001,300,300,0
train,particles2SNR_pipeline/output/p0_c1_Particles2SNR_F_staging/train/2um/HFocusing_5_10_2um2_0_197.npy,P0/data/dataset_Particles2SNR_F_c1/train/2um/HFocusing_5_10_2um2_0_197.npy,2um,HFocusing_5_10_2um2_0_197.npy,replace,,,,,saturation_cleaned_bandpass_filtered,0,2000000.0,7000.0,80000.0,500,0.0001,300,300,0
train,particles2SNR_pipeline/output/p0_c1_Particles2SNR_F_staging/train/2um/HFocusing_5_10_2um2_0_1972.npy,P0/data/dataset_Particles2SNR_F_c1/train/2um/HFocusing_5_10_2um2_0_1972.npy,2um,HFocusing_5_10_2um2_0_1972.npy,replace,,,,,saturation_cleaned_bandpass_filtered,0,2000000.0,7000.0,80000.0,500,0.0001,300,300,0
train,particles2SNR_pipeline/output/p0_c1_Particles2SNR_F_staging/train/2um/HFocusing_5_10_2um2_0_1973.npy,P0/data/dataset_Particles2SNR_F_c1/train/2um/HFocusing_5_10_2um2_0_1973.npy,2um,HFocusing_5_10_2um2_0_1973.npy,replace,,,,,saturation_cleaned_bandpass_filtered,0,2000000.0,7000.0,80000.0,500,0.0001,300,300,0
train,particles2SNR_pipeline/output/p0_c1_Particles2SNR_F_staging/train/2um/HFocusing_5_10_2um2_0_1976.npy,P0/data/dataset_Particles2SNR_F_c1/train/2um/HFocusing_5_10_2um2_0_1976.npy,2um,HFocusing_5_10_2um2_0_1976.npy,replace,,,,,saturation_cleaned_bandpass_filtered,0,2000000.0,7000.0,80000.0,500,0.0001,300,300,0
train,particles2SNR_pipeline/output/p0_c1_Particles2SNR_F_staging/train/2um/HFocusing_5_10_2um2_0_1977.npy,P0/data/dataset_Particles2SNR_F_c1/train/2um/HFocusing_5_10_2um2_0_1977.npy,2um,HFocusing_5_10_2um2_0_1977.npy,replace,,,,,saturation_cleaned_bandpass_filtered,0,2000000.0,7000.0,80000.0,500,0.0001,300,300,0
train,particles2SNR_pipeline/output/p0_c1_Particles2SNR_F_staging/train/2um/HFocusing_5_10_2um2_0_1979.npy,P0/data/dataset_Particles2SNR_F_c1/train/2um/HFocusing_5_10_2um2_0_1979.npy,2um,HFocusing_5_10_2um2_0_1979.npy,replace,,,,,saturation_cleaned_bandpass_filtered,0,2000000.0,7000.0,80000.0,500,0.0001,300,300,0
train,particles2SNR_pipeline/output/p0_c1_Particles2SNR_F_staging/train/2um/HFocusing_5_10_2um2_0_1982.npy,P0/data/dataset_Particles2SNR_F_c1/train/2um/HFocusing_5_10_2um2_0_1982.npy,2um,HFocusing_5_10_2um2_0_1982.npy,replace,,,,,saturation_cleaned_bandpass_filtered,0,2000000.0,7000.0,80000.0,500,0.0001,300,300,0
train,particles2SNR_pipeline/output/p0_c1_Particles2SNR_F_staging/train/2um/HFocusing_5_10_2um2_0_1983.npy,P0/data/dataset_Particles2SNR_F_c1/train/2um/HFocusing_5_10_2um2_0_1983.npy,2um,HFocusing_5_10_2um2_0_1983.npy,replace,,,,,saturation_cleaned_bandpass_filtered,0,2000000.0,7000.0,80000.0,500,0.0001,300,300,0
train,particles2SNR_pipeline/output/p0_c1_Particles2SNR_F_staging/train/2um/HFocusing_5_10_2um2_0_1987.npy,P0/data/dataset_Particles2SNR_F_c1/train/2um/HFocusing_5_10_2um2_0_1987.npy,2um,HFocusing_5_10_2um2_0_1987.npy,replace,,,,,saturation_cleaned_bandpass_filtered,0,2000000.0,7000.0,80000.0,500,0.0001,300,300,0
train,particles2SNR_pipeline/output/p0_c1_Particles2SNR_F_staging/train/2um/HFocusing_5_10_2um2_0_1990.npy,P0/data/dataset_Particles2SNR_F_c1/train/2um/HFocusing_5_10_2um2_0_1990.npy,2um,HFocusing_5_10_2um2_0_1990.npy,replace,,,,,saturation_cleaned_bandpass_filtered,0,2000000.0,7000.0,80000.0,500,0.0001,300,300,0
train,particles2SNR_pipeline/output/p0_c1_Particles2SNR_F_staging/train/2um/HFocusing_5_10_2um2_0_1993.npy,P0/data/dataset_Particles2SNR_F_c1/train/2um/HFocusing_5_10_2um2_0_1993.npy,2um,HFocusing_5_10_2um2_0_1993.npy,replace,,,,,saturation_cleaned_bandpass_filtered,0,2000000.0,7000.0,80000.0,500,0.0001,300,300,0
train,particles2SNR_pipeline/output/p0_c1_Particles2SNR_F_staging/train/2um/HFocusing_5_10_2um2_0_1994.npy,P0/data/dataset_Particles2SNR_F_c1/train/2um/HFocusing_5_10_2um2_0_1994.npy,2um,HFocusing_5_10_2um2_0_1994.npy,replace,,,,,saturation_cleaned_bandpass_filtered,0,2000000.0,7000.0,80000.0,500,0.0001,300,300,0
train,particles2SNR_pipeline/output/p0_c1_Particles2SNR_F_staging/train/2um/HFocusing_5_10_2um2_0_1997.npy,P0/data/dataset_Particles2SNR_F_c1/train/2um/HFocusing_5_10_2um2_0_1997.npy,2um,HFocusing_5_10_2um2_0_1997.npy,replace,,,,,saturation_cleaned_bandpass_filtered,0,2000000.0,7000.0,80000.0,500,0.0001,300,300,0
train,particles2SNR_pipeline/output/p0_c1_Particles2SNR_F_staging/train/2um/HFocusing_5_10_2um2_0_200.npy,P0/data/dataset_Particles2SNR_F_c1/train/2um/HFocusing_5_10_2um2_0_200.npy,2um,HFocusing_5_10_2um2_0_200.npy,replace,,,,,saturation_cleaned_bandpass_filtered,0,2000000.0,7000.0,80000.0,500,0.0001,300,300,0
train,particles2SNR_pipeline/output/p0_c1_Particles2SNR_F_staging/train/2um/HFocusing_5_10_2um2_0_2000.npy,P0/data/dataset_Particles2SNR_F_c1/train/2um/HFocusing_5_10_2um2_0_2000.npy,2um,HFocusing_5_10_2um2_0_2000.npy,replace,,,,,saturation_cleaned_bandpass_filtered,0,2000000.0,7000.0,80000.0,500,0.0001,300,300,0
train,particles2SNR_pipeline/output/p0_c1_Particles2SNR_F_staging/train/2um/HFocusing_5_10_2um2_0_2003.npy,P0/data/dataset_Particles2SNR_F_c1/train/2um/HFocusing_5_10_2um2_0_2003.npy,2um,HFocusing_5_10_2um2_0_2003.npy,replace,,,,,saturation_cleaned_bandpass_filtered,0,2000000.0,7000.0,80000.0,500,0.0001,300,300,0
train,particles2SNR_pipeline/output/p0_c1_Particles2SNR_F_staging/train/2um/HFocusing_5_10_2um2_0_2004.npy,P0/data/dataset_Particles2SNR_F_c1/train/2um/HFocusing_5_10_2um2_0_2004.npy,2um,HFocusing_5_10_2um2_0_2004.npy,replace,,,,,saturation_cleaned_bandpass_filtered,0,2000000.0,7000.0,80000.0,500,0.0001,300,300,0
train,particles2SNR_pipeline/output/p0_c1_Particles2SNR_F_staging/train/2um/HFocusing_5_10_2um2_0_2007.npy,P0/data/dataset_Particles2SNR_F_c1/train/2um/HFocusing_5_10_2um2_0_2007.npy,2um,HFocusing_5_10_2um2_0_2007.npy,replace,,,,,saturation_cleaned_bandpass_filtered,0,2000000.0,7000.0,80000.0,500,0.0001,300,300,0
train,particles2SNR_pipeline/output/p0_c1_Particles2SNR_F_staging/train/2um/HFocusing_5_10_2um2_0_2009.npy,P0/data/dataset_Particles2SNR_F_c1/train/2um/HFocusing_5_10_2um2_0_2009.npy,2um,HFocusing_5_10_2um2_0_2009.npy,replace,,,,,saturation_cleaned_bandpass_filtered,0,2000000.0,7000.0,80000.0,500,0.0001,300,300,0
train,particles2SNR_pipeline/output/p0_c1_Particles2SNR_F_staging/train/2um/HFocusing_5_10_2um2_0_201.npy,P0/data/dataset_Particles2SNR_F_c1/train/2um/HFocusing_5_10_2um2_0_201.npy,2um,HFocusing_5_10_2um2_0_201.npy,replace,,,,,saturation_cleaned_bandpass_filtered,0,2000000.0,7000.0,80000.0,500,0.0001,300,300,0
train,particles2SNR_pipeline/output/p0_c1_Particles2SNR_F_staging/train/2um/HFocusing_5_10_2um2_0_2010.npy,P0/data/dataset_Particles2SNR_F_c1/train/2um/HFocusing_5_10_2um2_0_2010.npy,2um,HFocusing_5_10_2um2_0_2010.npy,replace,,,,,saturation_cleaned_bandpass_filtered,0,2000000.0,7000.0,80000.0,500,0.0001,300,300,0
train,particles2SNR_pipeline/output/p0_c1_Particles2SNR_F_staging/train/2um/HFocusing_5_10_2um2_0_2013.npy,P0/data/dataset_Particles2SNR_F_c1/train/2um/HFocusing_5_10_2um2_0_2013.npy,2um,HFocusing_5_10_2um2_0_2013.npy,replace,,,,,saturation_cleaned_bandpass_filtered,0,2000000.0,7000.0,80000.0,500,0.0001,300,300,0
train,particles2SNR_pipeline/output/p0_c1_Particles2SNR_F_staging/train/2um/HFocusing_5_10_2um2_0_2016.npy,P0/data/dataset_Particles2SNR_F_c1/train/2um/HFocusing_5_10_2um2_0_2016.npy,2um,HFocusing_5_10_2um2_0_2016.npy,replace,,,,,saturation_cleaned_bandpass_filtered,0,2000000.0,7000.0,80000.0,500,0.0001,300,300,0
train,particles2SNR_pipeline/output/p0_c1_Particles2SNR_F_staging/train/2um/HFocusing_5_10_2um2_0_2019.npy,P0/data/dataset_Particles2SNR_F_c1/train/2um/HFocusing_5_10_2um2_0_2019.npy,2um,HFocusing_5_10_2um2_0_2019.npy,replace,,,,,saturation_cleaned_bandpass_filtered,0,2000000.0,7000.0,80000.0,500,0.0001,300,300,0
train,particles2SNR_pipeline/output/p0_c1_Particles2SNR_F_staging/train/2um/HFocusing_5_10_2um2_0_2020.npy,P0/data/dataset_Particles2SNR_F_c1/train/2um/HFocusing_5_10_2um2_0_2020.npy,2um,HFocusing_5_10_2um2_0_2020.npy,replace,,,,,saturation_cleaned_bandpass_filtered,0,2000000.0,7000.0,80000.0,500,0.0001,300,300,0
train,particles2SNR_pipeline/output/p0_c1_Particles2SNR_F_staging/train/2um/HFocusing_5_10_2um2_0_2023.npy,P0/data/dataset_Particles2SNR_F_c1/train/2um/HFocusing_5_10_2um2_0_2023.npy,2um,HFocusing_5_10_2um2_0_2023.npy,replace,,,,,saturation_cleaned_bandpass_filtered,0,2000000.0,7000.0,80000.0,500,0.0001,300,300,0
train,particles2SNR_pipeline/output/p0_c1_Particles2SNR_F_staging/train/2um/HFocusing_5_10_2um2_0_2024.npy,P0/data/dataset_Particles2SNR_F_c1/train/2um/HFocusing_5_10_2um2_0_2024.npy,2um,HFocusing_5_10_2um2_0_2024.npy,replace,,,,,saturation_cleaned_bandpass_filtered,0,2000000.0,7000.0,80000.0,500,0.0001,300,300,0
train,particles2SNR_pipeline/output/p0_c1_Particles2SNR_F_staging/train/2um/HFocusing_5_10_2um2_0_2030.npy,P0/data/dataset_Particles2SNR_F_c1/train/2um/HFocusing_5_10_2um2_0_2030.npy,2um,HFocusing_5_10_2um2_0_2030.npy,replace,,,,,saturation_cleaned_bandpass_filtered,0,2000000.0,7000.0,80000.0,500,0.0001,300,300,0
train,particles2SNR_pipeline/output/p0_c1_Particles2SNR_F_staging/train/2um/HFocusing_5_10_2um2_0_2031.npy,P0/data/dataset_Particles2SNR_F_c1/train/2um/HFocusing_5_10_2um2_0_2031.npy,2um,HFocusing_5_10_2um2_0_2031.npy,replace,,,,,saturation_cleaned_bandpass_filtered,0,2000000.0,7000.0,80000.0,500,0.0001,300,300,0
train,particles2SNR_pipeline/output/p0_c1_Particles2SNR_F_staging/train/2um/HFocusing_5_10_2um2_0_2034.npy,P0/data/dataset_Particles2SNR_F_c1/train/2um/HFocusing_5_10_2um2_0_2034.npy,2um,HFocusing_5_10_2um2_0_2034.npy,replace,,,,,saturation_cleaned_bandpass_filtered,0,2000000.0,7000.0,80000.0,500,0.0001,300,300,0
train,particles2SNR_pipeline/output/p0_c1_Particles2SNR_F_staging/train/2um/HFocusing_5_10_2um2_0_2038.npy,P0/data/dataset_Particles2SNR_F_c1/train/2um/HFocusing_5_10_2um2_0_2038.npy,2um,HFocusing_5_10_2um2_0_2038.npy,replace,,,,,saturation_cleaned_bandpass_filtered,0,2000000.0,7000.0,80000.0,500,0.0001,300,300,0
train,particles2SNR_pipeline/output/p0_c1_Particles2SNR_F_staging/train/2um/HFocusing_5_10_2um2_0_2039.npy,P0/data/dataset_Particles2SNR_F_c1/train/2um/HFocusing_5_10_2um2_0_2039.npy,2um,HFocusing_5_10_2um2_0_2039.npy,replace,,,,,saturation_cleaned_bandpass_filtered,0,2000000.0,7000.0,80000.0,500,0.0001,300,300,0
train,particles2SNR_pipeline/output/p0_c1_Particles2SNR_F_staging/train/2um/HFocusing_5_10_2um2_0_204.npy,P0/data/dataset_Particles2SNR_F_c1/train/2um/HFocusing_5_10_2um2_0_204.npy,2um,HFocusing_5_10_2um2_0_204.npy,replace,,,,,saturation_cleaned_bandpass_filtered,0,2000000.0,7000.0,80000.0,500,0.0001,300,300,0
train,particles2SNR_pipeline/output/p0_c1_Particles2SNR_F_staging/train/2um/HFocusing_5_10_2um2_0_2041.npy,P0/data/dataset_Particles2SNR_F_c1/train/2um/HFocusing_5_10_2um2_0_2041.npy,2um,HFocusing_5_10_2um2_0_2041.npy,replace,,,,,saturation_cleaned_bandpass_filtered,0,2000000.0,7000.0,80000.0,500,0.0001,300,300,0
train,particles2SNR_pipeline/output/p0_c1_Particles2SNR_F_staging/train/2um/HFocusing_5_10_2um2_0_2042.npy,P0/data/dataset_Particles2SNR_F_c1/train/2um/HFocusing_5_10_2um2_0_2042.npy,2um,HFocusing_5_10_2um2_0_2042.npy,replace,,,,,saturation_cleaned_bandpass_filtered,0,2000000.0,7000.0,80000.0,500,0.0001,300,300,0
train,particles2SNR_pipeline/output/p0_c1_Particles2SNR_F_staging/train/2um/HFocusing_5_10_2um2_0_2045.npy,P0/data/dataset_Particles2SNR_F_c1/train/2um/HFocusing_5_10_2um2_0_2045.npy,2um,HFocusing_5_10_2um2_0_2045.npy,replace,,,,,saturation_cleaned_bandpass_filtered,0,2000000.0,7000.0,80000.0,500,0.0001,300,300,0
train,particles2SNR_pipeline/output/p0_c1_Particles2SNR_F_staging/train/2um/HFocusing_5_10_2um2_0_2049.npy,P0/data/dataset_Particles2SNR_F_c1/train/2um/HFocusing_5_10_2um2_0_2049.npy,2um,HFocusing_5_10_2um2_0_2049.npy,replace,,,,,saturation_cleaned_bandpass_filtered,0,2000000.0,7000.0,80000.0,500,0.0001,300,300,0
train,particles2SNR_pipeline/output/p0_c1_Particles2SNR_F_staging/train/2um/HFocusing_5_10_2um2_0_205.npy,P0/data/dataset_Particles2SNR_F_c1/train/2um/HFocusing_5_10_2um2_0_205.npy,2um,HFocusing_5_10_2um2_0_205.npy,replace,,,,,saturation_cleaned_bandpass_filtered,0,2000000.0,7000.0,80000.0,500,0.0001,300,300,0
train,particles2SNR_pipeline/output/p0_c1_Particles2SNR_F_staging/train/2um/HFocusing_5_10_2um2_0_2051.npy,P0/data/dataset_Particles2SNR_F_c1/train/2um/HFocusing_5_10_2um2_0_2051.npy,2um,HFocusing_5_10_2um2_0_2051.npy,replace,,,,,saturation_cleaned_bandpass_filtered,0,2000000.0,7000.0,80000.0,500,0.0001,300,300,0
train,particles2SNR_pipeline/output/p0_c1_Particles2SNR_F_staging/train/2um/HFocusing_5_10_2um2_0_2052.npy,P0/data/dataset_Particles2SNR_F_c1/train/2um/HFocusing_5_10_2um2_0_2052.npy,2um,HFocusing_5_10_2um2_0_2052.npy,replace,,,,,saturation_cleaned_bandpass_filtered,0,2000000.0,7000.0,80000.0,500,0.0001,300,300,0
train,particles2SNR_pipeline/output/p0_c1_Particles2SNR_F_staging/train/2um/HFocusing_5_10_2um2_0_2055.npy,P0/data/dataset_Particles2SNR_F_c1/train/2um/HFocusing_5_10_2um2_0_2055.npy,2um,HFocusing_5_10_2um2_0_2055.npy,replace,,,,,saturation_cleaned_bandpass_filtered,0,2000000.0,7000.0,80000.0,500,0.0001,300,300,0
train,particles2SNR_pipeline/output/p0_c1_Particles2SNR_F_staging/train/2um/HFocusing_5_10_2um2_0_2056.npy,P0/data/dataset_Particles2SNR_F_c1/train/2um/HFocusing_5_10_2um2_0_2056.npy,2um,HFocusing_5_10_2um2_0_2056.npy,replace,,,,,saturation_cleaned_bandpass_filtered,0,2000000.0,7000.0,80000.0,500,0.0001,300,300,0
train,particles2SNR_pipeline/output/p0_c1_Particles2SNR_F_staging/train/2um/HFocusing_5_10_2um2_0_2062.npy,P0/data/dataset_Particles2SNR_F_c1/train/2um/HFocusing_5_10_2um2_0_2062.npy,2um,HFocusing_5_10_2um2_0_2062.npy,replace,,,,,saturation_cleaned_bandpass_filtered,0,2000000.0,7000.0,80000.0,500,0.0001,300,300,0
train,particles2SNR_pipeline/output/p0_c1_Particles2SNR_F_staging/train/2um/HFocusing_5_10_2um2_0_2063.npy,P0/data/dataset_Particles2SNR_F_c1/train/2um/HFocusing_5_10_2um2_0_2063.npy,2um,HFocusing_5_10_2um2_0_2063.npy,replace,,,,,saturation_cleaned_bandpass_filtered,0,2000000.0,7000.0,80000.0,500,0.0001,300,300,0
train,particles2SNR_pipeline/output/p0_c1_Particles2SNR_F_staging/train/2um/HFocusing_5_10_2um2_0_2067.npy,P0/data/dataset_Particles2SNR_F_c1/train/2um/HFocusing_5_10_2um2_0_2067.npy,2um,HFocusing_5_10_2um2_0_2067.npy,replace,,,,,saturation_cleaned_bandpass_filtered,0,2000000.0,7000.0,80000.0,500,0.0001,300,300,0
train,particles2SNR_pipeline/output/p0_c1_Particles2SNR_F_staging/train/2um/HFocusing_5_10_2um2_0_2070.npy,P0/data/dataset_Particles2SNR_F_c1/train/2um/HFocusing_5_10_2um2_0_2070.npy,2um,HFocusing_5_10_2um2_0_2070.npy,replace,,,,,saturation_cleaned_bandpass_filtered,0,2000000.0,7000.0,80000.0,500,0.0001,300,300,0
train,particles2SNR_pipeline/output/p0_c1_Particles2SNR_F_staging/train/2um/HFocusing_5_10_2um2_0_2071.npy,P0/data/dataset_Particles2SNR_F_c1/train/2um/HFocusing_5_10_2um2_0_2071.npy,2um,HFocusing_5_10_2um2_0_2071.npy,replace,,,,,saturation_cleaned_bandpass_filtered,0,2000000.0,7000.0,80000.0,500,0.0001,300,300,0
train,particles2SNR_pipeline/output/p0_c1_Particles2SNR_F_staging/train/2um/HFocusing_5_10_2um2_0_2074.npy,P0/data/dataset_Particles2SNR_F_c1/train/2um/HFocusing_5_10_2um2_0_2074.npy,2um,HFocusing_5_10_2um2_0_2074.npy,replace,,,,,saturation_cleaned_bandpass_filtered,0,2000000.0,7000.0,80000.0,500,0.0001,300,300,0
train,particles2SNR_pipeline/output/p0_c1_Particles2SNR_F_staging/train/2um/HFocusing_5_10_2um2_0_2075.npy,P0/data/dataset_Particles2SNR_F_c1/train/2um/HFocusing_5_10_2um2_0_2075.npy,2um,HFocusing_5_10_2um2_0_2075.npy,replace,,,,,saturation_cleaned_bandpass_filtered,0,2000000.0,7000.0,80000.0,500,0.0001,300,300,0
train,particles2SNR_pipeline/output/p0_c1_Particles2SNR_F_staging/train/2um/HFocusing_5_10_2um2_0_2078.npy,P0/data/dataset_Particles2SNR_F_c1/train/2um/HFocusing_5_10_2um2_0_2078.npy,2um,HFocusing_5_10_2um2_0_2078.npy,replace,,,,,saturation_cleaned_bandpass_filtered,0,2000000.0,7000.0,80000.0,500,0.0001,300,300,0
train,particles2SNR_pipeline/output/p0_c1_Particles2SNR_F_staging/train/2um/HFocusing_5_10_2um2_0_208.npy,P0/data/dataset_Particles2SNR_F_c1/train/2um/HFocusing_5_10_2um2_0_208.npy,2um,HFocusing_5_10_2um2_0_208.npy,replace,,,,,saturation_cleaned_bandpass_filtered,0,2000000.0,7000.0,80000.0,500,0.0001,300,300,0
train,particles2SNR_pipeline/output/p0_c1_Particles2SNR_F_staging/train/2um/HFocusing_5_10_2um2_0_2084.npy,P0/data/dataset_Particles2SNR_F_c1/train/2um/HFocusing_5_10_2um2_0_2084.npy,2um,HFocusing_5_10_2um2_0_2084.npy,replace,,,,,saturation_cleaned_bandpass_filtered,0,2000000.0,7000.0,80000.0,500,0.0001,300,300,0
train,particles2SNR_pipeline/output/p0_c1_Particles2SNR_F_staging/train/2um/HFocusing_5_10_2um2_0_2085.npy,P0/data/dataset_Particles2SNR_F_c1/train/2um/HFocusing_5_10_2um2_0_2085.npy,2um,HFocusing_5_10_2um2_0_2085.npy,replace,,,,,saturation_cleaned_bandpass_filtered,0,2000000.0,7000.0,80000.0,500,0.0001,300,300,0
train,particles2SNR_pipeline/output/p0_c1_Particles2SNR_F_staging/train/2um/HFocusing_5_10_2um2_0_2088.npy,P0/data/dataset_Particles2SNR_F_c1/train/2um/HFocusing_5_10_2um2_0_2088.npy,2um,HFocusing_5_10_2um2_0_2088.npy,replace,,,,,saturation_cleaned_bandpass_filtered,0,2000000.0,7000.0,80000.0,500,0.0001,300,300,0
train,particles2SNR_pipeline/output/p0_c1_Particles2SNR_F_staging/train/2um/HFocusing_5_10_2um2_0_2091.npy,P0/data/dataset_Particles2SNR_F_c1/train/2um/HFocusing_5_10_2um2_0_2091.npy,2um,HFocusing_5_10_2um2_0_2091.npy,replace,,,,,saturation_cleaned_bandpass_filtered,0,2000000.0,7000.0,80000.0,500,0.0001,300,300,0
train,particles2SNR_pipeline/output/p0_c1_Particles2SNR_F_staging/train/2um/HFocusing_5_10_2um2_0_2092.npy,P0/data/dataset_Particles2SNR_F_c1/train/2um/HFocusing_5_10_2um2_0_2092.npy,2um,HFocusing_5_10_2um2_0_2092.npy,replace,,,,,saturation_cleaned_bandpass_filtered,0,2000000.0,7000.0,80000.0,500,0.0001,300,300,0
train,particles2SNR_pipeline/output/p0_c1_Particles2SNR_F_staging/train/2um/HFocusing_5_10_2um2_0_2095.npy,P0/data/dataset_Particles2SNR_F_c1/train/2um/HFocusing_5_10_2um2_0_2095.npy,2um,HFocusing_5_10_2um2_0_2095.npy,replace,,,,,saturation_cleaned_bandpass_filtered,0,2000000.0,7000.0,80000.0,500,0.0001,300,300,0
train,particles2SNR_pipeline/output/p0_c1_Particles2SNR_F_staging/train/2um/HFocusing_5_10_2um2_0_2098.npy,P0/data/dataset_Particles2SNR_F_c1/train/2um/HFocusing_5_10_2um2_0_2098.npy,2um,HFocusing_5_10_2um2_0_2098.npy,replace,,,,,saturation_cleaned_bandpass_filtered,0,2000000.0,7000.0,80000.0,500,0.0001,300,300,0
train,particles2SNR_pipeline/output/p0_c1_Particles2SNR_F_staging/train/2um/HFocusing_5_10_2um2_0_21.npy,P0/data/dataset_Particles2SNR_F_c1/train/2um/HFocusing_5_10_2um2_0_21.npy,2um,HFocusing_5_10_2um2_0_21.npy,replace,,,,,saturation_cleaned_bandpass_filtered,0,2000000.0,7000.0,80000.0,500,0.0001,300,300,0
train,particles2SNR_pipeline/output/p0_c1_Particles2SNR_F_staging/train/2um/HFocusing_5_10_2um2_0_2102.npy,P0/data/dataset_Particles2SNR_F_c1/train/2um/HFocusing_5_10_2um2_0_2102.npy,2um,HFocusing_5_10_2um2_0_2102.npy,replace,,,,,saturation_cleaned_bandpass_filtered,0,2000000.0,7000.0,80000.0,500,0.0001,300,300,0
train,particles2SNR_pipeline/output/p0_c1_Particles2SNR_F_staging/train/2um/HFocusing_5_10_2um2_0_2103.npy,P0/data/dataset_Particles2SNR_F_c1/train/2um/HFocusing_5_10_2um2_0_2103.npy,2um,HFocusing_5_10_2um2_0_2103.npy,replace,,,,,saturation_cleaned_bandpass_filtered,0,2000000.0,7000.0,80000.0,500,0.0001,300,300,0
train,particles2SNR_pipeline/output/p0_c1_Particles2SNR_F_staging/train/2um/HFocusing_5_10_2um2_0_2107.npy,P0/data/dataset_Particles2SNR_F_c1/train/2um/HFocusing_5_10_2um2_0_2107.npy,2um,HFocusing_5_10_2um2_0_2107.npy,replace,,,,,saturation_cleaned_bandpass_filtered,0,2000000.0,7000.0,80000.0,500,0.0001,300,300,0
train,particles2SNR_pipeline/output/p0_c1_Particles2SNR_F_staging/train/2um/HFocusing_5_10_2um2_0_2109.npy,P0/data/dataset_Particles2SNR_F_c1/train/2um/HFocusing_5_10_2um2_0_2109.npy,2um,HFocusing_5_10_2um2_0_2109.npy,replace,,,,,saturation_cleaned_bandpass_filtered,0,2000000.0,7000.0,80000.0,500,0.0001,300,300,0
train,particles2SNR_pipeline/output/p0_c1_Particles2SNR_F_staging/train/2um/HFocusing_5_10_2um2_0_2113.npy,P0/data/dataset_Particles2SNR_F_c1/train/2um/HFocusing_5_10_2um2_0_2113.npy,2um,HFocusing_5_10_2um2_0_2113.npy,replace,,,,,saturation_cleaned_bandpass_filtered,0,2000000.0,7000.0,80000.0,500,0.0001,300,300,0
train,particles2SNR_pipeline/output/p0_c1_Particles2SNR_F_staging/train/2um/HFocusing_5_10_2um2_0_2116.npy,P0/data/dataset_Particles2SNR_F_c1/train/2um/HFocusing_5_10_2um2_0_2116.npy,2um,HFocusing_5_10_2um2_0_2116.npy,replace,,,,,saturation_cleaned_bandpass_filtered,0,2000000.0,7000.0,80000.0,500,0.0001,300,300,0
train,particles2SNR_pipeline/output/p0_c1_Particles2SNR_F_staging/train/2um/HFocusing_5_10_2um2_0_2117.npy,P0/data/dataset_Particles2SNR_F_c1/train/2um/HFocusing_5_10_2um2_0_2117.npy,2um,HFocusing_5_10_2um2_0_2117.npy,replace,,,,,saturation_cleaned_bandpass_filtered,0,2000000.0,7000.0,80000.0,500,0.0001,300,300,0
train,particles2SNR_pipeline/output/p0_c1_Particles2SNR_F_staging/train/2um/HFocusing_5_10_2um2_0_212.npy,P0/data/dataset_Particles2SNR_F_c1/train/2um/HFocusing_5_10_2um2_0_212.npy,2um,HFocusing_5_10_2um2_0_212.npy,replace,,,,,saturation_cleaned_bandpass_filtered,0,2000000.0,7000.0,80000.0,500,0.0001,300,300,0
train,particles2SNR_pipeline/output/p0_c1_Particles2SNR_F_staging/train/2um/HFocusing_5_10_2um2_0_2120.npy,P0/data/dataset_Particles2SNR_F_c1/train/2um/HFocusing_5_10_2um2_0_2120.npy,2um,HFocusing_5_10_2um2_0_2120.npy,replace,,,,,saturation_cleaned_bandpass_filtered,0,2000000.0,7000.0,80000.0,500,0.0001,300,300,0
train,particles2SNR_pipeline/output/p0_c1_Particles2SNR_F_staging/train/2um/HFocusing_5_10_2um2_0_2123.npy,P0/data/dataset_Particles2SNR_F_c1/train/2um/HFocusing_5_10_2um2_0_2123.npy,2um,HFocusing_5_10_2um2_0_2123.npy,replace,,,,,saturation_cleaned_bandpass_filtered,0,2000000.0,7000.0,80000.0,500,0.0001,300,300,0
train,particles2SNR_pipeline/output/p0_c1_Particles2SNR_F_staging/train/2um/HFocusing_5_10_2um2_0_2126.npy,P0/data/dataset_Particles2SNR_F_c1/train/2um/HFocusing_5_10_2um2_0_2126.npy,2um,HFocusing_5_10_2um2_0_2126.npy,replace,,,,,saturation_cleaned_bandpass_filtered,0,2000000.0,7000.0,80000.0,500,0.0001,300,300,0
train,particles2SNR_pipeline/output/p0_c1_Particles2SNR_F_staging/train/2um/HFocusing_5_10_2um2_0_2127.npy,P0/data/dataset_Particles2SNR_F_c1/train/2um/HFocusing_5_10_2um2_0_2127.npy,2um,HFocusing_5_10_2um2_0_2127.npy,replace,,,,,saturation_cleaned_bandpass_filtered,0,2000000.0,7000.0,80000.0,500,0.0001,300,300,0
train,particles2SNR_pipeline/output/p0_c1_Particles2SNR_F_staging/train/2um/HFocusing_5_10_2um2_0_2133.npy,P0/data/dataset_Particles2SNR_F_c1/train/2um/HFocusing_5_10_2um2_0_2133.npy,2um,HFocusing_5_10_2um2_0_2133.npy,replace,,,,,saturation_cleaned_bandpass_filtered,0,2000000.0,7000.0,80000.0,500,0.0001,300,300,0
train,particles2SNR_pipeline/output/p0_c1_Particles2SNR_F_staging/train/2um/HFocusing_5_10_2um2_0_2134.npy,P0/data/dataset_Particles2SNR_F_c1/train/2um/HFocusing_5_10_2um2_0_2134.npy,2um,HFocusing_5_10_2um2_0_2134.npy,replace,,,,,saturation_cleaned_bandpass_filtered,0,2000000.0,7000.0,80000.0,500,0.0001,300,300,0
train,particles2SNR_pipeline/output/p0_c1_Particles2SNR_F_staging/train/2um/HFocusing_5_10_2um2_0_2137.npy,P0/data/dataset_Particles2SNR_F_c1/train/2um/HFocusing_5_10_2um2_0_2137.npy,2um,HFocusing_5_10_2um2_0_2137.npy,replace,,,,,saturation_cleaned_bandpass_filtered,0,2000000.0,7000.0,80000.0,500,0.0001,300,300,0
train,particles2SNR_pipeline/output/p0_c1_Particles2SNR_F_staging/train/2um/HFocusing_5_10_2um2_0_2138.npy,P0/data/dataset_Particles2SNR_F_c1/train/2um/HFocusing_5_10_2um2_0_2138.npy,2um,HFocusing_5_10_2um2_0_2138.npy,replace,,,,,saturation_cleaned_bandpass_filtered,0,2000000.0,7000.0,80000.0,500,0.0001,300,300,0
train,particles2SNR_pipeline/output/p0_c1_Particles2SNR_F_staging/train/2um/HFocusing_5_10_2um2_0_2141.npy,P0/data/dataset_Particles2SNR_F_c1/train/2um/HFocusing_5_10_2um2_0_2141.npy,2um,HFocusing_5_10_2um2_0_2141.npy,replace,,,,,saturation_cleaned_bandpass_filtered,0,2000000.0,7000.0,80000.0,500,0.0001,300,300,0
train,particles2SNR_pipeline/output/p0_c1_Particles2SNR_F_staging/train/2um/HFocusing_5_10_2um2_0_2145.npy,P0/data/dataset_Particles2SNR_F_c1/train/2um/HFocusing_5_10_2um2_0_2145.npy,2um,HFocusing_5_10_2um2_0_2145.npy,replace,,,,,saturation_cleaned_bandpass_filtered,0,2000000.0,7000.0,80000.0,500,0.0001,300,300,0
train,particles2SNR_pipeline/output/p0_c1_Particles2SNR_F_staging/train/2um/HFocusing_5_10_2um2_0_2146.npy,P0/data/dataset_Particles2SNR_F_c1/train/2um/HFocusing_5_10_2um2_0_2146.npy,2um,HFocusing_5_10_2um2_0_2146.npy,replace,,,,,saturation_cleaned_bandpass_filtered,0,2000000.0,7000.0,80000.0,500,0.0001,300,300,0
train,particles2SNR_pipeline/output/p0_c1_Particles2SNR_F_staging/train/2um/HFocusing_5_10_2um2_0_2149.npy,P0/data/dataset_Particles2SNR_F_c1/train/2um/HFocusing_5_10_2um2_0_2149.npy,2um,HFocusing_5_10_2um2_0_2149.npy,replace,,,,,saturation_cleaned_bandpass_filtered,0,2000000.0,7000.0,80000.0,500,0.0001,300,300,0
train,particles2SNR_pipeline/output/p0_c1_Particles2SNR_F_staging/train/2um/HFocusing_5_10_2um2_0_215.npy,P0/data/dataset_Particles2SNR_F_c1/train/2um/HFocusing_5_10_2um2_0_215.npy,2um,HFocusing_5_10_2um2_0_215.npy,replace,,,,,saturation_cleaned_bandpass_filtered,0,2000000.0,7000.0,80000.0,500,0.0001,300,300,0
train,particles2SNR_pipeline/output/p0_c1_Particles2SNR_F_staging/train/2um/HFocusing_5_10_2um2_0_2153.npy,P0/data/dataset_Particles2SNR_F_c1/train/2um/HFocusing_5_10_2um2_0_2153.npy,2um,HFocusing_5_10_2um2_0_2153.npy,replace,,,,,saturation_cleaned_bandpass_filtered,0,2000000.0,7000.0,80000.0,500,0.0001,300,300,0
train,particles2SNR_pipeline/output/p0_c1_Particles2SNR_F_staging/train/2um/HFocusing_5_10_2um2_0_2154.npy,P0/data/dataset_Particles2SNR_F_c1/train/2um/HFocusing_5_10_2um2_0_2154.npy,2um,HFocusing_5_10_2um2_0_2154.npy,replace,,,,,saturation_cleaned_bandpass_filtered,0,2000000.0,7000.0,80000.0,500,0.0001,300,300,0
train,particles2SNR_pipeline/output/p0_c1_Particles2SNR_F_staging/train/2um/HFocusing_5_10_2um2_0_2157.npy,P0/data/dataset_Particles2SNR_F_c1/train/2um/HFocusing_5_10_2um2_0_2157.npy,2um,HFocusing_5_10_2um2_0_2157.npy,replace,,,,,saturation_cleaned_bandpass_filtered,0,2000000.0,7000.0,80000.0,500,0.0001,300,300,0
train,particles2SNR_pipeline/output/p0_c1_Particles2SNR_F_staging/train/2um/HFocusing_5_10_2um2_0_2158.npy,P0/data/dataset_Particles2SNR_F_c1/train/2um/HFocusing_5_10_2um2_0_2158.npy,2um,HFocusing_5_10_2um2_0_2158.npy,replace,,,,,saturation_cleaned_bandpass_filtered,0,2000000.0,7000.0,80000.0,500,0.0001,300,300,0
train,particles2SNR_pipeline/output/p0_c1_Particles2SNR_F_staging/train/2um/HFocusing_5_10_2um2_0_2161.npy,P0/data/dataset_Particles2SNR_F_c1/train/2um/HFocusing_5_10_2um2_0_2161.npy,2um,HFocusing_5_10_2um2_0_2161.npy,replace,,,,,saturation_cleaned_bandpass_filtered,0,2000000.0,7000.0,80000.0,500,0.0001,300,300,0
train,particles2SNR_pipeline/output/p0_c1_Particles2SNR_F_staging/train/2um/HFocusing_5_10_2um2_0_2162.npy,P0/data/dataset_Particles2SNR_F_c1/train/2um/HFocusing_5_10_2um2_0_2162.npy,2um,HFocusing_5_10_2um2_0_2162.npy,replace,,,,,saturation_cleaned_bandpass_filtered,0,2000000.0,7000.0,80000.0,500,0.0001,300,300,0
train,particles2SNR_pipeline/output/p0_c1_Particles2SNR_F_staging/train/2um/HFocusing_5_10_2um2_0_2168.npy,P0/data/dataset_Particles2SNR_F_c1/train/2um/HFocusing_5_10_2um2_0_2168.npy,2um,HFocusing_5_10_2um2_0_2168.npy,replace,,,,,saturation_cleaned_bandpass_filtered,0,2000000.0,7000.0,80000.0,500,0.0001,300,300,0
train,particles2SNR_pipeline/output/p0_c1_Particles2SNR_F_staging/train/2um/HFocusing_5_10_2um2_0_2169.npy,P0/data/dataset_Particles2SNR_F_c1/train/2um/HFocusing_5_10_2um2_0_2169.npy,2um,HFocusing_5_10_2um2_0_2169.npy,replace,,,,,saturation_cleaned_bandpass_filtered,0,2000000.0,7000.0,80000.0,500,0.0001,300,300,0
train,particles2SNR_pipeline/output/p0_c1_Particles2SNR_F_staging/train/2um/HFocusing_5_10_2um2_0_2172.npy,P0/data/dataset_Particles2SNR_F_c1/train/2um/HFocusing_5_10_2um2_0_2172.npy,2um,HFocusing_5_10_2um2_0_2172.npy,replace,,,,,saturation_cleaned_bandpass_filtered,0,2000000.0,7000.0,80000.0,500,0.0001,300,300,0
train,particles2SNR_pipeline/output/p0_c1_Particles2SNR_F_staging/train/2um/HFocusing_5_10_2um2_0_2174.npy,P0/data/dataset_Particles2SNR_F_c1/train/2um/HFocusing_5_10_2um2_0_2174.npy,2um,HFocusing_5_10_2um2_0_2174.npy,replace,,,,,saturation_cleaned_bandpass_filtered,0,2000000.0,7000.0,80000.0,500,0.0001,300,300,0
train,particles2SNR_pipeline/output/p0_c1_Particles2SNR_F_staging/train/2um/HFocusing_5_10_2um2_0_2175.npy,P0/data/dataset_Particles2SNR_F_c1/train/2um/HFocusing_5_10_2um2_0_2175.npy,2um,HFocusing_5_10_2um2_0_2175.npy,replace,,,,,saturation_cleaned_bandpass_filtered,0,2000000.0,7000.0,80000.0,500,0.0001,300,300,0
train,particles2SNR_pipeline/output/p0_c1_Particles2SNR_F_staging/train/2um/HFocusing_5_10_2um2_0_2177.npy,P0/data/dataset_Particles2SNR_F_c1/train/2um/HFocusing_5_10_2um2_0_2177.npy,2um,HFocusing_5_10_2um2_0_2177.npy,replace,,,,,saturation_cleaned_bandpass_filtered,0,2000000.0,7000.0,80000.0,500,0.0001,300,300,0
train,particles2SNR_pipeline/output/p0_c1_Particles2SNR_F_staging/train/2um/HFocusing_5_10_2um2_0_2180.npy,P0/data/dataset_Particles2SNR_F_c1/train/2um/HFocusing_5_10_2um2_0_2180.npy,2um,HFocusing_5_10_2um2_0_2180.npy,replace,,,,,saturation_cleaned_bandpass_filtered,0,2000000.0,7000.0,80000.0,500,0.0001,300,300,0
train,particles2SNR_pipeline/output/p0_c1_Particles2SNR_F_staging/train/2um/HFocusing_5_10_2um2_0_2183.npy,P0/data/dataset_Particles2SNR_F_c1/train/2um/HFocusing_5_10_2um2_0_2183.npy,2um,HFocusing_5_10_2um2_0_2183.npy,replace,,,,,saturation_cleaned_bandpass_filtered,0,2000000.0,7000.0,80000.0,500,0.0001,300,300,0
train,particles2SNR_pipeline/output/p0_c1_Particles2SNR_F_staging/train/2um/HFocusing_5_10_2um2_0_2184.npy,P0/data/dataset_Particles2SNR_F_c1/train/2um/HFocusing_5_10_2um2_0_2184.npy,2um,HFocusing_5_10_2um2_0_2184.npy,replace,,,,,saturation_cleaned_bandpass_filtered,0,2000000.0,7000.0,80000.0,500,0.0001,300,300,0
train,particles2SNR_pipeline/output/p0_c1_Particles2SNR_F_staging/train/2um/HFocusing_5_10_2um2_0_2187.npy,P0/data/dataset_Particles2SNR_F_c1/train/2um/HFocusing_5_10_2um2_0_2187.npy,2um,HFocusing_5_10_2um2_0_2187.npy,replace,,,,,saturation_cleaned_bandpass_filtered,0,2000000.0,7000.0,80000.0,500,0.0001,300,300,0
train,particles2SNR_pipeline/output/p0_c1_Particles2SNR_F_staging/train/2um/HFocusing_5_10_2um2_0_2188.npy,P0/data/dataset_Particles2SNR_F_c1/train/2um/HFocusing_5_10_2um2_0_2188.npy,2um,HFocusing_5_10_2um2_0_2188.npy,replace,,,,,saturation_cleaned_bandpass_filtered,0,2000000.0,7000.0,80000.0,500,0.0001,300,300,0
train,particles2SNR_pipeline/output/p0_c1_Particles2SNR_F_staging/train/2um/HFocusing_5_10_2um2_0_2191.npy,P0/data/dataset_Particles2SNR_F_c1/train/2um/HFocusing_5_10_2um2_0_2191.npy,2um,HFocusing_5_10_2um2_0_2191.npy,replace,,,,,saturation_cleaned_bandpass_filtered,0,2000000.0,7000.0,80000.0,500,0.0001,300,300,0
train,particles2SNR_pipeline/output/p0_c1_Particles2SNR_F_staging/train/2um/HFocusing_5_10_2um2_0_2198.npy,P0/data/dataset_Particles2SNR_F_c1/train/2um/HFocusing_5_10_2um2_0_2198.npy,2um,HFocusing_5_10_2um2_0_2198.npy,replace,,,,,saturation_cleaned_bandpass_filtered,0,2000000.0,7000.0,80000.0,500,0.0001,300,300,0
train,particles2SNR_pipeline/output/p0_c1_Particles2SNR_F_staging/train/2um/HFocusing_5_10_2um2_0_220.npy,P0/data/dataset_Particles2SNR_F_c1/train/2um/HFocusing_5_10_2um2_0_220.npy,2um,HFocusing_5_10_2um2_0_220.npy,replace,,,,,saturation_cleaned_bandpass_filtered,0,2000000.0,7000.0,80000.0,500,0.0001,300,300,0
train,particles2SNR_pipeline/output/p0_c1_Particles2SNR_F_staging/train/2um/HFocusing_5_10_2um2_0_2200.npy,P0/data/dataset_Particles2SNR_F_c1/train/2um/HFocusing_5_10_2um2_0_2200.npy,2um,HFocusing_5_10_2um2_0_2200.npy,replace,,,,,saturation_cleaned_bandpass_filtered,0,2000000.0,7000.0,80000.0,500,0.0001,300,300,0
train,particles2SNR_pipeline/output/p0_c1_Particles2SNR_F_staging/train/2um/HFocusing_5_10_2um2_0_2201.npy,P0/data/dataset_Particles2SNR_F_c1/train/2um/HFocusing_5_10_2um2_0_2201.npy,2um,HFocusing_5_10_2um2_0_2201.npy,replace,,,,,saturation_cleaned_bandpass_filtered,0,2000000.0,7000.0,80000.0,500,0.0001,300,300,0
train,particles2SNR_pipeline/output/p0_c1_Particles2SNR_F_staging/train/2um/HFocusing_5_10_2um2_0_2204.npy,P0/data/dataset_Particles2SNR_F_c1/train/2um/HFocusing_5_10_2um2_0_2204.npy,2um,HFocusing_5_10_2um2_0_2204.npy,replace,,,,,saturation_cleaned_bandpass_filtered,0,2000000.0,7000.0,80000.0,500,0.0001,300,300,0
train,particles2SNR_pipeline/output/p0_c1_Particles2SNR_F_staging/train/2um/HFocusing_5_10_2um2_0_2205.npy,P0/data/dataset_Particles2SNR_F_c1/train/2um/HFocusing_5_10_2um2_0_2205.npy,2um,HFocusing_5_10_2um2_0_2205.npy,replace,,,,,saturation_cleaned_bandpass_filtered,0,2000000.0,7000.0,80000.0,500,0.0001,300,300,0
train,particles2SNR_pipeline/output/p0_c1_Particles2SNR_F_staging/train/2um/HFocusing_5_10_2um2_0_2208.npy,P0/data/dataset_Particles2SNR_F_c1/train/2um/HFocusing_5_10_2um2_0_2208.npy,2um,HFocusing_5_10_2um2_0_2208.npy,replace,,,,,saturation_cleaned_bandpass_filtered,0,2000000.0,7000.0,80000.0,500,0.0001,300,300,0
train,particles2SNR_pipeline/output/p0_c1_Particles2SNR_F_staging/train/2um/HFocusing_5_10_2um2_0_2209.npy,P0/data/dataset_Particles2SNR_F_c1/train/2um/HFocusing_5_10_2um2_0_2209.npy,2um,HFocusing_5_10_2um2_0_2209.npy,replace,,,,,saturation_cleaned_bandpass_filtered,0,2000000.0,7000.0,80000.0,500,0.0001,300,300,0
train,particles2SNR_pipeline/output/p0_c1_Particles2SNR_F_staging/train/2um/HFocusing_5_10_2um2_0_2212.npy,P0/data/dataset_Particles2SNR_F_c1/train/2um/HFocusing_5_10_2um2_0_2212.npy,2um,HFocusing_5_10_2um2_0_2212.npy,replace,,,,,saturation_cleaned_bandpass_filtered,0,2000000.0,7000.0,80000.0,500,0.0001,300,300,0
train,particles2SNR_pipeline/output/p0_c1_Particles2SNR_F_staging/train/2um/HFocusing_5_10_2um2_0_2222.npy,P0/data/dataset_Particles2SNR_F_c1/train/2um/HFocusing_5_10_2um2_0_2222.npy,2um,HFocusing_5_10_2um2_0_2222.npy,replace,,,,,saturation_cleaned_bandpass_filtered,0,2000000.0,7000.0,80000.0,500,0.0001,300,300,0
train,particles2SNR_pipeline/output/p0_c1_Particles2SNR_F_staging/train/2um/HFocusing_5_10_2um2_0_2223.npy,P0/data/dataset_Particles2SNR_F_c1/train/2um/HFocusing_5_10_2um2_0_2223.npy,2um,HFocusing_5_10_2um2_0_2223.npy,replace,,,,,saturation_cleaned_bandpass_filtered,0,2000000.0,7000.0,80000.0,500,0.0001,300,300,0
train,particles2SNR_pipeline/output/p0_c1_Particles2SNR_F_staging/train/2um/HFocusing_5_10_2um2_0_2225.npy,P0/data/dataset_Particles2SNR_F_c1/train/2um/HFocusing_5_10_2um2_0_2225.npy,2um,HFocusing_5_10_2um2_0_2225.npy,replace,,,,,saturation_cleaned_bandpass_filtered,0,2000000.0,7000.0,80000.0,500,0.0001,300,300,0
train,particles2SNR_pipeline/output/p0_c1_Particles2SNR_F_staging/train/2um/HFocusing_5_10_2um2_0_223.npy,P0/data/dataset_Particles2SNR_F_c1/train/2um/HFocusing_5_10_2um2_0_223.npy,2um,HFocusing_5_10_2um2_0_223.npy,replace,,,,,saturation_cleaned_bandpass_filtered,0,2000000.0,7000.0,80000.0,500,0.0001,300,300,0
train,particles2SNR_pipeline/output/p0_c1_Particles2SNR_F_staging/train/2um/HFocusing_5_10_2um2_0_2232.npy,P0/data/dataset_Particles2SNR_F_c1/train/2um/HFocusing_5_10_2um2_0_2232.npy,2um,HFocusing_5_10_2um2_0_2232.npy,replace,,,,,saturation_cleaned_bandpass_filtered,0,2000000.0,7000.0,80000.0,500,0.0001,300,300,0
train,particles2SNR_pipeline/output/p0_c1_Particles2SNR_F_staging/train/2um/HFocusing_5_10_2um2_0_2233.npy,P0/data/dataset_Particles2SNR_F_c1/train/2um/HFocusing_5_10_2um2_0_2233.npy,2um,HFocusing_5_10_2um2_0_2233.npy,replace,,,,,saturation_cleaned_bandpass_filtered,0,2000000.0,7000.0,80000.0,500,0.0001,300,300,0
train,particles2SNR_pipeline/output/p0_c1_Particles2SNR_F_staging/train/2um/HFocusing_5_10_2um2_0_2235.npy,P0/data/dataset_Particles2SNR_F_c1/train/2um/HFocusing_5_10_2um2_0_2235.npy,2um,HFocusing_5_10_2um2_0_2235.npy,replace,,,,,saturation_cleaned_bandpass_filtered,0,2000000.0,7000.0,80000.0,500,0.0001,300,300,0
train,particles2SNR_pipeline/output/p0_c1_Particles2SNR_F_staging/train/2um/HFocusing_5_10_2um2_0_2236.npy,P0/data/dataset_Particles2SNR_F_c1/train/2um/HFocusing_5_10_2um2_0_2236.npy,2um,HFocusing_5_10_2um2_0_2236.npy,replace,,,,,saturation_cleaned_bandpass_filtered,0,2000000.0,7000.0,80000.0,500,0.0001,300,300,0
train,particles2SNR_pipeline/output/p0_c1_Particles2SNR_F_staging/train/2um/HFocusing_5_10_2um2_0_2239.npy,P0/data/dataset_Particles2SNR_F_c1/train/2um/HFocusing_5_10_2um2_0_2239.npy,2um,HFocusing_5_10_2um2_0_2239.npy,replace,,,,,saturation_cleaned_bandpass_filtered,0,2000000.0,7000.0,80000.0,500,0.0001,300,300,0
train,particles2SNR_pipeline/output/p0_c1_Particles2SNR_F_staging/train/2um/HFocusing_5_10_2um2_0_2242.npy,P0/data/dataset_Particles2SNR_F_c1/train/2um/HFocusing_5_10_2um2_0_2242.npy,2um,HFocusing_5_10_2um2_0_2242.npy,replace,,,,,saturation_cleaned_bandpass_filtered,0,2000000.0,7000.0,80000.0,500,0.0001,300,300,0
train,particles2SNR_pipeline/output/p0_c1_Particles2SNR_F_staging/train/2um/HFocusing_5_10_2um2_0_2245.npy,P0/data/dataset_Particles2SNR_F_c1/train/2um/HFocusing_5_10_2um2_0_2245.npy,2um,HFocusing_5_10_2um2_0_2245.npy,replace,,,,,saturation_cleaned_bandpass_filtered,0,2000000.0,7000.0,80000.0,500,0.0001,300,300,0
train,particles2SNR_pipeline/output/p0_c1_Particles2SNR_F_staging/train/2um/HFocusing_5_10_2um2_0_2249.npy,P0/data/dataset_Particles2SNR_F_c1/train/2um/HFocusing_5_10_2um2_0_2249.npy,2um,HFocusing_5_10_2um2_0_2249.npy,replace,,,,,saturation_cleaned_bandpass_filtered,0,2000000.0,7000.0,80000.0,500,0.0001,300,300,0
train,particles2SNR_pipeline/output/p0_c1_Particles2SNR_F_staging/train/2um/HFocusing_5_10_2um2_0_2253.npy,P0/data/dataset_Particles2SNR_F_c1/train/2um/HFocusing_5_10_2um2_0_2253.npy,2um,HFocusing_5_10_2um2_0_2253.npy,replace,,,,,saturation_cleaned_bandpass_filtered,0,2000000.0,7000.0,80000.0,500,0.0001,300,300,0
train,particles2SNR_pipeline/output/p0_c1_Particles2SNR_F_staging/train/2um/HFocusing_5_10_2um2_0_2258.npy,P0/data/dataset_Particles2SNR_F_c1/train/2um/HFocusing_5_10_2um2_0_2258.npy,2um,HFocusing_5_10_2um2_0_2258.npy,replace,,,,,saturation_cleaned_bandpass_filtered,0,2000000.0,7000.0,80000.0,500,0.0001,300,300,0
train,particles2SNR_pipeline/output/p0_c1_Particles2SNR_F_staging/train/2um/HFocusing_5_10_2um2_0_226.npy,P0/data/dataset_Particles2SNR_F_c1/train/2um/HFocusing_5_10_2um2_0_226.npy,2um,HFocusing_5_10_2um2_0_226.npy,replace,,,,,saturation_cleaned_bandpass_filtered,0,2000000.0,7000.0,80000.0,500,0.0001,300,300,0
train,particles2SNR_pipeline/output/p0_c1_Particles2SNR_F_staging/train/2um/HFocusing_5_10_2um2_0_2261.npy,P0/data/dataset_Particles2SNR_F_c1/train/2um/HFocusing_5_10_2um2_0_2261.npy,2um,HFocusing_5_10_2um2_0_2261.npy,replace,,,,,saturation_cleaned_bandpass_filtered,0,2000000.0,7000.0,80000.0,500,0.0001,300,300,0
train,particles2SNR_pipeline/output/p0_c1_Particles2SNR_F_staging/train/2um/HFocusing_5_10_2um2_0_2264.npy,P0/data/dataset_Particles2SNR_F_c1/train/2um/HFocusing_5_10_2um2_0_2264.npy,2um,HFocusing_5_10_2um2_0_2264.npy,replace,,,,,saturation_cleaned_bandpass_filtered,0,2000000.0,7000.0,80000.0,500,0.0001,300,300,0
train,particles2SNR_pipeline/output/p0_c1_Particles2SNR_F_staging/train/2um/HFocusing_5_10_2um2_0_2265.npy,P0/data/dataset_Particles2SNR_F_c1/train/2um/HFocusing_5_10_2um2_0_2265.npy,2um,HFocusing_5_10_2um2_0_2265.npy,replace,,,,,saturation_cleaned_bandpass_filtered,0,2000000.0,7000.0,80000.0,500,0.0001,300,300,0
train,particles2SNR_pipeline/output/p0_c1_Particles2SNR_F_staging/train/2um/HFocusing_5_10_2um2_0_2268.npy,P0/data/dataset_Particles2SNR_F_c1/train/2um/HFocusing_5_10_2um2_0_2268.npy,2um,HFocusing_5_10_2um2_0_2268.npy,replace,,,,,saturation_cleaned_bandpass_filtered,0,2000000.0,7000.0,80000.0,500,0.0001,300,300,0
train,particles2SNR_pipeline/output/p0_c1_Particles2SNR_F_staging/train/2um/HFocusing_5_10_2um2_0_2271.npy,P0/data/dataset_Particles2SNR_F_c1/train/2um/HFocusing_5_10_2um2_0_2271.npy,2um,HFocusing_5_10_2um2_0_2271.npy,replace,,,,,saturation_cleaned_bandpass_filtered,0,2000000.0,7000.0,80000.0,500,0.0001,300,300,0
train,particles2SNR_pipeline/output/p0_c1_Particles2SNR_F_staging/train/2um/HFocusing_5_10_2um2_0_2273.npy,P0/data/dataset_Particles2SNR_F_c1/train/2um/HFocusing_5_10_2um2_0_2273.npy,2um,HFocusing_5_10_2um2_0_2273.npy,replace,,,,,saturation_cleaned_bandpass_filtered,0,2000000.0,7000.0,80000.0,500,0.0001,300,300,0
train,particles2SNR_pipeline/output/p0_c1_Particles2SNR_F_staging/train/2um/HFocusing_5_10_2um2_0_2277.npy,P0/data/dataset_Particles2SNR_F_c1/train/2um/HFocusing_5_10_2um2_0_2277.npy,2um,HFocusing_5_10_2um2_0_2277.npy,replace,,,,,saturation_cleaned_bandpass_filtered,0,2000000.0,7000.0,80000.0,500,0.0001,300,300,0
train,particles2SNR_pipeline/output/p0_c1_Particles2SNR_F_staging/train/2um/HFocusing_5_10_2um2_0_2278.npy,P0/data/dataset_Particles2SNR_F_c1/train/2um/HFocusing_5_10_2um2_0_2278.npy,2um,HFocusing_5_10_2um2_0_2278.npy,replace,,,,,saturation_cleaned_bandpass_filtered,0,2000000.0,7000.0,80000.0,500,0.0001,300,300,0
train,particles2SNR_pipeline/output/p0_c1_Particles2SNR_F_staging/train/2um/HFocusing_5_10_2um2_0_2281.npy,P0/data/dataset_Particles2SNR_F_c1/train/2um/HFocusing_5_10_2um2_0_2281.npy,2um,HFocusing_5_10_2um2_0_2281.npy,replace,,,,,saturation_cleaned_bandpass_filtered,0,2000000.0,7000.0,80000.0,500,0.0001,300,300,0
train,particles2SNR_pipeline/output/p0_c1_Particles2SNR_F_staging/train/2um/HFocusing_5_10_2um2_0_2284.npy,P0/data/dataset_Particles2SNR_F_c1/train/2um/HFocusing_5_10_2um2_0_2284.npy,2um,HFocusing_5_10_2um2_0_2284.npy,replace,,,,,saturation_cleaned_bandpass_filtered,0,2000000.0,7000.0,80000.0,500,0.0001,300,300,0
train,particles2SNR_pipeline/output/p0_c1_Particles2SNR_F_staging/train/2um/HFocusing_5_10_2um2_0_2286.npy,P0/data/dataset_Particles2SNR_F_c1/train/2um/HFocusing_5_10_2um2_0_2286.npy,2um,HFocusing_5_10_2um2_0_2286.npy,replace,,,,,saturation_cleaned_bandpass_filtered,0,2000000.0,7000.0,80000.0,500,0.0001,300,300,0
train,particles2SNR_pipeline/output/p0_c1_Particles2SNR_F_staging/train/2um/HFocusing_5_10_2um2_0_2287.npy,P0/data/dataset_Particles2SNR_F_c1/train/2um/HFocusing_5_10_2um2_0_2287.npy,2um,HFocusing_5_10_2um2_0_2287.npy,replace,,,,,saturation_cleaned_bandpass_filtered,0,2000000.0,7000.0,80000.0,500,0.0001,300,300,0
train,particles2SNR_pipeline/output/p0_c1_Particles2SNR_F_staging/train/2um/HFocusing_5_10_2um2_0_2290.npy,P0/data/dataset_Particles2SNR_F_c1/train/2um/HFocusing_5_10_2um2_0_2290.npy,2um,HFocusing_5_10_2um2_0_2290.npy,replace,,,,,saturation_cleaned_bandpass_filtered,0,2000000.0,7000.0,80000.0,500,0.0001,300,300,0
train,particles2SNR_pipeline/output/p0_c1_Particles2SNR_F_staging/train/2um/HFocusing_5_10_2um2_0_2293.npy,P0/data/dataset_Particles2SNR_F_c1/train/2um/HFocusing_5_10_2um2_0_2293.npy,2um,HFocusing_5_10_2um2_0_2293.npy,replace,,,,,saturation_cleaned_bandpass_filtered,0,2000000.0,7000.0,80000.0,500,0.0001,300,300,0
train,particles2SNR_pipeline/output/p0_c1_Particles2SNR_F_staging/train/2um/HFocusing_5_10_2um2_0_2296.npy,P0/data/dataset_Particles2SNR_F_c1/train/2um/HFocusing_5_10_2um2_0_2296.npy,2um,HFocusing_5_10_2um2_0_2296.npy,replace,,,,,saturation_cleaned_bandpass_filtered,0,2000000.0,7000.0,80000.0,500,0.0001,300,300,0
train,particles2SNR_pipeline/output/p0_c1_Particles2SNR_F_staging/train/2um/HFocusing_5_10_2um2_0_2297.npy,P0/data/dataset_Particles2SNR_F_c1/train/2um/HFocusing_5_10_2um2_0_2297.npy,2um,HFocusing_5_10_2um2_0_2297.npy,replace,,,,,saturation_cleaned_bandpass_filtered,0,2000000.0,7000.0,80000.0,500,0.0001,300,300,0
train,particles2SNR_pipeline/output/p0_c1_Particles2SNR_F_staging/train/2um/HFocusing_5_10_2um2_0_2300.npy,P0/data/dataset_Particles2SNR_F_c1/train/2um/HFocusing_5_10_2um2_0_2300.npy,2um,HFocusing_5_10_2um2_0_2300.npy,replace,,,,,saturation_cleaned_bandpass_filtered,0,2000000.0,7000.0,80000.0,500,0.0001,300,300,0
train,particles2SNR_pipeline/output/p0_c1_Particles2SNR_F_staging/train/2um/HFocusing_5_10_2um2_0_2301.npy,P0/data/dataset_Particles2SNR_F_c1/train/2um/HFocusing_5_10_2um2_0_2301.npy,2um,HFocusing_5_10_2um2_0_2301.npy,replace,,,,,saturation_cleaned_bandpass_filtered,0,2000000.0,7000.0,80000.0,500,0.0001,300,300,0
train,particles2SNR_pipeline/output/p0_c1_Particles2SNR_F_staging/train/2um/HFocusing_5_10_2um2_0_2304.npy,P0/data/dataset_Particles2SNR_F_c1/train/2um/HFocusing_5_10_2um2_0_2304.npy,2um,HFocusing_5_10_2um2_0_2304.npy,replace,,,,,saturation_cleaned_bandpass_filtered,0,2000000.0,7000.0,80000.0,500,0.0001,300,300,0
train,particles2SNR_pipeline/output/p0_c1_Particles2SNR_F_staging/train/2um/HFocusing_5_10_2um2_0_2308.npy,P0/data/dataset_Particles2SNR_F_c1/train/2um/HFocusing_5_10_2um2_0_2308.npy,2um,HFocusing_5_10_2um2_0_2308.npy,replace,,,,,saturation_cleaned_bandpass_filtered,0,2000000.0,7000.0,80000.0,500,0.0001,300,300,0
train,particles2SNR_pipeline/output/p0_c1_Particles2SNR_F_staging/train/2um/HFocusing_5_10_2um2_0_2311.npy,P0/data/dataset_Particles2SNR_F_c1/train/2um/HFocusing_5_10_2um2_0_2311.npy,2um,HFocusing_5_10_2um2_0_2311.npy,replace,,,,,saturation_cleaned_bandpass_filtered,0,2000000.0,7000.0,80000.0,500,0.0001,300,300,0
train,particles2SNR_pipeline/output/p0_c1_Particles2SNR_F_staging/train/2um/HFocusing_5_10_2um2_0_2314.npy,P0/data/dataset_Particles2SNR_F_c1/train/2um/HFocusing_5_10_2um2_0_2314.npy,2um,HFocusing_5_10_2um2_0_2314.npy,replace,,,,,saturation_cleaned_bandpass_filtered,0,2000000.0,7000.0,80000.0,500,0.0001,300,300,0
train,particles2SNR_pipeline/output/p0_c1_Particles2SNR_F_staging/train/2um/HFocusing_5_10_2um2_0_2317.npy,P0/data/dataset_Particles2SNR_F_c1/train/2um/HFocusing_5_10_2um2_0_2317.npy,2um,HFocusing_5_10_2um2_0_2317.npy,replace,,,,,saturation_cleaned_bandpass_filtered,0,2000000.0,7000.0,80000.0,500,0.0001,300,300,0
train,particles2SNR_pipeline/output/p0_c1_Particles2SNR_F_staging/train/2um/HFocusing_5_10_2um2_0_2318.npy,P0/data/dataset_Particles2SNR_F_c1/train/2um/HFocusing_5_10_2um2_0_2318.npy,2um,HFocusing_5_10_2um2_0_2318.npy,replace,,,,,saturation_cleaned_bandpass_filtered,0,2000000.0,7000.0,80000.0,500,0.0001,300,300,0
train,particles2SNR_pipeline/output/p0_c1_Particles2SNR_F_staging/train/2um/HFocusing_5_10_2um2_0_232.npy,P0/data/dataset_Particles2SNR_F_c1/train/2um/HFocusing_5_10_2um2_0_232.npy,2um,HFocusing_5_10_2um2_0_232.npy,replace,,,,,saturation_cleaned_bandpass_filtered,0,2000000.0,7000.0,80000.0,500,0.0001,300,300,0
train,particles2SNR_pipeline/output/p0_c1_Particles2SNR_F_staging/train/2um/HFocusing_5_10_2um2_0_2320.npy,P0/data/dataset_Particles2SNR_F_c1/train/2um/HFocusing_5_10_2um2_0_2320.npy,2um,HFocusing_5_10_2um2_0_2320.npy,replace,,,,,saturation_cleaned_bandpass_filtered,0,2000000.0,7000.0,80000.0,500,0.0001,300,300,0
train,particles2SNR_pipeline/output/p0_c1_Particles2SNR_F_staging/train/2um/HFocusing_5_10_2um2_0_2323.npy,P0/data/dataset_Particles2SNR_F_c1/train/2um/HFocusing_5_10_2um2_0_2323.npy,2um,HFocusing_5_10_2um2_0_2323.npy,replace,,,,,saturation_cleaned_bandpass_filtered,0,2000000.0,7000.0,80000.0,500,0.0001,300,300,0
train,particles2SNR_pipeline/output/p0_c1_Particles2SNR_F_staging/train/2um/HFocusing_5_10_2um2_0_2324.npy,P0/data/dataset_Particles2SNR_F_c1/train/2um/HFocusing_5_10_2um2_0_2324.npy,2um,HFocusing_5_10_2um2_0_2324.npy,replace,,,,,saturation_cleaned_bandpass_filtered,0,2000000.0,7000.0,80000.0,500,0.0001,300,300,0
train,particles2SNR_pipeline/output/p0_c1_Particles2SNR_F_staging/train/2um/HFocusing_5_10_2um2_0_2326.npy,P0/data/dataset_Particles2SNR_F_c1/train/2um/HFocusing_5_10_2um2_0_2326.npy,2um,HFocusing_5_10_2um2_0_2326.npy,replace,,,,,saturation_cleaned_bandpass_filtered,0,2000000.0,7000.0,80000.0,500,0.0001,300,300,0
train,particles2SNR_pipeline/output/p0_c1_Particles2SNR_F_staging/train/2um/HFocusing_5_10_2um2_0_2327.npy,P0/data/dataset_Particles2SNR_F_c1/train/2um/HFocusing_5_10_2um2_0_2327.npy,2um,HFocusing_5_10_2um2_0_2327.npy,replace,,,,,saturation_cleaned_bandpass_filtered,0,2000000.0,7000.0,80000.0,500,0.0001,300,300,0
train,particles2SNR_pipeline/output/p0_c1_Particles2SNR_F_staging/train/2um/HFocusing_5_10_2um2_0_233.npy,P0/data/dataset_Particles2SNR_F_c1/train/2um/HFocusing_5_10_2um2_0_233.npy,2um,HFocusing_5_10_2um2_0_233.npy,replace,,,,,saturation_cleaned_bandpass_filtered,0,2000000.0,7000.0,80000.0,500,0.0001,300,300,0
train,particles2SNR_pipeline/output/p0_c1_Particles2SNR_F_staging/train/2um/HFocusing_5_10_2um2_0_2332.npy,P0/data/dataset_Particles2SNR_F_c1/train/2um/HFocusing_5_10_2um2_0_2332.npy,2um,HFocusing_5_10_2um2_0_2332.npy,replace,,,,,saturation_cleaned_bandpass_filtered,0,2000000.0,7000.0,80000.0,500,0.0001,300,300,0
train,particles2SNR_pipeline/output/p0_c1_Particles2SNR_F_staging/train/2um/HFocusing_5_10_2um2_0_2337.npy,P0/data/dataset_Particles2SNR_F_c1/train/2um/HFocusing_5_10_2um2_0_2337.npy,2um,HFocusing_5_10_2um2_0_2337.npy,replace,,,,,saturation_cleaned_bandpass_filtered,0,2000000.0,7000.0,80000.0,500,0.0001,300,300,0
train,particles2SNR_pipeline/output/p0_c1_Particles2SNR_F_staging/train/2um/HFocusing_5_10_2um2_0_2340.npy,P0/data/dataset_Particles2SNR_F_c1/train/2um/HFocusing_5_10_2um2_0_2340.npy,2um,HFocusing_5_10_2um2_0_2340.npy,replace,,,,,saturation_cleaned_bandpass_filtered,0,2000000.0,7000.0,80000.0,500,0.0001,300,300,0
train,particles2SNR_pipeline/output/p0_c1_Particles2SNR_F_staging/train/2um/HFocusing_5_10_2um2_0_2341.npy,P0/data/dataset_Particles2SNR_F_c1/train/2um/HFocusing_5_10_2um2_0_2341.npy,2um,HFocusing_5_10_2um2_0_2341.npy,replace,,,,,saturation_cleaned_bandpass_filtered,0,2000000.0,7000.0,80000.0,500,0.0001,300,300,0
train,particles2SNR_pipeline/output/p0_c1_Particles2SNR_F_staging/train/2um/HFocusing_5_10_2um2_0_2344.npy,P0/data/dataset_Particles2SNR_F_c1/train/2um/HFocusing_5_10_2um2_0_2344.npy,2um,HFocusing_5_10_2um2_0_2344.npy,replace,,,,,saturation_cleaned_bandpass_filtered,0,2000000.0,7000.0,80000.0,500,0.0001,300,300,0
train,particles2SNR_pipeline/output/p0_c1_Particles2SNR_F_staging/train/2um/HFocusing_5_10_2um2_0_2345.npy,P0/data/dataset_Particles2SNR_F_c1/train/2um/HFocusing_5_10_2um2_0_2345.npy,2um,HFocusing_5_10_2um2_0_2345.npy,replace,,,,,saturation_cleaned_bandpass_filtered,0,2000000.0,7000.0,80000.0,500,0.0001,300,300,0
train,particles2SNR_pipeline/output/p0_c1_Particles2SNR_F_staging/train/2um/HFocusing_5_10_2um2_0_2348.npy,P0/data/dataset_Particles2SNR_F_c1/train/2um/HFocusing_5_10_2um2_0_2348.npy,2um,HFocusing_5_10_2um2_0_2348.npy,replace,,,,,saturation_cleaned_bandpass_filtered,0,2000000.0,7000.0,80000.0,500,0.0001,300,300,0
train,particles2SNR_pipeline/output/p0_c1_Particles2SNR_F_staging/train/2um/HFocusing_5_10_2um2_0_2356.npy,P0/data/dataset_Particles2SNR_F_c1/train/2um/HFocusing_5_10_2um2_0_2356.npy,2um,HFocusing_5_10_2um2_0_2356.npy,replace,,,,,saturation_cleaned_bandpass_filtered,0,2000000.0,7000.0,80000.0,500,0.0001,300,300,0
train,particles2SNR_pipeline/output/p0_c1_Particles2SNR_F_staging/train/2um/HFocusing_5_10_2um2_0_2357.npy,P0/data/dataset_Particles2SNR_F_c1/train/2um/HFocusing_5_10_2um2_0_2357.npy,2um,HFocusing_5_10_2um2_0_2357.npy,replace,,,,,saturation_cleaned_bandpass_filtered,0,2000000.0,7000.0,80000.0,500,0.0001,300,300,0
train,particles2SNR_pipeline/output/p0_c1_Particles2SNR_F_staging/train/2um/HFocusing_5_10_2um2_0_2359.npy,P0/data/dataset_Particles2SNR_F_c1/train/2um/HFocusing_5_10_2um2_0_2359.npy,2um,HFocusing_5_10_2um2_0_2359.npy,replace,,,,,saturation_cleaned_bandpass_filtered,0,2000000.0,7000.0,80000.0,500,0.0001,300,300,0
train,particles2SNR_pipeline/output/p0_c1_Particles2SNR_F_staging/train/2um/HFocusing_5_10_2um2_0_236.npy,P0/data/dataset_Particles2SNR_F_c1/train/2um/HFocusing_5_10_2um2_0_236.npy,2um,HFocusing_5_10_2um2_0_236.npy,replace,,,,,saturation_cleaned_bandpass_filtered,0,2000000.0,7000.0,80000.0,500,0.0001,300,300,0
train,particles2SNR_pipeline/output/p0_c1_Particles2SNR_F_staging/train/2um/HFocusing_5_10_2um2_0_2367.npy,P0/data/dataset_Particles2SNR_F_c1/train/2um/HFocusing_5_10_2um2_0_2367.npy,2um,HFocusing_5_10_2um2_0_2367.npy,replace,,,,,saturation_cleaned_bandpass_filtered,0,2000000.0,7000.0,80000.0,500,0.0001,300,300,0
train,particles2SNR_pipeline/output/p0_c1_Particles2SNR_F_staging/train/2um/HFocusing_5_10_2um2_0_237.npy,P0/data/dataset_Particles2SNR_F_c1/train/2um/HFocusing_5_10_2um2_0_237.npy,2um,HFocusing_5_10_2um2_0_237.npy,replace,,,,,saturation_cleaned_bandpass_filtered,0,2000000.0,7000.0,80000.0,500,0.0001,300,300,0
train,particles2SNR_pipeline/output/p0_c1_Particles2SNR_F_staging/train/2um/HFocusing_5_10_2um2_0_2370.npy,P0/data/dataset_Particles2SNR_F_c1/train/2um/HFocusing_5_10_2um2_0_2370.npy,2um,HFocusing_5_10_2um2_0_2370.npy,replace,,,,,saturation_cleaned_bandpass_filtered,0,2000000.0,7000.0,80000.0,500,0.0001,300,300,0
train,particles2SNR_pipeline/output/p0_c1_Particles2SNR_F_staging/train/2um/HFocusing_5_10_2um2_0_2373.npy,P0/data/dataset_Particles2SNR_F_c1/train/2um/HFocusing_5_10_2um2_0_2373.npy,2um,HFocusing_5_10_2um2_0_2373.npy,replace,,,,,saturation_cleaned_bandpass_filtered,0,2000000.0,7000.0,80000.0,500,0.0001,300,300,0
train,particles2SNR_pipeline/output/p0_c1_Particles2SNR_F_staging/train/2um/HFocusing_5_10_2um2_0_2375.npy,P0/data/dataset_Particles2SNR_F_c1/train/2um/HFocusing_5_10_2um2_0_2375.npy,2um,HFocusing_5_10_2um2_0_2375.npy,replace,,,,,saturation_cleaned_bandpass_filtered,0,2000000.0,7000.0,80000.0,500,0.0001,300,300,0
train,particles2SNR_pipeline/output/p0_c1_Particles2SNR_F_staging/train/2um/HFocusing_5_10_2um2_0_2376.npy,P0/data/dataset_Particles2SNR_F_c1/train/2um/HFocusing_5_10_2um2_0_2376.npy,2um,HFocusing_5_10_2um2_0_2376.npy,replace,,,,,saturation_cleaned_bandpass_filtered,0,2000000.0,7000.0,80000.0,500,0.0001,300,300,0
train,particles2SNR_pipeline/output/p0_c1_Particles2SNR_F_staging/train/2um/HFocusing_5_10_2um2_0_2379.npy,P0/data/dataset_Particles2SNR_F_c1/train/2um/HFocusing_5_10_2um2_0_2379.npy,2um,HFocusing_5_10_2um2_0_2379.npy,replace,,,,,saturation_cleaned_bandpass_filtered,0,2000000.0,7000.0,80000.0,500,0.0001,300,300,0
train,particles2SNR_pipeline/output/p0_c1_Particles2SNR_F_staging/train/2um/HFocusing_5_10_2um2_0_2382.npy,P0/data/dataset_Particles2SNR_F_c1/train/2um/HFocusing_5_10_2um2_0_2382.npy,2um,HFocusing_5_10_2um2_0_2382.npy,replace,,,,,saturation_cleaned_bandpass_filtered,0,2000000.0,7000.0,80000.0,500,0.0001,300,300,0
train,particles2SNR_pipeline/output/p0_c1_Particles2SNR_F_staging/train/2um/HFocusing_5_10_2um2_0_2383.npy,P0/data/dataset_Particles2SNR_F_c1/train/2um/HFocusing_5_10_2um2_0_2383.npy,2um,HFocusing_5_10_2um2_0_2383.npy,replace,,,,,saturation_cleaned_bandpass_filtered,0,2000000.0,7000.0,80000.0,500,0.0001,300,300,0
train,particles2SNR_pipeline/output/p0_c1_Particles2SNR_F_staging/train/2um/HFocusing_5_10_2um2_0_2387.npy,P0/data/dataset_Particles2SNR_F_c1/train/2um/HFocusing_5_10_2um2_0_2387.npy,2um,HFocusing_5_10_2um2_0_2387.npy,replace,,,,,saturation_cleaned_bandpass_filtered,0,2000000.0,7000.0,80000.0,500,0.0001,300,300,0
train,particles2SNR_pipeline/output/p0_c1_Particles2SNR_F_staging/train/2um/HFocusing_5_10_2um2_0_2390.npy,P0/data/dataset_Particles2SNR_F_c1/train/2um/HFocusing_5_10_2um2_0_2390.npy,2um,HFocusing_5_10_2um2_0_2390.npy,replace,,,,,saturation_cleaned_bandpass_filtered,0,2000000.0,7000.0,80000.0,500,0.0001,300,300,0
train,particles2SNR_pipeline/output/p0_c1_Particles2SNR_F_staging/train/2um/HFocusing_5_10_2um2_0_2391.npy,P0/data/dataset_Particles2SNR_F_c1/train/2um/HFocusing_5_10_2um2_0_2391.npy,2um,HFocusing_5_10_2um2_0_2391.npy,replace,,,,,saturation_cleaned_bandpass_filtered,0,2000000.0,7000.0,80000.0,500,0.0001,300,300,0
train,particles2SNR_pipeline/output/p0_c1_Particles2SNR_F_staging/train/2um/HFocusing_5_10_2um2_0_2394.npy,P0/data/dataset_Particles2SNR_F_c1/train/2um/HFocusing_5_10_2um2_0_2394.npy,2um,HFocusing_5_10_2um2_0_2394.npy,replace,,,,,saturation_cleaned_bandpass_filtered,0,2000000.0,7000.0,80000.0,500,0.0001,300,300,0
train,particles2SNR_pipeline/output/p0_c1_Particles2SNR_F_staging/train/2um/HFocusing_5_10_2um2_0_2397.npy,P0/data/dataset_Particles2SNR_F_c1/train/2um/HFocusing_5_10_2um2_0_2397.npy,2um,HFocusing_5_10_2um2_0_2397.npy,replace,,,,,saturation_cleaned_bandpass_filtered,0,2000000.0,7000.0,80000.0,500,0.0001,300,300,0
train,particles2SNR_pipeline/output/p0_c1_Particles2SNR_F_staging/train/2um/HFocusing_5_10_2um2_0_2398.npy,P0/data/dataset_Particles2SNR_F_c1/train/2um/HFocusing_5_10_2um2_0_2398.npy,2um,HFocusing_5_10_2um2_0_2398.npy,replace,,,,,saturation_cleaned_bandpass_filtered,0,2000000.0,7000.0,80000.0,500,0.0001,300,300,0
train,particles2SNR_pipeline/output/p0_c1_Particles2SNR_F_staging/train/2um/HFocusing_5_10_2um2_0_24.npy,P0/data/dataset_Particles2SNR_F_c1/train/2um/HFocusing_5_10_2um2_0_24.npy,2um,HFocusing_5_10_2um2_0_24.npy,replace,,,,,saturation_cleaned_bandpass_filtered,0,2000000.0,7000.0,80000.0,500,0.0001,300,300,0
train,particles2SNR_pipeline/output/p0_c1_Particles2SNR_F_staging/train/2um/HFocusing_5_10_2um2_0_2404.npy,P0/data/dataset_Particles2SNR_F_c1/train/2um/HFocusing_5_10_2um2_0_2404.npy,2um,HFocusing_5_10_2um2_0_2404.npy,replace,,,,,saturation_cleaned_bandpass_filtered,0,2000000.0,7000.0,80000.0,500,0.0001,300,300,0
train,particles2SNR_pipeline/output/p0_c1_Particles2SNR_F_staging/train/2um/HFocusing_5_10_2um2_0_2405.npy,P0/data/dataset_Particles2SNR_F_c1/train/2um/HFocusing_5_10_2um2_0_2405.npy,2um,HFocusing_5_10_2um2_0_2405.npy,replace,,,,,saturation_cleaned_bandpass_filtered,0,2000000.0,7000.0,80000.0,500,0.0001,300,300,0
train,particles2SNR_pipeline/output/p0_c1_Particles2SNR_F_staging/train/2um/HFocusing_5_10_2um2_0_2408.npy,P0/data/dataset_Particles2SNR_F_c1/train/2um/HFocusing_5_10_2um2_0_2408.npy,2um,HFocusing_5_10_2um2_0_2408.npy,replace,,,,,saturation_cleaned_bandpass_filtered,0,2000000.0,7000.0,80000.0,500,0.0001,300,300,0
train,particles2SNR_pipeline/output/p0_c1_Particles2SNR_F_staging/train/2um/HFocusing_5_10_2um2_0_2411.npy,P0/data/dataset_Particles2SNR_F_c1/train/2um/HFocusing_5_10_2um2_0_2411.npy,2um,HFocusing_5_10_2um2_0_2411.npy,replace,,,,,saturation_cleaned_bandpass_filtered,0,2000000.0,7000.0,80000.0,500,0.0001,300,300,0
train,particles2SNR_pipeline/output/p0_c1_Particles2SNR_F_staging/train/2um/HFocusing_5_10_2um2_0_2414.npy,P0/data/dataset_Particles2SNR_F_c1/train/2um/HFocusing_5_10_2um2_0_2414.npy,2um,HFocusing_5_10_2um2_0_2414.npy,replace,,,,,saturation_cleaned_bandpass_filtered,0,2000000.0,7000.0,80000.0,500,0.0001,300,300,0
train,particles2SNR_pipeline/output/p0_c1_Particles2SNR_F_staging/train/2um/HFocusing_5_10_2um2_0_2417.npy,P0/data/dataset_Particles2SNR_F_c1/train/2um/HFocusing_5_10_2um2_0_2417.npy,2um,HFocusing_5_10_2um2_0_2417.npy,replace,,,,,saturation_cleaned_bandpass_filtered,0,2000000.0,7000.0,80000.0,500,0.0001,300,300,0
train,particles2SNR_pipeline/output/p0_c1_Particles2SNR_F_staging/train/2um/HFocusing_5_10_2um2_0_2418.npy,P0/data/dataset_Particles2SNR_F_c1/train/2um/HFocusing_5_10_2um2_0_2418.npy,2um,HFocusing_5_10_2um2_0_2418.npy,replace,,,,,saturation_cleaned_bandpass_filtered,0,2000000.0,7000.0,80000.0,500,0.0001,300,300,0
train,particles2SNR_pipeline/output/p0_c1_Particles2SNR_F_staging/train/2um/HFocusing_5_10_2um2_0_2421.npy,P0/data/dataset_Particles2SNR_F_c1/train/2um/HFocusing_5_10_2um2_0_2421.npy,2um,HFocusing_5_10_2um2_0_2421.npy,replace,,,,,saturation_cleaned_bandpass_filtered,0,2000000.0,7000.0,80000.0,500,0.0001,300,300,0
train,particles2SNR_pipeline/output/p0_c1_Particles2SNR_F_staging/train/2um/HFocusing_5_10_2um2_0_2422.npy,P0/data/dataset_Particles2SNR_F_c1/train/2um/HFocusing_5_10_2um2_0_2422.npy,2um,HFocusing_5_10_2um2_0_2422.npy,replace,,,,,saturation_cleaned_bandpass_filtered,0,2000000.0,7000.0,80000.0,500,0.0001,300,300,0
train,particles2SNR_pipeline/output/p0_c1_Particles2SNR_F_staging/train/2um/HFocusing_5_10_2um2_0_2425.npy,P0/data/dataset_Particles2SNR_F_c1/train/2um/HFocusing_5_10_2um2_0_2425.npy,2um,HFocusing_5_10_2um2_0_2425.npy,replace,,,,,saturation_cleaned_bandpass_filtered,0,2000000.0,7000.0,80000.0,500,0.0001,300,300,0
train,particles2SNR_pipeline/output/p0_c1_Particles2SNR_F_staging/train/2um/HFocusing_5_10_2um2_0_2426.npy,P0/data/dataset_Particles2SNR_F_c1/train/2um/HFocusing_5_10_2um2_0_2426.npy,2um,HFocusing_5_10_2um2_0_2426.npy,replace,,,,,saturation_cleaned_bandpass_filtered,0,2000000.0,7000.0,80000.0,500,0.0001,300,300,0
train,particles2SNR_pipeline/output/p0_c1_Particles2SNR_F_staging/train/2um/HFocusing_5_10_2um2_0_2429.npy,P0/data/dataset_Particles2SNR_F_c1/train/2um/HFocusing_5_10_2um2_0_2429.npy,2um,HFocusing_5_10_2um2_0_2429.npy,replace,,,,,saturation_cleaned_bandpass_filtered,0,2000000.0,7000.0,80000.0,500,0.0001,300,300,0
train,particles2SNR_pipeline/output/p0_c1_Particles2SNR_F_staging/train/2um/HFocusing_5_10_2um2_0_2430.npy,P0/data/dataset_Particles2SNR_F_c1/train/2um/HFocusing_5_10_2um2_0_2430.npy,2um,HFocusing_5_10_2um2_0_2430.npy,replace,,,,,saturation_cleaned_bandpass_filtered,0,2000000.0,7000.0,80000.0,500,0.0001,300,300,0
train,particles2SNR_pipeline/output/p0_c1_Particles2SNR_F_staging/train/2um/HFocusing_5_10_2um2_0_2433.npy,P0/data/dataset_Particles2SNR_F_c1/train/2um/HFocusing_5_10_2um2_0_2433.npy,2um,HFocusing_5_10_2um2_0_2433.npy,replace,,,,,saturation_cleaned_bandpass_filtered,0,2000000.0,7000.0,80000.0,500,0.0001,300,300,0
train,particles2SNR_pipeline/output/p0_c1_Particles2SNR_F_staging/train/2um/HFocusing_5_10_2um2_0_2437.npy,P0/data/dataset_Particles2SNR_F_c1/train/2um/HFocusing_5_10_2um2_0_2437.npy,2um,HFocusing_5_10_2um2_0_2437.npy,replace,,,,,saturation_cleaned_bandpass_filtered,0,2000000.0,7000.0,80000.0,500,0.0001,300,300,0
train,particles2SNR_pipeline/output/p0_c1_Particles2SNR_F_staging/train/2um/HFocusing_5_10_2um2_0_2438.npy,P0/data/dataset_Particles2SNR_F_c1/train/2um/HFocusing_5_10_2um2_0_2438.npy,2um,HFocusing_5_10_2um2_0_2438.npy,replace,,,,,saturation_cleaned_bandpass_filtered,0,2000000.0,7000.0,80000.0,500,0.0001,300,300,0
train,particles2SNR_pipeline/output/p0_c1_Particles2SNR_F_staging/train/2um/HFocusing_5_10_2um2_0_244.npy,P0/data/dataset_Particles2SNR_F_c1/train/2um/HFocusing_5_10_2um2_0_244.npy,2um,HFocusing_5_10_2um2_0_244.npy,replace,,,,,saturation_cleaned_bandpass_filtered,0,2000000.0,7000.0,80000.0,500,0.0001,300,300,0
train,particles2SNR_pipeline/output/p0_c1_Particles2SNR_F_staging/train/2um/HFocusing_5_10_2um2_0_2441.npy,P0/data/dataset_Particles2SNR_F_c1/train/2um/HFocusing_5_10_2um2_0_2441.npy,2um,HFocusing_5_10_2um2_0_2441.npy,replace,,,,,saturation_cleaned_bandpass_filtered,0,2000000.0,7000.0,80000.0,500,0.0001,300,300,0
train,particles2SNR_pipeline/output/p0_c1_Particles2SNR_F_staging/train/2um/HFocusing_5_10_2um2_0_2445.npy,P0/data/dataset_Particles2SNR_F_c1/train/2um/HFocusing_5_10_2um2_0_2445.npy,2um,HFocusing_5_10_2um2_0_2445.npy,replace,,,,,saturation_cleaned_bandpass_filtered,0,2000000.0,7000.0,80000.0,500,0.0001,300,300,0
train,particles2SNR_pipeline/output/p0_c1_Particles2SNR_F_staging/train/2um/HFocusing_5_10_2um2_0_2449.npy,P0/data/dataset_Particles2SNR_F_c1/train/2um/HFocusing_5_10_2um2_0_2449.npy,2um,HFocusing_5_10_2um2_0_2449.npy,replace,,,,,saturation_cleaned_bandpass_filtered,0,2000000.0,7000.0,80000.0,500,0.0001,300,300,0
train,particles2SNR_pipeline/output/p0_c1_Particles2SNR_F_staging/train/2um/HFocusing_5_10_2um2_0_2450.npy,P0/data/dataset_Particles2SNR_F_c1/train/2um/HFocusing_5_10_2um2_0_2450.npy,2um,HFocusing_5_10_2um2_0_2450.npy,replace,,,,,saturation_cleaned_bandpass_filtered,0,2000000.0,7000.0,80000.0,500,0.0001,300,300,0
train,particles2SNR_pipeline/output/p0_c1_Particles2SNR_F_staging/train/2um/HFocusing_5_10_2um2_0_2453.npy,P0/data/dataset_Particles2SNR_F_c1/train/2um/HFocusing_5_10_2um2_0_2453.npy,2um,HFocusing_5_10_2um2_0_2453.npy,replace,,,,,saturation_cleaned_bandpass_filtered,0,2000000.0,7000.0,80000.0,500,0.0001,300,300,0
train,particles2SNR_pipeline/output/p0_c1_Particles2SNR_F_staging/train/2um/HFocusing_5_10_2um2_0_2457.npy,P0/data/dataset_Particles2SNR_F_c1/train/2um/HFocusing_5_10_2um2_0_2457.npy,2um,HFocusing_5_10_2um2_0_2457.npy,replace,,,,,saturation_cleaned_bandpass_filtered,0,2000000.0,7000.0,80000.0,500,0.0001,300,300,0
train,particles2SNR_pipeline/output/p0_c1_Particles2SNR_F_staging/train/2um/HFocusing_5_10_2um2_0_2458.npy,P0/data/dataset_Particles2SNR_F_c1/train/2um/HFocusing_5_10_2um2_0_2458.npy,2um,HFocusing_5_10_2um2_0_2458.npy,replace,,,,,saturation_cleaned_bandpass_filtered,0,2000000.0,7000.0,80000.0,500,0.0001,300,300,0
train,particles2SNR_pipeline/output/p0_c1_Particles2SNR_F_staging/train/2um/HFocusing_5_10_2um2_0_2460.npy,P0/data/dataset_Particles2SNR_F_c1/train/2um/HFocusing_5_10_2um2_0_2460.npy,2um,HFocusing_5_10_2um2_0_2460.npy,replace,,,,,saturation_cleaned_bandpass_filtered,0,2000000.0,7000.0,80000.0,500,0.0001,300,300,0
train,particles2SNR_pipeline/output/p0_c1_Particles2SNR_F_staging/train/2um/HFocusing_5_10_2um2_0_2461.npy,P0/data/dataset_Particles2SNR_F_c1/train/2um/HFocusing_5_10_2um2_0_2461.npy,2um,HFocusing_5_10_2um2_0_2461.npy,replace,,,,,saturation_cleaned_bandpass_filtered,0,2000000.0,7000.0,80000.0,500,0.0001,300,300,0
train,particles2SNR_pipeline/output/p0_c1_Particles2SNR_F_staging/train/2um/HFocusing_5_10_2um2_0_2465.npy,P0/data/dataset_Particles2SNR_F_c1/train/2um/HFocusing_5_10_2um2_0_2465.npy,2um,HFocusing_5_10_2um2_0_2465.npy,replace,,,,,saturation_cleaned_bandpass_filtered,0,2000000.0,7000.0,80000.0,500,0.0001,300,300,0
train,particles2SNR_pipeline/output/p0_c1_Particles2SNR_F_staging/train/2um/HFocusing_5_10_2um2_0_2468.npy,P0/data/dataset_Particles2SNR_F_c1/train/2um/HFocusing_5_10_2um2_0_2468.npy,2um,HFocusing_5_10_2um2_0_2468.npy,replace,,,,,saturation_cleaned_bandpass_filtered,0,2000000.0,7000.0,80000.0,500,0.0001,300,300,0
train,particles2SNR_pipeline/output/p0_c1_Particles2SNR_F_staging/train/2um/HFocusing_5_10_2um2_0_2469.npy,P0/data/dataset_Particles2SNR_F_c1/train/2um/HFocusing_5_10_2um2_0_2469.npy,2um,HFocusing_5_10_2um2_0_2469.npy,replace,,,,,saturation_cleaned_bandpass_filtered,0,2000000.0,7000.0,80000.0,500,0.0001,300,300,0
train,particles2SNR_pipeline/output/p0_c1_Particles2SNR_F_staging/train/2um/HFocusing_5_10_2um2_0_247.npy,P0/data/dataset_Particles2SNR_F_c1/train/2um/HFocusing_5_10_2um2_0_247.npy,2um,HFocusing_5_10_2um2_0_247.npy,replace,,,,,saturation_cleaned_bandpass_filtered,0,2000000.0,7000.0,80000.0,500,0.0001,300,300,0
train,particles2SNR_pipeline/output/p0_c1_Particles2SNR_F_staging/train/2um/HFocusing_5_10_2um2_0_2472.npy,P0/data/dataset_Particles2SNR_F_c1/train/2um/HFocusing_5_10_2um2_0_2472.npy,2um,HFocusing_5_10_2um2_0_2472.npy,replace,,,,,saturation_cleaned_bandpass_filtered,0,2000000.0,7000.0,80000.0,500,0.0001,300,300,0
train,particles2SNR_pipeline/output/p0_c1_Particles2SNR_F_staging/train/2um/HFocusing_5_10_2um2_0_2475.npy,P0/data/dataset_Particles2SNR_F_c1/train/2um/HFocusing_5_10_2um2_0_2475.npy,2um,HFocusing_5_10_2um2_0_2475.npy,replace,,,,,saturation_cleaned_bandpass_filtered,0,2000000.0,7000.0,80000.0,500,0.0001,300,300,0
train,particles2SNR_pipeline/output/p0_c1_Particles2SNR_F_staging/train/2um/HFocusing_5_10_2um2_0_2476.npy,P0/data/dataset_Particles2SNR_F_c1/train/2um/HFocusing_5_10_2um2_0_2476.npy,2um,HFocusing_5_10_2um2_0_2476.npy,replace,,,,,saturation_cleaned_bandpass_filtered,0,2000000.0,7000.0,80000.0,500,0.0001,300,300,0
train,particles2SNR_pipeline/output/p0_c1_Particles2SNR_F_staging/train/2um/HFocusing_5_10_2um2_0_2479.npy,P0/data/dataset_Particles2SNR_F_c1/train/2um/HFocusing_5_10_2um2_0_2479.npy,2um,HFocusing_5_10_2um2_0_2479.npy,replace,,,,,saturation_cleaned_bandpass_filtered,0,2000000.0,7000.0,80000.0,500,0.0001,300,300,0
train,particles2SNR_pipeline/output/p0_c1_Particles2SNR_F_staging/train/2um/HFocusing_5_10_2um2_0_2480.npy,P0/data/dataset_Particles2SNR_F_c1/train/2um/HFocusing_5_10_2um2_0_2480.npy,2um,HFocusing_5_10_2um2_0_2480.npy,replace,,,,,saturation_cleaned_bandpass_filtered,0,2000000.0,7000.0,80000.0,500,0.0001,300,300,0
train,particles2SNR_pipeline/output/p0_c1_Particles2SNR_F_staging/train/2um/HFocusing_5_10_2um2_0_2483.npy,P0/data/dataset_Particles2SNR_F_c1/train/2um/HFocusing_5_10_2um2_0_2483.npy,2um,HFocusing_5_10_2um2_0_2483.npy,replace,,,,,saturation_cleaned_bandpass_filtered,0,2000000.0,7000.0,80000.0,500,0.0001,300,300,0
train,particles2SNR_pipeline/output/p0_c1_Particles2SNR_F_staging/train/2um/HFocusing_5_10_2um2_0_2487.npy,P0/data/dataset_Particles2SNR_F_c1/train/2um/HFocusing_5_10_2um2_0_2487.npy,2um,HFocusing_5_10_2um2_0_2487.npy,replace,,,,,saturation_cleaned_bandpass_filtered,0,2000000.0,7000.0,80000.0,500,0.0001,300,300,0
train,particles2SNR_pipeline/output/p0_c1_Particles2SNR_F_staging/train/2um/HFocusing_5_10_2um2_0_2490.npy,P0/data/dataset_Particles2SNR_F_c1/train/2um/HFocusing_5_10_2um2_0_2490.npy,2um,HFocusing_5_10_2um2_0_2490.npy,replace,,,,,saturation_cleaned_bandpass_filtered,0,2000000.0,7000.0,80000.0,500,0.0001,300,300,0
train,particles2SNR_pipeline/output/p0_c1_Particles2SNR_F_staging/train/2um/HFocusing_5_10_2um2_0_2493.npy,P0/data/dataset_Particles2SNR_F_c1/train/2um/HFocusing_5_10_2um2_0_2493.npy,2um,HFocusing_5_10_2um2_0_2493.npy,replace,,,,,saturation_cleaned_bandpass_filtered,0,2000000.0,7000.0,80000.0,500,0.0001,300,300,0
train,particles2SNR_pipeline/output/p0_c1_Particles2SNR_F_staging/train/2um/HFocusing_5_10_2um2_0_2497.npy,P0/data/dataset_Particles2SNR_F_c1/train/2um/HFocusing_5_10_2um2_0_2497.npy,2um,HFocusing_5_10_2um2_0_2497.npy,replace,,,,,saturation_cleaned_bandpass_filtered,0,2000000.0,7000.0,80000.0,500,0.0001,300,300,0
train,particles2SNR_pipeline/output/p0_c1_Particles2SNR_F_staging/train/2um/HFocusing_5_10_2um2_0_25.npy,P0/data/dataset_Particles2SNR_F_c1/train/2um/HFocusing_5_10_2um2_0_25.npy,2um,HFocusing_5_10_2um2_0_25.npy,replace,,,,,saturation_cleaned_bandpass_filtered,0,2000000.0,7000.0,80000.0,500,0.0001,300,300,0
train,particles2SNR_pipeline/output/p0_c1_Particles2SNR_F_staging/train/2um/HFocusing_5_10_2um2_0_250.npy,P0/data/dataset_Particles2SNR_F_c1/train/2um/HFocusing_5_10_2um2_0_250.npy,2um,HFocusing_5_10_2um2_0_250.npy,replace,,,,,saturation_cleaned_bandpass_filtered,0,2000000.0,7000.0,80000.0,500,0.0001,300,300,0
train,particles2SNR_pipeline/output/p0_c1_Particles2SNR_F_staging/train/2um/HFocusing_5_10_2um2_0_2501.npy,P0/data/dataset_Particles2SNR_F_c1/train/2um/HFocusing_5_10_2um2_0_2501.npy,2um,HFocusing_5_10_2um2_0_2501.npy,replace,,,,,saturation_cleaned_bandpass_filtered,0,2000000.0,7000.0,80000.0,500,0.0001,300,300,0
train,particles2SNR_pipeline/output/p0_c1_Particles2SNR_F_staging/train/2um/HFocusing_5_10_2um2_0_2503.npy,P0/data/dataset_Particles2SNR_F_c1/train/2um/HFocusing_5_10_2um2_0_2503.npy,2um,HFocusing_5_10_2um2_0_2503.npy,replace,,,,,saturation_cleaned_bandpass_filtered,0,2000000.0,7000.0,80000.0,500,0.0001,300,300,0
train,particles2SNR_pipeline/output/p0_c1_Particles2SNR_F_staging/train/2um/HFocusing_5_10_2um2_0_2506.npy,P0/data/dataset_Particles2SNR_F_c1/train/2um/HFocusing_5_10_2um2_0_2506.npy,2um,HFocusing_5_10_2um2_0_2506.npy,replace,,,,,saturation_cleaned_bandpass_filtered,0,2000000.0,7000.0,80000.0,500,0.0001,300,300,0
train,particles2SNR_pipeline/output/p0_c1_Particles2SNR_F_staging/train/2um/HFocusing_5_10_2um2_0_2509.npy,P0/data/dataset_Particles2SNR_F_c1/train/2um/HFocusing_5_10_2um2_0_2509.npy,2um,HFocusing_5_10_2um2_0_2509.npy,replace,,,,,saturation_cleaned_bandpass_filtered,0,2000000.0,7000.0,80000.0,500,0.0001,300,300,0
train,particles2SNR_pipeline/output/p0_c1_Particles2SNR_F_staging/train/2um/HFocusing_5_10_2um2_0_2510.npy,P0/data/dataset_Particles2SNR_F_c1/train/2um/HFocusing_5_10_2um2_0_2510.npy,2um,HFocusing_5_10_2um2_0_2510.npy,replace,,,,,saturation_cleaned_bandpass_filtered,0,2000000.0,7000.0,80000.0,500,0.0001,300,300,0
train,particles2SNR_pipeline/output/p0_c1_Particles2SNR_F_staging/train/2um/HFocusing_5_10_2um2_0_2514.npy,P0/data/dataset_Particles2SNR_F_c1/train/2um/HFocusing_5_10_2um2_0_2514.npy,2um,HFocusing_5_10_2um2_0_2514.npy,replace,,,,,saturation_cleaned_bandpass_filtered,0,2000000.0,7000.0,80000.0,500,0.0001,300,300,0
train,particles2SNR_pipeline/output/p0_c1_Particles2SNR_F_staging/train/2um/HFocusing_5_10_2um2_0_2518.npy,P0/data/dataset_Particles2SNR_F_c1/train/2um/HFocusing_5_10_2um2_0_2518.npy,2um,HFocusing_5_10_2um2_0_2518.npy,replace,,,,,saturation_cleaned_bandpass_filtered,0,2000000.0,7000.0,80000.0,500,0.0001,300,300,0
train,particles2SNR_pipeline/output/p0_c1_Particles2SNR_F_staging/train/2um/HFocusing_5_10_2um2_0_2521.npy,P0/data/dataset_Particles2SNR_F_c1/train/2um/HFocusing_5_10_2um2_0_2521.npy,2um,HFocusing_5_10_2um2_0_2521.npy,replace,,,,,saturation_cleaned_bandpass_filtered,0,2000000.0,7000.0,80000.0,500,0.0001,300,300,0
train,particles2SNR_pipeline/output/p0_c1_Particles2SNR_F_staging/train/2um/HFocusing_5_10_2um2_0_2524.npy,P0/data/dataset_Particles2SNR_F_c1/train/2um/HFocusing_5_10_2um2_0_2524.npy,2um,HFocusing_5_10_2um2_0_2524.npy,replace,,,,,saturation_cleaned_bandpass_filtered,0,2000000.0,7000.0,80000.0,500,0.0001,300,300,0
train,particles2SNR_pipeline/output/p0_c1_Particles2SNR_F_staging/train/2um/HFocusing_5_10_2um2_0_2528.npy,P0/data/dataset_Particles2SNR_F_c1/train/2um/HFocusing_5_10_2um2_0_2528.npy,2um,HFocusing_5_10_2um2_0_2528.npy,replace,,,,,saturation_cleaned_bandpass_filtered,0,2000000.0,7000.0,80000.0,500,0.0001,300,300,0
train,particles2SNR_pipeline/output/p0_c1_Particles2SNR_F_staging/train/2um/HFocusing_5_10_2um2_0_253.npy,P0/data/dataset_Particles2SNR_F_c1/train/2um/HFocusing_5_10_2um2_0_253.npy,2um,HFocusing_5_10_2um2_0_253.npy,replace,,,,,saturation_cleaned_bandpass_filtered,0,2000000.0,7000.0,80000.0,500,0.0001,300,300,0
train,particles2SNR_pipeline/output/p0_c1_Particles2SNR_F_staging/train/2um/HFocusing_5_10_2um2_0_2531.npy,P0/data/dataset_Particles2SNR_F_c1/train/2um/HFocusing_5_10_2um2_0_2531.npy,2um,HFocusing_5_10_2um2_0_2531.npy,replace,,,,,saturation_cleaned_bandpass_filtered,0,2000000.0,7000.0,80000.0,500,0.0001,300,300,0
train,particles2SNR_pipeline/output/p0_c1_Particles2SNR_F_staging/train/2um/HFocusing_5_10_2um2_0_2532.npy,P0/data/dataset_Particles2SNR_F_c1/train/2um/HFocusing_5_10_2um2_0_2532.npy,2um,HFocusing_5_10_2um2_0_2532.npy,replace,,,,,saturation_cleaned_bandpass_filtered,0,2000000.0,7000.0,80000.0,500,0.0001,300,300,0
train,particles2SNR_pipeline/output/p0_c1_Particles2SNR_F_staging/train/2um/HFocusing_5_10_2um2_0_2534.npy,P0/data/dataset_Particles2SNR_F_c1/train/2um/HFocusing_5_10_2um2_0_2534.npy,2um,HFocusing_5_10_2um2_0_2534.npy,replace,,,,,saturation_cleaned_bandpass_filtered,0,2000000.0,7000.0,80000.0,500,0.0001,300,300,0
train,particles2SNR_pipeline/output/p0_c1_Particles2SNR_F_staging/train/2um/HFocusing_5_10_2um2_0_2538.npy,P0/data/dataset_Particles2SNR_F_c1/train/2um/HFocusing_5_10_2um2_0_2538.npy,2um,HFocusing_5_10_2um2_0_2538.npy,replace,,,,,saturation_cleaned_bandpass_filtered,0,2000000.0,7000.0,80000.0,500,0.0001,300,300,0
train,particles2SNR_pipeline/output/p0_c1_Particles2SNR_F_staging/train/2um/HFocusing_5_10_2um2_0_254.npy,P0/data/dataset_Particles2SNR_F_c1/train/2um/HFocusing_5_10_2um2_0_254.npy,2um,HFocusing_5_10_2um2_0_254.npy,replace,,,,,saturation_cleaned_bandpass_filtered,0,2000000.0,7000.0,80000.0,500,0.0001,300,300,0
train,particles2SNR_pipeline/output/p0_c1_Particles2SNR_F_staging/train/2um/HFocusing_5_10_2um2_0_2541.npy,P0/data/dataset_Particles2SNR_F_c1/train/2um/HFocusing_5_10_2um2_0_2541.npy,2um,HFocusing_5_10_2um2_0_2541.npy,replace,,,,,saturation_cleaned_bandpass_filtered,0,2000000.0,7000.0,80000.0,500,0.0001,300,300,0
train,particles2SNR_pipeline/output/p0_c1_Particles2SNR_F_staging/train/2um/HFocusing_5_10_2um2_0_2545.npy,P0/data/dataset_Particles2SNR_F_c1/train/2um/HFocusing_5_10_2um2_0_2545.npy,2um,HFocusing_5_10_2um2_0_2545.npy,replace,,,,,saturation_cleaned_bandpass_filtered,0,2000000.0,7000.0,80000.0,500,0.0001,300,300,0
train,particles2SNR_pipeline/output/p0_c1_Particles2SNR_F_staging/train/2um/HFocusing_5_10_2um2_0_2549.npy,P0/data/dataset_Particles2SNR_F_c1/train/2um/HFocusing_5_10_2um2_0_2549.npy,2um,HFocusing_5_10_2um2_0_2549.npy,replace,,,,,saturation_cleaned_bandpass_filtered,0,2000000.0,7000.0,80000.0,500,0.0001,300,300,0
train,particles2SNR_pipeline/output/p0_c1_Particles2SNR_F_staging/train/2um/HFocusing_5_10_2um2_0_2553.npy,P0/data/dataset_Particles2SNR_F_c1/train/2um/HFocusing_5_10_2um2_0_2553.npy,2um,HFocusing_5_10_2um2_0_2553.npy,replace,,,,,saturation_cleaned_bandpass_filtered,0,2000000.0,7000.0,80000.0,500,0.0001,300,300,0
train,particles2SNR_pipeline/output/p0_c1_Particles2SNR_F_staging/train/2um/HFocusing_5_10_2um2_0_2556.npy,P0/data/dataset_Particles2SNR_F_c1/train/2um/HFocusing_5_10_2um2_0_2556.npy,2um,HFocusing_5_10_2um2_0_2556.npy,replace,,,,,saturation_cleaned_bandpass_filtered,0,2000000.0,7000.0,80000.0,500,0.0001,300,300,0
train,particles2SNR_pipeline/output/p0_c1_Particles2SNR_F_staging/train/2um/HFocusing_5_10_2um2_0_2557.npy,P0/data/dataset_Particles2SNR_F_c1/train/2um/HFocusing_5_10_2um2_0_2557.npy,2um,HFocusing_5_10_2um2_0_2557.npy,replace,,,,,saturation_cleaned_bandpass_filtered,0,2000000.0,7000.0,80000.0,500,0.0001,300,300,0
train,particles2SNR_pipeline/output/p0_c1_Particles2SNR_F_staging/train/2um/HFocusing_5_10_2um2_0_2559.npy,P0/data/dataset_Particles2SNR_F_c1/train/2um/HFocusing_5_10_2um2_0_2559.npy,2um,HFocusing_5_10_2um2_0_2559.npy,replace,,,,,saturation_cleaned_bandpass_filtered,0,2000000.0,7000.0,80000.0,500,0.0001,300,300,0
train,particles2SNR_pipeline/output/p0_c1_Particles2SNR_F_staging/train/2um/HFocusing_5_10_2um2_0_2560.npy,P0/data/dataset_Particles2SNR_F_c1/train/2um/HFocusing_5_10_2um2_0_2560.npy,2um,HFocusing_5_10_2um2_0_2560.npy,replace,,,,,saturation_cleaned_bandpass_filtered,0,2000000.0,7000.0,80000.0,500,0.0001,300,300,0
train,particles2SNR_pipeline/output/p0_c1_Particles2SNR_F_staging/train/2um/HFocusing_5_10_2um2_0_2563.npy,P0/data/dataset_Particles2SNR_F_c1/train/2um/HFocusing_5_10_2um2_0_2563.npy,2um,HFocusing_5_10_2um2_0_2563.npy,replace,,,,,saturation_cleaned_bandpass_filtered,0,2000000.0,7000.0,80000.0,500,0.0001,300,300,0
train,particles2SNR_pipeline/output/p0_c1_Particles2SNR_F_staging/train/2um/HFocusing_5_10_2um2_0_2564.npy,P0/data/dataset_Particles2SNR_F_c1/train/2um/HFocusing_5_10_2um2_0_2564.npy,2um,HFocusing_5_10_2um2_0_2564.npy,replace,,,,,saturation_cleaned_bandpass_filtered,0,2000000.0,7000.0,80000.0,500,0.0001,300,300,0
train,particles2SNR_pipeline/output/p0_c1_Particles2SNR_F_staging/train/2um/HFocusing_5_10_2um2_0_2567.npy,P0/data/dataset_Particles2SNR_F_c1/train/2um/HFocusing_5_10_2um2_0_2567.npy,2um,HFocusing_5_10_2um2_0_2567.npy,replace,,,,,saturation_cleaned_bandpass_filtered,0,2000000.0,7000.0,80000.0,500,0.0001,300,300,0
train,particles2SNR_pipeline/output/p0_c1_Particles2SNR_F_staging/train/2um/HFocusing_5_10_2um2_0_2568.npy,P0/data/dataset_Particles2SNR_F_c1/train/2um/HFocusing_5_10_2um2_0_2568.npy,2um,HFocusing_5_10_2um2_0_2568.npy,replace,,,,,saturation_cleaned_bandpass_filtered,0,2000000.0,7000.0,80000.0,500,0.0001,300,300,0
train,particles2SNR_pipeline/output/p0_c1_Particles2SNR_F_staging/train/2um/HFocusing_5_10_2um2_0_257.npy,P0/data/dataset_Particles2SNR_F_c1/train/2um/HFocusing_5_10_2um2_0_257.npy,2um,HFocusing_5_10_2um2_0_257.npy,replace,,,,,saturation_cleaned_bandpass_filtered,0,2000000.0,7000.0,80000.0,500,0.0001,300,300,0
train,particles2SNR_pipeline/output/p0_c1_Particles2SNR_F_staging/train/2um/HFocusing_5_10_2um2_0_2571.npy,P0/data/dataset_Particles2SNR_F_c1/train/2um/HFocusing_5_10_2um2_0_2571.npy,2um,HFocusing_5_10_2um2_0_2571.npy,replace,,,,,saturation_cleaned_bandpass_filtered,0,2000000.0,7000.0,80000.0,500,0.0001,300,300,0
train,particles2SNR_pipeline/output/p0_c1_Particles2SNR_F_staging/train/2um/HFocusing_5_10_2um2_0_2576.npy,P0/data/dataset_Particles2SNR_F_c1/train/2um/HFocusing_5_10_2um2_0_2576.npy,2um,HFocusing_5_10_2um2_0_2576.npy,replace,,,,,saturation_cleaned_bandpass_filtered,0,2000000.0,7000.0,80000.0,500,0.0001,300,300,0
train,particles2SNR_pipeline/output/p0_c1_Particles2SNR_F_staging/train/2um/HFocusing_5_10_2um2_0_258.npy,P0/data/dataset_Particles2SNR_F_c1/train/2um/HFocusing_5_10_2um2_0_258.npy,2um,HFocusing_5_10_2um2_0_258.npy,replace,,,,,saturation_cleaned_bandpass_filtered,0,2000000.0,7000.0,80000.0,500,0.0001,300,300,0
train,particles2SNR_pipeline/output/p0_c1_Particles2SNR_F_staging/train/2um/HFocusing_5_10_2um2_0_2580.npy,P0/data/dataset_Particles2SNR_F_c1/train/2um/HFocusing_5_10_2um2_0_2580.npy,2um,HFocusing_5_10_2um2_0_2580.npy,replace,,,,,saturation_cleaned_bandpass_filtered,0,2000000.0,7000.0,80000.0,500,0.0001,300,300,0
train,particles2SNR_pipeline/output/p0_c1_Particles2SNR_F_staging/train/2um/HFocusing_5_10_2um2_0_2583.npy,P0/data/dataset_Particles2SNR_F_c1/train/2um/HFocusing_5_10_2um2_0_2583.npy,2um,HFocusing_5_10_2um2_0_2583.npy,replace,,,,,saturation_cleaned_bandpass_filtered,0,2000000.0,7000.0,80000.0,500,0.0001,300,300,0
train,particles2SNR_pipeline/output/p0_c1_Particles2SNR_F_staging/train/2um/HFocusing_5_10_2um2_0_2584.npy,P0/data/dataset_Particles2SNR_F_c1/train/2um/HFocusing_5_10_2um2_0_2584.npy,2um,HFocusing_5_10_2um2_0_2584.npy,replace,,,,,saturation_cleaned_bandpass_filtered,0,2000000.0,7000.0,80000.0,500,0.0001,300,300,0
train,particles2SNR_pipeline/output/p0_c1_Particles2SNR_F_staging/train/2um/HFocusing_5_10_2um2_0_2588.npy,P0/data/dataset_Particles2SNR_F_c1/train/2um/HFocusing_5_10_2um2_0_2588.npy,2um,HFocusing_5_10_2um2_0_2588.npy,replace,,,,,saturation_cleaned_bandpass_filtered,0,2000000.0,7000.0,80000.0,500,0.0001,300,300,0
train,particles2SNR_pipeline/output/p0_c1_Particles2SNR_F_staging/train/2um/HFocusing_5_10_2um2_0_2594.npy,P0/data/dataset_Particles2SNR_F_c1/train/2um/HFocusing_5_10_2um2_0_2594.npy,2um,HFocusing_5_10_2um2_0_2594.npy,replace,,,,,saturation_cleaned_bandpass_filtered,0,2000000.0,7000.0,80000.0,500,0.0001,300,300,0
train,particles2SNR_pipeline/output/p0_c1_Particles2SNR_F_staging/train/2um/HFocusing_5_10_2um2_0_2595.npy,P0/data/dataset_Particles2SNR_F_c1/train/2um/HFocusing_5_10_2um2_0_2595.npy,2um,HFocusing_5_10_2um2_0_2595.npy,replace,,,,,saturation_cleaned_bandpass_filtered,0,2000000.0,7000.0,80000.0,500,0.0001,300,300,0
train,particles2SNR_pipeline/output/p0_c1_Particles2SNR_F_staging/train/2um/HFocusing_5_10_2um2_0_2598.npy,P0/data/dataset_Particles2SNR_F_c1/train/2um/HFocusing_5_10_2um2_0_2598.npy,2um,HFocusing_5_10_2um2_0_2598.npy,replace,,,,,saturation_cleaned_bandpass_filtered,0,2000000.0,7000.0,80000.0,500,0.0001,300,300,0
train,particles2SNR_pipeline/output/p0_c1_Particles2SNR_F_staging/train/2um/HFocusing_5_10_2um2_0_2599.npy,P0/data/dataset_Particles2SNR_F_c1/train/2um/HFocusing_5_10_2um2_0_2599.npy,2um,HFocusing_5_10_2um2_0_2599.npy,replace,,,,,saturation_cleaned_bandpass_filtered,0,2000000.0,7000.0,80000.0,500,0.0001,300,300,0
train,particles2SNR_pipeline/output/p0_c1_Particles2SNR_F_staging/train/2um/HFocusing_5_10_2um2_0_2605.npy,P0/data/dataset_Particles2SNR_F_c1/train/2um/HFocusing_5_10_2um2_0_2605.npy,2um,HFocusing_5_10_2um2_0_2605.npy,replace,,,,,saturation_cleaned_bandpass_filtered,0,2000000.0,7000.0,80000.0,500,0.0001,300,300,0
train,particles2SNR_pipeline/output/p0_c1_Particles2SNR_F_staging/train/2um/HFocusing_5_10_2um2_0_2606.npy,P0/data/dataset_Particles2SNR_F_c1/train/2um/HFocusing_5_10_2um2_0_2606.npy,2um,HFocusing_5_10_2um2_0_2606.npy,replace,,,,,saturation_cleaned_bandpass_filtered,0,2000000.0,7000.0,80000.0,500,0.0001,300,300,0
train,particles2SNR_pipeline/output/p0_c1_Particles2SNR_F_staging/train/2um/HFocusing_5_10_2um2_0_2608.npy,P0/data/dataset_Particles2SNR_F_c1/train/2um/HFocusing_5_10_2um2_0_2608.npy,2um,HFocusing_5_10_2um2_0_2608.npy,replace,,,,,saturation_cleaned_bandpass_filtered,0,2000000.0,7000.0,80000.0,500,0.0001,300,300,0
train,particles2SNR_pipeline/output/p0_c1_Particles2SNR_F_staging/train/2um/HFocusing_5_10_2um2_0_2609.npy,P0/data/dataset_Particles2SNR_F_c1/train/2um/HFocusing_5_10_2um2_0_2609.npy,2um,HFocusing_5_10_2um2_0_2609.npy,replace,,,,,saturation_cleaned_bandpass_filtered,0,2000000.0,7000.0,80000.0,500,0.0001,300,300,0
train,particles2SNR_pipeline/output/p0_c1_Particles2SNR_F_staging/train/2um/HFocusing_5_10_2um2_0_261.npy,P0/data/dataset_Particles2SNR_F_c1/train/2um/HFocusing_5_10_2um2_0_261.npy,2um,HFocusing_5_10_2um2_0_261.npy,replace,,,,,saturation_cleaned_bandpass_filtered,0,2000000.0,7000.0,80000.0,500,0.0001,300,300,0
train,particles2SNR_pipeline/output/p0_c1_Particles2SNR_F_staging/train/2um/HFocusing_5_10_2um2_0_2612.npy,P0/data/dataset_Particles2SNR_F_c1/train/2um/HFocusing_5_10_2um2_0_2612.npy,2um,HFocusing_5_10_2um2_0_2612.npy,replace,,,,,saturation_cleaned_bandpass_filtered,0,2000000.0,7000.0,80000.0,500,0.0001,300,300,0
train,particles2SNR_pipeline/output/p0_c1_Particles2SNR_F_staging/train/2um/HFocusing_5_10_2um2_0_2616.npy,P0/data/dataset_Particles2SNR_F_c1/train/2um/HFocusing_5_10_2um2_0_2616.npy,2um,HFocusing_5_10_2um2_0_2616.npy,replace,,,,,saturation_cleaned_bandpass_filtered,0,2000000.0,7000.0,80000.0,500,0.0001,300,300,0
train,particles2SNR_pipeline/output/p0_c1_Particles2SNR_F_staging/train/2um/HFocusing_5_10_2um2_0_2619.npy,P0/data/dataset_Particles2SNR_F_c1/train/2um/HFocusing_5_10_2um2_0_2619.npy,2um,HFocusing_5_10_2um2_0_2619.npy,replace,,,,,saturation_cleaned_bandpass_filtered,0,2000000.0,7000.0,80000.0,500,0.0001,300,300,0
train,particles2SNR_pipeline/output/p0_c1_Particles2SNR_F_staging/train/2um/HFocusing_5_10_2um2_0_2623.npy,P0/data/dataset_Particles2SNR_F_c1/train/2um/HFocusing_5_10_2um2_0_2623.npy,2um,HFocusing_5_10_2um2_0_2623.npy,replace,,,,,saturation_cleaned_bandpass_filtered,0,2000000.0,7000.0,80000.0,500,0.0001,300,300,0
train,particles2SNR_pipeline/output/p0_c1_Particles2SNR_F_staging/train/2um/HFocusing_5_10_2um2_0_2626.npy,P0/data/dataset_Particles2SNR_F_c1/train/2um/HFocusing_5_10_2um2_0_2626.npy,2um,HFocusing_5_10_2um2_0_2626.npy,replace,,,,,saturation_cleaned_bandpass_filtered,0,2000000.0,7000.0,80000.0,500,0.0001,300,300,0
train,particles2SNR_pipeline/output/p0_c1_Particles2SNR_F_staging/train/2um/HFocusing_5_10_2um2_0_2627.npy,P0/data/dataset_Particles2SNR_F_c1/train/2um/HFocusing_5_10_2um2_0_2627.npy,2um,HFocusing_5_10_2um2_0_2627.npy,replace,,,,,saturation_cleaned_bandpass_filtered,0,2000000.0,7000.0,80000.0,500,0.0001,300,300,0
train,particles2SNR_pipeline/output/p0_c1_Particles2SNR_F_staging/train/2um/HFocusing_5_10_2um2_0_263.npy,P0/data/dataset_Particles2SNR_F_c1/train/2um/HFocusing_5_10_2um2_0_263.npy,2um,HFocusing_5_10_2um2_0_263.npy,replace,,,,,saturation_cleaned_bandpass_filtered,0,2000000.0,7000.0,80000.0,500,0.0001,300,300,0
train,particles2SNR_pipeline/output/p0_c1_Particles2SNR_F_staging/train/2um/HFocusing_5_10_2um2_0_2630.npy,P0/data/dataset_Particles2SNR_F_c1/train/2um/HFocusing_5_10_2um2_0_2630.npy,2um,HFocusing_5_10_2um2_0_2630.npy,replace,,,,,saturation_cleaned_bandpass_filtered,0,2000000.0,7000.0,80000.0,500,0.0001,300,300,0
train,particles2SNR_pipeline/output/p0_c1_Particles2SNR_F_staging/train/2um/HFocusing_5_10_2um2_0_2633.npy,P0/data/dataset_Particles2SNR_F_c1/train/2um/HFocusing_5_10_2um2_0_2633.npy,2um,HFocusing_5_10_2um2_0_2633.npy,replace,,,,,saturation_cleaned_bandpass_filtered,0,2000000.0,7000.0,80000.0,500,0.0001,300,300,0
train,particles2SNR_pipeline/output/p0_c1_Particles2SNR_F_staging/train/2um/HFocusing_5_10_2um2_0_264.npy,P0/data/dataset_Particles2SNR_F_c1/train/2um/HFocusing_5_10_2um2_0_264.npy,2um,HFocusing_5_10_2um2_0_264.npy,replace,,,,,saturation_cleaned_bandpass_filtered,0,2000000.0,7000.0,80000.0,500,0.0001,300,300,0
train,particles2SNR_pipeline/output/p0_c1_Particles2SNR_F_staging/train/2um/HFocusing_5_10_2um2_0_266.npy,P0/data/dataset_Particles2SNR_F_c1/train/2um/HFocusing_5_10_2um2_0_266.npy,2um,HFocusing_5_10_2um2_0_266.npy,replace,,,,,saturation_cleaned_bandpass_filtered,0,2000000.0,7000.0,80000.0,500,0.0001,300,300,0
train,particles2SNR_pipeline/output/p0_c1_Particles2SNR_F_staging/train/2um/HFocusing_5_10_2um2_0_267.npy,P0/data/dataset_Particles2SNR_F_c1/train/2um/HFocusing_5_10_2um2_0_267.npy,2um,HFocusing_5_10_2um2_0_267.npy,replace,,,,,saturation_cleaned_bandpass_filtered,0,2000000.0,7000.0,80000.0,500,0.0001,300,300,0
train,particles2SNR_pipeline/output/p0_c1_Particles2SNR_F_staging/train/2um/HFocusing_5_10_2um2_0_270.npy,P0/data/dataset_Particles2SNR_F_c1/train/2um/HFocusing_5_10_2um2_0_270.npy,2um,HFocusing_5_10_2um2_0_270.npy,replace,,,,,saturation_cleaned_bandpass_filtered,0,2000000.0,7000.0,80000.0,500,0.0001,300,300,0
train,particles2SNR_pipeline/output/p0_c1_Particles2SNR_F_staging/train/2um/HFocusing_5_10_2um2_0_273.npy,P0/data/dataset_Particles2SNR_F_c1/train/2um/HFocusing_5_10_2um2_0_273.npy,2um,HFocusing_5_10_2um2_0_273.npy,replace,,,,,saturation_cleaned_bandpass_filtered,0,2000000.0,7000.0,80000.0,500,0.0001,300,300,0
train,particles2SNR_pipeline/output/p0_c1_Particles2SNR_F_staging/train/2um/HFocusing_5_10_2um2_0_274.npy,P0/data/dataset_Particles2SNR_F_c1/train/2um/HFocusing_5_10_2um2_0_274.npy,2um,HFocusing_5_10_2um2_0_274.npy,replace,,,,,saturation_cleaned_bandpass_filtered,0,2000000.0,7000.0,80000.0,500,0.0001,300,300,0
train,particles2SNR_pipeline/output/p0_c1_Particles2SNR_F_staging/train/2um/HFocusing_5_10_2um2_0_277.npy,P0/data/dataset_Particles2SNR_F_c1/train/2um/HFocusing_5_10_2um2_0_277.npy,2um,HFocusing_5_10_2um2_0_277.npy,replace,,,,,saturation_cleaned_bandpass_filtered,0,2000000.0,7000.0,80000.0,500,0.0001,300,300,0
train,particles2SNR_pipeline/output/p0_c1_Particles2SNR_F_staging/train/2um/HFocusing_5_10_2um2_0_28.npy,P0/data/dataset_Particles2SNR_F_c1/train/2um/HFocusing_5_10_2um2_0_28.npy,2um,HFocusing_5_10_2um2_0_28.npy,replace,,,,,saturation_cleaned_bandpass_filtered,0,2000000.0,7000.0,80000.0,500,0.0001,300,300,0
train,particles2SNR_pipeline/output/p0_c1_Particles2SNR_F_staging/train/2um/HFocusing_5_10_2um2_0_281.npy,P0/data/dataset_Particles2SNR_F_c1/train/2um/HFocusing_5_10_2um2_0_281.npy,2um,HFocusing_5_10_2um2_0_281.npy,replace,,,,,saturation_cleaned_bandpass_filtered,0,2000000.0,7000.0,80000.0,500,0.0001,300,300,0
train,particles2SNR_pipeline/output/p0_c1_Particles2SNR_F_staging/train/2um/HFocusing_5_10_2um2_0_284.npy,P0/data/dataset_Particles2SNR_F_c1/train/2um/HFocusing_5_10_2um2_0_284.npy,2um,HFocusing_5_10_2um2_0_284.npy,replace,,,,,saturation_cleaned_bandpass_filtered,0,2000000.0,7000.0,80000.0,500,0.0001,300,300,0
train,particles2SNR_pipeline/output/p0_c1_Particles2SNR_F_staging/train/2um/HFocusing_5_10_2um2_0_285.npy,P0/data/dataset_Particles2SNR_F_c1/train/2um/HFocusing_5_10_2um2_0_285.npy,2um,HFocusing_5_10_2um2_0_285.npy,replace,,,,,saturation_cleaned_bandpass_filtered,0,2000000.0,7000.0,80000.0,500,0.0001,300,300,0
train,particles2SNR_pipeline/output/p0_c1_Particles2SNR_F_staging/train/2um/HFocusing_5_10_2um2_0_289.npy,P0/data/dataset_Particles2SNR_F_c1/train/2um/HFocusing_5_10_2um2_0_289.npy,2um,HFocusing_5_10_2um2_0_289.npy,replace,,,,,saturation_cleaned_bandpass_filtered,0,2000000.0,7000.0,80000.0,500,0.0001,300,300,0
train,particles2SNR_pipeline/output/p0_c1_Particles2SNR_F_staging/train/2um/HFocusing_5_10_2um2_0_291.npy,P0/data/dataset_Particles2SNR_F_c1/train/2um/HFocusing_5_10_2um2_0_291.npy,2um,HFocusing_5_10_2um2_0_291.npy,replace,,,,,saturation_cleaned_bandpass_filtered,0,2000000.0,7000.0,80000.0,500,0.0001,300,300,0
train,particles2SNR_pipeline/output/p0_c1_Particles2SNR_F_staging/train/2um/HFocusing_5_10_2um2_0_292.npy,P0/data/dataset_Particles2SNR_F_c1/train/2um/HFocusing_5_10_2um2_0_292.npy,2um,HFocusing_5_10_2um2_0_292.npy,replace,,,,,saturation_cleaned_bandpass_filtered,0,2000000.0,7000.0,80000.0,500,0.0001,300,300,0
train,particles2SNR_pipeline/output/p0_c1_Particles2SNR_F_staging/train/2um/HFocusing_5_10_2um2_0_296.npy,P0/data/dataset_Particles2SNR_F_c1/train/2um/HFocusing_5_10_2um2_0_296.npy,2um,HFocusing_5_10_2um2_0_296.npy,replace,,,,,saturation_cleaned_bandpass_filtered,0,2000000.0,7000.0,80000.0,500,0.0001,300,300,0
train,particles2SNR_pipeline/output/p0_c1_Particles2SNR_F_staging/train/2um/HFocusing_5_10_2um2_0_299.npy,P0/data/dataset_Particles2SNR_F_c1/train/2um/HFocusing_5_10_2um2_0_299.npy,2um,HFocusing_5_10_2um2_0_299.npy,replace,,,,,saturation_cleaned_bandpass_filtered,0,2000000.0,7000.0,80000.0,500,0.0001,300,300,0
train,particles2SNR_pipeline/output/p0_c1_Particles2SNR_F_staging/train/2um/HFocusing_5_10_2um2_0_3.npy,P0/data/dataset_Particles2SNR_F_c1/train/2um/HFocusing_5_10_2um2_0_3.npy,2um,HFocusing_5_10_2um2_0_3.npy,replace,,,,,saturation_cleaned_bandpass_filtered,0,2000000.0,7000.0,80000.0,500,0.0001,300,300,0
train,particles2SNR_pipeline/output/p0_c1_Particles2SNR_F_staging/train/2um/HFocusing_5_10_2um2_0_300.npy,P0/data/dataset_Particles2SNR_F_c1/train/2um/HFocusing_5_10_2um2_0_300.npy,2um,HFocusing_5_10_2um2_0_300.npy,replace,,,,,saturation_cleaned_bandpass_filtered,0,2000000.0,7000.0,80000.0,500,0.0001,300,300,0
train,particles2SNR_pipeline/output/p0_c1_Particles2SNR_F_staging/train/2um/HFocusing_5_10_2um2_0_303.npy,P0/data/dataset_Particles2SNR_F_c1/train/2um/HFocusing_5_10_2um2_0_303.npy,2um,HFocusing_5_10_2um2_0_303.npy,replace,,,,,saturation_cleaned_bandpass_filtered,0,2000000.0,7000.0,80000.0,500,0.0001,300,300,0
train,particles2SNR_pipeline/output/p0_c1_Particles2SNR_F_staging/train/2um/HFocusing_5_10_2um2_0_305.npy,P0/data/dataset_Particles2SNR_F_c1/train/2um/HFocusing_5_10_2um2_0_305.npy,2um,HFocusing_5_10_2um2_0_305.npy,replace,,,,,saturation_cleaned_bandpass_filtered,0,2000000.0,7000.0,80000.0,500,0.0001,300,300,0
train,particles2SNR_pipeline/output/p0_c1_Particles2SNR_F_staging/train/2um/HFocusing_5_10_2um2_0_306.npy,P0/data/dataset_Particles2SNR_F_c1/train/2um/HFocusing_5_10_2um2_0_306.npy,2um,HFocusing_5_10_2um2_0_306.npy,replace,,,,,saturation_cleaned_bandpass_filtered,0,2000000.0,7000.0,80000.0,500,0.0001,300,300,0
train,particles2SNR_pipeline/output/p0_c1_Particles2SNR_F_staging/train/2um/HFocusing_5_10_2um2_0_309.npy,P0/data/dataset_Particles2SNR_F_c1/train/2um/HFocusing_5_10_2um2_0_309.npy,2um,HFocusing_5_10_2um2_0_309.npy,replace,,,,,saturation_cleaned_bandpass_filtered,0,2000000.0,7000.0,80000.0,500,0.0001,300,300,0
train,particles2SNR_pipeline/output/p0_c1_Particles2SNR_F_staging/train/2um/HFocusing_5_10_2um2_0_31.npy,P0/data/dataset_Particles2SNR_F_c1/train/2um/HFocusing_5_10_2um2_0_31.npy,2um,HFocusing_5_10_2um2_0_31.npy,replace,,,,,saturation_cleaned_bandpass_filtered,0,2000000.0,7000.0,80000.0,500,0.0001,300,300,0
train,particles2SNR_pipeline/output/p0_c1_Particles2SNR_F_staging/train/2um/HFocusing_5_10_2um2_0_310.npy,P0/data/dataset_Particles2SNR_F_c1/train/2um/HFocusing_5_10_2um2_0_310.npy,2um,HFocusing_5_10_2um2_0_310.npy,replace,,,,,saturation_cleaned_bandpass_filtered,0,2000000.0,7000.0,80000.0,500,0.0001,300,300,0
train,particles2SNR_pipeline/output/p0_c1_Particles2SNR_F_staging/train/2um/HFocusing_5_10_2um2_0_313.npy,P0/data/dataset_Particles2SNR_F_c1/train/2um/HFocusing_5_10_2um2_0_313.npy,2um,HFocusing_5_10_2um2_0_313.npy,replace,,,,,saturation_cleaned_bandpass_filtered,0,2000000.0,7000.0,80000.0,500,0.0001,300,300,0
train,particles2SNR_pipeline/output/p0_c1_Particles2SNR_F_staging/train/2um/HFocusing_5_10_2um2_0_314.npy,P0/data/dataset_Particles2SNR_F_c1/train/2um/HFocusing_5_10_2um2_0_314.npy,2um,HFocusing_5_10_2um2_0_314.npy,replace,,,,,saturation_cleaned_bandpass_filtered,0,2000000.0,7000.0,80000.0,500,0.0001,300,300,0
train,particles2SNR_pipeline/output/p0_c1_Particles2SNR_F_staging/train/2um/HFocusing_5_10_2um2_0_317.npy,P0/data/dataset_Particles2SNR_F_c1/train/2um/HFocusing_5_10_2um2_0_317.npy,2um,HFocusing_5_10_2um2_0_317.npy,replace,,,,,saturation_cleaned_bandpass_filtered,0,2000000.0,7000.0,80000.0,500,0.0001,300,300,0
train,particles2SNR_pipeline/output/p0_c1_Particles2SNR_F_staging/train/2um/HFocusing_5_10_2um2_0_320.npy,P0/data/dataset_Particles2SNR_F_c1/train/2um/HFocusing_5_10_2um2_0_320.npy,2um,HFocusing_5_10_2um2_0_320.npy,replace,,,,,saturation_cleaned_bandpass_filtered,0,2000000.0,7000.0,80000.0,500,0.0001,300,300,0
train,particles2SNR_pipeline/output/p0_c1_Particles2SNR_F_staging/train/2um/HFocusing_5_10_2um2_0_323.npy,P0/data/dataset_Particles2SNR_F_c1/train/2um/HFocusing_5_10_2um2_0_323.npy,2um,HFocusing_5_10_2um2_0_323.npy,replace,,,,,saturation_cleaned_bandpass_filtered,0,2000000.0,7000.0,80000.0,500,0.0001,300,300,0
train,particles2SNR_pipeline/output/p0_c1_Particles2SNR_F_staging/train/2um/HFocusing_5_10_2um2_0_327.npy,P0/data/dataset_Particles2SNR_F_c1/train/2um/HFocusing_5_10_2um2_0_327.npy,2um,HFocusing_5_10_2um2_0_327.npy,replace,,,,,saturation_cleaned_bandpass_filtered,0,2000000.0,7000.0,80000.0,500,0.0001,300,300,0
train,particles2SNR_pipeline/output/p0_c1_Particles2SNR_F_staging/train/2um/HFocusing_5_10_2um2_0_330.npy,P0/data/dataset_Particles2SNR_F_c1/train/2um/HFocusing_5_10_2um2_0_330.npy,2um,HFocusing_5_10_2um2_0_330.npy,replace,,,,,saturation_cleaned_bandpass_filtered,0,2000000.0,7000.0,80000.0,500,0.0001,300,300,0
train,particles2SNR_pipeline/output/p0_c1_Particles2SNR_F_staging/train/2um/HFocusing_5_10_2um2_0_333.npy,P0/data/dataset_Particles2SNR_F_c1/train/2um/HFocusing_5_10_2um2_0_333.npy,2um,HFocusing_5_10_2um2_0_333.npy,replace,,,,,saturation_cleaned_bandpass_filtered,0,2000000.0,7000.0,80000.0,500,0.0001,300,300,0
train,particles2SNR_pipeline/output/p0_c1_Particles2SNR_F_staging/train/2um/HFocusing_5_10_2um2_0_334.npy,P0/data/dataset_Particles2SNR_F_c1/train/2um/HFocusing_5_10_2um2_0_334.npy,2um,HFocusing_5_10_2um2_0_334.npy,replace,,,,,saturation_cleaned_bandpass_filtered,0,2000000.0,7000.0,80000.0,500,0.0001,300,300,0
train,particles2SNR_pipeline/output/p0_c1_Particles2SNR_F_staging/train/2um/HFocusing_5_10_2um2_0_336.npy,P0/data/dataset_Particles2SNR_F_c1/train/2um/HFocusing_5_10_2um2_0_336.npy,2um,HFocusing_5_10_2um2_0_336.npy,replace,,,,,saturation_cleaned_bandpass_filtered,0,2000000.0,7000.0,80000.0,500,0.0001,300,300,0
train,particles2SNR_pipeline/output/p0_c1_Particles2SNR_F_staging/train/2um/HFocusing_5_10_2um2_0_339.npy,P0/data/dataset_Particles2SNR_F_c1/train/2um/HFocusing_5_10_2um2_0_339.npy,2um,HFocusing_5_10_2um2_0_339.npy,replace,,,,,saturation_cleaned_bandpass_filtered,0,2000000.0,7000.0,80000.0,500,0.0001,300,300,0
train,particles2SNR_pipeline/output/p0_c1_Particles2SNR_F_staging/train/2um/HFocusing_5_10_2um2_0_340.npy,P0/data/dataset_Particles2SNR_F_c1/train/2um/HFocusing_5_10_2um2_0_340.npy,2um,HFocusing_5_10_2um2_0_340.npy,replace,,,,,saturation_cleaned_bandpass_filtered,0,2000000.0,7000.0,80000.0,500,0.0001,300,300,0
train,particles2SNR_pipeline/output/p0_c1_Particles2SNR_F_staging/train/2um/HFocusing_5_10_2um2_0_343.npy,P0/data/dataset_Particles2SNR_F_c1/train/2um/HFocusing_5_10_2um2_0_343.npy,2um,HFocusing_5_10_2um2_0_343.npy,replace,,,,,saturation_cleaned_bandpass_filtered,0,2000000.0,7000.0,80000.0,500,0.0001,300,300,0
train,particles2SNR_pipeline/output/p0_c1_Particles2SNR_F_staging/train/2um/HFocusing_5_10_2um2_0_346.npy,P0/data/dataset_Particles2SNR_F_c1/train/2um/HFocusing_5_10_2um2_0_346.npy,2um,HFocusing_5_10_2um2_0_346.npy,replace,,,,,saturation_cleaned_bandpass_filtered,0,2000000.0,7000.0,80000.0,500,0.0001,300,300,0
train,particles2SNR_pipeline/output/p0_c1_Particles2SNR_F_staging/train/2um/HFocusing_5_10_2um2_0_347.npy,P0/data/dataset_Particles2SNR_F_c1/train/2um/HFocusing_5_10_2um2_0_347.npy,2um,HFocusing_5_10_2um2_0_347.npy,replace,,,,,saturation_cleaned_bandpass_filtered,0,2000000.0,7000.0,80000.0,500,0.0001,300,300,0
train,particles2SNR_pipeline/output/p0_c1_Particles2SNR_F_staging/train/2um/HFocusing_5_10_2um2_0_35.npy,P0/data/dataset_Particles2SNR_F_c1/train/2um/HFocusing_5_10_2um2_0_35.npy,2um,HFocusing_5_10_2um2_0_35.npy,replace,,,,,saturation_cleaned_bandpass_filtered,0,2000000.0,7000.0,80000.0,500,0.0001,300,300,0
train,particles2SNR_pipeline/output/p0_c1_Particles2SNR_F_staging/train/2um/HFocusing_5_10_2um2_0_350.npy,P0/data/dataset_Particles2SNR_F_c1/train/2um/HFocusing_5_10_2um2_0_350.npy,2um,HFocusing_5_10_2um2_0_350.npy,replace,,,,,saturation_cleaned_bandpass_filtered,0,2000000.0,7000.0,80000.0,500,0.0001,300,300,0
train,particles2SNR_pipeline/output/p0_c1_Particles2SNR_F_staging/train/2um/HFocusing_5_10_2um2_0_351.npy,P0/data/dataset_Particles2SNR_F_c1/train/2um/HFocusing_5_10_2um2_0_351.npy,2um,HFocusing_5_10_2um2_0_351.npy,replace,,,,,saturation_cleaned_bandpass_filtered,0,2000000.0,7000.0,80000.0,500,0.0001,300,300,0
train,particles2SNR_pipeline/output/p0_c1_Particles2SNR_F_staging/train/2um/HFocusing_5_10_2um2_0_353.npy,P0/data/dataset_Particles2SNR_F_c1/train/2um/HFocusing_5_10_2um2_0_353.npy,2um,HFocusing_5_10_2um2_0_353.npy,replace,,,,,saturation_cleaned_bandpass_filtered,0,2000000.0,7000.0,80000.0,500,0.0001,300,300,0
train,particles2SNR_pipeline/output/p0_c1_Particles2SNR_F_staging/train/2um/HFocusing_5_10_2um2_0_357.npy,P0/data/dataset_Particles2SNR_F_c1/train/2um/HFocusing_5_10_2um2_0_357.npy,2um,HFocusing_5_10_2um2_0_357.npy,replace,,,,,saturation_cleaned_bandpass_filtered,0,2000000.0,7000.0,80000.0,500,0.0001,300,300,0
train,particles2SNR_pipeline/output/p0_c1_Particles2SNR_F_staging/train/2um/HFocusing_5_10_2um2_0_36.npy,P0/data/dataset_Particles2SNR_F_c1/train/2um/HFocusing_5_10_2um2_0_36.npy,2um,HFocusing_5_10_2um2_0_36.npy,replace,,,,,saturation_cleaned_bandpass_filtered,0,2000000.0,7000.0,80000.0,500,0.0001,300,300,0
train,particles2SNR_pipeline/output/p0_c1_Particles2SNR_F_staging/train/2um/HFocusing_5_10_2um2_0_360.npy,P0/data/dataset_Particles2SNR_F_c1/train/2um/HFocusing_5_10_2um2_0_360.npy,2um,HFocusing_5_10_2um2_0_360.npy,replace,,,,,saturation_cleaned_bandpass_filtered,0,2000000.0,7000.0,80000.0,500,0.0001,300,300,0
train,particles2SNR_pipeline/output/p0_c1_Particles2SNR_F_staging/train/2um/HFocusing_5_10_2um2_0_363.npy,P0/data/dataset_Particles2SNR_F_c1/train/2um/HFocusing_5_10_2um2_0_363.npy,2um,HFocusing_5_10_2um2_0_363.npy,replace,,,,,saturation_cleaned_bandpass_filtered,0,2000000.0,7000.0,80000.0,500,0.0001,300,300,0
train,particles2SNR_pipeline/output/p0_c1_Particles2SNR_F_staging/train/2um/HFocusing_5_10_2um2_0_364.npy,P0/data/dataset_Particles2SNR_F_c1/train/2um/HFocusing_5_10_2um2_0_364.npy,2um,HFocusing_5_10_2um2_0_364.npy,replace,,,,,saturation_cleaned_bandpass_filtered,0,2000000.0,7000.0,80000.0,500,0.0001,300,300,0
train,particles2SNR_pipeline/output/p0_c1_Particles2SNR_F_staging/train/2um/HFocusing_5_10_2um2_0_367.npy,P0/data/dataset_Particles2SNR_F_c1/train/2um/HFocusing_5_10_2um2_0_367.npy,2um,HFocusing_5_10_2um2_0_367.npy,replace,,,,,saturation_cleaned_bandpass_filtered,0,2000000.0,7000.0,80000.0,500,0.0001,300,300,0
train,particles2SNR_pipeline/output/p0_c1_Particles2SNR_F_staging/train/2um/HFocusing_5_10_2um2_0_368.npy,P0/data/dataset_Particles2SNR_F_c1/train/2um/HFocusing_5_10_2um2_0_368.npy,2um,HFocusing_5_10_2um2_0_368.npy,replace,,,,,saturation_cleaned_bandpass_filtered,0,2000000.0,7000.0,80000.0,500,0.0001,300,300,0
train,particles2SNR_pipeline/output/p0_c1_Particles2SNR_F_staging/train/2um/HFocusing_5_10_2um2_0_371.npy,P0/data/dataset_Particles2SNR_F_c1/train/2um/HFocusing_5_10_2um2_0_371.npy,2um,HFocusing_5_10_2um2_0_371.npy,replace,,,,,saturation_cleaned_bandpass_filtered,0,2000000.0,7000.0,80000.0,500,0.0001,300,300,0
train,particles2SNR_pipeline/output/p0_c1_Particles2SNR_F_staging/train/2um/HFocusing_5_10_2um2_0_372.npy,P0/data/dataset_Particles2SNR_F_c1/train/2um/HFocusing_5_10_2um2_0_372.npy,2um,HFocusing_5_10_2um2_0_372.npy,replace,,,,,saturation_cleaned_bandpass_filtered,0,2000000.0,7000.0,80000.0,500,0.0001,300,300,0
train,particles2SNR_pipeline/output/p0_c1_Particles2SNR_F_staging/train/2um/HFocusing_5_10_2um2_0_374.npy,P0/data/dataset_Particles2SNR_F_c1/train/2um/HFocusing_5_10_2um2_0_374.npy,2um,HFocusing_5_10_2um2_0_374.npy,replace,,,,,saturation_cleaned_bandpass_filtered,0,2000000.0,7000.0,80000.0,500,0.0001,300,300,0
train,particles2SNR_pipeline/output/p0_c1_Particles2SNR_F_staging/train/2um/HFocusing_5_10_2um2_0_378.npy,P0/data/dataset_Particles2SNR_F_c1/train/2um/HFocusing_5_10_2um2_0_378.npy,2um,HFocusing_5_10_2um2_0_378.npy,replace,,,,,saturation_cleaned_bandpass_filtered,0,2000000.0,7000.0,80000.0,500,0.0001,300,300,0
train,particles2SNR_pipeline/output/p0_c1_Particles2SNR_F_staging/train/2um/HFocusing_5_10_2um2_0_379.npy,P0/data/dataset_Particles2SNR_F_c1/train/2um/HFocusing_5_10_2um2_0_379.npy,2um,HFocusing_5_10_2um2_0_379.npy,replace,,,,,saturation_cleaned_bandpass_filtered,0,2000000.0,7000.0,80000.0,500,0.0001,300,300,0
train,particles2SNR_pipeline/output/p0_c1_Particles2SNR_F_staging/train/2um/HFocusing_5_10_2um2_0_382.npy,P0/data/dataset_Particles2SNR_F_c1/train/2um/HFocusing_5_10_2um2_0_382.npy,2um,HFocusing_5_10_2um2_0_382.npy,replace,,,,,saturation_cleaned_bandpass_filtered,0,2000000.0,7000.0,80000.0,500,0.0001,300,300,0
train,particles2SNR_pipeline/output/p0_c1_Particles2SNR_F_staging/train/2um/HFocusing_5_10_2um2_0_385.npy,P0/data/dataset_Particles2SNR_F_c1/train/2um/HFocusing_5_10_2um2_0_385.npy,2um,HFocusing_5_10_2um2_0_385.npy,replace,,,,,saturation_cleaned_bandpass_filtered,0,2000000.0,7000.0,80000.0,500,0.0001,300,300,0
train,particles2SNR_pipeline/output/p0_c1_Particles2SNR_F_staging/train/2um/HFocusing_5_10_2um2_0_39.npy,P0/data/dataset_Particles2SNR_F_c1/train/2um/HFocusing_5_10_2um2_0_39.npy,2um,HFocusing_5_10_2um2_0_39.npy,replace,,,,,saturation_cleaned_bandpass_filtered,0,2000000.0,7000.0,80000.0,500,0.0001,300,300,0
train,particles2SNR_pipeline/output/p0_c1_Particles2SNR_F_staging/train/2um/HFocusing_5_10_2um2_0_391.npy,P0/data/dataset_Particles2SNR_F_c1/train/2um/HFocusing_5_10_2um2_0_391.npy,2um,HFocusing_5_10_2um2_0_391.npy,replace,,,,,saturation_cleaned_bandpass_filtered,0,2000000.0,7000.0,80000.0,500,0.0001,300,300,0
train,particles2SNR_pipeline/output/p0_c1_Particles2SNR_F_staging/train/2um/HFocusing_5_10_2um2_0_394.npy,P0/data/dataset_Particles2SNR_F_c1/train/2um/HFocusing_5_10_2um2_0_394.npy,2um,HFocusing_5_10_2um2_0_394.npy,replace,,,,,saturation_cleaned_bandpass_filtered,0,2000000.0,7000.0,80000.0,500,0.0001,300,300,0
train,particles2SNR_pipeline/output/p0_c1_Particles2SNR_F_staging/train/2um/HFocusing_5_10_2um2_0_397.npy,P0/data/dataset_Particles2SNR_F_c1/train/2um/HFocusing_5_10_2um2_0_397.npy,2um,HFocusing_5_10_2um2_0_397.npy,replace,,,,,saturation_cleaned_bandpass_filtered,0,2000000.0,7000.0,80000.0,500,0.0001,300,300,0
train,particles2SNR_pipeline/output/p0_c1_Particles2SNR_F_staging/train/2um/HFocusing_5_10_2um2_0_398.npy,P0/data/dataset_Particles2SNR_F_c1/train/2um/HFocusing_5_10_2um2_0_398.npy,2um,HFocusing_5_10_2um2_0_398.npy,replace,,,,,saturation_cleaned_bandpass_filtered,0,2000000.0,7000.0,80000.0,500,0.0001,300,300,0
train,particles2SNR_pipeline/output/p0_c1_Particles2SNR_F_staging/train/2um/HFocusing_5_10_2um2_0_40.npy,P0/data/dataset_Particles2SNR_F_c1/train/2um/HFocusing_5_10_2um2_0_40.npy,2um,HFocusing_5_10_2um2_0_40.npy,replace,,,,,saturation_cleaned_bandpass_filtered,0,2000000.0,7000.0,80000.0,500,0.0001,300,300,0
train,particles2SNR_pipeline/output/p0_c1_Particles2SNR_F_staging/train/2um/HFocusing_5_10_2um2_0_401.npy,P0/data/dataset_Particles2SNR_F_c1/train/2um/HFocusing_5_10_2um2_0_401.npy,2um,HFocusing_5_10_2um2_0_401.npy,replace,,,,,saturation_cleaned_bandpass_filtered,0,2000000.0,7000.0,80000.0,500,0.0001,300,300,0
train,particles2SNR_pipeline/output/p0_c1_Particles2SNR_F_staging/train/2um/HFocusing_5_10_2um2_0_406.npy,P0/data/dataset_Particles2SNR_F_c1/train/2um/HFocusing_5_10_2um2_0_406.npy,2um,HFocusing_5_10_2um2_0_406.npy,replace,,,,,saturation_cleaned_bandpass_filtered,0,2000000.0,7000.0,80000.0,500,0.0001,300,300,0
train,particles2SNR_pipeline/output/p0_c1_Particles2SNR_F_staging/train/2um/HFocusing_5_10_2um2_0_409.npy,P0/data/dataset_Particles2SNR_F_c1/train/2um/HFocusing_5_10_2um2_0_409.npy,2um,HFocusing_5_10_2um2_0_409.npy,replace,,,,,saturation_cleaned_bandpass_filtered,0,2000000.0,7000.0,80000.0,500,0.0001,300,300,0
train,particles2SNR_pipeline/output/p0_c1_Particles2SNR_F_staging/train/2um/HFocusing_5_10_2um2_0_413.npy,P0/data/dataset_Particles2SNR_F_c1/train/2um/HFocusing_5_10_2um2_0_413.npy,2um,HFocusing_5_10_2um2_0_413.npy,replace,,,,,saturation_cleaned_bandpass_filtered,0,2000000.0,7000.0,80000.0,500,0.0001,300,300,0
train,particles2SNR_pipeline/output/p0_c1_Particles2SNR_F_staging/train/2um/HFocusing_5_10_2um2_0_414.npy,P0/data/dataset_Particles2SNR_F_c1/train/2um/HFocusing_5_10_2um2_0_414.npy,2um,HFocusing_5_10_2um2_0_414.npy,replace,,,,,saturation_cleaned_bandpass_filtered,0,2000000.0,7000.0,80000.0,500,0.0001,300,300,0
train,particles2SNR_pipeline/output/p0_c1_Particles2SNR_F_staging/train/2um/HFocusing_5_10_2um2_0_417.npy,P0/data/dataset_Particles2SNR_F_c1/train/2um/HFocusing_5_10_2um2_0_417.npy,2um,HFocusing_5_10_2um2_0_417.npy,replace,,,,,saturation_cleaned_bandpass_filtered,0,2000000.0,7000.0,80000.0,500,0.0001,300,300,0
train,particles2SNR_pipeline/output/p0_c1_Particles2SNR_F_staging/train/2um/HFocusing_5_10_2um2_0_418.npy,P0/data/dataset_Particles2SNR_F_c1/train/2um/HFocusing_5_10_2um2_0_418.npy,2um,HFocusing_5_10_2um2_0_418.npy,replace,,,,,saturation_cleaned_bandpass_filtered,0,2000000.0,7000.0,80000.0,500,0.0001,300,300,0
train,particles2SNR_pipeline/output/p0_c1_Particles2SNR_F_staging/train/2um/HFocusing_5_10_2um2_0_423.npy,P0/data/dataset_Particles2SNR_F_c1/train/2um/HFocusing_5_10_2um2_0_423.npy,2um,HFocusing_5_10_2um2_0_423.npy,replace,,,,,saturation_cleaned_bandpass_filtered,0,2000000.0,7000.0,80000.0,500,0.0001,300,300,0
train,particles2SNR_pipeline/output/p0_c1_Particles2SNR_F_staging/train/2um/HFocusing_5_10_2um2_0_43.npy,P0/data/dataset_Particles2SNR_F_c1/train/2um/HFocusing_5_10_2um2_0_43.npy,2um,HFocusing_5_10_2um2_0_43.npy,replace,,,,,saturation_cleaned_bandpass_filtered,0,2000000.0,7000.0,80000.0,500,0.0001,300,300,0
train,particles2SNR_pipeline/output/p0_c1_Particles2SNR_F_staging/train/2um/HFocusing_5_10_2um2_0_431.npy,P0/data/dataset_Particles2SNR_F_c1/train/2um/HFocusing_5_10_2um2_0_431.npy,2um,HFocusing_5_10_2um2_0_431.npy,replace,,,,,saturation_cleaned_bandpass_filtered,0,2000000.0,7000.0,80000.0,500,0.0001,300,300,0
train,particles2SNR_pipeline/output/p0_c1_Particles2SNR_F_staging/train/2um/HFocusing_5_10_2um2_0_432.npy,P0/data/dataset_Particles2SNR_F_c1/train/2um/HFocusing_5_10_2um2_0_432.npy,2um,HFocusing_5_10_2um2_0_432.npy,replace,,,,,saturation_cleaned_bandpass_filtered,0,2000000.0,7000.0,80000.0,500,0.0001,300,300,0
train,particles2SNR_pipeline/output/p0_c1_Particles2SNR_F_staging/train/2um/HFocusing_5_10_2um2_0_435.npy,P0/data/dataset_Particles2SNR_F_c1/train/2um/HFocusing_5_10_2um2_0_435.npy,2um,HFocusing_5_10_2um2_0_435.npy,replace,,,,,saturation_cleaned_bandpass_filtered,0,2000000.0,7000.0,80000.0,500,0.0001,300,300,0
train,particles2SNR_pipeline/output/p0_c1_Particles2SNR_F_staging/train/2um/HFocusing_5_10_2um2_0_438.npy,P0/data/dataset_Particles2SNR_F_c1/train/2um/HFocusing_5_10_2um2_0_438.npy,2um,HFocusing_5_10_2um2_0_438.npy,replace,,,,,saturation_cleaned_bandpass_filtered,0,2000000.0,7000.0,80000.0,500,0.0001,300,300,0
train,particles2SNR_pipeline/output/p0_c1_Particles2SNR_F_staging/train/2um/HFocusing_5_10_2um2_0_441.npy,P0/data/dataset_Particles2SNR_F_c1/train/2um/HFocusing_5_10_2um2_0_441.npy,2um,HFocusing_5_10_2um2_0_441.npy,replace,,,,,saturation_cleaned_bandpass_filtered,0,2000000.0,7000.0,80000.0,500,0.0001,300,300,0
train,particles2SNR_pipeline/output/p0_c1_Particles2SNR_F_staging/train/2um/HFocusing_5_10_2um2_0_442.npy,P0/data/dataset_Particles2SNR_F_c1/train/2um/HFocusing_5_10_2um2_0_442.npy,2um,HFocusing_5_10_2um2_0_442.npy,replace,,,,,saturation_cleaned_bandpass_filtered,0,2000000.0,7000.0,80000.0,500,0.0001,300,300,0
train,particles2SNR_pipeline/output/p0_c1_Particles2SNR_F_staging/train/2um/HFocusing_5_10_2um2_0_445.npy,P0/data/dataset_Particles2SNR_F_c1/train/2um/HFocusing_5_10_2um2_0_445.npy,2um,HFocusing_5_10_2um2_0_445.npy,replace,,,,,saturation_cleaned_bandpass_filtered,0,2000000.0,7000.0,80000.0,500,0.0001,300,300,0
train,particles2SNR_pipeline/output/p0_c1_Particles2SNR_F_staging/train/2um/HFocusing_5_10_2um2_0_446.npy,P0/data/dataset_Particles2SNR_F_c1/train/2um/HFocusing_5_10_2um2_0_446.npy,2um,HFocusing_5_10_2um2_0_446.npy,replace,,,,,saturation_cleaned_bandpass_filtered,0,2000000.0,7000.0,80000.0,500,0.0001,300,300,0
train,particles2SNR_pipeline/output/p0_c1_Particles2SNR_F_staging/train/2um/HFocusing_5_10_2um2_0_449.npy,P0/data/dataset_Particles2SNR_F_c1/train/2um/HFocusing_5_10_2um2_0_449.npy,2um,HFocusing_5_10_2um2_0_449.npy,replace,,,,,saturation_cleaned_bandpass_filtered,0,2000000.0,7000.0,80000.0,500,0.0001,300,300,0
train,particles2SNR_pipeline/output/p0_c1_Particles2SNR_F_staging/train/2um/HFocusing_5_10_2um2_0_450.npy,P0/data/dataset_Particles2SNR_F_c1/train/2um/HFocusing_5_10_2um2_0_450.npy,2um,HFocusing_5_10_2um2_0_450.npy,replace,,,,,saturation_cleaned_bandpass_filtered,0,2000000.0,7000.0,80000.0,500,0.0001,300,300,0
train,particles2SNR_pipeline/output/p0_c1_Particles2SNR_F_staging/train/2um/HFocusing_5_10_2um2_0_452.npy,P0/data/dataset_Particles2SNR_F_c1/train/2um/HFocusing_5_10_2um2_0_452.npy,2um,HFocusing_5_10_2um2_0_452.npy,replace,,,,,saturation_cleaned_bandpass_filtered,0,2000000.0,7000.0,80000.0,500,0.0001,300,300,0
train,particles2SNR_pipeline/output/p0_c1_Particles2SNR_F_staging/train/2um/HFocusing_5_10_2um2_0_456.npy,P0/data/dataset_Particles2SNR_F_c1/train/2um/HFocusing_5_10_2um2_0_456.npy,2um,HFocusing_5_10_2um2_0_456.npy,replace,,,,,saturation_cleaned_bandpass_filtered,0,2000000.0,7000.0,80000.0,500,0.0001,300,300,0
train,particles2SNR_pipeline/output/p0_c1_Particles2SNR_F_staging/train/2um/HFocusing_5_10_2um2_0_459.npy,P0/data/dataset_Particles2SNR_F_c1/train/2um/HFocusing_5_10_2um2_0_459.npy,2um,HFocusing_5_10_2um2_0_459.npy,replace,,,,,saturation_cleaned_bandpass_filtered,0,2000000.0,7000.0,80000.0,500,0.0001,300,300,0
train,particles2SNR_pipeline/output/p0_c1_Particles2SNR_F_staging/train/2um/HFocusing_5_10_2um2_0_46.npy,P0/data/dataset_Particles2SNR_F_c1/train/2um/HFocusing_5_10_2um2_0_46.npy,2um,HFocusing_5_10_2um2_0_46.npy,replace,,,,,saturation_cleaned_bandpass_filtered,0,2000000.0,7000.0,80000.0,500,0.0001,300,300,0
train,particles2SNR_pipeline/output/p0_c1_Particles2SNR_F_staging/train/2um/HFocusing_5_10_2um2_0_463.npy,P0/data/dataset_Particles2SNR_F_c1/train/2um/HFocusing_5_10_2um2_0_463.npy,2um,HFocusing_5_10_2um2_0_463.npy,replace,,,,,saturation_cleaned_bandpass_filtered,0,2000000.0,7000.0,80000.0,500,0.0001,300,300,0
train,particles2SNR_pipeline/output/p0_c1_Particles2SNR_F_staging/train/2um/HFocusing_5_10_2um2_0_464.npy,P0/data/dataset_Particles2SNR_F_c1/train/2um/HFocusing_5_10_2um2_0_464.npy,2um,HFocusing_5_10_2um2_0_464.npy,replace,,,,,saturation_cleaned_bandpass_filtered,0,2000000.0,7000.0,80000.0,500,0.0001,300,300,0
train,particles2SNR_pipeline/output/p0_c1_Particles2SNR_F_staging/train/2um/HFocusing_5_10_2um2_0_468.npy,P0/data/dataset_Particles2SNR_F_c1/train/2um/HFocusing_5_10_2um2_0_468.npy,2um,HFocusing_5_10_2um2_0_468.npy,replace,,,,,saturation_cleaned_bandpass_filtered,0,2000000.0,7000.0,80000.0,500,0.0001,300,300,0
train,particles2SNR_pipeline/output/p0_c1_Particles2SNR_F_staging/train/2um/HFocusing_5_10_2um2_0_47.npy,P0/data/dataset_Particles2SNR_F_c1/train/2um/HFocusing_5_10_2um2_0_47.npy,2um,HFocusing_5_10_2um2_0_47.npy,replace,,,,,saturation_cleaned_bandpass_filtered,0,2000000.0,7000.0,80000.0,500,0.0001,300,300,0
train,particles2SNR_pipeline/output/p0_c1_Particles2SNR_F_staging/train/2um/HFocusing_5_10_2um2_0_471.npy,P0/data/dataset_Particles2SNR_F_c1/train/2um/HFocusing_5_10_2um2_0_471.npy,2um,HFocusing_5_10_2um2_0_471.npy,replace,,,,,saturation_cleaned_bandpass_filtered,0,2000000.0,7000.0,80000.0,500,0.0001,300,300,0
train,particles2SNR_pipeline/output/p0_c1_Particles2SNR_F_staging/train/2um/HFocusing_5_10_2um2_0_474.npy,P0/data/dataset_Particles2SNR_F_c1/train/2um/HFocusing_5_10_2um2_0_474.npy,2um,HFocusing_5_10_2um2_0_474.npy,replace,,,,,saturation_cleaned_bandpass_filtered,0,2000000.0,7000.0,80000.0,500,0.0001,300,300,0
train,particles2SNR_pipeline/output/p0_c1_Particles2SNR_F_staging/train/2um/HFocusing_5_10_2um2_0_478.npy,P0/data/dataset_Particles2SNR_F_c1/train/2um/HFocusing_5_10_2um2_0_478.npy,2um,HFocusing_5_10_2um2_0_478.npy,replace,,,,,saturation_cleaned_bandpass_filtered,0,2000000.0,7000.0,80000.0,500,0.0001,300,300,0
train,particles2SNR_pipeline/output/p0_c1_Particles2SNR_F_staging/train/2um/HFocusing_5_10_2um2_0_479.npy,P0/data/dataset_Particles2SNR_F_c1/train/2um/HFocusing_5_10_2um2_0_479.npy,2um,HFocusing_5_10_2um2_0_479.npy,replace,,,,,saturation_cleaned_bandpass_filtered,0,2000000.0,7000.0,80000.0,500,0.0001,300,300,0
train,particles2SNR_pipeline/output/p0_c1_Particles2SNR_F_staging/train/2um/HFocusing_5_10_2um2_0_482.npy,P0/data/dataset_Particles2SNR_F_c1/train/2um/HFocusing_5_10_2um2_0_482.npy,2um,HFocusing_5_10_2um2_0_482.npy,replace,,,,,saturation_cleaned_bandpass_filtered,0,2000000.0,7000.0,80000.0,500,0.0001,300,300,0
train,particles2SNR_pipeline/output/p0_c1_Particles2SNR_F_staging/train/2um/HFocusing_5_10_2um2_0_483.npy,P0/data/dataset_Particles2SNR_F_c1/train/2um/HFocusing_5_10_2um2_0_483.npy,2um,HFocusing_5_10_2um2_0_483.npy,replace,,,,,saturation_cleaned_bandpass_filtered,0,2000000.0,7000.0,80000.0,500,0.0001,300,300,0
train,particles2SNR_pipeline/output/p0_c1_Particles2SNR_F_staging/train/2um/HFocusing_5_10_2um2_0_486.npy,P0/data/dataset_Particles2SNR_F_c1/train/2um/HFocusing_5_10_2um2_0_486.npy,2um,HFocusing_5_10_2um2_0_486.npy,replace,,,,,saturation_cleaned_bandpass_filtered,0,2000000.0,7000.0,80000.0,500,0.0001,300,300,0
train,particles2SNR_pipeline/output/p0_c1_Particles2SNR_F_staging/train/2um/HFocusing_5_10_2um2_0_490.npy,P0/data/dataset_Particles2SNR_F_c1/train/2um/HFocusing_5_10_2um2_0_490.npy,2um,HFocusing_5_10_2um2_0_490.npy,replace,,,,,saturation_cleaned_bandpass_filtered,0,2000000.0,7000.0,80000.0,500,0.0001,300,300,0
train,particles2SNR_pipeline/output/p0_c1_Particles2SNR_F_staging/train/2um/HFocusing_5_10_2um2_0_493.npy,P0/data/dataset_Particles2SNR_F_c1/train/2um/HFocusing_5_10_2um2_0_493.npy,2um,HFocusing_5_10_2um2_0_493.npy,replace,,,,,saturation_cleaned_bandpass_filtered,0,2000000.0,7000.0,80000.0,500,0.0001,300,300,0
train,particles2SNR_pipeline/output/p0_c1_Particles2SNR_F_staging/train/2um/HFocusing_5_10_2um2_0_496.npy,P0/data/dataset_Particles2SNR_F_c1/train/2um/HFocusing_5_10_2um2_0_496.npy,2um,HFocusing_5_10_2um2_0_496.npy,replace,,,,,saturation_cleaned_bandpass_filtered,0,2000000.0,7000.0,80000.0,500,0.0001,300,300,0
train,particles2SNR_pipeline/output/p0_c1_Particles2SNR_F_staging/train/2um/HFocusing_5_10_2um2_0_497.npy,P0/data/dataset_Particles2SNR_F_c1/train/2um/HFocusing_5_10_2um2_0_497.npy,2um,HFocusing_5_10_2um2_0_497.npy,replace,,,,,saturation_cleaned_bandpass_filtered,0,2000000.0,7000.0,80000.0,500,0.0001,300,300,0
train,particles2SNR_pipeline/output/p0_c1_Particles2SNR_F_staging/train/2um/HFocusing_5_10_2um2_0_50.npy,P0/data/dataset_Particles2SNR_F_c1/train/2um/HFocusing_5_10_2um2_0_50.npy,2um,HFocusing_5_10_2um2_0_50.npy,replace,,,,,saturation_cleaned_bandpass_filtered,0,2000000.0,7000.0,80000.0,500,0.0001,300,300,0
train,particles2SNR_pipeline/output/p0_c1_Particles2SNR_F_staging/train/2um/HFocusing_5_10_2um2_0_500.npy,P0/data/dataset_Particles2SNR_F_c1/train/2um/HFocusing_5_10_2um2_0_500.npy,2um,HFocusing_5_10_2um2_0_500.npy,replace,,,,,saturation_cleaned_bandpass_filtered,0,2000000.0,7000.0,80000.0,500,0.0001,300,300,0
train,particles2SNR_pipeline/output/p0_c1_Particles2SNR_F_staging/train/2um/HFocusing_5_10_2um2_0_501.npy,P0/data/dataset_Particles2SNR_F_c1/train/2um/HFocusing_5_10_2um2_0_501.npy,2um,HFocusing_5_10_2um2_0_501.npy,replace,,,,,saturation_cleaned_bandpass_filtered,0,2000000.0,7000.0,80000.0,500,0.0001,300,300,0
train,particles2SNR_pipeline/output/p0_c1_Particles2SNR_F_staging/train/2um/HFocusing_5_10_2um2_0_505.npy,P0/data/dataset_Particles2SNR_F_c1/train/2um/HFocusing_5_10_2um2_0_505.npy,2um,HFocusing_5_10_2um2_0_505.npy,replace,,,,,saturation_cleaned_bandpass_filtered,0,2000000.0,7000.0,80000.0,500,0.0001,300,300,0
train,particles2SNR_pipeline/output/p0_c1_Particles2SNR_F_staging/train/2um/HFocusing_5_10_2um2_0_510.npy,P0/data/dataset_Particles2SNR_F_c1/train/2um/HFocusing_5_10_2um2_0_510.npy,2um,HFocusing_5_10_2um2_0_510.npy,replace,,,,,saturation_cleaned_bandpass_filtered,0,2000000.0,7000.0,80000.0,500,0.0001,300,300,0
train,particles2SNR_pipeline/output/p0_c1_Particles2SNR_F_staging/train/2um/HFocusing_5_10_2um2_0_513.npy,P0/data/dataset_Particles2SNR_F_c1/train/2um/HFocusing_5_10_2um2_0_513.npy,2um,HFocusing_5_10_2um2_0_513.npy,replace,,,,,saturation_cleaned_bandpass_filtered,0,2000000.0,7000.0,80000.0,500,0.0001,300,300,0
train,particles2SNR_pipeline/output/p0_c1_Particles2SNR_F_staging/train/2um/HFocusing_5_10_2um2_0_514.npy,P0/data/dataset_Particles2SNR_F_c1/train/2um/HFocusing_5_10_2um2_0_514.npy,2um,HFocusing_5_10_2um2_0_514.npy,replace,,,,,saturation_cleaned_bandpass_filtered,0,2000000.0,7000.0,80000.0,500,0.0001,300,300,0
train,particles2SNR_pipeline/output/p0_c1_Particles2SNR_F_staging/train/2um/HFocusing_5_10_2um2_0_516.npy,P0/data/dataset_Particles2SNR_F_c1/train/2um/HFocusing_5_10_2um2_0_516.npy,2um,HFocusing_5_10_2um2_0_516.npy,replace,,,,,saturation_cleaned_bandpass_filtered,0,2000000.0,7000.0,80000.0,500,0.0001,300,300,0
train,particles2SNR_pipeline/output/p0_c1_Particles2SNR_F_staging/train/2um/HFocusing_5_10_2um2_0_519.npy,P0/data/dataset_Particles2SNR_F_c1/train/2um/HFocusing_5_10_2um2_0_519.npy,2um,HFocusing_5_10_2um2_0_519.npy,replace,,,,,saturation_cleaned_bandpass_filtered,0,2000000.0,7000.0,80000.0,500,0.0001,300,300,0
train,particles2SNR_pipeline/output/p0_c1_Particles2SNR_F_staging/train/2um/HFocusing_5_10_2um2_0_522.npy,P0/data/dataset_Particles2SNR_F_c1/train/2um/HFocusing_5_10_2um2_0_522.npy,2um,HFocusing_5_10_2um2_0_522.npy,replace,,,,,saturation_cleaned_bandpass_filtered,0,2000000.0,7000.0,80000.0,500,0.0001,300,300,0
train,particles2SNR_pipeline/output/p0_c1_Particles2SNR_F_staging/train/2um/HFocusing_5_10_2um2_0_523.npy,P0/data/dataset_Particles2SNR_F_c1/train/2um/HFocusing_5_10_2um2_0_523.npy,2um,HFocusing_5_10_2um2_0_523.npy,replace,,,,,saturation_cleaned_bandpass_filtered,0,2000000.0,7000.0,80000.0,500,0.0001,300,300,0
train,particles2SNR_pipeline/output/p0_c1_Particles2SNR_F_staging/train/2um/HFocusing_5_10_2um2_0_525.npy,P0/data/dataset_Particles2SNR_F_c1/train/2um/HFocusing_5_10_2um2_0_525.npy,2um,HFocusing_5_10_2um2_0_525.npy,replace,,,,,saturation_cleaned_bandpass_filtered,0,2000000.0,7000.0,80000.0,500,0.0001,300,300,0
train,particles2SNR_pipeline/output/p0_c1_Particles2SNR_F_staging/train/2um/HFocusing_5_10_2um2_0_526.npy,P0/data/dataset_Particles2SNR_F_c1/train/2um/HFocusing_5_10_2um2_0_526.npy,2um,HFocusing_5_10_2um2_0_526.npy,replace,,,,,saturation_cleaned_bandpass_filtered,0,2000000.0,7000.0,80000.0,500,0.0001,300,300,0
train,particles2SNR_pipeline/output/p0_c1_Particles2SNR_F_staging/train/2um/HFocusing_5_10_2um2_0_528.npy,P0/data/dataset_Particles2SNR_F_c1/train/2um/HFocusing_5_10_2um2_0_528.npy,2um,HFocusing_5_10_2um2_0_528.npy,replace,,,,,saturation_cleaned_bandpass_filtered,0,2000000.0,7000.0,80000.0,500,0.0001,300,300,0
train,particles2SNR_pipeline/output/p0_c1_Particles2SNR_F_staging/train/2um/HFocusing_5_10_2um2_0_529.npy,P0/data/dataset_Particles2SNR_F_c1/train/2um/HFocusing_5_10_2um2_0_529.npy,2um,HFocusing_5_10_2um2_0_529.npy,replace,,,,,saturation_cleaned_bandpass_filtered,0,2000000.0,7000.0,80000.0,500,0.0001,300,300,0
train,particles2SNR_pipeline/output/p0_c1_Particles2SNR_F_staging/train/2um/HFocusing_5_10_2um2_0_531.npy,P0/data/dataset_Particles2SNR_F_c1/train/2um/HFocusing_5_10_2um2_0_531.npy,2um,HFocusing_5_10_2um2_0_531.npy,replace,,,,,saturation_cleaned_bandpass_filtered,0,2000000.0,7000.0,80000.0,500,0.0001,300,300,0
train,particles2SNR_pipeline/output/p0_c1_Particles2SNR_F_staging/train/2um/HFocusing_5_10_2um2_0_532.npy,P0/data/dataset_Particles2SNR_F_c1/train/2um/HFocusing_5_10_2um2_0_532.npy,2um,HFocusing_5_10_2um2_0_532.npy,replace,,,,,saturation_cleaned_bandpass_filtered,0,2000000.0,7000.0,80000.0,500,0.0001,300,300,0
train,particles2SNR_pipeline/output/p0_c1_Particles2SNR_F_staging/train/2um/HFocusing_5_10_2um2_0_535.npy,P0/data/dataset_Particles2SNR_F_c1/train/2um/HFocusing_5_10_2um2_0_535.npy,2um,HFocusing_5_10_2um2_0_535.npy,replace,,,,,saturation_cleaned_bandpass_filtered,0,2000000.0,7000.0,80000.0,500,0.0001,300,300,0
train,particles2SNR_pipeline/output/p0_c1_Particles2SNR_F_staging/train/2um/HFocusing_5_10_2um2_0_536.npy,P0/data/dataset_Particles2SNR_F_c1/train/2um/HFocusing_5_10_2um2_0_536.npy,2um,HFocusing_5_10_2um2_0_536.npy,replace,,,,,saturation_cleaned_bandpass_filtered,0,2000000.0,7000.0,80000.0,500,0.0001,300,300,0
train,particles2SNR_pipeline/output/p0_c1_Particles2SNR_F_staging/train/2um/HFocusing_5_10_2um2_0_54.npy,P0/data/dataset_Particles2SNR_F_c1/train/2um/HFocusing_5_10_2um2_0_54.npy,2um,HFocusing_5_10_2um2_0_54.npy,replace,,,,,saturation_cleaned_bandpass_filtered,0,2000000.0,7000.0,80000.0,500,0.0001,300,300,0
train,particles2SNR_pipeline/output/p0_c1_Particles2SNR_F_staging/train/2um/HFocusing_5_10_2um2_0_540.npy,P0/data/dataset_Particles2SNR_F_c1/train/2um/HFocusing_5_10_2um2_0_540.npy,2um,HFocusing_5_10_2um2_0_540.npy,replace,,,,,saturation_cleaned_bandpass_filtered,0,2000000.0,7000.0,80000.0,500,0.0001,300,300,0
train,particles2SNR_pipeline/output/p0_c1_Particles2SNR_F_staging/train/2um/HFocusing_5_10_2um2_0_543.npy,P0/data/dataset_Particles2SNR_F_c1/train/2um/HFocusing_5_10_2um2_0_543.npy,2um,HFocusing_5_10_2um2_0_543.npy,replace,,,,,saturation_cleaned_bandpass_filtered,0,2000000.0,7000.0,80000.0,500,0.0001,300,300,0
train,particles2SNR_pipeline/output/p0_c1_Particles2SNR_F_staging/train/2um/HFocusing_5_10_2um2_0_544.npy,P0/data/dataset_Particles2SNR_F_c1/train/2um/HFocusing_5_10_2um2_0_544.npy,2um,HFocusing_5_10_2um2_0_544.npy,replace,,,,,saturation_cleaned_bandpass_filtered,0,2000000.0,7000.0,80000.0,500,0.0001,300,300,0
train,particles2SNR_pipeline/output/p0_c1_Particles2SNR_F_staging/train/2um/HFocusing_5_10_2um2_0_547.npy,P0/data/dataset_Particles2SNR_F_c1/train/2um/HFocusing_5_10_2um2_0_547.npy,2um,HFocusing_5_10_2um2_0_547.npy,replace,,,,,saturation_cleaned_bandpass_filtered,0,2000000.0,7000.0,80000.0,500,0.0001,300,300,0
train,particles2SNR_pipeline/output/p0_c1_Particles2SNR_F_staging/train/2um/HFocusing_5_10_2um2_0_551.npy,P0/data/dataset_Particles2SNR_F_c1/train/2um/HFocusing_5_10_2um2_0_551.npy,2um,HFocusing_5_10_2um2_0_551.npy,replace,,,,,saturation_cleaned_bandpass_filtered,0,2000000.0,7000.0,80000.0,500,0.0001,300,300,0
train,particles2SNR_pipeline/output/p0_c1_Particles2SNR_F_staging/train/2um/HFocusing_5_10_2um2_0_554.npy,P0/data/dataset_Particles2SNR_F_c1/train/2um/HFocusing_5_10_2um2_0_554.npy,2um,HFocusing_5_10_2um2_0_554.npy,replace,,,,,saturation_cleaned_bandpass_filtered,0,2000000.0,7000.0,80000.0,500,0.0001,300,300,0
train,particles2SNR_pipeline/output/p0_c1_Particles2SNR_F_staging/train/2um/HFocusing_5_10_2um2_0_555.npy,P0/data/dataset_Particles2SNR_F_c1/train/2um/HFocusing_5_10_2um2_0_555.npy,2um,HFocusing_5_10_2um2_0_555.npy,replace,,,,,saturation_cleaned_bandpass_filtered,0,2000000.0,7000.0,80000.0,500,0.0001,300,300,0
train,particles2SNR_pipeline/output/p0_c1_Particles2SNR_F_staging/train/2um/HFocusing_5_10_2um2_0_558.npy,P0/data/dataset_Particles2SNR_F_c1/train/2um/HFocusing_5_10_2um2_0_558.npy,2um,HFocusing_5_10_2um2_0_558.npy,replace,,,,,saturation_cleaned_bandpass_filtered,0,2000000.0,7000.0,80000.0,500,0.0001,300,300,0
train,particles2SNR_pipeline/output/p0_c1_Particles2SNR_F_staging/train/2um/HFocusing_5_10_2um2_0_564.npy,P0/data/dataset_Particles2SNR_F_c1/train/2um/HFocusing_5_10_2um2_0_564.npy,2um,HFocusing_5_10_2um2_0_564.npy,replace,,,,,saturation_cleaned_bandpass_filtered,0,2000000.0,7000.0,80000.0,500,0.0001,300,300,0
train,particles2SNR_pipeline/output/p0_c1_Particles2SNR_F_staging/train/2um/HFocusing_5_10_2um2_0_567.npy,P0/data/dataset_Particles2SNR_F_c1/train/2um/HFocusing_5_10_2um2_0_567.npy,2um,HFocusing_5_10_2um2_0_567.npy,replace,,,,,saturation_cleaned_bandpass_filtered,0,2000000.0,7000.0,80000.0,500,0.0001,300,300,0
train,particles2SNR_pipeline/output/p0_c1_Particles2SNR_F_staging/train/2um/HFocusing_5_10_2um2_0_568.npy,P0/data/dataset_Particles2SNR_F_c1/train/2um/HFocusing_5_10_2um2_0_568.npy,2um,HFocusing_5_10_2um2_0_568.npy,replace,,,,,saturation_cleaned_bandpass_filtered,0,2000000.0,7000.0,80000.0,500,0.0001,300,300,0
train,particles2SNR_pipeline/output/p0_c1_Particles2SNR_F_staging/train/2um/HFocusing_5_10_2um2_0_57.npy,P0/data/dataset_Particles2SNR_F_c1/train/2um/HFocusing_5_10_2um2_0_57.npy,2um,HFocusing_5_10_2um2_0_57.npy,replace,,,,,saturation_cleaned_bandpass_filtered,0,2000000.0,7000.0,80000.0,500,0.0001,300,300,0
train,particles2SNR_pipeline/output/p0_c1_Particles2SNR_F_staging/train/2um/HFocusing_5_10_2um2_0_571.npy,P0/data/dataset_Particles2SNR_F_c1/train/2um/HFocusing_5_10_2um2_0_571.npy,2um,HFocusing_5_10_2um2_0_571.npy,replace,,,,,saturation_cleaned_bandpass_filtered,0,2000000.0,7000.0,80000.0,500,0.0001,300,300,0
train,particles2SNR_pipeline/output/p0_c1_Particles2SNR_F_staging/train/2um/HFocusing_5_10_2um2_0_572.npy,P0/data/dataset_Particles2SNR_F_c1/train/2um/HFocusing_5_10_2um2_0_572.npy,2um,HFocusing_5_10_2um2_0_572.npy,replace,,,,,saturation_cleaned_bandpass_filtered,0,2000000.0,7000.0,80000.0,500,0.0001,300,300,0
train,particles2SNR_pipeline/output/p0_c1_Particles2SNR_F_staging/train/2um/HFocusing_5_10_2um2_0_575.npy,P0/data/dataset_Particles2SNR_F_c1/train/2um/HFocusing_5_10_2um2_0_575.npy,2um,HFocusing_5_10_2um2_0_575.npy,replace,,,,,saturation_cleaned_bandpass_filtered,0,2000000.0,7000.0,80000.0,500,0.0001,300,300,0
train,particles2SNR_pipeline/output/p0_c1_Particles2SNR_F_staging/train/2um/HFocusing_5_10_2um2_0_576.npy,P0/data/dataset_Particles2SNR_F_c1/train/2um/HFocusing_5_10_2um2_0_576.npy,2um,HFocusing_5_10_2um2_0_576.npy,replace,,,,,saturation_cleaned_bandpass_filtered,0,2000000.0,7000.0,80000.0,500,0.0001,300,300,0
train,particles2SNR_pipeline/output/p0_c1_Particles2SNR_F_staging/train/2um/HFocusing_5_10_2um2_0_579.npy,P0/data/dataset_Particles2SNR_F_c1/train/2um/HFocusing_5_10_2um2_0_579.npy,2um,HFocusing_5_10_2um2_0_579.npy,replace,,,,,saturation_cleaned_bandpass_filtered,0,2000000.0,7000.0,80000.0,500,0.0001,300,300,0
train,particles2SNR_pipeline/output/p0_c1_Particles2SNR_F_staging/train/2um/HFocusing_5_10_2um2_0_58.npy,P0/data/dataset_Particles2SNR_F_c1/train/2um/HFocusing_5_10_2um2_0_58.npy,2um,HFocusing_5_10_2um2_0_58.npy,replace,,,,,saturation_cleaned_bandpass_filtered,0,2000000.0,7000.0,80000.0,500,0.0001,300,300,0
train,particles2SNR_pipeline/output/p0_c1_Particles2SNR_F_staging/train/2um/HFocusing_5_10_2um2_0_580.npy,P0/data/dataset_Particles2SNR_F_c1/train/2um/HFocusing_5_10_2um2_0_580.npy,2um,HFocusing_5_10_2um2_0_580.npy,replace,,,,,saturation_cleaned_bandpass_filtered,0,2000000.0,7000.0,80000.0,500,0.0001,300,300,0
train,particles2SNR_pipeline/output/p0_c1_Particles2SNR_F_staging/train/2um/HFocusing_5_10_2um2_0_583.npy,P0/data/dataset_Particles2SNR_F_c1/train/2um/HFocusing_5_10_2um2_0_583.npy,2um,HFocusing_5_10_2um2_0_583.npy,replace,,,,,saturation_cleaned_bandpass_filtered,0,2000000.0,7000.0,80000.0,500,0.0001,300,300,0
train,particles2SNR_pipeline/output/p0_c1_Particles2SNR_F_staging/train/2um/HFocusing_5_10_2um2_0_584.npy,P0/data/dataset_Particles2SNR_F_c1/train/2um/HFocusing_5_10_2um2_0_584.npy,2um,HFocusing_5_10_2um2_0_584.npy,replace,,,,,saturation_cleaned_bandpass_filtered,0,2000000.0,7000.0,80000.0,500,0.0001,300,300,0
train,particles2SNR_pipeline/output/p0_c1_Particles2SNR_F_staging/train/2um/HFocusing_5_10_2um2_0_588.npy,P0/data/dataset_Particles2SNR_F_c1/train/2um/HFocusing_5_10_2um2_0_588.npy,2um,HFocusing_5_10_2um2_0_588.npy,replace,,,,,saturation_cleaned_bandpass_filtered,0,2000000.0,7000.0,80000.0,500,0.0001,300,300,0
train,particles2SNR_pipeline/output/p0_c1_Particles2SNR_F_staging/train/2um/HFocusing_5_10_2um2_0_591.npy,P0/data/dataset_Particles2SNR_F_c1/train/2um/HFocusing_5_10_2um2_0_591.npy,2um,HFocusing_5_10_2um2_0_591.npy,replace,,,,,saturation_cleaned_bandpass_filtered,0,2000000.0,7000.0,80000.0,500,0.0001,300,300,0
train,particles2SNR_pipeline/output/p0_c1_Particles2SNR_F_staging/train/2um/HFocusing_5_10_2um2_0_594.npy,P0/data/dataset_Particles2SNR_F_c1/train/2um/HFocusing_5_10_2um2_0_594.npy,2um,HFocusing_5_10_2um2_0_594.npy,replace,,,,,saturation_cleaned_bandpass_filtered,0,2000000.0,7000.0,80000.0,500,0.0001,300,300,0
train,particles2SNR_pipeline/output/p0_c1_Particles2SNR_F_staging/train/2um/HFocusing_5_10_2um2_0_598.npy,P0/data/dataset_Particles2SNR_F_c1/train/2um/HFocusing_5_10_2um2_0_598.npy,2um,HFocusing_5_10_2um2_0_598.npy,replace,,,,,saturation_cleaned_bandpass_filtered,0,2000000.0,7000.0,80000.0,500,0.0001,300,300,0
train,particles2SNR_pipeline/output/p0_c1_Particles2SNR_F_staging/train/2um/HFocusing_5_10_2um2_0_599.npy,P0/data/dataset_Particles2SNR_F_c1/train/2um/HFocusing_5_10_2um2_0_599.npy,2um,HFocusing_5_10_2um2_0_599.npy,replace,,,,,saturation_cleaned_bandpass_filtered,0,2000000.0,7000.0,80000.0,500,0.0001,300,300,0
train,particles2SNR_pipeline/output/p0_c1_Particles2SNR_F_staging/train/2um/HFocusing_5_10_2um2_0_6.npy,P0/data/dataset_Particles2SNR_F_c1/train/2um/HFocusing_5_10_2um2_0_6.npy,2um,HFocusing_5_10_2um2_0_6.npy,replace,,,,,saturation_cleaned_bandpass_filtered,0,2000000.0,7000.0,80000.0,500,0.0001,300,300,0
train,particles2SNR_pipeline/output/p0_c1_Particles2SNR_F_staging/train/2um/HFocusing_5_10_2um2_0_602.npy,P0/data/dataset_Particles2SNR_F_c1/train/2um/HFocusing_5_10_2um2_0_602.npy,2um,HFocusing_5_10_2um2_0_602.npy,replace,,,,,saturation_cleaned_bandpass_filtered,0,2000000.0,7000.0,80000.0,500,0.0001,300,300,0
train,particles2SNR_pipeline/output/p0_c1_Particles2SNR_F_staging/train/2um/HFocusing_5_10_2um2_0_605.npy,P0/data/dataset_Particles2SNR_F_c1/train/2um/HFocusing_5_10_2um2_0_605.npy,2um,HFocusing_5_10_2um2_0_605.npy,replace,,,,,saturation_cleaned_bandpass_filtered,0,2000000.0,7000.0,80000.0,500,0.0001,300,300,0
train,particles2SNR_pipeline/output/p0_c1_Particles2SNR_F_staging/train/2um/HFocusing_5_10_2um2_0_608.npy,P0/data/dataset_Particles2SNR_F_c1/train/2um/HFocusing_5_10_2um2_0_608.npy,2um,HFocusing_5_10_2um2_0_608.npy,replace,,,,,saturation_cleaned_bandpass_filtered,0,2000000.0,7000.0,80000.0,500,0.0001,300,300,0
train,particles2SNR_pipeline/output/p0_c1_Particles2SNR_F_staging/train/2um/HFocusing_5_10_2um2_0_609.npy,P0/data/dataset_Particles2SNR_F_c1/train/2um/HFocusing_5_10_2um2_0_609.npy,2um,HFocusing_5_10_2um2_0_609.npy,replace,,,,,saturation_cleaned_bandpass_filtered,0,2000000.0,7000.0,80000.0,500,0.0001,300,300,0
train,particles2SNR_pipeline/output/p0_c1_Particles2SNR_F_staging/train/2um/HFocusing_5_10_2um2_0_61.npy,P0/data/dataset_Particles2SNR_F_c1/train/2um/HFocusing_5_10_2um2_0_61.npy,2um,HFocusing_5_10_2um2_0_61.npy,replace,,,,,saturation_cleaned_bandpass_filtered,0,2000000.0,7000.0,80000.0,500,0.0001,300,300,0
train,particles2SNR_pipeline/output/p0_c1_Particles2SNR_F_staging/train/2um/HFocusing_5_10_2um2_0_612.npy,P0/data/dataset_Particles2SNR_F_c1/train/2um/HFocusing_5_10_2um2_0_612.npy,2um,HFocusing_5_10_2um2_0_612.npy,replace,,,,,saturation_cleaned_bandpass_filtered,0,2000000.0,7000.0,80000.0,500,0.0001,300,300,0
train,particles2SNR_pipeline/output/p0_c1_Particles2SNR_F_staging/train/2um/HFocusing_5_10_2um2_0_613.npy,P0/data/dataset_Particles2SNR_F_c1/train/2um/HFocusing_5_10_2um2_0_613.npy,2um,HFocusing_5_10_2um2_0_613.npy,replace,,,,,saturation_cleaned_bandpass_filtered,0,2000000.0,7000.0,80000.0,500,0.0001,300,300,0
train,particles2SNR_pipeline/output/p0_c1_Particles2SNR_F_staging/train/2um/HFocusing_5_10_2um2_0_617.npy,P0/data/dataset_Particles2SNR_F_c1/train/2um/HFocusing_5_10_2um2_0_617.npy,2um,HFocusing_5_10_2um2_0_617.npy,replace,,,,,saturation_cleaned_bandpass_filtered,0,2000000.0,7000.0,80000.0,500,0.0001,300,300,0
train,particles2SNR_pipeline/output/p0_c1_Particles2SNR_F_staging/train/2um/HFocusing_5_10_2um2_0_619.npy,P0/data/dataset_Particles2SNR_F_c1/train/2um/HFocusing_5_10_2um2_0_619.npy,2um,HFocusing_5_10_2um2_0_619.npy,replace,,,,,saturation_cleaned_bandpass_filtered,0,2000000.0,7000.0,80000.0,500,0.0001,300,300,0
train,particles2SNR_pipeline/output/p0_c1_Particles2SNR_F_staging/train/2um/HFocusing_5_10_2um2_0_620.npy,P0/data/dataset_Particles2SNR_F_c1/train/2um/HFocusing_5_10_2um2_0_620.npy,2um,HFocusing_5_10_2um2_0_620.npy,replace,,,,,saturation_cleaned_bandpass_filtered,0,2000000.0,7000.0,80000.0,500,0.0001,300,300,0
train,particles2SNR_pipeline/output/p0_c1_Particles2SNR_F_staging/train/2um/HFocusing_5_10_2um2_0_626.npy,P0/data/dataset_Particles2SNR_F_c1/train/2um/HFocusing_5_10_2um2_0_626.npy,2um,HFocusing_5_10_2um2_0_626.npy,replace,,,,,saturation_cleaned_bandpass_filtered,0,2000000.0,7000.0,80000.0,500,0.0001,300,300,0
train,particles2SNR_pipeline/output/p0_c1_Particles2SNR_F_staging/train/2um/HFocusing_5_10_2um2_0_627.npy,P0/data/dataset_Particles2SNR_F_c1/train/2um/HFocusing_5_10_2um2_0_627.npy,2um,HFocusing_5_10_2um2_0_627.npy,replace,,,,,saturation_cleaned_bandpass_filtered,0,2000000.0,7000.0,80000.0,500,0.0001,300,300,0
train,particles2SNR_pipeline/output/p0_c1_Particles2SNR_F_staging/train/2um/HFocusing_5_10_2um2_0_629.npy,P0/data/dataset_Particles2SNR_F_c1/train/2um/HFocusing_5_10_2um2_0_629.npy,2um,HFocusing_5_10_2um2_0_629.npy,replace,,,,,saturation_cleaned_bandpass_filtered,0,2000000.0,7000.0,80000.0,500,0.0001,300,300,0
train,particles2SNR_pipeline/output/p0_c1_Particles2SNR_F_staging/train/2um/HFocusing_5_10_2um2_0_630.npy,P0/data/dataset_Particles2SNR_F_c1/train/2um/HFocusing_5_10_2um2_0_630.npy,2um,HFocusing_5_10_2um2_0_630.npy,replace,,,,,saturation_cleaned_bandpass_filtered,0,2000000.0,7000.0,80000.0,500,0.0001,300,300,0
train,particles2SNR_pipeline/output/p0_c1_Particles2SNR_F_staging/train/2um/HFocusing_5_10_2um2_0_636.npy,P0/data/dataset_Particles2SNR_F_c1/train/2um/HFocusing_5_10_2um2_0_636.npy,2um,HFocusing_5_10_2um2_0_636.npy,replace,,,,,saturation_cleaned_bandpass_filtered,0,2000000.0,7000.0,80000.0,500,0.0001,300,300,0
train,particles2SNR_pipeline/output/p0_c1_Particles2SNR_F_staging/train/2um/HFocusing_5_10_2um2_0_637.npy,P0/data/dataset_Particles2SNR_F_c1/train/2um/HFocusing_5_10_2um2_0_637.npy,2um,HFocusing_5_10_2um2_0_637.npy,replace,,,,,saturation_cleaned_bandpass_filtered,0,2000000.0,7000.0,80000.0,500,0.0001,300,300,0
train,particles2SNR_pipeline/output/p0_c1_Particles2SNR_F_staging/train/2um/HFocusing_5_10_2um2_0_640.npy,P0/data/dataset_Particles2SNR_F_c1/train/2um/HFocusing_5_10_2um2_0_640.npy,2um,HFocusing_5_10_2um2_0_640.npy,replace,,,,,saturation_cleaned_bandpass_filtered,0,2000000.0,7000.0,80000.0,500,0.0001,300,300,0
train,particles2SNR_pipeline/output/p0_c1_Particles2SNR_F_staging/train/2um/HFocusing_5_10_2um2_0_641.npy,P0/data/dataset_Particles2SNR_F_c1/train/2um/HFocusing_5_10_2um2_0_641.npy,2um,HFocusing_5_10_2um2_0_641.npy,replace,,,,,saturation_cleaned_bandpass_filtered,0,2000000.0,7000.0,80000.0,500,0.0001,300,300,0
train,particles2SNR_pipeline/output/p0_c1_Particles2SNR_F_staging/train/2um/HFocusing_5_10_2um2_0_644.npy,P0/data/dataset_Particles2SNR_F_c1/train/2um/HFocusing_5_10_2um2_0_644.npy,2um,HFocusing_5_10_2um2_0_644.npy,replace,,,,,saturation_cleaned_bandpass_filtered,0,2000000.0,7000.0,80000.0,500,0.0001,300,300,0
train,particles2SNR_pipeline/output/p0_c1_Particles2SNR_F_staging/train/2um/HFocusing_5_10_2um2_0_645.npy,P0/data/dataset_Particles2SNR_F_c1/train/2um/HFocusing_5_10_2um2_0_645.npy,2um,HFocusing_5_10_2um2_0_645.npy,replace,,,,,saturation_cleaned_bandpass_filtered,0,2000000.0,7000.0,80000.0,500,0.0001,300,300,0
train,particles2SNR_pipeline/output/p0_c1_Particles2SNR_F_staging/train/2um/HFocusing_5_10_2um2_0_648.npy,P0/data/dataset_Particles2SNR_F_c1/train/2um/HFocusing_5_10_2um2_0_648.npy,2um,HFocusing_5_10_2um2_0_648.npy,replace,,,,,saturation_cleaned_bandpass_filtered,0,2000000.0,7000.0,80000.0,500,0.0001,300,300,0
train,particles2SNR_pipeline/output/p0_c1_Particles2SNR_F_staging/train/2um/HFocusing_5_10_2um2_0_649.npy,P0/data/dataset_Particles2SNR_F_c1/train/2um/HFocusing_5_10_2um2_0_649.npy,2um,HFocusing_5_10_2um2_0_649.npy,replace,,,,,saturation_cleaned_bandpass_filtered,0,2000000.0,7000.0,80000.0,500,0.0001,300,300,0
train,particles2SNR_pipeline/output/p0_c1_Particles2SNR_F_staging/train/2um/HFocusing_5_10_2um2_0_65.npy,P0/data/dataset_Particles2SNR_F_c1/train/2um/HFocusing_5_10_2um2_0_65.npy,2um,HFocusing_5_10_2um2_0_65.npy,replace,,,,,saturation_cleaned_bandpass_filtered,0,2000000.0,7000.0,80000.0,500,0.0001,300,300,0
train,particles2SNR_pipeline/output/p0_c1_Particles2SNR_F_staging/train/2um/HFocusing_5_10_2um2_0_652.npy,P0/data/dataset_Particles2SNR_F_c1/train/2um/HFocusing_5_10_2um2_0_652.npy,2um,HFocusing_5_10_2um2_0_652.npy,replace,,,,,saturation_cleaned_bandpass_filtered,0,2000000.0,7000.0,80000.0,500,0.0001,300,300,0
train,particles2SNR_pipeline/output/p0_c1_Particles2SNR_F_staging/train/2um/HFocusing_5_10_2um2_0_653.npy,P0/data/dataset_Particles2SNR_F_c1/train/2um/HFocusing_5_10_2um2_0_653.npy,2um,HFocusing_5_10_2um2_0_653.npy,replace,,,,,saturation_cleaned_bandpass_filtered,0,2000000.0,7000.0,80000.0,500,0.0001,300,300,0
train,particles2SNR_pipeline/output/p0_c1_Particles2SNR_F_staging/train/2um/HFocusing_5_10_2um2_0_656.npy,P0/data/dataset_Particles2SNR_F_c1/train/2um/HFocusing_5_10_2um2_0_656.npy,2um,HFocusing_5_10_2um2_0_656.npy,replace,,,,,saturation_cleaned_bandpass_filtered,0,2000000.0,7000.0,80000.0,500,0.0001,300,300,0
train,particles2SNR_pipeline/output/p0_c1_Particles2SNR_F_staging/train/2um/HFocusing_5_10_2um2_0_657.npy,P0/data/dataset_Particles2SNR_F_c1/train/2um/HFocusing_5_10_2um2_0_657.npy,2um,HFocusing_5_10_2um2_0_657.npy,replace,,,,,saturation_cleaned_bandpass_filtered,0,2000000.0,7000.0,80000.0,500,0.0001,300,300,0
train,particles2SNR_pipeline/output/p0_c1_Particles2SNR_F_staging/train/2um/HFocusing_5_10_2um2_0_660.npy,P0/data/dataset_Particles2SNR_F_c1/train/2um/HFocusing_5_10_2um2_0_660.npy,2um,HFocusing_5_10_2um2_0_660.npy,replace,,,,,saturation_cleaned_bandpass_filtered,0,2000000.0,7000.0,80000.0,500,0.0001,300,300,0
train,particles2SNR_pipeline/output/p0_c1_Particles2SNR_F_staging/train/2um/HFocusing_5_10_2um2_0_661.npy,P0/data/dataset_Particles2SNR_F_c1/train/2um/HFocusing_5_10_2um2_0_661.npy,2um,HFocusing_5_10_2um2_0_661.npy,replace,,,,,saturation_cleaned_bandpass_filtered,0,2000000.0,7000.0,80000.0,500,0.0001,300,300,0
train,particles2SNR_pipeline/output/p0_c1_Particles2SNR_F_staging/train/2um/HFocusing_5_10_2um2_0_664.npy,P0/data/dataset_Particles2SNR_F_c1/train/2um/HFocusing_5_10_2um2_0_664.npy,2um,HFocusing_5_10_2um2_0_664.npy,replace,,,,,saturation_cleaned_bandpass_filtered,0,2000000.0,7000.0,80000.0,500,0.0001,300,300,0
train,particles2SNR_pipeline/output/p0_c1_Particles2SNR_F_staging/train/2um/HFocusing_5_10_2um2_0_665.npy,P0/data/dataset_Particles2SNR_F_c1/train/2um/HFocusing_5_10_2um2_0_665.npy,2um,HFocusing_5_10_2um2_0_665.npy,replace,,,,,saturation_cleaned_bandpass_filtered,0,2000000.0,7000.0,80000.0,500,0.0001,300,300,0
train,particles2SNR_pipeline/output/p0_c1_Particles2SNR_F_staging/train/2um/HFocusing_5_10_2um2_0_672.npy,P0/data/dataset_Particles2SNR_F_c1/train/2um/HFocusing_5_10_2um2_0_672.npy,2um,HFocusing_5_10_2um2_0_672.npy,replace,,,,,saturation_cleaned_bandpass_filtered,0,2000000.0,7000.0,80000.0,500,0.0001,300,300,0
train,particles2SNR_pipeline/output/p0_c1_Particles2SNR_F_staging/train/2um/HFocusing_5_10_2um2_0_673.npy,P0/data/dataset_Particles2SNR_F_c1/train/2um/HFocusing_5_10_2um2_0_673.npy,2um,HFocusing_5_10_2um2_0_673.npy,replace,,,,,saturation_cleaned_bandpass_filtered,0,2000000.0,7000.0,80000.0,500,0.0001,300,300,0
train,particles2SNR_pipeline/output/p0_c1_Particles2SNR_F_staging/train/2um/HFocusing_5_10_2um2_0_676.npy,P0/data/dataset_Particles2SNR_F_c1/train/2um/HFocusing_5_10_2um2_0_676.npy,2um,HFocusing_5_10_2um2_0_676.npy,replace,,,,,saturation_cleaned_bandpass_filtered,0,2000000.0,7000.0,80000.0,500,0.0001,300,300,0
train,particles2SNR_pipeline/output/p0_c1_Particles2SNR_F_staging/train/2um/HFocusing_5_10_2um2_0_679.npy,P0/data/dataset_Particles2SNR_F_c1/train/2um/HFocusing_5_10_2um2_0_679.npy,2um,HFocusing_5_10_2um2_0_679.npy,replace,,,,,saturation_cleaned_bandpass_filtered,0,2000000.0,7000.0,80000.0,500,0.0001,300,300,0
train,particles2SNR_pipeline/output/p0_c1_Particles2SNR_F_staging/train/2um/HFocusing_5_10_2um2_0_68.npy,P0/data/dataset_Particles2SNR_F_c1/train/2um/HFocusing_5_10_2um2_0_68.npy,2um,HFocusing_5_10_2um2_0_68.npy,replace,,,,,saturation_cleaned_bandpass_filtered,0,2000000.0,7000.0,80000.0,500,0.0001,300,300,0
train,particles2SNR_pipeline/output/p0_c1_Particles2SNR_F_staging/train/2um/HFocusing_5_10_2um2_0_680.npy,P0/data/dataset_Particles2SNR_F_c1/train/2um/HFocusing_5_10_2um2_0_680.npy,2um,HFocusing_5_10_2um2_0_680.npy,replace,,,,,saturation_cleaned_bandpass_filtered,0,2000000.0,7000.0,80000.0,500,0.0001,300,300,0
train,particles2SNR_pipeline/output/p0_c1_Particles2SNR_F_staging/train/2um/HFocusing_5_10_2um2_0_683.npy,P0/data/dataset_Particles2SNR_F_c1/train/2um/HFocusing_5_10_2um2_0_683.npy,2um,HFocusing_5_10_2um2_0_683.npy,replace,,,,,saturation_cleaned_bandpass_filtered,0,2000000.0,7000.0,80000.0,500,0.0001,300,300,0
train,particles2SNR_pipeline/output/p0_c1_Particles2SNR_F_staging/train/2um/HFocusing_5_10_2um2_0_687.npy,P0/data/dataset_Particles2SNR_F_c1/train/2um/HFocusing_5_10_2um2_0_687.npy,2um,HFocusing_5_10_2um2_0_687.npy,replace,,,,,saturation_cleaned_bandpass_filtered,0,2000000.0,7000.0,80000.0,500,0.0001,300,300,0
train,particles2SNR_pipeline/output/p0_c1_Particles2SNR_F_staging/train/2um/HFocusing_5_10_2um2_0_691.npy,P0/data/dataset_Particles2SNR_F_c1/train/2um/HFocusing_5_10_2um2_0_691.npy,2um,HFocusing_5_10_2um2_0_691.npy,replace,,,,,saturation_cleaned_bandpass_filtered,0,2000000.0,7000.0,80000.0,500,0.0001,300,300,0
train,particles2SNR_pipeline/output/p0_c1_Particles2SNR_F_staging/train/2um/HFocusing_5_10_2um2_0_694.npy,P0/data/dataset_Particles2SNR_F_c1/train/2um/HFocusing_5_10_2um2_0_694.npy,2um,HFocusing_5_10_2um2_0_694.npy,replace,,,,,saturation_cleaned_bandpass_filtered,0,2000000.0,7000.0,80000.0,500,0.0001,300,300,0
train,particles2SNR_pipeline/output/p0_c1_Particles2SNR_F_staging/train/2um/HFocusing_5_10_2um2_0_698.npy,P0/data/dataset_Particles2SNR_F_c1/train/2um/HFocusing_5_10_2um2_0_698.npy,2um,HFocusing_5_10_2um2_0_698.npy,replace,,,,,saturation_cleaned_bandpass_filtered,0,2000000.0,7000.0,80000.0,500,0.0001,300,300,0
train,particles2SNR_pipeline/output/p0_c1_Particles2SNR_F_staging/train/2um/HFocusing_5_10_2um2_0_7.npy,P0/data/dataset_Particles2SNR_F_c1/train/2um/HFocusing_5_10_2um2_0_7.npy,2um,HFocusing_5_10_2um2_0_7.npy,replace,,,,,saturation_cleaned_bandpass_filtered,0,2000000.0,7000.0,80000.0,500,0.0001,300,300,0
train,particles2SNR_pipeline/output/p0_c1_Particles2SNR_F_staging/train/2um/HFocusing_5_10_2um2_0_702.npy,P0/data/dataset_Particles2SNR_F_c1/train/2um/HFocusing_5_10_2um2_0_702.npy,2um,HFocusing_5_10_2um2_0_702.npy,replace,,,,,saturation_cleaned_bandpass_filtered,0,2000000.0,7000.0,80000.0,500,0.0001,300,300,0
train,particles2SNR_pipeline/output/p0_c1_Particles2SNR_F_staging/train/2um/HFocusing_5_10_2um2_0_706.npy,P0/data/dataset_Particles2SNR_F_c1/train/2um/HFocusing_5_10_2um2_0_706.npy,2um,HFocusing_5_10_2um2_0_706.npy,replace,,,,,saturation_cleaned_bandpass_filtered,0,2000000.0,7000.0,80000.0,500,0.0001,300,300,0
train,particles2SNR_pipeline/output/p0_c1_Particles2SNR_F_staging/train/2um/HFocusing_5_10_2um2_0_709.npy,P0/data/dataset_Particles2SNR_F_c1/train/2um/HFocusing_5_10_2um2_0_709.npy,2um,HFocusing_5_10_2um2_0_709.npy,replace,,,,,saturation_cleaned_bandpass_filtered,0,2000000.0,7000.0,80000.0,500,0.0001,300,300,0
train,particles2SNR_pipeline/output/p0_c1_Particles2SNR_F_staging/train/2um/HFocusing_5_10_2um2_0_712.npy,P0/data/dataset_Particles2SNR_F_c1/train/2um/HFocusing_5_10_2um2_0_712.npy,2um,HFocusing_5_10_2um2_0_712.npy,replace,,,,,saturation_cleaned_bandpass_filtered,0,2000000.0,7000.0,80000.0,500,0.0001,300,300,0
train,particles2SNR_pipeline/output/p0_c1_Particles2SNR_F_staging/train/2um/HFocusing_5_10_2um2_0_716.npy,P0/data/dataset_Particles2SNR_F_c1/train/2um/HFocusing_5_10_2um2_0_716.npy,2um,HFocusing_5_10_2um2_0_716.npy,replace,,,,,saturation_cleaned_bandpass_filtered,0,2000000.0,7000.0,80000.0,500,0.0001,300,300,0
train,particles2SNR_pipeline/output/p0_c1_Particles2SNR_F_staging/train/2um/HFocusing_5_10_2um2_0_717.npy,P0/data/dataset_Particles2SNR_F_c1/train/2um/HFocusing_5_10_2um2_0_717.npy,2um,HFocusing_5_10_2um2_0_717.npy,replace,,,,,saturation_cleaned_bandpass_filtered,0,2000000.0,7000.0,80000.0,500,0.0001,300,300,0
train,particles2SNR_pipeline/output/p0_c1_Particles2SNR_F_staging/train/2um/HFocusing_5_10_2um2_0_72.npy,P0/data/dataset_Particles2SNR_F_c1/train/2um/HFocusing_5_10_2um2_0_72.npy,2um,HFocusing_5_10_2um2_0_72.npy,replace,,,,,saturation_cleaned_bandpass_filtered,0,2000000.0,7000.0,80000.0,500,0.0001,300,300,0
train,particles2SNR_pipeline/output/p0_c1_Particles2SNR_F_staging/train/2um/HFocusing_5_10_2um2_0_720.npy,P0/data/dataset_Particles2SNR_F_c1/train/2um/HFocusing_5_10_2um2_0_720.npy,2um,HFocusing_5_10_2um2_0_720.npy,replace,,,,,saturation_cleaned_bandpass_filtered,0,2000000.0,7000.0,80000.0,500,0.0001,300,300,0
train,particles2SNR_pipeline/output/p0_c1_Particles2SNR_F_staging/train/2um/HFocusing_5_10_2um2_0_721.npy,P0/data/dataset_Particles2SNR_F_c1/train/2um/HFocusing_5_10_2um2_0_721.npy,2um,HFocusing_5_10_2um2_0_721.npy,replace,,,,,saturation_cleaned_bandpass_filtered,0,2000000.0,7000.0,80000.0,500,0.0001,300,300,0
train,particles2SNR_pipeline/output/p0_c1_Particles2SNR_F_staging/train/2um/HFocusing_5_10_2um2_0_724.npy,P0/data/dataset_Particles2SNR_F_c1/train/2um/HFocusing_5_10_2um2_0_724.npy,2um,HFocusing_5_10_2um2_0_724.npy,replace,,,,,saturation_cleaned_bandpass_filtered,0,2000000.0,7000.0,80000.0,500,0.0001,300,300,0
train,particles2SNR_pipeline/output/p0_c1_Particles2SNR_F_staging/train/2um/HFocusing_5_10_2um2_0_725.npy,P0/data/dataset_Particles2SNR_F_c1/train/2um/HFocusing_5_10_2um2_0_725.npy,2um,HFocusing_5_10_2um2_0_725.npy,replace,,,,,saturation_cleaned_bandpass_filtered,0,2000000.0,7000.0,80000.0,500,0.0001,300,300,0
train,particles2SNR_pipeline/output/p0_c1_Particles2SNR_F_staging/train/2um/HFocusing_5_10_2um2_0_728.npy,P0/data/dataset_Particles2SNR_F_c1/train/2um/HFocusing_5_10_2um2_0_728.npy,2um,HFocusing_5_10_2um2_0_728.npy,replace,,,,,saturation_cleaned_bandpass_filtered,0,2000000.0,7000.0,80000.0,500,0.0001,300,300,0
train,particles2SNR_pipeline/output/p0_c1_Particles2SNR_F_staging/train/2um/HFocusing_5_10_2um2_0_729.npy,P0/data/dataset_Particles2SNR_F_c1/train/2um/HFocusing_5_10_2um2_0_729.npy,2um,HFocusing_5_10_2um2_0_729.npy,replace,,,,,saturation_cleaned_bandpass_filtered,0,2000000.0,7000.0,80000.0,500,0.0001,300,300,0
train,particles2SNR_pipeline/output/p0_c1_Particles2SNR_F_staging/train/2um/HFocusing_5_10_2um2_0_732.npy,P0/data/dataset_Particles2SNR_F_c1/train/2um/HFocusing_5_10_2um2_0_732.npy,2um,HFocusing_5_10_2um2_0_732.npy,replace,,,,,saturation_cleaned_bandpass_filtered,0,2000000.0,7000.0,80000.0,500,0.0001,300,300,0
train,particles2SNR_pipeline/output/p0_c1_Particles2SNR_F_staging/train/2um/HFocusing_5_10_2um2_0_733.npy,P0/data/dataset_Particles2SNR_F_c1/train/2um/HFocusing_5_10_2um2_0_733.npy,2um,HFocusing_5_10_2um2_0_733.npy,replace,,,,,saturation_cleaned_bandpass_filtered,0,2000000.0,7000.0,80000.0,500,0.0001,300,300,0
train,particles2SNR_pipeline/output/p0_c1_Particles2SNR_F_staging/train/2um/HFocusing_5_10_2um2_0_736.npy,P0/data/dataset_Particles2SNR_F_c1/train/2um/HFocusing_5_10_2um2_0_736.npy,2um,HFocusing_5_10_2um2_0_736.npy,replace,,,,,saturation_cleaned_bandpass_filtered,0,2000000.0,7000.0,80000.0,500,0.0001,300,300,0
train,particles2SNR_pipeline/output/p0_c1_Particles2SNR_F_staging/train/2um/HFocusing_5_10_2um2_0_739.npy,P0/data/dataset_Particles2SNR_F_c1/train/2um/HFocusing_5_10_2um2_0_739.npy,2um,HFocusing_5_10_2um2_0_739.npy,replace,,,,,saturation_cleaned_bandpass_filtered,0,2000000.0,7000.0,80000.0,500,0.0001,300,300,0
train,particles2SNR_pipeline/output/p0_c1_Particles2SNR_F_staging/train/2um/HFocusing_5_10_2um2_0_740.npy,P0/data/dataset_Particles2SNR_F_c1/train/2um/HFocusing_5_10_2um2_0_740.npy,2um,HFocusing_5_10_2um2_0_740.npy,replace,,,,,saturation_cleaned_bandpass_filtered,0,2000000.0,7000.0,80000.0,500,0.0001,300,300,0
train,particles2SNR_pipeline/output/p0_c1_Particles2SNR_F_staging/train/2um/HFocusing_5_10_2um2_0_743.npy,P0/data/dataset_Particles2SNR_F_c1/train/2um/HFocusing_5_10_2um2_0_743.npy,2um,HFocusing_5_10_2um2_0_743.npy,replace,,,,,saturation_cleaned_bandpass_filtered,0,2000000.0,7000.0,80000.0,500,0.0001,300,300,0
train,particles2SNR_pipeline/output/p0_c1_Particles2SNR_F_staging/train/2um/HFocusing_5_10_2um2_0_746.npy,P0/data/dataset_Particles2SNR_F_c1/train/2um/HFocusing_5_10_2um2_0_746.npy,2um,HFocusing_5_10_2um2_0_746.npy,replace,,,,,saturation_cleaned_bandpass_filtered,0,2000000.0,7000.0,80000.0,500,0.0001,300,300,0
train,particles2SNR_pipeline/output/p0_c1_Particles2SNR_F_staging/train/2um/HFocusing_5_10_2um2_0_747.npy,P0/data/dataset_Particles2SNR_F_c1/train/2um/HFocusing_5_10_2um2_0_747.npy,2um,HFocusing_5_10_2um2_0_747.npy,replace,,,,,saturation_cleaned_bandpass_filtered,0,2000000.0,7000.0,80000.0,500,0.0001,300,300,0
train,particles2SNR_pipeline/output/p0_c1_Particles2SNR_F_staging/train/2um/HFocusing_5_10_2um2_0_75.npy,P0/data/dataset_Particles2SNR_F_c1/train/2um/HFocusing_5_10_2um2_0_75.npy,2um,HFocusing_5_10_2um2_0_75.npy,replace,,,,,saturation_cleaned_bandpass_filtered,0,2000000.0,7000.0,80000.0,500,0.0001,300,300,0
train,particles2SNR_pipeline/output/p0_c1_Particles2SNR_F_staging/train/2um/HFocusing_5_10_2um2_0_750.npy,P0/data/dataset_Particles2SNR_F_c1/train/2um/HFocusing_5_10_2um2_0_750.npy,2um,HFocusing_5_10_2um2_0_750.npy,replace,,,,,saturation_cleaned_bandpass_filtered,0,2000000.0,7000.0,80000.0,500,0.0001,300,300,0
train,particles2SNR_pipeline/output/p0_c1_Particles2SNR_F_staging/train/2um/HFocusing_5_10_2um2_0_753.npy,P0/data/dataset_Particles2SNR_F_c1/train/2um/HFocusing_5_10_2um2_0_753.npy,2um,HFocusing_5_10_2um2_0_753.npy,replace,,,,,saturation_cleaned_bandpass_filtered,0,2000000.0,7000.0,80000.0,500,0.0001,300,300,0
train,particles2SNR_pipeline/output/p0_c1_Particles2SNR_F_staging/train/2um/HFocusing_5_10_2um2_0_754.npy,P0/data/dataset_Particles2SNR_F_c1/train/2um/HFocusing_5_10_2um2_0_754.npy,2um,HFocusing_5_10_2um2_0_754.npy,replace,,,,,saturation_cleaned_bandpass_filtered,0,2000000.0,7000.0,80000.0,500,0.0001,300,300,0
train,particles2SNR_pipeline/output/p0_c1_Particles2SNR_F_staging/train/2um/HFocusing_5_10_2um2_0_757.npy,P0/data/dataset_Particles2SNR_F_c1/train/2um/HFocusing_5_10_2um2_0_757.npy,2um,HFocusing_5_10_2um2_0_757.npy,replace,,,,,saturation_cleaned_bandpass_filtered,0,2000000.0,7000.0,80000.0,500,0.0001,300,300,0
train,particles2SNR_pipeline/output/p0_c1_Particles2SNR_F_staging/train/2um/HFocusing_5_10_2um2_0_758.npy,P0/data/dataset_Particles2SNR_F_c1/train/2um/HFocusing_5_10_2um2_0_758.npy,2um,HFocusing_5_10_2um2_0_758.npy,replace,,,,,saturation_cleaned_bandpass_filtered,0,2000000.0,7000.0,80000.0,500,0.0001,300,300,0
train,particles2SNR_pipeline/output/p0_c1_Particles2SNR_F_staging/train/2um/HFocusing_5_10_2um2_0_761.npy,P0/data/dataset_Particles2SNR_F_c1/train/2um/HFocusing_5_10_2um2_0_761.npy,2um,HFocusing_5_10_2um2_0_761.npy,replace,,,,,saturation_cleaned_bandpass_filtered,0,2000000.0,7000.0,80000.0,500,0.0001,300,300,0
train,particles2SNR_pipeline/output/p0_c1_Particles2SNR_F_staging/train/2um/HFocusing_5_10_2um2_0_762.npy,P0/data/dataset_Particles2SNR_F_c1/train/2um/HFocusing_5_10_2um2_0_762.npy,2um,HFocusing_5_10_2um2_0_762.npy,replace,,,,,saturation_cleaned_bandpass_filtered,0,2000000.0,7000.0,80000.0,500,0.0001,300,300,0
train,particles2SNR_pipeline/output/p0_c1_Particles2SNR_F_staging/train/2um/HFocusing_5_10_2um2_0_765.npy,P0/data/dataset_Particles2SNR_F_c1/train/2um/HFocusing_5_10_2um2_0_765.npy,2um,HFocusing_5_10_2um2_0_765.npy,replace,,,,,saturation_cleaned_bandpass_filtered,0,2000000.0,7000.0,80000.0,500,0.0001,300,300,0
train,particles2SNR_pipeline/output/p0_c1_Particles2SNR_F_staging/train/2um/HFocusing_5_10_2um2_0_768.npy,P0/data/dataset_Particles2SNR_F_c1/train/2um/HFocusing_5_10_2um2_0_768.npy,2um,HFocusing_5_10_2um2_0_768.npy,replace,,,,,saturation_cleaned_bandpass_filtered,0,2000000.0,7000.0,80000.0,500,0.0001,300,300,0
train,particles2SNR_pipeline/output/p0_c1_Particles2SNR_F_staging/train/2um/HFocusing_5_10_2um2_0_773.npy,P0/data/dataset_Particles2SNR_F_c1/train/2um/HFocusing_5_10_2um2_0_773.npy,2um,HFocusing_5_10_2um2_0_773.npy,replace,,,,,saturation_cleaned_bandpass_filtered,0,2000000.0,7000.0,80000.0,500,0.0001,300,300,0
train,particles2SNR_pipeline/output/p0_c1_Particles2SNR_F_staging/train/2um/HFocusing_5_10_2um2_0_776.npy,P0/data/dataset_Particles2SNR_F_c1/train/2um/HFocusing_5_10_2um2_0_776.npy,2um,HFocusing_5_10_2um2_0_776.npy,replace,,,,,saturation_cleaned_bandpass_filtered,0,2000000.0,7000.0,80000.0,500,0.0001,300,300,0
train,particles2SNR_pipeline/output/p0_c1_Particles2SNR_F_staging/train/2um/HFocusing_5_10_2um2_0_777.npy,P0/data/dataset_Particles2SNR_F_c1/train/2um/HFocusing_5_10_2um2_0_777.npy,2um,HFocusing_5_10_2um2_0_777.npy,replace,,,,,saturation_cleaned_bandpass_filtered,0,2000000.0,7000.0,80000.0,500,0.0001,300,300,0
train,particles2SNR_pipeline/output/p0_c1_Particles2SNR_F_staging/train/2um/HFocusing_5_10_2um2_0_78.npy,P0/data/dataset_Particles2SNR_F_c1/train/2um/HFocusing_5_10_2um2_0_78.npy,2um,HFocusing_5_10_2um2_0_78.npy,replace,,,,,saturation_cleaned_bandpass_filtered,0,2000000.0,7000.0,80000.0,500,0.0001,300,300,0
train,particles2SNR_pipeline/output/p0_c1_Particles2SNR_F_staging/train/2um/HFocusing_5_10_2um2_0_780.npy,P0/data/dataset_Particles2SNR_F_c1/train/2um/HFocusing_5_10_2um2_0_780.npy,2um,HFocusing_5_10_2um2_0_780.npy,replace,,,,,saturation_cleaned_bandpass_filtered,0,2000000.0,7000.0,80000.0,500,0.0001,300,300,0
train,particles2SNR_pipeline/output/p0_c1_Particles2SNR_F_staging/train/2um/HFocusing_5_10_2um2_0_784.npy,P0/data/dataset_Particles2SNR_F_c1/train/2um/HFocusing_5_10_2um2_0_784.npy,2um,HFocusing_5_10_2um2_0_784.npy,replace,,,,,saturation_cleaned_bandpass_filtered,0,2000000.0,7000.0,80000.0,500,0.0001,300,300,0
train,particles2SNR_pipeline/output/p0_c1_Particles2SNR_F_staging/train/2um/HFocusing_5_10_2um2_0_788.npy,P0/data/dataset_Particles2SNR_F_c1/train/2um/HFocusing_5_10_2um2_0_788.npy,2um,HFocusing_5_10_2um2_0_788.npy,replace,,,,,saturation_cleaned_bandpass_filtered,0,2000000.0,7000.0,80000.0,500,0.0001,300,300,0
train,particles2SNR_pipeline/output/p0_c1_Particles2SNR_F_staging/train/2um/HFocusing_5_10_2um2_0_791.npy,P0/data/dataset_Particles2SNR_F_c1/train/2um/HFocusing_5_10_2um2_0_791.npy,2um,HFocusing_5_10_2um2_0_791.npy,replace,,,,,saturation_cleaned_bandpass_filtered,0,2000000.0,7000.0,80000.0,500,0.0001,300,300,0
train,particles2SNR_pipeline/output/p0_c1_Particles2SNR_F_staging/train/2um/HFocusing_5_10_2um2_0_794.npy,P0/data/dataset_Particles2SNR_F_c1/train/2um/HFocusing_5_10_2um2_0_794.npy,2um,HFocusing_5_10_2um2_0_794.npy,replace,,,,,saturation_cleaned_bandpass_filtered,0,2000000.0,7000.0,80000.0,500,0.0001,300,300,0
train,particles2SNR_pipeline/output/p0_c1_Particles2SNR_F_staging/train/2um/HFocusing_5_10_2um2_0_800.npy,P0/data/dataset_Particles2SNR_F_c1/train/2um/HFocusing_5_10_2um2_0_800.npy,2um,HFocusing_5_10_2um2_0_800.npy,replace,,,,,saturation_cleaned_bandpass_filtered,0,2000000.0,7000.0,80000.0,500,0.0001,300,300,0
train,particles2SNR_pipeline/output/p0_c1_Particles2SNR_F_staging/train/2um/HFocusing_5_10_2um2_0_801.npy,P0/data/dataset_Particles2SNR_F_c1/train/2um/HFocusing_5_10_2um2_0_801.npy,2um,HFocusing_5_10_2um2_0_801.npy,replace,,,,,saturation_cleaned_bandpass_filtered,0,2000000.0,7000.0,80000.0,500,0.0001,300,300,0
train,particles2SNR_pipeline/output/p0_c1_Particles2SNR_F_staging/train/2um/HFocusing_5_10_2um2_0_805.npy,P0/data/dataset_Particles2SNR_F_c1/train/2um/HFocusing_5_10_2um2_0_805.npy,2um,HFocusing_5_10_2um2_0_805.npy,replace,,,,,saturation_cleaned_bandpass_filtered,0,2000000.0,7000.0,80000.0,500,0.0001,300,300,0
train,particles2SNR_pipeline/output/p0_c1_Particles2SNR_F_staging/train/2um/HFocusing_5_10_2um2_0_808.npy,P0/data/dataset_Particles2SNR_F_c1/train/2um/HFocusing_5_10_2um2_0_808.npy,2um,HFocusing_5_10_2um2_0_808.npy,replace,,,,,saturation_cleaned_bandpass_filtered,0,2000000.0,7000.0,80000.0,500,0.0001,300,300,0
train,particles2SNR_pipeline/output/p0_c1_Particles2SNR_F_staging/train/2um/HFocusing_5_10_2um2_0_81.npy,P0/data/dataset_Particles2SNR_F_c1/train/2um/HFocusing_5_10_2um2_0_81.npy,2um,HFocusing_5_10_2um2_0_81.npy,replace,,,,,saturation_cleaned_bandpass_filtered,0,2000000.0,7000.0,80000.0,500,0.0001,300,300,0
train,particles2SNR_pipeline/output/p0_c1_Particles2SNR_F_staging/train/2um/HFocusing_5_10_2um2_0_811.npy,P0/data/dataset_Particles2SNR_F_c1/train/2um/HFocusing_5_10_2um2_0_811.npy,2um,HFocusing_5_10_2um2_0_811.npy,replace,,,,,saturation_cleaned_bandpass_filtered,0,2000000.0,7000.0,80000.0,500,0.0001,300,300,0
train,particles2SNR_pipeline/output/p0_c1_Particles2SNR_F_staging/train/2um/HFocusing_5_10_2um2_0_812.npy,P0/data/dataset_Particles2SNR_F_c1/train/2um/HFocusing_5_10_2um2_0_812.npy,2um,HFocusing_5_10_2um2_0_812.npy,replace,,,,,saturation_cleaned_bandpass_filtered,0,2000000.0,7000.0,80000.0,500,0.0001,300,300,0
train,particles2SNR_pipeline/output/p0_c1_Particles2SNR_F_staging/train/2um/HFocusing_5_10_2um2_0_814.npy,P0/data/dataset_Particles2SNR_F_c1/train/2um/HFocusing_5_10_2um2_0_814.npy,2um,HFocusing_5_10_2um2_0_814.npy,replace,,,,,saturation_cleaned_bandpass_filtered,0,2000000.0,7000.0,80000.0,500,0.0001,300,300,0
train,particles2SNR_pipeline/output/p0_c1_Particles2SNR_F_staging/train/2um/HFocusing_5_10_2um2_0_815.npy,P0/data/dataset_Particles2SNR_F_c1/train/2um/HFocusing_5_10_2um2_0_815.npy,2um,HFocusing_5_10_2um2_0_815.npy,replace,,,,,saturation_cleaned_bandpass_filtered,0,2000000.0,7000.0,80000.0,500,0.0001,300,300,0
train,particles2SNR_pipeline/output/p0_c1_Particles2SNR_F_staging/train/2um/HFocusing_5_10_2um2_0_818.npy,P0/data/dataset_Particles2SNR_F_c1/train/2um/HFocusing_5_10_2um2_0_818.npy,2um,HFocusing_5_10_2um2_0_818.npy,replace,,,,,saturation_cleaned_bandpass_filtered,0,2000000.0,7000.0,80000.0,500,0.0001,300,300,0
train,particles2SNR_pipeline/output/p0_c1_Particles2SNR_F_staging/train/2um/HFocusing_5_10_2um2_0_821.npy,P0/data/dataset_Particles2SNR_F_c1/train/2um/HFocusing_5_10_2um2_0_821.npy,2um,HFocusing_5_10_2um2_0_821.npy,replace,,,,,saturation_cleaned_bandpass_filtered,0,2000000.0,7000.0,80000.0,500,0.0001,300,300,0
train,particles2SNR_pipeline/output/p0_c1_Particles2SNR_F_staging/train/2um/HFocusing_5_10_2um2_0_828.npy,P0/data/dataset_Particles2SNR_F_c1/train/2um/HFocusing_5_10_2um2_0_828.npy,2um,HFocusing_5_10_2um2_0_828.npy,replace,,,,,saturation_cleaned_bandpass_filtered,0,2000000.0,7000.0,80000.0,500,0.0001,300,300,0
train,particles2SNR_pipeline/output/p0_c1_Particles2SNR_F_staging/train/2um/HFocusing_5_10_2um2_0_829.npy,P0/data/dataset_Particles2SNR_F_c1/train/2um/HFocusing_5_10_2um2_0_829.npy,2um,HFocusing_5_10_2um2_0_829.npy,replace,,,,,saturation_cleaned_bandpass_filtered,0,2000000.0,7000.0,80000.0,500,0.0001,300,300,0
train,particles2SNR_pipeline/output/p0_c1_Particles2SNR_F_staging/train/2um/HFocusing_5_10_2um2_0_832.npy,P0/data/dataset_Particles2SNR_F_c1/train/2um/HFocusing_5_10_2um2_0_832.npy,2um,HFocusing_5_10_2um2_0_832.npy,replace,,,,,saturation_cleaned_bandpass_filtered,0,2000000.0,7000.0,80000.0,500,0.0001,300,300,0
train,particles2SNR_pipeline/output/p0_c1_Particles2SNR_F_staging/train/2um/HFocusing_5_10_2um2_0_835.npy,P0/data/dataset_Particles2SNR_F_c1/train/2um/HFocusing_5_10_2um2_0_835.npy,2um,HFocusing_5_10_2um2_0_835.npy,replace,,,,,saturation_cleaned_bandpass_filtered,0,2000000.0,7000.0,80000.0,500,0.0001,300,300,0
train,particles2SNR_pipeline/output/p0_c1_Particles2SNR_F_staging/train/2um/HFocusing_5_10_2um2_0_836.npy,P0/data/dataset_Particles2SNR_F_c1/train/2um/HFocusing_5_10_2um2_0_836.npy,2um,HFocusing_5_10_2um2_0_836.npy,replace,,,,,saturation_cleaned_bandpass_filtered,0,2000000.0,7000.0,80000.0,500,0.0001,300,300,0
train,particles2SNR_pipeline/output/p0_c1_Particles2SNR_F_staging/train/2um/HFocusing_5_10_2um2_0_839.npy,P0/data/dataset_Particles2SNR_F_c1/train/2um/HFocusing_5_10_2um2_0_839.npy,2um,HFocusing_5_10_2um2_0_839.npy,replace,,,,,saturation_cleaned_bandpass_filtered,0,2000000.0,7000.0,80000.0,500,0.0001,300,300,0
train,particles2SNR_pipeline/output/p0_c1_Particles2SNR_F_staging/train/2um/HFocusing_5_10_2um2_0_84.npy,P0/data/dataset_Particles2SNR_F_c1/train/2um/HFocusing_5_10_2um2_0_84.npy,2um,HFocusing_5_10_2um2_0_84.npy,replace,,,,,saturation_cleaned_bandpass_filtered,0,2000000.0,7000.0,80000.0,500,0.0001,300,300,0
train,particles2SNR_pipeline/output/p0_c1_Particles2SNR_F_staging/train/2um/HFocusing_5_10_2um2_0_842.npy,P0/data/dataset_Particles2SNR_F_c1/train/2um/HFocusing_5_10_2um2_0_842.npy,2um,HFocusing_5_10_2um2_0_842.npy,replace,,,,,saturation_cleaned_bandpass_filtered,0,2000000.0,7000.0,80000.0,500,0.0001,300,300,0
train,particles2SNR_pipeline/output/p0_c1_Particles2SNR_F_staging/train/2um/HFocusing_5_10_2um2_0_846.npy,P0/data/dataset_Particles2SNR_F_c1/train/2um/HFocusing_5_10_2um2_0_846.npy,2um,HFocusing_5_10_2um2_0_846.npy,replace,,,,,saturation_cleaned_bandpass_filtered,0,2000000.0,7000.0,80000.0,500,0.0001,300,300,0
train,particles2SNR_pipeline/output/p0_c1_Particles2SNR_F_staging/train/2um/HFocusing_5_10_2um2_0_847.npy,P0/data/dataset_Particles2SNR_F_c1/train/2um/HFocusing_5_10_2um2_0_847.npy,2um,HFocusing_5_10_2um2_0_847.npy,replace,,,,,saturation_cleaned_bandpass_filtered,0,2000000.0,7000.0,80000.0,500,0.0001,300,300,0
train,particles2SNR_pipeline/output/p0_c1_Particles2SNR_F_staging/train/2um/HFocusing_5_10_2um2_0_850.npy,P0/data/dataset_Particles2SNR_F_c1/train/2um/HFocusing_5_10_2um2_0_850.npy,2um,HFocusing_5_10_2um2_0_850.npy,replace,,,,,saturation_cleaned_bandpass_filtered,0,2000000.0,7000.0,80000.0,500,0.0001,300,300,0
train,particles2SNR_pipeline/output/p0_c1_Particles2SNR_F_staging/train/2um/HFocusing_5_10_2um2_0_853.npy,P0/data/dataset_Particles2SNR_F_c1/train/2um/HFocusing_5_10_2um2_0_853.npy,2um,HFocusing_5_10_2um2_0_853.npy,replace,,,,,saturation_cleaned_bandpass_filtered,0,2000000.0,7000.0,80000.0,500,0.0001,300,300,0
train,particles2SNR_pipeline/output/p0_c1_Particles2SNR_F_staging/train/2um/HFocusing_5_10_2um2_0_857.npy,P0/data/dataset_Particles2SNR_F_c1/train/2um/HFocusing_5_10_2um2_0_857.npy,2um,HFocusing_5_10_2um2_0_857.npy,replace,,,,,saturation_cleaned_bandpass_filtered,0,2000000.0,7000.0,80000.0,500,0.0001,300,300,0
train,particles2SNR_pipeline/output/p0_c1_Particles2SNR_F_staging/train/2um/HFocusing_5_10_2um2_0_859.npy,P0/data/dataset_Particles2SNR_F_c1/train/2um/HFocusing_5_10_2um2_0_859.npy,2um,HFocusing_5_10_2um2_0_859.npy,replace,,,,,saturation_cleaned_bandpass_filtered,0,2000000.0,7000.0,80000.0,500,0.0001,300,300,0
train,particles2SNR_pipeline/output/p0_c1_Particles2SNR_F_staging/train/2um/HFocusing_5_10_2um2_0_862.npy,P0/data/dataset_Particles2SNR_F_c1/train/2um/HFocusing_5_10_2um2_0_862.npy,2um,HFocusing_5_10_2um2_0_862.npy,replace,,,,,saturation_cleaned_bandpass_filtered,0,2000000.0,7000.0,80000.0,500,0.0001,300,300,0
train,particles2SNR_pipeline/output/p0_c1_Particles2SNR_F_staging/train/2um/HFocusing_5_10_2um2_0_867.npy,P0/data/dataset_Particles2SNR_F_c1/train/2um/HFocusing_5_10_2um2_0_867.npy,2um,HFocusing_5_10_2um2_0_867.npy,replace,,,,,saturation_cleaned_bandpass_filtered,0,2000000.0,7000.0,80000.0,500,0.0001,300,300,0
train,particles2SNR_pipeline/output/p0_c1_Particles2SNR_F_staging/train/2um/HFocusing_5_10_2um2_0_869.npy,P0/data/dataset_Particles2SNR_F_c1/train/2um/HFocusing_5_10_2um2_0_869.npy,2um,HFocusing_5_10_2um2_0_869.npy,replace,,,,,saturation_cleaned_bandpass_filtered,0,2000000.0,7000.0,80000.0,500,0.0001,300,300,0
train,particles2SNR_pipeline/output/p0_c1_Particles2SNR_F_staging/train/2um/HFocusing_5_10_2um2_0_87.npy,P0/data/dataset_Particles2SNR_F_c1/train/2um/HFocusing_5_10_2um2_0_87.npy,2um,HFocusing_5_10_2um2_0_87.npy,replace,,,,,saturation_cleaned_bandpass_filtered,0,2000000.0,7000.0,80000.0,500,0.0001,300,300,0
train,particles2SNR_pipeline/output/p0_c1_Particles2SNR_F_staging/train/2um/HFocusing_5_10_2um2_0_873.npy,P0/data/dataset_Particles2SNR_F_c1/train/2um/HFocusing_5_10_2um2_0_873.npy,2um,HFocusing_5_10_2um2_0_873.npy,replace,,,,,saturation_cleaned_bandpass_filtered,0,2000000.0,7000.0,80000.0,500,0.0001,300,300,0
train,particles2SNR_pipeline/output/p0_c1_Particles2SNR_F_staging/train/2um/HFocusing_5_10_2um2_0_876.npy,P0/data/dataset_Particles2SNR_F_c1/train/2um/HFocusing_5_10_2um2_0_876.npy,2um,HFocusing_5_10_2um2_0_876.npy,replace,,,,,saturation_cleaned_bandpass_filtered,0,2000000.0,7000.0,80000.0,500,0.0001,300,300,0
train,particles2SNR_pipeline/output/p0_c1_Particles2SNR_F_staging/train/2um/HFocusing_5_10_2um2_0_877.npy,P0/data/dataset_Particles2SNR_F_c1/train/2um/HFocusing_5_10_2um2_0_877.npy,2um,HFocusing_5_10_2um2_0_877.npy,replace,,,,,saturation_cleaned_bandpass_filtered,0,2000000.0,7000.0,80000.0,500,0.0001,300,300,0
train,particles2SNR_pipeline/output/p0_c1_Particles2SNR_F_staging/train/2um/HFocusing_5_10_2um2_0_879.npy,P0/data/dataset_Particles2SNR_F_c1/train/2um/HFocusing_5_10_2um2_0_879.npy,2um,HFocusing_5_10_2um2_0_879.npy,replace,,,,,saturation_cleaned_bandpass_filtered,0,2000000.0,7000.0,80000.0,500,0.0001,300,300,0
train,particles2SNR_pipeline/output/p0_c1_Particles2SNR_F_staging/train/2um/HFocusing_5_10_2um2_0_880.npy,P0/data/dataset_Particles2SNR_F_c1/train/2um/HFocusing_5_10_2um2_0_880.npy,2um,HFocusing_5_10_2um2_0_880.npy,replace,,,,,saturation_cleaned_bandpass_filtered,0,2000000.0,7000.0,80000.0,500,0.0001,300,300,0
train,particles2SNR_pipeline/output/p0_c1_Particles2SNR_F_staging/train/2um/HFocusing_5_10_2um2_0_883.npy,P0/data/dataset_Particles2SNR_F_c1/train/2um/HFocusing_5_10_2um2_0_883.npy,2um,HFocusing_5_10_2um2_0_883.npy,replace,,,,,saturation_cleaned_bandpass_filtered,0,2000000.0,7000.0,80000.0,500,0.0001,300,300,0
train,particles2SNR_pipeline/output/p0_c1_Particles2SNR_F_staging/train/2um/HFocusing_5_10_2um2_0_886.npy,P0/data/dataset_Particles2SNR_F_c1/train/2um/HFocusing_5_10_2um2_0_886.npy,2um,HFocusing_5_10_2um2_0_886.npy,replace,,,,,saturation_cleaned_bandpass_filtered,0,2000000.0,7000.0,80000.0,500,0.0001,300,300,0
train,particles2SNR_pipeline/output/p0_c1_Particles2SNR_F_staging/train/2um/HFocusing_5_10_2um2_0_887.npy,P0/data/dataset_Particles2SNR_F_c1/train/2um/HFocusing_5_10_2um2_0_887.npy,2um,HFocusing_5_10_2um2_0_887.npy,replace,,,,,saturation_cleaned_bandpass_filtered,0,2000000.0,7000.0,80000.0,500,0.0001,300,300,0
train,particles2SNR_pipeline/output/p0_c1_Particles2SNR_F_staging/train/2um/HFocusing_5_10_2um2_0_892.npy,P0/data/dataset_Particles2SNR_F_c1/train/2um/HFocusing_5_10_2um2_0_892.npy,2um,HFocusing_5_10_2um2_0_892.npy,replace,,,,,saturation_cleaned_bandpass_filtered,0,2000000.0,7000.0,80000.0,500,0.0001,300,300,0
train,particles2SNR_pipeline/output/p0_c1_Particles2SNR_F_staging/train/2um/HFocusing_5_10_2um2_0_900.npy,P0/data/dataset_Particles2SNR_F_c1/train/2um/HFocusing_5_10_2um2_0_900.npy,2um,HFocusing_5_10_2um2_0_900.npy,replace,,,,,saturation_cleaned_bandpass_filtered,0,2000000.0,7000.0,80000.0,500,0.0001,300,300,0
train,particles2SNR_pipeline/output/p0_c1_Particles2SNR_F_staging/train/2um/HFocusing_5_10_2um2_0_903.npy,P0/data/dataset_Particles2SNR_F_c1/train/2um/HFocusing_5_10_2um2_0_903.npy,2um,HFocusing_5_10_2um2_0_903.npy,replace,,,,,saturation_cleaned_bandpass_filtered,0,2000000.0,7000.0,80000.0,500,0.0001,300,300,0
train,particles2SNR_pipeline/output/p0_c1_Particles2SNR_F_staging/train/2um/HFocusing_5_10_2um2_0_904.npy,P0/data/dataset_Particles2SNR_F_c1/train/2um/HFocusing_5_10_2um2_0_904.npy,2um,HFocusing_5_10_2um2_0_904.npy,replace,,,,,saturation_cleaned_bandpass_filtered,0,2000000.0,7000.0,80000.0,500,0.0001,300,300,0
train,particles2SNR_pipeline/output/p0_c1_Particles2SNR_F_staging/train/2um/HFocusing_5_10_2um2_0_906.npy,P0/data/dataset_Particles2SNR_F_c1/train/2um/HFocusing_5_10_2um2_0_906.npy,2um,HFocusing_5_10_2um2_0_906.npy,replace,,,,,saturation_cleaned_bandpass_filtered,0,2000000.0,7000.0,80000.0,500,0.0001,300,300,0
train,particles2SNR_pipeline/output/p0_c1_Particles2SNR_F_staging/train/2um/HFocusing_5_10_2um2_0_909.npy,P0/data/dataset_Particles2SNR_F_c1/train/2um/HFocusing_5_10_2um2_0_909.npy,2um,HFocusing_5_10_2um2_0_909.npy,replace,,,,,saturation_cleaned_bandpass_filtered,0,2000000.0,7000.0,80000.0,500,0.0001,300,300,0
train,particles2SNR_pipeline/output/p0_c1_Particles2SNR_F_staging/train/2um/HFocusing_5_10_2um2_0_91.npy,P0/data/dataset_Particles2SNR_F_c1/train/2um/HFocusing_5_10_2um2_0_91.npy,2um,HFocusing_5_10_2um2_0_91.npy,replace,,,,,saturation_cleaned_bandpass_filtered,0,2000000.0,7000.0,80000.0,500,0.0001,300,300,0
train,particles2SNR_pipeline/output/p0_c1_Particles2SNR_F_staging/train/2um/HFocusing_5_10_2um2_0_913.npy,P0/data/dataset_Particles2SNR_F_c1/train/2um/HFocusing_5_10_2um2_0_913.npy,2um,HFocusing_5_10_2um2_0_913.npy,replace,,,,,saturation_cleaned_bandpass_filtered,0,2000000.0,7000.0,80000.0,500,0.0001,300,300,0
train,particles2SNR_pipeline/output/p0_c1_Particles2SNR_F_staging/train/2um/HFocusing_5_10_2um2_0_914.npy,P0/data/dataset_Particles2SNR_F_c1/train/2um/HFocusing_5_10_2um2_0_914.npy,2um,HFocusing_5_10_2um2_0_914.npy,replace,,,,,saturation_cleaned_bandpass_filtered,0,2000000.0,7000.0,80000.0,500,0.0001,300,300,0
train,particles2SNR_pipeline/output/p0_c1_Particles2SNR_F_staging/train/2um/HFocusing_5_10_2um2_0_924.npy,P0/data/dataset_Particles2SNR_F_c1/train/2um/HFocusing_5_10_2um2_0_924.npy,2um,HFocusing_5_10_2um2_0_924.npy,replace,,,,,saturation_cleaned_bandpass_filtered,0,2000000.0,7000.0,80000.0,500,0.0001,300,300,0
train,particles2SNR_pipeline/output/p0_c1_Particles2SNR_F_staging/train/2um/HFocusing_5_10_2um2_0_928.npy,P0/data/dataset_Particles2SNR_F_c1/train/2um/HFocusing_5_10_2um2_0_928.npy,2um,HFocusing_5_10_2um2_0_928.npy,replace,,,,,saturation_cleaned_bandpass_filtered,0,2000000.0,7000.0,80000.0,500,0.0001,300,300,0
train,particles2SNR_pipeline/output/p0_c1_Particles2SNR_F_staging/train/2um/HFocusing_5_10_2um2_0_931.npy,P0/data/dataset_Particles2SNR_F_c1/train/2um/HFocusing_5_10_2um2_0_931.npy,2um,HFocusing_5_10_2um2_0_931.npy,replace,,,,,saturation_cleaned_bandpass_filtered,0,2000000.0,7000.0,80000.0,500,0.0001,300,300,0
train,particles2SNR_pipeline/output/p0_c1_Particles2SNR_F_staging/train/2um/HFocusing_5_10_2um2_0_934.npy,P0/data/dataset_Particles2SNR_F_c1/train/2um/HFocusing_5_10_2um2_0_934.npy,2um,HFocusing_5_10_2um2_0_934.npy,replace,,,,,saturation_cleaned_bandpass_filtered,0,2000000.0,7000.0,80000.0,500,0.0001,300,300,0
train,particles2SNR_pipeline/output/p0_c1_Particles2SNR_F_staging/train/2um/HFocusing_5_10_2um2_0_935.npy,P0/data/dataset_Particles2SNR_F_c1/train/2um/HFocusing_5_10_2um2_0_935.npy,2um,HFocusing_5_10_2um2_0_935.npy,replace,,,,,saturation_cleaned_bandpass_filtered,0,2000000.0,7000.0,80000.0,500,0.0001,300,300,0
train,particles2SNR_pipeline/output/p0_c1_Particles2SNR_F_staging/train/2um/HFocusing_5_10_2um2_0_938.npy,P0/data/dataset_Particles2SNR_F_c1/train/2um/HFocusing_5_10_2um2_0_938.npy,2um,HFocusing_5_10_2um2_0_938.npy,replace,,,,,saturation_cleaned_bandpass_filtered,0,2000000.0,7000.0,80000.0,500,0.0001,300,300,0
train,particles2SNR_pipeline/output/p0_c1_Particles2SNR_F_staging/train/2um/HFocusing_5_10_2um2_0_94.npy,P0/data/dataset_Particles2SNR_F_c1/train/2um/HFocusing_5_10_2um2_0_94.npy,2um,HFocusing_5_10_2um2_0_94.npy,replace,,,,,saturation_cleaned_bandpass_filtered,0,2000000.0,7000.0,80000.0,500,0.0001,300,300,0
train,particles2SNR_pipeline/output/p0_c1_Particles2SNR_F_staging/train/2um/HFocusing_5_10_2um2_0_941.npy,P0/data/dataset_Particles2SNR_F_c1/train/2um/HFocusing_5_10_2um2_0_941.npy,2um,HFocusing_5_10_2um2_0_941.npy,replace,,,,,saturation_cleaned_bandpass_filtered,0,2000000.0,7000.0,80000.0,500,0.0001,300,300,0
train,particles2SNR_pipeline/output/p0_c1_Particles2SNR_F_staging/train/2um/HFocusing_5_10_2um2_0_945.npy,P0/data/dataset_Particles2SNR_F_c1/train/2um/HFocusing_5_10_2um2_0_945.npy,2um,HFocusing_5_10_2um2_0_945.npy,replace,,,,,saturation_cleaned_bandpass_filtered,0,2000000.0,7000.0,80000.0,500,0.0001,300,300,0
train,particles2SNR_pipeline/output/p0_c1_Particles2SNR_F_staging/train/2um/HFocusing_5_10_2um2_0_948.npy,P0/data/dataset_Particles2SNR_F_c1/train/2um/HFocusing_5_10_2um2_0_948.npy,2um,HFocusing_5_10_2um2_0_948.npy,replace,,,,,saturation_cleaned_bandpass_filtered,0,2000000.0,7000.0,80000.0,500,0.0001,300,300,0
train,particles2SNR_pipeline/output/p0_c1_Particles2SNR_F_staging/train/2um/HFocusing_5_10_2um2_0_95.npy,P0/data/dataset_Particles2SNR_F_c1/train/2um/HFocusing_5_10_2um2_0_95.npy,2um,HFocusing_5_10_2um2_0_95.npy,replace,,,,,saturation_cleaned_bandpass_filtered,0,2000000.0,7000.0,80000.0,500,0.0001,300,300,0
train,particles2SNR_pipeline/output/p0_c1_Particles2SNR_F_staging/train/2um/HFocusing_5_10_2um2_0_952.npy,P0/data/dataset_Particles2SNR_F_c1/train/2um/HFocusing_5_10_2um2_0_952.npy,2um,HFocusing_5_10_2um2_0_952.npy,replace,,,,,saturation_cleaned_bandpass_filtered,0,2000000.0,7000.0,80000.0,500,0.0001,300,300,0
train,particles2SNR_pipeline/output/p0_c1_Particles2SNR_F_staging/train/2um/HFocusing_5_10_2um2_0_953.npy,P0/data/dataset_Particles2SNR_F_c1/train/2um/HFocusing_5_10_2um2_0_953.npy,2um,HFocusing_5_10_2um2_0_953.npy,replace,,,,,saturation_cleaned_bandpass_filtered,0,2000000.0,7000.0,80000.0,500,0.0001,300,300,0
train,particles2SNR_pipeline/output/p0_c1_Particles2SNR_F_staging/train/2um/HFocusing_5_10_2um2_0_956.npy,P0/data/dataset_Particles2SNR_F_c1/train/2um/HFocusing_5_10_2um2_0_956.npy,2um,HFocusing_5_10_2um2_0_956.npy,replace,,,,,saturation_cleaned_bandpass_filtered,0,2000000.0,7000.0,80000.0,500,0.0001,300,300,0
train,particles2SNR_pipeline/output/p0_c1_Particles2SNR_F_staging/train/2um/HFocusing_5_10_2um2_0_959.npy,P0/data/dataset_Particles2SNR_F_c1/train/2um/HFocusing_5_10_2um2_0_959.npy,2um,HFocusing_5_10_2um2_0_959.npy,replace,,,,,saturation_cleaned_bandpass_filtered,0,2000000.0,7000.0,80000.0,500,0.0001,300,300,0
train,particles2SNR_pipeline/output/p0_c1_Particles2SNR_F_staging/train/2um/HFocusing_5_10_2um2_0_963.npy,P0/data/dataset_Particles2SNR_F_c1/train/2um/HFocusing_5_10_2um2_0_963.npy,2um,HFocusing_5_10_2um2_0_963.npy,replace,,,,,saturation_cleaned_bandpass_filtered,0,2000000.0,7000.0,80000.0,500,0.0001,300,300,0
train,particles2SNR_pipeline/output/p0_c1_Particles2SNR_F_staging/train/2um/HFocusing_5_10_2um2_0_964.npy,P0/data/dataset_Particles2SNR_F_c1/train/2um/HFocusing_5_10_2um2_0_964.npy,2um,HFocusing_5_10_2um2_0_964.npy,replace,,,,,saturation_cleaned_bandpass_filtered,0,2000000.0,7000.0,80000.0,500,0.0001,300,300,0
train,particles2SNR_pipeline/output/p0_c1_Particles2SNR_F_staging/train/2um/HFocusing_5_10_2um2_0_967.npy,P0/data/dataset_Particles2SNR_F_c1/train/2um/HFocusing_5_10_2um2_0_967.npy,2um,HFocusing_5_10_2um2_0_967.npy,replace,,,,,saturation_cleaned_bandpass_filtered,0,2000000.0,7000.0,80000.0,500,0.0001,300,300,0
train,particles2SNR_pipeline/output/p0_c1_Particles2SNR_F_staging/train/2um/HFocusing_5_10_2um2_0_971.npy,P0/data/dataset_Particles2SNR_F_c1/train/2um/HFocusing_5_10_2um2_0_971.npy,2um,HFocusing_5_10_2um2_0_971.npy,replace,,,,,saturation_cleaned_bandpass_filtered,0,2000000.0,7000.0,80000.0,500,0.0001,300,300,0
train,particles2SNR_pipeline/output/p0_c1_Particles2SNR_F_staging/train/2um/HFocusing_5_10_2um2_0_974.npy,P0/data/dataset_Particles2SNR_F_c1/train/2um/HFocusing_5_10_2um2_0_974.npy,2um,HFocusing_5_10_2um2_0_974.npy,replace,,,,,saturation_cleaned_bandpass_filtered,0,2000000.0,7000.0,80000.0,500,0.0001,300,300,0
train,particles2SNR_pipeline/output/p0_c1_Particles2SNR_F_staging/train/2um/HFocusing_5_10_2um2_0_977.npy,P0/data/dataset_Particles2SNR_F_c1/train/2um/HFocusing_5_10_2um2_0_977.npy,2um,HFocusing_5_10_2um2_0_977.npy,replace,,,,,saturation_cleaned_bandpass_filtered,0,2000000.0,7000.0,80000.0,500,0.0001,300,300,0
train,particles2SNR_pipeline/output/p0_c1_Particles2SNR_F_staging/train/2um/HFocusing_5_10_2um2_0_980.npy,P0/data/dataset_Particles2SNR_F_c1/train/2um/HFocusing_5_10_2um2_0_980.npy,2um,HFocusing_5_10_2um2_0_980.npy,replace,,,,,saturation_cleaned_bandpass_filtered,0,2000000.0,7000.0,80000.0,500,0.0001,300,300,0
train,particles2SNR_pipeline/output/p0_c1_Particles2SNR_F_staging/train/2um/HFocusing_5_10_2um2_0_983.npy,P0/data/dataset_Particles2SNR_F_c1/train/2um/HFocusing_5_10_2um2_0_983.npy,2um,HFocusing_5_10_2um2_0_983.npy,replace,,,,,saturation_cleaned_bandpass_filtered,0,2000000.0,7000.0,80000.0,500,0.0001,300,300,0
train,particles2SNR_pipeline/output/p0_c1_Particles2SNR_F_staging/train/2um/HFocusing_5_10_2um2_0_987.npy,P0/data/dataset_Particles2SNR_F_c1/train/2um/HFocusing_5_10_2um2_0_987.npy,2um,HFocusing_5_10_2um2_0_987.npy,replace,,,,,saturation_cleaned_bandpass_filtered,0,2000000.0,7000.0,80000.0,500,0.0001,300,300,0
train,particles2SNR_pipeline/output/p0_c1_Particles2SNR_F_staging/train/2um/HFocusing_5_10_2um2_0_990.npy,P0/data/dataset_Particles2SNR_F_c1/train/2um/HFocusing_5_10_2um2_0_990.npy,2um,HFocusing_5_10_2um2_0_990.npy,replace,,,,,saturation_cleaned_bandpass_filtered,0,2000000.0,7000.0,80000.0,500,0.0001,300,300,0
train,particles2SNR_pipeline/output/p0_c1_Particles2SNR_F_staging/train/2um/HFocusing_5_10_2um2_0_991.npy,P0/data/dataset_Particles2SNR_F_c1/train/2um/HFocusing_5_10_2um2_0_991.npy,2um,HFocusing_5_10_2um2_0_991.npy,replace,,,,,saturation_cleaned_bandpass_filtered,0,2000000.0,7000.0,80000.0,500,0.0001,300,300,0
train,particles2SNR_pipeline/output/p0_c1_Particles2SNR_F_staging/train/2um/HFocusing_5_10_2um2_0_997.npy,P0/data/dataset_Particles2SNR_F_c1/train/2um/HFocusing_5_10_2um2_0_997.npy,2um,HFocusing_5_10_2um2_0_997.npy,replace,,,,,saturation_cleaned_bandpass_filtered,0,2000000.0,7000.0,80000.0,500,0.0001,300,300,0
train,particles2SNR_pipeline/output/p0_c1_Particles2SNR_F_staging/train/4um/HFocusing_5_10_4um_0_1.npy,P0/data/dataset_Particles2SNR_F_c1/train/4um/HFocusing_5_10_4um_0_1.npy,4um,HFocusing_5_10_4um_0_1.npy,replace,,,,,saturation_cleaned_bandpass_filtered,0,2000000.0,7000.0,80000.0,500,0.0001,300,300,0
train,particles2SNR_pipeline/output/p0_c1_Particles2SNR_F_staging/train/4um/HFocusing_5_10_4um_0_100.npy,P0/data/dataset_Particles2SNR_F_c1/train/4um/HFocusing_5_10_4um_0_100.npy,4um,HFocusing_5_10_4um_0_100.npy,replace,,,,,saturation_cleaned_bandpass_filtered,0,2000000.0,7000.0,80000.0,500,0.0001,300,300,0
train,particles2SNR_pipeline/output/p0_c1_Particles2SNR_F_staging/train/4um/HFocusing_5_10_4um_0_1000.npy,P0/data/dataset_Particles2SNR_F_c1/train/4um/HFocusing_5_10_4um_0_1000.npy,4um,HFocusing_5_10_4um_0_1000.npy,replace,,,,,saturation_cleaned_bandpass_filtered,0,2000000.0,7000.0,80000.0,500,0.0001,300,300,0
train,particles2SNR_pipeline/output/p0_c1_Particles2SNR_F_staging/train/4um/HFocusing_5_10_4um_0_1001.npy,P0/data/dataset_Particles2SNR_F_c1/train/4um/HFocusing_5_10_4um_0_1001.npy,4um,HFocusing_5_10_4um_0_1001.npy,replace,,,,,saturation_cleaned_bandpass_filtered,0,2000000.0,7000.0,80000.0,500,0.0001,300,300,0
train,particles2SNR_pipeline/output/p0_c1_Particles2SNR_F_staging/train/4um/HFocusing_5_10_4um_0_1008.npy,P0/data/dataset_Particles2SNR_F_c1/train/4um/HFocusing_5_10_4um_0_1008.npy,4um,HFocusing_5_10_4um_0_1008.npy,replace,,,,,saturation_cleaned_bandpass_filtered,0,2000000.0,7000.0,80000.0,500,0.0001,300,300,0
train,particles2SNR_pipeline/output/p0_c1_Particles2SNR_F_staging/train/4um/HFocusing_5_10_4um_0_101.npy,P0/data/dataset_Particles2SNR_F_c1/train/4um/HFocusing_5_10_4um_0_101.npy,4um,HFocusing_5_10_4um_0_101.npy,replace,,,,,saturation_cleaned_bandpass_filtered,0,2000000.0,7000.0,80000.0,500,0.0001,300,300,0
train,particles2SNR_pipeline/output/p0_c1_Particles2SNR_F_staging/train/4um/HFocusing_5_10_4um_0_1011.npy,P0/data/dataset_Particles2SNR_F_c1/train/4um/HFocusing_5_10_4um_0_1011.npy,4um,HFocusing_5_10_4um_0_1011.npy,replace,,,,,saturation_cleaned_bandpass_filtered,0,2000000.0,7000.0,80000.0,500,0.0001,300,300,0
train,particles2SNR_pipeline/output/p0_c1_Particles2SNR_F_staging/train/4um/HFocusing_5_10_4um_0_1014.npy,P0/data/dataset_Particles2SNR_F_c1/train/4um/HFocusing_5_10_4um_0_1014.npy,4um,HFocusing_5_10_4um_0_1014.npy,replace,,,,,saturation_cleaned_bandpass_filtered,0,2000000.0,7000.0,80000.0,500,0.0001,300,300,0
train,particles2SNR_pipeline/output/p0_c1_Particles2SNR_F_staging/train/4um/HFocusing_5_10_4um_0_1016.npy,P0/data/dataset_Particles2SNR_F_c1/train/4um/HFocusing_5_10_4um_0_1016.npy,4um,HFocusing_5_10_4um_0_1016.npy,replace,,,,,saturation_cleaned_bandpass_filtered,0,2000000.0,7000.0,80000.0,500,0.0001,300,300,0
train,particles2SNR_pipeline/output/p0_c1_Particles2SNR_F_staging/train/4um/HFocusing_5_10_4um_0_1019.npy,P0/data/dataset_Particles2SNR_F_c1/train/4um/HFocusing_5_10_4um_0_1019.npy,4um,HFocusing_5_10_4um_0_1019.npy,replace,,,,,saturation_cleaned_bandpass_filtered,0,2000000.0,7000.0,80000.0,500,0.0001,300,300,0
train,particles2SNR_pipeline/output/p0_c1_Particles2SNR_F_staging/train/4um/HFocusing_5_10_4um_0_102.npy,P0/data/dataset_Particles2SNR_F_c1/train/4um/HFocusing_5_10_4um_0_102.npy,4um,HFocusing_5_10_4um_0_102.npy,replace,,,,,saturation_cleaned_bandpass_filtered,0,2000000.0,7000.0,80000.0,500,0.0001,300,300,0
train,particles2SNR_pipeline/output/p0_c1_Particles2SNR_F_staging/train/4um/HFocusing_5_10_4um_0_1026.npy,P0/data/dataset_Particles2SNR_F_c1/train/4um/HFocusing_5_10_4um_0_1026.npy,4um,HFocusing_5_10_4um_0_1026.npy,replace,,,,,saturation_cleaned_bandpass_filtered,0,2000000.0,7000.0,80000.0,500,0.0001,300,300,0
train,particles2SNR_pipeline/output/p0_c1_Particles2SNR_F_staging/train/4um/HFocusing_5_10_4um_0_1029.npy,P0/data/dataset_Particles2SNR_F_c1/train/4um/HFocusing_5_10_4um_0_1029.npy,4um,HFocusing_5_10_4um_0_1029.npy,replace,,,,,saturation_cleaned_bandpass_filtered,0,2000000.0,7000.0,80000.0,500,0.0001,300,300,0
train,particles2SNR_pipeline/output/p0_c1_Particles2SNR_F_staging/train/4um/HFocusing_5_10_4um_0_1033.npy,P0/data/dataset_Particles2SNR_F_c1/train/4um/HFocusing_5_10_4um_0_1033.npy,4um,HFocusing_5_10_4um_0_1033.npy,replace,,,,,saturation_cleaned_bandpass_filtered,0,2000000.0,7000.0,80000.0,500,0.0001,300,300,0
train,particles2SNR_pipeline/output/p0_c1_Particles2SNR_F_staging/train/4um/HFocusing_5_10_4um_0_1039.npy,P0/data/dataset_Particles2SNR_F_c1/train/4um/HFocusing_5_10_4um_0_1039.npy,4um,HFocusing_5_10_4um_0_1039.npy,replace,,,,,saturation_cleaned_bandpass_filtered,0,2000000.0,7000.0,80000.0,500,0.0001,300,300,0
train,particles2SNR_pipeline/output/p0_c1_Particles2SNR_F_staging/train/4um/HFocusing_5_10_4um_0_104.npy,P0/data/dataset_Particles2SNR_F_c1/train/4um/HFocusing_5_10_4um_0_104.npy,4um,HFocusing_5_10_4um_0_104.npy,replace,,,,,saturation_cleaned_bandpass_filtered,0,2000000.0,7000.0,80000.0,500,0.0001,300,300,0
train,particles2SNR_pipeline/output/p0_c1_Particles2SNR_F_staging/train/4um/HFocusing_5_10_4um_0_1042.npy,P0/data/dataset_Particles2SNR_F_c1/train/4um/HFocusing_5_10_4um_0_1042.npy,4um,HFocusing_5_10_4um_0_1042.npy,replace,,,,,saturation_cleaned_bandpass_filtered,0,2000000.0,7000.0,80000.0,500,0.0001,300,300,0
train,particles2SNR_pipeline/output/p0_c1_Particles2SNR_F_staging/train/4um/HFocusing_5_10_4um_0_1046.npy,P0/data/dataset_Particles2SNR_F_c1/train/4um/HFocusing_5_10_4um_0_1046.npy,4um,HFocusing_5_10_4um_0_1046.npy,replace,,,,,saturation_cleaned_bandpass_filtered,0,2000000.0,7000.0,80000.0,500,0.0001,300,300,0
train,particles2SNR_pipeline/output/p0_c1_Particles2SNR_F_staging/train/4um/HFocusing_5_10_4um_0_1049.npy,P0/data/dataset_Particles2SNR_F_c1/train/4um/HFocusing_5_10_4um_0_1049.npy,4um,HFocusing_5_10_4um_0_1049.npy,replace,,,,,saturation_cleaned_bandpass_filtered,0,2000000.0,7000.0,80000.0,500,0.0001,300,300,0
train,particles2SNR_pipeline/output/p0_c1_Particles2SNR_F_staging/train/4um/HFocusing_5_10_4um_0_105.npy,P0/data/dataset_Particles2SNR_F_c1/train/4um/HFocusing_5_10_4um_0_105.npy,4um,HFocusing_5_10_4um_0_105.npy,replace,,,,,saturation_cleaned_bandpass_filtered,0,2000000.0,7000.0,80000.0,500,0.0001,300,300,0
train,particles2SNR_pipeline/output/p0_c1_Particles2SNR_F_staging/train/4um/HFocusing_5_10_4um_0_1052.npy,P0/data/dataset_Particles2SNR_F_c1/train/4um/HFocusing_5_10_4um_0_1052.npy,4um,HFocusing_5_10_4um_0_1052.npy,replace,,,,,saturation_cleaned_bandpass_filtered,0,2000000.0,7000.0,80000.0,500,0.0001,300,300,0
train,particles2SNR_pipeline/output/p0_c1_Particles2SNR_F_staging/train/4um/HFocusing_5_10_4um_0_1055.npy,P0/data/dataset_Particles2SNR_F_c1/train/4um/HFocusing_5_10_4um_0_1055.npy,4um,HFocusing_5_10_4um_0_1055.npy,replace,,,,,saturation_cleaned_bandpass_filtered,0,2000000.0,7000.0,80000.0,500,0.0001,300,300,0
train,particles2SNR_pipeline/output/p0_c1_Particles2SNR_F_staging/train/4um/HFocusing_5_10_4um_0_1058.npy,P0/data/dataset_Particles2SNR_F_c1/train/4um/HFocusing_5_10_4um_0_1058.npy,4um,HFocusing_5_10_4um_0_1058.npy,replace,,,,,saturation_cleaned_bandpass_filtered,0,2000000.0,7000.0,80000.0,500,0.0001,300,300,0
train,particles2SNR_pipeline/output/p0_c1_Particles2SNR_F_staging/train/4um/HFocusing_5_10_4um_0_1066.npy,P0/data/dataset_Particles2SNR_F_c1/train/4um/HFocusing_5_10_4um_0_1066.npy,4um,HFocusing_5_10_4um_0_1066.npy,replace,,,,,saturation_cleaned_bandpass_filtered,0,2000000.0,7000.0,80000.0,500,0.0001,300,300,0
train,particles2SNR_pipeline/output/p0_c1_Particles2SNR_F_staging/train/4um/HFocusing_5_10_4um_0_1069.npy,P0/data/dataset_Particles2SNR_F_c1/train/4um/HFocusing_5_10_4um_0_1069.npy,4um,HFocusing_5_10_4um_0_1069.npy,replace,,,,,saturation_cleaned_bandpass_filtered,0,2000000.0,7000.0,80000.0,500,0.0001,300,300,0
train,particles2SNR_pipeline/output/p0_c1_Particles2SNR_F_staging/train/4um/HFocusing_5_10_4um_0_1072.npy,P0/data/dataset_Particles2SNR_F_c1/train/4um/HFocusing_5_10_4um_0_1072.npy,4um,HFocusing_5_10_4um_0_1072.npy,replace,,,,,saturation_cleaned_bandpass_filtered,0,2000000.0,7000.0,80000.0,500,0.0001,300,300,0
train,particles2SNR_pipeline/output/p0_c1_Particles2SNR_F_staging/train/4um/HFocusing_5_10_4um_0_1075.npy,P0/data/dataset_Particles2SNR_F_c1/train/4um/HFocusing_5_10_4um_0_1075.npy,4um,HFocusing_5_10_4um_0_1075.npy,replace,,,,,saturation_cleaned_bandpass_filtered,0,2000000.0,7000.0,80000.0,500,0.0001,300,300,0
train,particles2SNR_pipeline/output/p0_c1_Particles2SNR_F_staging/train/4um/HFocusing_5_10_4um_0_1081.npy,P0/data/dataset_Particles2SNR_F_c1/train/4um/HFocusing_5_10_4um_0_1081.npy,4um,HFocusing_5_10_4um_0_1081.npy,replace,,,,,saturation_cleaned_bandpass_filtered,0,2000000.0,7000.0,80000.0,500,0.0001,300,300,0
train,particles2SNR_pipeline/output/p0_c1_Particles2SNR_F_staging/train/4um/HFocusing_5_10_4um_0_1084.npy,P0/data/dataset_Particles2SNR_F_c1/train/4um/HFocusing_5_10_4um_0_1084.npy,4um,HFocusing_5_10_4um_0_1084.npy,replace,,,,,saturation_cleaned_bandpass_filtered,0,2000000.0,7000.0,80000.0,500,0.0001,300,300,0
train,particles2SNR_pipeline/output/p0_c1_Particles2SNR_F_staging/train/4um/HFocusing_5_10_4um_0_109.npy,P0/data/dataset_Particles2SNR_F_c1/train/4um/HFocusing_5_10_4um_0_109.npy,4um,HFocusing_5_10_4um_0_109.npy,replace,,,,,saturation_cleaned_bandpass_filtered,0,2000000.0,7000.0,80000.0,500,0.0001,300,300,0
train,particles2SNR_pipeline/output/p0_c1_Particles2SNR_F_staging/train/4um/HFocusing_5_10_4um_0_1090.npy,P0/data/dataset_Particles2SNR_F_c1/train/4um/HFocusing_5_10_4um_0_1090.npy,4um,HFocusing_5_10_4um_0_1090.npy,replace,,,,,saturation_cleaned_bandpass_filtered,0,2000000.0,7000.0,80000.0,500,0.0001,300,300,0
train,particles2SNR_pipeline/output/p0_c1_Particles2SNR_F_staging/train/4um/HFocusing_5_10_4um_0_1093.npy,P0/data/dataset_Particles2SNR_F_c1/train/4um/HFocusing_5_10_4um_0_1093.npy,4um,HFocusing_5_10_4um_0_1093.npy,replace,,,,,saturation_cleaned_bandpass_filtered,0,2000000.0,7000.0,80000.0,500,0.0001,300,300,0
train,particles2SNR_pipeline/output/p0_c1_Particles2SNR_F_staging/train/4um/HFocusing_5_10_4um_0_1096.npy,P0/data/dataset_Particles2SNR_F_c1/train/4um/HFocusing_5_10_4um_0_1096.npy,4um,HFocusing_5_10_4um_0_1096.npy,replace,,,,,saturation_cleaned_bandpass_filtered,0,2000000.0,7000.0,80000.0,500,0.0001,300,300,0
train,particles2SNR_pipeline/output/p0_c1_Particles2SNR_F_staging/train/4um/HFocusing_5_10_4um_0_1099.npy,P0/data/dataset_Particles2SNR_F_c1/train/4um/HFocusing_5_10_4um_0_1099.npy,4um,HFocusing_5_10_4um_0_1099.npy,replace,,,,,saturation_cleaned_bandpass_filtered,0,2000000.0,7000.0,80000.0,500,0.0001,300,300,0
train,particles2SNR_pipeline/output/p0_c1_Particles2SNR_F_staging/train/4um/HFocusing_5_10_4um_0_1102.npy,P0/data/dataset_Particles2SNR_F_c1/train/4um/HFocusing_5_10_4um_0_1102.npy,4um,HFocusing_5_10_4um_0_1102.npy,replace,,,,,saturation_cleaned_bandpass_filtered,0,2000000.0,7000.0,80000.0,500,0.0001,300,300,0
train,particles2SNR_pipeline/output/p0_c1_Particles2SNR_F_staging/train/4um/HFocusing_5_10_4um_0_1105.npy,P0/data/dataset_Particles2SNR_F_c1/train/4um/HFocusing_5_10_4um_0_1105.npy,4um,HFocusing_5_10_4um_0_1105.npy,replace,,,,,saturation_cleaned_bandpass_filtered,0,2000000.0,7000.0,80000.0,500,0.0001,300,300,0
train,particles2SNR_pipeline/output/p0_c1_Particles2SNR_F_staging/train/4um/HFocusing_5_10_4um_0_1112.npy,P0/data/dataset_Particles2SNR_F_c1/train/4um/HFocusing_5_10_4um_0_1112.npy,4um,HFocusing_5_10_4um_0_1112.npy,replace,,,,,saturation_cleaned_bandpass_filtered,0,2000000.0,7000.0,80000.0,500,0.0001,300,300,0
train,particles2SNR_pipeline/output/p0_c1_Particles2SNR_F_staging/train/4um/HFocusing_5_10_4um_0_1115.npy,P0/data/dataset_Particles2SNR_F_c1/train/4um/HFocusing_5_10_4um_0_1115.npy,4um,HFocusing_5_10_4um_0_1115.npy,replace,,,,,saturation_cleaned_bandpass_filtered,0,2000000.0,7000.0,80000.0,500,0.0001,300,300,0
train,particles2SNR_pipeline/output/p0_c1_Particles2SNR_F_staging/train/4um/HFocusing_5_10_4um_0_1118.npy,P0/data/dataset_Particles2SNR_F_c1/train/4um/HFocusing_5_10_4um_0_1118.npy,4um,HFocusing_5_10_4um_0_1118.npy,replace,,,,,saturation_cleaned_bandpass_filtered,0,2000000.0,7000.0,80000.0,500,0.0001,300,300,0
train,particles2SNR_pipeline/output/p0_c1_Particles2SNR_F_staging/train/4um/HFocusing_5_10_4um_0_112.npy,P0/data/dataset_Particles2SNR_F_c1/train/4um/HFocusing_5_10_4um_0_112.npy,4um,HFocusing_5_10_4um_0_112.npy,replace,,,,,saturation_cleaned_bandpass_filtered,0,2000000.0,7000.0,80000.0,500,0.0001,300,300,0
train,particles2SNR_pipeline/output/p0_c1_Particles2SNR_F_staging/train/4um/HFocusing_5_10_4um_0_1121.npy,P0/data/dataset_Particles2SNR_F_c1/train/4um/HFocusing_5_10_4um_0_1121.npy,4um,HFocusing_5_10_4um_0_1121.npy,replace,,,,,saturation_cleaned_bandpass_filtered,0,2000000.0,7000.0,80000.0,500,0.0001,300,300,0
train,particles2SNR_pipeline/output/p0_c1_Particles2SNR_F_staging/train/4um/HFocusing_5_10_4um_0_1124.npy,P0/data/dataset_Particles2SNR_F_c1/train/4um/HFocusing_5_10_4um_0_1124.npy,4um,HFocusing_5_10_4um_0_1124.npy,replace,,,,,saturation_cleaned_bandpass_filtered,0,2000000.0,7000.0,80000.0,500,0.0001,300,300,0
train,particles2SNR_pipeline/output/p0_c1_Particles2SNR_F_staging/train/4um/HFocusing_5_10_4um_0_1127.npy,P0/data/dataset_Particles2SNR_F_c1/train/4um/HFocusing_5_10_4um_0_1127.npy,4um,HFocusing_5_10_4um_0_1127.npy,replace,,,,,saturation_cleaned_bandpass_filtered,0,2000000.0,7000.0,80000.0,500,0.0001,300,300,0
train,particles2SNR_pipeline/output/p0_c1_Particles2SNR_F_staging/train/4um/HFocusing_5_10_4um_0_1130.npy,P0/data/dataset_Particles2SNR_F_c1/train/4um/HFocusing_5_10_4um_0_1130.npy,4um,HFocusing_5_10_4um_0_1130.npy,replace,,,,,saturation_cleaned_bandpass_filtered,0,2000000.0,7000.0,80000.0,500,0.0001,300,300,0
train,particles2SNR_pipeline/output/p0_c1_Particles2SNR_F_staging/train/4um/HFocusing_5_10_4um_0_1133.npy,P0/data/dataset_Particles2SNR_F_c1/train/4um/HFocusing_5_10_4um_0_1133.npy,4um,HFocusing_5_10_4um_0_1133.npy,replace,,,,,saturation_cleaned_bandpass_filtered,0,2000000.0,7000.0,80000.0,500,0.0001,300,300,0
train,particles2SNR_pipeline/output/p0_c1_Particles2SNR_F_staging/train/4um/HFocusing_5_10_4um_0_1139.npy,P0/data/dataset_Particles2SNR_F_c1/train/4um/HFocusing_5_10_4um_0_1139.npy,4um,HFocusing_5_10_4um_0_1139.npy,replace,,,,,saturation_cleaned_bandpass_filtered,0,2000000.0,7000.0,80000.0,500,0.0001,300,300,0
train,particles2SNR_pipeline/output/p0_c1_Particles2SNR_F_staging/train/4um/HFocusing_5_10_4um_0_1142.npy,P0/data/dataset_Particles2SNR_F_c1/train/4um/HFocusing_5_10_4um_0_1142.npy,4um,HFocusing_5_10_4um_0_1142.npy,replace,,,,,saturation_cleaned_bandpass_filtered,0,2000000.0,7000.0,80000.0,500,0.0001,300,300,0
train,particles2SNR_pipeline/output/p0_c1_Particles2SNR_F_staging/train/4um/HFocusing_5_10_4um_0_1145.npy,P0/data/dataset_Particles2SNR_F_c1/train/4um/HFocusing_5_10_4um_0_1145.npy,4um,HFocusing_5_10_4um_0_1145.npy,replace,,,,,saturation_cleaned_bandpass_filtered,0,2000000.0,7000.0,80000.0,500,0.0001,300,300,0
train,particles2SNR_pipeline/output/p0_c1_Particles2SNR_F_staging/train/4um/HFocusing_5_10_4um_0_1146.npy,P0/data/dataset_Particles2SNR_F_c1/train/4um/HFocusing_5_10_4um_0_1146.npy,4um,HFocusing_5_10_4um_0_1146.npy,replace,,,,,saturation_cleaned_bandpass_filtered,0,2000000.0,7000.0,80000.0,500,0.0001,300,300,0
train,particles2SNR_pipeline/output/p0_c1_Particles2SNR_F_staging/train/4um/HFocusing_5_10_4um_0_1149.npy,P0/data/dataset_Particles2SNR_F_c1/train/4um/HFocusing_5_10_4um_0_1149.npy,4um,HFocusing_5_10_4um_0_1149.npy,replace,,,,,saturation_cleaned_bandpass_filtered,0,2000000.0,7000.0,80000.0,500,0.0001,300,300,0
train,particles2SNR_pipeline/output/p0_c1_Particles2SNR_F_staging/train/4um/HFocusing_5_10_4um_0_1152.npy,P0/data/dataset_Particles2SNR_F_c1/train/4um/HFocusing_5_10_4um_0_1152.npy,4um,HFocusing_5_10_4um_0_1152.npy,replace,,,,,saturation_cleaned_bandpass_filtered,0,2000000.0,7000.0,80000.0,500,0.0001,300,300,0
train,particles2SNR_pipeline/output/p0_c1_Particles2SNR_F_staging/train/4um/HFocusing_5_10_4um_0_1155.npy,P0/data/dataset_Particles2SNR_F_c1/train/4um/HFocusing_5_10_4um_0_1155.npy,4um,HFocusing_5_10_4um_0_1155.npy,replace,,,,,saturation_cleaned_bandpass_filtered,0,2000000.0,7000.0,80000.0,500,0.0001,300,300,0
train,particles2SNR_pipeline/output/p0_c1_Particles2SNR_F_staging/train/4um/HFocusing_5_10_4um_0_1158.npy,P0/data/dataset_Particles2SNR_F_c1/train/4um/HFocusing_5_10_4um_0_1158.npy,4um,HFocusing_5_10_4um_0_1158.npy,replace,,,,,saturation_cleaned_bandpass_filtered,0,2000000.0,7000.0,80000.0,500,0.0001,300,300,0
train,particles2SNR_pipeline/output/p0_c1_Particles2SNR_F_staging/train/4um/HFocusing_5_10_4um_0_1162.npy,P0/data/dataset_Particles2SNR_F_c1/train/4um/HFocusing_5_10_4um_0_1162.npy,4um,HFocusing_5_10_4um_0_1162.npy,replace,,,,,saturation_cleaned_bandpass_filtered,0,2000000.0,7000.0,80000.0,500,0.0001,300,300,0
train,particles2SNR_pipeline/output/p0_c1_Particles2SNR_F_staging/train/4um/HFocusing_5_10_4um_0_1167.npy,P0/data/dataset_Particles2SNR_F_c1/train/4um/HFocusing_5_10_4um_0_1167.npy,4um,HFocusing_5_10_4um_0_1167.npy,replace,,,,,saturation_cleaned_bandpass_filtered,0,2000000.0,7000.0,80000.0,500,0.0001,300,300,0
train,particles2SNR_pipeline/output/p0_c1_Particles2SNR_F_staging/train/4um/HFocusing_5_10_4um_0_1177.npy,P0/data/dataset_Particles2SNR_F_c1/train/4um/HFocusing_5_10_4um_0_1177.npy,4um,HFocusing_5_10_4um_0_1177.npy,replace,,,,,saturation_cleaned_bandpass_filtered,0,2000000.0,7000.0,80000.0,500,0.0001,300,300,0
train,particles2SNR_pipeline/output/p0_c1_Particles2SNR_F_staging/train/4um/HFocusing_5_10_4um_0_1180.npy,P0/data/dataset_Particles2SNR_F_c1/train/4um/HFocusing_5_10_4um_0_1180.npy,4um,HFocusing_5_10_4um_0_1180.npy,replace,,,,,saturation_cleaned_bandpass_filtered,0,2000000.0,7000.0,80000.0,500,0.0001,300,300,0
train,particles2SNR_pipeline/output/p0_c1_Particles2SNR_F_staging/train/4um/HFocusing_5_10_4um_0_1183.npy,P0/data/dataset_Particles2SNR_F_c1/train/4um/HFocusing_5_10_4um_0_1183.npy,4um,HFocusing_5_10_4um_0_1183.npy,replace,,,,,saturation_cleaned_bandpass_filtered,0,2000000.0,7000.0,80000.0,500,0.0001,300,300,0
train,particles2SNR_pipeline/output/p0_c1_Particles2SNR_F_staging/train/4um/HFocusing_5_10_4um_0_1186.npy,P0/data/dataset_Particles2SNR_F_c1/train/4um/HFocusing_5_10_4um_0_1186.npy,4um,HFocusing_5_10_4um_0_1186.npy,replace,,,,,saturation_cleaned_bandpass_filtered,0,2000000.0,7000.0,80000.0,500,0.0001,300,300,0
train,particles2SNR_pipeline/output/p0_c1_Particles2SNR_F_staging/train/4um/HFocusing_5_10_4um_0_1189.npy,P0/data/dataset_Particles2SNR_F_c1/train/4um/HFocusing_5_10_4um_0_1189.npy,4um,HFocusing_5_10_4um_0_1189.npy,replace,,,,,saturation_cleaned_bandpass_filtered,0,2000000.0,7000.0,80000.0,500,0.0001,300,300,0
train,particles2SNR_pipeline/output/p0_c1_Particles2SNR_F_staging/train/4um/HFocusing_5_10_4um_0_1192.npy,P0/data/dataset_Particles2SNR_F_c1/train/4um/HFocusing_5_10_4um_0_1192.npy,4um,HFocusing_5_10_4um_0_1192.npy,replace,,,,,saturation_cleaned_bandpass_filtered,0,2000000.0,7000.0,80000.0,500,0.0001,300,300,0
train,particles2SNR_pipeline/output/p0_c1_Particles2SNR_F_staging/train/4um/HFocusing_5_10_4um_0_1197.npy,P0/data/dataset_Particles2SNR_F_c1/train/4um/HFocusing_5_10_4um_0_1197.npy,4um,HFocusing_5_10_4um_0_1197.npy,replace,,,,,saturation_cleaned_bandpass_filtered,0,2000000.0,7000.0,80000.0,500,0.0001,300,300,0
train,particles2SNR_pipeline/output/p0_c1_Particles2SNR_F_staging/train/4um/HFocusing_5_10_4um_0_12.npy,P0/data/dataset_Particles2SNR_F_c1/train/4um/HFocusing_5_10_4um_0_12.npy,4um,HFocusing_5_10_4um_0_12.npy,replace,,,,,saturation_cleaned_bandpass_filtered,0,2000000.0,7000.0,80000.0,500,0.0001,300,300,0
train,particles2SNR_pipeline/output/p0_c1_Particles2SNR_F_staging/train/4um/HFocusing_5_10_4um_0_120.npy,P0/data/dataset_Particles2SNR_F_c1/train/4um/HFocusing_5_10_4um_0_120.npy,4um,HFocusing_5_10_4um_0_120.npy,replace,,,,,saturation_cleaned_bandpass_filtered,0,2000000.0,7000.0,80000.0,500,0.0001,300,300,0
train,particles2SNR_pipeline/output/p0_c1_Particles2SNR_F_staging/train/4um/HFocusing_5_10_4um_0_1200.npy,P0/data/dataset_Particles2SNR_F_c1/train/4um/HFocusing_5_10_4um_0_1200.npy,4um,HFocusing_5_10_4um_0_1200.npy,replace,,,,,saturation_cleaned_bandpass_filtered,0,2000000.0,7000.0,80000.0,500,0.0001,300,300,0
train,particles2SNR_pipeline/output/p0_c1_Particles2SNR_F_staging/train/4um/HFocusing_5_10_4um_0_1203.npy,P0/data/dataset_Particles2SNR_F_c1/train/4um/HFocusing_5_10_4um_0_1203.npy,4um,HFocusing_5_10_4um_0_1203.npy,replace,,,,,saturation_cleaned_bandpass_filtered,0,2000000.0,7000.0,80000.0,500,0.0001,300,300,0
train,particles2SNR_pipeline/output/p0_c1_Particles2SNR_F_staging/train/4um/HFocusing_5_10_4um_0_1207.npy,P0/data/dataset_Particles2SNR_F_c1/train/4um/HFocusing_5_10_4um_0_1207.npy,4um,HFocusing_5_10_4um_0_1207.npy,replace,,,,,saturation_cleaned_bandpass_filtered,0,2000000.0,7000.0,80000.0,500,0.0001,300,300,0
train,particles2SNR_pipeline/output/p0_c1_Particles2SNR_F_staging/train/4um/HFocusing_5_10_4um_0_1209.npy,P0/data/dataset_Particles2SNR_F_c1/train/4um/HFocusing_5_10_4um_0_1209.npy,4um,HFocusing_5_10_4um_0_1209.npy,replace,,,,,saturation_cleaned_bandpass_filtered,0,2000000.0,7000.0,80000.0,500,0.0001,300,300,0
train,particles2SNR_pipeline/output/p0_c1_Particles2SNR_F_staging/train/4um/HFocusing_5_10_4um_0_1215.npy,P0/data/dataset_Particles2SNR_F_c1/train/4um/HFocusing_5_10_4um_0_1215.npy,4um,HFocusing_5_10_4um_0_1215.npy,replace,,,,,saturation_cleaned_bandpass_filtered,0,2000000.0,7000.0,80000.0,500,0.0001,300,300,0
train,particles2SNR_pipeline/output/p0_c1_Particles2SNR_F_staging/train/4um/HFocusing_5_10_4um_0_1218.npy,P0/data/dataset_Particles2SNR_F_c1/train/4um/HFocusing_5_10_4um_0_1218.npy,4um,HFocusing_5_10_4um_0_1218.npy,replace,,,,,saturation_cleaned_bandpass_filtered,0,2000000.0,7000.0,80000.0,500,0.0001,300,300,0
train,particles2SNR_pipeline/output/p0_c1_Particles2SNR_F_staging/train/4um/HFocusing_5_10_4um_0_1221.npy,P0/data/dataset_Particles2SNR_F_c1/train/4um/HFocusing_5_10_4um_0_1221.npy,4um,HFocusing_5_10_4um_0_1221.npy,replace,,,,,saturation_cleaned_bandpass_filtered,0,2000000.0,7000.0,80000.0,500,0.0001,300,300,0
train,particles2SNR_pipeline/output/p0_c1_Particles2SNR_F_staging/train/4um/HFocusing_5_10_4um_0_1227.npy,P0/data/dataset_Particles2SNR_F_c1/train/4um/HFocusing_5_10_4um_0_1227.npy,4um,HFocusing_5_10_4um_0_1227.npy,replace,,,,,saturation_cleaned_bandpass_filtered,0,2000000.0,7000.0,80000.0,500,0.0001,300,300,0
train,particles2SNR_pipeline/output/p0_c1_Particles2SNR_F_staging/train/4um/HFocusing_5_10_4um_0_123.npy,P0/data/dataset_Particles2SNR_F_c1/train/4um/HFocusing_5_10_4um_0_123.npy,4um,HFocusing_5_10_4um_0_123.npy,replace,,,,,saturation_cleaned_bandpass_filtered,0,2000000.0,7000.0,80000.0,500,0.0001,300,300,0
train,particles2SNR_pipeline/output/p0_c1_Particles2SNR_F_staging/train/4um/HFocusing_5_10_4um_0_1231.npy,P0/data/dataset_Particles2SNR_F_c1/train/4um/HFocusing_5_10_4um_0_1231.npy,4um,HFocusing_5_10_4um_0_1231.npy,replace,,,,,saturation_cleaned_bandpass_filtered,0,2000000.0,7000.0,80000.0,500,0.0001,300,300,0
train,particles2SNR_pipeline/output/p0_c1_Particles2SNR_F_staging/train/4um/HFocusing_5_10_4um_0_1233.npy,P0/data/dataset_Particles2SNR_F_c1/train/4um/HFocusing_5_10_4um_0_1233.npy,4um,HFocusing_5_10_4um_0_1233.npy,replace,,,,,saturation_cleaned_bandpass_filtered,0,2000000.0,7000.0,80000.0,500,0.0001,300,300,0
train,particles2SNR_pipeline/output/p0_c1_Particles2SNR_F_staging/train/4um/HFocusing_5_10_4um_0_1236.npy,P0/data/dataset_Particles2SNR_F_c1/train/4um/HFocusing_5_10_4um_0_1236.npy,4um,HFocusing_5_10_4um_0_1236.npy,replace,,,,,saturation_cleaned_bandpass_filtered,0,2000000.0,7000.0,80000.0,500,0.0001,300,300,0
train,particles2SNR_pipeline/output/p0_c1_Particles2SNR_F_staging/train/4um/HFocusing_5_10_4um_0_1239.npy,P0/data/dataset_Particles2SNR_F_c1/train/4um/HFocusing_5_10_4um_0_1239.npy,4um,HFocusing_5_10_4um_0_1239.npy,replace,,,,,saturation_cleaned_bandpass_filtered,0,2000000.0,7000.0,80000.0,500,0.0001,300,300,0
train,particles2SNR_pipeline/output/p0_c1_Particles2SNR_F_staging/train/4um/HFocusing_5_10_4um_0_1243.npy,P0/data/dataset_Particles2SNR_F_c1/train/4um/HFocusing_5_10_4um_0_1243.npy,4um,HFocusing_5_10_4um_0_1243.npy,replace,,,,,saturation_cleaned_bandpass_filtered,0,2000000.0,7000.0,80000.0,500,0.0001,300,300,0
train,particles2SNR_pipeline/output/p0_c1_Particles2SNR_F_staging/train/4um/HFocusing_5_10_4um_0_1246.npy,P0/data/dataset_Particles2SNR_F_c1/train/4um/HFocusing_5_10_4um_0_1246.npy,4um,HFocusing_5_10_4um_0_1246.npy,replace,,,,,saturation_cleaned_bandpass_filtered,0,2000000.0,7000.0,80000.0,500,0.0001,300,300,0
train,particles2SNR_pipeline/output/p0_c1_Particles2SNR_F_staging/train/4um/HFocusing_5_10_4um_0_1249.npy,P0/data/dataset_Particles2SNR_F_c1/train/4um/HFocusing_5_10_4um_0_1249.npy,4um,HFocusing_5_10_4um_0_1249.npy,replace,,,,,saturation_cleaned_bandpass_filtered,0,2000000.0,7000.0,80000.0,500,0.0001,300,300,0
train,particles2SNR_pipeline/output/p0_c1_Particles2SNR_F_staging/train/4um/HFocusing_5_10_4um_0_1252.npy,P0/data/dataset_Particles2SNR_F_c1/train/4um/HFocusing_5_10_4um_0_1252.npy,4um,HFocusing_5_10_4um_0_1252.npy,replace,,,,,saturation_cleaned_bandpass_filtered,0,2000000.0,7000.0,80000.0,500,0.0001,300,300,0
train,particles2SNR_pipeline/output/p0_c1_Particles2SNR_F_staging/train/4um/HFocusing_5_10_4um_0_1255.npy,P0/data/dataset_Particles2SNR_F_c1/train/4um/HFocusing_5_10_4um_0_1255.npy,4um,HFocusing_5_10_4um_0_1255.npy,replace,,,,,saturation_cleaned_bandpass_filtered,0,2000000.0,7000.0,80000.0,500,0.0001,300,300,0
train,particles2SNR_pipeline/output/p0_c1_Particles2SNR_F_staging/train/4um/HFocusing_5_10_4um_0_126.npy,P0/data/dataset_Particles2SNR_F_c1/train/4um/HFocusing_5_10_4um_0_126.npy,4um,HFocusing_5_10_4um_0_126.npy,replace,,,,,saturation_cleaned_bandpass_filtered,0,2000000.0,7000.0,80000.0,500,0.0001,300,300,0
train,particles2SNR_pipeline/output/p0_c1_Particles2SNR_F_staging/train/4um/HFocusing_5_10_4um_0_1264.npy,P0/data/dataset_Particles2SNR_F_c1/train/4um/HFocusing_5_10_4um_0_1264.npy,4um,HFocusing_5_10_4um_0_1264.npy,replace,,,,,saturation_cleaned_bandpass_filtered,0,2000000.0,7000.0,80000.0,500,0.0001,300,300,0
train,particles2SNR_pipeline/output/p0_c1_Particles2SNR_F_staging/train/4um/HFocusing_5_10_4um_0_127.npy,P0/data/dataset_Particles2SNR_F_c1/train/4um/HFocusing_5_10_4um_0_127.npy,4um,HFocusing_5_10_4um_0_127.npy,replace,,,,,saturation_cleaned_bandpass_filtered,0,2000000.0,7000.0,80000.0,500,0.0001,300,300,0
train,particles2SNR_pipeline/output/p0_c1_Particles2SNR_F_staging/train/4um/HFocusing_5_10_4um_0_1273.npy,P0/data/dataset_Particles2SNR_F_c1/train/4um/HFocusing_5_10_4um_0_1273.npy,4um,HFocusing_5_10_4um_0_1273.npy,replace,,,,,saturation_cleaned_bandpass_filtered,0,2000000.0,7000.0,80000.0,500,0.0001,300,300,0
train,particles2SNR_pipeline/output/p0_c1_Particles2SNR_F_staging/train/4um/HFocusing_5_10_4um_0_1276.npy,P0/data/dataset_Particles2SNR_F_c1/train/4um/HFocusing_5_10_4um_0_1276.npy,4um,HFocusing_5_10_4um_0_1276.npy,replace,,,,,saturation_cleaned_bandpass_filtered,0,2000000.0,7000.0,80000.0,500,0.0001,300,300,0
train,particles2SNR_pipeline/output/p0_c1_Particles2SNR_F_staging/train/4um/HFocusing_5_10_4um_0_1282.npy,P0/data/dataset_Particles2SNR_F_c1/train/4um/HFocusing_5_10_4um_0_1282.npy,4um,HFocusing_5_10_4um_0_1282.npy,replace,,,,,saturation_cleaned_bandpass_filtered,0,2000000.0,7000.0,80000.0,500,0.0001,300,300,0
train,particles2SNR_pipeline/output/p0_c1_Particles2SNR_F_staging/train/4um/HFocusing_5_10_4um_0_1285.npy,P0/data/dataset_Particles2SNR_F_c1/train/4um/HFocusing_5_10_4um_0_1285.npy,4um,HFocusing_5_10_4um_0_1285.npy,replace,,,,,saturation_cleaned_bandpass_filtered,0,2000000.0,7000.0,80000.0,500,0.0001,300,300,0
train,particles2SNR_pipeline/output/p0_c1_Particles2SNR_F_staging/train/4um/HFocusing_5_10_4um_0_1288.npy,P0/data/dataset_Particles2SNR_F_c1/train/4um/HFocusing_5_10_4um_0_1288.npy,4um,HFocusing_5_10_4um_0_1288.npy,replace,,,,,saturation_cleaned_bandpass_filtered,0,2000000.0,7000.0,80000.0,500,0.0001,300,300,0
train,particles2SNR_pipeline/output/p0_c1_Particles2SNR_F_staging/train/4um/HFocusing_5_10_4um_0_1291.npy,P0/data/dataset_Particles2SNR_F_c1/train/4um/HFocusing_5_10_4um_0_1291.npy,4um,HFocusing_5_10_4um_0_1291.npy,replace,,,,,saturation_cleaned_bandpass_filtered,0,2000000.0,7000.0,80000.0,500,0.0001,300,300,0
train,particles2SNR_pipeline/output/p0_c1_Particles2SNR_F_staging/train/4um/HFocusing_5_10_4um_0_1294.npy,P0/data/dataset_Particles2SNR_F_c1/train/4um/HFocusing_5_10_4um_0_1294.npy,4um,HFocusing_5_10_4um_0_1294.npy,replace,,,,,saturation_cleaned_bandpass_filtered,0,2000000.0,7000.0,80000.0,500,0.0001,300,300,0
train,particles2SNR_pipeline/output/p0_c1_Particles2SNR_F_staging/train/4um/HFocusing_5_10_4um_0_1300.npy,P0/data/dataset_Particles2SNR_F_c1/train/4um/HFocusing_5_10_4um_0_1300.npy,4um,HFocusing_5_10_4um_0_1300.npy,replace,,,,,saturation_cleaned_bandpass_filtered,0,2000000.0,7000.0,80000.0,500,0.0001,300,300,0
train,particles2SNR_pipeline/output/p0_c1_Particles2SNR_F_staging/train/4um/HFocusing_5_10_4um_0_1303.npy,P0/data/dataset_Particles2SNR_F_c1/train/4um/HFocusing_5_10_4um_0_1303.npy,4um,HFocusing_5_10_4um_0_1303.npy,replace,,,,,saturation_cleaned_bandpass_filtered,0,2000000.0,7000.0,80000.0,500,0.0001,300,300,0
train,particles2SNR_pipeline/output/p0_c1_Particles2SNR_F_staging/train/4um/HFocusing_5_10_4um_0_1309.npy,P0/data/dataset_Particles2SNR_F_c1/train/4um/HFocusing_5_10_4um_0_1309.npy,4um,HFocusing_5_10_4um_0_1309.npy,replace,,,,,saturation_cleaned_bandpass_filtered,0,2000000.0,7000.0,80000.0,500,0.0001,300,300,0
train,particles2SNR_pipeline/output/p0_c1_Particles2SNR_F_staging/train/4um/HFocusing_5_10_4um_0_131.npy,P0/data/dataset_Particles2SNR_F_c1/train/4um/HFocusing_5_10_4um_0_131.npy,4um,HFocusing_5_10_4um_0_131.npy,replace,,,,,saturation_cleaned_bandpass_filtered,0,2000000.0,7000.0,80000.0,500,0.0001,300,300,0
train,particles2SNR_pipeline/output/p0_c1_Particles2SNR_F_staging/train/4um/HFocusing_5_10_4um_0_1312.npy,P0/data/dataset_Particles2SNR_F_c1/train/4um/HFocusing_5_10_4um_0_1312.npy,4um,HFocusing_5_10_4um_0_1312.npy,replace,,,,,saturation_cleaned_bandpass_filtered,0,2000000.0,7000.0,80000.0,500,0.0001,300,300,0
train,particles2SNR_pipeline/output/p0_c1_Particles2SNR_F_staging/train/4um/HFocusing_5_10_4um_0_1315.npy,P0/data/dataset_Particles2SNR_F_c1/train/4um/HFocusing_5_10_4um_0_1315.npy,4um,HFocusing_5_10_4um_0_1315.npy,replace,,,,,saturation_cleaned_bandpass_filtered,0,2000000.0,7000.0,80000.0,500,0.0001,300,300,0
train,particles2SNR_pipeline/output/p0_c1_Particles2SNR_F_staging/train/4um/HFocusing_5_10_4um_0_1318.npy,P0/data/dataset_Particles2SNR_F_c1/train/4um/HFocusing_5_10_4um_0_1318.npy,4um,HFocusing_5_10_4um_0_1318.npy,replace,,,,,saturation_cleaned_bandpass_filtered,0,2000000.0,7000.0,80000.0,500,0.0001,300,300,0
train,particles2SNR_pipeline/output/p0_c1_Particles2SNR_F_staging/train/4um/HFocusing_5_10_4um_0_1320.npy,P0/data/dataset_Particles2SNR_F_c1/train/4um/HFocusing_5_10_4um_0_1320.npy,4um,HFocusing_5_10_4um_0_1320.npy,replace,,,,,saturation_cleaned_bandpass_filtered,0,2000000.0,7000.0,80000.0,500,0.0001,300,300,0
train,particles2SNR_pipeline/output/p0_c1_Particles2SNR_F_staging/train/4um/HFocusing_5_10_4um_0_1326.npy,P0/data/dataset_Particles2SNR_F_c1/train/4um/HFocusing_5_10_4um_0_1326.npy,4um,HFocusing_5_10_4um_0_1326.npy,replace,,,,,saturation_cleaned_bandpass_filtered,0,2000000.0,7000.0,80000.0,500,0.0001,300,300,0
train,particles2SNR_pipeline/output/p0_c1_Particles2SNR_F_staging/train/4um/HFocusing_5_10_4um_0_133.npy,P0/data/dataset_Particles2SNR_F_c1/train/4um/HFocusing_5_10_4um_0_133.npy,4um,HFocusing_5_10_4um_0_133.npy,replace,,,,,saturation_cleaned_bandpass_filtered,0,2000000.0,7000.0,80000.0,500,0.0001,300,300,0
train,particles2SNR_pipeline/output/p0_c1_Particles2SNR_F_staging/train/4um/HFocusing_5_10_4um_0_1330.npy,P0/data/dataset_Particles2SNR_F_c1/train/4um/HFocusing_5_10_4um_0_1330.npy,4um,HFocusing_5_10_4um_0_1330.npy,replace,,,,,saturation_cleaned_bandpass_filtered,0,2000000.0,7000.0,80000.0,500,0.0001,300,300,0
train,particles2SNR_pipeline/output/p0_c1_Particles2SNR_F_staging/train/4um/HFocusing_5_10_4um_0_1333.npy,P0/data/dataset_Particles2SNR_F_c1/train/4um/HFocusing_5_10_4um_0_1333.npy,4um,HFocusing_5_10_4um_0_1333.npy,replace,,,,,saturation_cleaned_bandpass_filtered,0,2000000.0,7000.0,80000.0,500,0.0001,300,300,0
train,particles2SNR_pipeline/output/p0_c1_Particles2SNR_F_staging/train/4um/HFocusing_5_10_4um_0_1336.npy,P0/data/dataset_Particles2SNR_F_c1/train/4um/HFocusing_5_10_4um_0_1336.npy,4um,HFocusing_5_10_4um_0_1336.npy,replace,,,,,saturation_cleaned_bandpass_filtered,0,2000000.0,7000.0,80000.0,500,0.0001,300,300,0
train,particles2SNR_pipeline/output/p0_c1_Particles2SNR_F_staging/train/4um/HFocusing_5_10_4um_0_1339.npy,P0/data/dataset_Particles2SNR_F_c1/train/4um/HFocusing_5_10_4um_0_1339.npy,4um,HFocusing_5_10_4um_0_1339.npy,replace,,,,,saturation_cleaned_bandpass_filtered,0,2000000.0,7000.0,80000.0,500,0.0001,300,300,0
train,particles2SNR_pipeline/output/p0_c1_Particles2SNR_F_staging/train/4um/HFocusing_5_10_4um_0_1342.npy,P0/data/dataset_Particles2SNR_F_c1/train/4um/HFocusing_5_10_4um_0_1342.npy,4um,HFocusing_5_10_4um_0_1342.npy,replace,,,,,saturation_cleaned_bandpass_filtered,0,2000000.0,7000.0,80000.0,500,0.0001,300,300,0
train,particles2SNR_pipeline/output/p0_c1_Particles2SNR_F_staging/train/4um/HFocusing_5_10_4um_0_1345.npy,P0/data/dataset_Particles2SNR_F_c1/train/4um/HFocusing_5_10_4um_0_1345.npy,4um,HFocusing_5_10_4um_0_1345.npy,replace,,,,,saturation_cleaned_bandpass_filtered,0,2000000.0,7000.0,80000.0,500,0.0001,300,300,0
train,particles2SNR_pipeline/output/p0_c1_Particles2SNR_F_staging/train/4um/HFocusing_5_10_4um_0_1348.npy,P0/data/dataset_Particles2SNR_F_c1/train/4um/HFocusing_5_10_4um_0_1348.npy,4um,HFocusing_5_10_4um_0_1348.npy,replace,,,,,saturation_cleaned_bandpass_filtered,0,2000000.0,7000.0,80000.0,500,0.0001,300,300,0
train,particles2SNR_pipeline/output/p0_c1_Particles2SNR_F_staging/train/4um/HFocusing_5_10_4um_0_1351.npy,P0/data/dataset_Particles2SNR_F_c1/train/4um/HFocusing_5_10_4um_0_1351.npy,4um,HFocusing_5_10_4um_0_1351.npy,replace,,,,,saturation_cleaned_bandpass_filtered,0,2000000.0,7000.0,80000.0,500,0.0001,300,300,0
train,particles2SNR_pipeline/output/p0_c1_Particles2SNR_F_staging/train/4um/HFocusing_5_10_4um_0_1354.npy,P0/data/dataset_Particles2SNR_F_c1/train/4um/HFocusing_5_10_4um_0_1354.npy,4um,HFocusing_5_10_4um_0_1354.npy,replace,,,,,saturation_cleaned_bandpass_filtered,0,2000000.0,7000.0,80000.0,500,0.0001,300,300,0
train,particles2SNR_pipeline/output/p0_c1_Particles2SNR_F_staging/train/4um/HFocusing_5_10_4um_0_1357.npy,P0/data/dataset_Particles2SNR_F_c1/train/4um/HFocusing_5_10_4um_0_1357.npy,4um,HFocusing_5_10_4um_0_1357.npy,replace,,,,,saturation_cleaned_bandpass_filtered,0,2000000.0,7000.0,80000.0,500,0.0001,300,300,0
train,particles2SNR_pipeline/output/p0_c1_Particles2SNR_F_staging/train/4um/HFocusing_5_10_4um_0_1360.npy,P0/data/dataset_Particles2SNR_F_c1/train/4um/HFocusing_5_10_4um_0_1360.npy,4um,HFocusing_5_10_4um_0_1360.npy,replace,,,,,saturation_cleaned_bandpass_filtered,0,2000000.0,7000.0,80000.0,500,0.0001,300,300,0
train,particles2SNR_pipeline/output/p0_c1_Particles2SNR_F_staging/train/4um/HFocusing_5_10_4um_0_1363.npy,P0/data/dataset_Particles2SNR_F_c1/train/4um/HFocusing_5_10_4um_0_1363.npy,4um,HFocusing_5_10_4um_0_1363.npy,replace,,,,,saturation_cleaned_bandpass_filtered,0,2000000.0,7000.0,80000.0,500,0.0001,300,300,0
train,particles2SNR_pipeline/output/p0_c1_Particles2SNR_F_staging/train/4um/HFocusing_5_10_4um_0_1366.npy,P0/data/dataset_Particles2SNR_F_c1/train/4um/HFocusing_5_10_4um_0_1366.npy,4um,HFocusing_5_10_4um_0_1366.npy,replace,,,,,saturation_cleaned_bandpass_filtered,0,2000000.0,7000.0,80000.0,500,0.0001,300,300,0
train,particles2SNR_pipeline/output/p0_c1_Particles2SNR_F_staging/train/4um/HFocusing_5_10_4um_0_1369.npy,P0/data/dataset_Particles2SNR_F_c1/train/4um/HFocusing_5_10_4um_0_1369.npy,4um,HFocusing_5_10_4um_0_1369.npy,replace,,,,,saturation_cleaned_bandpass_filtered,0,2000000.0,7000.0,80000.0,500,0.0001,300,300,0
train,particles2SNR_pipeline/output/p0_c1_Particles2SNR_F_staging/train/4um/HFocusing_5_10_4um_0_137.npy,P0/data/dataset_Particles2SNR_F_c1/train/4um/HFocusing_5_10_4um_0_137.npy,4um,HFocusing_5_10_4um_0_137.npy,replace,,,,,saturation_cleaned_bandpass_filtered,0,2000000.0,7000.0,80000.0,500,0.0001,300,300,0
train,particles2SNR_pipeline/output/p0_c1_Particles2SNR_F_staging/train/4um/HFocusing_5_10_4um_0_1372.npy,P0/data/dataset_Particles2SNR_F_c1/train/4um/HFocusing_5_10_4um_0_1372.npy,4um,HFocusing_5_10_4um_0_1372.npy,replace,,,,,saturation_cleaned_bandpass_filtered,0,2000000.0,7000.0,80000.0,500,0.0001,300,300,0
train,particles2SNR_pipeline/output/p0_c1_Particles2SNR_F_staging/train/4um/HFocusing_5_10_4um_0_1375.npy,P0/data/dataset_Particles2SNR_F_c1/train/4um/HFocusing_5_10_4um_0_1375.npy,4um,HFocusing_5_10_4um_0_1375.npy,replace,,,,,saturation_cleaned_bandpass_filtered,0,2000000.0,7000.0,80000.0,500,0.0001,300,300,0
train,particles2SNR_pipeline/output/p0_c1_Particles2SNR_F_staging/train/4um/HFocusing_5_10_4um_0_1378.npy,P0/data/dataset_Particles2SNR_F_c1/train/4um/HFocusing_5_10_4um_0_1378.npy,4um,HFocusing_5_10_4um_0_1378.npy,replace,,,,,saturation_cleaned_bandpass_filtered,0,2000000.0,7000.0,80000.0,500,0.0001,300,300,0
train,particles2SNR_pipeline/output/p0_c1_Particles2SNR_F_staging/train/4um/HFocusing_5_10_4um_0_138.npy,P0/data/dataset_Particles2SNR_F_c1/train/4um/HFocusing_5_10_4um_0_138.npy,4um,HFocusing_5_10_4um_0_138.npy,replace,,,,,saturation_cleaned_bandpass_filtered,0,2000000.0,7000.0,80000.0,500,0.0001,300,300,0
train,particles2SNR_pipeline/output/p0_c1_Particles2SNR_F_staging/train/4um/HFocusing_5_10_4um_0_1384.npy,P0/data/dataset_Particles2SNR_F_c1/train/4um/HFocusing_5_10_4um_0_1384.npy,4um,HFocusing_5_10_4um_0_1384.npy,replace,,,,,saturation_cleaned_bandpass_filtered,0,2000000.0,7000.0,80000.0,500,0.0001,300,300,0
train,particles2SNR_pipeline/output/p0_c1_Particles2SNR_F_staging/train/4um/HFocusing_5_10_4um_0_1385.npy,P0/data/dataset_Particles2SNR_F_c1/train/4um/HFocusing_5_10_4um_0_1385.npy,4um,HFocusing_5_10_4um_0_1385.npy,replace,,,,,saturation_cleaned_bandpass_filtered,0,2000000.0,7000.0,80000.0,500,0.0001,300,300,0
train,particles2SNR_pipeline/output/p0_c1_Particles2SNR_F_staging/train/4um/HFocusing_5_10_4um_0_1394.npy,P0/data/dataset_Particles2SNR_F_c1/train/4um/HFocusing_5_10_4um_0_1394.npy,4um,HFocusing_5_10_4um_0_1394.npy,replace,,,,,saturation_cleaned_bandpass_filtered,0,2000000.0,7000.0,80000.0,500,0.0001,300,300,0
train,particles2SNR_pipeline/output/p0_c1_Particles2SNR_F_staging/train/4um/HFocusing_5_10_4um_0_1397.npy,P0/data/dataset_Particles2SNR_F_c1/train/4um/HFocusing_5_10_4um_0_1397.npy,4um,HFocusing_5_10_4um_0_1397.npy,replace,,,,,saturation_cleaned_bandpass_filtered,0,2000000.0,7000.0,80000.0,500,0.0001,300,300,0
train,particles2SNR_pipeline/output/p0_c1_Particles2SNR_F_staging/train/4um/HFocusing_5_10_4um_0_140.npy,P0/data/dataset_Particles2SNR_F_c1/train/4um/HFocusing_5_10_4um_0_140.npy,4um,HFocusing_5_10_4um_0_140.npy,replace,,,,,saturation_cleaned_bandpass_filtered,0,2000000.0,7000.0,80000.0,500,0.0001,300,300,0
train,particles2SNR_pipeline/output/p0_c1_Particles2SNR_F_staging/train/4um/HFocusing_5_10_4um_0_1400.npy,P0/data/dataset_Particles2SNR_F_c1/train/4um/HFocusing_5_10_4um_0_1400.npy,4um,HFocusing_5_10_4um_0_1400.npy,replace,,,,,saturation_cleaned_bandpass_filtered,0,2000000.0,7000.0,80000.0,500,0.0001,300,300,0
train,particles2SNR_pipeline/output/p0_c1_Particles2SNR_F_staging/train/4um/HFocusing_5_10_4um_0_1403.npy,P0/data/dataset_Particles2SNR_F_c1/train/4um/HFocusing_5_10_4um_0_1403.npy,4um,HFocusing_5_10_4um_0_1403.npy,replace,,,,,saturation_cleaned_bandpass_filtered,0,2000000.0,7000.0,80000.0,500,0.0001,300,300,0
train,particles2SNR_pipeline/output/p0_c1_Particles2SNR_F_staging/train/4um/HFocusing_5_10_4um_0_1412.npy,P0/data/dataset_Particles2SNR_F_c1/train/4um/HFocusing_5_10_4um_0_1412.npy,4um,HFocusing_5_10_4um_0_1412.npy,replace,,,,,saturation_cleaned_bandpass_filtered,0,2000000.0,7000.0,80000.0,500,0.0001,300,300,0
train,particles2SNR_pipeline/output/p0_c1_Particles2SNR_F_staging/train/4um/HFocusing_5_10_4um_0_1416.npy,P0/data/dataset_Particles2SNR_F_c1/train/4um/HFocusing_5_10_4um_0_1416.npy,4um,HFocusing_5_10_4um_0_1416.npy,replace,,,,,saturation_cleaned_bandpass_filtered,0,2000000.0,7000.0,80000.0,500,0.0001,300,300,0
train,particles2SNR_pipeline/output/p0_c1_Particles2SNR_F_staging/train/4um/HFocusing_5_10_4um_0_1419.npy,P0/data/dataset_Particles2SNR_F_c1/train/4um/HFocusing_5_10_4um_0_1419.npy,4um,HFocusing_5_10_4um_0_1419.npy,replace,,,,,saturation_cleaned_bandpass_filtered,0,2000000.0,7000.0,80000.0,500,0.0001,300,300,0
train,particles2SNR_pipeline/output/p0_c1_Particles2SNR_F_staging/train/4um/HFocusing_5_10_4um_0_1425.npy,P0/data/dataset_Particles2SNR_F_c1/train/4um/HFocusing_5_10_4um_0_1425.npy,4um,HFocusing_5_10_4um_0_1425.npy,replace,,,,,saturation_cleaned_bandpass_filtered,0,2000000.0,7000.0,80000.0,500,0.0001,300,300,0
train,particles2SNR_pipeline/output/p0_c1_Particles2SNR_F_staging/train/4um/HFocusing_5_10_4um_0_1428.npy,P0/data/dataset_Particles2SNR_F_c1/train/4um/HFocusing_5_10_4um_0_1428.npy,4um,HFocusing_5_10_4um_0_1428.npy,replace,,,,,saturation_cleaned_bandpass_filtered,0,2000000.0,7000.0,80000.0,500,0.0001,300,300,0
train,particles2SNR_pipeline/output/p0_c1_Particles2SNR_F_staging/train/4um/HFocusing_5_10_4um_0_143.npy,P0/data/dataset_Particles2SNR_F_c1/train/4um/HFocusing_5_10_4um_0_143.npy,4um,HFocusing_5_10_4um_0_143.npy,replace,,,,,saturation_cleaned_bandpass_filtered,0,2000000.0,7000.0,80000.0,500,0.0001,300,300,0
train,particles2SNR_pipeline/output/p0_c1_Particles2SNR_F_staging/train/4um/HFocusing_5_10_4um_0_1432.npy,P0/data/dataset_Particles2SNR_F_c1/train/4um/HFocusing_5_10_4um_0_1432.npy,4um,HFocusing_5_10_4um_0_1432.npy,replace,,,,,saturation_cleaned_bandpass_filtered,0,2000000.0,7000.0,80000.0,500,0.0001,300,300,0
train,particles2SNR_pipeline/output/p0_c1_Particles2SNR_F_staging/train/4um/HFocusing_5_10_4um_0_1435.npy,P0/data/dataset_Particles2SNR_F_c1/train/4um/HFocusing_5_10_4um_0_1435.npy,4um,HFocusing_5_10_4um_0_1435.npy,replace,,,,,saturation_cleaned_bandpass_filtered,0,2000000.0,7000.0,80000.0,500,0.0001,300,300,0
train,particles2SNR_pipeline/output/p0_c1_Particles2SNR_F_staging/train/4um/HFocusing_5_10_4um_0_1438.npy,P0/data/dataset_Particles2SNR_F_c1/train/4um/HFocusing_5_10_4um_0_1438.npy,4um,HFocusing_5_10_4um_0_1438.npy,replace,,,,,saturation_cleaned_bandpass_filtered,0,2000000.0,7000.0,80000.0,500,0.0001,300,300,0
train,particles2SNR_pipeline/output/p0_c1_Particles2SNR_F_staging/train/4um/HFocusing_5_10_4um_0_1441.npy,P0/data/dataset_Particles2SNR_F_c1/train/4um/HFocusing_5_10_4um_0_1441.npy,4um,HFocusing_5_10_4um_0_1441.npy,replace,,,,,saturation_cleaned_bandpass_filtered,0,2000000.0,7000.0,80000.0,500,0.0001,300,300,0
train,particles2SNR_pipeline/output/p0_c1_Particles2SNR_F_staging/train/4um/HFocusing_5_10_4um_0_1446.npy,P0/data/dataset_Particles2SNR_F_c1/train/4um/HFocusing_5_10_4um_0_1446.npy,4um,HFocusing_5_10_4um_0_1446.npy,replace,,,,,saturation_cleaned_bandpass_filtered,0,2000000.0,7000.0,80000.0,500,0.0001,300,300,0
train,particles2SNR_pipeline/output/p0_c1_Particles2SNR_F_staging/train/4um/HFocusing_5_10_4um_0_1449.npy,P0/data/dataset_Particles2SNR_F_c1/train/4um/HFocusing_5_10_4um_0_1449.npy,4um,HFocusing_5_10_4um_0_1449.npy,replace,,,,,saturation_cleaned_bandpass_filtered,0,2000000.0,7000.0,80000.0,500,0.0001,300,300,0
train,particles2SNR_pipeline/output/p0_c1_Particles2SNR_F_staging/train/4um/HFocusing_5_10_4um_0_1458.npy,P0/data/dataset_Particles2SNR_F_c1/train/4um/HFocusing_5_10_4um_0_1458.npy,4um,HFocusing_5_10_4um_0_1458.npy,replace,,,,,saturation_cleaned_bandpass_filtered,0,2000000.0,7000.0,80000.0,500,0.0001,300,300,0
train,particles2SNR_pipeline/output/p0_c1_Particles2SNR_F_staging/train/4um/HFocusing_5_10_4um_0_1461.npy,P0/data/dataset_Particles2SNR_F_c1/train/4um/HFocusing_5_10_4um_0_1461.npy,4um,HFocusing_5_10_4um_0_1461.npy,replace,,,,,saturation_cleaned_bandpass_filtered,0,2000000.0,7000.0,80000.0,500,0.0001,300,300,0
train,particles2SNR_pipeline/output/p0_c1_Particles2SNR_F_staging/train/4um/HFocusing_5_10_4um_0_1464.npy,P0/data/dataset_Particles2SNR_F_c1/train/4um/HFocusing_5_10_4um_0_1464.npy,4um,HFocusing_5_10_4um_0_1464.npy,replace,,,,,saturation_cleaned_bandpass_filtered,0,2000000.0,7000.0,80000.0,500,0.0001,300,300,0
train,particles2SNR_pipeline/output/p0_c1_Particles2SNR_F_staging/train/4um/HFocusing_5_10_4um_0_1467.npy,P0/data/dataset_Particles2SNR_F_c1/train/4um/HFocusing_5_10_4um_0_1467.npy,4um,HFocusing_5_10_4um_0_1467.npy,replace,,,,,saturation_cleaned_bandpass_filtered,0,2000000.0,7000.0,80000.0,500,0.0001,300,300,0
train,particles2SNR_pipeline/output/p0_c1_Particles2SNR_F_staging/train/4um/HFocusing_5_10_4um_0_147.npy,P0/data/dataset_Particles2SNR_F_c1/train/4um/HFocusing_5_10_4um_0_147.npy,4um,HFocusing_5_10_4um_0_147.npy,replace,,,,,saturation_cleaned_bandpass_filtered,0,2000000.0,7000.0,80000.0,500,0.0001,300,300,0
train,particles2SNR_pipeline/output/p0_c1_Particles2SNR_F_staging/train/4um/HFocusing_5_10_4um_0_1470.npy,P0/data/dataset_Particles2SNR_F_c1/train/4um/HFocusing_5_10_4um_0_1470.npy,4um,HFocusing_5_10_4um_0_1470.npy,replace,,,,,saturation_cleaned_bandpass_filtered,0,2000000.0,7000.0,80000.0,500,0.0001,300,300,0
train,particles2SNR_pipeline/output/p0_c1_Particles2SNR_F_staging/train/4um/HFocusing_5_10_4um_0_1473.npy,P0/data/dataset_Particles2SNR_F_c1/train/4um/HFocusing_5_10_4um_0_1473.npy,4um,HFocusing_5_10_4um_0_1473.npy,replace,,,,,saturation_cleaned_bandpass_filtered,0,2000000.0,7000.0,80000.0,500,0.0001,300,300,0
train,particles2SNR_pipeline/output/p0_c1_Particles2SNR_F_staging/train/4um/HFocusing_5_10_4um_0_1476.npy,P0/data/dataset_Particles2SNR_F_c1/train/4um/HFocusing_5_10_4um_0_1476.npy,4um,HFocusing_5_10_4um_0_1476.npy,replace,,,,,saturation_cleaned_bandpass_filtered,0,2000000.0,7000.0,80000.0,500,0.0001,300,300,0
train,particles2SNR_pipeline/output/p0_c1_Particles2SNR_F_staging/train/4um/HFocusing_5_10_4um_0_1479.npy,P0/data/dataset_Particles2SNR_F_c1/train/4um/HFocusing_5_10_4um_0_1479.npy,4um,HFocusing_5_10_4um_0_1479.npy,replace,,,,,saturation_cleaned_bandpass_filtered,0,2000000.0,7000.0,80000.0,500,0.0001,300,300,0
train,particles2SNR_pipeline/output/p0_c1_Particles2SNR_F_staging/train/4um/HFocusing_5_10_4um_0_1484.npy,P0/data/dataset_Particles2SNR_F_c1/train/4um/HFocusing_5_10_4um_0_1484.npy,4um,HFocusing_5_10_4um_0_1484.npy,replace,,,,,saturation_cleaned_bandpass_filtered,0,2000000.0,7000.0,80000.0,500,0.0001,300,300,0
train,particles2SNR_pipeline/output/p0_c1_Particles2SNR_F_staging/train/4um/HFocusing_5_10_4um_0_1487.npy,P0/data/dataset_Particles2SNR_F_c1/train/4um/HFocusing_5_10_4um_0_1487.npy,4um,HFocusing_5_10_4um_0_1487.npy,replace,,,,,saturation_cleaned_bandpass_filtered,0,2000000.0,7000.0,80000.0,500,0.0001,300,300,0
train,particles2SNR_pipeline/output/p0_c1_Particles2SNR_F_staging/train/4um/HFocusing_5_10_4um_0_1490.npy,P0/data/dataset_Particles2SNR_F_c1/train/4um/HFocusing_5_10_4um_0_1490.npy,4um,HFocusing_5_10_4um_0_1490.npy,replace,,,,,saturation_cleaned_bandpass_filtered,0,2000000.0,7000.0,80000.0,500,0.0001,300,300,0
train,particles2SNR_pipeline/output/p0_c1_Particles2SNR_F_staging/train/4um/HFocusing_5_10_4um_0_1493.npy,P0/data/dataset_Particles2SNR_F_c1/train/4um/HFocusing_5_10_4um_0_1493.npy,4um,HFocusing_5_10_4um_0_1493.npy,replace,,,,,saturation_cleaned_bandpass_filtered,0,2000000.0,7000.0,80000.0,500,0.0001,300,300,0
train,particles2SNR_pipeline/output/p0_c1_Particles2SNR_F_staging/train/4um/HFocusing_5_10_4um_0_1497.npy,P0/data/dataset_Particles2SNR_F_c1/train/4um/HFocusing_5_10_4um_0_1497.npy,4um,HFocusing_5_10_4um_0_1497.npy,replace,,,,,saturation_cleaned_bandpass_filtered,0,2000000.0,7000.0,80000.0,500,0.0001,300,300,0
train,particles2SNR_pipeline/output/p0_c1_Particles2SNR_F_staging/train/4um/HFocusing_5_10_4um_0_1502.npy,P0/data/dataset_Particles2SNR_F_c1/train/4um/HFocusing_5_10_4um_0_1502.npy,4um,HFocusing_5_10_4um_0_1502.npy,replace,,,,,saturation_cleaned_bandpass_filtered,0,2000000.0,7000.0,80000.0,500,0.0001,300,300,0
train,particles2SNR_pipeline/output/p0_c1_Particles2SNR_F_staging/train/4um/HFocusing_5_10_4um_0_1506.npy,P0/data/dataset_Particles2SNR_F_c1/train/4um/HFocusing_5_10_4um_0_1506.npy,4um,HFocusing_5_10_4um_0_1506.npy,replace,,,,,saturation_cleaned_bandpass_filtered,0,2000000.0,7000.0,80000.0,500,0.0001,300,300,0
train,particles2SNR_pipeline/output/p0_c1_Particles2SNR_F_staging/train/4um/HFocusing_5_10_4um_0_1512.npy,P0/data/dataset_Particles2SNR_F_c1/train/4um/HFocusing_5_10_4um_0_1512.npy,4um,HFocusing_5_10_4um_0_1512.npy,replace,,,,,saturation_cleaned_bandpass_filtered,0,2000000.0,7000.0,80000.0,500,0.0001,300,300,0
train,particles2SNR_pipeline/output/p0_c1_Particles2SNR_F_staging/train/4um/HFocusing_5_10_4um_0_1518.npy,P0/data/dataset_Particles2SNR_F_c1/train/4um/HFocusing_5_10_4um_0_1518.npy,4um,HFocusing_5_10_4um_0_1518.npy,replace,,,,,saturation_cleaned_bandpass_filtered,0,2000000.0,7000.0,80000.0,500,0.0001,300,300,0
train,particles2SNR_pipeline/output/p0_c1_Particles2SNR_F_staging/train/4um/HFocusing_5_10_4um_0_152.npy,P0/data/dataset_Particles2SNR_F_c1/train/4um/HFocusing_5_10_4um_0_152.npy,4um,HFocusing_5_10_4um_0_152.npy,replace,,,,,saturation_cleaned_bandpass_filtered,0,2000000.0,7000.0,80000.0,500,0.0001,300,300,0
train,particles2SNR_pipeline/output/p0_c1_Particles2SNR_F_staging/train/4um/HFocusing_5_10_4um_0_1521.npy,P0/data/dataset_Particles2SNR_F_c1/train/4um/HFocusing_5_10_4um_0_1521.npy,4um,HFocusing_5_10_4um_0_1521.npy,replace,,,,,saturation_cleaned_bandpass_filtered,0,2000000.0,7000.0,80000.0,500,0.0001,300,300,0
train,particles2SNR_pipeline/output/p0_c1_Particles2SNR_F_staging/train/4um/HFocusing_5_10_4um_0_1524.npy,P0/data/dataset_Particles2SNR_F_c1/train/4um/HFocusing_5_10_4um_0_1524.npy,4um,HFocusing_5_10_4um_0_1524.npy,replace,,,,,saturation_cleaned_bandpass_filtered,0,2000000.0,7000.0,80000.0,500,0.0001,300,300,0
train,particles2SNR_pipeline/output/p0_c1_Particles2SNR_F_staging/train/4um/HFocusing_5_10_4um_0_1527.npy,P0/data/dataset_Particles2SNR_F_c1/train/4um/HFocusing_5_10_4um_0_1527.npy,4um,HFocusing_5_10_4um_0_1527.npy,replace,,,,,saturation_cleaned_bandpass_filtered,0,2000000.0,7000.0,80000.0,500,0.0001,300,300,0
train,particles2SNR_pipeline/output/p0_c1_Particles2SNR_F_staging/train/4um/HFocusing_5_10_4um_0_1530.npy,P0/data/dataset_Particles2SNR_F_c1/train/4um/HFocusing_5_10_4um_0_1530.npy,4um,HFocusing_5_10_4um_0_1530.npy,replace,,,,,saturation_cleaned_bandpass_filtered,0,2000000.0,7000.0,80000.0,500,0.0001,300,300,0
train,particles2SNR_pipeline/output/p0_c1_Particles2SNR_F_staging/train/4um/HFocusing_5_10_4um_0_1533.npy,P0/data/dataset_Particles2SNR_F_c1/train/4um/HFocusing_5_10_4um_0_1533.npy,4um,HFocusing_5_10_4um_0_1533.npy,replace,,,,,saturation_cleaned_bandpass_filtered,0,2000000.0,7000.0,80000.0,500,0.0001,300,300,0
train,particles2SNR_pipeline/output/p0_c1_Particles2SNR_F_staging/train/4um/HFocusing_5_10_4um_0_1536.npy,P0/data/dataset_Particles2SNR_F_c1/train/4um/HFocusing_5_10_4um_0_1536.npy,4um,HFocusing_5_10_4um_0_1536.npy,replace,,,,,saturation_cleaned_bandpass_filtered,0,2000000.0,7000.0,80000.0,500,0.0001,300,300,0
train,particles2SNR_pipeline/output/p0_c1_Particles2SNR_F_staging/train/4um/HFocusing_5_10_4um_0_1539.npy,P0/data/dataset_Particles2SNR_F_c1/train/4um/HFocusing_5_10_4um_0_1539.npy,4um,HFocusing_5_10_4um_0_1539.npy,replace,,,,,saturation_cleaned_bandpass_filtered,0,2000000.0,7000.0,80000.0,500,0.0001,300,300,0
train,particles2SNR_pipeline/output/p0_c1_Particles2SNR_F_staging/train/4um/HFocusing_5_10_4um_0_1542.npy,P0/data/dataset_Particles2SNR_F_c1/train/4um/HFocusing_5_10_4um_0_1542.npy,4um,HFocusing_5_10_4um_0_1542.npy,replace,,,,,saturation_cleaned_bandpass_filtered,0,2000000.0,7000.0,80000.0,500,0.0001,300,300,0
train,particles2SNR_pipeline/output/p0_c1_Particles2SNR_F_staging/train/4um/HFocusing_5_10_4um_0_1548.npy,P0/data/dataset_Particles2SNR_F_c1/train/4um/HFocusing_5_10_4um_0_1548.npy,4um,HFocusing_5_10_4um_0_1548.npy,replace,,,,,saturation_cleaned_bandpass_filtered,0,2000000.0,7000.0,80000.0,500,0.0001,300,300,0
train,particles2SNR_pipeline/output/p0_c1_Particles2SNR_F_staging/train/4um/HFocusing_5_10_4um_0_1551.npy,P0/data/dataset_Particles2SNR_F_c1/train/4um/HFocusing_5_10_4um_0_1551.npy,4um,HFocusing_5_10_4um_0_1551.npy,replace,,,,,saturation_cleaned_bandpass_filtered,0,2000000.0,7000.0,80000.0,500,0.0001,300,300,0
train,particles2SNR_pipeline/output/p0_c1_Particles2SNR_F_staging/train/4um/HFocusing_5_10_4um_0_1554.npy,P0/data/dataset_Particles2SNR_F_c1/train/4um/HFocusing_5_10_4um_0_1554.npy,4um,HFocusing_5_10_4um_0_1554.npy,replace,,,,,saturation_cleaned_bandpass_filtered,0,2000000.0,7000.0,80000.0,500,0.0001,300,300,0
train,particles2SNR_pipeline/output/p0_c1_Particles2SNR_F_staging/train/4um/HFocusing_5_10_4um_0_1557.npy,P0/data/dataset_Particles2SNR_F_c1/train/4um/HFocusing_5_10_4um_0_1557.npy,4um,HFocusing_5_10_4um_0_1557.npy,replace,,,,,saturation_cleaned_bandpass_filtered,0,2000000.0,7000.0,80000.0,500,0.0001,300,300,0
train,particles2SNR_pipeline/output/p0_c1_Particles2SNR_F_staging/train/4um/HFocusing_5_10_4um_0_1558.npy,P0/data/dataset_Particles2SNR_F_c1/train/4um/HFocusing_5_10_4um_0_1558.npy,4um,HFocusing_5_10_4um_0_1558.npy,replace,,,,,saturation_cleaned_bandpass_filtered,0,2000000.0,7000.0,80000.0,500,0.0001,300,300,0
train,particles2SNR_pipeline/output/p0_c1_Particles2SNR_F_staging/train/4um/HFocusing_5_10_4um_0_156.npy,P0/data/dataset_Particles2SNR_F_c1/train/4um/HFocusing_5_10_4um_0_156.npy,4um,HFocusing_5_10_4um_0_156.npy,replace,,,,,saturation_cleaned_bandpass_filtered,0,2000000.0,7000.0,80000.0,500,0.0001,300,300,0
train,particles2SNR_pipeline/output/p0_c1_Particles2SNR_F_staging/train/4um/HFocusing_5_10_4um_0_1561.npy,P0/data/dataset_Particles2SNR_F_c1/train/4um/HFocusing_5_10_4um_0_1561.npy,4um,HFocusing_5_10_4um_0_1561.npy,replace,,,,,saturation_cleaned_bandpass_filtered,0,2000000.0,7000.0,80000.0,500,0.0001,300,300,0
train,particles2SNR_pipeline/output/p0_c1_Particles2SNR_F_staging/train/4um/HFocusing_5_10_4um_0_1567.npy,P0/data/dataset_Particles2SNR_F_c1/train/4um/HFocusing_5_10_4um_0_1567.npy,4um,HFocusing_5_10_4um_0_1567.npy,replace,,,,,saturation_cleaned_bandpass_filtered,0,2000000.0,7000.0,80000.0,500,0.0001,300,300,0
train,particles2SNR_pipeline/output/p0_c1_Particles2SNR_F_staging/train/4um/HFocusing_5_10_4um_0_1575.npy,P0/data/dataset_Particles2SNR_F_c1/train/4um/HFocusing_5_10_4um_0_1575.npy,4um,HFocusing_5_10_4um_0_1575.npy,replace,,,,,saturation_cleaned_bandpass_filtered,0,2000000.0,7000.0,80000.0,500,0.0001,300,300,0
train,particles2SNR_pipeline/output/p0_c1_Particles2SNR_F_staging/train/4um/HFocusing_5_10_4um_0_1578.npy,P0/data/dataset_Particles2SNR_F_c1/train/4um/HFocusing_5_10_4um_0_1578.npy,4um,HFocusing_5_10_4um_0_1578.npy,replace,,,,,saturation_cleaned_bandpass_filtered,0,2000000.0,7000.0,80000.0,500,0.0001,300,300,0
train,particles2SNR_pipeline/output/p0_c1_Particles2SNR_F_staging/train/4um/HFocusing_5_10_4um_0_1581.npy,P0/data/dataset_Particles2SNR_F_c1/train/4um/HFocusing_5_10_4um_0_1581.npy,4um,HFocusing_5_10_4um_0_1581.npy,replace,,,,,saturation_cleaned_bandpass_filtered,0,2000000.0,7000.0,80000.0,500,0.0001,300,300,0
train,particles2SNR_pipeline/output/p0_c1_Particles2SNR_F_staging/train/4um/HFocusing_5_10_4um_0_1586.npy,P0/data/dataset_Particles2SNR_F_c1/train/4um/HFocusing_5_10_4um_0_1586.npy,4um,HFocusing_5_10_4um_0_1586.npy,replace,,,,,saturation_cleaned_bandpass_filtered,0,2000000.0,7000.0,80000.0,500,0.0001,300,300,0
train,particles2SNR_pipeline/output/p0_c1_Particles2SNR_F_staging/train/4um/HFocusing_5_10_4um_0_1589.npy,P0/data/dataset_Particles2SNR_F_c1/train/4um/HFocusing_5_10_4um_0_1589.npy,4um,HFocusing_5_10_4um_0_1589.npy,replace,,,,,saturation_cleaned_bandpass_filtered,0,2000000.0,7000.0,80000.0,500,0.0001,300,300,0
train,particles2SNR_pipeline/output/p0_c1_Particles2SNR_F_staging/train/4um/HFocusing_5_10_4um_0_159.npy,P0/data/dataset_Particles2SNR_F_c1/train/4um/HFocusing_5_10_4um_0_159.npy,4um,HFocusing_5_10_4um_0_159.npy,replace,,,,,saturation_cleaned_bandpass_filtered,0,2000000.0,7000.0,80000.0,500,0.0001,300,300,0
train,particles2SNR_pipeline/output/p0_c1_Particles2SNR_F_staging/train/4um/HFocusing_5_10_4um_0_1592.npy,P0/data/dataset_Particles2SNR_F_c1/train/4um/HFocusing_5_10_4um_0_1592.npy,4um,HFocusing_5_10_4um_0_1592.npy,replace,,,,,saturation_cleaned_bandpass_filtered,0,2000000.0,7000.0,80000.0,500,0.0001,300,300,0
train,particles2SNR_pipeline/output/p0_c1_Particles2SNR_F_staging/train/4um/HFocusing_5_10_4um_0_1595.npy,P0/data/dataset_Particles2SNR_F_c1/train/4um/HFocusing_5_10_4um_0_1595.npy,4um,HFocusing_5_10_4um_0_1595.npy,replace,,,,,saturation_cleaned_bandpass_filtered,0,2000000.0,7000.0,80000.0,500,0.0001,300,300,0
train,particles2SNR_pipeline/output/p0_c1_Particles2SNR_F_staging/train/4um/HFocusing_5_10_4um_0_16.npy,P0/data/dataset_Particles2SNR_F_c1/train/4um/HFocusing_5_10_4um_0_16.npy,4um,HFocusing_5_10_4um_0_16.npy,replace,,,,,saturation_cleaned_bandpass_filtered,0,2000000.0,7000.0,80000.0,500,0.0001,300,300,0
train,particles2SNR_pipeline/output/p0_c1_Particles2SNR_F_staging/train/4um/HFocusing_5_10_4um_0_1601.npy,P0/data/dataset_Particles2SNR_F_c1/train/4um/HFocusing_5_10_4um_0_1601.npy,4um,HFocusing_5_10_4um_0_1601.npy,replace,,,,,saturation_cleaned_bandpass_filtered,0,2000000.0,7000.0,80000.0,500,0.0001,300,300,0
train,particles2SNR_pipeline/output/p0_c1_Particles2SNR_F_staging/train/4um/HFocusing_5_10_4um_0_1604.npy,P0/data/dataset_Particles2SNR_F_c1/train/4um/HFocusing_5_10_4um_0_1604.npy,4um,HFocusing_5_10_4um_0_1604.npy,replace,,,,,saturation_cleaned_bandpass_filtered,0,2000000.0,7000.0,80000.0,500,0.0001,300,300,0
train,particles2SNR_pipeline/output/p0_c1_Particles2SNR_F_staging/train/4um/HFocusing_5_10_4um_0_1607.npy,P0/data/dataset_Particles2SNR_F_c1/train/4um/HFocusing_5_10_4um_0_1607.npy,4um,HFocusing_5_10_4um_0_1607.npy,replace,,,,,saturation_cleaned_bandpass_filtered,0,2000000.0,7000.0,80000.0,500,0.0001,300,300,0
train,particles2SNR_pipeline/output/p0_c1_Particles2SNR_F_staging/train/4um/HFocusing_5_10_4um_0_1610.npy,P0/data/dataset_Particles2SNR_F_c1/train/4um/HFocusing_5_10_4um_0_1610.npy,4um,HFocusing_5_10_4um_0_1610.npy,replace,,,,,saturation_cleaned_bandpass_filtered,0,2000000.0,7000.0,80000.0,500,0.0001,300,300,0
train,particles2SNR_pipeline/output/p0_c1_Particles2SNR_F_staging/train/4um/HFocusing_5_10_4um_0_1613.npy,P0/data/dataset_Particles2SNR_F_c1/train/4um/HFocusing_5_10_4um_0_1613.npy,4um,HFocusing_5_10_4um_0_1613.npy,replace,,,,,saturation_cleaned_bandpass_filtered,0,2000000.0,7000.0,80000.0,500,0.0001,300,300,0
train,particles2SNR_pipeline/output/p0_c1_Particles2SNR_F_staging/train/4um/HFocusing_5_10_4um_0_1616.npy,P0/data/dataset_Particles2SNR_F_c1/train/4um/HFocusing_5_10_4um_0_1616.npy,4um,HFocusing_5_10_4um_0_1616.npy,replace,,,,,saturation_cleaned_bandpass_filtered,0,2000000.0,7000.0,80000.0,500,0.0001,300,300,0
train,particles2SNR_pipeline/output/p0_c1_Particles2SNR_F_staging/train/4um/HFocusing_5_10_4um_0_1617.npy,P0/data/dataset_Particles2SNR_F_c1/train/4um/HFocusing_5_10_4um_0_1617.npy,4um,HFocusing_5_10_4um_0_1617.npy,replace,,,,,saturation_cleaned_bandpass_filtered,0,2000000.0,7000.0,80000.0,500,0.0001,300,300,0
train,particles2SNR_pipeline/output/p0_c1_Particles2SNR_F_staging/train/4um/HFocusing_5_10_4um_0_162.npy,P0/data/dataset_Particles2SNR_F_c1/train/4um/HFocusing_5_10_4um_0_162.npy,4um,HFocusing_5_10_4um_0_162.npy,replace,,,,,saturation_cleaned_bandpass_filtered,0,2000000.0,7000.0,80000.0,500,0.0001,300,300,0
train,particles2SNR_pipeline/output/p0_c1_Particles2SNR_F_staging/train/4um/HFocusing_5_10_4um_0_1630.npy,P0/data/dataset_Particles2SNR_F_c1/train/4um/HFocusing_5_10_4um_0_1630.npy,4um,HFocusing_5_10_4um_0_1630.npy,replace,,,,,saturation_cleaned_bandpass_filtered,0,2000000.0,7000.0,80000.0,500,0.0001,300,300,0
train,particles2SNR_pipeline/output/p0_c1_Particles2SNR_F_staging/train/4um/HFocusing_5_10_4um_0_1636.npy,P0/data/dataset_Particles2SNR_F_c1/train/4um/HFocusing_5_10_4um_0_1636.npy,4um,HFocusing_5_10_4um_0_1636.npy,replace,,,,,saturation_cleaned_bandpass_filtered,0,2000000.0,7000.0,80000.0,500,0.0001,300,300,0
train,particles2SNR_pipeline/output/p0_c1_Particles2SNR_F_staging/train/4um/HFocusing_5_10_4um_0_1642.npy,P0/data/dataset_Particles2SNR_F_c1/train/4um/HFocusing_5_10_4um_0_1642.npy,4um,HFocusing_5_10_4um_0_1642.npy,replace,,,,,saturation_cleaned_bandpass_filtered,0,2000000.0,7000.0,80000.0,500,0.0001,300,300,0
train,particles2SNR_pipeline/output/p0_c1_Particles2SNR_F_staging/train/4um/HFocusing_5_10_4um_0_1645.npy,P0/data/dataset_Particles2SNR_F_c1/train/4um/HFocusing_5_10_4um_0_1645.npy,4um,HFocusing_5_10_4um_0_1645.npy,replace,,,,,saturation_cleaned_bandpass_filtered,0,2000000.0,7000.0,80000.0,500,0.0001,300,300,0
train,particles2SNR_pipeline/output/p0_c1_Particles2SNR_F_staging/train/4um/HFocusing_5_10_4um_0_1651.npy,P0/data/dataset_Particles2SNR_F_c1/train/4um/HFocusing_5_10_4um_0_1651.npy,4um,HFocusing_5_10_4um_0_1651.npy,replace,,,,,saturation_cleaned_bandpass_filtered,0,2000000.0,7000.0,80000.0,500,0.0001,300,300,0
train,particles2SNR_pipeline/output/p0_c1_Particles2SNR_F_staging/train/4um/HFocusing_5_10_4um_0_1654.npy,P0/data/dataset_Particles2SNR_F_c1/train/4um/HFocusing_5_10_4um_0_1654.npy,4um,HFocusing_5_10_4um_0_1654.npy,replace,,,,,saturation_cleaned_bandpass_filtered,0,2000000.0,7000.0,80000.0,500,0.0001,300,300,0
train,particles2SNR_pipeline/output/p0_c1_Particles2SNR_F_staging/train/4um/HFocusing_5_10_4um_0_1657.npy,P0/data/dataset_Particles2SNR_F_c1/train/4um/HFocusing_5_10_4um_0_1657.npy,4um,HFocusing_5_10_4um_0_1657.npy,replace,,,,,saturation_cleaned_bandpass_filtered,0,2000000.0,7000.0,80000.0,500,0.0001,300,300,0
train,particles2SNR_pipeline/output/p0_c1_Particles2SNR_F_staging/train/4um/HFocusing_5_10_4um_0_166.npy,P0/data/dataset_Particles2SNR_F_c1/train/4um/HFocusing_5_10_4um_0_166.npy,4um,HFocusing_5_10_4um_0_166.npy,replace,,,,,saturation_cleaned_bandpass_filtered,0,2000000.0,7000.0,80000.0,500,0.0001,300,300,0
train,particles2SNR_pipeline/output/p0_c1_Particles2SNR_F_staging/train/4um/HFocusing_5_10_4um_0_1660.npy,P0/data/dataset_Particles2SNR_F_c1/train/4um/HFocusing_5_10_4um_0_1660.npy,4um,HFocusing_5_10_4um_0_1660.npy,replace,,,,,saturation_cleaned_bandpass_filtered,0,2000000.0,7000.0,80000.0,500,0.0001,300,300,0
train,particles2SNR_pipeline/output/p0_c1_Particles2SNR_F_staging/train/4um/HFocusing_5_10_4um_0_1666.npy,P0/data/dataset_Particles2SNR_F_c1/train/4um/HFocusing_5_10_4um_0_1666.npy,4um,HFocusing_5_10_4um_0_1666.npy,replace,,,,,saturation_cleaned_bandpass_filtered,0,2000000.0,7000.0,80000.0,500,0.0001,300,300,0
train,particles2SNR_pipeline/output/p0_c1_Particles2SNR_F_staging/train/4um/HFocusing_5_10_4um_0_167.npy,P0/data/dataset_Particles2SNR_F_c1/train/4um/HFocusing_5_10_4um_0_167.npy,4um,HFocusing_5_10_4um_0_167.npy,replace,,,,,saturation_cleaned_bandpass_filtered,0,2000000.0,7000.0,80000.0,500,0.0001,300,300,0
train,particles2SNR_pipeline/output/p0_c1_Particles2SNR_F_staging/train/4um/HFocusing_5_10_4um_0_1672.npy,P0/data/dataset_Particles2SNR_F_c1/train/4um/HFocusing_5_10_4um_0_1672.npy,4um,HFocusing_5_10_4um_0_1672.npy,replace,,,,,saturation_cleaned_bandpass_filtered,0,2000000.0,7000.0,80000.0,500,0.0001,300,300,0
train,particles2SNR_pipeline/output/p0_c1_Particles2SNR_F_staging/train/4um/HFocusing_5_10_4um_0_1675.npy,P0/data/dataset_Particles2SNR_F_c1/train/4um/HFocusing_5_10_4um_0_1675.npy,4um,HFocusing_5_10_4um_0_1675.npy,replace,,,,,saturation_cleaned_bandpass_filtered,0,2000000.0,7000.0,80000.0,500,0.0001,300,300,0
train,particles2SNR_pipeline/output/p0_c1_Particles2SNR_F_staging/train/4um/HFocusing_5_10_4um_0_1678.npy,P0/data/dataset_Particles2SNR_F_c1/train/4um/HFocusing_5_10_4um_0_1678.npy,4um,HFocusing_5_10_4um_0_1678.npy,replace,,,,,saturation_cleaned_bandpass_filtered,0,2000000.0,7000.0,80000.0,500,0.0001,300,300,0
train,particles2SNR_pipeline/output/p0_c1_Particles2SNR_F_staging/train/4um/HFocusing_5_10_4um_0_1681.npy,P0/data/dataset_Particles2SNR_F_c1/train/4um/HFocusing_5_10_4um_0_1681.npy,4um,HFocusing_5_10_4um_0_1681.npy,replace,,,,,saturation_cleaned_bandpass_filtered,0,2000000.0,7000.0,80000.0,500,0.0001,300,300,0
train,particles2SNR_pipeline/output/p0_c1_Particles2SNR_F_staging/train/4um/HFocusing_5_10_4um_0_1684.npy,P0/data/dataset_Particles2SNR_F_c1/train/4um/HFocusing_5_10_4um_0_1684.npy,4um,HFocusing_5_10_4um_0_1684.npy,replace,,,,,saturation_cleaned_bandpass_filtered,0,2000000.0,7000.0,80000.0,500,0.0001,300,300,0
train,particles2SNR_pipeline/output/p0_c1_Particles2SNR_F_staging/train/4um/HFocusing_5_10_4um_0_169.npy,P0/data/dataset_Particles2SNR_F_c1/train/4um/HFocusing_5_10_4um_0_169.npy,4um,HFocusing_5_10_4um_0_169.npy,replace,,,,,saturation_cleaned_bandpass_filtered,0,2000000.0,7000.0,80000.0,500,0.0001,300,300,0
train,particles2SNR_pipeline/output/p0_c1_Particles2SNR_F_staging/train/4um/HFocusing_5_10_4um_0_1690.npy,P0/data/dataset_Particles2SNR_F_c1/train/4um/HFocusing_5_10_4um_0_1690.npy,4um,HFocusing_5_10_4um_0_1690.npy,replace,,,,,saturation_cleaned_bandpass_filtered,0,2000000.0,7000.0,80000.0,500,0.0001,300,300,0
train,particles2SNR_pipeline/output/p0_c1_Particles2SNR_F_staging/train/4um/HFocusing_5_10_4um_0_1693.npy,P0/data/dataset_Particles2SNR_F_c1/train/4um/HFocusing_5_10_4um_0_1693.npy,4um,HFocusing_5_10_4um_0_1693.npy,replace,,,,,saturation_cleaned_bandpass_filtered,0,2000000.0,7000.0,80000.0,500,0.0001,300,300,0
train,particles2SNR_pipeline/output/p0_c1_Particles2SNR_F_staging/train/4um/HFocusing_5_10_4um_0_1695.npy,P0/data/dataset_Particles2SNR_F_c1/train/4um/HFocusing_5_10_4um_0_1695.npy,4um,HFocusing_5_10_4um_0_1695.npy,replace,,,,,saturation_cleaned_bandpass_filtered,0,2000000.0,7000.0,80000.0,500,0.0001,300,300,0
train,particles2SNR_pipeline/output/p0_c1_Particles2SNR_F_staging/train/4um/HFocusing_5_10_4um_0_1702.npy,P0/data/dataset_Particles2SNR_F_c1/train/4um/HFocusing_5_10_4um_0_1702.npy,4um,HFocusing_5_10_4um_0_1702.npy,replace,,,,,saturation_cleaned_bandpass_filtered,0,2000000.0,7000.0,80000.0,500,0.0001,300,300,0
train,particles2SNR_pipeline/output/p0_c1_Particles2SNR_F_staging/train/4um/HFocusing_5_10_4um_0_1707.npy,P0/data/dataset_Particles2SNR_F_c1/train/4um/HFocusing_5_10_4um_0_1707.npy,4um,HFocusing_5_10_4um_0_1707.npy,replace,,,,,saturation_cleaned_bandpass_filtered,0,2000000.0,7000.0,80000.0,500,0.0001,300,300,0
train,particles2SNR_pipeline/output/p0_c1_Particles2SNR_F_staging/train/4um/HFocusing_5_10_4um_0_1710.npy,P0/data/dataset_Particles2SNR_F_c1/train/4um/HFocusing_5_10_4um_0_1710.npy,4um,HFocusing_5_10_4um_0_1710.npy,replace,,,,,saturation_cleaned_bandpass_filtered,0,2000000.0,7000.0,80000.0,500,0.0001,300,300,0
train,particles2SNR_pipeline/output/p0_c1_Particles2SNR_F_staging/train/4um/HFocusing_5_10_4um_0_1714.npy,P0/data/dataset_Particles2SNR_F_c1/train/4um/HFocusing_5_10_4um_0_1714.npy,4um,HFocusing_5_10_4um_0_1714.npy,replace,,,,,saturation_cleaned_bandpass_filtered,0,2000000.0,7000.0,80000.0,500,0.0001,300,300,0
train,particles2SNR_pipeline/output/p0_c1_Particles2SNR_F_staging/train/4um/HFocusing_5_10_4um_0_1716.npy,P0/data/dataset_Particles2SNR_F_c1/train/4um/HFocusing_5_10_4um_0_1716.npy,4um,HFocusing_5_10_4um_0_1716.npy,replace,,,,,saturation_cleaned_bandpass_filtered,0,2000000.0,7000.0,80000.0,500,0.0001,300,300,0
train,particles2SNR_pipeline/output/p0_c1_Particles2SNR_F_staging/train/4um/HFocusing_5_10_4um_0_1719.npy,P0/data/dataset_Particles2SNR_F_c1/train/4um/HFocusing_5_10_4um_0_1719.npy,4um,HFocusing_5_10_4um_0_1719.npy,replace,,,,,saturation_cleaned_bandpass_filtered,0,2000000.0,7000.0,80000.0,500,0.0001,300,300,0
train,particles2SNR_pipeline/output/p0_c1_Particles2SNR_F_staging/train/4um/HFocusing_5_10_4um_0_172.npy,P0/data/dataset_Particles2SNR_F_c1/train/4um/HFocusing_5_10_4um_0_172.npy,4um,HFocusing_5_10_4um_0_172.npy,replace,,,,,saturation_cleaned_bandpass_filtered,0,2000000.0,7000.0,80000.0,500,0.0001,300,300,0
train,particles2SNR_pipeline/output/p0_c1_Particles2SNR_F_staging/train/4um/HFocusing_5_10_4um_0_1720.npy,P0/data/dataset_Particles2SNR_F_c1/train/4um/HFocusing_5_10_4um_0_1720.npy,4um,HFocusing_5_10_4um_0_1720.npy,replace,,,,,saturation_cleaned_bandpass_filtered,0,2000000.0,7000.0,80000.0,500,0.0001,300,300,0
train,particles2SNR_pipeline/output/p0_c1_Particles2SNR_F_staging/train/4um/HFocusing_5_10_4um_0_1722.npy,P0/data/dataset_Particles2SNR_F_c1/train/4um/HFocusing_5_10_4um_0_1722.npy,4um,HFocusing_5_10_4um_0_1722.npy,replace,,,,,saturation_cleaned_bandpass_filtered,0,2000000.0,7000.0,80000.0,500,0.0001,300,300,0
train,particles2SNR_pipeline/output/p0_c1_Particles2SNR_F_staging/train/4um/HFocusing_5_10_4um_0_1725.npy,P0/data/dataset_Particles2SNR_F_c1/train/4um/HFocusing_5_10_4um_0_1725.npy,4um,HFocusing_5_10_4um_0_1725.npy,replace,,,,,saturation_cleaned_bandpass_filtered,0,2000000.0,7000.0,80000.0,500,0.0001,300,300,0
train,particles2SNR_pipeline/output/p0_c1_Particles2SNR_F_staging/train/4um/HFocusing_5_10_4um_0_1728.npy,P0/data/dataset_Particles2SNR_F_c1/train/4um/HFocusing_5_10_4um_0_1728.npy,4um,HFocusing_5_10_4um_0_1728.npy,replace,,,,,saturation_cleaned_bandpass_filtered,0,2000000.0,7000.0,80000.0,500,0.0001,300,300,0
train,particles2SNR_pipeline/output/p0_c1_Particles2SNR_F_staging/train/4um/HFocusing_5_10_4um_0_1732.npy,P0/data/dataset_Particles2SNR_F_c1/train/4um/HFocusing_5_10_4um_0_1732.npy,4um,HFocusing_5_10_4um_0_1732.npy,replace,,,,,saturation_cleaned_bandpass_filtered,0,2000000.0,7000.0,80000.0,500,0.0001,300,300,0
train,particles2SNR_pipeline/output/p0_c1_Particles2SNR_F_staging/train/4um/HFocusing_5_10_4um_0_1735.npy,P0/data/dataset_Particles2SNR_F_c1/train/4um/HFocusing_5_10_4um_0_1735.npy,4um,HFocusing_5_10_4um_0_1735.npy,replace,,,,,saturation_cleaned_bandpass_filtered,0,2000000.0,7000.0,80000.0,500,0.0001,300,300,0
train,particles2SNR_pipeline/output/p0_c1_Particles2SNR_F_staging/train/4um/HFocusing_5_10_4um_0_1738.npy,P0/data/dataset_Particles2SNR_F_c1/train/4um/HFocusing_5_10_4um_0_1738.npy,4um,HFocusing_5_10_4um_0_1738.npy,replace,,,,,saturation_cleaned_bandpass_filtered,0,2000000.0,7000.0,80000.0,500,0.0001,300,300,0
train,particles2SNR_pipeline/output/p0_c1_Particles2SNR_F_staging/train/4um/HFocusing_5_10_4um_0_1741.npy,P0/data/dataset_Particles2SNR_F_c1/train/4um/HFocusing_5_10_4um_0_1741.npy,4um,HFocusing_5_10_4um_0_1741.npy,replace,,,,,saturation_cleaned_bandpass_filtered,0,2000000.0,7000.0,80000.0,500,0.0001,300,300,0
train,particles2SNR_pipeline/output/p0_c1_Particles2SNR_F_staging/train/4um/HFocusing_5_10_4um_0_1747.npy,P0/data/dataset_Particles2SNR_F_c1/train/4um/HFocusing_5_10_4um_0_1747.npy,4um,HFocusing_5_10_4um_0_1747.npy,replace,,,,,saturation_cleaned_bandpass_filtered,0,2000000.0,7000.0,80000.0,500,0.0001,300,300,0
train,particles2SNR_pipeline/output/p0_c1_Particles2SNR_F_staging/train/4um/HFocusing_5_10_4um_0_1750.npy,P0/data/dataset_Particles2SNR_F_c1/train/4um/HFocusing_5_10_4um_0_1750.npy,4um,HFocusing_5_10_4um_0_1750.npy,replace,,,,,saturation_cleaned_bandpass_filtered,0,2000000.0,7000.0,80000.0,500,0.0001,300,300,0
train,particles2SNR_pipeline/output/p0_c1_Particles2SNR_F_staging/train/4um/HFocusing_5_10_4um_0_1756.npy,P0/data/dataset_Particles2SNR_F_c1/train/4um/HFocusing_5_10_4um_0_1756.npy,4um,HFocusing_5_10_4um_0_1756.npy,replace,,,,,saturation_cleaned_bandpass_filtered,0,2000000.0,7000.0,80000.0,500,0.0001,300,300,0
train,particles2SNR_pipeline/output/p0_c1_Particles2SNR_F_staging/train/4um/HFocusing_5_10_4um_0_1759.npy,P0/data/dataset_Particles2SNR_F_c1/train/4um/HFocusing_5_10_4um_0_1759.npy,4um,HFocusing_5_10_4um_0_1759.npy,replace,,,,,saturation_cleaned_bandpass_filtered,0,2000000.0,7000.0,80000.0,500,0.0001,300,300,0
train,particles2SNR_pipeline/output/p0_c1_Particles2SNR_F_staging/train/4um/HFocusing_5_10_4um_0_1762.npy,P0/data/dataset_Particles2SNR_F_c1/train/4um/HFocusing_5_10_4um_0_1762.npy,4um,HFocusing_5_10_4um_0_1762.npy,replace,,,,,saturation_cleaned_bandpass_filtered,0,2000000.0,7000.0,80000.0,500,0.0001,300,300,0
train,particles2SNR_pipeline/output/p0_c1_Particles2SNR_F_staging/train/4um/HFocusing_5_10_4um_0_1766.npy,P0/data/dataset_Particles2SNR_F_c1/train/4um/HFocusing_5_10_4um_0_1766.npy,4um,HFocusing_5_10_4um_0_1766.npy,replace,,,,,saturation_cleaned_bandpass_filtered,0,2000000.0,7000.0,80000.0,500,0.0001,300,300,0
train,particles2SNR_pipeline/output/p0_c1_Particles2SNR_F_staging/train/4um/HFocusing_5_10_4um_0_1769.npy,P0/data/dataset_Particles2SNR_F_c1/train/4um/HFocusing_5_10_4um_0_1769.npy,4um,HFocusing_5_10_4um_0_1769.npy,replace,,,,,saturation_cleaned_bandpass_filtered,0,2000000.0,7000.0,80000.0,500,0.0001,300,300,0
train,particles2SNR_pipeline/output/p0_c1_Particles2SNR_F_staging/train/4um/HFocusing_5_10_4um_0_1772.npy,P0/data/dataset_Particles2SNR_F_c1/train/4um/HFocusing_5_10_4um_0_1772.npy,4um,HFocusing_5_10_4um_0_1772.npy,replace,,,,,saturation_cleaned_bandpass_filtered,0,2000000.0,7000.0,80000.0,500,0.0001,300,300,0
train,particles2SNR_pipeline/output/p0_c1_Particles2SNR_F_staging/train/4um/HFocusing_5_10_4um_0_1775.npy,P0/data/dataset_Particles2SNR_F_c1/train/4um/HFocusing_5_10_4um_0_1775.npy,4um,HFocusing_5_10_4um_0_1775.npy,replace,,,,,saturation_cleaned_bandpass_filtered,0,2000000.0,7000.0,80000.0,500,0.0001,300,300,0
train,particles2SNR_pipeline/output/p0_c1_Particles2SNR_F_staging/train/4um/HFocusing_5_10_4um_0_1779.npy,P0/data/dataset_Particles2SNR_F_c1/train/4um/HFocusing_5_10_4um_0_1779.npy,4um,HFocusing_5_10_4um_0_1779.npy,replace,,,,,saturation_cleaned_bandpass_filtered,0,2000000.0,7000.0,80000.0,500,0.0001,300,300,0
train,particles2SNR_pipeline/output/p0_c1_Particles2SNR_F_staging/train/4um/HFocusing_5_10_4um_0_178.npy,P0/data/dataset_Particles2SNR_F_c1/train/4um/HFocusing_5_10_4um_0_178.npy,4um,HFocusing_5_10_4um_0_178.npy,replace,,,,,saturation_cleaned_bandpass_filtered,0,2000000.0,7000.0,80000.0,500,0.0001,300,300,0
train,particles2SNR_pipeline/output/p0_c1_Particles2SNR_F_staging/train/4um/HFocusing_5_10_4um_0_1785.npy,P0/data/dataset_Particles2SNR_F_c1/train/4um/HFocusing_5_10_4um_0_1785.npy,4um,HFocusing_5_10_4um_0_1785.npy,replace,,,,,saturation_cleaned_bandpass_filtered,0,2000000.0,7000.0,80000.0,500,0.0001,300,300,0
train,particles2SNR_pipeline/output/p0_c1_Particles2SNR_F_staging/train/4um/HFocusing_5_10_4um_0_1788.npy,P0/data/dataset_Particles2SNR_F_c1/train/4um/HFocusing_5_10_4um_0_1788.npy,4um,HFocusing_5_10_4um_0_1788.npy,replace,,,,,saturation_cleaned_bandpass_filtered,0,2000000.0,7000.0,80000.0,500,0.0001,300,300,0
train,particles2SNR_pipeline/output/p0_c1_Particles2SNR_F_staging/train/4um/HFocusing_5_10_4um_0_1791.npy,P0/data/dataset_Particles2SNR_F_c1/train/4um/HFocusing_5_10_4um_0_1791.npy,4um,HFocusing_5_10_4um_0_1791.npy,replace,,,,,saturation_cleaned_bandpass_filtered,0,2000000.0,7000.0,80000.0,500,0.0001,300,300,0
train,particles2SNR_pipeline/output/p0_c1_Particles2SNR_F_staging/train/4um/HFocusing_5_10_4um_0_1797.npy,P0/data/dataset_Particles2SNR_F_c1/train/4um/HFocusing_5_10_4um_0_1797.npy,4um,HFocusing_5_10_4um_0_1797.npy,replace,,,,,saturation_cleaned_bandpass_filtered,0,2000000.0,7000.0,80000.0,500,0.0001,300,300,0
train,particles2SNR_pipeline/output/p0_c1_Particles2SNR_F_staging/train/4um/HFocusing_5_10_4um_0_1800.npy,P0/data/dataset_Particles2SNR_F_c1/train/4um/HFocusing_5_10_4um_0_1800.npy,4um,HFocusing_5_10_4um_0_1800.npy,replace,,,,,saturation_cleaned_bandpass_filtered,0,2000000.0,7000.0,80000.0,500,0.0001,300,300,0
train,particles2SNR_pipeline/output/p0_c1_Particles2SNR_F_staging/train/4um/HFocusing_5_10_4um_0_1803.npy,P0/data/dataset_Particles2SNR_F_c1/train/4um/HFocusing_5_10_4um_0_1803.npy,4um,HFocusing_5_10_4um_0_1803.npy,replace,,,,,saturation_cleaned_bandpass_filtered,0,2000000.0,7000.0,80000.0,500,0.0001,300,300,0
train,particles2SNR_pipeline/output/p0_c1_Particles2SNR_F_staging/train/4um/HFocusing_5_10_4um_0_1806.npy,P0/data/dataset_Particles2SNR_F_c1/train/4um/HFocusing_5_10_4um_0_1806.npy,4um,HFocusing_5_10_4um_0_1806.npy,replace,,,,,saturation_cleaned_bandpass_filtered,0,2000000.0,7000.0,80000.0,500,0.0001,300,300,0
train,particles2SNR_pipeline/output/p0_c1_Particles2SNR_F_staging/train/4um/HFocusing_5_10_4um_0_1809.npy,P0/data/dataset_Particles2SNR_F_c1/train/4um/HFocusing_5_10_4um_0_1809.npy,4um,HFocusing_5_10_4um_0_1809.npy,replace,,,,,saturation_cleaned_bandpass_filtered,0,2000000.0,7000.0,80000.0,500,0.0001,300,300,0
train,particles2SNR_pipeline/output/p0_c1_Particles2SNR_F_staging/train/4um/HFocusing_5_10_4um_0_181.npy,P0/data/dataset_Particles2SNR_F_c1/train/4um/HFocusing_5_10_4um_0_181.npy,4um,HFocusing_5_10_4um_0_181.npy,replace,,,,,saturation_cleaned_bandpass_filtered,0,2000000.0,7000.0,80000.0,500,0.0001,300,300,0
train,particles2SNR_pipeline/output/p0_c1_Particles2SNR_F_staging/train/4um/HFocusing_5_10_4um_0_1812.npy,P0/data/dataset_Particles2SNR_F_c1/train/4um/HFocusing_5_10_4um_0_1812.npy,4um,HFocusing_5_10_4um_0_1812.npy,replace,,,,,saturation_cleaned_bandpass_filtered,0,2000000.0,7000.0,80000.0,500,0.0001,300,300,0
train,particles2SNR_pipeline/output/p0_c1_Particles2SNR_F_staging/train/4um/HFocusing_5_10_4um_0_1818.npy,P0/data/dataset_Particles2SNR_F_c1/train/4um/HFocusing_5_10_4um_0_1818.npy,4um,HFocusing_5_10_4um_0_1818.npy,replace,,,,,saturation_cleaned_bandpass_filtered,0,2000000.0,7000.0,80000.0,500,0.0001,300,300,0
train,particles2SNR_pipeline/output/p0_c1_Particles2SNR_F_staging/train/4um/HFocusing_5_10_4um_0_1821.npy,P0/data/dataset_Particles2SNR_F_c1/train/4um/HFocusing_5_10_4um_0_1821.npy,4um,HFocusing_5_10_4um_0_1821.npy,replace,,,,,saturation_cleaned_bandpass_filtered,0,2000000.0,7000.0,80000.0,500,0.0001,300,300,0
train,particles2SNR_pipeline/output/p0_c1_Particles2SNR_F_staging/train/4um/HFocusing_5_10_4um_0_1824.npy,P0/data/dataset_Particles2SNR_F_c1/train/4um/HFocusing_5_10_4um_0_1824.npy,4um,HFocusing_5_10_4um_0_1824.npy,replace,,,,,saturation_cleaned_bandpass_filtered,0,2000000.0,7000.0,80000.0,500,0.0001,300,300,0
train,particles2SNR_pipeline/output/p0_c1_Particles2SNR_F_staging/train/4um/HFocusing_5_10_4um_0_1827.npy,P0/data/dataset_Particles2SNR_F_c1/train/4um/HFocusing_5_10_4um_0_1827.npy,4um,HFocusing_5_10_4um_0_1827.npy,replace,,,,,saturation_cleaned_bandpass_filtered,0,2000000.0,7000.0,80000.0,500,0.0001,300,300,0
train,particles2SNR_pipeline/output/p0_c1_Particles2SNR_F_staging/train/4um/HFocusing_5_10_4um_0_1830.npy,P0/data/dataset_Particles2SNR_F_c1/train/4um/HFocusing_5_10_4um_0_1830.npy,4um,HFocusing_5_10_4um_0_1830.npy,replace,,,,,saturation_cleaned_bandpass_filtered,0,2000000.0,7000.0,80000.0,500,0.0001,300,300,0
train,particles2SNR_pipeline/output/p0_c1_Particles2SNR_F_staging/train/4um/HFocusing_5_10_4um_0_1833.npy,P0/data/dataset_Particles2SNR_F_c1/train/4um/HFocusing_5_10_4um_0_1833.npy,4um,HFocusing_5_10_4um_0_1833.npy,replace,,,,,saturation_cleaned_bandpass_filtered,0,2000000.0,7000.0,80000.0,500,0.0001,300,300,0
train,particles2SNR_pipeline/output/p0_c1_Particles2SNR_F_staging/train/4um/HFocusing_5_10_4um_0_1836.npy,P0/data/dataset_Particles2SNR_F_c1/train/4um/HFocusing_5_10_4um_0_1836.npy,4um,HFocusing_5_10_4um_0_1836.npy,replace,,,,,saturation_cleaned_bandpass_filtered,0,2000000.0,7000.0,80000.0,500,0.0001,300,300,0
train,particles2SNR_pipeline/output/p0_c1_Particles2SNR_F_staging/train/4um/HFocusing_5_10_4um_0_1839.npy,P0/data/dataset_Particles2SNR_F_c1/train/4um/HFocusing_5_10_4um_0_1839.npy,4um,HFocusing_5_10_4um_0_1839.npy,replace,,,,,saturation_cleaned_bandpass_filtered,0,2000000.0,7000.0,80000.0,500,0.0001,300,300,0
train,particles2SNR_pipeline/output/p0_c1_Particles2SNR_F_staging/train/4um/HFocusing_5_10_4um_0_184.npy,P0/data/dataset_Particles2SNR_F_c1/train/4um/HFocusing_5_10_4um_0_184.npy,4um,HFocusing_5_10_4um_0_184.npy,replace,,,,,saturation_cleaned_bandpass_filtered,0,2000000.0,7000.0,80000.0,500,0.0001,300,300,0
train,particles2SNR_pipeline/output/p0_c1_Particles2SNR_F_staging/train/4um/HFocusing_5_10_4um_0_1842.npy,P0/data/dataset_Particles2SNR_F_c1/train/4um/HFocusing_5_10_4um_0_1842.npy,4um,HFocusing_5_10_4um_0_1842.npy,replace,,,,,saturation_cleaned_bandpass_filtered,0,2000000.0,7000.0,80000.0,500,0.0001,300,300,0
train,particles2SNR_pipeline/output/p0_c1_Particles2SNR_F_staging/train/4um/HFocusing_5_10_4um_0_1848.npy,P0/data/dataset_Particles2SNR_F_c1/train/4um/HFocusing_5_10_4um_0_1848.npy,4um,HFocusing_5_10_4um_0_1848.npy,replace,,,,,saturation_cleaned_bandpass_filtered,0,2000000.0,7000.0,80000.0,500,0.0001,300,300,0
train,particles2SNR_pipeline/output/p0_c1_Particles2SNR_F_staging/train/4um/HFocusing_5_10_4um_0_1851.npy,P0/data/dataset_Particles2SNR_F_c1/train/4um/HFocusing_5_10_4um_0_1851.npy,4um,HFocusing_5_10_4um_0_1851.npy,replace,,,,,saturation_cleaned_bandpass_filtered,0,2000000.0,7000.0,80000.0,500,0.0001,300,300,0
train,particles2SNR_pipeline/output/p0_c1_Particles2SNR_F_staging/train/4um/HFocusing_5_10_4um_0_1854.npy,P0/data/dataset_Particles2SNR_F_c1/train/4um/HFocusing_5_10_4um_0_1854.npy,4um,HFocusing_5_10_4um_0_1854.npy,replace,,,,,saturation_cleaned_bandpass_filtered,0,2000000.0,7000.0,80000.0,500,0.0001,300,300,0
train,particles2SNR_pipeline/output/p0_c1_Particles2SNR_F_staging/train/4um/HFocusing_5_10_4um_0_1857.npy,P0/data/dataset_Particles2SNR_F_c1/train/4um/HFocusing_5_10_4um_0_1857.npy,4um,HFocusing_5_10_4um_0_1857.npy,replace,,,,,saturation_cleaned_bandpass_filtered,0,2000000.0,7000.0,80000.0,500,0.0001,300,300,0
train,particles2SNR_pipeline/output/p0_c1_Particles2SNR_F_staging/train/4um/HFocusing_5_10_4um_0_1863.npy,P0/data/dataset_Particles2SNR_F_c1/train/4um/HFocusing_5_10_4um_0_1863.npy,4um,HFocusing_5_10_4um_0_1863.npy,replace,,,,,saturation_cleaned_bandpass_filtered,0,2000000.0,7000.0,80000.0,500,0.0001,300,300,0
train,particles2SNR_pipeline/output/p0_c1_Particles2SNR_F_staging/train/4um/HFocusing_5_10_4um_0_1866.npy,P0/data/dataset_Particles2SNR_F_c1/train/4um/HFocusing_5_10_4um_0_1866.npy,4um,HFocusing_5_10_4um_0_1866.npy,replace,,,,,saturation_cleaned_bandpass_filtered,0,2000000.0,7000.0,80000.0,500,0.0001,300,300,0
train,particles2SNR_pipeline/output/p0_c1_Particles2SNR_F_staging/train/4um/HFocusing_5_10_4um_0_1869.npy,P0/data/dataset_Particles2SNR_F_c1/train/4um/HFocusing_5_10_4um_0_1869.npy,4um,HFocusing_5_10_4um_0_1869.npy,replace,,,,,saturation_cleaned_bandpass_filtered,0,2000000.0,7000.0,80000.0,500,0.0001,300,300,0
train,particles2SNR_pipeline/output/p0_c1_Particles2SNR_F_staging/train/4um/HFocusing_5_10_4um_0_187.npy,P0/data/dataset_Particles2SNR_F_c1/train/4um/HFocusing_5_10_4um_0_187.npy,4um,HFocusing_5_10_4um_0_187.npy,replace,,,,,saturation_cleaned_bandpass_filtered,0,2000000.0,7000.0,80000.0,500,0.0001,300,300,0
train,particles2SNR_pipeline/output/p0_c1_Particles2SNR_F_staging/train/4um/HFocusing_5_10_4um_0_1875.npy,P0/data/dataset_Particles2SNR_F_c1/train/4um/HFocusing_5_10_4um_0_1875.npy,4um,HFocusing_5_10_4um_0_1875.npy,replace,,,,,saturation_cleaned_bandpass_filtered,0,2000000.0,7000.0,80000.0,500,0.0001,300,300,0
train,particles2SNR_pipeline/output/p0_c1_Particles2SNR_F_staging/train/4um/HFocusing_5_10_4um_0_1878.npy,P0/data/dataset_Particles2SNR_F_c1/train/4um/HFocusing_5_10_4um_0_1878.npy,4um,HFocusing_5_10_4um_0_1878.npy,replace,,,,,saturation_cleaned_bandpass_filtered,0,2000000.0,7000.0,80000.0,500,0.0001,300,300,0
train,particles2SNR_pipeline/output/p0_c1_Particles2SNR_F_staging/train/4um/HFocusing_5_10_4um_0_1881.npy,P0/data/dataset_Particles2SNR_F_c1/train/4um/HFocusing_5_10_4um_0_1881.npy,4um,HFocusing_5_10_4um_0_1881.npy,replace,,,,,saturation_cleaned_bandpass_filtered,0,2000000.0,7000.0,80000.0,500,0.0001,300,300,0
train,particles2SNR_pipeline/output/p0_c1_Particles2SNR_F_staging/train/4um/HFocusing_5_10_4um_0_1884.npy,P0/data/dataset_Particles2SNR_F_c1/train/4um/HFocusing_5_10_4um_0_1884.npy,4um,HFocusing_5_10_4um_0_1884.npy,replace,,,,,saturation_cleaned_bandpass_filtered,0,2000000.0,7000.0,80000.0,500,0.0001,300,300,0
train,particles2SNR_pipeline/output/p0_c1_Particles2SNR_F_staging/train/4um/HFocusing_5_10_4um_0_1887.npy,P0/data/dataset_Particles2SNR_F_c1/train/4um/HFocusing_5_10_4um_0_1887.npy,4um,HFocusing_5_10_4um_0_1887.npy,replace,,,,,saturation_cleaned_bandpass_filtered,0,2000000.0,7000.0,80000.0,500,0.0001,300,300,0
train,particles2SNR_pipeline/output/p0_c1_Particles2SNR_F_staging/train/4um/HFocusing_5_10_4um_0_1890.npy,P0/data/dataset_Particles2SNR_F_c1/train/4um/HFocusing_5_10_4um_0_1890.npy,4um,HFocusing_5_10_4um_0_1890.npy,replace,,,,,saturation_cleaned_bandpass_filtered,0,2000000.0,7000.0,80000.0,500,0.0001,300,300,0
train,particles2SNR_pipeline/output/p0_c1_Particles2SNR_F_staging/train/4um/HFocusing_5_10_4um_0_1893.npy,P0/data/dataset_Particles2SNR_F_c1/train/4um/HFocusing_5_10_4um_0_1893.npy,4um,HFocusing_5_10_4um_0_1893.npy,replace,,,,,saturation_cleaned_bandpass_filtered,0,2000000.0,7000.0,80000.0,500,0.0001,300,300,0
train,particles2SNR_pipeline/output/p0_c1_Particles2SNR_F_staging/train/4um/HFocusing_5_10_4um_0_1896.npy,P0/data/dataset_Particles2SNR_F_c1/train/4um/HFocusing_5_10_4um_0_1896.npy,4um,HFocusing_5_10_4um_0_1896.npy,replace,,,,,saturation_cleaned_bandpass_filtered,0,2000000.0,7000.0,80000.0,500,0.0001,300,300,0
train,particles2SNR_pipeline/output/p0_c1_Particles2SNR_F_staging/train/4um/HFocusing_5_10_4um_0_1899.npy,P0/data/dataset_Particles2SNR_F_c1/train/4um/HFocusing_5_10_4um_0_1899.npy,4um,HFocusing_5_10_4um_0_1899.npy,replace,,,,,saturation_cleaned_bandpass_filtered,0,2000000.0,7000.0,80000.0,500,0.0001,300,300,0
train,particles2SNR_pipeline/output/p0_c1_Particles2SNR_F_staging/train/4um/HFocusing_5_10_4um_0_190.npy,P0/data/dataset_Particles2SNR_F_c1/train/4um/HFocusing_5_10_4um_0_190.npy,4um,HFocusing_5_10_4um_0_190.npy,replace,,,,,saturation_cleaned_bandpass_filtered,0,2000000.0,7000.0,80000.0,500,0.0001,300,300,0
train,particles2SNR_pipeline/output/p0_c1_Particles2SNR_F_staging/train/4um/HFocusing_5_10_4um_0_1902.npy,P0/data/dataset_Particles2SNR_F_c1/train/4um/HFocusing_5_10_4um_0_1902.npy,4um,HFocusing_5_10_4um_0_1902.npy,replace,,,,,saturation_cleaned_bandpass_filtered,0,2000000.0,7000.0,80000.0,500,0.0001,300,300,0
train,particles2SNR_pipeline/output/p0_c1_Particles2SNR_F_staging/train/4um/HFocusing_5_10_4um_0_1905.npy,P0/data/dataset_Particles2SNR_F_c1/train/4um/HFocusing_5_10_4um_0_1905.npy,4um,HFocusing_5_10_4um_0_1905.npy,replace,,,,,saturation_cleaned_bandpass_filtered,0,2000000.0,7000.0,80000.0,500,0.0001,300,300,0
train,particles2SNR_pipeline/output/p0_c1_Particles2SNR_F_staging/train/4um/HFocusing_5_10_4um_0_1914.npy,P0/data/dataset_Particles2SNR_F_c1/train/4um/HFocusing_5_10_4um_0_1914.npy,4um,HFocusing_5_10_4um_0_1914.npy,replace,,,,,saturation_cleaned_bandpass_filtered,0,2000000.0,7000.0,80000.0,500,0.0001,300,300,0
train,particles2SNR_pipeline/output/p0_c1_Particles2SNR_F_staging/train/4um/HFocusing_5_10_4um_0_1917.npy,P0/data/dataset_Particles2SNR_F_c1/train/4um/HFocusing_5_10_4um_0_1917.npy,4um,HFocusing_5_10_4um_0_1917.npy,replace,,,,,saturation_cleaned_bandpass_filtered,0,2000000.0,7000.0,80000.0,500,0.0001,300,300,0
train,particles2SNR_pipeline/output/p0_c1_Particles2SNR_F_staging/train/4um/HFocusing_5_10_4um_0_1918.npy,P0/data/dataset_Particles2SNR_F_c1/train/4um/HFocusing_5_10_4um_0_1918.npy,4um,HFocusing_5_10_4um_0_1918.npy,replace,,,,,saturation_cleaned_bandpass_filtered,0,2000000.0,7000.0,80000.0,500,0.0001,300,300,0
train,particles2SNR_pipeline/output/p0_c1_Particles2SNR_F_staging/train/4um/HFocusing_5_10_4um_0_1921.npy,P0/data/dataset_Particles2SNR_F_c1/train/4um/HFocusing_5_10_4um_0_1921.npy,4um,HFocusing_5_10_4um_0_1921.npy,replace,,,,,saturation_cleaned_bandpass_filtered,0,2000000.0,7000.0,80000.0,500,0.0001,300,300,0
train,particles2SNR_pipeline/output/p0_c1_Particles2SNR_F_staging/train/4um/HFocusing_5_10_4um_0_1922.npy,P0/data/dataset_Particles2SNR_F_c1/train/4um/HFocusing_5_10_4um_0_1922.npy,4um,HFocusing_5_10_4um_0_1922.npy,replace,,,,,saturation_cleaned_bandpass_filtered,0,2000000.0,7000.0,80000.0,500,0.0001,300,300,0
train,particles2SNR_pipeline/output/p0_c1_Particles2SNR_F_staging/train/4um/HFocusing_5_10_4um_0_1925.npy,P0/data/dataset_Particles2SNR_F_c1/train/4um/HFocusing_5_10_4um_0_1925.npy,4um,HFocusing_5_10_4um_0_1925.npy,replace,,,,,saturation_cleaned_bandpass_filtered,0,2000000.0,7000.0,80000.0,500,0.0001,300,300,0
train,particles2SNR_pipeline/output/p0_c1_Particles2SNR_F_staging/train/4um/HFocusing_5_10_4um_0_1928.npy,P0/data/dataset_Particles2SNR_F_c1/train/4um/HFocusing_5_10_4um_0_1928.npy,4um,HFocusing_5_10_4um_0_1928.npy,replace,,,,,saturation_cleaned_bandpass_filtered,0,2000000.0,7000.0,80000.0,500,0.0001,300,300,0
train,particles2SNR_pipeline/output/p0_c1_Particles2SNR_F_staging/train/4um/HFocusing_5_10_4um_0_193.npy,P0/data/dataset_Particles2SNR_F_c1/train/4um/HFocusing_5_10_4um_0_193.npy,4um,HFocusing_5_10_4um_0_193.npy,replace,,,,,saturation_cleaned_bandpass_filtered,0,2000000.0,7000.0,80000.0,500,0.0001,300,300,0
train,particles2SNR_pipeline/output/p0_c1_Particles2SNR_F_staging/train/4um/HFocusing_5_10_4um_0_1930.npy,P0/data/dataset_Particles2SNR_F_c1/train/4um/HFocusing_5_10_4um_0_1930.npy,4um,HFocusing_5_10_4um_0_1930.npy,replace,,,,,saturation_cleaned_bandpass_filtered,0,2000000.0,7000.0,80000.0,500,0.0001,300,300,0
train,particles2SNR_pipeline/output/p0_c1_Particles2SNR_F_staging/train/4um/HFocusing_5_10_4um_0_1933.npy,P0/data/dataset_Particles2SNR_F_c1/train/4um/HFocusing_5_10_4um_0_1933.npy,4um,HFocusing_5_10_4um_0_1933.npy,replace,,,,,saturation_cleaned_bandpass_filtered,0,2000000.0,7000.0,80000.0,500,0.0001,300,300,0
train,particles2SNR_pipeline/output/p0_c1_Particles2SNR_F_staging/train/4um/HFocusing_5_10_4um_0_1936.npy,P0/data/dataset_Particles2SNR_F_c1/train/4um/HFocusing_5_10_4um_0_1936.npy,4um,HFocusing_5_10_4um_0_1936.npy,replace,,,,,saturation_cleaned_bandpass_filtered,0,2000000.0,7000.0,80000.0,500,0.0001,300,300,0
train,particles2SNR_pipeline/output/p0_c1_Particles2SNR_F_staging/train/4um/HFocusing_5_10_4um_0_1939.npy,P0/data/dataset_Particles2SNR_F_c1/train/4um/HFocusing_5_10_4um_0_1939.npy,4um,HFocusing_5_10_4um_0_1939.npy,replace,,,,,saturation_cleaned_bandpass_filtered,0,2000000.0,7000.0,80000.0,500,0.0001,300,300,0
train,particles2SNR_pipeline/output/p0_c1_Particles2SNR_F_staging/train/4um/HFocusing_5_10_4um_0_1942.npy,P0/data/dataset_Particles2SNR_F_c1/train/4um/HFocusing_5_10_4um_0_1942.npy,4um,HFocusing_5_10_4um_0_1942.npy,replace,,,,,saturation_cleaned_bandpass_filtered,0,2000000.0,7000.0,80000.0,500,0.0001,300,300,0
train,particles2SNR_pipeline/output/p0_c1_Particles2SNR_F_staging/train/4um/HFocusing_5_10_4um_0_1946.npy,P0/data/dataset_Particles2SNR_F_c1/train/4um/HFocusing_5_10_4um_0_1946.npy,4um,HFocusing_5_10_4um_0_1946.npy,replace,,,,,saturation_cleaned_bandpass_filtered,0,2000000.0,7000.0,80000.0,500,0.0001,300,300,0
train,particles2SNR_pipeline/output/p0_c1_Particles2SNR_F_staging/train/4um/HFocusing_5_10_4um_0_1948.npy,P0/data/dataset_Particles2SNR_F_c1/train/4um/HFocusing_5_10_4um_0_1948.npy,4um,HFocusing_5_10_4um_0_1948.npy,replace,,,,,saturation_cleaned_bandpass_filtered,0,2000000.0,7000.0,80000.0,500,0.0001,300,300,0
train,particles2SNR_pipeline/output/p0_c1_Particles2SNR_F_staging/train/4um/HFocusing_5_10_4um_0_1951.npy,P0/data/dataset_Particles2SNR_F_c1/train/4um/HFocusing_5_10_4um_0_1951.npy,4um,HFocusing_5_10_4um_0_1951.npy,replace,,,,,saturation_cleaned_bandpass_filtered,0,2000000.0,7000.0,80000.0,500,0.0001,300,300,0
train,particles2SNR_pipeline/output/p0_c1_Particles2SNR_F_staging/train/4um/HFocusing_5_10_4um_0_1957.npy,P0/data/dataset_Particles2SNR_F_c1/train/4um/HFocusing_5_10_4um_0_1957.npy,4um,HFocusing_5_10_4um_0_1957.npy,replace,,,,,saturation_cleaned_bandpass_filtered,0,2000000.0,7000.0,80000.0,500,0.0001,300,300,0
train,particles2SNR_pipeline/output/p0_c1_Particles2SNR_F_staging/train/4um/HFocusing_5_10_4um_0_1963.npy,P0/data/dataset_Particles2SNR_F_c1/train/4um/HFocusing_5_10_4um_0_1963.npy,4um,HFocusing_5_10_4um_0_1963.npy,replace,,,,,saturation_cleaned_bandpass_filtered,0,2000000.0,7000.0,80000.0,500,0.0001,300,300,0
train,particles2SNR_pipeline/output/p0_c1_Particles2SNR_F_staging/train/4um/HFocusing_5_10_4um_0_1966.npy,P0/data/dataset_Particles2SNR_F_c1/train/4um/HFocusing_5_10_4um_0_1966.npy,4um,HFocusing_5_10_4um_0_1966.npy,replace,,,,,saturation_cleaned_bandpass_filtered,0,2000000.0,7000.0,80000.0,500,0.0001,300,300,0
train,particles2SNR_pipeline/output/p0_c1_Particles2SNR_F_staging/train/4um/HFocusing_5_10_4um_0_1972.npy,P0/data/dataset_Particles2SNR_F_c1/train/4um/HFocusing_5_10_4um_0_1972.npy,4um,HFocusing_5_10_4um_0_1972.npy,replace,,,,,saturation_cleaned_bandpass_filtered,0,2000000.0,7000.0,80000.0,500,0.0001,300,300,0
train,particles2SNR_pipeline/output/p0_c1_Particles2SNR_F_staging/train/4um/HFocusing_5_10_4um_0_1975.npy,P0/data/dataset_Particles2SNR_F_c1/train/4um/HFocusing_5_10_4um_0_1975.npy,4um,HFocusing_5_10_4um_0_1975.npy,replace,,,,,saturation_cleaned_bandpass_filtered,0,2000000.0,7000.0,80000.0,500,0.0001,300,300,0
train,particles2SNR_pipeline/output/p0_c1_Particles2SNR_F_staging/train/4um/HFocusing_5_10_4um_0_1978.npy,P0/data/dataset_Particles2SNR_F_c1/train/4um/HFocusing_5_10_4um_0_1978.npy,4um,HFocusing_5_10_4um_0_1978.npy,replace,,,,,saturation_cleaned_bandpass_filtered,0,2000000.0,7000.0,80000.0,500,0.0001,300,300,0
train,particles2SNR_pipeline/output/p0_c1_Particles2SNR_F_staging/train/4um/HFocusing_5_10_4um_0_1981.npy,P0/data/dataset_Particles2SNR_F_c1/train/4um/HFocusing_5_10_4um_0_1981.npy,4um,HFocusing_5_10_4um_0_1981.npy,replace,,,,,saturation_cleaned_bandpass_filtered,0,2000000.0,7000.0,80000.0,500,0.0001,300,300,0
train,particles2SNR_pipeline/output/p0_c1_Particles2SNR_F_staging/train/4um/HFocusing_5_10_4um_0_1984.npy,P0/data/dataset_Particles2SNR_F_c1/train/4um/HFocusing_5_10_4um_0_1984.npy,4um,HFocusing_5_10_4um_0_1984.npy,replace,,,,,saturation_cleaned_bandpass_filtered,0,2000000.0,7000.0,80000.0,500,0.0001,300,300,0
train,particles2SNR_pipeline/output/p0_c1_Particles2SNR_F_staging/train/4um/HFocusing_5_10_4um_0_1987.npy,P0/data/dataset_Particles2SNR_F_c1/train/4um/HFocusing_5_10_4um_0_1987.npy,4um,HFocusing_5_10_4um_0_1987.npy,replace,,,,,saturation_cleaned_bandpass_filtered,0,2000000.0,7000.0,80000.0,500,0.0001,300,300,0
train,particles2SNR_pipeline/output/p0_c1_Particles2SNR_F_staging/train/4um/HFocusing_5_10_4um_0_199.npy,P0/data/dataset_Particles2SNR_F_c1/train/4um/HFocusing_5_10_4um_0_199.npy,4um,HFocusing_5_10_4um_0_199.npy,replace,,,,,saturation_cleaned_bandpass_filtered,0,2000000.0,7000.0,80000.0,500,0.0001,300,300,0
train,particles2SNR_pipeline/output/p0_c1_Particles2SNR_F_staging/train/4um/HFocusing_5_10_4um_0_1990.npy,P0/data/dataset_Particles2SNR_F_c1/train/4um/HFocusing_5_10_4um_0_1990.npy,4um,HFocusing_5_10_4um_0_1990.npy,replace,,,,,saturation_cleaned_bandpass_filtered,0,2000000.0,7000.0,80000.0,500,0.0001,300,300,0
train,particles2SNR_pipeline/output/p0_c1_Particles2SNR_F_staging/train/4um/HFocusing_5_10_4um_0_1991.npy,P0/data/dataset_Particles2SNR_F_c1/train/4um/HFocusing_5_10_4um_0_1991.npy,4um,HFocusing_5_10_4um_0_1991.npy,replace,,,,,saturation_cleaned_bandpass_filtered,0,2000000.0,7000.0,80000.0,500,0.0001,300,300,0
train,particles2SNR_pipeline/output/p0_c1_Particles2SNR_F_staging/train/4um/HFocusing_5_10_4um_0_1994.npy,P0/data/dataset_Particles2SNR_F_c1/train/4um/HFocusing_5_10_4um_0_1994.npy,4um,HFocusing_5_10_4um_0_1994.npy,replace,,,,,saturation_cleaned_bandpass_filtered,0,2000000.0,7000.0,80000.0,500,0.0001,300,300,0
train,particles2SNR_pipeline/output/p0_c1_Particles2SNR_F_staging/train/4um/HFocusing_5_10_4um_0_1997.npy,P0/data/dataset_Particles2SNR_F_c1/train/4um/HFocusing_5_10_4um_0_1997.npy,4um,HFocusing_5_10_4um_0_1997.npy,replace,,,,,saturation_cleaned_bandpass_filtered,0,2000000.0,7000.0,80000.0,500,0.0001,300,300,0
train,particles2SNR_pipeline/output/p0_c1_Particles2SNR_F_staging/train/4um/HFocusing_5_10_4um_0_20.npy,P0/data/dataset_Particles2SNR_F_c1/train/4um/HFocusing_5_10_4um_0_20.npy,4um,HFocusing_5_10_4um_0_20.npy,replace,,,,,saturation_cleaned_bandpass_filtered,0,2000000.0,7000.0,80000.0,500,0.0001,300,300,0
train,particles2SNR_pipeline/output/p0_c1_Particles2SNR_F_staging/train/4um/HFocusing_5_10_4um_0_2003.npy,P0/data/dataset_Particles2SNR_F_c1/train/4um/HFocusing_5_10_4um_0_2003.npy,4um,HFocusing_5_10_4um_0_2003.npy,replace,,,,,saturation_cleaned_bandpass_filtered,0,2000000.0,7000.0,80000.0,500,0.0001,300,300,0
train,particles2SNR_pipeline/output/p0_c1_Particles2SNR_F_staging/train/4um/HFocusing_5_10_4um_0_2006.npy,P0/data/dataset_Particles2SNR_F_c1/train/4um/HFocusing_5_10_4um_0_2006.npy,4um,HFocusing_5_10_4um_0_2006.npy,replace,,,,,saturation_cleaned_bandpass_filtered,0,2000000.0,7000.0,80000.0,500,0.0001,300,300,0
train,particles2SNR_pipeline/output/p0_c1_Particles2SNR_F_staging/train/4um/HFocusing_5_10_4um_0_2009.npy,P0/data/dataset_Particles2SNR_F_c1/train/4um/HFocusing_5_10_4um_0_2009.npy,4um,HFocusing_5_10_4um_0_2009.npy,replace,,,,,saturation_cleaned_bandpass_filtered,0,2000000.0,7000.0,80000.0,500,0.0001,300,300,0
train,particles2SNR_pipeline/output/p0_c1_Particles2SNR_F_staging/train/4um/HFocusing_5_10_4um_0_202.npy,P0/data/dataset_Particles2SNR_F_c1/train/4um/HFocusing_5_10_4um_0_202.npy,4um,HFocusing_5_10_4um_0_202.npy,replace,,,,,saturation_cleaned_bandpass_filtered,0,2000000.0,7000.0,80000.0,500,0.0001,300,300,0
train,particles2SNR_pipeline/output/p0_c1_Particles2SNR_F_staging/train/4um/HFocusing_5_10_4um_0_2021.npy,P0/data/dataset_Particles2SNR_F_c1/train/4um/HFocusing_5_10_4um_0_2021.npy,4um,HFocusing_5_10_4um_0_2021.npy,replace,,,,,saturation_cleaned_bandpass_filtered,0,2000000.0,7000.0,80000.0,500,0.0001,300,300,0
train,particles2SNR_pipeline/output/p0_c1_Particles2SNR_F_staging/train/4um/HFocusing_5_10_4um_0_2024.npy,P0/data/dataset_Particles2SNR_F_c1/train/4um/HFocusing_5_10_4um_0_2024.npy,4um,HFocusing_5_10_4um_0_2024.npy,replace,,,,,saturation_cleaned_bandpass_filtered,0,2000000.0,7000.0,80000.0,500,0.0001,300,300,0
train,particles2SNR_pipeline/output/p0_c1_Particles2SNR_F_staging/train/4um/HFocusing_5_10_4um_0_2027.npy,P0/data/dataset_Particles2SNR_F_c1/train/4um/HFocusing_5_10_4um_0_2027.npy,4um,HFocusing_5_10_4um_0_2027.npy,replace,,,,,saturation_cleaned_bandpass_filtered,0,2000000.0,7000.0,80000.0,500,0.0001,300,300,0
train,particles2SNR_pipeline/output/p0_c1_Particles2SNR_F_staging/train/4um/HFocusing_5_10_4um_0_2030.npy,P0/data/dataset_Particles2SNR_F_c1/train/4um/HFocusing_5_10_4um_0_2030.npy,4um,HFocusing_5_10_4um_0_2030.npy,replace,,,,,saturation_cleaned_bandpass_filtered,0,2000000.0,7000.0,80000.0,500,0.0001,300,300,0
train,particles2SNR_pipeline/output/p0_c1_Particles2SNR_F_staging/train/4um/HFocusing_5_10_4um_0_2033.npy,P0/data/dataset_Particles2SNR_F_c1/train/4um/HFocusing_5_10_4um_0_2033.npy,4um,HFocusing_5_10_4um_0_2033.npy,replace,,,,,saturation_cleaned_bandpass_filtered,0,2000000.0,7000.0,80000.0,500,0.0001,300,300,0
train,particles2SNR_pipeline/output/p0_c1_Particles2SNR_F_staging/train/4um/HFocusing_5_10_4um_0_2036.npy,P0/data/dataset_Particles2SNR_F_c1/train/4um/HFocusing_5_10_4um_0_2036.npy,4um,HFocusing_5_10_4um_0_2036.npy,replace,,,,,saturation_cleaned_bandpass_filtered,0,2000000.0,7000.0,80000.0,500,0.0001,300,300,0
train,particles2SNR_pipeline/output/p0_c1_Particles2SNR_F_staging/train/4um/HFocusing_5_10_4um_0_2039.npy,P0/data/dataset_Particles2SNR_F_c1/train/4um/HFocusing_5_10_4um_0_2039.npy,4um,HFocusing_5_10_4um_0_2039.npy,replace,,,,,saturation_cleaned_bandpass_filtered,0,2000000.0,7000.0,80000.0,500,0.0001,300,300,0
train,particles2SNR_pipeline/output/p0_c1_Particles2SNR_F_staging/train/4um/HFocusing_5_10_4um_0_2042.npy,P0/data/dataset_Particles2SNR_F_c1/train/4um/HFocusing_5_10_4um_0_2042.npy,4um,HFocusing_5_10_4um_0_2042.npy,replace,,,,,saturation_cleaned_bandpass_filtered,0,2000000.0,7000.0,80000.0,500,0.0001,300,300,0
train,particles2SNR_pipeline/output/p0_c1_Particles2SNR_F_staging/train/4um/HFocusing_5_10_4um_0_2045.npy,P0/data/dataset_Particles2SNR_F_c1/train/4um/HFocusing_5_10_4um_0_2045.npy,4um,HFocusing_5_10_4um_0_2045.npy,replace,,,,,saturation_cleaned_bandpass_filtered,0,2000000.0,7000.0,80000.0,500,0.0001,300,300,0
train,particles2SNR_pipeline/output/p0_c1_Particles2SNR_F_staging/train/4um/HFocusing_5_10_4um_0_2048.npy,P0/data/dataset_Particles2SNR_F_c1/train/4um/HFocusing_5_10_4um_0_2048.npy,4um,HFocusing_5_10_4um_0_2048.npy,replace,,,,,saturation_cleaned_bandpass_filtered,0,2000000.0,7000.0,80000.0,500,0.0001,300,300,0
train,particles2SNR_pipeline/output/p0_c1_Particles2SNR_F_staging/train/4um/HFocusing_5_10_4um_0_2049.npy,P0/data/dataset_Particles2SNR_F_c1/train/4um/HFocusing_5_10_4um_0_2049.npy,4um,HFocusing_5_10_4um_0_2049.npy,replace,,,,,saturation_cleaned_bandpass_filtered,0,2000000.0,7000.0,80000.0,500,0.0001,300,300,0
train,particles2SNR_pipeline/output/p0_c1_Particles2SNR_F_staging/train/4um/HFocusing_5_10_4um_0_205.npy,P0/data/dataset_Particles2SNR_F_c1/train/4um/HFocusing_5_10_4um_0_205.npy,4um,HFocusing_5_10_4um_0_205.npy,replace,,,,,saturation_cleaned_bandpass_filtered,0,2000000.0,7000.0,80000.0,500,0.0001,300,300,0
train,particles2SNR_pipeline/output/p0_c1_Particles2SNR_F_staging/train/4um/HFocusing_5_10_4um_0_2052.npy,P0/data/dataset_Particles2SNR_F_c1/train/4um/HFocusing_5_10_4um_0_2052.npy,4um,HFocusing_5_10_4um_0_2052.npy,replace,,,,,saturation_cleaned_bandpass_filtered,0,2000000.0,7000.0,80000.0,500,0.0001,300,300,0
train,particles2SNR_pipeline/output/p0_c1_Particles2SNR_F_staging/train/4um/HFocusing_5_10_4um_0_2055.npy,P0/data/dataset_Particles2SNR_F_c1/train/4um/HFocusing_5_10_4um_0_2055.npy,4um,HFocusing_5_10_4um_0_2055.npy,replace,,,,,saturation_cleaned_bandpass_filtered,0,2000000.0,7000.0,80000.0,500,0.0001,300,300,0
train,particles2SNR_pipeline/output/p0_c1_Particles2SNR_F_staging/train/4um/HFocusing_5_10_4um_0_208.npy,P0/data/dataset_Particles2SNR_F_c1/train/4um/HFocusing_5_10_4um_0_208.npy,4um,HFocusing_5_10_4um_0_208.npy,replace,,,,,saturation_cleaned_bandpass_filtered,0,2000000.0,7000.0,80000.0,500,0.0001,300,300,0
train,particles2SNR_pipeline/output/p0_c1_Particles2SNR_F_staging/train/4um/HFocusing_5_10_4um_0_209.npy,P0/data/dataset_Particles2SNR_F_c1/train/4um/HFocusing_5_10_4um_0_209.npy,4um,HFocusing_5_10_4um_0_209.npy,replace,,,,,saturation_cleaned_bandpass_filtered,0,2000000.0,7000.0,80000.0,500,0.0001,300,300,0
train,particles2SNR_pipeline/output/p0_c1_Particles2SNR_F_staging/train/4um/HFocusing_5_10_4um_0_212.npy,P0/data/dataset_Particles2SNR_F_c1/train/4um/HFocusing_5_10_4um_0_212.npy,4um,HFocusing_5_10_4um_0_212.npy,replace,,,,,saturation_cleaned_bandpass_filtered,0,2000000.0,7000.0,80000.0,500,0.0001,300,300,0
train,particles2SNR_pipeline/output/p0_c1_Particles2SNR_F_staging/train/4um/HFocusing_5_10_4um_0_215.npy,P0/data/dataset_Particles2SNR_F_c1/train/4um/HFocusing_5_10_4um_0_215.npy,4um,HFocusing_5_10_4um_0_215.npy,replace,,,,,saturation_cleaned_bandpass_filtered,0,2000000.0,7000.0,80000.0,500,0.0001,300,300,0
train,particles2SNR_pipeline/output/p0_c1_Particles2SNR_F_staging/train/4um/HFocusing_5_10_4um_0_218.npy,P0/data/dataset_Particles2SNR_F_c1/train/4um/HFocusing_5_10_4um_0_218.npy,4um,HFocusing_5_10_4um_0_218.npy,replace,,,,,saturation_cleaned_bandpass_filtered,0,2000000.0,7000.0,80000.0,500,0.0001,300,300,0
train,particles2SNR_pipeline/output/p0_c1_Particles2SNR_F_staging/train/4um/HFocusing_5_10_4um_0_219.npy,P0/data/dataset_Particles2SNR_F_c1/train/4um/HFocusing_5_10_4um_0_219.npy,4um,HFocusing_5_10_4um_0_219.npy,replace,,,,,saturation_cleaned_bandpass_filtered,0,2000000.0,7000.0,80000.0,500,0.0001,300,300,0
train,particles2SNR_pipeline/output/p0_c1_Particles2SNR_F_staging/train/4um/HFocusing_5_10_4um_0_222.npy,P0/data/dataset_Particles2SNR_F_c1/train/4um/HFocusing_5_10_4um_0_222.npy,4um,HFocusing_5_10_4um_0_222.npy,replace,,,,,saturation_cleaned_bandpass_filtered,0,2000000.0,7000.0,80000.0,500,0.0001,300,300,0
train,particles2SNR_pipeline/output/p0_c1_Particles2SNR_F_staging/train/4um/HFocusing_5_10_4um_0_223.npy,P0/data/dataset_Particles2SNR_F_c1/train/4um/HFocusing_5_10_4um_0_223.npy,4um,HFocusing_5_10_4um_0_223.npy,replace,,,,,saturation_cleaned_bandpass_filtered,0,2000000.0,7000.0,80000.0,500,0.0001,300,300,0
train,particles2SNR_pipeline/output/p0_c1_Particles2SNR_F_staging/train/4um/HFocusing_5_10_4um_0_226.npy,P0/data/dataset_Particles2SNR_F_c1/train/4um/HFocusing_5_10_4um_0_226.npy,4um,HFocusing_5_10_4um_0_226.npy,replace,,,,,saturation_cleaned_bandpass_filtered,0,2000000.0,7000.0,80000.0,500,0.0001,300,300,0
train,particles2SNR_pipeline/output/p0_c1_Particles2SNR_F_staging/train/4um/HFocusing_5_10_4um_0_229.npy,P0/data/dataset_Particles2SNR_F_c1/train/4um/HFocusing_5_10_4um_0_229.npy,4um,HFocusing_5_10_4um_0_229.npy,replace,,,,,saturation_cleaned_bandpass_filtered,0,2000000.0,7000.0,80000.0,500,0.0001,300,300,0
train,particles2SNR_pipeline/output/p0_c1_Particles2SNR_F_staging/train/4um/HFocusing_5_10_4um_0_23.npy,P0/data/dataset_Particles2SNR_F_c1/train/4um/HFocusing_5_10_4um_0_23.npy,4um,HFocusing_5_10_4um_0_23.npy,replace,,,,,saturation_cleaned_bandpass_filtered,0,2000000.0,7000.0,80000.0,500,0.0001,300,300,0
train,particles2SNR_pipeline/output/p0_c1_Particles2SNR_F_staging/train/4um/HFocusing_5_10_4um_0_231.npy,P0/data/dataset_Particles2SNR_F_c1/train/4um/HFocusing_5_10_4um_0_231.npy,4um,HFocusing_5_10_4um_0_231.npy,replace,,,,,saturation_cleaned_bandpass_filtered,0,2000000.0,7000.0,80000.0,500,0.0001,300,300,0
train,particles2SNR_pipeline/output/p0_c1_Particles2SNR_F_staging/train/4um/HFocusing_5_10_4um_0_234.npy,P0/data/dataset_Particles2SNR_F_c1/train/4um/HFocusing_5_10_4um_0_234.npy,4um,HFocusing_5_10_4um_0_234.npy,replace,,,,,saturation_cleaned_bandpass_filtered,0,2000000.0,7000.0,80000.0,500,0.0001,300,300,0
train,particles2SNR_pipeline/output/p0_c1_Particles2SNR_F_staging/train/4um/HFocusing_5_10_4um_0_236.npy,P0/data/dataset_Particles2SNR_F_c1/train/4um/HFocusing_5_10_4um_0_236.npy,4um,HFocusing_5_10_4um_0_236.npy,replace,,,,,saturation_cleaned_bandpass_filtered,0,2000000.0,7000.0,80000.0,500,0.0001,300,300,0
train,particles2SNR_pipeline/output/p0_c1_Particles2SNR_F_staging/train/4um/HFocusing_5_10_4um_0_239.npy,P0/data/dataset_Particles2SNR_F_c1/train/4um/HFocusing_5_10_4um_0_239.npy,4um,HFocusing_5_10_4um_0_239.npy,replace,,,,,saturation_cleaned_bandpass_filtered,0,2000000.0,7000.0,80000.0,500,0.0001,300,300,0
train,particles2SNR_pipeline/output/p0_c1_Particles2SNR_F_staging/train/4um/HFocusing_5_10_4um_0_242.npy,P0/data/dataset_Particles2SNR_F_c1/train/4um/HFocusing_5_10_4um_0_242.npy,4um,HFocusing_5_10_4um_0_242.npy,replace,,,,,saturation_cleaned_bandpass_filtered,0,2000000.0,7000.0,80000.0,500,0.0001,300,300,0
train,particles2SNR_pipeline/output/p0_c1_Particles2SNR_F_staging/train/4um/HFocusing_5_10_4um_0_245.npy,P0/data/dataset_Particles2SNR_F_c1/train/4um/HFocusing_5_10_4um_0_245.npy,4um,HFocusing_5_10_4um_0_245.npy,replace,,,,,saturation_cleaned_bandpass_filtered,0,2000000.0,7000.0,80000.0,500,0.0001,300,300,0
train,particles2SNR_pipeline/output/p0_c1_Particles2SNR_F_staging/train/4um/HFocusing_5_10_4um_0_247.npy,P0/data/dataset_Particles2SNR_F_c1/train/4um/HFocusing_5_10_4um_0_247.npy,4um,HFocusing_5_10_4um_0_247.npy,replace,,,,,saturation_cleaned_bandpass_filtered,0,2000000.0,7000.0,80000.0,500,0.0001,300,300,0
train,particles2SNR_pipeline/output/p0_c1_Particles2SNR_F_staging/train/4um/HFocusing_5_10_4um_0_250.npy,P0/data/dataset_Particles2SNR_F_c1/train/4um/HFocusing_5_10_4um_0_250.npy,4um,HFocusing_5_10_4um_0_250.npy,replace,,,,,saturation_cleaned_bandpass_filtered,0,2000000.0,7000.0,80000.0,500,0.0001,300,300,0
train,particles2SNR_pipeline/output/p0_c1_Particles2SNR_F_staging/train/4um/HFocusing_5_10_4um_0_252.npy,P0/data/dataset_Particles2SNR_F_c1/train/4um/HFocusing_5_10_4um_0_252.npy,4um,HFocusing_5_10_4um_0_252.npy,replace,,,,,saturation_cleaned_bandpass_filtered,0,2000000.0,7000.0,80000.0,500,0.0001,300,300,0
train,particles2SNR_pipeline/output/p0_c1_Particles2SNR_F_staging/train/4um/HFocusing_5_10_4um_0_255.npy,P0/data/dataset_Particles2SNR_F_c1/train/4um/HFocusing_5_10_4um_0_255.npy,4um,HFocusing_5_10_4um_0_255.npy,replace,,,,,saturation_cleaned_bandpass_filtered,0,2000000.0,7000.0,80000.0,500,0.0001,300,300,0
train,particles2SNR_pipeline/output/p0_c1_Particles2SNR_F_staging/train/4um/HFocusing_5_10_4um_0_258.npy,P0/data/dataset_Particles2SNR_F_c1/train/4um/HFocusing_5_10_4um_0_258.npy,4um,HFocusing_5_10_4um_0_258.npy,replace,,,,,saturation_cleaned_bandpass_filtered,0,2000000.0,7000.0,80000.0,500,0.0001,300,300,0
train,particles2SNR_pipeline/output/p0_c1_Particles2SNR_F_staging/train/4um/HFocusing_5_10_4um_0_261.npy,P0/data/dataset_Particles2SNR_F_c1/train/4um/HFocusing_5_10_4um_0_261.npy,4um,HFocusing_5_10_4um_0_261.npy,replace,,,,,saturation_cleaned_bandpass_filtered,0,2000000.0,7000.0,80000.0,500,0.0001,300,300,0
train,particles2SNR_pipeline/output/p0_c1_Particles2SNR_F_staging/train/4um/HFocusing_5_10_4um_0_264.npy,P0/data/dataset_Particles2SNR_F_c1/train/4um/HFocusing_5_10_4um_0_264.npy,4um,HFocusing_5_10_4um_0_264.npy,replace,,,,,saturation_cleaned_bandpass_filtered,0,2000000.0,7000.0,80000.0,500,0.0001,300,300,0
train,particles2SNR_pipeline/output/p0_c1_Particles2SNR_F_staging/train/4um/HFocusing_5_10_4um_0_267.npy,P0/data/dataset_Particles2SNR_F_c1/train/4um/HFocusing_5_10_4um_0_267.npy,4um,HFocusing_5_10_4um_0_267.npy,replace,,,,,saturation_cleaned_bandpass_filtered,0,2000000.0,7000.0,80000.0,500,0.0001,300,300,0
train,particles2SNR_pipeline/output/p0_c1_Particles2SNR_F_staging/train/4um/HFocusing_5_10_4um_0_27.npy,P0/data/dataset_Particles2SNR_F_c1/train/4um/HFocusing_5_10_4um_0_27.npy,4um,HFocusing_5_10_4um_0_27.npy,replace,,,,,saturation_cleaned_bandpass_filtered,0,2000000.0,7000.0,80000.0,500,0.0001,300,300,0
train,particles2SNR_pipeline/output/p0_c1_Particles2SNR_F_staging/train/4um/HFocusing_5_10_4um_0_270.npy,P0/data/dataset_Particles2SNR_F_c1/train/4um/HFocusing_5_10_4um_0_270.npy,4um,HFocusing_5_10_4um_0_270.npy,replace,,,,,saturation_cleaned_bandpass_filtered,0,2000000.0,7000.0,80000.0,500,0.0001,300,300,0
train,particles2SNR_pipeline/output/p0_c1_Particles2SNR_F_staging/train/4um/HFocusing_5_10_4um_0_271.npy,P0/data/dataset_Particles2SNR_F_c1/train/4um/HFocusing_5_10_4um_0_271.npy,4um,HFocusing_5_10_4um_0_271.npy,replace,,,,,saturation_cleaned_bandpass_filtered,0,2000000.0,7000.0,80000.0,500,0.0001,300,300,0
train,particles2SNR_pipeline/output/p0_c1_Particles2SNR_F_staging/train/4um/HFocusing_5_10_4um_0_273.npy,P0/data/dataset_Particles2SNR_F_c1/train/4um/HFocusing_5_10_4um_0_273.npy,4um,HFocusing_5_10_4um_0_273.npy,replace,,,,,saturation_cleaned_bandpass_filtered,0,2000000.0,7000.0,80000.0,500,0.0001,300,300,0
train,particles2SNR_pipeline/output/p0_c1_Particles2SNR_F_staging/train/4um/HFocusing_5_10_4um_0_276.npy,P0/data/dataset_Particles2SNR_F_c1/train/4um/HFocusing_5_10_4um_0_276.npy,4um,HFocusing_5_10_4um_0_276.npy,replace,,,,,saturation_cleaned_bandpass_filtered,0,2000000.0,7000.0,80000.0,500,0.0001,300,300,0
train,particles2SNR_pipeline/output/p0_c1_Particles2SNR_F_staging/train/4um/HFocusing_5_10_4um_0_279.npy,P0/data/dataset_Particles2SNR_F_c1/train/4um/HFocusing_5_10_4um_0_279.npy,4um,HFocusing_5_10_4um_0_279.npy,replace,,,,,saturation_cleaned_bandpass_filtered,0,2000000.0,7000.0,80000.0,500,0.0001,300,300,0
train,particles2SNR_pipeline/output/p0_c1_Particles2SNR_F_staging/train/4um/HFocusing_5_10_4um_0_28.npy,P0/data/dataset_Particles2SNR_F_c1/train/4um/HFocusing_5_10_4um_0_28.npy,4um,HFocusing_5_10_4um_0_28.npy,replace,,,,,saturation_cleaned_bandpass_filtered,0,2000000.0,7000.0,80000.0,500,0.0001,300,300,0
train,particles2SNR_pipeline/output/p0_c1_Particles2SNR_F_staging/train/4um/HFocusing_5_10_4um_0_283.npy,P0/data/dataset_Particles2SNR_F_c1/train/4um/HFocusing_5_10_4um_0_283.npy,4um,HFocusing_5_10_4um_0_283.npy,replace,,,,,saturation_cleaned_bandpass_filtered,0,2000000.0,7000.0,80000.0,500,0.0001,300,300,0
train,particles2SNR_pipeline/output/p0_c1_Particles2SNR_F_staging/train/4um/HFocusing_5_10_4um_0_286.npy,P0/data/dataset_Particles2SNR_F_c1/train/4um/HFocusing_5_10_4um_0_286.npy,4um,HFocusing_5_10_4um_0_286.npy,replace,,,,,saturation_cleaned_bandpass_filtered,0,2000000.0,7000.0,80000.0,500,0.0001,300,300,0
train,particles2SNR_pipeline/output/p0_c1_Particles2SNR_F_staging/train/4um/HFocusing_5_10_4um_0_289.npy,P0/data/dataset_Particles2SNR_F_c1/train/4um/HFocusing_5_10_4um_0_289.npy,4um,HFocusing_5_10_4um_0_289.npy,replace,,,,,saturation_cleaned_bandpass_filtered,0,2000000.0,7000.0,80000.0,500,0.0001,300,300,0
train,particles2SNR_pipeline/output/p0_c1_Particles2SNR_F_staging/train/4um/HFocusing_5_10_4um_0_295.npy,P0/data/dataset_Particles2SNR_F_c1/train/4um/HFocusing_5_10_4um_0_295.npy,4um,HFocusing_5_10_4um_0_295.npy,replace,,,,,saturation_cleaned_bandpass_filtered,0,2000000.0,7000.0,80000.0,500,0.0001,300,300,0
train,particles2SNR_pipeline/output/p0_c1_Particles2SNR_F_staging/train/4um/HFocusing_5_10_4um_0_30.npy,P0/data/dataset_Particles2SNR_F_c1/train/4um/HFocusing_5_10_4um_0_30.npy,4um,HFocusing_5_10_4um_0_30.npy,replace,,,,,saturation_cleaned_bandpass_filtered,0,2000000.0,7000.0,80000.0,500,0.0001,300,300,0
train,particles2SNR_pipeline/output/p0_c1_Particles2SNR_F_staging/train/4um/HFocusing_5_10_4um_0_302.npy,P0/data/dataset_Particles2SNR_F_c1/train/4um/HFocusing_5_10_4um_0_302.npy,4um,HFocusing_5_10_4um_0_302.npy,replace,,,,,saturation_cleaned_bandpass_filtered,0,2000000.0,7000.0,80000.0,500,0.0001,300,300,0
train,particles2SNR_pipeline/output/p0_c1_Particles2SNR_F_staging/train/4um/HFocusing_5_10_4um_0_305.npy,P0/data/dataset_Particles2SNR_F_c1/train/4um/HFocusing_5_10_4um_0_305.npy,4um,HFocusing_5_10_4um_0_305.npy,replace,,,,,saturation_cleaned_bandpass_filtered,0,2000000.0,7000.0,80000.0,500,0.0001,300,300,0
train,particles2SNR_pipeline/output/p0_c1_Particles2SNR_F_staging/train/4um/HFocusing_5_10_4um_0_308.npy,P0/data/dataset_Particles2SNR_F_c1/train/4um/HFocusing_5_10_4um_0_308.npy,4um,HFocusing_5_10_4um_0_308.npy,replace,,,,,saturation_cleaned_bandpass_filtered,0,2000000.0,7000.0,80000.0,500,0.0001,300,300,0
train,particles2SNR_pipeline/output/p0_c1_Particles2SNR_F_staging/train/4um/HFocusing_5_10_4um_0_31.npy,P0/data/dataset_Particles2SNR_F_c1/train/4um/HFocusing_5_10_4um_0_31.npy,4um,HFocusing_5_10_4um_0_31.npy,replace,,,,,saturation_cleaned_bandpass_filtered,0,2000000.0,7000.0,80000.0,500,0.0001,300,300,0
train,particles2SNR_pipeline/output/p0_c1_Particles2SNR_F_staging/train/4um/HFocusing_5_10_4um_0_311.npy,P0/data/dataset_Particles2SNR_F_c1/train/4um/HFocusing_5_10_4um_0_311.npy,4um,HFocusing_5_10_4um_0_311.npy,replace,,,,,saturation_cleaned_bandpass_filtered,0,2000000.0,7000.0,80000.0,500,0.0001,300,300,0
train,particles2SNR_pipeline/output/p0_c1_Particles2SNR_F_staging/train/4um/HFocusing_5_10_4um_0_314.npy,P0/data/dataset_Particles2SNR_F_c1/train/4um/HFocusing_5_10_4um_0_314.npy,4um,HFocusing_5_10_4um_0_314.npy,replace,,,,,saturation_cleaned_bandpass_filtered,0,2000000.0,7000.0,80000.0,500,0.0001,300,300,0
train,particles2SNR_pipeline/output/p0_c1_Particles2SNR_F_staging/train/4um/HFocusing_5_10_4um_0_317.npy,P0/data/dataset_Particles2SNR_F_c1/train/4um/HFocusing_5_10_4um_0_317.npy,4um,HFocusing_5_10_4um_0_317.npy,replace,,,,,saturation_cleaned_bandpass_filtered,0,2000000.0,7000.0,80000.0,500,0.0001,300,300,0
train,particles2SNR_pipeline/output/p0_c1_Particles2SNR_F_staging/train/4um/HFocusing_5_10_4um_0_320.npy,P0/data/dataset_Particles2SNR_F_c1/train/4um/HFocusing_5_10_4um_0_320.npy,4um,HFocusing_5_10_4um_0_320.npy,replace,,,,,saturation_cleaned_bandpass_filtered,0,2000000.0,7000.0,80000.0,500,0.0001,300,300,0
train,particles2SNR_pipeline/output/p0_c1_Particles2SNR_F_staging/train/4um/HFocusing_5_10_4um_0_323.npy,P0/data/dataset_Particles2SNR_F_c1/train/4um/HFocusing_5_10_4um_0_323.npy,4um,HFocusing_5_10_4um_0_323.npy,replace,,,,,saturation_cleaned_bandpass_filtered,0,2000000.0,7000.0,80000.0,500,0.0001,300,300,0
train,particles2SNR_pipeline/output/p0_c1_Particles2SNR_F_staging/train/4um/HFocusing_5_10_4um_0_329.npy,P0/data/dataset_Particles2SNR_F_c1/train/4um/HFocusing_5_10_4um_0_329.npy,4um,HFocusing_5_10_4um_0_329.npy,replace,,,,,saturation_cleaned_bandpass_filtered,0,2000000.0,7000.0,80000.0,500,0.0001,300,300,0
train,particles2SNR_pipeline/output/p0_c1_Particles2SNR_F_staging/train/4um/HFocusing_5_10_4um_0_332.npy,P0/data/dataset_Particles2SNR_F_c1/train/4um/HFocusing_5_10_4um_0_332.npy,4um,HFocusing_5_10_4um_0_332.npy,replace,,,,,saturation_cleaned_bandpass_filtered,0,2000000.0,7000.0,80000.0,500,0.0001,300,300,0
train,particles2SNR_pipeline/output/p0_c1_Particles2SNR_F_staging/train/4um/HFocusing_5_10_4um_0_336.npy,P0/data/dataset_Particles2SNR_F_c1/train/4um/HFocusing_5_10_4um_0_336.npy,4um,HFocusing_5_10_4um_0_336.npy,replace,,,,,saturation_cleaned_bandpass_filtered,0,2000000.0,7000.0,80000.0,500,0.0001,300,300,0
train,particles2SNR_pipeline/output/p0_c1_Particles2SNR_F_staging/train/4um/HFocusing_5_10_4um_0_339.npy,P0/data/dataset_Particles2SNR_F_c1/train/4um/HFocusing_5_10_4um_0_339.npy,4um,HFocusing_5_10_4um_0_339.npy,replace,,,,,saturation_cleaned_bandpass_filtered,0,2000000.0,7000.0,80000.0,500,0.0001,300,300,0
train,particles2SNR_pipeline/output/p0_c1_Particles2SNR_F_staging/train/4um/HFocusing_5_10_4um_0_342.npy,P0/data/dataset_Particles2SNR_F_c1/train/4um/HFocusing_5_10_4um_0_342.npy,4um,HFocusing_5_10_4um_0_342.npy,replace,,,,,saturation_cleaned_bandpass_filtered,0,2000000.0,7000.0,80000.0,500,0.0001,300,300,0
train,particles2SNR_pipeline/output/p0_c1_Particles2SNR_F_staging/train/4um/HFocusing_5_10_4um_0_347.npy,P0/data/dataset_Particles2SNR_F_c1/train/4um/HFocusing_5_10_4um_0_347.npy,4um,HFocusing_5_10_4um_0_347.npy,replace,,,,,saturation_cleaned_bandpass_filtered,0,2000000.0,7000.0,80000.0,500,0.0001,300,300,0
train,particles2SNR_pipeline/output/p0_c1_Particles2SNR_F_staging/train/4um/HFocusing_5_10_4um_0_353.npy,P0/data/dataset_Particles2SNR_F_c1/train/4um/HFocusing_5_10_4um_0_353.npy,4um,HFocusing_5_10_4um_0_353.npy,replace,,,,,saturation_cleaned_bandpass_filtered,0,2000000.0,7000.0,80000.0,500,0.0001,300,300,0
train,particles2SNR_pipeline/output/p0_c1_Particles2SNR_F_staging/train/4um/HFocusing_5_10_4um_0_359.npy,P0/data/dataset_Particles2SNR_F_c1/train/4um/HFocusing_5_10_4um_0_359.npy,4um,HFocusing_5_10_4um_0_359.npy,replace,,,,,saturation_cleaned_bandpass_filtered,0,2000000.0,7000.0,80000.0,500,0.0001,300,300,0
train,particles2SNR_pipeline/output/p0_c1_Particles2SNR_F_staging/train/4um/HFocusing_5_10_4um_0_364.npy,P0/data/dataset_Particles2SNR_F_c1/train/4um/HFocusing_5_10_4um_0_364.npy,4um,HFocusing_5_10_4um_0_364.npy,replace,,,,,saturation_cleaned_bandpass_filtered,0,2000000.0,7000.0,80000.0,500,0.0001,300,300,0
train,particles2SNR_pipeline/output/p0_c1_Particles2SNR_F_staging/train/4um/HFocusing_5_10_4um_0_367.npy,P0/data/dataset_Particles2SNR_F_c1/train/4um/HFocusing_5_10_4um_0_367.npy,4um,HFocusing_5_10_4um_0_367.npy,replace,,,,,saturation_cleaned_bandpass_filtered,0,2000000.0,7000.0,80000.0,500,0.0001,300,300,0
train,particles2SNR_pipeline/output/p0_c1_Particles2SNR_F_staging/train/4um/HFocusing_5_10_4um_0_370.npy,P0/data/dataset_Particles2SNR_F_c1/train/4um/HFocusing_5_10_4um_0_370.npy,4um,HFocusing_5_10_4um_0_370.npy,replace,,,,,saturation_cleaned_bandpass_filtered,0,2000000.0,7000.0,80000.0,500,0.0001,300,300,0
train,particles2SNR_pipeline/output/p0_c1_Particles2SNR_F_staging/train/4um/HFocusing_5_10_4um_0_373.npy,P0/data/dataset_Particles2SNR_F_c1/train/4um/HFocusing_5_10_4um_0_373.npy,4um,HFocusing_5_10_4um_0_373.npy,replace,,,,,saturation_cleaned_bandpass_filtered,0,2000000.0,7000.0,80000.0,500,0.0001,300,300,0
train,particles2SNR_pipeline/output/p0_c1_Particles2SNR_F_staging/train/4um/HFocusing_5_10_4um_0_376.npy,P0/data/dataset_Particles2SNR_F_c1/train/4um/HFocusing_5_10_4um_0_376.npy,4um,HFocusing_5_10_4um_0_376.npy,replace,,,,,saturation_cleaned_bandpass_filtered,0,2000000.0,7000.0,80000.0,500,0.0001,300,300,0
train,particles2SNR_pipeline/output/p0_c1_Particles2SNR_F_staging/train/4um/HFocusing_5_10_4um_0_378.npy,P0/data/dataset_Particles2SNR_F_c1/train/4um/HFocusing_5_10_4um_0_378.npy,4um,HFocusing_5_10_4um_0_378.npy,replace,,,,,saturation_cleaned_bandpass_filtered,0,2000000.0,7000.0,80000.0,500,0.0001,300,300,0
train,particles2SNR_pipeline/output/p0_c1_Particles2SNR_F_staging/train/4um/HFocusing_5_10_4um_0_38.npy,P0/data/dataset_Particles2SNR_F_c1/train/4um/HFocusing_5_10_4um_0_38.npy,4um,HFocusing_5_10_4um_0_38.npy,replace,,,,,saturation_cleaned_bandpass_filtered,0,2000000.0,7000.0,80000.0,500,0.0001,300,300,0
train,particles2SNR_pipeline/output/p0_c1_Particles2SNR_F_staging/train/4um/HFocusing_5_10_4um_0_381.npy,P0/data/dataset_Particles2SNR_F_c1/train/4um/HFocusing_5_10_4um_0_381.npy,4um,HFocusing_5_10_4um_0_381.npy,replace,,,,,saturation_cleaned_bandpass_filtered,0,2000000.0,7000.0,80000.0,500,0.0001,300,300,0
train,particles2SNR_pipeline/output/p0_c1_Particles2SNR_F_staging/train/4um/HFocusing_5_10_4um_0_384.npy,P0/data/dataset_Particles2SNR_F_c1/train/4um/HFocusing_5_10_4um_0_384.npy,4um,HFocusing_5_10_4um_0_384.npy,replace,,,,,saturation_cleaned_bandpass_filtered,0,2000000.0,7000.0,80000.0,500,0.0001,300,300,0
train,particles2SNR_pipeline/output/p0_c1_Particles2SNR_F_staging/train/4um/HFocusing_5_10_4um_0_387.npy,P0/data/dataset_Particles2SNR_F_c1/train/4um/HFocusing_5_10_4um_0_387.npy,4um,HFocusing_5_10_4um_0_387.npy,replace,,,,,saturation_cleaned_bandpass_filtered,0,2000000.0,7000.0,80000.0,500,0.0001,300,300,0
train,particles2SNR_pipeline/output/p0_c1_Particles2SNR_F_staging/train/4um/HFocusing_5_10_4um_0_390.npy,P0/data/dataset_Particles2SNR_F_c1/train/4um/HFocusing_5_10_4um_0_390.npy,4um,HFocusing_5_10_4um_0_390.npy,replace,,,,,saturation_cleaned_bandpass_filtered,0,2000000.0,7000.0,80000.0,500,0.0001,300,300,0
train,particles2SNR_pipeline/output/p0_c1_Particles2SNR_F_staging/train/4um/HFocusing_5_10_4um_0_396.npy,P0/data/dataset_Particles2SNR_F_c1/train/4um/HFocusing_5_10_4um_0_396.npy,4um,HFocusing_5_10_4um_0_396.npy,replace,,,,,saturation_cleaned_bandpass_filtered,0,2000000.0,7000.0,80000.0,500,0.0001,300,300,0
train,particles2SNR_pipeline/output/p0_c1_Particles2SNR_F_staging/train/4um/HFocusing_5_10_4um_0_398.npy,P0/data/dataset_Particles2SNR_F_c1/train/4um/HFocusing_5_10_4um_0_398.npy,4um,HFocusing_5_10_4um_0_398.npy,replace,,,,,saturation_cleaned_bandpass_filtered,0,2000000.0,7000.0,80000.0,500,0.0001,300,300,0
train,particles2SNR_pipeline/output/p0_c1_Particles2SNR_F_staging/train/4um/HFocusing_5_10_4um_0_4.npy,P0/data/dataset_Particles2SNR_F_c1/train/4um/HFocusing_5_10_4um_0_4.npy,4um,HFocusing_5_10_4um_0_4.npy,replace,,,,,saturation_cleaned_bandpass_filtered,0,2000000.0,7000.0,80000.0,500,0.0001,300,300,0
train,particles2SNR_pipeline/output/p0_c1_Particles2SNR_F_staging/train/4um/HFocusing_5_10_4um_0_401.npy,P0/data/dataset_Particles2SNR_F_c1/train/4um/HFocusing_5_10_4um_0_401.npy,4um,HFocusing_5_10_4um_0_401.npy,replace,,,,,saturation_cleaned_bandpass_filtered,0,2000000.0,7000.0,80000.0,500,0.0001,300,300,0
train,particles2SNR_pipeline/output/p0_c1_Particles2SNR_F_staging/train/4um/HFocusing_5_10_4um_0_404.npy,P0/data/dataset_Particles2SNR_F_c1/train/4um/HFocusing_5_10_4um_0_404.npy,4um,HFocusing_5_10_4um_0_404.npy,replace,,,,,saturation_cleaned_bandpass_filtered,0,2000000.0,7000.0,80000.0,500,0.0001,300,300,0
train,particles2SNR_pipeline/output/p0_c1_Particles2SNR_F_staging/train/4um/HFocusing_5_10_4um_0_407.npy,P0/data/dataset_Particles2SNR_F_c1/train/4um/HFocusing_5_10_4um_0_407.npy,4um,HFocusing_5_10_4um_0_407.npy,replace,,,,,saturation_cleaned_bandpass_filtered,0,2000000.0,7000.0,80000.0,500,0.0001,300,300,0
train,particles2SNR_pipeline/output/p0_c1_Particles2SNR_F_staging/train/4um/HFocusing_5_10_4um_0_41.npy,P0/data/dataset_Particles2SNR_F_c1/train/4um/HFocusing_5_10_4um_0_41.npy,4um,HFocusing_5_10_4um_0_41.npy,replace,,,,,saturation_cleaned_bandpass_filtered,0,2000000.0,7000.0,80000.0,500,0.0001,300,300,0
train,particles2SNR_pipeline/output/p0_c1_Particles2SNR_F_staging/train/4um/HFocusing_5_10_4um_0_410.npy,P0/data/dataset_Particles2SNR_F_c1/train/4um/HFocusing_5_10_4um_0_410.npy,4um,HFocusing_5_10_4um_0_410.npy,replace,,,,,saturation_cleaned_bandpass_filtered,0,2000000.0,7000.0,80000.0,500,0.0001,300,300,0
train,particles2SNR_pipeline/output/p0_c1_Particles2SNR_F_staging/train/4um/HFocusing_5_10_4um_0_413.npy,P0/data/dataset_Particles2SNR_F_c1/train/4um/HFocusing_5_10_4um_0_413.npy,4um,HFocusing_5_10_4um_0_413.npy,replace,,,,,saturation_cleaned_bandpass_filtered,0,2000000.0,7000.0,80000.0,500,0.0001,300,300,0
train,particles2SNR_pipeline/output/p0_c1_Particles2SNR_F_staging/train/4um/HFocusing_5_10_4um_0_416.npy,P0/data/dataset_Particles2SNR_F_c1/train/4um/HFocusing_5_10_4um_0_416.npy,4um,HFocusing_5_10_4um_0_416.npy,replace,,,,,saturation_cleaned_bandpass_filtered,0,2000000.0,7000.0,80000.0,500,0.0001,300,300,0
train,particles2SNR_pipeline/output/p0_c1_Particles2SNR_F_staging/train/4um/HFocusing_5_10_4um_0_417.npy,P0/data/dataset_Particles2SNR_F_c1/train/4um/HFocusing_5_10_4um_0_417.npy,4um,HFocusing_5_10_4um_0_417.npy,replace,,,,,saturation_cleaned_bandpass_filtered,0,2000000.0,7000.0,80000.0,500,0.0001,300,300,0
train,particles2SNR_pipeline/output/p0_c1_Particles2SNR_F_staging/train/4um/HFocusing_5_10_4um_0_419.npy,P0/data/dataset_Particles2SNR_F_c1/train/4um/HFocusing_5_10_4um_0_419.npy,4um,HFocusing_5_10_4um_0_419.npy,replace,,,,,saturation_cleaned_bandpass_filtered,0,2000000.0,7000.0,80000.0,500,0.0001,300,300,0
train,particles2SNR_pipeline/output/p0_c1_Particles2SNR_F_staging/train/4um/HFocusing_5_10_4um_0_42.npy,P0/data/dataset_Particles2SNR_F_c1/train/4um/HFocusing_5_10_4um_0_42.npy,4um,HFocusing_5_10_4um_0_42.npy,replace,,,,,saturation_cleaned_bandpass_filtered,0,2000000.0,7000.0,80000.0,500,0.0001,300,300,0
train,particles2SNR_pipeline/output/p0_c1_Particles2SNR_F_staging/train/4um/HFocusing_5_10_4um_0_422.npy,P0/data/dataset_Particles2SNR_F_c1/train/4um/HFocusing_5_10_4um_0_422.npy,4um,HFocusing_5_10_4um_0_422.npy,replace,,,,,saturation_cleaned_bandpass_filtered,0,2000000.0,7000.0,80000.0,500,0.0001,300,300,0
train,particles2SNR_pipeline/output/p0_c1_Particles2SNR_F_staging/train/4um/HFocusing_5_10_4um_0_425.npy,P0/data/dataset_Particles2SNR_F_c1/train/4um/HFocusing_5_10_4um_0_425.npy,4um,HFocusing_5_10_4um_0_425.npy,replace,,,,,saturation_cleaned_bandpass_filtered,0,2000000.0,7000.0,80000.0,500,0.0001,300,300,0
train,particles2SNR_pipeline/output/p0_c1_Particles2SNR_F_staging/train/4um/HFocusing_5_10_4um_0_431.npy,P0/data/dataset_Particles2SNR_F_c1/train/4um/HFocusing_5_10_4um_0_431.npy,4um,HFocusing_5_10_4um_0_431.npy,replace,,,,,saturation_cleaned_bandpass_filtered,0,2000000.0,7000.0,80000.0,500,0.0001,300,300,0
train,particles2SNR_pipeline/output/p0_c1_Particles2SNR_F_staging/train/4um/HFocusing_5_10_4um_0_437.npy,P0/data/dataset_Particles2SNR_F_c1/train/4um/HFocusing_5_10_4um_0_437.npy,4um,HFocusing_5_10_4um_0_437.npy,replace,,,,,saturation_cleaned_bandpass_filtered,0,2000000.0,7000.0,80000.0,500,0.0001,300,300,0
train,particles2SNR_pipeline/output/p0_c1_Particles2SNR_F_staging/train/4um/HFocusing_5_10_4um_0_440.npy,P0/data/dataset_Particles2SNR_F_c1/train/4um/HFocusing_5_10_4um_0_440.npy,4um,HFocusing_5_10_4um_0_440.npy,replace,,,,,saturation_cleaned_bandpass_filtered,0,2000000.0,7000.0,80000.0,500,0.0001,300,300,0
train,particles2SNR_pipeline/output/p0_c1_Particles2SNR_F_staging/train/4um/HFocusing_5_10_4um_0_443.npy,P0/data/dataset_Particles2SNR_F_c1/train/4um/HFocusing_5_10_4um_0_443.npy,4um,HFocusing_5_10_4um_0_443.npy,replace,,,,,saturation_cleaned_bandpass_filtered,0,2000000.0,7000.0,80000.0,500,0.0001,300,300,0
train,particles2SNR_pipeline/output/p0_c1_Particles2SNR_F_staging/train/4um/HFocusing_5_10_4um_0_444.npy,P0/data/dataset_Particles2SNR_F_c1/train/4um/HFocusing_5_10_4um_0_444.npy,4um,HFocusing_5_10_4um_0_444.npy,replace,,,,,saturation_cleaned_bandpass_filtered,0,2000000.0,7000.0,80000.0,500,0.0001,300,300,0
train,particles2SNR_pipeline/output/p0_c1_Particles2SNR_F_staging/train/4um/HFocusing_5_10_4um_0_447.npy,P0/data/dataset_Particles2SNR_F_c1/train/4um/HFocusing_5_10_4um_0_447.npy,4um,HFocusing_5_10_4um_0_447.npy,replace,,,,,saturation_cleaned_bandpass_filtered,0,2000000.0,7000.0,80000.0,500,0.0001,300,300,0
train,particles2SNR_pipeline/output/p0_c1_Particles2SNR_F_staging/train/4um/HFocusing_5_10_4um_0_45.npy,P0/data/dataset_Particles2SNR_F_c1/train/4um/HFocusing_5_10_4um_0_45.npy,4um,HFocusing_5_10_4um_0_45.npy,replace,,,,,saturation_cleaned_bandpass_filtered,0,2000000.0,7000.0,80000.0,500,0.0001,300,300,0
train,particles2SNR_pipeline/output/p0_c1_Particles2SNR_F_staging/train/4um/HFocusing_5_10_4um_0_454.npy,P0/data/dataset_Particles2SNR_F_c1/train/4um/HFocusing_5_10_4um_0_454.npy,4um,HFocusing_5_10_4um_0_454.npy,replace,,,,,saturation_cleaned_bandpass_filtered,0,2000000.0,7000.0,80000.0,500,0.0001,300,300,0
train,particles2SNR_pipeline/output/p0_c1_Particles2SNR_F_staging/train/4um/HFocusing_5_10_4um_0_457.npy,P0/data/dataset_Particles2SNR_F_c1/train/4um/HFocusing_5_10_4um_0_457.npy,4um,HFocusing_5_10_4um_0_457.npy,replace,,,,,saturation_cleaned_bandpass_filtered,0,2000000.0,7000.0,80000.0,500,0.0001,300,300,0
train,particles2SNR_pipeline/output/p0_c1_Particles2SNR_F_staging/train/4um/HFocusing_5_10_4um_0_459.npy,P0/data/dataset_Particles2SNR_F_c1/train/4um/HFocusing_5_10_4um_0_459.npy,4um,HFocusing_5_10_4um_0_459.npy,replace,,,,,saturation_cleaned_bandpass_filtered,0,2000000.0,7000.0,80000.0,500,0.0001,300,300,0
train,particles2SNR_pipeline/output/p0_c1_Particles2SNR_F_staging/train/4um/HFocusing_5_10_4um_0_460.npy,P0/data/dataset_Particles2SNR_F_c1/train/4um/HFocusing_5_10_4um_0_460.npy,4um,HFocusing_5_10_4um_0_460.npy,replace,,,,,saturation_cleaned_bandpass_filtered,0,2000000.0,7000.0,80000.0,500,0.0001,300,300,0
train,particles2SNR_pipeline/output/p0_c1_Particles2SNR_F_staging/train/4um/HFocusing_5_10_4um_0_463.npy,P0/data/dataset_Particles2SNR_F_c1/train/4um/HFocusing_5_10_4um_0_463.npy,4um,HFocusing_5_10_4um_0_463.npy,replace,,,,,saturation_cleaned_bandpass_filtered,0,2000000.0,7000.0,80000.0,500,0.0001,300,300,0
train,particles2SNR_pipeline/output/p0_c1_Particles2SNR_F_staging/train/4um/HFocusing_5_10_4um_0_466.npy,P0/data/dataset_Particles2SNR_F_c1/train/4um/HFocusing_5_10_4um_0_466.npy,4um,HFocusing_5_10_4um_0_466.npy,replace,,,,,saturation_cleaned_bandpass_filtered,0,2000000.0,7000.0,80000.0,500,0.0001,300,300,0
train,particles2SNR_pipeline/output/p0_c1_Particles2SNR_F_staging/train/4um/HFocusing_5_10_4um_0_469.npy,P0/data/dataset_Particles2SNR_F_c1/train/4um/HFocusing_5_10_4um_0_469.npy,4um,HFocusing_5_10_4um_0_469.npy,replace,,,,,saturation_cleaned_bandpass_filtered,0,2000000.0,7000.0,80000.0,500,0.0001,300,300,0
train,particles2SNR_pipeline/output/p0_c1_Particles2SNR_F_staging/train/4um/HFocusing_5_10_4um_0_472.npy,P0/data/dataset_Particles2SNR_F_c1/train/4um/HFocusing_5_10_4um_0_472.npy,4um,HFocusing_5_10_4um_0_472.npy,replace,,,,,saturation_cleaned_bandpass_filtered,0,2000000.0,7000.0,80000.0,500,0.0001,300,300,0
train,particles2SNR_pipeline/output/p0_c1_Particles2SNR_F_staging/train/4um/HFocusing_5_10_4um_0_474.npy,P0/data/dataset_Particles2SNR_F_c1/train/4um/HFocusing_5_10_4um_0_474.npy,4um,HFocusing_5_10_4um_0_474.npy,replace,,,,,saturation_cleaned_bandpass_filtered,0,2000000.0,7000.0,80000.0,500,0.0001,300,300,0
train,particles2SNR_pipeline/output/p0_c1_Particles2SNR_F_staging/train/4um/HFocusing_5_10_4um_0_477.npy,P0/data/dataset_Particles2SNR_F_c1/train/4um/HFocusing_5_10_4um_0_477.npy,4um,HFocusing_5_10_4um_0_477.npy,replace,,,,,saturation_cleaned_bandpass_filtered,0,2000000.0,7000.0,80000.0,500,0.0001,300,300,0
train,particles2SNR_pipeline/output/p0_c1_Particles2SNR_F_staging/train/4um/HFocusing_5_10_4um_0_48.npy,P0/data/dataset_Particles2SNR_F_c1/train/4um/HFocusing_5_10_4um_0_48.npy,4um,HFocusing_5_10_4um_0_48.npy,replace,,,,,saturation_cleaned_bandpass_filtered,0,2000000.0,7000.0,80000.0,500,0.0001,300,300,0
train,particles2SNR_pipeline/output/p0_c1_Particles2SNR_F_staging/train/4um/HFocusing_5_10_4um_0_480.npy,P0/data/dataset_Particles2SNR_F_c1/train/4um/HFocusing_5_10_4um_0_480.npy,4um,HFocusing_5_10_4um_0_480.npy,replace,,,,,saturation_cleaned_bandpass_filtered,0,2000000.0,7000.0,80000.0,500,0.0001,300,300,0
train,particles2SNR_pipeline/output/p0_c1_Particles2SNR_F_staging/train/4um/HFocusing_5_10_4um_0_483.npy,P0/data/dataset_Particles2SNR_F_c1/train/4um/HFocusing_5_10_4um_0_483.npy,4um,HFocusing_5_10_4um_0_483.npy,replace,,,,,saturation_cleaned_bandpass_filtered,0,2000000.0,7000.0,80000.0,500,0.0001,300,300,0
train,particles2SNR_pipeline/output/p0_c1_Particles2SNR_F_staging/train/4um/HFocusing_5_10_4um_0_484.npy,P0/data/dataset_Particles2SNR_F_c1/train/4um/HFocusing_5_10_4um_0_484.npy,4um,HFocusing_5_10_4um_0_484.npy,replace,,,,,saturation_cleaned_bandpass_filtered,0,2000000.0,7000.0,80000.0,500,0.0001,300,300,0
train,particles2SNR_pipeline/output/p0_c1_Particles2SNR_F_staging/train/4um/HFocusing_5_10_4um_0_486.npy,P0/data/dataset_Particles2SNR_F_c1/train/4um/HFocusing_5_10_4um_0_486.npy,4um,HFocusing_5_10_4um_0_486.npy,replace,,,,,saturation_cleaned_bandpass_filtered,0,2000000.0,7000.0,80000.0,500,0.0001,300,300,0
train,particles2SNR_pipeline/output/p0_c1_Particles2SNR_F_staging/train/4um/HFocusing_5_10_4um_0_489.npy,P0/data/dataset_Particles2SNR_F_c1/train/4um/HFocusing_5_10_4um_0_489.npy,4um,HFocusing_5_10_4um_0_489.npy,replace,,,,,saturation_cleaned_bandpass_filtered,0,2000000.0,7000.0,80000.0,500,0.0001,300,300,0
train,particles2SNR_pipeline/output/p0_c1_Particles2SNR_F_staging/train/4um/HFocusing_5_10_4um_0_494.npy,P0/data/dataset_Particles2SNR_F_c1/train/4um/HFocusing_5_10_4um_0_494.npy,4um,HFocusing_5_10_4um_0_494.npy,replace,,,,,saturation_cleaned_bandpass_filtered,0,2000000.0,7000.0,80000.0,500,0.0001,300,300,0
train,particles2SNR_pipeline/output/p0_c1_Particles2SNR_F_staging/train/4um/HFocusing_5_10_4um_0_497.npy,P0/data/dataset_Particles2SNR_F_c1/train/4um/HFocusing_5_10_4um_0_497.npy,4um,HFocusing_5_10_4um_0_497.npy,replace,,,,,saturation_cleaned_bandpass_filtered,0,2000000.0,7000.0,80000.0,500,0.0001,300,300,0
train,particles2SNR_pipeline/output/p0_c1_Particles2SNR_F_staging/train/4um/HFocusing_5_10_4um_0_5.npy,P0/data/dataset_Particles2SNR_F_c1/train/4um/HFocusing_5_10_4um_0_5.npy,4um,HFocusing_5_10_4um_0_5.npy,replace,,,,,saturation_cleaned_bandpass_filtered,0,2000000.0,7000.0,80000.0,500,0.0001,300,300,0
train,particles2SNR_pipeline/output/p0_c1_Particles2SNR_F_staging/train/4um/HFocusing_5_10_4um_0_500.npy,P0/data/dataset_Particles2SNR_F_c1/train/4um/HFocusing_5_10_4um_0_500.npy,4um,HFocusing_5_10_4um_0_500.npy,replace,,,,,saturation_cleaned_bandpass_filtered,0,2000000.0,7000.0,80000.0,500,0.0001,300,300,0
train,particles2SNR_pipeline/output/p0_c1_Particles2SNR_F_staging/train/4um/HFocusing_5_10_4um_0_507.npy,P0/data/dataset_Particles2SNR_F_c1/train/4um/HFocusing_5_10_4um_0_507.npy,4um,HFocusing_5_10_4um_0_507.npy,replace,,,,,saturation_cleaned_bandpass_filtered,0,2000000.0,7000.0,80000.0,500,0.0001,300,300,0
train,particles2SNR_pipeline/output/p0_c1_Particles2SNR_F_staging/train/4um/HFocusing_5_10_4um_0_509.npy,P0/data/dataset_Particles2SNR_F_c1/train/4um/HFocusing_5_10_4um_0_509.npy,4um,HFocusing_5_10_4um_0_509.npy,replace,,,,,saturation_cleaned_bandpass_filtered,0,2000000.0,7000.0,80000.0,500,0.0001,300,300,0
train,particles2SNR_pipeline/output/p0_c1_Particles2SNR_F_staging/train/4um/HFocusing_5_10_4um_0_51.npy,P0/data/dataset_Particles2SNR_F_c1/train/4um/HFocusing_5_10_4um_0_51.npy,4um,HFocusing_5_10_4um_0_51.npy,replace,,,,,saturation_cleaned_bandpass_filtered,0,2000000.0,7000.0,80000.0,500,0.0001,300,300,0
train,particles2SNR_pipeline/output/p0_c1_Particles2SNR_F_staging/train/4um/HFocusing_5_10_4um_0_512.npy,P0/data/dataset_Particles2SNR_F_c1/train/4um/HFocusing_5_10_4um_0_512.npy,4um,HFocusing_5_10_4um_0_512.npy,replace,,,,,saturation_cleaned_bandpass_filtered,0,2000000.0,7000.0,80000.0,500,0.0001,300,300,0
train,particles2SNR_pipeline/output/p0_c1_Particles2SNR_F_staging/train/4um/HFocusing_5_10_4um_0_513.npy,P0/data/dataset_Particles2SNR_F_c1/train/4um/HFocusing_5_10_4um_0_513.npy,4um,HFocusing_5_10_4um_0_513.npy,replace,,,,,saturation_cleaned_bandpass_filtered,0,2000000.0,7000.0,80000.0,500,0.0001,300,300,0
train,particles2SNR_pipeline/output/p0_c1_Particles2SNR_F_staging/train/4um/HFocusing_5_10_4um_0_518.npy,P0/data/dataset_Particles2SNR_F_c1/train/4um/HFocusing_5_10_4um_0_518.npy,4um,HFocusing_5_10_4um_0_518.npy,replace,,,,,saturation_cleaned_bandpass_filtered,0,2000000.0,7000.0,80000.0,500,0.0001,300,300,0
train,particles2SNR_pipeline/output/p0_c1_Particles2SNR_F_staging/train/4um/HFocusing_5_10_4um_0_52.npy,P0/data/dataset_Particles2SNR_F_c1/train/4um/HFocusing_5_10_4um_0_52.npy,4um,HFocusing_5_10_4um_0_52.npy,replace,,,,,saturation_cleaned_bandpass_filtered,0,2000000.0,7000.0,80000.0,500,0.0001,300,300,0
train,particles2SNR_pipeline/output/p0_c1_Particles2SNR_F_staging/train/4um/HFocusing_5_10_4um_0_524.npy,P0/data/dataset_Particles2SNR_F_c1/train/4um/HFocusing_5_10_4um_0_524.npy,4um,HFocusing_5_10_4um_0_524.npy,replace,,,,,saturation_cleaned_bandpass_filtered,0,2000000.0,7000.0,80000.0,500,0.0001,300,300,0
train,particles2SNR_pipeline/output/p0_c1_Particles2SNR_F_staging/train/4um/HFocusing_5_10_4um_0_525.npy,P0/data/dataset_Particles2SNR_F_c1/train/4um/HFocusing_5_10_4um_0_525.npy,4um,HFocusing_5_10_4um_0_525.npy,replace,,,,,saturation_cleaned_bandpass_filtered,0,2000000.0,7000.0,80000.0,500,0.0001,300,300,0
train,particles2SNR_pipeline/output/p0_c1_Particles2SNR_F_staging/train/4um/HFocusing_5_10_4um_0_528.npy,P0/data/dataset_Particles2SNR_F_c1/train/4um/HFocusing_5_10_4um_0_528.npy,4um,HFocusing_5_10_4um_0_528.npy,replace,,,,,saturation_cleaned_bandpass_filtered,0,2000000.0,7000.0,80000.0,500,0.0001,300,300,0
train,particles2SNR_pipeline/output/p0_c1_Particles2SNR_F_staging/train/4um/HFocusing_5_10_4um_0_531.npy,P0/data/dataset_Particles2SNR_F_c1/train/4um/HFocusing_5_10_4um_0_531.npy,4um,HFocusing_5_10_4um_0_531.npy,replace,,,,,saturation_cleaned_bandpass_filtered,0,2000000.0,7000.0,80000.0,500,0.0001,300,300,0
train,particles2SNR_pipeline/output/p0_c1_Particles2SNR_F_staging/train/4um/HFocusing_5_10_4um_0_534.npy,P0/data/dataset_Particles2SNR_F_c1/train/4um/HFocusing_5_10_4um_0_534.npy,4um,HFocusing_5_10_4um_0_534.npy,replace,,,,,saturation_cleaned_bandpass_filtered,0,2000000.0,7000.0,80000.0,500,0.0001,300,300,0
train,particles2SNR_pipeline/output/p0_c1_Particles2SNR_F_staging/train/4um/HFocusing_5_10_4um_0_537.npy,P0/data/dataset_Particles2SNR_F_c1/train/4um/HFocusing_5_10_4um_0_537.npy,4um,HFocusing_5_10_4um_0_537.npy,replace,,,,,saturation_cleaned_bandpass_filtered,0,2000000.0,7000.0,80000.0,500,0.0001,300,300,0
train,particles2SNR_pipeline/output/p0_c1_Particles2SNR_F_staging/train/4um/HFocusing_5_10_4um_0_54.npy,P0/data/dataset_Particles2SNR_F_c1/train/4um/HFocusing_5_10_4um_0_54.npy,4um,HFocusing_5_10_4um_0_54.npy,replace,,,,,saturation_cleaned_bandpass_filtered,0,2000000.0,7000.0,80000.0,500,0.0001,300,300,0
train,particles2SNR_pipeline/output/p0_c1_Particles2SNR_F_staging/train/4um/HFocusing_5_10_4um_0_540.npy,P0/data/dataset_Particles2SNR_F_c1/train/4um/HFocusing_5_10_4um_0_540.npy,4um,HFocusing_5_10_4um_0_540.npy,replace,,,,,saturation_cleaned_bandpass_filtered,0,2000000.0,7000.0,80000.0,500,0.0001,300,300,0
train,particles2SNR_pipeline/output/p0_c1_Particles2SNR_F_staging/train/4um/HFocusing_5_10_4um_0_543.npy,P0/data/dataset_Particles2SNR_F_c1/train/4um/HFocusing_5_10_4um_0_543.npy,4um,HFocusing_5_10_4um_0_543.npy,replace,,,,,saturation_cleaned_bandpass_filtered,0,2000000.0,7000.0,80000.0,500,0.0001,300,300,0
train,particles2SNR_pipeline/output/p0_c1_Particles2SNR_F_staging/train/4um/HFocusing_5_10_4um_0_546.npy,P0/data/dataset_Particles2SNR_F_c1/train/4um/HFocusing_5_10_4um_0_546.npy,4um,HFocusing_5_10_4um_0_546.npy,replace,,,,,saturation_cleaned_bandpass_filtered,0,2000000.0,7000.0,80000.0,500,0.0001,300,300,0
train,particles2SNR_pipeline/output/p0_c1_Particles2SNR_F_staging/train/4um/HFocusing_5_10_4um_0_549.npy,P0/data/dataset_Particles2SNR_F_c1/train/4um/HFocusing_5_10_4um_0_549.npy,4um,HFocusing_5_10_4um_0_549.npy,replace,,,,,saturation_cleaned_bandpass_filtered,0,2000000.0,7000.0,80000.0,500,0.0001,300,300,0
train,particles2SNR_pipeline/output/p0_c1_Particles2SNR_F_staging/train/4um/HFocusing_5_10_4um_0_552.npy,P0/data/dataset_Particles2SNR_F_c1/train/4um/HFocusing_5_10_4um_0_552.npy,4um,HFocusing_5_10_4um_0_552.npy,replace,,,,,saturation_cleaned_bandpass_filtered,0,2000000.0,7000.0,80000.0,500,0.0001,300,300,0
train,particles2SNR_pipeline/output/p0_c1_Particles2SNR_F_staging/train/4um/HFocusing_5_10_4um_0_555.npy,P0/data/dataset_Particles2SNR_F_c1/train/4um/HFocusing_5_10_4um_0_555.npy,4um,HFocusing_5_10_4um_0_555.npy,replace,,,,,saturation_cleaned_bandpass_filtered,0,2000000.0,7000.0,80000.0,500,0.0001,300,300,0
train,particles2SNR_pipeline/output/p0_c1_Particles2SNR_F_staging/train/4um/HFocusing_5_10_4um_0_558.npy,P0/data/dataset_Particles2SNR_F_c1/train/4um/HFocusing_5_10_4um_0_558.npy,4um,HFocusing_5_10_4um_0_558.npy,replace,,,,,saturation_cleaned_bandpass_filtered,0,2000000.0,7000.0,80000.0,500,0.0001,300,300,0
train,particles2SNR_pipeline/output/p0_c1_Particles2SNR_F_staging/train/4um/HFocusing_5_10_4um_0_561.npy,P0/data/dataset_Particles2SNR_F_c1/train/4um/HFocusing_5_10_4um_0_561.npy,4um,HFocusing_5_10_4um_0_561.npy,replace,,,,,saturation_cleaned_bandpass_filtered,0,2000000.0,7000.0,80000.0,500,0.0001,300,300,0
train,particles2SNR_pipeline/output/p0_c1_Particles2SNR_F_staging/train/4um/HFocusing_5_10_4um_0_564.npy,P0/data/dataset_Particles2SNR_F_c1/train/4um/HFocusing_5_10_4um_0_564.npy,4um,HFocusing_5_10_4um_0_564.npy,replace,,,,,saturation_cleaned_bandpass_filtered,0,2000000.0,7000.0,80000.0,500,0.0001,300,300,0
train,particles2SNR_pipeline/output/p0_c1_Particles2SNR_F_staging/train/4um/HFocusing_5_10_4um_0_567.npy,P0/data/dataset_Particles2SNR_F_c1/train/4um/HFocusing_5_10_4um_0_567.npy,4um,HFocusing_5_10_4um_0_567.npy,replace,,,,,saturation_cleaned_bandpass_filtered,0,2000000.0,7000.0,80000.0,500,0.0001,300,300,0
train,particles2SNR_pipeline/output/p0_c1_Particles2SNR_F_staging/train/4um/HFocusing_5_10_4um_0_570.npy,P0/data/dataset_Particles2SNR_F_c1/train/4um/HFocusing_5_10_4um_0_570.npy,4um,HFocusing_5_10_4um_0_570.npy,replace,,,,,saturation_cleaned_bandpass_filtered,0,2000000.0,7000.0,80000.0,500,0.0001,300,300,0
train,particles2SNR_pipeline/output/p0_c1_Particles2SNR_F_staging/train/4um/HFocusing_5_10_4um_0_573.npy,P0/data/dataset_Particles2SNR_F_c1/train/4um/HFocusing_5_10_4um_0_573.npy,4um,HFocusing_5_10_4um_0_573.npy,replace,,,,,saturation_cleaned_bandpass_filtered,0,2000000.0,7000.0,80000.0,500,0.0001,300,300,0
train,particles2SNR_pipeline/output/p0_c1_Particles2SNR_F_staging/train/4um/HFocusing_5_10_4um_0_576.npy,P0/data/dataset_Particles2SNR_F_c1/train/4um/HFocusing_5_10_4um_0_576.npy,4um,HFocusing_5_10_4um_0_576.npy,replace,,,,,saturation_cleaned_bandpass_filtered,0,2000000.0,7000.0,80000.0,500,0.0001,300,300,0
train,particles2SNR_pipeline/output/p0_c1_Particles2SNR_F_staging/train/4um/HFocusing_5_10_4um_0_579.npy,P0/data/dataset_Particles2SNR_F_c1/train/4um/HFocusing_5_10_4um_0_579.npy,4um,HFocusing_5_10_4um_0_579.npy,replace,,,,,saturation_cleaned_bandpass_filtered,0,2000000.0,7000.0,80000.0,500,0.0001,300,300,0
train,particles2SNR_pipeline/output/p0_c1_Particles2SNR_F_staging/train/4um/HFocusing_5_10_4um_0_58.npy,P0/data/dataset_Particles2SNR_F_c1/train/4um/HFocusing_5_10_4um_0_58.npy,4um,HFocusing_5_10_4um_0_58.npy,replace,,,,,saturation_cleaned_bandpass_filtered,0,2000000.0,7000.0,80000.0,500,0.0001,300,300,0
train,particles2SNR_pipeline/output/p0_c1_Particles2SNR_F_staging/train/4um/HFocusing_5_10_4um_0_582.npy,P0/data/dataset_Particles2SNR_F_c1/train/4um/HFocusing_5_10_4um_0_582.npy,4um,HFocusing_5_10_4um_0_582.npy,replace,,,,,saturation_cleaned_bandpass_filtered,0,2000000.0,7000.0,80000.0,500,0.0001,300,300,0
train,particles2SNR_pipeline/output/p0_c1_Particles2SNR_F_staging/train/4um/HFocusing_5_10_4um_0_585.npy,P0/data/dataset_Particles2SNR_F_c1/train/4um/HFocusing_5_10_4um_0_585.npy,4um,HFocusing_5_10_4um_0_585.npy,replace,,,,,saturation_cleaned_bandpass_filtered,0,2000000.0,7000.0,80000.0,500,0.0001,300,300,0
train,particles2SNR_pipeline/output/p0_c1_Particles2SNR_F_staging/train/4um/HFocusing_5_10_4um_0_588.npy,P0/data/dataset_Particles2SNR_F_c1/train/4um/HFocusing_5_10_4um_0_588.npy,4um,HFocusing_5_10_4um_0_588.npy,replace,,,,,saturation_cleaned_bandpass_filtered,0,2000000.0,7000.0,80000.0,500,0.0001,300,300,0
train,particles2SNR_pipeline/output/p0_c1_Particles2SNR_F_staging/train/4um/HFocusing_5_10_4um_0_594.npy,P0/data/dataset_Particles2SNR_F_c1/train/4um/HFocusing_5_10_4um_0_594.npy,4um,HFocusing_5_10_4um_0_594.npy,replace,,,,,saturation_cleaned_bandpass_filtered,0,2000000.0,7000.0,80000.0,500,0.0001,300,300,0
train,particles2SNR_pipeline/output/p0_c1_Particles2SNR_F_staging/train/4um/HFocusing_5_10_4um_0_596.npy,P0/data/dataset_Particles2SNR_F_c1/train/4um/HFocusing_5_10_4um_0_596.npy,4um,HFocusing_5_10_4um_0_596.npy,replace,,,,,saturation_cleaned_bandpass_filtered,0,2000000.0,7000.0,80000.0,500,0.0001,300,300,0
train,particles2SNR_pipeline/output/p0_c1_Particles2SNR_F_staging/train/4um/HFocusing_5_10_4um_0_597.npy,P0/data/dataset_Particles2SNR_F_c1/train/4um/HFocusing_5_10_4um_0_597.npy,4um,HFocusing_5_10_4um_0_597.npy,replace,,,,,saturation_cleaned_bandpass_filtered,0,2000000.0,7000.0,80000.0,500,0.0001,300,300,0
train,particles2SNR_pipeline/output/p0_c1_Particles2SNR_F_staging/train/4um/HFocusing_5_10_4um_0_60.npy,P0/data/dataset_Particles2SNR_F_c1/train/4um/HFocusing_5_10_4um_0_60.npy,4um,HFocusing_5_10_4um_0_60.npy,replace,,,,,saturation_cleaned_bandpass_filtered,0,2000000.0,7000.0,80000.0,500,0.0001,300,300,0
train,particles2SNR_pipeline/output/p0_c1_Particles2SNR_F_staging/train/4um/HFocusing_5_10_4um_0_603.npy,P0/data/dataset_Particles2SNR_F_c1/train/4um/HFocusing_5_10_4um_0_603.npy,4um,HFocusing_5_10_4um_0_603.npy,replace,,,,,saturation_cleaned_bandpass_filtered,0,2000000.0,7000.0,80000.0,500,0.0001,300,300,0
train,particles2SNR_pipeline/output/p0_c1_Particles2SNR_F_staging/train/4um/HFocusing_5_10_4um_0_609.npy,P0/data/dataset_Particles2SNR_F_c1/train/4um/HFocusing_5_10_4um_0_609.npy,4um,HFocusing_5_10_4um_0_609.npy,replace,,,,,saturation_cleaned_bandpass_filtered,0,2000000.0,7000.0,80000.0,500,0.0001,300,300,0
train,particles2SNR_pipeline/output/p0_c1_Particles2SNR_F_staging/train/4um/HFocusing_5_10_4um_0_61.npy,P0/data/dataset_Particles2SNR_F_c1/train/4um/HFocusing_5_10_4um_0_61.npy,4um,HFocusing_5_10_4um_0_61.npy,replace,,,,,saturation_cleaned_bandpass_filtered,0,2000000.0,7000.0,80000.0,500,0.0001,300,300,0
train,particles2SNR_pipeline/output/p0_c1_Particles2SNR_F_staging/train/4um/HFocusing_5_10_4um_0_618.npy,P0/data/dataset_Particles2SNR_F_c1/train/4um/HFocusing_5_10_4um_0_618.npy,4um,HFocusing_5_10_4um_0_618.npy,replace,,,,,saturation_cleaned_bandpass_filtered,0,2000000.0,7000.0,80000.0,500,0.0001,300,300,0
train,particles2SNR_pipeline/output/p0_c1_Particles2SNR_F_staging/train/4um/HFocusing_5_10_4um_0_621.npy,P0/data/dataset_Particles2SNR_F_c1/train/4um/HFocusing_5_10_4um_0_621.npy,4um,HFocusing_5_10_4um_0_621.npy,replace,,,,,saturation_cleaned_bandpass_filtered,0,2000000.0,7000.0,80000.0,500,0.0001,300,300,0
train,particles2SNR_pipeline/output/p0_c1_Particles2SNR_F_staging/train/4um/HFocusing_5_10_4um_0_624.npy,P0/data/dataset_Particles2SNR_F_c1/train/4um/HFocusing_5_10_4um_0_624.npy,4um,HFocusing_5_10_4um_0_624.npy,replace,,,,,saturation_cleaned_bandpass_filtered,0,2000000.0,7000.0,80000.0,500,0.0001,300,300,0
train,particles2SNR_pipeline/output/p0_c1_Particles2SNR_F_staging/train/4um/HFocusing_5_10_4um_0_627.npy,P0/data/dataset_Particles2SNR_F_c1/train/4um/HFocusing_5_10_4um_0_627.npy,4um,HFocusing_5_10_4um_0_627.npy,replace,,,,,saturation_cleaned_bandpass_filtered,0,2000000.0,7000.0,80000.0,500,0.0001,300,300,0
train,particles2SNR_pipeline/output/p0_c1_Particles2SNR_F_staging/train/4um/HFocusing_5_10_4um_0_629.npy,P0/data/dataset_Particles2SNR_F_c1/train/4um/HFocusing_5_10_4um_0_629.npy,4um,HFocusing_5_10_4um_0_629.npy,replace,,,,,saturation_cleaned_bandpass_filtered,0,2000000.0,7000.0,80000.0,500,0.0001,300,300,0
train,particles2SNR_pipeline/output/p0_c1_Particles2SNR_F_staging/train/4um/HFocusing_5_10_4um_0_632.npy,P0/data/dataset_Particles2SNR_F_c1/train/4um/HFocusing_5_10_4um_0_632.npy,4um,HFocusing_5_10_4um_0_632.npy,replace,,,,,saturation_cleaned_bandpass_filtered,0,2000000.0,7000.0,80000.0,500,0.0001,300,300,0
train,particles2SNR_pipeline/output/p0_c1_Particles2SNR_F_staging/train/4um/HFocusing_5_10_4um_0_635.npy,P0/data/dataset_Particles2SNR_F_c1/train/4um/HFocusing_5_10_4um_0_635.npy,4um,HFocusing_5_10_4um_0_635.npy,replace,,,,,saturation_cleaned_bandpass_filtered,0,2000000.0,7000.0,80000.0,500,0.0001,300,300,0
train,particles2SNR_pipeline/output/p0_c1_Particles2SNR_F_staging/train/4um/HFocusing_5_10_4um_0_639.npy,P0/data/dataset_Particles2SNR_F_c1/train/4um/HFocusing_5_10_4um_0_639.npy,4um,HFocusing_5_10_4um_0_639.npy,replace,,,,,saturation_cleaned_bandpass_filtered,0,2000000.0,7000.0,80000.0,500,0.0001,300,300,0
train,particles2SNR_pipeline/output/p0_c1_Particles2SNR_F_staging/train/4um/HFocusing_5_10_4um_0_64.npy,P0/data/dataset_Particles2SNR_F_c1/train/4um/HFocusing_5_10_4um_0_64.npy,4um,HFocusing_5_10_4um_0_64.npy,replace,,,,,saturation_cleaned_bandpass_filtered,0,2000000.0,7000.0,80000.0,500,0.0001,300,300,0
train,particles2SNR_pipeline/output/p0_c1_Particles2SNR_F_staging/train/4um/HFocusing_5_10_4um_0_642.npy,P0/data/dataset_Particles2SNR_F_c1/train/4um/HFocusing_5_10_4um_0_642.npy,4um,HFocusing_5_10_4um_0_642.npy,replace,,,,,saturation_cleaned_bandpass_filtered,0,2000000.0,7000.0,80000.0,500,0.0001,300,300,0
train,particles2SNR_pipeline/output/p0_c1_Particles2SNR_F_staging/train/4um/HFocusing_5_10_4um_0_645.npy,P0/data/dataset_Particles2SNR_F_c1/train/4um/HFocusing_5_10_4um_0_645.npy,4um,HFocusing_5_10_4um_0_645.npy,replace,,,,,saturation_cleaned_bandpass_filtered,0,2000000.0,7000.0,80000.0,500,0.0001,300,300,0
train,particles2SNR_pipeline/output/p0_c1_Particles2SNR_F_staging/train/4um/HFocusing_5_10_4um_0_648.npy,P0/data/dataset_Particles2SNR_F_c1/train/4um/HFocusing_5_10_4um_0_648.npy,4um,HFocusing_5_10_4um_0_648.npy,replace,,,,,saturation_cleaned_bandpass_filtered,0,2000000.0,7000.0,80000.0,500,0.0001,300,300,0
train,particles2SNR_pipeline/output/p0_c1_Particles2SNR_F_staging/train/4um/HFocusing_5_10_4um_0_657.npy,P0/data/dataset_Particles2SNR_F_c1/train/4um/HFocusing_5_10_4um_0_657.npy,4um,HFocusing_5_10_4um_0_657.npy,replace,,,,,saturation_cleaned_bandpass_filtered,0,2000000.0,7000.0,80000.0,500,0.0001,300,300,0
train,particles2SNR_pipeline/output/p0_c1_Particles2SNR_F_staging/train/4um/HFocusing_5_10_4um_0_660.npy,P0/data/dataset_Particles2SNR_F_c1/train/4um/HFocusing_5_10_4um_0_660.npy,4um,HFocusing_5_10_4um_0_660.npy,replace,,,,,saturation_cleaned_bandpass_filtered,0,2000000.0,7000.0,80000.0,500,0.0001,300,300,0
train,particles2SNR_pipeline/output/p0_c1_Particles2SNR_F_staging/train/4um/HFocusing_5_10_4um_0_663.npy,P0/data/dataset_Particles2SNR_F_c1/train/4um/HFocusing_5_10_4um_0_663.npy,4um,HFocusing_5_10_4um_0_663.npy,replace,,,,,saturation_cleaned_bandpass_filtered,0,2000000.0,7000.0,80000.0,500,0.0001,300,300,0
train,particles2SNR_pipeline/output/p0_c1_Particles2SNR_F_staging/train/4um/HFocusing_5_10_4um_0_666.npy,P0/data/dataset_Particles2SNR_F_c1/train/4um/HFocusing_5_10_4um_0_666.npy,4um,HFocusing_5_10_4um_0_666.npy,replace,,,,,saturation_cleaned_bandpass_filtered,0,2000000.0,7000.0,80000.0,500,0.0001,300,300,0
train,particles2SNR_pipeline/output/p0_c1_Particles2SNR_F_staging/train/4um/HFocusing_5_10_4um_0_669.npy,P0/data/dataset_Particles2SNR_F_c1/train/4um/HFocusing_5_10_4um_0_669.npy,4um,HFocusing_5_10_4um_0_669.npy,replace,,,,,saturation_cleaned_bandpass_filtered,0,2000000.0,7000.0,80000.0,500,0.0001,300,300,0
train,particles2SNR_pipeline/output/p0_c1_Particles2SNR_F_staging/train/4um/HFocusing_5_10_4um_0_670.npy,P0/data/dataset_Particles2SNR_F_c1/train/4um/HFocusing_5_10_4um_0_670.npy,4um,HFocusing_5_10_4um_0_670.npy,replace,,,,,saturation_cleaned_bandpass_filtered,0,2000000.0,7000.0,80000.0,500,0.0001,300,300,0
train,particles2SNR_pipeline/output/p0_c1_Particles2SNR_F_staging/train/4um/HFocusing_5_10_4um_0_673.npy,P0/data/dataset_Particles2SNR_F_c1/train/4um/HFocusing_5_10_4um_0_673.npy,4um,HFocusing_5_10_4um_0_673.npy,replace,,,,,saturation_cleaned_bandpass_filtered,0,2000000.0,7000.0,80000.0,500,0.0001,300,300,0
train,particles2SNR_pipeline/output/p0_c1_Particles2SNR_F_staging/train/4um/HFocusing_5_10_4um_0_676.npy,P0/data/dataset_Particles2SNR_F_c1/train/4um/HFocusing_5_10_4um_0_676.npy,4um,HFocusing_5_10_4um_0_676.npy,replace,,,,,saturation_cleaned_bandpass_filtered,0,2000000.0,7000.0,80000.0,500,0.0001,300,300,0
train,particles2SNR_pipeline/output/p0_c1_Particles2SNR_F_staging/train/4um/HFocusing_5_10_4um_0_679.npy,P0/data/dataset_Particles2SNR_F_c1/train/4um/HFocusing_5_10_4um_0_679.npy,4um,HFocusing_5_10_4um_0_679.npy,replace,,,,,saturation_cleaned_bandpass_filtered,0,2000000.0,7000.0,80000.0,500,0.0001,300,300,0
train,particles2SNR_pipeline/output/p0_c1_Particles2SNR_F_staging/train/4um/HFocusing_5_10_4um_0_68.npy,P0/data/dataset_Particles2SNR_F_c1/train/4um/HFocusing_5_10_4um_0_68.npy,4um,HFocusing_5_10_4um_0_68.npy,replace,,,,,saturation_cleaned_bandpass_filtered,0,2000000.0,7000.0,80000.0,500,0.0001,300,300,0
train,particles2SNR_pipeline/output/p0_c1_Particles2SNR_F_staging/train/4um/HFocusing_5_10_4um_0_682.npy,P0/data/dataset_Particles2SNR_F_c1/train/4um/HFocusing_5_10_4um_0_682.npy,4um,HFocusing_5_10_4um_0_682.npy,replace,,,,,saturation_cleaned_bandpass_filtered,0,2000000.0,7000.0,80000.0,500,0.0001,300,300,0
train,particles2SNR_pipeline/output/p0_c1_Particles2SNR_F_staging/train/4um/HFocusing_5_10_4um_0_685.npy,P0/data/dataset_Particles2SNR_F_c1/train/4um/HFocusing_5_10_4um_0_685.npy,4um,HFocusing_5_10_4um_0_685.npy,replace,,,,,saturation_cleaned_bandpass_filtered,0,2000000.0,7000.0,80000.0,500,0.0001,300,300,0
train,particles2SNR_pipeline/output/p0_c1_Particles2SNR_F_staging/train/4um/HFocusing_5_10_4um_0_688.npy,P0/data/dataset_Particles2SNR_F_c1/train/4um/HFocusing_5_10_4um_0_688.npy,4um,HFocusing_5_10_4um_0_688.npy,replace,,,,,saturation_cleaned_bandpass_filtered,0,2000000.0,7000.0,80000.0,500,0.0001,300,300,0
train,particles2SNR_pipeline/output/p0_c1_Particles2SNR_F_staging/train/4um/HFocusing_5_10_4um_0_69.npy,P0/data/dataset_Particles2SNR_F_c1/train/4um/HFocusing_5_10_4um_0_69.npy,4um,HFocusing_5_10_4um_0_69.npy,replace,,,,,saturation_cleaned_bandpass_filtered,0,2000000.0,7000.0,80000.0,500,0.0001,300,300,0
train,particles2SNR_pipeline/output/p0_c1_Particles2SNR_F_staging/train/4um/HFocusing_5_10_4um_0_691.npy,P0/data/dataset_Particles2SNR_F_c1/train/4um/HFocusing_5_10_4um_0_691.npy,4um,HFocusing_5_10_4um_0_691.npy,replace,,,,,saturation_cleaned_bandpass_filtered,0,2000000.0,7000.0,80000.0,500,0.0001,300,300,0
train,particles2SNR_pipeline/output/p0_c1_Particles2SNR_F_staging/train/4um/HFocusing_5_10_4um_0_692.npy,P0/data/dataset_Particles2SNR_F_c1/train/4um/HFocusing_5_10_4um_0_692.npy,4um,HFocusing_5_10_4um_0_692.npy,replace,,,,,saturation_cleaned_bandpass_filtered,0,2000000.0,7000.0,80000.0,500,0.0001,300,300,0
train,particles2SNR_pipeline/output/p0_c1_Particles2SNR_F_staging/train/4um/HFocusing_5_10_4um_0_694.npy,P0/data/dataset_Particles2SNR_F_c1/train/4um/HFocusing_5_10_4um_0_694.npy,4um,HFocusing_5_10_4um_0_694.npy,replace,,,,,saturation_cleaned_bandpass_filtered,0,2000000.0,7000.0,80000.0,500,0.0001,300,300,0
train,particles2SNR_pipeline/output/p0_c1_Particles2SNR_F_staging/train/4um/HFocusing_5_10_4um_0_697.npy,P0/data/dataset_Particles2SNR_F_c1/train/4um/HFocusing_5_10_4um_0_697.npy,4um,HFocusing_5_10_4um_0_697.npy,replace,,,,,saturation_cleaned_bandpass_filtered,0,2000000.0,7000.0,80000.0,500,0.0001,300,300,0
train,particles2SNR_pipeline/output/p0_c1_Particles2SNR_F_staging/train/4um/HFocusing_5_10_4um_0_704.npy,P0/data/dataset_Particles2SNR_F_c1/train/4um/HFocusing_5_10_4um_0_704.npy,4um,HFocusing_5_10_4um_0_704.npy,replace,,,,,saturation_cleaned_bandpass_filtered,0,2000000.0,7000.0,80000.0,500,0.0001,300,300,0
train,particles2SNR_pipeline/output/p0_c1_Particles2SNR_F_staging/train/4um/HFocusing_5_10_4um_0_707.npy,P0/data/dataset_Particles2SNR_F_c1/train/4um/HFocusing_5_10_4um_0_707.npy,4um,HFocusing_5_10_4um_0_707.npy,replace,,,,,saturation_cleaned_bandpass_filtered,0,2000000.0,7000.0,80000.0,500,0.0001,300,300,0
train,particles2SNR_pipeline/output/p0_c1_Particles2SNR_F_staging/train/4um/HFocusing_5_10_4um_0_709.npy,P0/data/dataset_Particles2SNR_F_c1/train/4um/HFocusing_5_10_4um_0_709.npy,4um,HFocusing_5_10_4um_0_709.npy,replace,,,,,saturation_cleaned_bandpass_filtered,0,2000000.0,7000.0,80000.0,500,0.0001,300,300,0
train,particles2SNR_pipeline/output/p0_c1_Particles2SNR_F_staging/train/4um/HFocusing_5_10_4um_0_712.npy,P0/data/dataset_Particles2SNR_F_c1/train/4um/HFocusing_5_10_4um_0_712.npy,4um,HFocusing_5_10_4um_0_712.npy,replace,,,,,saturation_cleaned_bandpass_filtered,0,2000000.0,7000.0,80000.0,500,0.0001,300,300,0
train,particles2SNR_pipeline/output/p0_c1_Particles2SNR_F_staging/train/4um/HFocusing_5_10_4um_0_716.npy,P0/data/dataset_Particles2SNR_F_c1/train/4um/HFocusing_5_10_4um_0_716.npy,4um,HFocusing_5_10_4um_0_716.npy,replace,,,,,saturation_cleaned_bandpass_filtered,0,2000000.0,7000.0,80000.0,500,0.0001,300,300,0
train,particles2SNR_pipeline/output/p0_c1_Particles2SNR_F_staging/train/4um/HFocusing_5_10_4um_0_718.npy,P0/data/dataset_Particles2SNR_F_c1/train/4um/HFocusing_5_10_4um_0_718.npy,4um,HFocusing_5_10_4um_0_718.npy,replace,,,,,saturation_cleaned_bandpass_filtered,0,2000000.0,7000.0,80000.0,500,0.0001,300,300,0
train,particles2SNR_pipeline/output/p0_c1_Particles2SNR_F_staging/train/4um/HFocusing_5_10_4um_0_721.npy,P0/data/dataset_Particles2SNR_F_c1/train/4um/HFocusing_5_10_4um_0_721.npy,4um,HFocusing_5_10_4um_0_721.npy,replace,,,,,saturation_cleaned_bandpass_filtered,0,2000000.0,7000.0,80000.0,500,0.0001,300,300,0
train,particles2SNR_pipeline/output/p0_c1_Particles2SNR_F_staging/train/4um/HFocusing_5_10_4um_0_724.npy,P0/data/dataset_Particles2SNR_F_c1/train/4um/HFocusing_5_10_4um_0_724.npy,4um,HFocusing_5_10_4um_0_724.npy,replace,,,,,saturation_cleaned_bandpass_filtered,0,2000000.0,7000.0,80000.0,500,0.0001,300,300,0
train,particles2SNR_pipeline/output/p0_c1_Particles2SNR_F_staging/train/4um/HFocusing_5_10_4um_0_727.npy,P0/data/dataset_Particles2SNR_F_c1/train/4um/HFocusing_5_10_4um_0_727.npy,4um,HFocusing_5_10_4um_0_727.npy,replace,,,,,saturation_cleaned_bandpass_filtered,0,2000000.0,7000.0,80000.0,500,0.0001,300,300,0
train,particles2SNR_pipeline/output/p0_c1_Particles2SNR_F_staging/train/4um/HFocusing_5_10_4um_0_730.npy,P0/data/dataset_Particles2SNR_F_c1/train/4um/HFocusing_5_10_4um_0_730.npy,4um,HFocusing_5_10_4um_0_730.npy,replace,,,,,saturation_cleaned_bandpass_filtered,0,2000000.0,7000.0,80000.0,500,0.0001,300,300,0
train,particles2SNR_pipeline/output/p0_c1_Particles2SNR_F_staging/train/4um/HFocusing_5_10_4um_0_733.npy,P0/data/dataset_Particles2SNR_F_c1/train/4um/HFocusing_5_10_4um_0_733.npy,4um,HFocusing_5_10_4um_0_733.npy,replace,,,,,saturation_cleaned_bandpass_filtered,0,2000000.0,7000.0,80000.0,500,0.0001,300,300,0
train,particles2SNR_pipeline/output/p0_c1_Particles2SNR_F_staging/train/4um/HFocusing_5_10_4um_0_736.npy,P0/data/dataset_Particles2SNR_F_c1/train/4um/HFocusing_5_10_4um_0_736.npy,4um,HFocusing_5_10_4um_0_736.npy,replace,,,,,saturation_cleaned_bandpass_filtered,0,2000000.0,7000.0,80000.0,500,0.0001,300,300,0
train,particles2SNR_pipeline/output/p0_c1_Particles2SNR_F_staging/train/4um/HFocusing_5_10_4um_0_739.npy,P0/data/dataset_Particles2SNR_F_c1/train/4um/HFocusing_5_10_4um_0_739.npy,4um,HFocusing_5_10_4um_0_739.npy,replace,,,,,saturation_cleaned_bandpass_filtered,0,2000000.0,7000.0,80000.0,500,0.0001,300,300,0
train,particles2SNR_pipeline/output/p0_c1_Particles2SNR_F_staging/train/4um/HFocusing_5_10_4um_0_742.npy,P0/data/dataset_Particles2SNR_F_c1/train/4um/HFocusing_5_10_4um_0_742.npy,4um,HFocusing_5_10_4um_0_742.npy,replace,,,,,saturation_cleaned_bandpass_filtered,0,2000000.0,7000.0,80000.0,500,0.0001,300,300,0
train,particles2SNR_pipeline/output/p0_c1_Particles2SNR_F_staging/train/4um/HFocusing_5_10_4um_0_745.npy,P0/data/dataset_Particles2SNR_F_c1/train/4um/HFocusing_5_10_4um_0_745.npy,4um,HFocusing_5_10_4um_0_745.npy,replace,,,,,saturation_cleaned_bandpass_filtered,0,2000000.0,7000.0,80000.0,500,0.0001,300,300,0
train,particles2SNR_pipeline/output/p0_c1_Particles2SNR_F_staging/train/4um/HFocusing_5_10_4um_0_749.npy,P0/data/dataset_Particles2SNR_F_c1/train/4um/HFocusing_5_10_4um_0_749.npy,4um,HFocusing_5_10_4um_0_749.npy,replace,,,,,saturation_cleaned_bandpass_filtered,0,2000000.0,7000.0,80000.0,500,0.0001,300,300,0
train,particles2SNR_pipeline/output/p0_c1_Particles2SNR_F_staging/train/4um/HFocusing_5_10_4um_0_751.npy,P0/data/dataset_Particles2SNR_F_c1/train/4um/HFocusing_5_10_4um_0_751.npy,4um,HFocusing_5_10_4um_0_751.npy,replace,,,,,saturation_cleaned_bandpass_filtered,0,2000000.0,7000.0,80000.0,500,0.0001,300,300,0
train,particles2SNR_pipeline/output/p0_c1_Particles2SNR_F_staging/train/4um/HFocusing_5_10_4um_0_754.npy,P0/data/dataset_Particles2SNR_F_c1/train/4um/HFocusing_5_10_4um_0_754.npy,4um,HFocusing_5_10_4um_0_754.npy,replace,,,,,saturation_cleaned_bandpass_filtered,0,2000000.0,7000.0,80000.0,500,0.0001,300,300,0
train,particles2SNR_pipeline/output/p0_c1_Particles2SNR_F_staging/train/4um/HFocusing_5_10_4um_0_757.npy,P0/data/dataset_Particles2SNR_F_c1/train/4um/HFocusing_5_10_4um_0_757.npy,4um,HFocusing_5_10_4um_0_757.npy,replace,,,,,saturation_cleaned_bandpass_filtered,0,2000000.0,7000.0,80000.0,500,0.0001,300,300,0
train,particles2SNR_pipeline/output/p0_c1_Particles2SNR_F_staging/train/4um/HFocusing_5_10_4um_0_76.npy,P0/data/dataset_Particles2SNR_F_c1/train/4um/HFocusing_5_10_4um_0_76.npy,4um,HFocusing_5_10_4um_0_76.npy,replace,,,,,saturation_cleaned_bandpass_filtered,0,2000000.0,7000.0,80000.0,500,0.0001,300,300,0
train,particles2SNR_pipeline/output/p0_c1_Particles2SNR_F_staging/train/4um/HFocusing_5_10_4um_0_764.npy,P0/data/dataset_Particles2SNR_F_c1/train/4um/HFocusing_5_10_4um_0_764.npy,4um,HFocusing_5_10_4um_0_764.npy,replace,,,,,saturation_cleaned_bandpass_filtered,0,2000000.0,7000.0,80000.0,500,0.0001,300,300,0
train,particles2SNR_pipeline/output/p0_c1_Particles2SNR_F_staging/train/4um/HFocusing_5_10_4um_0_767.npy,P0/data/dataset_Particles2SNR_F_c1/train/4um/HFocusing_5_10_4um_0_767.npy,4um,HFocusing_5_10_4um_0_767.npy,replace,,,,,saturation_cleaned_bandpass_filtered,0,2000000.0,7000.0,80000.0,500,0.0001,300,300,0
train,particles2SNR_pipeline/output/p0_c1_Particles2SNR_F_staging/train/4um/HFocusing_5_10_4um_0_77.npy,P0/data/dataset_Particles2SNR_F_c1/train/4um/HFocusing_5_10_4um_0_77.npy,4um,HFocusing_5_10_4um_0_77.npy,replace,,,,,saturation_cleaned_bandpass_filtered,0,2000000.0,7000.0,80000.0,500,0.0001,300,300,0
train,particles2SNR_pipeline/output/p0_c1_Particles2SNR_F_staging/train/4um/HFocusing_5_10_4um_0_770.npy,P0/data/dataset_Particles2SNR_F_c1/train/4um/HFocusing_5_10_4um_0_770.npy,4um,HFocusing_5_10_4um_0_770.npy,replace,,,,,saturation_cleaned_bandpass_filtered,0,2000000.0,7000.0,80000.0,500,0.0001,300,300,0
train,particles2SNR_pipeline/output/p0_c1_Particles2SNR_F_staging/train/4um/HFocusing_5_10_4um_0_776.npy,P0/data/dataset_Particles2SNR_F_c1/train/4um/HFocusing_5_10_4um_0_776.npy,4um,HFocusing_5_10_4um_0_776.npy,replace,,,,,saturation_cleaned_bandpass_filtered,0,2000000.0,7000.0,80000.0,500,0.0001,300,300,0
train,particles2SNR_pipeline/output/p0_c1_Particles2SNR_F_staging/train/4um/HFocusing_5_10_4um_0_779.npy,P0/data/dataset_Particles2SNR_F_c1/train/4um/HFocusing_5_10_4um_0_779.npy,4um,HFocusing_5_10_4um_0_779.npy,replace,,,,,saturation_cleaned_bandpass_filtered,0,2000000.0,7000.0,80000.0,500,0.0001,300,300,0
train,particles2SNR_pipeline/output/p0_c1_Particles2SNR_F_staging/train/4um/HFocusing_5_10_4um_0_79.npy,P0/data/dataset_Particles2SNR_F_c1/train/4um/HFocusing_5_10_4um_0_79.npy,4um,HFocusing_5_10_4um_0_79.npy,replace,,,,,saturation_cleaned_bandpass_filtered,0,2000000.0,7000.0,80000.0,500,0.0001,300,300,0
train,particles2SNR_pipeline/output/p0_c1_Particles2SNR_F_staging/train/4um/HFocusing_5_10_4um_0_797.npy,P0/data/dataset_Particles2SNR_F_c1/train/4um/HFocusing_5_10_4um_0_797.npy,4um,HFocusing_5_10_4um_0_797.npy,replace,,,,,saturation_cleaned_bandpass_filtered,0,2000000.0,7000.0,80000.0,500,0.0001,300,300,0
train,particles2SNR_pipeline/output/p0_c1_Particles2SNR_F_staging/train/4um/HFocusing_5_10_4um_0_80.npy,P0/data/dataset_Particles2SNR_F_c1/train/4um/HFocusing_5_10_4um_0_80.npy,4um,HFocusing_5_10_4um_0_80.npy,replace,,,,,saturation_cleaned_bandpass_filtered,0,2000000.0,7000.0,80000.0,500,0.0001,300,300,0
train,particles2SNR_pipeline/output/p0_c1_Particles2SNR_F_staging/train/4um/HFocusing_5_10_4um_0_800.npy,P0/data/dataset_Particles2SNR_F_c1/train/4um/HFocusing_5_10_4um_0_800.npy,4um,HFocusing_5_10_4um_0_800.npy,replace,,,,,saturation_cleaned_bandpass_filtered,0,2000000.0,7000.0,80000.0,500,0.0001,300,300,0
train,particles2SNR_pipeline/output/p0_c1_Particles2SNR_F_staging/train/4um/HFocusing_5_10_4um_0_803.npy,P0/data/dataset_Particles2SNR_F_c1/train/4um/HFocusing_5_10_4um_0_803.npy,4um,HFocusing_5_10_4um_0_803.npy,replace,,,,,saturation_cleaned_bandpass_filtered,0,2000000.0,7000.0,80000.0,500,0.0001,300,300,0
train,particles2SNR_pipeline/output/p0_c1_Particles2SNR_F_staging/train/4um/HFocusing_5_10_4um_0_809.npy,P0/data/dataset_Particles2SNR_F_c1/train/4um/HFocusing_5_10_4um_0_809.npy,4um,HFocusing_5_10_4um_0_809.npy,replace,,,,,saturation_cleaned_bandpass_filtered,0,2000000.0,7000.0,80000.0,500,0.0001,300,300,0
train,particles2SNR_pipeline/output/p0_c1_Particles2SNR_F_staging/train/4um/HFocusing_5_10_4um_0_812.npy,P0/data/dataset_Particles2SNR_F_c1/train/4um/HFocusing_5_10_4um_0_812.npy,4um,HFocusing_5_10_4um_0_812.npy,replace,,,,,saturation_cleaned_bandpass_filtered,0,2000000.0,7000.0,80000.0,500,0.0001,300,300,0
train,particles2SNR_pipeline/output/p0_c1_Particles2SNR_F_staging/train/4um/HFocusing_5_10_4um_0_815.npy,P0/data/dataset_Particles2SNR_F_c1/train/4um/HFocusing_5_10_4um_0_815.npy,4um,HFocusing_5_10_4um_0_815.npy,replace,,,,,saturation_cleaned_bandpass_filtered,0,2000000.0,7000.0,80000.0,500,0.0001,300,300,0
train,particles2SNR_pipeline/output/p0_c1_Particles2SNR_F_staging/train/4um/HFocusing_5_10_4um_0_818.npy,P0/data/dataset_Particles2SNR_F_c1/train/4um/HFocusing_5_10_4um_0_818.npy,4um,HFocusing_5_10_4um_0_818.npy,replace,,,,,saturation_cleaned_bandpass_filtered,0,2000000.0,7000.0,80000.0,500,0.0001,300,300,0
train,particles2SNR_pipeline/output/p0_c1_Particles2SNR_F_staging/train/4um/HFocusing_5_10_4um_0_821.npy,P0/data/dataset_Particles2SNR_F_c1/train/4um/HFocusing_5_10_4um_0_821.npy,4um,HFocusing_5_10_4um_0_821.npy,replace,,,,,saturation_cleaned_bandpass_filtered,0,2000000.0,7000.0,80000.0,500,0.0001,300,300,0
train,particles2SNR_pipeline/output/p0_c1_Particles2SNR_F_staging/train/4um/HFocusing_5_10_4um_0_824.npy,P0/data/dataset_Particles2SNR_F_c1/train/4um/HFocusing_5_10_4um_0_824.npy,4um,HFocusing_5_10_4um_0_824.npy,replace,,,,,saturation_cleaned_bandpass_filtered,0,2000000.0,7000.0,80000.0,500,0.0001,300,300,0
train,particles2SNR_pipeline/output/p0_c1_Particles2SNR_F_staging/train/4um/HFocusing_5_10_4um_0_827.npy,P0/data/dataset_Particles2SNR_F_c1/train/4um/HFocusing_5_10_4um_0_827.npy,4um,HFocusing_5_10_4um_0_827.npy,replace,,,,,saturation_cleaned_bandpass_filtered,0,2000000.0,7000.0,80000.0,500,0.0001,300,300,0
train,particles2SNR_pipeline/output/p0_c1_Particles2SNR_F_staging/train/4um/HFocusing_5_10_4um_0_83.npy,P0/data/dataset_Particles2SNR_F_c1/train/4um/HFocusing_5_10_4um_0_83.npy,4um,HFocusing_5_10_4um_0_83.npy,replace,,,,,saturation_cleaned_bandpass_filtered,0,2000000.0,7000.0,80000.0,500,0.0001,300,300,0
train,particles2SNR_pipeline/output/p0_c1_Particles2SNR_F_staging/train/4um/HFocusing_5_10_4um_0_830.npy,P0/data/dataset_Particles2SNR_F_c1/train/4um/HFocusing_5_10_4um_0_830.npy,4um,HFocusing_5_10_4um_0_830.npy,replace,,,,,saturation_cleaned_bandpass_filtered,0,2000000.0,7000.0,80000.0,500,0.0001,300,300,0
train,particles2SNR_pipeline/output/p0_c1_Particles2SNR_F_staging/train/4um/HFocusing_5_10_4um_0_833.npy,P0/data/dataset_Particles2SNR_F_c1/train/4um/HFocusing_5_10_4um_0_833.npy,4um,HFocusing_5_10_4um_0_833.npy,replace,,,,,saturation_cleaned_bandpass_filtered,0,2000000.0,7000.0,80000.0,500,0.0001,300,300,0
train,particles2SNR_pipeline/output/p0_c1_Particles2SNR_F_staging/train/4um/HFocusing_5_10_4um_0_836.npy,P0/data/dataset_Particles2SNR_F_c1/train/4um/HFocusing_5_10_4um_0_836.npy,4um,HFocusing_5_10_4um_0_836.npy,replace,,,,,saturation_cleaned_bandpass_filtered,0,2000000.0,7000.0,80000.0,500,0.0001,300,300,0
train,particles2SNR_pipeline/output/p0_c1_Particles2SNR_F_staging/train/4um/HFocusing_5_10_4um_0_839.npy,P0/data/dataset_Particles2SNR_F_c1/train/4um/HFocusing_5_10_4um_0_839.npy,4um,HFocusing_5_10_4um_0_839.npy,replace,,,,,saturation_cleaned_bandpass_filtered,0,2000000.0,7000.0,80000.0,500,0.0001,300,300,0
train,particles2SNR_pipeline/output/p0_c1_Particles2SNR_F_staging/train/4um/HFocusing_5_10_4um_0_84.npy,P0/data/dataset_Particles2SNR_F_c1/train/4um/HFocusing_5_10_4um_0_84.npy,4um,HFocusing_5_10_4um_0_84.npy,replace,,,,,saturation_cleaned_bandpass_filtered,0,2000000.0,7000.0,80000.0,500,0.0001,300,300,0
train,particles2SNR_pipeline/output/p0_c1_Particles2SNR_F_staging/train/4um/HFocusing_5_10_4um_0_842.npy,P0/data/dataset_Particles2SNR_F_c1/train/4um/HFocusing_5_10_4um_0_842.npy,4um,HFocusing_5_10_4um_0_842.npy,replace,,,,,saturation_cleaned_bandpass_filtered,0,2000000.0,7000.0,80000.0,500,0.0001,300,300,0
train,particles2SNR_pipeline/output/p0_c1_Particles2SNR_F_staging/train/4um/HFocusing_5_10_4um_0_845.npy,P0/data/dataset_Particles2SNR_F_c1/train/4um/HFocusing_5_10_4um_0_845.npy,4um,HFocusing_5_10_4um_0_845.npy,replace,,,,,saturation_cleaned_bandpass_filtered,0,2000000.0,7000.0,80000.0,500,0.0001,300,300,0
train,particles2SNR_pipeline/output/p0_c1_Particles2SNR_F_staging/train/4um/HFocusing_5_10_4um_0_848.npy,P0/data/dataset_Particles2SNR_F_c1/train/4um/HFocusing_5_10_4um_0_848.npy,4um,HFocusing_5_10_4um_0_848.npy,replace,,,,,saturation_cleaned_bandpass_filtered,0,2000000.0,7000.0,80000.0,500,0.0001,300,300,0
train,particles2SNR_pipeline/output/p0_c1_Particles2SNR_F_staging/train/4um/HFocusing_5_10_4um_0_851.npy,P0/data/dataset_Particles2SNR_F_c1/train/4um/HFocusing_5_10_4um_0_851.npy,4um,HFocusing_5_10_4um_0_851.npy,replace,,,,,saturation_cleaned_bandpass_filtered,0,2000000.0,7000.0,80000.0,500,0.0001,300,300,0
train,particles2SNR_pipeline/output/p0_c1_Particles2SNR_F_staging/train/4um/HFocusing_5_10_4um_0_853.npy,P0/data/dataset_Particles2SNR_F_c1/train/4um/HFocusing_5_10_4um_0_853.npy,4um,HFocusing_5_10_4um_0_853.npy,replace,,,,,saturation_cleaned_bandpass_filtered,0,2000000.0,7000.0,80000.0,500,0.0001,300,300,0
train,particles2SNR_pipeline/output/p0_c1_Particles2SNR_F_staging/train/4um/HFocusing_5_10_4um_0_856.npy,P0/data/dataset_Particles2SNR_F_c1/train/4um/HFocusing_5_10_4um_0_856.npy,4um,HFocusing_5_10_4um_0_856.npy,replace,,,,,saturation_cleaned_bandpass_filtered,0,2000000.0,7000.0,80000.0,500,0.0001,300,300,0
train,particles2SNR_pipeline/output/p0_c1_Particles2SNR_F_staging/train/4um/HFocusing_5_10_4um_0_859.npy,P0/data/dataset_Particles2SNR_F_c1/train/4um/HFocusing_5_10_4um_0_859.npy,4um,HFocusing_5_10_4um_0_859.npy,replace,,,,,saturation_cleaned_bandpass_filtered,0,2000000.0,7000.0,80000.0,500,0.0001,300,300,0
train,particles2SNR_pipeline/output/p0_c1_Particles2SNR_F_staging/train/4um/HFocusing_5_10_4um_0_862.npy,P0/data/dataset_Particles2SNR_F_c1/train/4um/HFocusing_5_10_4um_0_862.npy,4um,HFocusing_5_10_4um_0_862.npy,replace,,,,,saturation_cleaned_bandpass_filtered,0,2000000.0,7000.0,80000.0,500,0.0001,300,300,0
train,particles2SNR_pipeline/output/p0_c1_Particles2SNR_F_staging/train/4um/HFocusing_5_10_4um_0_865.npy,P0/data/dataset_Particles2SNR_F_c1/train/4um/HFocusing_5_10_4um_0_865.npy,4um,HFocusing_5_10_4um_0_865.npy,replace,,,,,saturation_cleaned_bandpass_filtered,0,2000000.0,7000.0,80000.0,500,0.0001,300,300,0
train,particles2SNR_pipeline/output/p0_c1_Particles2SNR_F_staging/train/4um/HFocusing_5_10_4um_0_868.npy,P0/data/dataset_Particles2SNR_F_c1/train/4um/HFocusing_5_10_4um_0_868.npy,4um,HFocusing_5_10_4um_0_868.npy,replace,,,,,saturation_cleaned_bandpass_filtered,0,2000000.0,7000.0,80000.0,500,0.0001,300,300,0
train,particles2SNR_pipeline/output/p0_c1_Particles2SNR_F_staging/train/4um/HFocusing_5_10_4um_0_874.npy,P0/data/dataset_Particles2SNR_F_c1/train/4um/HFocusing_5_10_4um_0_874.npy,4um,HFocusing_5_10_4um_0_874.npy,replace,,,,,saturation_cleaned_bandpass_filtered,0,2000000.0,7000.0,80000.0,500,0.0001,300,300,0
train,particles2SNR_pipeline/output/p0_c1_Particles2SNR_F_staging/train/4um/HFocusing_5_10_4um_0_878.npy,P0/data/dataset_Particles2SNR_F_c1/train/4um/HFocusing_5_10_4um_0_878.npy,4um,HFocusing_5_10_4um_0_878.npy,replace,,,,,saturation_cleaned_bandpass_filtered,0,2000000.0,7000.0,80000.0,500,0.0001,300,300,0
train,particles2SNR_pipeline/output/p0_c1_Particles2SNR_F_staging/train/4um/HFocusing_5_10_4um_0_881.npy,P0/data/dataset_Particles2SNR_F_c1/train/4um/HFocusing_5_10_4um_0_881.npy,4um,HFocusing_5_10_4um_0_881.npy,replace,,,,,saturation_cleaned_bandpass_filtered,0,2000000.0,7000.0,80000.0,500,0.0001,300,300,0
train,particles2SNR_pipeline/output/p0_c1_Particles2SNR_F_staging/train/4um/HFocusing_5_10_4um_0_884.npy,P0/data/dataset_Particles2SNR_F_c1/train/4um/HFocusing_5_10_4um_0_884.npy,4um,HFocusing_5_10_4um_0_884.npy,replace,,,,,saturation_cleaned_bandpass_filtered,0,2000000.0,7000.0,80000.0,500,0.0001,300,300,0
train,particles2SNR_pipeline/output/p0_c1_Particles2SNR_F_staging/train/4um/HFocusing_5_10_4um_0_886.npy,P0/data/dataset_Particles2SNR_F_c1/train/4um/HFocusing_5_10_4um_0_886.npy,4um,HFocusing_5_10_4um_0_886.npy,replace,,,,,saturation_cleaned_bandpass_filtered,0,2000000.0,7000.0,80000.0,500,0.0001,300,300,0
train,particles2SNR_pipeline/output/p0_c1_Particles2SNR_F_staging/train/4um/HFocusing_5_10_4um_0_889.npy,P0/data/dataset_Particles2SNR_F_c1/train/4um/HFocusing_5_10_4um_0_889.npy,4um,HFocusing_5_10_4um_0_889.npy,replace,,,,,saturation_cleaned_bandpass_filtered,0,2000000.0,7000.0,80000.0,500,0.0001,300,300,0
train,particles2SNR_pipeline/output/p0_c1_Particles2SNR_F_staging/train/4um/HFocusing_5_10_4um_0_892.npy,P0/data/dataset_Particles2SNR_F_c1/train/4um/HFocusing_5_10_4um_0_892.npy,4um,HFocusing_5_10_4um_0_892.npy,replace,,,,,saturation_cleaned_bandpass_filtered,0,2000000.0,7000.0,80000.0,500,0.0001,300,300,0
train,particles2SNR_pipeline/output/p0_c1_Particles2SNR_F_staging/train/4um/HFocusing_5_10_4um_0_893.npy,P0/data/dataset_Particles2SNR_F_c1/train/4um/HFocusing_5_10_4um_0_893.npy,4um,HFocusing_5_10_4um_0_893.npy,replace,,,,,saturation_cleaned_bandpass_filtered,0,2000000.0,7000.0,80000.0,500,0.0001,300,300,0
train,particles2SNR_pipeline/output/p0_c1_Particles2SNR_F_staging/train/4um/HFocusing_5_10_4um_0_899.npy,P0/data/dataset_Particles2SNR_F_c1/train/4um/HFocusing_5_10_4um_0_899.npy,4um,HFocusing_5_10_4um_0_899.npy,replace,,,,,saturation_cleaned_bandpass_filtered,0,2000000.0,7000.0,80000.0,500,0.0001,300,300,0
train,particles2SNR_pipeline/output/p0_c1_Particles2SNR_F_staging/train/4um/HFocusing_5_10_4um_0_90.npy,P0/data/dataset_Particles2SNR_F_c1/train/4um/HFocusing_5_10_4um_0_90.npy,4um,HFocusing_5_10_4um_0_90.npy,replace,,,,,saturation_cleaned_bandpass_filtered,0,2000000.0,7000.0,80000.0,500,0.0001,300,300,0
train,particles2SNR_pipeline/output/p0_c1_Particles2SNR_F_staging/train/4um/HFocusing_5_10_4um_0_903.npy,P0/data/dataset_Particles2SNR_F_c1/train/4um/HFocusing_5_10_4um_0_903.npy,4um,HFocusing_5_10_4um_0_903.npy,replace,,,,,saturation_cleaned_bandpass_filtered,0,2000000.0,7000.0,80000.0,500,0.0001,300,300,0
train,particles2SNR_pipeline/output/p0_c1_Particles2SNR_F_staging/train/4um/HFocusing_5_10_4um_0_906.npy,P0/data/dataset_Particles2SNR_F_c1/train/4um/HFocusing_5_10_4um_0_906.npy,4um,HFocusing_5_10_4um_0_906.npy,replace,,,,,saturation_cleaned_bandpass_filtered,0,2000000.0,7000.0,80000.0,500,0.0001,300,300,0
train,particles2SNR_pipeline/output/p0_c1_Particles2SNR_F_staging/train/4um/HFocusing_5_10_4um_0_91.npy,P0/data/dataset_Particles2SNR_F_c1/train/4um/HFocusing_5_10_4um_0_91.npy,4um,HFocusing_5_10_4um_0_91.npy,replace,,,,,saturation_cleaned_bandpass_filtered,0,2000000.0,7000.0,80000.0,500,0.0001,300,300,0
train,particles2SNR_pipeline/output/p0_c1_Particles2SNR_F_staging/train/4um/HFocusing_5_10_4um_0_912.npy,P0/data/dataset_Particles2SNR_F_c1/train/4um/HFocusing_5_10_4um_0_912.npy,4um,HFocusing_5_10_4um_0_912.npy,replace,,,,,saturation_cleaned_bandpass_filtered,0,2000000.0,7000.0,80000.0,500,0.0001,300,300,0
train,particles2SNR_pipeline/output/p0_c1_Particles2SNR_F_staging/train/4um/HFocusing_5_10_4um_0_915.npy,P0/data/dataset_Particles2SNR_F_c1/train/4um/HFocusing_5_10_4um_0_915.npy,4um,HFocusing_5_10_4um_0_915.npy,replace,,,,,saturation_cleaned_bandpass_filtered,0,2000000.0,7000.0,80000.0,500,0.0001,300,300,0
train,particles2SNR_pipeline/output/p0_c1_Particles2SNR_F_staging/train/4um/HFocusing_5_10_4um_0_921.npy,P0/data/dataset_Particles2SNR_F_c1/train/4um/HFocusing_5_10_4um_0_921.npy,4um,HFocusing_5_10_4um_0_921.npy,replace,,,,,saturation_cleaned_bandpass_filtered,0,2000000.0,7000.0,80000.0,500,0.0001,300,300,0
train,particles2SNR_pipeline/output/p0_c1_Particles2SNR_F_staging/train/4um/HFocusing_5_10_4um_0_924.npy,P0/data/dataset_Particles2SNR_F_c1/train/4um/HFocusing_5_10_4um_0_924.npy,4um,HFocusing_5_10_4um_0_924.npy,replace,,,,,saturation_cleaned_bandpass_filtered,0,2000000.0,7000.0,80000.0,500,0.0001,300,300,0
train,particles2SNR_pipeline/output/p0_c1_Particles2SNR_F_staging/train/4um/HFocusing_5_10_4um_0_930.npy,P0/data/dataset_Particles2SNR_F_c1/train/4um/HFocusing_5_10_4um_0_930.npy,4um,HFocusing_5_10_4um_0_930.npy,replace,,,,,saturation_cleaned_bandpass_filtered,0,2000000.0,7000.0,80000.0,500,0.0001,300,300,0
train,particles2SNR_pipeline/output/p0_c1_Particles2SNR_F_staging/train/4um/HFocusing_5_10_4um_0_933.npy,P0/data/dataset_Particles2SNR_F_c1/train/4um/HFocusing_5_10_4um_0_933.npy,4um,HFocusing_5_10_4um_0_933.npy,replace,,,,,saturation_cleaned_bandpass_filtered,0,2000000.0,7000.0,80000.0,500,0.0001,300,300,0
train,particles2SNR_pipeline/output/p0_c1_Particles2SNR_F_staging/train/4um/HFocusing_5_10_4um_0_939.npy,P0/data/dataset_Particles2SNR_F_c1/train/4um/HFocusing_5_10_4um_0_939.npy,4um,HFocusing_5_10_4um_0_939.npy,replace,,,,,saturation_cleaned_bandpass_filtered,0,2000000.0,7000.0,80000.0,500,0.0001,300,300,0
train,particles2SNR_pipeline/output/p0_c1_Particles2SNR_F_staging/train/4um/HFocusing_5_10_4um_0_942.npy,P0/data/dataset_Particles2SNR_F_c1/train/4um/HFocusing_5_10_4um_0_942.npy,4um,HFocusing_5_10_4um_0_942.npy,replace,,,,,saturation_cleaned_bandpass_filtered,0,2000000.0,7000.0,80000.0,500,0.0001,300,300,0
train,particles2SNR_pipeline/output/p0_c1_Particles2SNR_F_staging/train/4um/HFocusing_5_10_4um_0_948.npy,P0/data/dataset_Particles2SNR_F_c1/train/4um/HFocusing_5_10_4um_0_948.npy,4um,HFocusing_5_10_4um_0_948.npy,replace,,,,,saturation_cleaned_bandpass_filtered,0,2000000.0,7000.0,80000.0,500,0.0001,300,300,0
train,particles2SNR_pipeline/output/p0_c1_Particles2SNR_F_staging/train/4um/HFocusing_5_10_4um_0_951.npy,P0/data/dataset_Particles2SNR_F_c1/train/4um/HFocusing_5_10_4um_0_951.npy,4um,HFocusing_5_10_4um_0_951.npy,replace,,,,,saturation_cleaned_bandpass_filtered,0,2000000.0,7000.0,80000.0,500,0.0001,300,300,0
train,particles2SNR_pipeline/output/p0_c1_Particles2SNR_F_staging/train/4um/HFocusing_5_10_4um_0_954.npy,P0/data/dataset_Particles2SNR_F_c1/train/4um/HFocusing_5_10_4um_0_954.npy,4um,HFocusing_5_10_4um_0_954.npy,replace,,,,,saturation_cleaned_bandpass_filtered,0,2000000.0,7000.0,80000.0,500,0.0001,300,300,0
train,particles2SNR_pipeline/output/p0_c1_Particles2SNR_F_staging/train/4um/HFocusing_5_10_4um_0_957.npy,P0/data/dataset_Particles2SNR_F_c1/train/4um/HFocusing_5_10_4um_0_957.npy,4um,HFocusing_5_10_4um_0_957.npy,replace,,,,,saturation_cleaned_bandpass_filtered,0,2000000.0,7000.0,80000.0,500,0.0001,300,300,0
train,particles2SNR_pipeline/output/p0_c1_Particles2SNR_F_staging/train/4um/HFocusing_5_10_4um_0_960.npy,P0/data/dataset_Particles2SNR_F_c1/train/4um/HFocusing_5_10_4um_0_960.npy,4um,HFocusing_5_10_4um_0_960.npy,replace,,,,,saturation_cleaned_bandpass_filtered,0,2000000.0,7000.0,80000.0,500,0.0001,300,300,0
train,particles2SNR_pipeline/output/p0_c1_Particles2SNR_F_staging/train/4um/HFocusing_5_10_4um_0_963.npy,P0/data/dataset_Particles2SNR_F_c1/train/4um/HFocusing_5_10_4um_0_963.npy,4um,HFocusing_5_10_4um_0_963.npy,replace,,,,,saturation_cleaned_bandpass_filtered,0,2000000.0,7000.0,80000.0,500,0.0001,300,300,0
train,particles2SNR_pipeline/output/p0_c1_Particles2SNR_F_staging/train/4um/HFocusing_5_10_4um_0_966.npy,P0/data/dataset_Particles2SNR_F_c1/train/4um/HFocusing_5_10_4um_0_966.npy,4um,HFocusing_5_10_4um_0_966.npy,replace,,,,,saturation_cleaned_bandpass_filtered,0,2000000.0,7000.0,80000.0,500,0.0001,300,300,0
train,particles2SNR_pipeline/output/p0_c1_Particles2SNR_F_staging/train/4um/HFocusing_5_10_4um_0_969.npy,P0/data/dataset_Particles2SNR_F_c1/train/4um/HFocusing_5_10_4um_0_969.npy,4um,HFocusing_5_10_4um_0_969.npy,replace,,,,,saturation_cleaned_bandpass_filtered,0,2000000.0,7000.0,80000.0,500,0.0001,300,300,0
train,particles2SNR_pipeline/output/p0_c1_Particles2SNR_F_staging/train/4um/HFocusing_5_10_4um_0_972.npy,P0/data/dataset_Particles2SNR_F_c1/train/4um/HFocusing_5_10_4um_0_972.npy,4um,HFocusing_5_10_4um_0_972.npy,replace,,,,,saturation_cleaned_bandpass_filtered,0,2000000.0,7000.0,80000.0,500,0.0001,300,300,0
train,particles2SNR_pipeline/output/p0_c1_Particles2SNR_F_staging/train/4um/HFocusing_5_10_4um_0_975.npy,P0/data/dataset_Particles2SNR_F_c1/train/4um/HFocusing_5_10_4um_0_975.npy,4um,HFocusing_5_10_4um_0_975.npy,replace,,,,,saturation_cleaned_bandpass_filtered,0,2000000.0,7000.0,80000.0,500,0.0001,300,300,0
train,particles2SNR_pipeline/output/p0_c1_Particles2SNR_F_staging/train/4um/HFocusing_5_10_4um_0_977.npy,P0/data/dataset_Particles2SNR_F_c1/train/4um/HFocusing_5_10_4um_0_977.npy,4um,HFocusing_5_10_4um_0_977.npy,replace,,,,,saturation_cleaned_bandpass_filtered,0,2000000.0,7000.0,80000.0,500,0.0001,300,300,0
train,particles2SNR_pipeline/output/p0_c1_Particles2SNR_F_staging/train/4um/HFocusing_5_10_4um_0_980.npy,P0/data/dataset_Particles2SNR_F_c1/train/4um/HFocusing_5_10_4um_0_980.npy,4um,HFocusing_5_10_4um_0_980.npy,replace,,,,,saturation_cleaned_bandpass_filtered,0,2000000.0,7000.0,80000.0,500,0.0001,300,300,0
train,particles2SNR_pipeline/output/p0_c1_Particles2SNR_F_staging/train/4um/HFocusing_5_10_4um_0_983.npy,P0/data/dataset_Particles2SNR_F_c1/train/4um/HFocusing_5_10_4um_0_983.npy,4um,HFocusing_5_10_4um_0_983.npy,replace,,,,,saturation_cleaned_bandpass_filtered,0,2000000.0,7000.0,80000.0,500,0.0001,300,300,0
train,particles2SNR_pipeline/output/p0_c1_Particles2SNR_F_staging/train/4um/HFocusing_5_10_4um_0_989.npy,P0/data/dataset_Particles2SNR_F_c1/train/4um/HFocusing_5_10_4um_0_989.npy,4um,HFocusing_5_10_4um_0_989.npy,replace,,,,,saturation_cleaned_bandpass_filtered,0,2000000.0,7000.0,80000.0,500,0.0001,300,300,0
train,particles2SNR_pipeline/output/p0_c1_Particles2SNR_F_staging/train/4um/HFocusing_5_10_4um_0_992.npy,P0/data/dataset_Particles2SNR_F_c1/train/4um/HFocusing_5_10_4um_0_992.npy,4um,HFocusing_5_10_4um_0_992.npy,replace,,,,,saturation_cleaned_bandpass_filtered,0,2000000.0,7000.0,80000.0,500,0.0001,300,300,0
train,particles2SNR_pipeline/output/p0_c1_Particles2SNR_F_staging/train/4um/HFocusing_5_10_4um_0_995.npy,P0/data/dataset_Particles2SNR_F_c1/train/4um/HFocusing_5_10_4um_0_995.npy,4um,HFocusing_5_10_4um_0_995.npy,replace,,,,,saturation_cleaned_bandpass_filtered,0,2000000.0,7000.0,80000.0,500,0.0001,300,300,0
train,particles2SNR_pipeline/output/p0_c1_Particles2SNR_F_staging/train/10um/HFocusing_5_10_10um_0_1.npy,P0/data/dataset_Particles2SNR_F_c1/train/10um/HFocusing_5_10_10um_0_1.npy,10um,HFocusing_5_10_10um_0_1.npy,replace,0,14298,16384,2086,replaced_with_noise,0,2000000.0,7000.0,80000.0,500,0.0001,300,300,1785
train,particles2SNR_pipeline/output/p0_c1_Particles2SNR_F_staging/train/10um/HFocusing_5_10_10um_0_10.npy,P0/data/dataset_Particles2SNR_F_c1/train/10um/HFocusing_5_10_10um_0_10.npy,10um,HFocusing_5_10_10um_0_10.npy,replace,,,,,saturation_cleaned_bandpass_filtered,0,2000000.0,7000.0,80000.0,500,0.0001,300,300,0
train,particles2SNR_pipeline/output/p0_c1_Particles2SNR_F_staging/train/10um/HFocusing_5_10_10um_0_100.npy,P0/data/dataset_Particles2SNR_F_c1/train/10um/HFocusing_5_10_10um_0_100.npy,10um,HFocusing_5_10_10um_0_100.npy,replace,0,15251,16384,1133,replaced_with_noise,0,2000000.0,7000.0,80000.0,500,0.0001,300,300,832
train,particles2SNR_pipeline/output/p0_c1_Particles2SNR_F_staging/train/10um/HFocusing_5_10_10um_0_1000.npy,P0/data/dataset_Particles2SNR_F_c1/train/10um/HFocusing_5_10_10um_0_1000.npy,10um,HFocusing_5_10_10um_0_1000.npy,replace,,,,,saturation_cleaned_bandpass_filtered,0,2000000.0,7000.0,80000.0,500,0.0001,300,300,0
train,particles2SNR_pipeline/output/p0_c1_Particles2SNR_F_staging/train/10um/HFocusing_5_10_10um_0_1003.npy,P0/data/dataset_Particles2SNR_F_c1/train/10um/HFocusing_5_10_10um_0_1003.npy,10um,HFocusing_5_10_10um_0_1003.npy,replace,,,,,saturation_cleaned_bandpass_filtered,0,2000000.0,7000.0,80000.0,500,0.0001,300,300,0
train,particles2SNR_pipeline/output/p0_c1_Particles2SNR_F_staging/train/10um/HFocusing_5_10_10um_0_1006.npy,P0/data/dataset_Particles2SNR_F_c1/train/10um/HFocusing_5_10_10um_0_1006.npy,10um,HFocusing_5_10_10um_0_1006.npy,replace,,,,,saturation_cleaned_bandpass_filtered,0,2000000.0,7000.0,80000.0,500,0.0001,300,300,0
train,particles2SNR_pipeline/output/p0_c1_Particles2SNR_F_staging/train/10um/HFocusing_5_10_10um_0_1009.npy,P0/data/dataset_Particles2SNR_F_c1/train/10um/HFocusing_5_10_10um_0_1009.npy,10um,HFocusing_5_10_10um_0_1009.npy,replace,,,,,saturation_cleaned_bandpass_filtered,0,2000000.0,7000.0,80000.0,500,0.0001,300,300,0
train,particles2SNR_pipeline/output/p0_c1_Particles2SNR_F_staging/train/10um/HFocusing_5_10_10um_0_101.npy,P0/data/dataset_Particles2SNR_F_c1/train/10um/HFocusing_5_10_10um_0_101.npy,10um,HFocusing_5_10_10um_0_101.npy,replace,,,,,saturation_cleaned_bandpass_filtered,0,2000000.0,7000.0,80000.0,500,0.0001,300,300,0
train,particles2SNR_pipeline/output/p0_c1_Particles2SNR_F_staging/train/10um/HFocusing_5_10_10um_0_1013.npy,P0/data/dataset_Particles2SNR_F_c1/train/10um/HFocusing_5_10_10um_0_1013.npy,10um,HFocusing_5_10_10um_0_1013.npy,replace,,,,,saturation_cleaned_bandpass_filtered,0,2000000.0,7000.0,80000.0,500,0.0001,300,300,0
train,particles2SNR_pipeline/output/p0_c1_Particles2SNR_F_staging/train/10um/HFocusing_5_10_10um_0_1015.npy,P0/data/dataset_Particles2SNR_F_c1/train/10um/HFocusing_5_10_10um_0_1015.npy,10um,HFocusing_5_10_10um_0_1015.npy,replace,,,,,saturation_cleaned_bandpass_filtered,0,2000000.0,7000.0,80000.0,500,0.0001,300,300,0
train,particles2SNR_pipeline/output/p0_c1_Particles2SNR_F_staging/train/10um/HFocusing_5_10_10um_0_1016.npy,P0/data/dataset_Particles2SNR_F_c1/train/10um/HFocusing_5_10_10um_0_1016.npy,10um,HFocusing_5_10_10um_0_1016.npy,replace,,,,,saturation_cleaned_bandpass_filtered,0,2000000.0,7000.0,80000.0,500,0.0001,300,300,0
train,particles2SNR_pipeline/output/p0_c1_Particles2SNR_F_staging/train/10um/HFocusing_5_10_10um_0_1019.npy,P0/data/dataset_Particles2SNR_F_c1/train/10um/HFocusing_5_10_10um_0_1019.npy,10um,HFocusing_5_10_10um_0_1019.npy,replace,,,,,saturation_cleaned_bandpass_filtered,0,2000000.0,7000.0,80000.0,500,0.0001,300,300,0
train,particles2SNR_pipeline/output/p0_c1_Particles2SNR_F_staging/train/10um/HFocusing_5_10_10um_0_1022.npy,P0/data/dataset_Particles2SNR_F_c1/train/10um/HFocusing_5_10_10um_0_1022.npy,10um,HFocusing_5_10_10um_0_1022.npy,replace,,,,,saturation_cleaned_bandpass_filtered,0,2000000.0,7000.0,80000.0,500,0.0001,300,300,0
train,particles2SNR_pipeline/output/p0_c1_Particles2SNR_F_staging/train/10um/HFocusing_5_10_10um_0_1025.npy,P0/data/dataset_Particles2SNR_F_c1/train/10um/HFocusing_5_10_10um_0_1025.npy,10um,HFocusing_5_10_10um_0_1025.npy,replace,,,,,saturation_cleaned_bandpass_filtered,0,2000000.0,7000.0,80000.0,500,0.0001,300,300,0
train,particles2SNR_pipeline/output/p0_c1_Particles2SNR_F_staging/train/10um/HFocusing_5_10_10um_0_1027.npy,P0/data/dataset_Particles2SNR_F_c1/train/10um/HFocusing_5_10_10um_0_1027.npy,10um,HFocusing_5_10_10um_0_1027.npy,replace,0,0,1918,1918,replaced_with_noise,0,2000000.0,7000.0,80000.0,500,0.0001,300,300,1617
train,particles2SNR_pipeline/output/p0_c1_Particles2SNR_F_staging/train/10um/HFocusing_5_10_10um_0_1033.npy,P0/data/dataset_Particles2SNR_F_c1/train/10um/HFocusing_5_10_10um_0_1033.npy,10um,HFocusing_5_10_10um_0_1033.npy,replace,,,,,saturation_cleaned_bandpass_filtered,0,2000000.0,7000.0,80000.0,500,0.0001,300,300,0
train,particles2SNR_pipeline/output/p0_c1_Particles2SNR_F_staging/train/10um/HFocusing_5_10_10um_0_1037.npy,P0/data/dataset_Particles2SNR_F_c1/train/10um/HFocusing_5_10_10um_0_1037.npy,10um,HFocusing_5_10_10um_0_1037.npy,replace,,,,,saturation_cleaned_bandpass_filtered,0,2000000.0,7000.0,80000.0,500,0.0001,300,300,0
train,particles2SNR_pipeline/output/p0_c1_Particles2SNR_F_staging/train/10um/HFocusing_5_10_10um_0_1039.npy,P0/data/dataset_Particles2SNR_F_c1/train/10um/HFocusing_5_10_10um_0_1039.npy,10um,HFocusing_5_10_10um_0_1039.npy,replace,,,,,saturation_cleaned_bandpass_filtered,0,2000000.0,7000.0,80000.0,500,0.0001,300,300,0
train,particles2SNR_pipeline/output/p0_c1_Particles2SNR_F_staging/train/10um/HFocusing_5_10_10um_0_104.npy,P0/data/dataset_Particles2SNR_F_c1/train/10um/HFocusing_5_10_10um_0_104.npy,10um,HFocusing_5_10_10um_0_104.npy,replace,,,,,saturation_cleaned_bandpass_filtered,0,2000000.0,7000.0,80000.0,500,0.0001,300,300,0
train,particles2SNR_pipeline/output/p0_c1_Particles2SNR_F_staging/train/10um/HFocusing_5_10_10um_0_1043.npy,P0/data/dataset_Particles2SNR_F_c1/train/10um/HFocusing_5_10_10um_0_1043.npy,10um,HFocusing_5_10_10um_0_1043.npy,replace,,,,,saturation_cleaned_bandpass_filtered,0,2000000.0,7000.0,80000.0,500,0.0001,300,300,0
train,particles2SNR_pipeline/output/p0_c1_Particles2SNR_F_staging/train/10um/HFocusing_5_10_10um_0_1046.npy,P0/data/dataset_Particles2SNR_F_c1/train/10um/HFocusing_5_10_10um_0_1046.npy,10um,HFocusing_5_10_10um_0_1046.npy,replace,,,,,saturation_cleaned_bandpass_filtered,0,2000000.0,7000.0,80000.0,500,0.0001,300,300,0
train,particles2SNR_pipeline/output/p0_c1_Particles2SNR_F_staging/train/10um/HFocusing_5_10_10um_0_1048.npy,P0/data/dataset_Particles2SNR_F_c1/train/10um/HFocusing_5_10_10um_0_1048.npy,10um,HFocusing_5_10_10um_0_1048.npy,replace,,,,,saturation_cleaned_bandpass_filtered,0,2000000.0,7000.0,80000.0,500,0.0001,300,300,0
train,particles2SNR_pipeline/output/p0_c1_Particles2SNR_F_staging/train/10um/HFocusing_5_10_10um_0_1049.npy,P0/data/dataset_Particles2SNR_F_c1/train/10um/HFocusing_5_10_10um_0_1049.npy,10um,HFocusing_5_10_10um_0_1049.npy,replace,,,,,saturation_cleaned_bandpass_filtered,0,2000000.0,7000.0,80000.0,500,0.0001,300,300,0
train,particles2SNR_pipeline/output/p0_c1_Particles2SNR_F_staging/train/10um/HFocusing_5_10_10um_0_1052.npy,P0/data/dataset_Particles2SNR_F_c1/train/10um/HFocusing_5_10_10um_0_1052.npy,10um,HFocusing_5_10_10um_0_1052.npy,replace,,,,,saturation_cleaned_bandpass_filtered,0,2000000.0,7000.0,80000.0,500,0.0001,300,300,0
train,particles2SNR_pipeline/output/p0_c1_Particles2SNR_F_staging/train/10um/HFocusing_5_10_10um_0_1055.npy,P0/data/dataset_Particles2SNR_F_c1/train/10um/HFocusing_5_10_10um_0_1055.npy,10um,HFocusing_5_10_10um_0_1055.npy,replace,0,11181,14992,3811,replaced_with_noise,0,2000000.0,7000.0,80000.0,500,0.0001,300,300,3210
train,particles2SNR_pipeline/output/p0_c1_Particles2SNR_F_staging/train/10um/HFocusing_5_10_10um_0_1056.npy,P0/data/dataset_Particles2SNR_F_c1/train/10um/HFocusing_5_10_10um_0_1056.npy,10um,HFocusing_5_10_10um_0_1056.npy,replace,,,,,saturation_cleaned_bandpass_filtered,0,2000000.0,7000.0,80000.0,500,0.0001,300,300,0
train,particles2SNR_pipeline/output/p0_c1_Particles2SNR_F_staging/train/10um/HFocusing_5_10_10um_0_1059.npy,P0/data/dataset_Particles2SNR_F_c1/train/10um/HFocusing_5_10_10um_0_1059.npy,10um,HFocusing_5_10_10um_0_1059.npy,replace,0,10848,14616,3768,replaced_with_noise,0,2000000.0,7000.0,80000.0,500,0.0001,300,300,3167
train,particles2SNR_pipeline/output/p0_c1_Particles2SNR_F_staging/train/10um/HFocusing_5_10_10um_0_1062.npy,P0/data/dataset_Particles2SNR_F_c1/train/10um/HFocusing_5_10_10um_0_1062.npy,10um,HFocusing_5_10_10um_0_1062.npy,replace,,,,,saturation_cleaned_bandpass_filtered,0,2000000.0,7000.0,80000.0,500,0.0001,300,300,0
train,particles2SNR_pipeline/output/p0_c1_Particles2SNR_F_staging/train/10um/HFocusing_5_10_10um_0_1065.npy,P0/data/dataset_Particles2SNR_F_c1/train/10um/HFocusing_5_10_10um_0_1065.npy,10um,HFocusing_5_10_10um_0_1065.npy,replace,,,,,saturation_cleaned_bandpass_filtered,0,2000000.0,7000.0,80000.0,500,0.0001,300,300,0
train,particles2SNR_pipeline/output/p0_c1_Particles2SNR_F_staging/train/10um/HFocusing_5_10_10um_0_1068.npy,P0/data/dataset_Particles2SNR_F_c1/train/10um/HFocusing_5_10_10um_0_1068.npy,10um,HFocusing_5_10_10um_0_1068.npy,replace,,,,,saturation_cleaned_bandpass_filtered,0,2000000.0,7000.0,80000.0,500,0.0001,300,300,0
train,particles2SNR_pipeline/output/p0_c1_Particles2SNR_F_staging/train/10um/HFocusing_5_10_10um_0_107.npy,P0/data/dataset_Particles2SNR_F_c1/train/10um/HFocusing_5_10_10um_0_107.npy,10um,HFocusing_5_10_10um_0_107.npy,replace,0,7190,11412,4222,replaced_with_noise,0,2000000.0,7000.0,80000.0,500,0.0001,300,300,3621
train,particles2SNR_pipeline/output/p0_c1_Particles2SNR_F_staging/train/10um/HFocusing_5_10_10um_0_1070.npy,P0/data/dataset_Particles2SNR_F_c1/train/10um/HFocusing_5_10_10um_0_1070.npy,10um,HFocusing_5_10_10um_0_1070.npy,replace,0,11812,14454,2642,replaced_with_noise,0,2000000.0,7000.0,80000.0,500,0.0001,300,300,2041
train,particles2SNR_pipeline/output/p0_c1_Particles2SNR_F_staging/train/10um/HFocusing_5_10_10um_0_1073.npy,P0/data/dataset_Particles2SNR_F_c1/train/10um/HFocusing_5_10_10um_0_1073.npy,10um,HFocusing_5_10_10um_0_1073.npy,replace,0,0,1863,1863,replaced_with_noise,0,2000000.0,7000.0,80000.0,500,0.0001,300,300,1562
train,particles2SNR_pipeline/output/p0_c1_Particles2SNR_F_staging/train/10um/HFocusing_5_10_10um_0_1074.npy,P0/data/dataset_Particles2SNR_F_c1/train/10um/HFocusing_5_10_10um_0_1074.npy,10um,HFocusing_5_10_10um_0_1074.npy,replace,,,,,saturation_cleaned_bandpass_filtered,0,2000000.0,7000.0,80000.0,500,0.0001,300,300,0
train,particles2SNR_pipeline/output/p0_c1_Particles2SNR_F_staging/train/10um/HFocusing_5_10_10um_0_1077.npy,P0/data/dataset_Particles2SNR_F_c1/train/10um/HFocusing_5_10_10um_0_1077.npy,10um,HFocusing_5_10_10um_0_1077.npy,replace,,,,,saturation_cleaned_bandpass_filtered,0,2000000.0,7000.0,80000.0,500,0.0001,300,300,0
train,particles2SNR_pipeline/output/p0_c1_Particles2SNR_F_staging/train/10um/HFocusing_5_10_10um_0_108.npy,P0/data/dataset_Particles2SNR_F_c1/train/10um/HFocusing_5_10_10um_0_108.npy,10um,HFocusing_5_10_10um_0_108.npy,replace,0,12985,16384,3399,replaced_with_noise,0,2000000.0,7000.0,80000.0,500,0.0001,300,300,3098
train,particles2SNR_pipeline/output/p0_c1_Particles2SNR_F_staging/train/10um/HFocusing_5_10_10um_0_1083.npy,P0/data/dataset_Particles2SNR_F_c1/train/10um/HFocusing_5_10_10um_0_1083.npy,10um,HFocusing_5_10_10um_0_1083.npy,replace,0,9087,13321,4234,replaced_with_noise,0,2000000.0,7000.0,80000.0,500,0.0001,300,300,3633
train,particles2SNR_pipeline/output/p0_c1_Particles2SNR_F_staging/train/10um/HFocusing_5_10_10um_0_1084.npy,P0/data/dataset_Particles2SNR_F_c1/train/10um/HFocusing_5_10_10um_0_1084.npy,10um,HFocusing_5_10_10um_0_1084.npy,replace,,,,,saturation_cleaned_bandpass_filtered,0,2000000.0,7000.0,80000.0,500,0.0001,300,300,0
train,particles2SNR_pipeline/output/p0_c1_Particles2SNR_F_staging/train/10um/HFocusing_5_10_10um_0_1087.npy,P0/data/dataset_Particles2SNR_F_c1/train/10um/HFocusing_5_10_10um_0_1087.npy,10um,HFocusing_5_10_10um_0_1087.npy,replace,0,10751,12878,2127,replaced_with_noise,0,2000000.0,7000.0,80000.0,500,0.0001,300,300,1526
train,particles2SNR_pipeline/output/p0_c1_Particles2SNR_F_staging/train/10um/HFocusing_5_10_10um_0_1090.npy,P0/data/dataset_Particles2SNR_F_c1/train/10um/HFocusing_5_10_10um_0_1090.npy,10um,HFocusing_5_10_10um_0_1090.npy,replace,,,,,saturation_cleaned_bandpass_filtered,0,2000000.0,7000.0,80000.0,500,0.0001,300,300,0
train,particles2SNR_pipeline/output/p0_c1_Particles2SNR_F_staging/train/10um/HFocusing_5_10_10um_0_1094.npy,P0/data/dataset_Particles2SNR_F_c1/train/10um/HFocusing_5_10_10um_0_1094.npy,10um,HFocusing_5_10_10um_0_1094.npy,replace,0,10546,13656,3110,replaced_with_noise,0,2000000.0,7000.0,80000.0,500,0.0001,300,300,2509
train,particles2SNR_pipeline/output/p0_c1_Particles2SNR_F_staging/train/10um/HFocusing_5_10_10um_0_1098.npy,P0/data/dataset_Particles2SNR_F_c1/train/10um/HFocusing_5_10_10um_0_1098.npy,10um,HFocusing_5_10_10um_0_1098.npy,replace,0,2716,7475,4759,replaced_with_noise,0,2000000.0,7000.0,80000.0,500,0.0001,300,300,4158
train,particles2SNR_pipeline/output/p0_c1_Particles2SNR_F_staging/train/10um/HFocusing_5_10_10um_0_1099.npy,P0/data/dataset_Particles2SNR_F_c1/train/10um/HFocusing_5_10_10um_0_1099.npy,10um,HFocusing_5_10_10um_0_1099.npy,replace,,,,,saturation_cleaned_bandpass_filtered,0,2000000.0,7000.0,80000.0,500,0.0001,300,300,0
train,particles2SNR_pipeline/output/p0_c1_Particles2SNR_F_staging/train/10um/HFocusing_5_10_10um_0_11.npy,P0/data/dataset_Particles2SNR_F_c1/train/10um/HFocusing_5_10_10um_0_11.npy,10um,HFocusing_5_10_10um_0_11.npy,replace,,,,,saturation_cleaned_bandpass_filtered,0,2000000.0,7000.0,80000.0,500,0.0001,300,300,0
train,particles2SNR_pipeline/output/p0_c1_Particles2SNR_F_staging/train/10um/HFocusing_5_10_10um_0_1102.npy,P0/data/dataset_Particles2SNR_F_c1/train/10um/HFocusing_5_10_10um_0_1102.npy,10um,HFocusing_5_10_10um_0_1102.npy,replace,,,,,saturation_cleaned_bandpass_filtered,0,2000000.0,7000.0,80000.0,500,0.0001,300,300,0
train,particles2SNR_pipeline/output/p0_c1_Particles2SNR_F_staging/train/10um/HFocusing_5_10_10um_0_1108.npy,P0/data/dataset_Particles2SNR_F_c1/train/10um/HFocusing_5_10_10um_0_1108.npy,10um,HFocusing_5_10_10um_0_1108.npy,replace,,,,,saturation_cleaned_bandpass_filtered,0,2000000.0,7000.0,80000.0,500,0.0001,300,300,0
train,particles2SNR_pipeline/output/p0_c1_Particles2SNR_F_staging/train/10um/HFocusing_5_10_10um_0_111.npy,P0/data/dataset_Particles2SNR_F_c1/train/10um/HFocusing_5_10_10um_0_111.npy,10um,HFocusing_5_10_10um_0_111.npy,replace,,,,,saturation_cleaned_bandpass_filtered,0,2000000.0,7000.0,80000.0,500,0.0001,300,300,0
train,particles2SNR_pipeline/output/p0_c1_Particles2SNR_F_staging/train/10um/HFocusing_5_10_10um_0_1110.npy,P0/data/dataset_Particles2SNR_F_c1/train/10um/HFocusing_5_10_10um_0_1110.npy,10um,HFocusing_5_10_10um_0_1110.npy,replace,0,0,1943,1943,replaced_with_noise,0,2000000.0,7000.0,80000.0,500,0.0001,300,300,1642
train,particles2SNR_pipeline/output/p0_c1_Particles2SNR_F_staging/train/10um/HFocusing_5_10_10um_0_1111.npy,P0/data/dataset_Particles2SNR_F_c1/train/10um/HFocusing_5_10_10um_0_1111.npy,10um,HFocusing_5_10_10um_0_1111.npy,replace,0,0,1258,1258,replaced_with_noise,0,2000000.0,7000.0,80000.0,500,0.0001,300,300,957
train,particles2SNR_pipeline/output/p0_c1_Particles2SNR_F_staging/train/10um/HFocusing_5_10_10um_0_1115.npy,P0/data/dataset_Particles2SNR_F_c1/train/10um/HFocusing_5_10_10um_0_1115.npy,10um,HFocusing_5_10_10um_0_1115.npy,replace,,,,,saturation_cleaned_bandpass_filtered,0,2000000.0,7000.0,80000.0,500,0.0001,300,300,0
train,particles2SNR_pipeline/output/p0_c1_Particles2SNR_F_staging/train/10um/HFocusing_5_10_10um_0_112.npy,P0/data/dataset_Particles2SNR_F_c1/train/10um/HFocusing_5_10_10um_0_112.npy,10um,HFocusing_5_10_10um_0_112.npy,replace,0,14333,16384,2051,replaced_with_noise,0,2000000.0,7000.0,80000.0,500,0.0001,300,300,1750
train,particles2SNR_pipeline/output/p0_c1_Particles2SNR_F_staging/train/10um/HFocusing_5_10_10um_0_1120.npy,P0/data/dataset_Particles2SNR_F_c1/train/10um/HFocusing_5_10_10um_0_1120.npy,10um,HFocusing_5_10_10um_0_1120.npy,replace,,,,,saturation_cleaned_bandpass_filtered,0,2000000.0,7000.0,80000.0,500,0.0001,300,300,0
train,particles2SNR_pipeline/output/p0_c1_Particles2SNR_F_staging/train/10um/HFocusing_5_10_10um_0_1121.npy,P0/data/dataset_Particles2SNR_F_c1/train/10um/HFocusing_5_10_10um_0_1121.npy,10um,HFocusing_5_10_10um_0_1121.npy,replace,,,,,saturation_cleaned_bandpass_filtered,0,2000000.0,7000.0,80000.0,500,0.0001,300,300,0
train,particles2SNR_pipeline/output/p0_c1_Particles2SNR_F_staging/train/10um/HFocusing_5_10_10um_0_1123.npy,P0/data/dataset_Particles2SNR_F_c1/train/10um/HFocusing_5_10_10um_0_1123.npy,10um,HFocusing_5_10_10um_0_1123.npy,replace,,,,,saturation_cleaned_bandpass_filtered,0,2000000.0,7000.0,80000.0,500,0.0001,300,300,0
train,particles2SNR_pipeline/output/p0_c1_Particles2SNR_F_staging/train/10um/HFocusing_5_10_10um_0_1124.npy,P0/data/dataset_Particles2SNR_F_c1/train/10um/HFocusing_5_10_10um_0_1124.npy,10um,HFocusing_5_10_10um_0_1124.npy,replace,,,,,saturation_cleaned_bandpass_filtered,0,2000000.0,7000.0,80000.0,500,0.0001,300,300,0
train,particles2SNR_pipeline/output/p0_c1_Particles2SNR_F_staging/train/10um/HFocusing_5_10_10um_0_1130.npy,P0/data/dataset_Particles2SNR_F_c1/train/10um/HFocusing_5_10_10um_0_1130.npy,10um,HFocusing_5_10_10um_0_1130.npy,replace,,,,,saturation_cleaned_bandpass_filtered,0,2000000.0,7000.0,80000.0,500,0.0001,300,300,0
train,particles2SNR_pipeline/output/p0_c1_Particles2SNR_F_staging/train/10um/HFocusing_5_10_10um_0_1133.npy,P0/data/dataset_Particles2SNR_F_c1/train/10um/HFocusing_5_10_10um_0_1133.npy,10um,HFocusing_5_10_10um_0_1133.npy,replace,0,4427,7505,3078,replaced_with_noise,0,2000000.0,7000.0,80000.0,500,0.0001,300,300,2477
train,particles2SNR_pipeline/output/p0_c1_Particles2SNR_F_staging/train/10um/HFocusing_5_10_10um_0_1137.npy,P0/data/dataset_Particles2SNR_F_c1/train/10um/HFocusing_5_10_10um_0_1137.npy,10um,HFocusing_5_10_10um_0_1137.npy,replace,,,,,saturation_cleaned_bandpass_filtered,0,2000000.0,7000.0,80000.0,500,0.0001,300,300,0
train,particles2SNR_pipeline/output/p0_c1_Particles2SNR_F_staging/train/10um/HFocusing_5_10_10um_0_1142.npy,P0/data/dataset_Particles2SNR_F_c1/train/10um/HFocusing_5_10_10um_0_1142.npy,10um,HFocusing_5_10_10um_0_1142.npy,replace,0,5396,9050,3654,replaced_with_noise,0,2000000.0,7000.0,80000.0,500,0.0001,300,300,3053
train,particles2SNR_pipeline/output/p0_c1_Particles2SNR_F_staging/train/10um/HFocusing_5_10_10um_0_1148.npy,P0/data/dataset_Particles2SNR_F_c1/train/10um/HFocusing_5_10_10um_0_1148.npy,10um,HFocusing_5_10_10um_0_1148.npy,replace,0,7007,10477,3470,replaced_with_noise,0,2000000.0,7000.0,80000.0,500,0.0001,300,300,2869
train,particles2SNR_pipeline/output/p0_c1_Particles2SNR_F_staging/train/10um/HFocusing_5_10_10um_0_1149.npy,P0/data/dataset_Particles2SNR_F_c1/train/10um/HFocusing_5_10_10um_0_1149.npy,10um,HFocusing_5_10_10um_0_1149.npy,replace,,,,,saturation_cleaned_bandpass_filtered,0,2000000.0,7000.0,80000.0,500,0.0001,300,300,0
train,particles2SNR_pipeline/output/p0_c1_Particles2SNR_F_staging/train/10um/HFocusing_5_10_10um_0_115.npy,P0/data/dataset_Particles2SNR_F_c1/train/10um/HFocusing_5_10_10um_0_115.npy,10um,HFocusing_5_10_10um_0_115.npy,replace,,,,,saturation_cleaned_bandpass_filtered,0,2000000.0,7000.0,80000.0,500,0.0001,300,300,0
train,particles2SNR_pipeline/output/p0_c1_Particles2SNR_F_staging/train/10um/HFocusing_5_10_10um_0_1154.npy,P0/data/dataset_Particles2SNR_F_c1/train/10um/HFocusing_5_10_10um_0_1154.npy,10um,HFocusing_5_10_10um_0_1154.npy,replace,0,313,4314,4001,replaced_with_noise,0,2000000.0,7000.0,80000.0,500,0.0001,300,300,3400
train,particles2SNR_pipeline/output/p0_c1_Particles2SNR_F_staging/train/10um/HFocusing_5_10_10um_0_1155.npy,P0/data/dataset_Particles2SNR_F_c1/train/10um/HFocusing_5_10_10um_0_1155.npy,10um,HFocusing_5_10_10um_0_1155.npy,replace,,,,,saturation_cleaned_bandpass_filtered,0,2000000.0,7000.0,80000.0,500,0.0001,300,300,0
train,particles2SNR_pipeline/output/p0_c1_Particles2SNR_F_staging/train/10um/HFocusing_5_10_10um_0_1158.npy,P0/data/dataset_Particles2SNR_F_c1/train/10um/HFocusing_5_10_10um_0_1158.npy,10um,HFocusing_5_10_10um_0_1158.npy,replace,,,,,saturation_cleaned_bandpass_filtered,0,2000000.0,7000.0,80000.0,500,0.0001,300,300,0
train,particles2SNR_pipeline/output/p0_c1_Particles2SNR_F_staging/train/10um/HFocusing_5_10_10um_0_1161.npy,P0/data/dataset_Particles2SNR_F_c1/train/10um/HFocusing_5_10_10um_0_1161.npy,10um,HFocusing_5_10_10um_0_1161.npy,replace,0,200,4043,3843,replaced_with_noise,0,2000000.0,7000.0,80000.0,500,0.0001,300,300,3242
train,particles2SNR_pipeline/output/p0_c1_Particles2SNR_F_staging/train/10um/HFocusing_5_10_10um_0_1167.npy,P0/data/dataset_Particles2SNR_F_c1/train/10um/HFocusing_5_10_10um_0_1167.npy,10um,HFocusing_5_10_10um_0_1167.npy,replace,0,0,2762,2762,replaced_with_noise,0,2000000.0,7000.0,80000.0,500,0.0001,300,300,2461
train,particles2SNR_pipeline/output/p0_c1_Particles2SNR_F_staging/train/10um/HFocusing_5_10_10um_0_1168.npy,P0/data/dataset_Particles2SNR_F_c1/train/10um/HFocusing_5_10_10um_0_1168.npy,10um,HFocusing_5_10_10um_0_1168.npy,replace,0,5392,7477,2085,replaced_with_noise,0,2000000.0,7000.0,80000.0,500,0.0001,300,300,1484
train,particles2SNR_pipeline/output/p0_c1_Particles2SNR_F_staging/train/10um/HFocusing_5_10_10um_0_1171.npy,P0/data/dataset_Particles2SNR_F_c1/train/10um/HFocusing_5_10_10um_0_1171.npy,10um,HFocusing_5_10_10um_0_1171.npy,replace,0,4453,7324,2871,replaced_with_noise,0,2000000.0,7000.0,80000.0,500,0.0001,300,300,2270
train,particles2SNR_pipeline/output/p0_c1_Particles2SNR_F_staging/train/10um/HFocusing_5_10_10um_0_1173.npy,P0/data/dataset_Particles2SNR_F_c1/train/10um/HFocusing_5_10_10um_0_1173.npy,10um,HFocusing_5_10_10um_0_1173.npy,replace,,,,,saturation_cleaned_bandpass_filtered,0,2000000.0,7000.0,80000.0,500,0.0001,300,300,0
train,particles2SNR_pipeline/output/p0_c1_Particles2SNR_F_staging/train/10um/HFocusing_5_10_10um_0_1174.npy,P0/data/dataset_Particles2SNR_F_c1/train/10um/HFocusing_5_10_10um_0_1174.npy,10um,HFocusing_5_10_10um_0_1174.npy,replace,,,,,saturation_cleaned_bandpass_filtered,0,2000000.0,7000.0,80000.0,500,0.0001,300,300,0
train,particles2SNR_pipeline/output/p0_c1_Particles2SNR_F_staging/train/10um/HFocusing_5_10_10um_0_1177.npy,P0/data/dataset_Particles2SNR_F_c1/train/10um/HFocusing_5_10_10um_0_1177.npy,10um,HFocusing_5_10_10um_0_1177.npy,replace,0,6429,10729,4300,replaced_with_noise,0,2000000.0,7000.0,80000.0,500,0.0001,300,300,3699
train,particles2SNR_pipeline/output/p0_c1_Particles2SNR_F_staging/train/10um/HFocusing_5_10_10um_0_1184.npy,P0/data/dataset_Particles2SNR_F_c1/train/10um/HFocusing_5_10_10um_0_1184.npy,10um,HFocusing_5_10_10um_0_1184.npy,replace,0,8766,10222,1456,replaced_with_noise,0,2000000.0,7000.0,80000.0,500,0.0001,300,300,855
train,particles2SNR_pipeline/output/p0_c1_Particles2SNR_F_staging/train/10um/HFocusing_5_10_10um_0_1186.npy,P0/data/dataset_Particles2SNR_F_c1/train/10um/HFocusing_5_10_10um_0_1186.npy,10um,HFocusing_5_10_10um_0_1186.npy,replace,,,,,saturation_cleaned_bandpass_filtered,0,2000000.0,7000.0,80000.0,500,0.0001,300,300,0
train,particles2SNR_pipeline/output/p0_c1_Particles2SNR_F_staging/train/10um/HFocusing_5_10_10um_0_1187.npy,P0/data/dataset_Particles2SNR_F_c1/train/10um/HFocusing_5_10_10um_0_1187.npy,10um,HFocusing_5_10_10um_0_1187.npy,replace,,,,,saturation_cleaned_bandpass_filtered,0,2000000.0,7000.0,80000.0,500,0.0001,300,300,0
train,particles2SNR_pipeline/output/p0_c1_Particles2SNR_F_staging/train/10um/HFocusing_5_10_10um_0_119.npy,P0/data/dataset_Particles2SNR_F_c1/train/10um/HFocusing_5_10_10um_0_119.npy,10um,HFocusing_5_10_10um_0_119.npy,replace,0,0,1172,1172,replaced_with_noise,0,2000000.0,7000.0,80000.0,500,0.0001,300,300,871
train,particles2SNR_pipeline/output/p0_c1_Particles2SNR_F_staging/train/10um/HFocusing_5_10_10um_0_1190.npy,P0/data/dataset_Particles2SNR_F_c1/train/10um/HFocusing_5_10_10um_0_1190.npy,10um,HFocusing_5_10_10um_0_1190.npy,replace,,,,,saturation_cleaned_bandpass_filtered,0,2000000.0,7000.0,80000.0,500,0.0001,300,300,0
train,particles2SNR_pipeline/output/p0_c1_Particles2SNR_F_staging/train/10um/HFocusing_5_10_10um_0_1191.npy,P0/data/dataset_Particles2SNR_F_c1/train/10um/HFocusing_5_10_10um_0_1191.npy,10um,HFocusing_5_10_10um_0_1191.npy,replace,0,0,1595,1595,replaced_with_noise,0,2000000.0,7000.0,80000.0,500,0.0001,300,300,3305
train,particles2SNR_pipeline/output/p0_c1_Particles2SNR_F_staging/train/10um/HFocusing_5_10_10um_0_1191.npy,P0/data/dataset_Particles2SNR_F_c1/train/10um/HFocusing_5_10_10um_0_1191.npy,10um,HFocusing_5_10_10um_0_1191.npy,replace,1,11112,15018,3906,replaced_with_noise,0,2000000.0,7000.0,80000.0,500,0.0001,300,300,3305
train,particles2SNR_pipeline/output/p0_c1_Particles2SNR_F_staging/train/10um/HFocusing_5_10_10um_0_1193.npy,P0/data/dataset_Particles2SNR_F_c1/train/10um/HFocusing_5_10_10um_0_1193.npy,10um,HFocusing_5_10_10um_0_1193.npy,replace,,,,,saturation_cleaned_bandpass_filtered,0,2000000.0,7000.0,80000.0,500,0.0001,300,300,0
train,particles2SNR_pipeline/output/p0_c1_Particles2SNR_F_staging/train/10um/HFocusing_5_10_10um_0_1194.npy,P0/data/dataset_Particles2SNR_F_c1/train/10um/HFocusing_5_10_10um_0_1194.npy,10um,HFocusing_5_10_10um_0_1194.npy,replace,,,,,saturation_cleaned_bandpass_filtered,0,2000000.0,7000.0,80000.0,500,0.0001,300,300,0
train,particles2SNR_pipeline/output/p0_c1_Particles2SNR_F_staging/train/10um/HFocusing_5_10_10um_0_1200.npy,P0/data/dataset_Particles2SNR_F_c1/train/10um/HFocusing_5_10_10um_0_1200.npy,10um,HFocusing_5_10_10um_0_1200.npy,replace,,,,,saturation_cleaned_bandpass_filtered,0,2000000.0,7000.0,80000.0,500,0.0001,300,300,0
train,particles2SNR_pipeline/output/p0_c1_Particles2SNR_F_staging/train/10um/HFocusing_5_10_10um_0_1201.npy,P0/data/dataset_Particles2SNR_F_c1/train/10um/HFocusing_5_10_10um_0_1201.npy,10um,HFocusing_5_10_10um_0_1201.npy,replace,,,,,saturation_cleaned_bandpass_filtered,0,2000000.0,7000.0,80000.0,500,0.0001,300,300,0
train,particles2SNR_pipeline/output/p0_c1_Particles2SNR_F_staging/train/10um/HFocusing_5_10_10um_0_1204.npy,P0/data/dataset_Particles2SNR_F_c1/train/10um/HFocusing_5_10_10um_0_1204.npy,10um,HFocusing_5_10_10um_0_1204.npy,replace,0,14811,16384,1573,replaced_with_noise,0,2000000.0,7000.0,80000.0,500,0.0001,300,300,1272
train,particles2SNR_pipeline/output/p0_c1_Particles2SNR_F_staging/train/10um/HFocusing_5_10_10um_0_1207.npy,P0/data/dataset_Particles2SNR_F_c1/train/10um/HFocusing_5_10_10um_0_1207.npy,10um,HFocusing_5_10_10um_0_1207.npy,replace,,,,,saturation_cleaned_bandpass_filtered,0,2000000.0,7000.0,80000.0,500,0.0001,300,300,0
train,particles2SNR_pipeline/output/p0_c1_Particles2SNR_F_staging/train/10um/HFocusing_5_10_10um_0_121.npy,P0/data/dataset_Particles2SNR_F_c1/train/10um/HFocusing_5_10_10um_0_121.npy,10um,HFocusing_5_10_10um_0_121.npy,replace,,,,,saturation_cleaned_bandpass_filtered,0,2000000.0,7000.0,80000.0,500,0.0001,300,300,0
train,particles2SNR_pipeline/output/p0_c1_Particles2SNR_F_staging/train/10um/HFocusing_5_10_10um_0_1210.npy,P0/data/dataset_Particles2SNR_F_c1/train/10um/HFocusing_5_10_10um_0_1210.npy,10um,HFocusing_5_10_10um_0_1210.npy,replace,0,7958,10969,3011,replaced_with_noise,0,2000000.0,7000.0,80000.0,500,0.0001,300,300,2410
train,particles2SNR_pipeline/output/p0_c1_Particles2SNR_F_staging/train/10um/HFocusing_5_10_10um_0_1215.npy,P0/data/dataset_Particles2SNR_F_c1/train/10um/HFocusing_5_10_10um_0_1215.npy,10um,HFocusing_5_10_10um_0_1215.npy,replace,0,1379,4695,3316,replaced_with_noise,0,2000000.0,7000.0,80000.0,500,0.0001,300,300,2715
train,particles2SNR_pipeline/output/p0_c1_Particles2SNR_F_staging/train/10um/HFocusing_5_10_10um_0_1216.npy,P0/data/dataset_Particles2SNR_F_c1/train/10um/HFocusing_5_10_10um_0_1216.npy,10um,HFocusing_5_10_10um_0_1216.npy,replace,0,4350,6070,1720,replaced_with_noise,0,2000000.0,7000.0,80000.0,500,0.0001,300,300,1119
train,particles2SNR_pipeline/output/p0_c1_Particles2SNR_F_staging/train/10um/HFocusing_5_10_10um_0_1219.npy,P0/data/dataset_Particles2SNR_F_c1/train/10um/HFocusing_5_10_10um_0_1219.npy,10um,HFocusing_5_10_10um_0_1219.npy,replace,,,,,saturation_cleaned_bandpass_filtered,0,2000000.0,7000.0,80000.0,500,0.0001,300,300,0
train,particles2SNR_pipeline/output/p0_c1_Particles2SNR_F_staging/train/10um/HFocusing_5_10_10um_0_122.npy,P0/data/dataset_Particles2SNR_F_c1/train/10um/HFocusing_5_10_10um_0_122.npy,10um,HFocusing_5_10_10um_0_122.npy,replace,,,,,saturation_cleaned_bandpass_filtered,0,2000000.0,7000.0,80000.0,500,0.0001,300,300,0
train,particles2SNR_pipeline/output/p0_c1_Particles2SNR_F_staging/train/10um/HFocusing_5_10_10um_0_1221.npy,P0/data/dataset_Particles2SNR_F_c1/train/10um/HFocusing_5_10_10um_0_1221.npy,10um,HFocusing_5_10_10um_0_1221.npy,replace,,,,,saturation_cleaned_bandpass_filtered,0,2000000.0,7000.0,80000.0,500,0.0001,300,300,0
train,particles2SNR_pipeline/output/p0_c1_Particles2SNR_F_staging/train/10um/HFocusing_5_10_10um_0_1225.npy,P0/data/dataset_Particles2SNR_F_c1/train/10um/HFocusing_5_10_10um_0_1225.npy,10um,HFocusing_5_10_10um_0_1225.npy,replace,,,,,saturation_cleaned_bandpass_filtered,0,2000000.0,7000.0,80000.0,500,0.0001,300,300,0
train,particles2SNR_pipeline/output/p0_c1_Particles2SNR_F_staging/train/10um/HFocusing_5_10_10um_0_1228.npy,P0/data/dataset_Particles2SNR_F_c1/train/10um/HFocusing_5_10_10um_0_1228.npy,10um,HFocusing_5_10_10um_0_1228.npy,replace,0,7241,11149,3908,replaced_with_noise,0,2000000.0,7000.0,80000.0,500,0.0001,300,300,3307
train,particles2SNR_pipeline/output/p0_c1_Particles2SNR_F_staging/train/10um/HFocusing_5_10_10um_0_1231.npy,P0/data/dataset_Particles2SNR_F_c1/train/10um/HFocusing_5_10_10um_0_1231.npy,10um,HFocusing_5_10_10um_0_1231.npy,replace,,,,,saturation_cleaned_bandpass_filtered,0,2000000.0,7000.0,80000.0,500,0.0001,300,300,0
train,particles2SNR_pipeline/output/p0_c1_Particles2SNR_F_staging/train/10um/HFocusing_5_10_10um_0_1232.npy,P0/data/dataset_Particles2SNR_F_c1/train/10um/HFocusing_5_10_10um_0_1232.npy,10um,HFocusing_5_10_10um_0_1232.npy,replace,,,,,saturation_cleaned_bandpass_filtered,0,2000000.0,7000.0,80000.0,500,0.0001,300,300,0
train,particles2SNR_pipeline/output/p0_c1_Particles2SNR_F_staging/train/10um/HFocusing_5_10_10um_0_1241.npy,P0/data/dataset_Particles2SNR_F_c1/train/10um/HFocusing_5_10_10um_0_1241.npy,10um,HFocusing_5_10_10um_0_1241.npy,replace,,,,,saturation_cleaned_bandpass_filtered,0,2000000.0,7000.0,80000.0,500,0.0001,300,300,0
train,particles2SNR_pipeline/output/p0_c1_Particles2SNR_F_staging/train/10um/HFocusing_5_10_10um_0_1244.npy,P0/data/dataset_Particles2SNR_F_c1/train/10um/HFocusing_5_10_10um_0_1244.npy,10um,HFocusing_5_10_10um_0_1244.npy,replace,0,9633,14036,4403,replaced_with_noise,0,2000000.0,7000.0,80000.0,500,0.0001,300,300,3802
train,particles2SNR_pipeline/output/p0_c1_Particles2SNR_F_staging/train/10um/HFocusing_5_10_10um_0_1248.npy,P0/data/dataset_Particles2SNR_F_c1/train/10um/HFocusing_5_10_10um_0_1248.npy,10um,HFocusing_5_10_10um_0_1248.npy,replace,,,,,saturation_cleaned_bandpass_filtered,0,2000000.0,7000.0,80000.0,500,0.0001,300,300,0
train,particles2SNR_pipeline/output/p0_c1_Particles2SNR_F_staging/train/10um/HFocusing_5_10_10um_0_1251.npy,P0/data/dataset_Particles2SNR_F_c1/train/10um/HFocusing_5_10_10um_0_1251.npy,10um,HFocusing_5_10_10um_0_1251.npy,replace,,,,,saturation_cleaned_bandpass_filtered,0,2000000.0,7000.0,80000.0,500,0.0001,300,300,0
train,particles2SNR_pipeline/output/p0_c1_Particles2SNR_F_staging/train/10um/HFocusing_5_10_10um_0_1254.npy,P0/data/dataset_Particles2SNR_F_c1/train/10um/HFocusing_5_10_10um_0_1254.npy,10um,HFocusing_5_10_10um_0_1254.npy,replace,,,,,saturation_cleaned_bandpass_filtered,0,2000000.0,7000.0,80000.0,500,0.0001,300,300,0
train,particles2SNR_pipeline/output/p0_c1_Particles2SNR_F_staging/train/10um/HFocusing_5_10_10um_0_1255.npy,P0/data/dataset_Particles2SNR_F_c1/train/10um/HFocusing_5_10_10um_0_1255.npy,10um,HFocusing_5_10_10um_0_1255.npy,replace,,,,,saturation_cleaned_bandpass_filtered,0,2000000.0,7000.0,80000.0,500,0.0001,300,300,0
train,particles2SNR_pipeline/output/p0_c1_Particles2SNR_F_staging/train/10um/HFocusing_5_10_10um_0_1258.npy,P0/data/dataset_Particles2SNR_F_c1/train/10um/HFocusing_5_10_10um_0_1258.npy,10um,HFocusing_5_10_10um_0_1258.npy,replace,,,,,saturation_cleaned_bandpass_filtered,0,2000000.0,7000.0,80000.0,500,0.0001,300,300,0
train,particles2SNR_pipeline/output/p0_c1_Particles2SNR_F_staging/train/10um/HFocusing_5_10_10um_0_1261.npy,P0/data/dataset_Particles2SNR_F_c1/train/10um/HFocusing_5_10_10um_0_1261.npy,10um,HFocusing_5_10_10um_0_1261.npy,replace,0,809,5237,4428,replaced_with_noise,0,2000000.0,7000.0,80000.0,500,0.0001,300,300,3827
train,particles2SNR_pipeline/output/p0_c1_Particles2SNR_F_staging/train/10um/HFocusing_5_10_10um_0_1270.npy,P0/data/dataset_Particles2SNR_F_c1/train/10um/HFocusing_5_10_10um_0_1270.npy,10um,HFocusing_5_10_10um_0_1270.npy,replace,,,,,saturation_cleaned_bandpass_filtered,0,2000000.0,7000.0,80000.0,500,0.0001,300,300,0
train,particles2SNR_pipeline/output/p0_c1_Particles2SNR_F_staging/train/10um/HFocusing_5_10_10um_0_1273.npy,P0/data/dataset_Particles2SNR_F_c1/train/10um/HFocusing_5_10_10um_0_1273.npy,10um,HFocusing_5_10_10um_0_1273.npy,replace,,,,,saturation_cleaned_bandpass_filtered,0,2000000.0,7000.0,80000.0,500,0.0001,300,300,0
train,particles2SNR_pipeline/output/p0_c1_Particles2SNR_F_staging/train/10um/HFocusing_5_10_10um_0_1275.npy,P0/data/dataset_Particles2SNR_F_c1/train/10um/HFocusing_5_10_10um_0_1275.npy,10um,HFocusing_5_10_10um_0_1275.npy,replace,0,4499,8625,4126,replaced_with_noise,0,2000000.0,7000.0,80000.0,500,0.0001,300,300,3525
train,particles2SNR_pipeline/output/p0_c1_Particles2SNR_F_staging/train/10um/HFocusing_5_10_10um_0_1279.npy,P0/data/dataset_Particles2SNR_F_c1/train/10um/HFocusing_5_10_10um_0_1279.npy,10um,HFocusing_5_10_10um_0_1279.npy,replace,0,4224,8444,4220,replaced_with_noise,0,2000000.0,7000.0,80000.0,500,0.0001,300,300,3619
train,particles2SNR_pipeline/output/p0_c1_Particles2SNR_F_staging/train/10um/HFocusing_5_10_10um_0_1280.npy,P0/data/dataset_Particles2SNR_F_c1/train/10um/HFocusing_5_10_10um_0_1280.npy,10um,HFocusing_5_10_10um_0_1280.npy,replace,,,,,saturation_cleaned_bandpass_filtered,0,2000000.0,7000.0,80000.0,500,0.0001,300,300,0
train,particles2SNR_pipeline/output/p0_c1_Particles2SNR_F_staging/train/10um/HFocusing_5_10_10um_0_1283.npy,P0/data/dataset_Particles2SNR_F_c1/train/10um/HFocusing_5_10_10um_0_1283.npy,10um,HFocusing_5_10_10um_0_1283.npy,replace,,,,,saturation_cleaned_bandpass_filtered,0,2000000.0,7000.0,80000.0,500,0.0001,300,300,0
train,particles2SNR_pipeline/output/p0_c1_Particles2SNR_F_staging/train/10um/HFocusing_5_10_10um_0_1286.npy,P0/data/dataset_Particles2SNR_F_c1/train/10um/HFocusing_5_10_10um_0_1286.npy,10um,HFocusing_5_10_10um_0_1286.npy,replace,,,,,saturation_cleaned_bandpass_filtered,0,2000000.0,7000.0,80000.0,500,0.0001,300,300,0
train,particles2SNR_pipeline/output/p0_c1_Particles2SNR_F_staging/train/10um/HFocusing_5_10_10um_0_1289.npy,P0/data/dataset_Particles2SNR_F_c1/train/10um/HFocusing_5_10_10um_0_1289.npy,10um,HFocusing_5_10_10um_0_1289.npy,replace,,,,,saturation_cleaned_bandpass_filtered,0,2000000.0,7000.0,80000.0,500,0.0001,300,300,0
train,particles2SNR_pipeline/output/p0_c1_Particles2SNR_F_staging/train/10um/HFocusing_5_10_10um_0_129.npy,P0/data/dataset_Particles2SNR_F_c1/train/10um/HFocusing_5_10_10um_0_129.npy,10um,HFocusing_5_10_10um_0_129.npy,replace,0,0,1572,1572,replaced_with_noise,0,2000000.0,7000.0,80000.0,500,0.0001,300,300,1271
train,particles2SNR_pipeline/output/p0_c1_Particles2SNR_F_staging/train/10um/HFocusing_5_10_10um_0_1292.npy,P0/data/dataset_Particles2SNR_F_c1/train/10um/HFocusing_5_10_10um_0_1292.npy,10um,HFocusing_5_10_10um_0_1292.npy,replace,,,,,saturation_cleaned_bandpass_filtered,0,2000000.0,7000.0,80000.0,500,0.0001,300,300,0
train,particles2SNR_pipeline/output/p0_c1_Particles2SNR_F_staging/train/10um/HFocusing_5_10_10um_0_1294.npy,P0/data/dataset_Particles2SNR_F_c1/train/10um/HFocusing_5_10_10um_0_1294.npy,10um,HFocusing_5_10_10um_0_1294.npy,replace,,,,,saturation_cleaned_bandpass_filtered,0,2000000.0,7000.0,80000.0,500,0.0001,300,300,0
train,particles2SNR_pipeline/output/p0_c1_Particles2SNR_F_staging/train/10um/HFocusing_5_10_10um_0_1298.npy,P0/data/dataset_Particles2SNR_F_c1/train/10um/HFocusing_5_10_10um_0_1298.npy,10um,HFocusing_5_10_10um_0_1298.npy,replace,,,,,saturation_cleaned_bandpass_filtered,0,2000000.0,7000.0,80000.0,500,0.0001,300,300,0
train,particles2SNR_pipeline/output/p0_c1_Particles2SNR_F_staging/train/10um/HFocusing_5_10_10um_0_1304.npy,P0/data/dataset_Particles2SNR_F_c1/train/10um/HFocusing_5_10_10um_0_1304.npy,10um,HFocusing_5_10_10um_0_1304.npy,replace,,,,,saturation_cleaned_bandpass_filtered,0,2000000.0,7000.0,80000.0,500,0.0001,300,300,0
train,particles2SNR_pipeline/output/p0_c1_Particles2SNR_F_staging/train/10um/HFocusing_5_10_10um_0_1308.npy,P0/data/dataset_Particles2SNR_F_c1/train/10um/HFocusing_5_10_10um_0_1308.npy,10um,HFocusing_5_10_10um_0_1308.npy,replace,,,,,saturation_cleaned_bandpass_filtered,0,2000000.0,7000.0,80000.0,500,0.0001,300,300,0
train,particles2SNR_pipeline/output/p0_c1_Particles2SNR_F_staging/train/10um/HFocusing_5_10_10um_0_1311.npy,P0/data/dataset_Particles2SNR_F_c1/train/10um/HFocusing_5_10_10um_0_1311.npy,10um,HFocusing_5_10_10um_0_1311.npy,replace,,,,,saturation_cleaned_bandpass_filtered,0,2000000.0,7000.0,80000.0,500,0.0001,300,300,0
train,particles2SNR_pipeline/output/p0_c1_Particles2SNR_F_staging/train/10um/HFocusing_5_10_10um_0_1314.npy,P0/data/dataset_Particles2SNR_F_c1/train/10um/HFocusing_5_10_10um_0_1314.npy,10um,HFocusing_5_10_10um_0_1314.npy,replace,,,,,saturation_cleaned_bandpass_filtered,0,2000000.0,7000.0,80000.0,500,0.0001,300,300,0
train,particles2SNR_pipeline/output/p0_c1_Particles2SNR_F_staging/train/10um/HFocusing_5_10_10um_0_1315.npy,P0/data/dataset_Particles2SNR_F_c1/train/10um/HFocusing_5_10_10um_0_1315.npy,10um,HFocusing_5_10_10um_0_1315.npy,replace,0,15487,16384,897,replaced_with_noise,0,2000000.0,7000.0,80000.0,500,0.0001,300,300,596
train,particles2SNR_pipeline/output/p0_c1_Particles2SNR_F_staging/train/10um/HFocusing_5_10_10um_0_1318.npy,P0/data/dataset_Particles2SNR_F_c1/train/10um/HFocusing_5_10_10um_0_1318.npy,10um,HFocusing_5_10_10um_0_1318.npy,replace,,,,,saturation_cleaned_bandpass_filtered,0,2000000.0,7000.0,80000.0,500,0.0001,300,300,0
train,particles2SNR_pipeline/output/p0_c1_Particles2SNR_F_staging/train/10um/HFocusing_5_10_10um_0_132.npy,P0/data/dataset_Particles2SNR_F_c1/train/10um/HFocusing_5_10_10um_0_132.npy,10um,HFocusing_5_10_10um_0_132.npy,replace,,,,,saturation_cleaned_bandpass_filtered,0,2000000.0,7000.0,80000.0,500,0.0001,300,300,0
train,particles2SNR_pipeline/output/p0_c1_Particles2SNR_F_staging/train/10um/HFocusing_5_10_10um_0_1321.npy,P0/data/dataset_Particles2SNR_F_c1/train/10um/HFocusing_5_10_10um_0_1321.npy,10um,HFocusing_5_10_10um_0_1321.npy,replace,,,,,saturation_cleaned_bandpass_filtered,0,2000000.0,7000.0,80000.0,500,0.0001,300,300,0
train,particles2SNR_pipeline/output/p0_c1_Particles2SNR_F_staging/train/10um/HFocusing_5_10_10um_0_1322.npy,P0/data/dataset_Particles2SNR_F_c1/train/10um/HFocusing_5_10_10um_0_1322.npy,10um,HFocusing_5_10_10um_0_1322.npy,replace,,,,,saturation_cleaned_bandpass_filtered,0,2000000.0,7000.0,80000.0,500,0.0001,300,300,0
train,particles2SNR_pipeline/output/p0_c1_Particles2SNR_F_staging/train/10um/HFocusing_5_10_10um_0_1325.npy,P0/data/dataset_Particles2SNR_F_c1/train/10um/HFocusing_5_10_10um_0_1325.npy,10um,HFocusing_5_10_10um_0_1325.npy,replace,,,,,saturation_cleaned_bandpass_filtered,0,2000000.0,7000.0,80000.0,500,0.0001,300,300,0
train,particles2SNR_pipeline/output/p0_c1_Particles2SNR_F_staging/train/10um/HFocusing_5_10_10um_0_1328.npy,P0/data/dataset_Particles2SNR_F_c1/train/10um/HFocusing_5_10_10um_0_1328.npy,10um,HFocusing_5_10_10um_0_1328.npy,replace,0,0,2581,2581,replaced_with_noise,0,2000000.0,7000.0,80000.0,500,0.0001,300,300,2280
train,particles2SNR_pipeline/output/p0_c1_Particles2SNR_F_staging/train/10um/HFocusing_5_10_10um_0_1329.npy,P0/data/dataset_Particles2SNR_F_c1/train/10um/HFocusing_5_10_10um_0_1329.npy,10um,HFocusing_5_10_10um_0_1329.npy,replace,,,,,saturation_cleaned_bandpass_filtered,0,2000000.0,7000.0,80000.0,500,0.0001,300,300,0
train,particles2SNR_pipeline/output/p0_c1_Particles2SNR_F_staging/train/10um/HFocusing_5_10_10um_0_133.npy,P0/data/dataset_Particles2SNR_F_c1/train/10um/HFocusing_5_10_10um_0_133.npy,10um,HFocusing_5_10_10um_0_133.npy,replace,,,,,saturation_cleaned_bandpass_filtered,0,2000000.0,7000.0,80000.0,500,0.0001,300,300,0
train,particles2SNR_pipeline/output/p0_c1_Particles2SNR_F_staging/train/10um/HFocusing_5_10_10um_0_1331.npy,P0/data/dataset_Particles2SNR_F_c1/train/10um/HFocusing_5_10_10um_0_1331.npy,10um,HFocusing_5_10_10um_0_1331.npy,replace,0,4118,7290,3172,replaced_with_noise,0,2000000.0,7000.0,80000.0,500,0.0001,300,300,2571
train,particles2SNR_pipeline/output/p0_c1_Particles2SNR_F_staging/train/10um/HFocusing_5_10_10um_0_1332.npy,P0/data/dataset_Particles2SNR_F_c1/train/10um/HFocusing_5_10_10um_0_1332.npy,10um,HFocusing_5_10_10um_0_1332.npy,replace,,,,,saturation_cleaned_bandpass_filtered,0,2000000.0,7000.0,80000.0,500,0.0001,300,300,0
train,particles2SNR_pipeline/output/p0_c1_Particles2SNR_F_staging/train/10um/HFocusing_5_10_10um_0_1335.npy,P0/data/dataset_Particles2SNR_F_c1/train/10um/HFocusing_5_10_10um_0_1335.npy,10um,HFocusing_5_10_10um_0_1335.npy,replace,,,,,saturation_cleaned_bandpass_filtered,0,2000000.0,7000.0,80000.0,500,0.0001,300,300,0
train,particles2SNR_pipeline/output/p0_c1_Particles2SNR_F_staging/train/10um/HFocusing_5_10_10um_0_1338.npy,P0/data/dataset_Particles2SNR_F_c1/train/10um/HFocusing_5_10_10um_0_1338.npy,10um,HFocusing_5_10_10um_0_1338.npy,replace,,,,,saturation_cleaned_bandpass_filtered,0,2000000.0,7000.0,80000.0,500,0.0001,300,300,0
train,particles2SNR_pipeline/output/p0_c1_Particles2SNR_F_staging/train/10um/HFocusing_5_10_10um_0_1340.npy,P0/data/dataset_Particles2SNR_F_c1/train/10um/HFocusing_5_10_10um_0_1340.npy,10um,HFocusing_5_10_10um_0_1340.npy,replace,,,,,saturation_cleaned_bandpass_filtered,0,2000000.0,7000.0,80000.0,500,0.0001,300,300,0
train,particles2SNR_pipeline/output/p0_c1_Particles2SNR_F_staging/train/10um/HFocusing_5_10_10um_0_1341.npy,P0/data/dataset_Particles2SNR_F_c1/train/10um/HFocusing_5_10_10um_0_1341.npy,10um,HFocusing_5_10_10um_0_1341.npy,replace,,,,,saturation_cleaned_bandpass_filtered,0,2000000.0,7000.0,80000.0,500,0.0001,300,300,0
train,particles2SNR_pipeline/output/p0_c1_Particles2SNR_F_staging/train/10um/HFocusing_5_10_10um_0_1344.npy,P0/data/dataset_Particles2SNR_F_c1/train/10um/HFocusing_5_10_10um_0_1344.npy,10um,HFocusing_5_10_10um_0_1344.npy,replace,,,,,saturation_cleaned_bandpass_filtered,0,2000000.0,7000.0,80000.0,500,0.0001,300,300,0
train,particles2SNR_pipeline/output/p0_c1_Particles2SNR_F_staging/train/10um/HFocusing_5_10_10um_0_1346.npy,P0/data/dataset_Particles2SNR_F_c1/train/10um/HFocusing_5_10_10um_0_1346.npy,10um,HFocusing_5_10_10um_0_1346.npy,replace,0,0,2355,2355,replaced_with_noise,0,2000000.0,7000.0,80000.0,500,0.0001,300,300,2054
train,particles2SNR_pipeline/output/p0_c1_Particles2SNR_F_staging/train/10um/HFocusing_5_10_10um_0_1347.npy,P0/data/dataset_Particles2SNR_F_c1/train/10um/HFocusing_5_10_10um_0_1347.npy,10um,HFocusing_5_10_10um_0_1347.npy,replace,0,8442,12576,4134,replaced_with_noise,0,2000000.0,7000.0,80000.0,500,0.0001,300,300,3533
train,particles2SNR_pipeline/output/p0_c1_Particles2SNR_F_staging/train/10um/HFocusing_5_10_10um_0_1350.npy,P0/data/dataset_Particles2SNR_F_c1/train/10um/HFocusing_5_10_10um_0_1350.npy,10um,HFocusing_5_10_10um_0_1350.npy,replace,,,,,saturation_cleaned_bandpass_filtered,0,2000000.0,7000.0,80000.0,500,0.0001,300,300,0
train,particles2SNR_pipeline/output/p0_c1_Particles2SNR_F_staging/train/10um/HFocusing_5_10_10um_0_1359.npy,P0/data/dataset_Particles2SNR_F_c1/train/10um/HFocusing_5_10_10um_0_1359.npy,10um,HFocusing_5_10_10um_0_1359.npy,replace,,,,,saturation_cleaned_bandpass_filtered,0,2000000.0,7000.0,80000.0,500,0.0001,300,300,0
train,particles2SNR_pipeline/output/p0_c1_Particles2SNR_F_staging/train/10um/HFocusing_5_10_10um_0_1361.npy,P0/data/dataset_Particles2SNR_F_c1/train/10um/HFocusing_5_10_10um_0_1361.npy,10um,HFocusing_5_10_10um_0_1361.npy,replace,,,,,saturation_cleaned_bandpass_filtered,0,2000000.0,7000.0,80000.0,500,0.0001,300,300,0
train,particles2SNR_pipeline/output/p0_c1_Particles2SNR_F_staging/train/10um/HFocusing_5_10_10um_0_1362.npy,P0/data/dataset_Particles2SNR_F_c1/train/10um/HFocusing_5_10_10um_0_1362.npy,10um,HFocusing_5_10_10um_0_1362.npy,replace,,,,,saturation_cleaned_bandpass_filtered,0,2000000.0,7000.0,80000.0,500,0.0001,300,300,0
train,particles2SNR_pipeline/output/p0_c1_Particles2SNR_F_staging/train/10um/HFocusing_5_10_10um_0_1365.npy,P0/data/dataset_Particles2SNR_F_c1/train/10um/HFocusing_5_10_10um_0_1365.npy,10um,HFocusing_5_10_10um_0_1365.npy,replace,,,,,saturation_cleaned_bandpass_filtered,0,2000000.0,7000.0,80000.0,500,0.0001,300,300,0
train,particles2SNR_pipeline/output/p0_c1_Particles2SNR_F_staging/train/10um/HFocusing_5_10_10um_0_1366.npy,P0/data/dataset_Particles2SNR_F_c1/train/10um/HFocusing_5_10_10um_0_1366.npy,10um,HFocusing_5_10_10um_0_1366.npy,replace,0,13245,16384,3139,replaced_with_noise,0,2000000.0,7000.0,80000.0,500,0.0001,300,300,2838
train,particles2SNR_pipeline/output/p0_c1_Particles2SNR_F_staging/train/10um/HFocusing_5_10_10um_0_1369.npy,P0/data/dataset_Particles2SNR_F_c1/train/10um/HFocusing_5_10_10um_0_1369.npy,10um,HFocusing_5_10_10um_0_1369.npy,replace,,,,,saturation_cleaned_bandpass_filtered,0,2000000.0,7000.0,80000.0,500,0.0001,300,300,0
train,particles2SNR_pipeline/output/p0_c1_Particles2SNR_F_staging/train/10um/HFocusing_5_10_10um_0_137.npy,P0/data/dataset_Particles2SNR_F_c1/train/10um/HFocusing_5_10_10um_0_137.npy,10um,HFocusing_5_10_10um_0_137.npy,replace,,,,,saturation_cleaned_bandpass_filtered,0,2000000.0,7000.0,80000.0,500,0.0001,300,300,0
train,particles2SNR_pipeline/output/p0_c1_Particles2SNR_F_staging/train/10um/HFocusing_5_10_10um_0_1371.npy,P0/data/dataset_Particles2SNR_F_c1/train/10um/HFocusing_5_10_10um_0_1371.npy,10um,HFocusing_5_10_10um_0_1371.npy,replace,0,10770,14514,3744,replaced_with_noise,0,2000000.0,7000.0,80000.0,500,0.0001,300,300,3143
train,particles2SNR_pipeline/output/p0_c1_Particles2SNR_F_staging/train/10um/HFocusing_5_10_10um_0_1372.npy,P0/data/dataset_Particles2SNR_F_c1/train/10um/HFocusing_5_10_10um_0_1372.npy,10um,HFocusing_5_10_10um_0_1372.npy,replace,0,1749,4896,3147,replaced_with_noise,0,2000000.0,7000.0,80000.0,500,0.0001,300,300,2546
train,particles2SNR_pipeline/output/p0_c1_Particles2SNR_F_staging/train/10um/HFocusing_5_10_10um_0_1375.npy,P0/data/dataset_Particles2SNR_F_c1/train/10um/HFocusing_5_10_10um_0_1375.npy,10um,HFocusing_5_10_10um_0_1375.npy,replace,,,,,saturation_cleaned_bandpass_filtered,0,2000000.0,7000.0,80000.0,500,0.0001,300,300,0
train,particles2SNR_pipeline/output/p0_c1_Particles2SNR_F_staging/train/10um/HFocusing_5_10_10um_0_1376.npy,P0/data/dataset_Particles2SNR_F_c1/train/10um/HFocusing_5_10_10um_0_1376.npy,10um,HFocusing_5_10_10um_0_1376.npy,replace,0,9623,13423,3800,replaced_with_noise,0,2000000.0,7000.0,80000.0,500,0.0001,300,300,3199
train,particles2SNR_pipeline/output/p0_c1_Particles2SNR_F_staging/train/10um/HFocusing_5_10_10um_0_1379.npy,P0/data/dataset_Particles2SNR_F_c1/train/10um/HFocusing_5_10_10um_0_1379.npy,10um,HFocusing_5_10_10um_0_1379.npy,replace,,,,,saturation_cleaned_bandpass_filtered,0,2000000.0,7000.0,80000.0,500,0.0001,300,300,0
train,particles2SNR_pipeline/output/p0_c1_Particles2SNR_F_staging/train/10um/HFocusing_5_10_10um_0_1382.npy,P0/data/dataset_Particles2SNR_F_c1/train/10um/HFocusing_5_10_10um_0_1382.npy,10um,HFocusing_5_10_10um_0_1382.npy,replace,,,,,saturation_cleaned_bandpass_filtered,0,2000000.0,7000.0,80000.0,500,0.0001,300,300,0
train,particles2SNR_pipeline/output/p0_c1_Particles2SNR_F_staging/train/10um/HFocusing_5_10_10um_0_1386.npy,P0/data/dataset_Particles2SNR_F_c1/train/10um/HFocusing_5_10_10um_0_1386.npy,10um,HFocusing_5_10_10um_0_1386.npy,replace,,,,,saturation_cleaned_bandpass_filtered,0,2000000.0,7000.0,80000.0,500,0.0001,300,300,0
train,particles2SNR_pipeline/output/p0_c1_Particles2SNR_F_staging/train/10um/HFocusing_5_10_10um_0_1390.npy,P0/data/dataset_Particles2SNR_F_c1/train/10um/HFocusing_5_10_10um_0_1390.npy,10um,HFocusing_5_10_10um_0_1390.npy,replace,,,,,saturation_cleaned_bandpass_filtered,0,2000000.0,7000.0,80000.0,500,0.0001,300,300,0
train,particles2SNR_pipeline/output/p0_c1_Particles2SNR_F_staging/train/10um/HFocusing_5_10_10um_0_1392.npy,P0/data/dataset_Particles2SNR_F_c1/train/10um/HFocusing_5_10_10um_0_1392.npy,10um,HFocusing_5_10_10um_0_1392.npy,replace,0,13767,16384,2617,replaced_with_noise,0,2000000.0,7000.0,80000.0,500,0.0001,300,300,2316
train,particles2SNR_pipeline/output/p0_c1_Particles2SNR_F_staging/train/10um/HFocusing_5_10_10um_0_1393.npy,P0/data/dataset_Particles2SNR_F_c1/train/10um/HFocusing_5_10_10um_0_1393.npy,10um,HFocusing_5_10_10um_0_1393.npy,replace,0,0,3222,3222,replaced_with_noise,0,2000000.0,7000.0,80000.0,500,0.0001,300,300,2921
train,particles2SNR_pipeline/output/p0_c1_Particles2SNR_F_staging/train/10um/HFocusing_5_10_10um_0_1396.npy,P0/data/dataset_Particles2SNR_F_c1/train/10um/HFocusing_5_10_10um_0_1396.npy,10um,HFocusing_5_10_10um_0_1396.npy,replace,,,,,saturation_cleaned_bandpass_filtered,0,2000000.0,7000.0,80000.0,500,0.0001,300,300,0
train,particles2SNR_pipeline/output/p0_c1_Particles2SNR_F_staging/train/10um/HFocusing_5_10_10um_0_1397.npy,P0/data/dataset_Particles2SNR_F_c1/train/10um/HFocusing_5_10_10um_0_1397.npy,10um,HFocusing_5_10_10um_0_1397.npy,replace,,,,,saturation_cleaned_bandpass_filtered,0,2000000.0,7000.0,80000.0,500,0.0001,300,300,0
train,particles2SNR_pipeline/output/p0_c1_Particles2SNR_F_staging/train/10um/HFocusing_5_10_10um_0_14.npy,P0/data/dataset_Particles2SNR_F_c1/train/10um/HFocusing_5_10_10um_0_14.npy,10um,HFocusing_5_10_10um_0_14.npy,replace,0,7495,11483,3988,replaced_with_noise,0,2000000.0,7000.0,80000.0,500,0.0001,300,300,3387
train,particles2SNR_pipeline/output/p0_c1_Particles2SNR_F_staging/train/10um/HFocusing_5_10_10um_0_140.npy,P0/data/dataset_Particles2SNR_F_c1/train/10um/HFocusing_5_10_10um_0_140.npy,10um,HFocusing_5_10_10um_0_140.npy,replace,0,7798,11391,3593,replaced_with_noise,0,2000000.0,7000.0,80000.0,500,0.0001,300,300,2992
train,particles2SNR_pipeline/output/p0_c1_Particles2SNR_F_staging/train/10um/HFocusing_5_10_10um_0_1400.npy,P0/data/dataset_Particles2SNR_F_c1/train/10um/HFocusing_5_10_10um_0_1400.npy,10um,HFocusing_5_10_10um_0_1400.npy,replace,,,,,saturation_cleaned_bandpass_filtered,0,2000000.0,7000.0,80000.0,500,0.0001,300,300,0
train,particles2SNR_pipeline/output/p0_c1_Particles2SNR_F_staging/train/10um/HFocusing_5_10_10um_0_1403.npy,P0/data/dataset_Particles2SNR_F_c1/train/10um/HFocusing_5_10_10um_0_1403.npy,10um,HFocusing_5_10_10um_0_1403.npy,replace,,,,,saturation_cleaned_bandpass_filtered,0,2000000.0,7000.0,80000.0,500,0.0001,300,300,0
train,particles2SNR_pipeline/output/p0_c1_Particles2SNR_F_staging/train/10um/HFocusing_5_10_10um_0_1404.npy,P0/data/dataset_Particles2SNR_F_c1/train/10um/HFocusing_5_10_10um_0_1404.npy,10um,HFocusing_5_10_10um_0_1404.npy,replace,,,,,saturation_cleaned_bandpass_filtered,0,2000000.0,7000.0,80000.0,500,0.0001,300,300,0
train,particles2SNR_pipeline/output/p0_c1_Particles2SNR_F_staging/train/10um/HFocusing_5_10_10um_0_1406.npy,P0/data/dataset_Particles2SNR_F_c1/train/10um/HFocusing_5_10_10um_0_1406.npy,10um,HFocusing_5_10_10um_0_1406.npy,replace,,,,,saturation_cleaned_bandpass_filtered,0,2000000.0,7000.0,80000.0,500,0.0001,300,300,0
train,particles2SNR_pipeline/output/p0_c1_Particles2SNR_F_staging/train/10um/HFocusing_5_10_10um_0_1407.npy,P0/data/dataset_Particles2SNR_F_c1/train/10um/HFocusing_5_10_10um_0_1407.npy,10um,HFocusing_5_10_10um_0_1407.npy,replace,,,,,saturation_cleaned_bandpass_filtered,0,2000000.0,7000.0,80000.0,500,0.0001,300,300,0
train,particles2SNR_pipeline/output/p0_c1_Particles2SNR_F_staging/train/10um/HFocusing_5_10_10um_0_141.npy,P0/data/dataset_Particles2SNR_F_c1/train/10um/HFocusing_5_10_10um_0_141.npy,10um,HFocusing_5_10_10um_0_141.npy,replace,0,11944,15273,3329,replaced_with_noise,0,2000000.0,7000.0,80000.0,500,0.0001,300,300,2728
train,particles2SNR_pipeline/output/p0_c1_Particles2SNR_F_staging/train/10um/HFocusing_5_10_10um_0_1410.npy,P0/data/dataset_Particles2SNR_F_c1/train/10um/HFocusing_5_10_10um_0_1410.npy,10um,HFocusing_5_10_10um_0_1410.npy,replace,,,,,saturation_cleaned_bandpass_filtered,0,2000000.0,7000.0,80000.0,500,0.0001,300,300,0
train,particles2SNR_pipeline/output/p0_c1_Particles2SNR_F_staging/train/10um/HFocusing_5_10_10um_0_1413.npy,P0/data/dataset_Particles2SNR_F_c1/train/10um/HFocusing_5_10_10um_0_1413.npy,10um,HFocusing_5_10_10um_0_1413.npy,replace,,,,,saturation_cleaned_bandpass_filtered,0,2000000.0,7000.0,80000.0,500,0.0001,300,300,0
train,particles2SNR_pipeline/output/p0_c1_Particles2SNR_F_staging/train/10um/HFocusing_5_10_10um_0_1414.npy,P0/data/dataset_Particles2SNR_F_c1/train/10um/HFocusing_5_10_10um_0_1414.npy,10um,HFocusing_5_10_10um_0_1414.npy,replace,0,8344,10809,2465,replaced_with_noise,0,2000000.0,7000.0,80000.0,500,0.0001,300,300,1864
train,particles2SNR_pipeline/output/p0_c1_Particles2SNR_F_staging/train/10um/HFocusing_5_10_10um_0_1416.npy,P0/data/dataset_Particles2SNR_F_c1/train/10um/HFocusing_5_10_10um_0_1416.npy,10um,HFocusing_5_10_10um_0_1416.npy,replace,,,,,saturation_cleaned_bandpass_filtered,0,2000000.0,7000.0,80000.0,500,0.0001,300,300,0
train,particles2SNR_pipeline/output/p0_c1_Particles2SNR_F_staging/train/10um/HFocusing_5_10_10um_0_1417.npy,P0/data/dataset_Particles2SNR_F_c1/train/10um/HFocusing_5_10_10um_0_1417.npy,10um,HFocusing_5_10_10um_0_1417.npy,replace,,,,,saturation_cleaned_bandpass_filtered,0,2000000.0,7000.0,80000.0,500,0.0001,300,300,0
train,particles2SNR_pipeline/output/p0_c1_Particles2SNR_F_staging/train/10um/HFocusing_5_10_10um_0_1421.npy,P0/data/dataset_Particles2SNR_F_c1/train/10um/HFocusing_5_10_10um_0_1421.npy,10um,HFocusing_5_10_10um_0_1421.npy,replace,,,,,saturation_cleaned_bandpass_filtered,0,2000000.0,7000.0,80000.0,500,0.0001,300,300,0
train,particles2SNR_pipeline/output/p0_c1_Particles2SNR_F_staging/train/10um/HFocusing_5_10_10um_0_1424.npy,P0/data/dataset_Particles2SNR_F_c1/train/10um/HFocusing_5_10_10um_0_1424.npy,10um,HFocusing_5_10_10um_0_1424.npy,replace,0,14827,16384,1557,replaced_with_noise,0,2000000.0,7000.0,80000.0,500,0.0001,300,300,1256
train,particles2SNR_pipeline/output/p0_c1_Particles2SNR_F_staging/train/10um/HFocusing_5_10_10um_0_1427.npy,P0/data/dataset_Particles2SNR_F_c1/train/10um/HFocusing_5_10_10um_0_1427.npy,10um,HFocusing_5_10_10um_0_1427.npy,replace,,,,,saturation_cleaned_bandpass_filtered,0,2000000.0,7000.0,80000.0,500,0.0001,300,300,0
train,particles2SNR_pipeline/output/p0_c1_Particles2SNR_F_staging/train/10um/HFocusing_5_10_10um_0_1430.npy,P0/data/dataset_Particles2SNR_F_c1/train/10um/HFocusing_5_10_10um_0_1430.npy,10um,HFocusing_5_10_10um_0_1430.npy,replace,0,14825,16384,1559,replaced_with_noise,0,2000000.0,7000.0,80000.0,500,0.0001,300,300,1258
train,particles2SNR_pipeline/output/p0_c1_Particles2SNR_F_staging/train/10um/HFocusing_5_10_10um_0_1431.npy,P0/data/dataset_Particles2SNR_F_c1/train/10um/HFocusing_5_10_10um_0_1431.npy,10um,HFocusing_5_10_10um_0_1431.npy,replace,0,2000,3582,1582,replaced_with_noise,0,2000000.0,7000.0,80000.0,500,0.0001,300,300,2310
train,particles2SNR_pipeline/output/p0_c1_Particles2SNR_F_staging/train/10um/HFocusing_5_10_10um_0_1431.npy,P0/data/dataset_Particles2SNR_F_c1/train/10um/HFocusing_5_10_10um_0_1431.npy,10um,HFocusing_5_10_10um_0_1431.npy,replace,1,12531,15442,2911,replaced_with_noise,0,2000000.0,7000.0,80000.0,500,0.0001,300,300,2310
train,particles2SNR_pipeline/output/p0_c1_Particles2SNR_F_staging/train/10um/HFocusing_5_10_10um_0_1434.npy,P0/data/dataset_Particles2SNR_F_c1/train/10um/HFocusing_5_10_10um_0_1434.npy,10um,HFocusing_5_10_10um_0_1434.npy,replace,,,,,saturation_cleaned_bandpass_filtered,0,2000000.0,7000.0,80000.0,500,0.0001,300,300,0
train,particles2SNR_pipeline/output/p0_c1_Particles2SNR_F_staging/train/10um/HFocusing_5_10_10um_0_1436.npy,P0/data/dataset_Particles2SNR_F_c1/train/10um/HFocusing_5_10_10um_0_1436.npy,10um,HFocusing_5_10_10um_0_1436.npy,replace,,,,,saturation_cleaned_bandpass_filtered,0,2000000.0,7000.0,80000.0,500,0.0001,300,300,0
train,particles2SNR_pipeline/output/p0_c1_Particles2SNR_F_staging/train/10um/HFocusing_5_10_10um_0_1439.npy,P0/data/dataset_Particles2SNR_F_c1/train/10um/HFocusing_5_10_10um_0_1439.npy,10um,HFocusing_5_10_10um_0_1439.npy,replace,0,2638,6067,3429,replaced_with_noise,0,2000000.0,7000.0,80000.0,500,0.0001,300,300,2828
train,particles2SNR_pipeline/output/p0_c1_Particles2SNR_F_staging/train/10um/HFocusing_5_10_10um_0_144.npy,P0/data/dataset_Particles2SNR_F_c1/train/10um/HFocusing_5_10_10um_0_144.npy,10um,HFocusing_5_10_10um_0_144.npy,replace,,,,,saturation_cleaned_bandpass_filtered,0,2000000.0,7000.0,80000.0,500,0.0001,300,300,0
train,particles2SNR_pipeline/output/p0_c1_Particles2SNR_F_staging/train/10um/HFocusing_5_10_10um_0_1446.npy,P0/data/dataset_Particles2SNR_F_c1/train/10um/HFocusing_5_10_10um_0_1446.npy,10um,HFocusing_5_10_10um_0_1446.npy,replace,,,,,saturation_cleaned_bandpass_filtered,0,2000000.0,7000.0,80000.0,500,0.0001,300,300,0
train,particles2SNR_pipeline/output/p0_c1_Particles2SNR_F_staging/train/10um/HFocusing_5_10_10um_0_1449.npy,P0/data/dataset_Particles2SNR_F_c1/train/10um/HFocusing_5_10_10um_0_1449.npy,10um,HFocusing_5_10_10um_0_1449.npy,replace,,,,,saturation_cleaned_bandpass_filtered,0,2000000.0,7000.0,80000.0,500,0.0001,300,300,0
train,particles2SNR_pipeline/output/p0_c1_Particles2SNR_F_staging/train/10um/HFocusing_5_10_10um_0_1452.npy,P0/data/dataset_Particles2SNR_F_c1/train/10um/HFocusing_5_10_10um_0_1452.npy,10um,HFocusing_5_10_10um_0_1452.npy,replace,0,12155,14495,2340,replaced_with_noise,0,2000000.0,7000.0,80000.0,500,0.0001,300,300,1739
train,particles2SNR_pipeline/output/p0_c1_Particles2SNR_F_staging/train/10um/HFocusing_5_10_10um_0_1456.npy,P0/data/dataset_Particles2SNR_F_c1/train/10um/HFocusing_5_10_10um_0_1456.npy,10um,HFocusing_5_10_10um_0_1456.npy,replace,,,,,saturation_cleaned_bandpass_filtered,0,2000000.0,7000.0,80000.0,500,0.0001,300,300,0
train,particles2SNR_pipeline/output/p0_c1_Particles2SNR_F_staging/train/10um/HFocusing_5_10_10um_0_1463.npy,P0/data/dataset_Particles2SNR_F_c1/train/10um/HFocusing_5_10_10um_0_1463.npy,10um,HFocusing_5_10_10um_0_1463.npy,replace,,,,,saturation_cleaned_bandpass_filtered,0,2000000.0,7000.0,80000.0,500,0.0001,300,300,0
train,particles2SNR_pipeline/output/p0_c1_Particles2SNR_F_staging/train/10um/HFocusing_5_10_10um_0_1469.npy,P0/data/dataset_Particles2SNR_F_c1/train/10um/HFocusing_5_10_10um_0_1469.npy,10um,HFocusing_5_10_10um_0_1469.npy,replace,,,,,saturation_cleaned_bandpass_filtered,0,2000000.0,7000.0,80000.0,500,0.0001,300,300,0
train,particles2SNR_pipeline/output/p0_c1_Particles2SNR_F_staging/train/10um/HFocusing_5_10_10um_0_147.npy,P0/data/dataset_Particles2SNR_F_c1/train/10um/HFocusing_5_10_10um_0_147.npy,10um,HFocusing_5_10_10um_0_147.npy,replace,,,,,saturation_cleaned_bandpass_filtered,0,2000000.0,7000.0,80000.0,500,0.0001,300,300,0
train,particles2SNR_pipeline/output/p0_c1_Particles2SNR_F_staging/train/10um/HFocusing_5_10_10um_0_1472.npy,P0/data/dataset_Particles2SNR_F_c1/train/10um/HFocusing_5_10_10um_0_1472.npy,10um,HFocusing_5_10_10um_0_1472.npy,replace,0,5668,7445,1777,replaced_with_noise,0,2000000.0,7000.0,80000.0,500,0.0001,300,300,1176
train,particles2SNR_pipeline/output/p0_c1_Particles2SNR_F_staging/train/10um/HFocusing_5_10_10um_0_1476.npy,P0/data/dataset_Particles2SNR_F_c1/train/10um/HFocusing_5_10_10um_0_1476.npy,10um,HFocusing_5_10_10um_0_1476.npy,replace,,,,,saturation_cleaned_bandpass_filtered,0,2000000.0,7000.0,80000.0,500,0.0001,300,300,0
train,particles2SNR_pipeline/output/p0_c1_Particles2SNR_F_staging/train/10um/HFocusing_5_10_10um_0_1482.npy,P0/data/dataset_Particles2SNR_F_c1/train/10um/HFocusing_5_10_10um_0_1482.npy,10um,HFocusing_5_10_10um_0_1482.npy,replace,,,,,saturation_cleaned_bandpass_filtered,0,2000000.0,7000.0,80000.0,500,0.0001,300,300,0
train,particles2SNR_pipeline/output/p0_c1_Particles2SNR_F_staging/train/10um/HFocusing_5_10_10um_0_1485.npy,P0/data/dataset_Particles2SNR_F_c1/train/10um/HFocusing_5_10_10um_0_1485.npy,10um,HFocusing_5_10_10um_0_1485.npy,replace,0,2641,5153,2512,replaced_with_noise,0,2000000.0,7000.0,80000.0,500,0.0001,300,300,1911
train,particles2SNR_pipeline/output/p0_c1_Particles2SNR_F_staging/train/10um/HFocusing_5_10_10um_0_1489.npy,P0/data/dataset_Particles2SNR_F_c1/train/10um/HFocusing_5_10_10um_0_1489.npy,10um,HFocusing_5_10_10um_0_1489.npy,replace,,,,,saturation_cleaned_bandpass_filtered,0,2000000.0,7000.0,80000.0,500,0.0001,300,300,0
train,particles2SNR_pipeline/output/p0_c1_Particles2SNR_F_staging/train/10um/HFocusing_5_10_10um_0_149.npy,P0/data/dataset_Particles2SNR_F_c1/train/10um/HFocusing_5_10_10um_0_149.npy,10um,HFocusing_5_10_10um_0_149.npy,replace,,,,,saturation_cleaned_bandpass_filtered,0,2000000.0,7000.0,80000.0,500,0.0001,300,300,0
train,particles2SNR_pipeline/output/p0_c1_Particles2SNR_F_staging/train/10um/HFocusing_5_10_10um_0_1490.npy,P0/data/dataset_Particles2SNR_F_c1/train/10um/HFocusing_5_10_10um_0_1490.npy,10um,HFocusing_5_10_10um_0_1490.npy,replace,,,,,saturation_cleaned_bandpass_filtered,0,2000000.0,7000.0,80000.0,500,0.0001,300,300,0
train,particles2SNR_pipeline/output/p0_c1_Particles2SNR_F_staging/train/10um/HFocusing_5_10_10um_0_1493.npy,P0/data/dataset_Particles2SNR_F_c1/train/10um/HFocusing_5_10_10um_0_1493.npy,10um,HFocusing_5_10_10um_0_1493.npy,replace,0,12765,15397,2632,replaced_with_noise,0,2000000.0,7000.0,80000.0,500,0.0001,300,300,2031
train,particles2SNR_pipeline/output/p0_c1_Particles2SNR_F_staging/train/10um/HFocusing_5_10_10um_0_1494.npy,P0/data/dataset_Particles2SNR_F_c1/train/10um/HFocusing_5_10_10um_0_1494.npy,10um,HFocusing_5_10_10um_0_1494.npy,replace,,,,,saturation_cleaned_bandpass_filtered,0,2000000.0,7000.0,80000.0,500,0.0001,300,300,0
train,particles2SNR_pipeline/output/p0_c1_Particles2SNR_F_staging/train/10um/HFocusing_5_10_10um_0_1497.npy,P0/data/dataset_Particles2SNR_F_c1/train/10um/HFocusing_5_10_10um_0_1497.npy,10um,HFocusing_5_10_10um_0_1497.npy,replace,,,,,saturation_cleaned_bandpass_filtered,0,2000000.0,7000.0,80000.0,500,0.0001,300,300,0
train,particles2SNR_pipeline/output/p0_c1_Particles2SNR_F_staging/train/10um/HFocusing_5_10_10um_0_15.npy,P0/data/dataset_Particles2SNR_F_c1/train/10um/HFocusing_5_10_10um_0_15.npy,10um,HFocusing_5_10_10um_0_15.npy,replace,0,7289,12019,4730,replaced_with_noise,0,2000000.0,7000.0,80000.0,500,0.0001,300,300,4129
train,particles2SNR_pipeline/output/p0_c1_Particles2SNR_F_staging/train/10um/HFocusing_5_10_10um_0_150.npy,P0/data/dataset_Particles2SNR_F_c1/train/10um/HFocusing_5_10_10um_0_150.npy,10um,HFocusing_5_10_10um_0_150.npy,replace,,,,,saturation_cleaned_bandpass_filtered,0,2000000.0,7000.0,80000.0,500,0.0001,300,300,0
train,particles2SNR_pipeline/output/p0_c1_Particles2SNR_F_staging/train/10um/HFocusing_5_10_10um_0_1500.npy,P0/data/dataset_Particles2SNR_F_c1/train/10um/HFocusing_5_10_10um_0_1500.npy,10um,HFocusing_5_10_10um_0_1500.npy,replace,0,1862,4886,3024,replaced_with_noise,0,2000000.0,7000.0,80000.0,500,0.0001,300,300,2423
train,particles2SNR_pipeline/output/p0_c1_Particles2SNR_F_staging/train/10um/HFocusing_5_10_10um_0_1501.npy,P0/data/dataset_Particles2SNR_F_c1/train/10um/HFocusing_5_10_10um_0_1501.npy,10um,HFocusing_5_10_10um_0_1501.npy,replace,,,,,saturation_cleaned_bandpass_filtered,0,2000000.0,7000.0,80000.0,500,0.0001,300,300,0
train,particles2SNR_pipeline/output/p0_c1_Particles2SNR_F_staging/train/10um/HFocusing_5_10_10um_0_1505.npy,P0/data/dataset_Particles2SNR_F_c1/train/10um/HFocusing_5_10_10um_0_1505.npy,10um,HFocusing_5_10_10um_0_1505.npy,replace,,,,,saturation_cleaned_bandpass_filtered,0,2000000.0,7000.0,80000.0,500,0.0001,300,300,0
train,particles2SNR_pipeline/output/p0_c1_Particles2SNR_F_staging/train/10um/HFocusing_5_10_10um_0_1507.npy,P0/data/dataset_Particles2SNR_F_c1/train/10um/HFocusing_5_10_10um_0_1507.npy,10um,HFocusing_5_10_10um_0_1507.npy,replace,,,,,saturation_cleaned_bandpass_filtered,0,2000000.0,7000.0,80000.0,500,0.0001,300,300,0
train,particles2SNR_pipeline/output/p0_c1_Particles2SNR_F_staging/train/10um/HFocusing_5_10_10um_0_1508.npy,P0/data/dataset_Particles2SNR_F_c1/train/10um/HFocusing_5_10_10um_0_1508.npy,10um,HFocusing_5_10_10um_0_1508.npy,replace,0,8028,10013,1985,replaced_with_noise,0,2000000.0,7000.0,80000.0,500,0.0001,300,300,1384
train,particles2SNR_pipeline/output/p0_c1_Particles2SNR_F_staging/train/10um/HFocusing_5_10_10um_0_1510.npy,P0/data/dataset_Particles2SNR_F_c1/train/10um/HFocusing_5_10_10um_0_1510.npy,10um,HFocusing_5_10_10um_0_1510.npy,replace,0,0,2753,2753,replaced_with_noise,0,2000000.0,7000.0,80000.0,500,0.0001,300,300,2452
train,particles2SNR_pipeline/output/p0_c1_Particles2SNR_F_staging/train/10um/HFocusing_5_10_10um_0_1511.npy,P0/data/dataset_Particles2SNR_F_c1/train/10um/HFocusing_5_10_10um_0_1511.npy,10um,HFocusing_5_10_10um_0_1511.npy,replace,,,,,saturation_cleaned_bandpass_filtered,0,2000000.0,7000.0,80000.0,500,0.0001,300,300,0
train,particles2SNR_pipeline/output/p0_c1_Particles2SNR_F_staging/train/10um/HFocusing_5_10_10um_0_1514.npy,P0/data/dataset_Particles2SNR_F_c1/train/10um/HFocusing_5_10_10um_0_1514.npy,10um,HFocusing_5_10_10um_0_1514.npy,replace,,,,,saturation_cleaned_bandpass_filtered,0,2000000.0,7000.0,80000.0,500,0.0001,300,300,0
train,particles2SNR_pipeline/output/p0_c1_Particles2SNR_F_staging/train/10um/HFocusing_5_10_10um_0_1517.npy,P0/data/dataset_Particles2SNR_F_c1/train/10um/HFocusing_5_10_10um_0_1517.npy,10um,HFocusing_5_10_10um_0_1517.npy,replace,,,,,saturation_cleaned_bandpass_filtered,0,2000000.0,7000.0,80000.0,500,0.0001,300,300,0
train,particles2SNR_pipeline/output/p0_c1_Particles2SNR_F_staging/train/10um/HFocusing_5_10_10um_0_1519.npy,P0/data/dataset_Particles2SNR_F_c1/train/10um/HFocusing_5_10_10um_0_1519.npy,10um,HFocusing_5_10_10um_0_1519.npy,replace,,,,,saturation_cleaned_bandpass_filtered,0,2000000.0,7000.0,80000.0,500,0.0001,300,300,0
train,particles2SNR_pipeline/output/p0_c1_Particles2SNR_F_staging/train/10um/HFocusing_5_10_10um_0_1520.npy,P0/data/dataset_Particles2SNR_F_c1/train/10um/HFocusing_5_10_10um_0_1520.npy,10um,HFocusing_5_10_10um_0_1520.npy,replace,,,,,saturation_cleaned_bandpass_filtered,0,2000000.0,7000.0,80000.0,500,0.0001,300,300,0
train,particles2SNR_pipeline/output/p0_c1_Particles2SNR_F_staging/train/10um/HFocusing_5_10_10um_0_1522.npy,P0/data/dataset_Particles2SNR_F_c1/train/10um/HFocusing_5_10_10um_0_1522.npy,10um,HFocusing_5_10_10um_0_1522.npy,replace,,,,,saturation_cleaned_bandpass_filtered,0,2000000.0,7000.0,80000.0,500,0.0001,300,300,0
train,particles2SNR_pipeline/output/p0_c1_Particles2SNR_F_staging/train/10um/HFocusing_5_10_10um_0_1523.npy,P0/data/dataset_Particles2SNR_F_c1/train/10um/HFocusing_5_10_10um_0_1523.npy,10um,HFocusing_5_10_10um_0_1523.npy,replace,,,,,saturation_cleaned_bandpass_filtered,0,2000000.0,7000.0,80000.0,500,0.0001,300,300,0
train,particles2SNR_pipeline/output/p0_c1_Particles2SNR_F_staging/train/10um/HFocusing_5_10_10um_0_1525.npy,P0/data/dataset_Particles2SNR_F_c1/train/10um/HFocusing_5_10_10um_0_1525.npy,10um,HFocusing_5_10_10um_0_1525.npy,replace,,,,,saturation_cleaned_bandpass_filtered,0,2000000.0,7000.0,80000.0,500,0.0001,300,300,0
train,particles2SNR_pipeline/output/p0_c1_Particles2SNR_F_staging/train/10um/HFocusing_5_10_10um_0_1526.npy,P0/data/dataset_Particles2SNR_F_c1/train/10um/HFocusing_5_10_10um_0_1526.npy,10um,HFocusing_5_10_10um_0_1526.npy,replace,0,1426,4686,3260,replaced_with_noise,0,2000000.0,7000.0,80000.0,500,0.0001,300,300,2659
train,particles2SNR_pipeline/output/p0_c1_Particles2SNR_F_staging/train/10um/HFocusing_5_10_10um_0_1529.npy,P0/data/dataset_Particles2SNR_F_c1/train/10um/HFocusing_5_10_10um_0_1529.npy,10um,HFocusing_5_10_10um_0_1529.npy,replace,,,,,saturation_cleaned_bandpass_filtered,0,2000000.0,7000.0,80000.0,500,0.0001,300,300,0
train,particles2SNR_pipeline/output/p0_c1_Particles2SNR_F_staging/train/10um/HFocusing_5_10_10um_0_1532.npy,P0/data/dataset_Particles2SNR_F_c1/train/10um/HFocusing_5_10_10um_0_1532.npy,10um,HFocusing_5_10_10um_0_1532.npy,replace,0,13982,16384,2402,replaced_with_noise,0,2000000.0,7000.0,80000.0,500,0.0001,300,300,2101
train,particles2SNR_pipeline/output/p0_c1_Particles2SNR_F_staging/train/10um/HFocusing_5_10_10um_0_1533.npy,P0/data/dataset_Particles2SNR_F_c1/train/10um/HFocusing_5_10_10um_0_1533.npy,10um,HFocusing_5_10_10um_0_1533.npy,replace,0,10385,12503,2118,replaced_with_noise,0,2000000.0,7000.0,80000.0,500,0.0001,300,300,1517
train,particles2SNR_pipeline/output/p0_c1_Particles2SNR_F_staging/train/10um/HFocusing_5_10_10um_0_1536.npy,P0/data/dataset_Particles2SNR_F_c1/train/10um/HFocusing_5_10_10um_0_1536.npy,10um,HFocusing_5_10_10um_0_1536.npy,replace,,,,,saturation_cleaned_bandpass_filtered,0,2000000.0,7000.0,80000.0,500,0.0001,300,300,0
train,particles2SNR_pipeline/output/p0_c1_Particles2SNR_F_staging/train/10um/HFocusing_5_10_10um_0_1537.npy,P0/data/dataset_Particles2SNR_F_c1/train/10um/HFocusing_5_10_10um_0_1537.npy,10um,HFocusing_5_10_10um_0_1537.npy,replace,,,,,saturation_cleaned_bandpass_filtered,0,2000000.0,7000.0,80000.0,500,0.0001,300,300,0
train,particles2SNR_pipeline/output/p0_c1_Particles2SNR_F_staging/train/10um/HFocusing_5_10_10um_0_1538.npy,P0/data/dataset_Particles2SNR_F_c1/train/10um/HFocusing_5_10_10um_0_1538.npy,10um,HFocusing_5_10_10um_0_1538.npy,replace,,,,,saturation_cleaned_bandpass_filtered,0,2000000.0,7000.0,80000.0,500,0.0001,300,300,0
train,particles2SNR_pipeline/output/p0_c1_Particles2SNR_F_staging/train/10um/HFocusing_5_10_10um_0_1541.npy,P0/data/dataset_Particles2SNR_F_c1/train/10um/HFocusing_5_10_10um_0_1541.npy,10um,HFocusing_5_10_10um_0_1541.npy,replace,,,,,saturation_cleaned_bandpass_filtered,0,2000000.0,7000.0,80000.0,500,0.0001,300,300,0
train,particles2SNR_pipeline/output/p0_c1_Particles2SNR_F_staging/train/10um/HFocusing_5_10_10um_0_1544.npy,P0/data/dataset_Particles2SNR_F_c1/train/10um/HFocusing_5_10_10um_0_1544.npy,10um,HFocusing_5_10_10um_0_1544.npy,replace,,,,,saturation_cleaned_bandpass_filtered,0,2000000.0,7000.0,80000.0,500,0.0001,300,300,0
train,particles2SNR_pipeline/output/p0_c1_Particles2SNR_F_staging/train/10um/HFocusing_5_10_10um_0_1547.npy,P0/data/dataset_Particles2SNR_F_c1/train/10um/HFocusing_5_10_10um_0_1547.npy,10um,HFocusing_5_10_10um_0_1547.npy,replace,,,,,saturation_cleaned_bandpass_filtered,0,2000000.0,7000.0,80000.0,500,0.0001,300,300,0
train,particles2SNR_pipeline/output/p0_c1_Particles2SNR_F_staging/train/10um/HFocusing_5_10_10um_0_1550.npy,P0/data/dataset_Particles2SNR_F_c1/train/10um/HFocusing_5_10_10um_0_1550.npy,10um,HFocusing_5_10_10um_0_1550.npy,replace,,,,,saturation_cleaned_bandpass_filtered,0,2000000.0,7000.0,80000.0,500,0.0001,300,300,0
train,particles2SNR_pipeline/output/p0_c1_Particles2SNR_F_staging/train/10um/HFocusing_5_10_10um_0_1557.npy,P0/data/dataset_Particles2SNR_F_c1/train/10um/HFocusing_5_10_10um_0_1557.npy,10um,HFocusing_5_10_10um_0_1557.npy,replace,,,,,saturation_cleaned_bandpass_filtered,0,2000000.0,7000.0,80000.0,500,0.0001,300,300,0
train,particles2SNR_pipeline/output/p0_c1_Particles2SNR_F_staging/train/10um/HFocusing_5_10_10um_0_1560.npy,P0/data/dataset_Particles2SNR_F_c1/train/10um/HFocusing_5_10_10um_0_1560.npy,10um,HFocusing_5_10_10um_0_1560.npy,replace,,,,,saturation_cleaned_bandpass_filtered,0,2000000.0,7000.0,80000.0,500,0.0001,300,300,0
train,particles2SNR_pipeline/output/p0_c1_Particles2SNR_F_staging/train/10um/HFocusing_5_10_10um_0_1562.npy,P0/data/dataset_Particles2SNR_F_c1/train/10um/HFocusing_5_10_10um_0_1562.npy,10um,HFocusing_5_10_10um_0_1562.npy,replace,,,,,saturation_cleaned_bandpass_filtered,0,2000000.0,7000.0,80000.0,500,0.0001,300,300,0
train,particles2SNR_pipeline/output/p0_c1_Particles2SNR_F_staging/train/10um/HFocusing_5_10_10um_0_1563.npy,P0/data/dataset_Particles2SNR_F_c1/train/10um/HFocusing_5_10_10um_0_1563.npy,10um,HFocusing_5_10_10um_0_1563.npy,replace,,,,,saturation_cleaned_bandpass_filtered,0,2000000.0,7000.0,80000.0,500,0.0001,300,300,0
train,particles2SNR_pipeline/output/p0_c1_Particles2SNR_F_staging/train/10um/HFocusing_5_10_10um_0_1565.npy,P0/data/dataset_Particles2SNR_F_c1/train/10um/HFocusing_5_10_10um_0_1565.npy,10um,HFocusing_5_10_10um_0_1565.npy,replace,,,,,saturation_cleaned_bandpass_filtered,0,2000000.0,7000.0,80000.0,500,0.0001,300,300,0
train,particles2SNR_pipeline/output/p0_c1_Particles2SNR_F_staging/train/10um/HFocusing_5_10_10um_0_1568.npy,P0/data/dataset_Particles2SNR_F_c1/train/10um/HFocusing_5_10_10um_0_1568.npy,10um,HFocusing_5_10_10um_0_1568.npy,replace,0,6761,10777,4016,replaced_with_noise,0,2000000.0,7000.0,80000.0,500,0.0001,300,300,3415
train,particles2SNR_pipeline/output/p0_c1_Particles2SNR_F_staging/train/10um/HFocusing_5_10_10um_0_1571.npy,P0/data/dataset_Particles2SNR_F_c1/train/10um/HFocusing_5_10_10um_0_1571.npy,10um,HFocusing_5_10_10um_0_1571.npy,replace,,,,,saturation_cleaned_bandpass_filtered,0,2000000.0,7000.0,80000.0,500,0.0001,300,300,0
train,particles2SNR_pipeline/output/p0_c1_Particles2SNR_F_staging/train/10um/HFocusing_5_10_10um_0_1574.npy,P0/data/dataset_Particles2SNR_F_c1/train/10um/HFocusing_5_10_10um_0_1574.npy,10um,HFocusing_5_10_10um_0_1574.npy,replace,,,,,saturation_cleaned_bandpass_filtered,0,2000000.0,7000.0,80000.0,500,0.0001,300,300,0
train,particles2SNR_pipeline/output/p0_c1_Particles2SNR_F_staging/train/10um/HFocusing_5_10_10um_0_1575.npy,P0/data/dataset_Particles2SNR_F_c1/train/10um/HFocusing_5_10_10um_0_1575.npy,10um,HFocusing_5_10_10um_0_1575.npy,replace,,,,,saturation_cleaned_bandpass_filtered,0,2000000.0,7000.0,80000.0,500,0.0001,300,300,0
train,particles2SNR_pipeline/output/p0_c1_Particles2SNR_F_staging/train/10um/HFocusing_5_10_10um_0_1578.npy,P0/data/dataset_Particles2SNR_F_c1/train/10um/HFocusing_5_10_10um_0_1578.npy,10um,HFocusing_5_10_10um_0_1578.npy,replace,0,2018,6438,4420,replaced_with_noise,0,2000000.0,7000.0,80000.0,500,0.0001,300,300,3819
train,particles2SNR_pipeline/output/p0_c1_Particles2SNR_F_staging/train/10um/HFocusing_5_10_10um_0_1579.npy,P0/data/dataset_Particles2SNR_F_c1/train/10um/HFocusing_5_10_10um_0_1579.npy,10um,HFocusing_5_10_10um_0_1579.npy,replace,0,2342,3517,1175,replaced_with_noise,0,2000000.0,7000.0,80000.0,500,0.0001,300,300,1918
train,particles2SNR_pipeline/output/p0_c1_Particles2SNR_F_staging/train/10um/HFocusing_5_10_10um_0_1579.npy,P0/data/dataset_Particles2SNR_F_c1/train/10um/HFocusing_5_10_10um_0_1579.npy,10um,HFocusing_5_10_10um_0_1579.npy,replace,1,9977,12496,2519,replaced_with_noise,0,2000000.0,7000.0,80000.0,500,0.0001,300,300,1918
train,particles2SNR_pipeline/output/p0_c1_Particles2SNR_F_staging/train/10um/HFocusing_5_10_10um_0_1586.npy,P0/data/dataset_Particles2SNR_F_c1/train/10um/HFocusing_5_10_10um_0_1586.npy,10um,HFocusing_5_10_10um_0_1586.npy,replace,,,,,saturation_cleaned_bandpass_filtered,0,2000000.0,7000.0,80000.0,500,0.0001,300,300,0
train,particles2SNR_pipeline/output/p0_c1_Particles2SNR_F_staging/train/10um/HFocusing_5_10_10um_0_1589.npy,P0/data/dataset_Particles2SNR_F_c1/train/10um/HFocusing_5_10_10um_0_1589.npy,10um,HFocusing_5_10_10um_0_1589.npy,replace,,,,,saturation_cleaned_bandpass_filtered,0,2000000.0,7000.0,80000.0,500,0.0001,300,300,0
train,particles2SNR_pipeline/output/p0_c1_Particles2SNR_F_staging/train/10um/HFocusing_5_10_10um_0_1590.npy,P0/data/dataset_Particles2SNR_F_c1/train/10um/HFocusing_5_10_10um_0_1590.npy,10um,HFocusing_5_10_10um_0_1590.npy,replace,,,,,saturation_cleaned_bandpass_filtered,0,2000000.0,7000.0,80000.0,500,0.0001,300,300,0
train,particles2SNR_pipeline/output/p0_c1_Particles2SNR_F_staging/train/10um/HFocusing_5_10_10um_0_1593.npy,P0/data/dataset_Particles2SNR_F_c1/train/10um/HFocusing_5_10_10um_0_1593.npy,10um,HFocusing_5_10_10um_0_1593.npy,replace,0,4457,8222,3765,replaced_with_noise,0,2000000.0,7000.0,80000.0,500,0.0001,300,300,3164
train,particles2SNR_pipeline/output/p0_c1_Particles2SNR_F_staging/train/10um/HFocusing_5_10_10um_0_1594.npy,P0/data/dataset_Particles2SNR_F_c1/train/10um/HFocusing_5_10_10um_0_1594.npy,10um,HFocusing_5_10_10um_0_1594.npy,replace,,,,,saturation_cleaned_bandpass_filtered,0,2000000.0,7000.0,80000.0,500,0.0001,300,300,0
train,particles2SNR_pipeline/output/p0_c1_Particles2SNR_F_staging/train/10um/HFocusing_5_10_10um_0_1597.npy,P0/data/dataset_Particles2SNR_F_c1/train/10um/HFocusing_5_10_10um_0_1597.npy,10um,HFocusing_5_10_10um_0_1597.npy,replace,0,2700,7239,4539,replaced_with_noise,0,2000000.0,7000.0,80000.0,500,0.0001,300,300,3938
train,particles2SNR_pipeline/output/p0_c1_Particles2SNR_F_staging/train/10um/HFocusing_5_10_10um_0_160.npy,P0/data/dataset_Particles2SNR_F_c1/train/10um/HFocusing_5_10_10um_0_160.npy,10um,HFocusing_5_10_10um_0_160.npy,replace,,,,,saturation_cleaned_bandpass_filtered,0,2000000.0,7000.0,80000.0,500,0.0001,300,300,0
train,particles2SNR_pipeline/output/p0_c1_Particles2SNR_F_staging/train/10um/HFocusing_5_10_10um_0_1601.npy,P0/data/dataset_Particles2SNR_F_c1/train/10um/HFocusing_5_10_10um_0_1601.npy,10um,HFocusing_5_10_10um_0_1601.npy,replace,,,,,saturation_cleaned_bandpass_filtered,0,2000000.0,7000.0,80000.0,500,0.0001,300,300,0
train,particles2SNR_pipeline/output/p0_c1_Particles2SNR_F_staging/train/10um/HFocusing_5_10_10um_0_1610.npy,P0/data/dataset_Particles2SNR_F_c1/train/10um/HFocusing_5_10_10um_0_1610.npy,10um,HFocusing_5_10_10um_0_1610.npy,replace,0,0,1078,1078,replaced_with_noise,0,2000000.0,7000.0,80000.0,500,0.0001,300,300,777
train,particles2SNR_pipeline/output/p0_c1_Particles2SNR_F_staging/train/10um/HFocusing_5_10_10um_0_1611.npy,P0/data/dataset_Particles2SNR_F_c1/train/10um/HFocusing_5_10_10um_0_1611.npy,10um,HFocusing_5_10_10um_0_1611.npy,replace,0,0,2729,2729,replaced_with_noise,0,2000000.0,7000.0,80000.0,500,0.0001,300,300,2428
train,particles2SNR_pipeline/output/p0_c1_Particles2SNR_F_staging/train/10um/HFocusing_5_10_10um_0_1614.npy,P0/data/dataset_Particles2SNR_F_c1/train/10um/HFocusing_5_10_10um_0_1614.npy,10um,HFocusing_5_10_10um_0_1614.npy,replace,0,7549,12001,4452,replaced_with_noise,0,2000000.0,7000.0,80000.0,500,0.0001,300,300,3851
train,particles2SNR_pipeline/output/p0_c1_Particles2SNR_F_staging/train/10um/HFocusing_5_10_10um_0_1617.npy,P0/data/dataset_Particles2SNR_F_c1/train/10um/HFocusing_5_10_10um_0_1617.npy,10um,HFocusing_5_10_10um_0_1617.npy,replace,,,,,saturation_cleaned_bandpass_filtered,0,2000000.0,7000.0,80000.0,500,0.0001,300,300,0
train,particles2SNR_pipeline/output/p0_c1_Particles2SNR_F_staging/train/10um/HFocusing_5_10_10um_0_1621.npy,P0/data/dataset_Particles2SNR_F_c1/train/10um/HFocusing_5_10_10um_0_1621.npy,10um,HFocusing_5_10_10um_0_1621.npy,replace,,,,,saturation_cleaned_bandpass_filtered,0,2000000.0,7000.0,80000.0,500,0.0001,300,300,0
train,particles2SNR_pipeline/output/p0_c1_Particles2SNR_F_staging/train/10um/HFocusing_5_10_10um_0_1627.npy,P0/data/dataset_Particles2SNR_F_c1/train/10um/HFocusing_5_10_10um_0_1627.npy,10um,HFocusing_5_10_10um_0_1627.npy,replace,0,14382,16384,2002,replaced_with_noise,0,2000000.0,7000.0,80000.0,500,0.0001,300,300,1701
train,particles2SNR_pipeline/output/p0_c1_Particles2SNR_F_staging/train/10um/HFocusing_5_10_10um_0_1628.npy,P0/data/dataset_Particles2SNR_F_c1/train/10um/HFocusing_5_10_10um_0_1628.npy,10um,HFocusing_5_10_10um_0_1628.npy,replace,,,,,saturation_cleaned_bandpass_filtered,0,2000000.0,7000.0,80000.0,500,0.0001,300,300,0
train,particles2SNR_pipeline/output/p0_c1_Particles2SNR_F_staging/train/10um/HFocusing_5_10_10um_0_163.npy,P0/data/dataset_Particles2SNR_F_c1/train/10um/HFocusing_5_10_10um_0_163.npy,10um,HFocusing_5_10_10um_0_163.npy,replace,0,7316,11258,3942,replaced_with_noise,0,2000000.0,7000.0,80000.0,500,0.0001,300,300,3341
train,particles2SNR_pipeline/output/p0_c1_Particles2SNR_F_staging/train/10um/HFocusing_5_10_10um_0_1634.npy,P0/data/dataset_Particles2SNR_F_c1/train/10um/HFocusing_5_10_10um_0_1634.npy,10um,HFocusing_5_10_10um_0_1634.npy,replace,,,,,saturation_cleaned_bandpass_filtered,0,2000000.0,7000.0,80000.0,500,0.0001,300,300,0
train,particles2SNR_pipeline/output/p0_c1_Particles2SNR_F_staging/train/10um/HFocusing_5_10_10um_0_1637.npy,P0/data/dataset_Particles2SNR_F_c1/train/10um/HFocusing_5_10_10um_0_1637.npy,10um,HFocusing_5_10_10um_0_1637.npy,replace,,,,,saturation_cleaned_bandpass_filtered,0,2000000.0,7000.0,80000.0,500,0.0001,300,300,0
train,particles2SNR_pipeline/output/p0_c1_Particles2SNR_F_staging/train/10um/HFocusing_5_10_10um_0_1638.npy,P0/data/dataset_Particles2SNR_F_c1/train/10um/HFocusing_5_10_10um_0_1638.npy,10um,HFocusing_5_10_10um_0_1638.npy,replace,,,,,saturation_cleaned_bandpass_filtered,0,2000000.0,7000.0,80000.0,500,0.0001,300,300,0
train,particles2SNR_pipeline/output/p0_c1_Particles2SNR_F_staging/train/10um/HFocusing_5_10_10um_0_164.npy,P0/data/dataset_Particles2SNR_F_c1/train/10um/HFocusing_5_10_10um_0_164.npy,10um,HFocusing_5_10_10um_0_164.npy,replace,,,,,saturation_cleaned_bandpass_filtered,0,2000000.0,7000.0,80000.0,500,0.0001,300,300,0
train,particles2SNR_pipeline/output/p0_c1_Particles2SNR_F_staging/train/10um/HFocusing_5_10_10um_0_1641.npy,P0/data/dataset_Particles2SNR_F_c1/train/10um/HFocusing_5_10_10um_0_1641.npy,10um,HFocusing_5_10_10um_0_1641.npy,replace,0,6618,10133,3515,replaced_with_noise,0,2000000.0,7000.0,80000.0,500,0.0001,300,300,2914
train,particles2SNR_pipeline/output/p0_c1_Particles2SNR_F_staging/train/10um/HFocusing_5_10_10um_0_1643.npy,P0/data/dataset_Particles2SNR_F_c1/train/10um/HFocusing_5_10_10um_0_1643.npy,10um,HFocusing_5_10_10um_0_1643.npy,replace,0,7454,11372,3918,replaced_with_noise,0,2000000.0,7000.0,80000.0,500,0.0001,300,300,3317
train,particles2SNR_pipeline/output/p0_c1_Particles2SNR_F_staging/train/10um/HFocusing_5_10_10um_0_1647.npy,P0/data/dataset_Particles2SNR_F_c1/train/10um/HFocusing_5_10_10um_0_1647.npy,10um,HFocusing_5_10_10um_0_1647.npy,replace,,,,,saturation_cleaned_bandpass_filtered,0,2000000.0,7000.0,80000.0,500,0.0001,300,300,0
train,particles2SNR_pipeline/output/p0_c1_Particles2SNR_F_staging/train/10um/HFocusing_5_10_10um_0_1656.npy,P0/data/dataset_Particles2SNR_F_c1/train/10um/HFocusing_5_10_10um_0_1656.npy,10um,HFocusing_5_10_10um_0_1656.npy,replace,,,,,saturation_cleaned_bandpass_filtered,0,2000000.0,7000.0,80000.0,500,0.0001,300,300,0
train,particles2SNR_pipeline/output/p0_c1_Particles2SNR_F_staging/train/10um/HFocusing_5_10_10um_0_1658.npy,P0/data/dataset_Particles2SNR_F_c1/train/10um/HFocusing_5_10_10um_0_1658.npy,10um,HFocusing_5_10_10um_0_1658.npy,replace,,,,,saturation_cleaned_bandpass_filtered,0,2000000.0,7000.0,80000.0,500,0.0001,300,300,0
train,particles2SNR_pipeline/output/p0_c1_Particles2SNR_F_staging/train/10um/HFocusing_5_10_10um_0_1661.npy,P0/data/dataset_Particles2SNR_F_c1/train/10um/HFocusing_5_10_10um_0_1661.npy,10um,HFocusing_5_10_10um_0_1661.npy,replace,,,,,saturation_cleaned_bandpass_filtered,0,2000000.0,7000.0,80000.0,500,0.0001,300,300,0
train,particles2SNR_pipeline/output/p0_c1_Particles2SNR_F_staging/train/10um/HFocusing_5_10_10um_0_1663.npy,P0/data/dataset_Particles2SNR_F_c1/train/10um/HFocusing_5_10_10um_0_1663.npy,10um,HFocusing_5_10_10um_0_1663.npy,replace,,,,,saturation_cleaned_bandpass_filtered,0,2000000.0,7000.0,80000.0,500,0.0001,300,300,0
train,particles2SNR_pipeline/output/p0_c1_Particles2SNR_F_staging/train/10um/HFocusing_5_10_10um_0_1664.npy,P0/data/dataset_Particles2SNR_F_c1/train/10um/HFocusing_5_10_10um_0_1664.npy,10um,HFocusing_5_10_10um_0_1664.npy,replace,0,11049,15235,4186,replaced_with_noise,0,2000000.0,7000.0,80000.0,500,0.0001,300,300,3585
train,particles2SNR_pipeline/output/p0_c1_Particles2SNR_F_staging/train/10um/HFocusing_5_10_10um_0_1671.npy,P0/data/dataset_Particles2SNR_F_c1/train/10um/HFocusing_5_10_10um_0_1671.npy,10um,HFocusing_5_10_10um_0_1671.npy,replace,,,,,saturation_cleaned_bandpass_filtered,0,2000000.0,7000.0,80000.0,500,0.0001,300,300,0
train,particles2SNR_pipeline/output/p0_c1_Particles2SNR_F_staging/train/10um/HFocusing_5_10_10um_0_1674.npy,P0/data/dataset_Particles2SNR_F_c1/train/10um/HFocusing_5_10_10um_0_1674.npy,10um,HFocusing_5_10_10um_0_1674.npy,replace,,,,,saturation_cleaned_bandpass_filtered,0,2000000.0,7000.0,80000.0,500,0.0001,300,300,0
train,particles2SNR_pipeline/output/p0_c1_Particles2SNR_F_staging/train/10um/HFocusing_5_10_10um_0_1677.npy,P0/data/dataset_Particles2SNR_F_c1/train/10um/HFocusing_5_10_10um_0_1677.npy,10um,HFocusing_5_10_10um_0_1677.npy,replace,,,,,saturation_cleaned_bandpass_filtered,0,2000000.0,7000.0,80000.0,500,0.0001,300,300,0
train,particles2SNR_pipeline/output/p0_c1_Particles2SNR_F_staging/train/10um/HFocusing_5_10_10um_0_1680.npy,P0/data/dataset_Particles2SNR_F_c1/train/10um/HFocusing_5_10_10um_0_1680.npy,10um,HFocusing_5_10_10um_0_1680.npy,replace,,,,,saturation_cleaned_bandpass_filtered,0,2000000.0,7000.0,80000.0,500,0.0001,300,300,0
train,particles2SNR_pipeline/output/p0_c1_Particles2SNR_F_staging/train/10um/HFocusing_5_10_10um_0_1683.npy,P0/data/dataset_Particles2SNR_F_c1/train/10um/HFocusing_5_10_10um_0_1683.npy,10um,HFocusing_5_10_10um_0_1683.npy,replace,0,3351,7917,4566,replaced_with_noise,0,2000000.0,7000.0,80000.0,500,0.0001,300,300,3965
train,particles2SNR_pipeline/output/p0_c1_Particles2SNR_F_staging/train/10um/HFocusing_5_10_10um_0_1684.npy,P0/data/dataset_Particles2SNR_F_c1/train/10um/HFocusing_5_10_10um_0_1684.npy,10um,HFocusing_5_10_10um_0_1684.npy,replace,0,9067,13625,4558,replaced_with_noise,0,2000000.0,7000.0,80000.0,500,0.0001,300,300,3957
train,particles2SNR_pipeline/output/p0_c1_Particles2SNR_F_staging/train/10um/HFocusing_5_10_10um_0_1687.npy,P0/data/dataset_Particles2SNR_F_c1/train/10um/HFocusing_5_10_10um_0_1687.npy,10um,HFocusing_5_10_10um_0_1687.npy,replace,,,,,saturation_cleaned_bandpass_filtered,0,2000000.0,7000.0,80000.0,500,0.0001,300,300,0
train,particles2SNR_pipeline/output/p0_c1_Particles2SNR_F_staging/train/10um/HFocusing_5_10_10um_0_169.npy,P0/data/dataset_Particles2SNR_F_c1/train/10um/HFocusing_5_10_10um_0_169.npy,10um,HFocusing_5_10_10um_0_169.npy,replace,,,,,saturation_cleaned_bandpass_filtered,0,2000000.0,7000.0,80000.0,500,0.0001,300,300,0
train,particles2SNR_pipeline/output/p0_c1_Particles2SNR_F_staging/train/10um/HFocusing_5_10_10um_0_1692.npy,P0/data/dataset_Particles2SNR_F_c1/train/10um/HFocusing_5_10_10um_0_1692.npy,10um,HFocusing_5_10_10um_0_1692.npy,replace,,,,,saturation_cleaned_bandpass_filtered,0,2000000.0,7000.0,80000.0,500,0.0001,300,300,0
train,particles2SNR_pipeline/output/p0_c1_Particles2SNR_F_staging/train/10um/HFocusing_5_10_10um_0_1695.npy,P0/data/dataset_Particles2SNR_F_c1/train/10um/HFocusing_5_10_10um_0_1695.npy,10um,HFocusing_5_10_10um_0_1695.npy,replace,,,,,saturation_cleaned_bandpass_filtered,0,2000000.0,7000.0,80000.0,500,0.0001,300,300,0
train,particles2SNR_pipeline/output/p0_c1_Particles2SNR_F_staging/train/10um/HFocusing_5_10_10um_0_1698.npy,P0/data/dataset_Particles2SNR_F_c1/train/10um/HFocusing_5_10_10um_0_1698.npy,10um,HFocusing_5_10_10um_0_1698.npy,replace,,,,,saturation_cleaned_bandpass_filtered,0,2000000.0,7000.0,80000.0,500,0.0001,300,300,0
train,particles2SNR_pipeline/output/p0_c1_Particles2SNR_F_staging/train/10um/HFocusing_5_10_10um_0_1701.npy,P0/data/dataset_Particles2SNR_F_c1/train/10um/HFocusing_5_10_10um_0_1701.npy,10um,HFocusing_5_10_10um_0_1701.npy,replace,,,,,saturation_cleaned_bandpass_filtered,0,2000000.0,7000.0,80000.0,500,0.0001,300,300,0
train,particles2SNR_pipeline/output/p0_c1_Particles2SNR_F_staging/train/10um/HFocusing_5_10_10um_0_1704.npy,P0/data/dataset_Particles2SNR_F_c1/train/10um/HFocusing_5_10_10um_0_1704.npy,10um,HFocusing_5_10_10um_0_1704.npy,replace,,,,,saturation_cleaned_bandpass_filtered,0,2000000.0,7000.0,80000.0,500,0.0001,300,300,0
train,particles2SNR_pipeline/output/p0_c1_Particles2SNR_F_staging/train/10um/HFocusing_5_10_10um_0_1706.npy,P0/data/dataset_Particles2SNR_F_c1/train/10um/HFocusing_5_10_10um_0_1706.npy,10um,HFocusing_5_10_10um_0_1706.npy,replace,,,,,saturation_cleaned_bandpass_filtered,0,2000000.0,7000.0,80000.0,500,0.0001,300,300,0
train,particles2SNR_pipeline/output/p0_c1_Particles2SNR_F_staging/train/10um/HFocusing_5_10_10um_0_1707.npy,P0/data/dataset_Particles2SNR_F_c1/train/10um/HFocusing_5_10_10um_0_1707.npy,10um,HFocusing_5_10_10um_0_1707.npy,replace,,,,,saturation_cleaned_bandpass_filtered,0,2000000.0,7000.0,80000.0,500,0.0001,300,300,0
train,particles2SNR_pipeline/output/p0_c1_Particles2SNR_F_staging/train/10um/HFocusing_5_10_10um_0_1710.npy,P0/data/dataset_Particles2SNR_F_c1/train/10um/HFocusing_5_10_10um_0_1710.npy,10um,HFocusing_5_10_10um_0_1710.npy,replace,,,,,saturation_cleaned_bandpass_filtered,0,2000000.0,7000.0,80000.0,500,0.0001,300,300,0
train,particles2SNR_pipeline/output/p0_c1_Particles2SNR_F_staging/train/10um/HFocusing_5_10_10um_0_1712.npy,P0/data/dataset_Particles2SNR_F_c1/train/10um/HFocusing_5_10_10um_0_1712.npy,10um,HFocusing_5_10_10um_0_1712.npy,replace,,,,,saturation_cleaned_bandpass_filtered,0,2000000.0,7000.0,80000.0,500,0.0001,300,300,0
train,particles2SNR_pipeline/output/p0_c1_Particles2SNR_F_staging/train/10um/HFocusing_5_10_10um_0_1716.npy,P0/data/dataset_Particles2SNR_F_c1/train/10um/HFocusing_5_10_10um_0_1716.npy,10um,HFocusing_5_10_10um_0_1716.npy,replace,,,,,saturation_cleaned_bandpass_filtered,0,2000000.0,7000.0,80000.0,500,0.0001,300,300,0
train,particles2SNR_pipeline/output/p0_c1_Particles2SNR_F_staging/train/10um/HFocusing_5_10_10um_0_172.npy,P0/data/dataset_Particles2SNR_F_c1/train/10um/HFocusing_5_10_10um_0_172.npy,10um,HFocusing_5_10_10um_0_172.npy,replace,,,,,saturation_cleaned_bandpass_filtered,0,2000000.0,7000.0,80000.0,500,0.0001,300,300,0
train,particles2SNR_pipeline/output/p0_c1_Particles2SNR_F_staging/train/10um/HFocusing_5_10_10um_0_1724.npy,P0/data/dataset_Particles2SNR_F_c1/train/10um/HFocusing_5_10_10um_0_1724.npy,10um,HFocusing_5_10_10um_0_1724.npy,replace,0,0,1102,1102,replaced_with_noise,0,2000000.0,7000.0,80000.0,500,0.0001,300,300,801
train,particles2SNR_pipeline/output/p0_c1_Particles2SNR_F_staging/train/10um/HFocusing_5_10_10um_0_1727.npy,P0/data/dataset_Particles2SNR_F_c1/train/10um/HFocusing_5_10_10um_0_1727.npy,10um,HFocusing_5_10_10um_0_1727.npy,replace,0,13772,16384,2612,replaced_with_noise,0,2000000.0,7000.0,80000.0,500,0.0001,300,300,2311
train,particles2SNR_pipeline/output/p0_c1_Particles2SNR_F_staging/train/10um/HFocusing_5_10_10um_0_1729.npy,P0/data/dataset_Particles2SNR_F_c1/train/10um/HFocusing_5_10_10um_0_1729.npy,10um,HFocusing_5_10_10um_0_1729.npy,replace,,,,,saturation_cleaned_bandpass_filtered,0,2000000.0,7000.0,80000.0,500,0.0001,300,300,0
train,particles2SNR_pipeline/output/p0_c1_Particles2SNR_F_staging/train/10um/HFocusing_5_10_10um_0_1730.npy,P0/data/dataset_Particles2SNR_F_c1/train/10um/HFocusing_5_10_10um_0_1730.npy,10um,HFocusing_5_10_10um_0_1730.npy,replace,0,10412,13180,2768,replaced_with_noise,0,2000000.0,7000.0,80000.0,500,0.0001,300,300,2167
train,particles2SNR_pipeline/output/p0_c1_Particles2SNR_F_staging/train/10um/HFocusing_5_10_10um_0_1733.npy,P0/data/dataset_Particles2SNR_F_c1/train/10um/HFocusing_5_10_10um_0_1733.npy,10um,HFocusing_5_10_10um_0_1733.npy,replace,0,6698,10975,4277,replaced_with_noise,0,2000000.0,7000.0,80000.0,500,0.0001,300,300,3676
train,particles2SNR_pipeline/output/p0_c1_Particles2SNR_F_staging/train/10um/HFocusing_5_10_10um_0_1736.npy,P0/data/dataset_Particles2SNR_F_c1/train/10um/HFocusing_5_10_10um_0_1736.npy,10um,HFocusing_5_10_10um_0_1736.npy,replace,,,,,saturation_cleaned_bandpass_filtered,0,2000000.0,7000.0,80000.0,500,0.0001,300,300,0
train,particles2SNR_pipeline/output/p0_c1_Particles2SNR_F_staging/train/10um/HFocusing_5_10_10um_0_1739.npy,P0/data/dataset_Particles2SNR_F_c1/train/10um/HFocusing_5_10_10um_0_1739.npy,10um,HFocusing_5_10_10um_0_1739.npy,replace,,,,,saturation_cleaned_bandpass_filtered,0,2000000.0,7000.0,80000.0,500,0.0001,300,300,0
train,particles2SNR_pipeline/output/p0_c1_Particles2SNR_F_staging/train/10um/HFocusing_5_10_10um_0_1743.npy,P0/data/dataset_Particles2SNR_F_c1/train/10um/HFocusing_5_10_10um_0_1743.npy,10um,HFocusing_5_10_10um_0_1743.npy,replace,,,,,saturation_cleaned_bandpass_filtered,0,2000000.0,7000.0,80000.0,500,0.0001,300,300,0
train,particles2SNR_pipeline/output/p0_c1_Particles2SNR_F_staging/train/10um/HFocusing_5_10_10um_0_1746.npy,P0/data/dataset_Particles2SNR_F_c1/train/10um/HFocusing_5_10_10um_0_1746.npy,10um,HFocusing_5_10_10um_0_1746.npy,replace,0,0,2717,2717,replaced_with_noise,0,2000000.0,7000.0,80000.0,500,0.0001,300,300,2416
train,particles2SNR_pipeline/output/p0_c1_Particles2SNR_F_staging/train/10um/HFocusing_5_10_10um_0_1747.npy,P0/data/dataset_Particles2SNR_F_c1/train/10um/HFocusing_5_10_10um_0_1747.npy,10um,HFocusing_5_10_10um_0_1747.npy,replace,,,,,saturation_cleaned_bandpass_filtered,0,2000000.0,7000.0,80000.0,500,0.0001,300,300,0
train,particles2SNR_pipeline/output/p0_c1_Particles2SNR_F_staging/train/10um/HFocusing_5_10_10um_0_175.npy,P0/data/dataset_Particles2SNR_F_c1/train/10um/HFocusing_5_10_10um_0_175.npy,10um,HFocusing_5_10_10um_0_175.npy,replace,0,14265,16384,2119,replaced_with_noise,0,2000000.0,7000.0,80000.0,500,0.0001,300,300,1623
train,particles2SNR_pipeline/output/p0_c1_Particles2SNR_F_staging/train/10um/HFocusing_5_10_10um_0_1750.npy,P0/data/dataset_Particles2SNR_F_c1/train/10um/HFocusing_5_10_10um_0_1750.npy,10um,HFocusing_5_10_10um_0_1750.npy,replace,,,,,saturation_cleaned_bandpass_filtered,0,2000000.0,7000.0,80000.0,500,0.0001,300,300,0
train,particles2SNR_pipeline/output/p0_c1_Particles2SNR_F_staging/train/10um/HFocusing_5_10_10um_0_1751.npy,P0/data/dataset_Particles2SNR_F_c1/train/10um/HFocusing_5_10_10um_0_1751.npy,10um,HFocusing_5_10_10um_0_1751.npy,replace,,,,,saturation_cleaned_bandpass_filtered,0,2000000.0,7000.0,80000.0,500,0.0001,300,300,0
train,particles2SNR_pipeline/output/p0_c1_Particles2SNR_F_staging/train/10um/HFocusing_5_10_10um_0_1754.npy,P0/data/dataset_Particles2SNR_F_c1/train/10um/HFocusing_5_10_10um_0_1754.npy,10um,HFocusing_5_10_10um_0_1754.npy,replace,,,,,saturation_cleaned_bandpass_filtered,0,2000000.0,7000.0,80000.0,500,0.0001,300,300,0
train,particles2SNR_pipeline/output/p0_c1_Particles2SNR_F_staging/train/10um/HFocusing_5_10_10um_0_1757.npy,P0/data/dataset_Particles2SNR_F_c1/train/10um/HFocusing_5_10_10um_0_1757.npy,10um,HFocusing_5_10_10um_0_1757.npy,replace,,,,,saturation_cleaned_bandpass_filtered,0,2000000.0,7000.0,80000.0,500,0.0001,300,300,0
train,particles2SNR_pipeline/output/p0_c1_Particles2SNR_F_staging/train/10um/HFocusing_5_10_10um_0_176.npy,P0/data/dataset_Particles2SNR_F_c1/train/10um/HFocusing_5_10_10um_0_176.npy,10um,HFocusing_5_10_10um_0_176.npy,replace,0,8852,10927,2075,replaced_with_noise,0,2000000.0,7000.0,80000.0,500,0.0001,300,300,1474
train,particles2SNR_pipeline/output/p0_c1_Particles2SNR_F_staging/train/10um/HFocusing_5_10_10um_0_1760.npy,P0/data/dataset_Particles2SNR_F_c1/train/10um/HFocusing_5_10_10um_0_1760.npy,10um,HFocusing_5_10_10um_0_1760.npy,replace,0,14424,16384,1960,replaced_with_noise,0,2000000.0,7000.0,80000.0,500,0.0001,300,300,1659
train,particles2SNR_pipeline/output/p0_c1_Particles2SNR_F_staging/train/10um/HFocusing_5_10_10um_0_1762.npy,P0/data/dataset_Particles2SNR_F_c1/train/10um/HFocusing_5_10_10um_0_1762.npy,10um,HFocusing_5_10_10um_0_1762.npy,replace,,,,,saturation_cleaned_bandpass_filtered,0,2000000.0,7000.0,80000.0,500,0.0001,300,300,0
train,particles2SNR_pipeline/output/p0_c1_Particles2SNR_F_staging/train/10um/HFocusing_5_10_10um_0_1765.npy,P0/data/dataset_Particles2SNR_F_c1/train/10um/HFocusing_5_10_10um_0_1765.npy,10um,HFocusing_5_10_10um_0_1765.npy,replace,,,,,saturation_cleaned_bandpass_filtered,0,2000000.0,7000.0,80000.0,500,0.0001,300,300,0
train,particles2SNR_pipeline/output/p0_c1_Particles2SNR_F_staging/train/10um/HFocusing_5_10_10um_0_1766.npy,P0/data/dataset_Particles2SNR_F_c1/train/10um/HFocusing_5_10_10um_0_1766.npy,10um,HFocusing_5_10_10um_0_1766.npy,replace,0,5010,6807,1797,replaced_with_noise,0,2000000.0,7000.0,80000.0,500,0.0001,300,300,1564
train,particles2SNR_pipeline/output/p0_c1_Particles2SNR_F_staging/train/10um/HFocusing_5_10_10um_0_1766.npy,P0/data/dataset_Particles2SNR_F_c1/train/10um/HFocusing_5_10_10um_0_1766.npy,10um,HFocusing_5_10_10um_0_1766.npy,replace,1,14519,16384,1865,replaced_with_noise,0,2000000.0,7000.0,80000.0,500,0.0001,300,300,1564
train,particles2SNR_pipeline/output/p0_c1_Particles2SNR_F_staging/train/10um/HFocusing_5_10_10um_0_1768.npy,P0/data/dataset_Particles2SNR_F_c1/train/10um/HFocusing_5_10_10um_0_1768.npy,10um,HFocusing_5_10_10um_0_1768.npy,replace,0,0,2672,2672,replaced_with_noise,0,2000000.0,7000.0,80000.0,500,0.0001,300,300,2371
train,particles2SNR_pipeline/output/p0_c1_Particles2SNR_F_staging/train/10um/HFocusing_5_10_10um_0_1771.npy,P0/data/dataset_Particles2SNR_F_c1/train/10um/HFocusing_5_10_10um_0_1771.npy,10um,HFocusing_5_10_10um_0_1771.npy,replace,,,,,saturation_cleaned_bandpass_filtered,0,2000000.0,7000.0,80000.0,500,0.0001,300,300,0
train,particles2SNR_pipeline/output/p0_c1_Particles2SNR_F_staging/train/10um/HFocusing_5_10_10um_0_1772.npy,P0/data/dataset_Particles2SNR_F_c1/train/10um/HFocusing_5_10_10um_0_1772.npy,10um,HFocusing_5_10_10um_0_1772.npy,replace,,,,,saturation_cleaned_bandpass_filtered,0,2000000.0,7000.0,80000.0,500,0.0001,300,300,0
train,particles2SNR_pipeline/output/p0_c1_Particles2SNR_F_staging/train/10um/HFocusing_5_10_10um_0_1778.npy,P0/data/dataset_Particles2SNR_F_c1/train/10um/HFocusing_5_10_10um_0_1778.npy,10um,HFocusing_5_10_10um_0_1778.npy,replace,0,14134,16384,2250,replaced_with_noise,0,2000000.0,7000.0,80000.0,500,0.0001,300,300,1855
train,particles2SNR_pipeline/output/p0_c1_Particles2SNR_F_staging/train/10um/HFocusing_5_10_10um_0_1779.npy,P0/data/dataset_Particles2SNR_F_c1/train/10um/HFocusing_5_10_10um_0_1779.npy,10um,HFocusing_5_10_10um_0_1779.npy,replace,0,10381,12722,2341,replaced_with_noise,0,2000000.0,7000.0,80000.0,500,0.0001,300,300,1740
train,particles2SNR_pipeline/output/p0_c1_Particles2SNR_F_staging/train/10um/HFocusing_5_10_10um_0_1782.npy,P0/data/dataset_Particles2SNR_F_c1/train/10um/HFocusing_5_10_10um_0_1782.npy,10um,HFocusing_5_10_10um_0_1782.npy,replace,0,9836,13798,3962,replaced_with_noise,0,2000000.0,7000.0,80000.0,500,0.0001,300,300,3361
train,particles2SNR_pipeline/output/p0_c1_Particles2SNR_F_staging/train/10um/HFocusing_5_10_10um_0_1783.npy,P0/data/dataset_Particles2SNR_F_c1/train/10um/HFocusing_5_10_10um_0_1783.npy,10um,HFocusing_5_10_10um_0_1783.npy,replace,0,13228,16384,3156,replaced_with_noise,0,2000000.0,7000.0,80000.0,500,0.0001,300,300,2762
train,particles2SNR_pipeline/output/p0_c1_Particles2SNR_F_staging/train/10um/HFocusing_5_10_10um_0_1786.npy,P0/data/dataset_Particles2SNR_F_c1/train/10um/HFocusing_5_10_10um_0_1786.npy,10um,HFocusing_5_10_10um_0_1786.npy,replace,0,9494,13647,4153,replaced_with_noise,0,2000000.0,7000.0,80000.0,500,0.0001,300,300,3552
train,particles2SNR_pipeline/output/p0_c1_Particles2SNR_F_staging/train/10um/HFocusing_5_10_10um_0_1788.npy,P0/data/dataset_Particles2SNR_F_c1/train/10um/HFocusing_5_10_10um_0_1788.npy,10um,HFocusing_5_10_10um_0_1788.npy,replace,,,,,saturation_cleaned_bandpass_filtered,0,2000000.0,7000.0,80000.0,500,0.0001,300,300,0
train,particles2SNR_pipeline/output/p0_c1_Particles2SNR_F_staging/train/10um/HFocusing_5_10_10um_0_179.npy,P0/data/dataset_Particles2SNR_F_c1/train/10um/HFocusing_5_10_10um_0_179.npy,10um,HFocusing_5_10_10um_0_179.npy,replace,,,,,saturation_cleaned_bandpass_filtered,0,2000000.0,7000.0,80000.0,500,0.0001,300,300,0
train,particles2SNR_pipeline/output/p0_c1_Particles2SNR_F_staging/train/10um/HFocusing_5_10_10um_0_1791.npy,P0/data/dataset_Particles2SNR_F_c1/train/10um/HFocusing_5_10_10um_0_1791.npy,10um,HFocusing_5_10_10um_0_1791.npy,replace,0,0,4537,4537,replaced_with_noise,0,2000000.0,7000.0,80000.0,500,0.0001,300,300,4236
train,particles2SNR_pipeline/output/p0_c1_Particles2SNR_F_staging/train/10um/HFocusing_5_10_10um_0_1794.npy,P0/data/dataset_Particles2SNR_F_c1/train/10um/HFocusing_5_10_10um_0_1794.npy,10um,HFocusing_5_10_10um_0_1794.npy,replace,,,,,saturation_cleaned_bandpass_filtered,0,2000000.0,7000.0,80000.0,500,0.0001,300,300,0
train,particles2SNR_pipeline/output/p0_c1_Particles2SNR_F_staging/train/10um/HFocusing_5_10_10um_0_1797.npy,P0/data/dataset_Particles2SNR_F_c1/train/10um/HFocusing_5_10_10um_0_1797.npy,10um,HFocusing_5_10_10um_0_1797.npy,replace,0,8502,11595,3093,replaced_with_noise,0,2000000.0,7000.0,80000.0,500,0.0001,300,300,2492
train,particles2SNR_pipeline/output/p0_c1_Particles2SNR_F_staging/train/10um/HFocusing_5_10_10um_0_18.npy,P0/data/dataset_Particles2SNR_F_c1/train/10um/HFocusing_5_10_10um_0_18.npy,10um,HFocusing_5_10_10um_0_18.npy,replace,,,,,saturation_cleaned_bandpass_filtered,0,2000000.0,7000.0,80000.0,500,0.0001,300,300,0
train,particles2SNR_pipeline/output/p0_c1_Particles2SNR_F_staging/train/10um/HFocusing_5_10_10um_0_1800.npy,P0/data/dataset_Particles2SNR_F_c1/train/10um/HFocusing_5_10_10um_0_1800.npy,10um,HFocusing_5_10_10um_0_1800.npy,replace,,,,,saturation_cleaned_bandpass_filtered,0,2000000.0,7000.0,80000.0,500,0.0001,300,300,0
train,particles2SNR_pipeline/output/p0_c1_Particles2SNR_F_staging/train/10um/HFocusing_5_10_10um_0_1802.npy,P0/data/dataset_Particles2SNR_F_c1/train/10um/HFocusing_5_10_10um_0_1802.npy,10um,HFocusing_5_10_10um_0_1802.npy,replace,0,0,1185,1185,replaced_with_noise,0,2000000.0,7000.0,80000.0,500,0.0001,300,300,2110
train,particles2SNR_pipeline/output/p0_c1_Particles2SNR_F_staging/train/10um/HFocusing_5_10_10um_0_1802.npy,P0/data/dataset_Particles2SNR_F_c1/train/10um/HFocusing_5_10_10um_0_1802.npy,10um,HFocusing_5_10_10um_0_1802.npy,replace,1,13973,16384,2411,replaced_with_noise,0,2000000.0,7000.0,80000.0,500,0.0001,300,300,2110
train,particles2SNR_pipeline/output/p0_c1_Particles2SNR_F_staging/train/10um/HFocusing_5_10_10um_0_1803.npy,P0/data/dataset_Particles2SNR_F_c1/train/10um/HFocusing_5_10_10um_0_1803.npy,10um,HFocusing_5_10_10um_0_1803.npy,replace,,,,,saturation_cleaned_bandpass_filtered,0,2000000.0,7000.0,80000.0,500,0.0001,300,300,0
train,particles2SNR_pipeline/output/p0_c1_Particles2SNR_F_staging/train/10um/HFocusing_5_10_10um_0_1807.npy,P0/data/dataset_Particles2SNR_F_c1/train/10um/HFocusing_5_10_10um_0_1807.npy,10um,HFocusing_5_10_10um_0_1807.npy,replace,,,,,saturation_cleaned_bandpass_filtered,0,2000000.0,7000.0,80000.0,500,0.0001,300,300,0
train,particles2SNR_pipeline/output/p0_c1_Particles2SNR_F_staging/train/10um/HFocusing_5_10_10um_0_1810.npy,P0/data/dataset_Particles2SNR_F_c1/train/10um/HFocusing_5_10_10um_0_1810.npy,10um,HFocusing_5_10_10um_0_1810.npy,replace,,,,,saturation_cleaned_bandpass_filtered,0,2000000.0,7000.0,80000.0,500,0.0001,300,300,0
train,particles2SNR_pipeline/output/p0_c1_Particles2SNR_F_staging/train/10um/HFocusing_5_10_10um_0_1811.npy,P0/data/dataset_Particles2SNR_F_c1/train/10um/HFocusing_5_10_10um_0_1811.npy,10um,HFocusing_5_10_10um_0_1811.npy,replace,,,,,saturation_cleaned_bandpass_filtered,0,2000000.0,7000.0,80000.0,500,0.0001,300,300,0
train,particles2SNR_pipeline/output/p0_c1_Particles2SNR_F_staging/train/10um/HFocusing_5_10_10um_0_1814.npy,P0/data/dataset_Particles2SNR_F_c1/train/10um/HFocusing_5_10_10um_0_1814.npy,10um,HFocusing_5_10_10um_0_1814.npy,replace,,,,,saturation_cleaned_bandpass_filtered,0,2000000.0,7000.0,80000.0,500,0.0001,300,300,0
train,particles2SNR_pipeline/output/p0_c1_Particles2SNR_F_staging/train/10um/HFocusing_5_10_10um_0_1818.npy,P0/data/dataset_Particles2SNR_F_c1/train/10um/HFocusing_5_10_10um_0_1818.npy,10um,HFocusing_5_10_10um_0_1818.npy,replace,,,,,saturation_cleaned_bandpass_filtered,0,2000000.0,7000.0,80000.0,500,0.0001,300,300,0
train,particles2SNR_pipeline/output/p0_c1_Particles2SNR_F_staging/train/10um/HFocusing_5_10_10um_0_182.npy,P0/data/dataset_Particles2SNR_F_c1/train/10um/HFocusing_5_10_10um_0_182.npy,10um,HFocusing_5_10_10um_0_182.npy,replace,0,11907,14417,2510,replaced_with_noise,0,2000000.0,7000.0,80000.0,500,0.0001,300,300,1909
train,particles2SNR_pipeline/output/p0_c1_Particles2SNR_F_staging/train/10um/HFocusing_5_10_10um_0_1822.npy,P0/data/dataset_Particles2SNR_F_c1/train/10um/HFocusing_5_10_10um_0_1822.npy,10um,HFocusing_5_10_10um_0_1822.npy,replace,,,,,saturation_cleaned_bandpass_filtered,0,2000000.0,7000.0,80000.0,500,0.0001,300,300,0
train,particles2SNR_pipeline/output/p0_c1_Particles2SNR_F_staging/train/10um/HFocusing_5_10_10um_0_1825.npy,P0/data/dataset_Particles2SNR_F_c1/train/10um/HFocusing_5_10_10um_0_1825.npy,10um,HFocusing_5_10_10um_0_1825.npy,replace,,,,,saturation_cleaned_bandpass_filtered,0,2000000.0,7000.0,80000.0,500,0.0001,300,300,0
train,particles2SNR_pipeline/output/p0_c1_Particles2SNR_F_staging/train/10um/HFocusing_5_10_10um_0_1829.npy,P0/data/dataset_Particles2SNR_F_c1/train/10um/HFocusing_5_10_10um_0_1829.npy,10um,HFocusing_5_10_10um_0_1829.npy,replace,,,,,saturation_cleaned_bandpass_filtered,0,2000000.0,7000.0,80000.0,500,0.0001,300,300,0
train,particles2SNR_pipeline/output/p0_c1_Particles2SNR_F_staging/train/10um/HFocusing_5_10_10um_0_1832.npy,P0/data/dataset_Particles2SNR_F_c1/train/10um/HFocusing_5_10_10um_0_1832.npy,10um,HFocusing_5_10_10um_0_1832.npy,replace,,,,,saturation_cleaned_bandpass_filtered,0,2000000.0,7000.0,80000.0,500,0.0001,300,300,0
train,particles2SNR_pipeline/output/p0_c1_Particles2SNR_F_staging/train/10um/HFocusing_5_10_10um_0_1836.npy,P0/data/dataset_Particles2SNR_F_c1/train/10um/HFocusing_5_10_10um_0_1836.npy,10um,HFocusing_5_10_10um_0_1836.npy,replace,,,,,saturation_cleaned_bandpass_filtered,0,2000000.0,7000.0,80000.0,500,0.0001,300,300,0
train,particles2SNR_pipeline/output/p0_c1_Particles2SNR_F_staging/train/10um/HFocusing_5_10_10um_0_1839.npy,P0/data/dataset_Particles2SNR_F_c1/train/10um/HFocusing_5_10_10um_0_1839.npy,10um,HFocusing_5_10_10um_0_1839.npy,replace,,,,,saturation_cleaned_bandpass_filtered,0,2000000.0,7000.0,80000.0,500,0.0001,300,300,0
train,particles2SNR_pipeline/output/p0_c1_Particles2SNR_F_staging/train/10um/HFocusing_5_10_10um_0_1846.npy,P0/data/dataset_Particles2SNR_F_c1/train/10um/HFocusing_5_10_10um_0_1846.npy,10um,HFocusing_5_10_10um_0_1846.npy,replace,,,,,saturation_cleaned_bandpass_filtered,0,2000000.0,7000.0,80000.0,500,0.0001,300,300,0
train,particles2SNR_pipeline/output/p0_c1_Particles2SNR_F_staging/train/10um/HFocusing_5_10_10um_0_185.npy,P0/data/dataset_Particles2SNR_F_c1/train/10um/HFocusing_5_10_10um_0_185.npy,10um,HFocusing_5_10_10um_0_185.npy,replace,,,,,saturation_cleaned_bandpass_filtered,0,2000000.0,7000.0,80000.0,500,0.0001,300,300,0
train,particles2SNR_pipeline/output/p0_c1_Particles2SNR_F_staging/train/10um/HFocusing_5_10_10um_0_1850.npy,P0/data/dataset_Particles2SNR_F_c1/train/10um/HFocusing_5_10_10um_0_1850.npy,10um,HFocusing_5_10_10um_0_1850.npy,replace,0,7860,11885,4025,replaced_with_noise,0,2000000.0,7000.0,80000.0,500,0.0001,300,300,3424
train,particles2SNR_pipeline/output/p0_c1_Particles2SNR_F_staging/train/10um/HFocusing_5_10_10um_0_1853.npy,P0/data/dataset_Particles2SNR_F_c1/train/10um/HFocusing_5_10_10um_0_1853.npy,10um,HFocusing_5_10_10um_0_1853.npy,replace,0,8507,12920,4413,replaced_with_noise,0,2000000.0,7000.0,80000.0,500,0.0001,300,300,3812
train,particles2SNR_pipeline/output/p0_c1_Particles2SNR_F_staging/train/10um/HFocusing_5_10_10um_0_1856.npy,P0/data/dataset_Particles2SNR_F_c1/train/10um/HFocusing_5_10_10um_0_1856.npy,10um,HFocusing_5_10_10um_0_1856.npy,replace,,,,,saturation_cleaned_bandpass_filtered,0,2000000.0,7000.0,80000.0,500,0.0001,300,300,0
train,particles2SNR_pipeline/output/p0_c1_Particles2SNR_F_staging/train/10um/HFocusing_5_10_10um_0_1858.npy,P0/data/dataset_Particles2SNR_F_c1/train/10um/HFocusing_5_10_10um_0_1858.npy,10um,HFocusing_5_10_10um_0_1858.npy,replace,,,,,saturation_cleaned_bandpass_filtered,0,2000000.0,7000.0,80000.0,500,0.0001,300,300,0
train,particles2SNR_pipeline/output/p0_c1_Particles2SNR_F_staging/train/10um/HFocusing_5_10_10um_0_1862.npy,P0/data/dataset_Particles2SNR_F_c1/train/10um/HFocusing_5_10_10um_0_1862.npy,10um,HFocusing_5_10_10um_0_1862.npy,replace,,,,,saturation_cleaned_bandpass_filtered,0,2000000.0,7000.0,80000.0,500,0.0001,300,300,0
train,particles2SNR_pipeline/output/p0_c1_Particles2SNR_F_staging/train/10um/HFocusing_5_10_10um_0_1863.npy,P0/data/dataset_Particles2SNR_F_c1/train/10um/HFocusing_5_10_10um_0_1863.npy,10um,HFocusing_5_10_10um_0_1863.npy,replace,,,,,saturation_cleaned_bandpass_filtered,0,2000000.0,7000.0,80000.0,500,0.0001,300,300,0
train,particles2SNR_pipeline/output/p0_c1_Particles2SNR_F_staging/train/10um/HFocusing_5_10_10um_0_1866.npy,P0/data/dataset_Particles2SNR_F_c1/train/10um/HFocusing_5_10_10um_0_1866.npy,10um,HFocusing_5_10_10um_0_1866.npy,replace,0,776,3600,2824,replaced_with_noise,0,2000000.0,7000.0,80000.0,500,0.0001,300,300,2223
train,particles2SNR_pipeline/output/p0_c1_Particles2SNR_F_staging/train/10um/HFocusing_5_10_10um_0_1870.npy,P0/data/dataset_Particles2SNR_F_c1/train/10um/HFocusing_5_10_10um_0_1870.npy,10um,HFocusing_5_10_10um_0_1870.npy,replace,0,8388,13145,4757,replaced_with_noise,0,2000000.0,7000.0,80000.0,500,0.0001,300,300,4156
train,particles2SNR_pipeline/output/p0_c1_Particles2SNR_F_staging/train/10um/HFocusing_5_10_10um_0_1873.npy,P0/data/dataset_Particles2SNR_F_c1/train/10um/HFocusing_5_10_10um_0_1873.npy,10um,HFocusing_5_10_10um_0_1873.npy,replace,,,,,saturation_cleaned_bandpass_filtered,0,2000000.0,7000.0,80000.0,500,0.0001,300,300,0
train,particles2SNR_pipeline/output/p0_c1_Particles2SNR_F_staging/train/10um/HFocusing_5_10_10um_0_1875.npy,P0/data/dataset_Particles2SNR_F_c1/train/10um/HFocusing_5_10_10um_0_1875.npy,10um,HFocusing_5_10_10um_0_1875.npy,replace,0,4399,7963,3564,replaced_with_noise,0,2000000.0,7000.0,80000.0,500,0.0001,300,300,2963
train,particles2SNR_pipeline/output/p0_c1_Particles2SNR_F_staging/train/10um/HFocusing_5_10_10um_0_1879.npy,P0/data/dataset_Particles2SNR_F_c1/train/10um/HFocusing_5_10_10um_0_1879.npy,10um,HFocusing_5_10_10um_0_1879.npy,replace,,,,,saturation_cleaned_bandpass_filtered,0,2000000.0,7000.0,80000.0,500,0.0001,300,300,0
train,particles2SNR_pipeline/output/p0_c1_Particles2SNR_F_staging/train/10um/HFocusing_5_10_10um_0_188.npy,P0/data/dataset_Particles2SNR_F_c1/train/10um/HFocusing_5_10_10um_0_188.npy,10um,HFocusing_5_10_10um_0_188.npy,replace,,,,,saturation_cleaned_bandpass_filtered,0,2000000.0,7000.0,80000.0,500,0.0001,300,300,0
train,particles2SNR_pipeline/output/p0_c1_Particles2SNR_F_staging/train/10um/HFocusing_5_10_10um_0_1881.npy,P0/data/dataset_Particles2SNR_F_c1/train/10um/HFocusing_5_10_10um_0_1881.npy,10um,HFocusing_5_10_10um_0_1881.npy,replace,,,,,saturation_cleaned_bandpass_filtered,0,2000000.0,7000.0,80000.0,500,0.0001,300,300,0
train,particles2SNR_pipeline/output/p0_c1_Particles2SNR_F_staging/train/10um/HFocusing_5_10_10um_0_1882.npy,P0/data/dataset_Particles2SNR_F_c1/train/10um/HFocusing_5_10_10um_0_1882.npy,10um,HFocusing_5_10_10um_0_1882.npy,replace,,,,,saturation_cleaned_bandpass_filtered,0,2000000.0,7000.0,80000.0,500,0.0001,300,300,0
train,particles2SNR_pipeline/output/p0_c1_Particles2SNR_F_staging/train/10um/HFocusing_5_10_10um_0_1886.npy,P0/data/dataset_Particles2SNR_F_c1/train/10um/HFocusing_5_10_10um_0_1886.npy,10um,HFocusing_5_10_10um_0_1886.npy,replace,0,7514,11249,3735,replaced_with_noise,0,2000000.0,7000.0,80000.0,500,0.0001,300,300,3134
train,particles2SNR_pipeline/output/p0_c1_Particles2SNR_F_staging/train/10um/HFocusing_5_10_10um_0_189.npy,P0/data/dataset_Particles2SNR_F_c1/train/10um/HFocusing_5_10_10um_0_189.npy,10um,HFocusing_5_10_10um_0_189.npy,replace,,,,,saturation_cleaned_bandpass_filtered,0,2000000.0,7000.0,80000.0,500,0.0001,300,300,0
train,particles2SNR_pipeline/output/p0_c1_Particles2SNR_F_staging/train/10um/HFocusing_5_10_10um_0_1891.npy,P0/data/dataset_Particles2SNR_F_c1/train/10um/HFocusing_5_10_10um_0_1891.npy,10um,HFocusing_5_10_10um_0_1891.npy,replace,0,242,4032,3790,replaced_with_noise,0,2000000.0,7000.0,80000.0,500,0.0001,300,300,3189
train,particles2SNR_pipeline/output/p0_c1_Particles2SNR_F_staging/train/10um/HFocusing_5_10_10um_0_1894.npy,P0/data/dataset_Particles2SNR_F_c1/train/10um/HFocusing_5_10_10um_0_1894.npy,10um,HFocusing_5_10_10um_0_1894.npy,replace,,,,,saturation_cleaned_bandpass_filtered,0,2000000.0,7000.0,80000.0,500,0.0001,300,300,0
train,particles2SNR_pipeline/output/p0_c1_Particles2SNR_F_staging/train/10um/HFocusing_5_10_10um_0_1895.npy,P0/data/dataset_Particles2SNR_F_c1/train/10um/HFocusing_5_10_10um_0_1895.npy,10um,HFocusing_5_10_10um_0_1895.npy,replace,0,2744,7571,4827,replaced_with_noise,0,2000000.0,7000.0,80000.0,500,0.0001,300,300,4226
train,particles2SNR_pipeline/output/p0_c1_Particles2SNR_F_staging/train/10um/HFocusing_5_10_10um_0_1898.npy,P0/data/dataset_Particles2SNR_F_c1/train/10um/HFocusing_5_10_10um_0_1898.npy,10um,HFocusing_5_10_10um_0_1898.npy,replace,,,,,saturation_cleaned_bandpass_filtered,0,2000000.0,7000.0,80000.0,500,0.0001,300,300,0
train,particles2SNR_pipeline/output/p0_c1_Particles2SNR_F_staging/train/10um/HFocusing_5_10_10um_0_1899.npy,P0/data/dataset_Particles2SNR_F_c1/train/10um/HFocusing_5_10_10um_0_1899.npy,10um,HFocusing_5_10_10um_0_1899.npy,replace,,,,,saturation_cleaned_bandpass_filtered,0,2000000.0,7000.0,80000.0,500,0.0001,300,300,0
train,particles2SNR_pipeline/output/p0_c1_Particles2SNR_F_staging/train/10um/HFocusing_5_10_10um_0_1902.npy,P0/data/dataset_Particles2SNR_F_c1/train/10um/HFocusing_5_10_10um_0_1902.npy,10um,HFocusing_5_10_10um_0_1902.npy,replace,,,,,saturation_cleaned_bandpass_filtered,0,2000000.0,7000.0,80000.0,500,0.0001,300,300,0
train,particles2SNR_pipeline/output/p0_c1_Particles2SNR_F_staging/train/10um/HFocusing_5_10_10um_0_1903.npy,P0/data/dataset_Particles2SNR_F_c1/train/10um/HFocusing_5_10_10um_0_1903.npy,10um,HFocusing_5_10_10um_0_1903.npy,replace,0,5727,10616,4889,replaced_with_noise,0,2000000.0,7000.0,80000.0,500,0.0001,300,300,4288
train,particles2SNR_pipeline/output/p0_c1_Particles2SNR_F_staging/train/10um/HFocusing_5_10_10um_0_1905.npy,P0/data/dataset_Particles2SNR_F_c1/train/10um/HFocusing_5_10_10um_0_1905.npy,10um,HFocusing_5_10_10um_0_1905.npy,replace,,,,,saturation_cleaned_bandpass_filtered,0,2000000.0,7000.0,80000.0,500,0.0001,300,300,0
train,particles2SNR_pipeline/output/p0_c1_Particles2SNR_F_staging/train/10um/HFocusing_5_10_10um_0_1908.npy,P0/data/dataset_Particles2SNR_F_c1/train/10um/HFocusing_5_10_10um_0_1908.npy,10um,HFocusing_5_10_10um_0_1908.npy,replace,,,,,saturation_cleaned_bandpass_filtered,0,2000000.0,7000.0,80000.0,500,0.0001,300,300,0
train,particles2SNR_pipeline/output/p0_c1_Particles2SNR_F_staging/train/10um/HFocusing_5_10_10um_0_1911.npy,P0/data/dataset_Particles2SNR_F_c1/train/10um/HFocusing_5_10_10um_0_1911.npy,10um,HFocusing_5_10_10um_0_1911.npy,replace,,,,,saturation_cleaned_bandpass_filtered,0,2000000.0,7000.0,80000.0,500,0.0001,300,300,0
train,particles2SNR_pipeline/output/p0_c1_Particles2SNR_F_staging/train/10um/HFocusing_5_10_10um_0_1915.npy,P0/data/dataset_Particles2SNR_F_c1/train/10um/HFocusing_5_10_10um_0_1915.npy,10um,HFocusing_5_10_10um_0_1915.npy,replace,0,4358,9901,5543,replaced_with_noise,0,2000000.0,7000.0,80000.0,500,0.0001,300,300,4942
train,particles2SNR_pipeline/output/p0_c1_Particles2SNR_F_staging/train/10um/HFocusing_5_10_10um_0_1916.npy,P0/data/dataset_Particles2SNR_F_c1/train/10um/HFocusing_5_10_10um_0_1916.npy,10um,HFocusing_5_10_10um_0_1916.npy,replace,,,,,saturation_cleaned_bandpass_filtered,0,2000000.0,7000.0,80000.0,500,0.0001,300,300,0
train,particles2SNR_pipeline/output/p0_c1_Particles2SNR_F_staging/train/10um/HFocusing_5_10_10um_0_1919.npy,P0/data/dataset_Particles2SNR_F_c1/train/10um/HFocusing_5_10_10um_0_1919.npy,10um,HFocusing_5_10_10um_0_1919.npy,replace,,,,,saturation_cleaned_bandpass_filtered,0,2000000.0,7000.0,80000.0,500,0.0001,300,300,0
train,particles2SNR_pipeline/output/p0_c1_Particles2SNR_F_staging/train/10um/HFocusing_5_10_10um_0_192.npy,P0/data/dataset_Particles2SNR_F_c1/train/10um/HFocusing_5_10_10um_0_192.npy,10um,HFocusing_5_10_10um_0_192.npy,replace,0,0,1339,1339,replaced_with_noise,0,2000000.0,7000.0,80000.0,500,0.0001,300,300,1038
train,particles2SNR_pipeline/output/p0_c1_Particles2SNR_F_staging/train/10um/HFocusing_5_10_10um_0_1922.npy,P0/data/dataset_Particles2SNR_F_c1/train/10um/HFocusing_5_10_10um_0_1922.npy,10um,HFocusing_5_10_10um_0_1922.npy,replace,,,,,saturation_cleaned_bandpass_filtered,0,2000000.0,7000.0,80000.0,500,0.0001,300,300,0
train,particles2SNR_pipeline/output/p0_c1_Particles2SNR_F_staging/train/10um/HFocusing_5_10_10um_0_1923.npy,P0/data/dataset_Particles2SNR_F_c1/train/10um/HFocusing_5_10_10um_0_1923.npy,10um,HFocusing_5_10_10um_0_1923.npy,replace,,,,,saturation_cleaned_bandpass_filtered,0,2000000.0,7000.0,80000.0,500,0.0001,300,300,0
train,particles2SNR_pipeline/output/p0_c1_Particles2SNR_F_staging/train/10um/HFocusing_5_10_10um_0_1926.npy,P0/data/dataset_Particles2SNR_F_c1/train/10um/HFocusing_5_10_10um_0_1926.npy,10um,HFocusing_5_10_10um_0_1926.npy,replace,,,,,saturation_cleaned_bandpass_filtered,0,2000000.0,7000.0,80000.0,500,0.0001,300,300,0
train,particles2SNR_pipeline/output/p0_c1_Particles2SNR_F_staging/train/10um/HFocusing_5_10_10um_0_193.npy,P0/data/dataset_Particles2SNR_F_c1/train/10um/HFocusing_5_10_10um_0_193.npy,10um,HFocusing_5_10_10um_0_193.npy,replace,,,,,saturation_cleaned_bandpass_filtered,0,2000000.0,7000.0,80000.0,500,0.0001,300,300,0
train,particles2SNR_pipeline/output/p0_c1_Particles2SNR_F_staging/train/10um/HFocusing_5_10_10um_0_1932.npy,P0/data/dataset_Particles2SNR_F_c1/train/10um/HFocusing_5_10_10um_0_1932.npy,10um,HFocusing_5_10_10um_0_1932.npy,replace,,,,,saturation_cleaned_bandpass_filtered,0,2000000.0,7000.0,80000.0,500,0.0001,300,300,0
train,particles2SNR_pipeline/output/p0_c1_Particles2SNR_F_staging/train/10um/HFocusing_5_10_10um_0_1933.npy,P0/data/dataset_Particles2SNR_F_c1/train/10um/HFocusing_5_10_10um_0_1933.npy,10um,HFocusing_5_10_10um_0_1933.npy,replace,,,,,saturation_cleaned_bandpass_filtered,0,2000000.0,7000.0,80000.0,500,0.0001,300,300,0
train,particles2SNR_pipeline/output/p0_c1_Particles2SNR_F_staging/train/10um/HFocusing_5_10_10um_0_1936.npy,P0/data/dataset_Particles2SNR_F_c1/train/10um/HFocusing_5_10_10um_0_1936.npy,10um,HFocusing_5_10_10um_0_1936.npy,replace,,,,,saturation_cleaned_bandpass_filtered,0,2000000.0,7000.0,80000.0,500,0.0001,300,300,0
train,particles2SNR_pipeline/output/p0_c1_Particles2SNR_F_staging/train/10um/HFocusing_5_10_10um_0_1939.npy,P0/data/dataset_Particles2SNR_F_c1/train/10um/HFocusing_5_10_10um_0_1939.npy,10um,HFocusing_5_10_10um_0_1939.npy,replace,,,,,saturation_cleaned_bandpass_filtered,0,2000000.0,7000.0,80000.0,500,0.0001,300,300,0
train,particles2SNR_pipeline/output/p0_c1_Particles2SNR_F_staging/train/10um/HFocusing_5_10_10um_0_1940.npy,P0/data/dataset_Particles2SNR_F_c1/train/10um/HFocusing_5_10_10um_0_1940.npy,10um,HFocusing_5_10_10um_0_1940.npy,replace,,,,,saturation_cleaned_bandpass_filtered,0,2000000.0,7000.0,80000.0,500,0.0001,300,300,0
train,particles2SNR_pipeline/output/p0_c1_Particles2SNR_F_staging/train/10um/HFocusing_5_10_10um_0_1942.npy,P0/data/dataset_Particles2SNR_F_c1/train/10um/HFocusing_5_10_10um_0_1942.npy,10um,HFocusing_5_10_10um_0_1942.npy,replace,,,,,saturation_cleaned_bandpass_filtered,0,2000000.0,7000.0,80000.0,500,0.0001,300,300,0
train,particles2SNR_pipeline/output/p0_c1_Particles2SNR_F_staging/train/10um/HFocusing_5_10_10um_0_1944.npy,P0/data/dataset_Particles2SNR_F_c1/train/10um/HFocusing_5_10_10um_0_1944.npy,10um,HFocusing_5_10_10um_0_1944.npy,replace,0,0,914,914,replaced_with_noise,0,2000000.0,7000.0,80000.0,500,0.0001,300,300,613
train,particles2SNR_pipeline/output/p0_c1_Particles2SNR_F_staging/train/10um/HFocusing_5_10_10um_0_1945.npy,P0/data/dataset_Particles2SNR_F_c1/train/10um/HFocusing_5_10_10um_0_1945.npy,10um,HFocusing_5_10_10um_0_1945.npy,replace,,,,,saturation_cleaned_bandpass_filtered,0,2000000.0,7000.0,80000.0,500,0.0001,300,300,0
train,particles2SNR_pipeline/output/p0_c1_Particles2SNR_F_staging/train/10um/HFocusing_5_10_10um_0_1948.npy,P0/data/dataset_Particles2SNR_F_c1/train/10um/HFocusing_5_10_10um_0_1948.npy,10um,HFocusing_5_10_10um_0_1948.npy,replace,0,6150,10704,4554,replaced_with_noise,0,2000000.0,7000.0,80000.0,500,0.0001,300,300,3953
train,particles2SNR_pipeline/output/p0_c1_Particles2SNR_F_staging/train/10um/HFocusing_5_10_10um_0_1951.npy,P0/data/dataset_Particles2SNR_F_c1/train/10um/HFocusing_5_10_10um_0_1951.npy,10um,HFocusing_5_10_10um_0_1951.npy,replace,0,12200,15974,3774,replaced_with_noise,0,2000000.0,7000.0,80000.0,500,0.0001,300,300,3173
train,particles2SNR_pipeline/output/p0_c1_Particles2SNR_F_staging/train/10um/HFocusing_5_10_10um_0_1957.npy,P0/data/dataset_Particles2SNR_F_c1/train/10um/HFocusing_5_10_10um_0_1957.npy,10um,HFocusing_5_10_10um_0_1957.npy,replace,,,,,saturation_cleaned_bandpass_filtered,0,2000000.0,7000.0,80000.0,500,0.0001,300,300,0
train,particles2SNR_pipeline/output/p0_c1_Particles2SNR_F_staging/train/10um/HFocusing_5_10_10um_0_196.npy,P0/data/dataset_Particles2SNR_F_c1/train/10um/HFocusing_5_10_10um_0_196.npy,10um,HFocusing_5_10_10um_0_196.npy,replace,,,,,saturation_cleaned_bandpass_filtered,0,2000000.0,7000.0,80000.0,500,0.0001,300,300,0
train,particles2SNR_pipeline/output/p0_c1_Particles2SNR_F_staging/train/10um/HFocusing_5_10_10um_0_1964.npy,P0/data/dataset_Particles2SNR_F_c1/train/10um/HFocusing_5_10_10um_0_1964.npy,10um,HFocusing_5_10_10um_0_1964.npy,replace,,,,,saturation_cleaned_bandpass_filtered,0,2000000.0,7000.0,80000.0,500,0.0001,300,300,0
train,particles2SNR_pipeline/output/p0_c1_Particles2SNR_F_staging/train/10um/HFocusing_5_10_10um_0_1967.npy,P0/data/dataset_Particles2SNR_F_c1/train/10um/HFocusing_5_10_10um_0_1967.npy,10um,HFocusing_5_10_10um_0_1967.npy,replace,,,,,saturation_cleaned_bandpass_filtered,0,2000000.0,7000.0,80000.0,500,0.0001,300,300,0
train,particles2SNR_pipeline/output/p0_c1_Particles2SNR_F_staging/train/10um/HFocusing_5_10_10um_0_1971.npy,P0/data/dataset_Particles2SNR_F_c1/train/10um/HFocusing_5_10_10um_0_1971.npy,10um,HFocusing_5_10_10um_0_1971.npy,replace,,,,,saturation_cleaned_bandpass_filtered,0,2000000.0,7000.0,80000.0,500,0.0001,300,300,0
train,particles2SNR_pipeline/output/p0_c1_Particles2SNR_F_staging/train/10um/HFocusing_5_10_10um_0_1974.npy,P0/data/dataset_Particles2SNR_F_c1/train/10um/HFocusing_5_10_10um_0_1974.npy,10um,HFocusing_5_10_10um_0_1974.npy,replace,,,,,saturation_cleaned_bandpass_filtered,0,2000000.0,7000.0,80000.0,500,0.0001,300,300,0
train,particles2SNR_pipeline/output/p0_c1_Particles2SNR_F_staging/train/10um/HFocusing_5_10_10um_0_1975.npy,P0/data/dataset_Particles2SNR_F_c1/train/10um/HFocusing_5_10_10um_0_1975.npy,10um,HFocusing_5_10_10um_0_1975.npy,replace,,,,,saturation_cleaned_bandpass_filtered,0,2000000.0,7000.0,80000.0,500,0.0001,300,300,0
train,particles2SNR_pipeline/output/p0_c1_Particles2SNR_F_staging/train/10um/HFocusing_5_10_10um_0_1978.npy,P0/data/dataset_Particles2SNR_F_c1/train/10um/HFocusing_5_10_10um_0_1978.npy,10um,HFocusing_5_10_10um_0_1978.npy,replace,,,,,saturation_cleaned_bandpass_filtered,0,2000000.0,7000.0,80000.0,500,0.0001,300,300,0
train,particles2SNR_pipeline/output/p0_c1_Particles2SNR_F_staging/train/10um/HFocusing_5_10_10um_0_1982.npy,P0/data/dataset_Particles2SNR_F_c1/train/10um/HFocusing_5_10_10um_0_1982.npy,10um,HFocusing_5_10_10um_0_1982.npy,replace,,,,,saturation_cleaned_bandpass_filtered,0,2000000.0,7000.0,80000.0,500,0.0001,300,300,0
train,particles2SNR_pipeline/output/p0_c1_Particles2SNR_F_staging/train/10um/HFocusing_5_10_10um_0_199.npy,P0/data/dataset_Particles2SNR_F_c1/train/10um/HFocusing_5_10_10um_0_199.npy,10um,HFocusing_5_10_10um_0_199.npy,replace,0,0,1119,1119,replaced_with_noise,0,2000000.0,7000.0,80000.0,500,0.0001,300,300,2283
train,particles2SNR_pipeline/output/p0_c1_Particles2SNR_F_staging/train/10um/HFocusing_5_10_10um_0_199.npy,P0/data/dataset_Particles2SNR_F_c1/train/10um/HFocusing_5_10_10um_0_199.npy,10um,HFocusing_5_10_10um_0_199.npy,replace,1,12793,15677,2884,replaced_with_noise,0,2000000.0,7000.0,80000.0,500,0.0001,300,300,2283
train,particles2SNR_pipeline/output/p0_c1_Particles2SNR_F_staging/train/10um/HFocusing_5_10_10um_0_1991.npy,P0/data/dataset_Particles2SNR_F_c1/train/10um/HFocusing_5_10_10um_0_1991.npy,10um,HFocusing_5_10_10um_0_1991.npy,replace,,,,,saturation_cleaned_bandpass_filtered,0,2000000.0,7000.0,80000.0,500,0.0001,300,300,0
train,particles2SNR_pipeline/output/p0_c1_Particles2SNR_F_staging/train/10um/HFocusing_5_10_10um_0_1994.npy,P0/data/dataset_Particles2SNR_F_c1/train/10um/HFocusing_5_10_10um_0_1994.npy,10um,HFocusing_5_10_10um_0_1994.npy,replace,0,15091,16384,1293,replaced_with_noise,0,2000000.0,7000.0,80000.0,500,0.0001,300,300,992
train,particles2SNR_pipeline/output/p0_c1_Particles2SNR_F_staging/train/10um/HFocusing_5_10_10um_0_1997.npy,P0/data/dataset_Particles2SNR_F_c1/train/10um/HFocusing_5_10_10um_0_1997.npy,10um,HFocusing_5_10_10um_0_1997.npy,replace,,,,,saturation_cleaned_bandpass_filtered,0,2000000.0,7000.0,80000.0,500,0.0001,300,300,0
train,particles2SNR_pipeline/output/p0_c1_Particles2SNR_F_staging/train/10um/HFocusing_5_10_10um_0_200.npy,P0/data/dataset_Particles2SNR_F_c1/train/10um/HFocusing_5_10_10um_0_200.npy,10um,HFocusing_5_10_10um_0_200.npy,replace,,,,,saturation_cleaned_bandpass_filtered,0,2000000.0,7000.0,80000.0,500,0.0001,300,300,0
train,particles2SNR_pipeline/output/p0_c1_Particles2SNR_F_staging/train/10um/HFocusing_5_10_10um_0_2003.npy,P0/data/dataset_Particles2SNR_F_c1/train/10um/HFocusing_5_10_10um_0_2003.npy,10um,HFocusing_5_10_10um_0_2003.npy,replace,,,,,saturation_cleaned_bandpass_filtered,0,2000000.0,7000.0,80000.0,500,0.0001,300,300,0
train,particles2SNR_pipeline/output/p0_c1_Particles2SNR_F_staging/train/10um/HFocusing_5_10_10um_0_2006.npy,P0/data/dataset_Particles2SNR_F_c1/train/10um/HFocusing_5_10_10um_0_2006.npy,10um,HFocusing_5_10_10um_0_2006.npy,replace,,,,,saturation_cleaned_bandpass_filtered,0,2000000.0,7000.0,80000.0,500,0.0001,300,300,0
train,particles2SNR_pipeline/output/p0_c1_Particles2SNR_F_staging/train/10um/HFocusing_5_10_10um_0_2009.npy,P0/data/dataset_Particles2SNR_F_c1/train/10um/HFocusing_5_10_10um_0_2009.npy,10um,HFocusing_5_10_10um_0_2009.npy,replace,,,,,saturation_cleaned_bandpass_filtered,0,2000000.0,7000.0,80000.0,500,0.0001,300,300,0
train,particles2SNR_pipeline/output/p0_c1_Particles2SNR_F_staging/train/10um/HFocusing_5_10_10um_0_2010.npy,P0/data/dataset_Particles2SNR_F_c1/train/10um/HFocusing_5_10_10um_0_2010.npy,10um,HFocusing_5_10_10um_0_2010.npy,replace,,,,,saturation_cleaned_bandpass_filtered,0,2000000.0,7000.0,80000.0,500,0.0001,300,300,0
train,particles2SNR_pipeline/output/p0_c1_Particles2SNR_F_staging/train/10um/HFocusing_5_10_10um_0_2016.npy,P0/data/dataset_Particles2SNR_F_c1/train/10um/HFocusing_5_10_10um_0_2016.npy,10um,HFocusing_5_10_10um_0_2016.npy,replace,,,,,saturation_cleaned_bandpass_filtered,0,2000000.0,7000.0,80000.0,500,0.0001,300,300,0
train,particles2SNR_pipeline/output/p0_c1_Particles2SNR_F_staging/train/10um/HFocusing_5_10_10um_0_2017.npy,P0/data/dataset_Particles2SNR_F_c1/train/10um/HFocusing_5_10_10um_0_2017.npy,10um,HFocusing_5_10_10um_0_2017.npy,replace,0,6898,12080,5182,replaced_with_noise,0,2000000.0,7000.0,80000.0,500,0.0001,300,300,4581
train,particles2SNR_pipeline/output/p0_c1_Particles2SNR_F_staging/train/10um/HFocusing_5_10_10um_0_2020.npy,P0/data/dataset_Particles2SNR_F_c1/train/10um/HFocusing_5_10_10um_0_2020.npy,10um,HFocusing_5_10_10um_0_2020.npy,replace,,,,,saturation_cleaned_bandpass_filtered,0,2000000.0,7000.0,80000.0,500,0.0001,300,300,0
train,particles2SNR_pipeline/output/p0_c1_Particles2SNR_F_staging/train/10um/HFocusing_5_10_10um_0_2023.npy,P0/data/dataset_Particles2SNR_F_c1/train/10um/HFocusing_5_10_10um_0_2023.npy,10um,HFocusing_5_10_10um_0_2023.npy,replace,0,15073,16384,1311,replaced_with_noise,0,2000000.0,7000.0,80000.0,500,0.0001,300,300,1010
train,particles2SNR_pipeline/output/p0_c1_Particles2SNR_F_staging/train/10um/HFocusing_5_10_10um_0_2026.npy,P0/data/dataset_Particles2SNR_F_c1/train/10um/HFocusing_5_10_10um_0_2026.npy,10um,HFocusing_5_10_10um_0_2026.npy,replace,,,,,saturation_cleaned_bandpass_filtered,0,2000000.0,7000.0,80000.0,500,0.0001,300,300,0
train,particles2SNR_pipeline/output/p0_c1_Particles2SNR_F_staging/train/10um/HFocusing_5_10_10um_0_2027.npy,P0/data/dataset_Particles2SNR_F_c1/train/10um/HFocusing_5_10_10um_0_2027.npy,10um,HFocusing_5_10_10um_0_2027.npy,replace,,,,,saturation_cleaned_bandpass_filtered,0,2000000.0,7000.0,80000.0,500,0.0001,300,300,0
train,particles2SNR_pipeline/output/p0_c1_Particles2SNR_F_staging/train/10um/HFocusing_5_10_10um_0_2029.npy,P0/data/dataset_Particles2SNR_F_c1/train/10um/HFocusing_5_10_10um_0_2029.npy,10um,HFocusing_5_10_10um_0_2029.npy,replace,,,,,saturation_cleaned_bandpass_filtered,0,2000000.0,7000.0,80000.0,500,0.0001,300,300,0
train,particles2SNR_pipeline/output/p0_c1_Particles2SNR_F_staging/train/10um/HFocusing_5_10_10um_0_203.npy,P0/data/dataset_Particles2SNR_F_c1/train/10um/HFocusing_5_10_10um_0_203.npy,10um,HFocusing_5_10_10um_0_203.npy,replace,,,,,saturation_cleaned_bandpass_filtered,0,2000000.0,7000.0,80000.0,500,0.0001,300,300,0
train,particles2SNR_pipeline/output/p0_c1_Particles2SNR_F_staging/train/10um/HFocusing_5_10_10um_0_2030.npy,P0/data/dataset_Particles2SNR_F_c1/train/10um/HFocusing_5_10_10um_0_2030.npy,10um,HFocusing_5_10_10um_0_2030.npy,replace,,,,,saturation_cleaned_bandpass_filtered,0,2000000.0,7000.0,80000.0,500,0.0001,300,300,0
train,particles2SNR_pipeline/output/p0_c1_Particles2SNR_F_staging/train/10um/HFocusing_5_10_10um_0_2033.npy,P0/data/dataset_Particles2SNR_F_c1/train/10um/HFocusing_5_10_10um_0_2033.npy,10um,HFocusing_5_10_10um_0_2033.npy,replace,,,,,saturation_cleaned_bandpass_filtered,0,2000000.0,7000.0,80000.0,500,0.0001,300,300,0
train,particles2SNR_pipeline/output/p0_c1_Particles2SNR_F_staging/train/10um/HFocusing_5_10_10um_0_2036.npy,P0/data/dataset_Particles2SNR_F_c1/train/10um/HFocusing_5_10_10um_0_2036.npy,10um,HFocusing_5_10_10um_0_2036.npy,replace,,,,,saturation_cleaned_bandpass_filtered,0,2000000.0,7000.0,80000.0,500,0.0001,300,300,0
train,particles2SNR_pipeline/output/p0_c1_Particles2SNR_F_staging/train/10um/HFocusing_5_10_10um_0_2037.npy,P0/data/dataset_Particles2SNR_F_c1/train/10um/HFocusing_5_10_10um_0_2037.npy,10um,HFocusing_5_10_10um_0_2037.npy,replace,0,8758,14096,5338,replaced_with_noise,0,2000000.0,7000.0,80000.0,500,0.0001,300,300,4737
train,particles2SNR_pipeline/output/p0_c1_Particles2SNR_F_staging/train/10um/HFocusing_5_10_10um_0_204.npy,P0/data/dataset_Particles2SNR_F_c1/train/10um/HFocusing_5_10_10um_0_204.npy,10um,HFocusing_5_10_10um_0_204.npy,replace,0,0,1117,1117,replaced_with_noise,0,2000000.0,7000.0,80000.0,500,0.0001,300,300,816
train,particles2SNR_pipeline/output/p0_c1_Particles2SNR_F_staging/train/10um/HFocusing_5_10_10um_0_2040.npy,P0/data/dataset_Particles2SNR_F_c1/train/10um/HFocusing_5_10_10um_0_2040.npy,10um,HFocusing_5_10_10um_0_2040.npy,replace,,,,,saturation_cleaned_bandpass_filtered,0,2000000.0,7000.0,80000.0,500,0.0001,300,300,0
train,particles2SNR_pipeline/output/p0_c1_Particles2SNR_F_staging/train/10um/HFocusing_5_10_10um_0_2046.npy,P0/data/dataset_Particles2SNR_F_c1/train/10um/HFocusing_5_10_10um_0_2046.npy,10um,HFocusing_5_10_10um_0_2046.npy,replace,,,,,saturation_cleaned_bandpass_filtered,0,2000000.0,7000.0,80000.0,500,0.0001,300,300,0
train,particles2SNR_pipeline/output/p0_c1_Particles2SNR_F_staging/train/10um/HFocusing_5_10_10um_0_2050.npy,P0/data/dataset_Particles2SNR_F_c1/train/10um/HFocusing_5_10_10um_0_2050.npy,10um,HFocusing_5_10_10um_0_2050.npy,replace,0,0,3441,3441,replaced_with_noise,0,2000000.0,7000.0,80000.0,500,0.0001,300,300,3140
train,particles2SNR_pipeline/output/p0_c1_Particles2SNR_F_staging/train/10um/HFocusing_5_10_10um_0_2052.npy,P0/data/dataset_Particles2SNR_F_c1/train/10um/HFocusing_5_10_10um_0_2052.npy,10um,HFocusing_5_10_10um_0_2052.npy,replace,,,,,saturation_cleaned_bandpass_filtered,0,2000000.0,7000.0,80000.0,500,0.0001,300,300,0
train,particles2SNR_pipeline/output/p0_c1_Particles2SNR_F_staging/train/10um/HFocusing_5_10_10um_0_2056.npy,P0/data/dataset_Particles2SNR_F_c1/train/10um/HFocusing_5_10_10um_0_2056.npy,10um,HFocusing_5_10_10um_0_2056.npy,replace,,,,,saturation_cleaned_bandpass_filtered,0,2000000.0,7000.0,80000.0,500,0.0001,300,300,0
train,particles2SNR_pipeline/output/p0_c1_Particles2SNR_F_staging/train/10um/HFocusing_5_10_10um_0_2058.npy,P0/data/dataset_Particles2SNR_F_c1/train/10um/HFocusing_5_10_10um_0_2058.npy,10um,HFocusing_5_10_10um_0_2058.npy,replace,,,,,saturation_cleaned_bandpass_filtered,0,2000000.0,7000.0,80000.0,500,0.0001,300,300,0
train,particles2SNR_pipeline/output/p0_c1_Particles2SNR_F_staging/train/10um/HFocusing_5_10_10um_0_2061.npy,P0/data/dataset_Particles2SNR_F_c1/train/10um/HFocusing_5_10_10um_0_2061.npy,10um,HFocusing_5_10_10um_0_2061.npy,replace,,,,,saturation_cleaned_bandpass_filtered,0,2000000.0,7000.0,80000.0,500,0.0001,300,300,0
train,particles2SNR_pipeline/output/p0_c1_Particles2SNR_F_staging/train/10um/HFocusing_5_10_10um_0_2062.npy,P0/data/dataset_Particles2SNR_F_c1/train/10um/HFocusing_5_10_10um_0_2062.npy,10um,HFocusing_5_10_10um_0_2062.npy,replace,,,,,saturation_cleaned_bandpass_filtered,0,2000000.0,7000.0,80000.0,500,0.0001,300,300,0
train,particles2SNR_pipeline/output/p0_c1_Particles2SNR_F_staging/train/10um/HFocusing_5_10_10um_0_2065.npy,P0/data/dataset_Particles2SNR_F_c1/train/10um/HFocusing_5_10_10um_0_2065.npy,10um,HFocusing_5_10_10um_0_2065.npy,replace,,,,,saturation_cleaned_bandpass_filtered,0,2000000.0,7000.0,80000.0,500,0.0001,300,300,0
train,particles2SNR_pipeline/output/p0_c1_Particles2SNR_F_staging/train/10um/HFocusing_5_10_10um_0_2067.npy,P0/data/dataset_Particles2SNR_F_c1/train/10um/HFocusing_5_10_10um_0_2067.npy,10um,HFocusing_5_10_10um_0_2067.npy,replace,,,,,saturation_cleaned_bandpass_filtered,0,2000000.0,7000.0,80000.0,500,0.0001,300,300,0
train,particles2SNR_pipeline/output/p0_c1_Particles2SNR_F_staging/train/10um/HFocusing_5_10_10um_0_2068.npy,P0/data/dataset_Particles2SNR_F_c1/train/10um/HFocusing_5_10_10um_0_2068.npy,10um,HFocusing_5_10_10um_0_2068.npy,replace,,,,,saturation_cleaned_bandpass_filtered,0,2000000.0,7000.0,80000.0,500,0.0001,300,300,0
train,particles2SNR_pipeline/output/p0_c1_Particles2SNR_F_staging/train/10um/HFocusing_5_10_10um_0_207.npy,P0/data/dataset_Particles2SNR_F_c1/train/10um/HFocusing_5_10_10um_0_207.npy,10um,HFocusing_5_10_10um_0_207.npy,replace,,,,,saturation_cleaned_bandpass_filtered,0,2000000.0,7000.0,80000.0,500,0.0001,300,300,0
train,particles2SNR_pipeline/output/p0_c1_Particles2SNR_F_staging/train/10um/HFocusing_5_10_10um_0_2070.npy,P0/data/dataset_Particles2SNR_F_c1/train/10um/HFocusing_5_10_10um_0_2070.npy,10um,HFocusing_5_10_10um_0_2070.npy,replace,0,0,1422,1422,replaced_with_noise,0,2000000.0,7000.0,80000.0,500,0.0001,300,300,1121
train,particles2SNR_pipeline/output/p0_c1_Particles2SNR_F_staging/train/10um/HFocusing_5_10_10um_0_2071.npy,P0/data/dataset_Particles2SNR_F_c1/train/10um/HFocusing_5_10_10um_0_2071.npy,10um,HFocusing_5_10_10um_0_2071.npy,replace,0,4395,9738,5343,replaced_with_noise,0,2000000.0,7000.0,80000.0,500,0.0001,300,300,4742
train,particles2SNR_pipeline/output/p0_c1_Particles2SNR_F_staging/train/10um/HFocusing_5_10_10um_0_2074.npy,P0/data/dataset_Particles2SNR_F_c1/train/10um/HFocusing_5_10_10um_0_2074.npy,10um,HFocusing_5_10_10um_0_2074.npy,replace,0,11660,16384,4724,replaced_with_noise,0,2000000.0,7000.0,80000.0,500,0.0001,300,300,4189
train,particles2SNR_pipeline/output/p0_c1_Particles2SNR_F_staging/train/10um/HFocusing_5_10_10um_0_2075.npy,P0/data/dataset_Particles2SNR_F_c1/train/10um/HFocusing_5_10_10um_0_2075.npy,10um,HFocusing_5_10_10um_0_2075.npy,replace,,,,,saturation_cleaned_bandpass_filtered,0,2000000.0,7000.0,80000.0,500,0.0001,300,300,0
train,particles2SNR_pipeline/output/p0_c1_Particles2SNR_F_staging/train/10um/HFocusing_5_10_10um_0_2079.npy,P0/data/dataset_Particles2SNR_F_c1/train/10um/HFocusing_5_10_10um_0_2079.npy,10um,HFocusing_5_10_10um_0_2079.npy,replace,,,,,saturation_cleaned_bandpass_filtered,0,2000000.0,7000.0,80000.0,500,0.0001,300,300,0
train,particles2SNR_pipeline/output/p0_c1_Particles2SNR_F_staging/train/10um/HFocusing_5_10_10um_0_2082.npy,P0/data/dataset_Particles2SNR_F_c1/train/10um/HFocusing_5_10_10um_0_2082.npy,10um,HFocusing_5_10_10um_0_2082.npy,replace,,,,,saturation_cleaned_bandpass_filtered,0,2000000.0,7000.0,80000.0,500,0.0001,300,300,0
train,particles2SNR_pipeline/output/p0_c1_Particles2SNR_F_staging/train/10um/HFocusing_5_10_10um_0_2087.npy,P0/data/dataset_Particles2SNR_F_c1/train/10um/HFocusing_5_10_10um_0_2087.npy,10um,HFocusing_5_10_10um_0_2087.npy,replace,0,9349,14696,5347,replaced_with_noise,0,2000000.0,7000.0,80000.0,500,0.0001,300,300,4746
train,particles2SNR_pipeline/output/p0_c1_Particles2SNR_F_staging/train/10um/HFocusing_5_10_10um_0_2091.npy,P0/data/dataset_Particles2SNR_F_c1/train/10um/HFocusing_5_10_10um_0_2091.npy,10um,HFocusing_5_10_10um_0_2091.npy,replace,,,,,saturation_cleaned_bandpass_filtered,0,2000000.0,7000.0,80000.0,500,0.0001,300,300,0
train,particles2SNR_pipeline/output/p0_c1_Particles2SNR_F_staging/train/10um/HFocusing_5_10_10um_0_2094.npy,P0/data/dataset_Particles2SNR_F_c1/train/10um/HFocusing_5_10_10um_0_2094.npy,10um,HFocusing_5_10_10um_0_2094.npy,replace,,,,,saturation_cleaned_bandpass_filtered,0,2000000.0,7000.0,80000.0,500,0.0001,300,300,0
train,particles2SNR_pipeline/output/p0_c1_Particles2SNR_F_staging/train/10um/HFocusing_5_10_10um_0_2099.npy,P0/data/dataset_Particles2SNR_F_c1/train/10um/HFocusing_5_10_10um_0_2099.npy,10um,HFocusing_5_10_10um_0_2099.npy,replace,,,,,saturation_cleaned_bandpass_filtered,0,2000000.0,7000.0,80000.0,500,0.0001,300,300,0
train,particles2SNR_pipeline/output/p0_c1_Particles2SNR_F_staging/train/10um/HFocusing_5_10_10um_0_210.npy,P0/data/dataset_Particles2SNR_F_c1/train/10um/HFocusing_5_10_10um_0_210.npy,10um,HFocusing_5_10_10um_0_210.npy,replace,0,0,1609,1609,replaced_with_noise,0,2000000.0,7000.0,80000.0,500,0.0001,300,300,1308
train,particles2SNR_pipeline/output/p0_c1_Particles2SNR_F_staging/train/10um/HFocusing_5_10_10um_0_2100.npy,P0/data/dataset_Particles2SNR_F_c1/train/10um/HFocusing_5_10_10um_0_2100.npy,10um,HFocusing_5_10_10um_0_2100.npy,replace,,,,,saturation_cleaned_bandpass_filtered,0,2000000.0,7000.0,80000.0,500,0.0001,300,300,0
train,particles2SNR_pipeline/output/p0_c1_Particles2SNR_F_staging/train/10um/HFocusing_5_10_10um_0_2103.npy,P0/data/dataset_Particles2SNR_F_c1/train/10um/HFocusing_5_10_10um_0_2103.npy,10um,HFocusing_5_10_10um_0_2103.npy,replace,,,,,saturation_cleaned_bandpass_filtered,0,2000000.0,7000.0,80000.0,500,0.0001,300,300,0
train,particles2SNR_pipeline/output/p0_c1_Particles2SNR_F_staging/train/10um/HFocusing_5_10_10um_0_2105.npy,P0/data/dataset_Particles2SNR_F_c1/train/10um/HFocusing_5_10_10um_0_2105.npy,10um,HFocusing_5_10_10um_0_2105.npy,replace,,,,,saturation_cleaned_bandpass_filtered,0,2000000.0,7000.0,80000.0,500,0.0001,300,300,0
train,particles2SNR_pipeline/output/p0_c1_Particles2SNR_F_staging/train/10um/HFocusing_5_10_10um_0_2106.npy,P0/data/dataset_Particles2SNR_F_c1/train/10um/HFocusing_5_10_10um_0_2106.npy,10um,HFocusing_5_10_10um_0_2106.npy,replace,0,10603,13236,2633,replaced_with_noise,0,2000000.0,7000.0,80000.0,500,0.0001,300,300,2032
train,particles2SNR_pipeline/output/p0_c1_Particles2SNR_F_staging/train/10um/HFocusing_5_10_10um_0_2109.npy,P0/data/dataset_Particles2SNR_F_c1/train/10um/HFocusing_5_10_10um_0_2109.npy,10um,HFocusing_5_10_10um_0_2109.npy,replace,,,,,saturation_cleaned_bandpass_filtered,0,2000000.0,7000.0,80000.0,500,0.0001,300,300,0
train,particles2SNR_pipeline/output/p0_c1_Particles2SNR_F_staging/train/10um/HFocusing_5_10_10um_0_213.npy,P0/data/dataset_Particles2SNR_F_c1/train/10um/HFocusing_5_10_10um_0_213.npy,10um,HFocusing_5_10_10um_0_213.npy,replace,,,,,saturation_cleaned_bandpass_filtered,0,2000000.0,7000.0,80000.0,500,0.0001,300,300,0
train,particles2SNR_pipeline/output/p0_c1_Particles2SNR_F_staging/train/10um/HFocusing_5_10_10um_0_214.npy,P0/data/dataset_Particles2SNR_F_c1/train/10um/HFocusing_5_10_10um_0_214.npy,10um,HFocusing_5_10_10um_0_214.npy,replace,,,,,saturation_cleaned_bandpass_filtered,0,2000000.0,7000.0,80000.0,500,0.0001,300,300,0
train,particles2SNR_pipeline/output/p0_c1_Particles2SNR_F_staging/train/10um/HFocusing_5_10_10um_0_217.npy,P0/data/dataset_Particles2SNR_F_c1/train/10um/HFocusing_5_10_10um_0_217.npy,10um,HFocusing_5_10_10um_0_217.npy,replace,,,,,saturation_cleaned_bandpass_filtered,0,2000000.0,7000.0,80000.0,500,0.0001,300,300,0
train,particles2SNR_pipeline/output/p0_c1_Particles2SNR_F_staging/train/10um/HFocusing_5_10_10um_0_220.npy,P0/data/dataset_Particles2SNR_F_c1/train/10um/HFocusing_5_10_10um_0_220.npy,10um,HFocusing_5_10_10um_0_220.npy,replace,,,,,saturation_cleaned_bandpass_filtered,0,2000000.0,7000.0,80000.0,500,0.0001,300,300,0
train,particles2SNR_pipeline/output/p0_c1_Particles2SNR_F_staging/train/10um/HFocusing_5_10_10um_0_221.npy,P0/data/dataset_Particles2SNR_F_c1/train/10um/HFocusing_5_10_10um_0_221.npy,10um,HFocusing_5_10_10um_0_221.npy,replace,0,5405,7919,2514,replaced_with_noise,0,2000000.0,7000.0,80000.0,500,0.0001,300,300,1913
train,particles2SNR_pipeline/output/p0_c1_Particles2SNR_F_staging/train/10um/HFocusing_5_10_10um_0_223.npy,P0/data/dataset_Particles2SNR_F_c1/train/10um/HFocusing_5_10_10um_0_223.npy,10um,HFocusing_5_10_10um_0_223.npy,replace,,,,,saturation_cleaned_bandpass_filtered,0,2000000.0,7000.0,80000.0,500,0.0001,300,300,0
train,particles2SNR_pipeline/output/p0_c1_Particles2SNR_F_staging/train/10um/HFocusing_5_10_10um_0_227.npy,P0/data/dataset_Particles2SNR_F_c1/train/10um/HFocusing_5_10_10um_0_227.npy,10um,HFocusing_5_10_10um_0_227.npy,replace,,,,,saturation_cleaned_bandpass_filtered,0,2000000.0,7000.0,80000.0,500,0.0001,300,300,0
train,particles2SNR_pipeline/output/p0_c1_Particles2SNR_F_staging/train/10um/HFocusing_5_10_10um_0_23.npy,P0/data/dataset_Particles2SNR_F_c1/train/10um/HFocusing_5_10_10um_0_23.npy,10um,HFocusing_5_10_10um_0_23.npy,replace,0,14966,16384,1418,replaced_with_noise,0,2000000.0,7000.0,80000.0,500,0.0001,300,300,1117
train,particles2SNR_pipeline/output/p0_c1_Particles2SNR_F_staging/train/10um/HFocusing_5_10_10um_0_230.npy,P0/data/dataset_Particles2SNR_F_c1/train/10um/HFocusing_5_10_10um_0_230.npy,10um,HFocusing_5_10_10um_0_230.npy,replace,0,14691,16384,1693,replaced_with_noise,0,2000000.0,7000.0,80000.0,500,0.0001,300,300,1392
train,particles2SNR_pipeline/output/p0_c1_Particles2SNR_F_staging/train/10um/HFocusing_5_10_10um_0_232.npy,P0/data/dataset_Particles2SNR_F_c1/train/10um/HFocusing_5_10_10um_0_232.npy,10um,HFocusing_5_10_10um_0_232.npy,replace,0,0,1860,1860,replaced_with_noise,0,2000000.0,7000.0,80000.0,500,0.0001,300,300,1559
train,particles2SNR_pipeline/output/p0_c1_Particles2SNR_F_staging/train/10um/HFocusing_5_10_10um_0_233.npy,P0/data/dataset_Particles2SNR_F_c1/train/10um/HFocusing_5_10_10um_0_233.npy,10um,HFocusing_5_10_10um_0_233.npy,replace,,,,,saturation_cleaned_bandpass_filtered,0,2000000.0,7000.0,80000.0,500,0.0001,300,300,0
train,particles2SNR_pipeline/output/p0_c1_Particles2SNR_F_staging/train/10um/HFocusing_5_10_10um_0_236.npy,P0/data/dataset_Particles2SNR_F_c1/train/10um/HFocusing_5_10_10um_0_236.npy,10um,HFocusing_5_10_10um_0_236.npy,replace,,,,,saturation_cleaned_bandpass_filtered,0,2000000.0,7000.0,80000.0,500,0.0001,300,300,0
train,particles2SNR_pipeline/output/p0_c1_Particles2SNR_F_staging/train/10um/HFocusing_5_10_10um_0_237.npy,P0/data/dataset_Particles2SNR_F_c1/train/10um/HFocusing_5_10_10um_0_237.npy,10um,HFocusing_5_10_10um_0_237.npy,replace,,,,,saturation_cleaned_bandpass_filtered,0,2000000.0,7000.0,80000.0,500,0.0001,300,300,0
train,particles2SNR_pipeline/output/p0_c1_Particles2SNR_F_staging/train/10um/HFocusing_5_10_10um_0_240.npy,P0/data/dataset_Particles2SNR_F_c1/train/10um/HFocusing_5_10_10um_0_240.npy,10um,HFocusing_5_10_10um_0_240.npy,replace,,,,,saturation_cleaned_bandpass_filtered,0,2000000.0,7000.0,80000.0,500,0.0001,300,300,0
train,particles2SNR_pipeline/output/p0_c1_Particles2SNR_F_staging/train/10um/HFocusing_5_10_10um_0_243.npy,P0/data/dataset_Particles2SNR_F_c1/train/10um/HFocusing_5_10_10um_0_243.npy,10um,HFocusing_5_10_10um_0_243.npy,replace,,,,,saturation_cleaned_bandpass_filtered,0,2000000.0,7000.0,80000.0,500,0.0001,300,300,0
train,particles2SNR_pipeline/output/p0_c1_Particles2SNR_F_staging/train/10um/HFocusing_5_10_10um_0_246.npy,P0/data/dataset_Particles2SNR_F_c1/train/10um/HFocusing_5_10_10um_0_246.npy,10um,HFocusing_5_10_10um_0_246.npy,replace,,,,,saturation_cleaned_bandpass_filtered,0,2000000.0,7000.0,80000.0,500,0.0001,300,300,0
train,particles2SNR_pipeline/output/p0_c1_Particles2SNR_F_staging/train/10um/HFocusing_5_10_10um_0_249.npy,P0/data/dataset_Particles2SNR_F_c1/train/10um/HFocusing_5_10_10um_0_249.npy,10um,HFocusing_5_10_10um_0_249.npy,replace,,,,,saturation_cleaned_bandpass_filtered,0,2000000.0,7000.0,80000.0,500,0.0001,300,300,0
train,particles2SNR_pipeline/output/p0_c1_Particles2SNR_F_staging/train/10um/HFocusing_5_10_10um_0_251.npy,P0/data/dataset_Particles2SNR_F_c1/train/10um/HFocusing_5_10_10um_0_251.npy,10um,HFocusing_5_10_10um_0_251.npy,replace,,,,,saturation_cleaned_bandpass_filtered,0,2000000.0,7000.0,80000.0,500,0.0001,300,300,0
train,particles2SNR_pipeline/output/p0_c1_Particles2SNR_F_staging/train/10um/HFocusing_5_10_10um_0_252.npy,P0/data/dataset_Particles2SNR_F_c1/train/10um/HFocusing_5_10_10um_0_252.npy,10um,HFocusing_5_10_10um_0_252.npy,replace,,,,,saturation_cleaned_bandpass_filtered,0,2000000.0,7000.0,80000.0,500,0.0001,300,300,0
train,particles2SNR_pipeline/output/p0_c1_Particles2SNR_F_staging/train/10um/HFocusing_5_10_10um_0_254.npy,P0/data/dataset_Particles2SNR_F_c1/train/10um/HFocusing_5_10_10um_0_254.npy,10um,HFocusing_5_10_10um_0_254.npy,replace,,,,,saturation_cleaned_bandpass_filtered,0,2000000.0,7000.0,80000.0,500,0.0001,300,300,0
train,particles2SNR_pipeline/output/p0_c1_Particles2SNR_F_staging/train/10um/HFocusing_5_10_10um_0_255.npy,P0/data/dataset_Particles2SNR_F_c1/train/10um/HFocusing_5_10_10um_0_255.npy,10um,HFocusing_5_10_10um_0_255.npy,replace,0,13550,16384,2834,replaced_with_noise,0,2000000.0,7000.0,80000.0,500,0.0001,300,300,2533
train,particles2SNR_pipeline/output/p0_c1_Particles2SNR_F_staging/train/10um/HFocusing_5_10_10um_0_258.npy,P0/data/dataset_Particles2SNR_F_c1/train/10um/HFocusing_5_10_10um_0_258.npy,10um,HFocusing_5_10_10um_0_258.npy,replace,,,,,saturation_cleaned_bandpass_filtered,0,2000000.0,7000.0,80000.0,500,0.0001,300,300,0
train,particles2SNR_pipeline/output/p0_c1_Particles2SNR_F_staging/train/10um/HFocusing_5_10_10um_0_26.npy,P0/data/dataset_Particles2SNR_F_c1/train/10um/HFocusing_5_10_10um_0_26.npy,10um,HFocusing_5_10_10um_0_26.npy,replace,,,,,saturation_cleaned_bandpass_filtered,0,2000000.0,7000.0,80000.0,500,0.0001,300,300,0
train,particles2SNR_pipeline/output/p0_c1_Particles2SNR_F_staging/train/10um/HFocusing_5_10_10um_0_261.npy,P0/data/dataset_Particles2SNR_F_c1/train/10um/HFocusing_5_10_10um_0_261.npy,10um,HFocusing_5_10_10um_0_261.npy,replace,,,,,saturation_cleaned_bandpass_filtered,0,2000000.0,7000.0,80000.0,500,0.0001,300,300,0
train,particles2SNR_pipeline/output/p0_c1_Particles2SNR_F_staging/train/10um/HFocusing_5_10_10um_0_262.npy,P0/data/dataset_Particles2SNR_F_c1/train/10um/HFocusing_5_10_10um_0_262.npy,10um,HFocusing_5_10_10um_0_262.npy,replace,,,,,saturation_cleaned_bandpass_filtered,0,2000000.0,7000.0,80000.0,500,0.0001,300,300,0
train,particles2SNR_pipeline/output/p0_c1_Particles2SNR_F_staging/train/10um/HFocusing_5_10_10um_0_265.npy,P0/data/dataset_Particles2SNR_F_c1/train/10um/HFocusing_5_10_10um_0_265.npy,10um,HFocusing_5_10_10um_0_265.npy,replace,,,,,saturation_cleaned_bandpass_filtered,0,2000000.0,7000.0,80000.0,500,0.0001,300,300,0
train,particles2SNR_pipeline/output/p0_c1_Particles2SNR_F_staging/train/10um/HFocusing_5_10_10um_0_268.npy,P0/data/dataset_Particles2SNR_F_c1/train/10um/HFocusing_5_10_10um_0_268.npy,10um,HFocusing_5_10_10um_0_268.npy,replace,,,,,saturation_cleaned_bandpass_filtered,0,2000000.0,7000.0,80000.0,500,0.0001,300,300,0
train,particles2SNR_pipeline/output/p0_c1_Particles2SNR_F_staging/train/10um/HFocusing_5_10_10um_0_27.npy,P0/data/dataset_Particles2SNR_F_c1/train/10um/HFocusing_5_10_10um_0_27.npy,10um,HFocusing_5_10_10um_0_27.npy,replace,,,,,saturation_cleaned_bandpass_filtered,0,2000000.0,7000.0,80000.0,500,0.0001,300,300,0
train,particles2SNR_pipeline/output/p0_c1_Particles2SNR_F_staging/train/10um/HFocusing_5_10_10um_0_271.npy,P0/data/dataset_Particles2SNR_F_c1/train/10um/HFocusing_5_10_10um_0_271.npy,10um,HFocusing_5_10_10um_0_271.npy,replace,,,,,saturation_cleaned_bandpass_filtered,0,2000000.0,7000.0,80000.0,500,0.0001,300,300,0
train,particles2SNR_pipeline/output/p0_c1_Particles2SNR_F_staging/train/10um/HFocusing_5_10_10um_0_275.npy,P0/data/dataset_Particles2SNR_F_c1/train/10um/HFocusing_5_10_10um_0_275.npy,10um,HFocusing_5_10_10um_0_275.npy,replace,,,,,saturation_cleaned_bandpass_filtered,0,2000000.0,7000.0,80000.0,500,0.0001,300,300,0
train,particles2SNR_pipeline/output/p0_c1_Particles2SNR_F_staging/train/10um/HFocusing_5_10_10um_0_276.npy,P0/data/dataset_Particles2SNR_F_c1/train/10um/HFocusing_5_10_10um_0_276.npy,10um,HFocusing_5_10_10um_0_276.npy,replace,,,,,saturation_cleaned_bandpass_filtered,0,2000000.0,7000.0,80000.0,500,0.0001,300,300,0
train,particles2SNR_pipeline/output/p0_c1_Particles2SNR_F_staging/train/10um/HFocusing_5_10_10um_0_278.npy,P0/data/dataset_Particles2SNR_F_c1/train/10um/HFocusing_5_10_10um_0_278.npy,10um,HFocusing_5_10_10um_0_278.npy,replace,,,,,saturation_cleaned_bandpass_filtered,0,2000000.0,7000.0,80000.0,500,0.0001,300,300,0
train,particles2SNR_pipeline/output/p0_c1_Particles2SNR_F_staging/train/10um/HFocusing_5_10_10um_0_279.npy,P0/data/dataset_Particles2SNR_F_c1/train/10um/HFocusing_5_10_10um_0_279.npy,10um,HFocusing_5_10_10um_0_279.npy,replace,,,,,saturation_cleaned_bandpass_filtered,0,2000000.0,7000.0,80000.0,500,0.0001,300,300,0
train,particles2SNR_pipeline/output/p0_c1_Particles2SNR_F_staging/train/10um/HFocusing_5_10_10um_0_282.npy,P0/data/dataset_Particles2SNR_F_c1/train/10um/HFocusing_5_10_10um_0_282.npy,10um,HFocusing_5_10_10um_0_282.npy,replace,,,,,saturation_cleaned_bandpass_filtered,0,2000000.0,7000.0,80000.0,500,0.0001,300,300,0
train,particles2SNR_pipeline/output/p0_c1_Particles2SNR_F_staging/train/10um/HFocusing_5_10_10um_0_285.npy,P0/data/dataset_Particles2SNR_F_c1/train/10um/HFocusing_5_10_10um_0_285.npy,10um,HFocusing_5_10_10um_0_285.npy,replace,,,,,saturation_cleaned_bandpass_filtered,0,2000000.0,7000.0,80000.0,500,0.0001,300,300,0
train,particles2SNR_pipeline/output/p0_c1_Particles2SNR_F_staging/train/10um/HFocusing_5_10_10um_0_286.npy,P0/data/dataset_Particles2SNR_F_c1/train/10um/HFocusing_5_10_10um_0_286.npy,10um,HFocusing_5_10_10um_0_286.npy,replace,,,,,saturation_cleaned_bandpass_filtered,0,2000000.0,7000.0,80000.0,500,0.0001,300,300,0
train,particles2SNR_pipeline/output/p0_c1_Particles2SNR_F_staging/train/10um/HFocusing_5_10_10um_0_289.npy,P0/data/dataset_Particles2SNR_F_c1/train/10um/HFocusing_5_10_10um_0_289.npy,10um,HFocusing_5_10_10um_0_289.npy,replace,,,,,saturation_cleaned_bandpass_filtered,0,2000000.0,7000.0,80000.0,500,0.0001,300,300,0
train,particles2SNR_pipeline/output/p0_c1_Particles2SNR_F_staging/train/10um/HFocusing_5_10_10um_0_292.npy,P0/data/dataset_Particles2SNR_F_c1/train/10um/HFocusing_5_10_10um_0_292.npy,10um,HFocusing_5_10_10um_0_292.npy,replace,,,,,saturation_cleaned_bandpass_filtered,0,2000000.0,7000.0,80000.0,500,0.0001,300,300,0
train,particles2SNR_pipeline/output/p0_c1_Particles2SNR_F_staging/train/10um/HFocusing_5_10_10um_0_298.npy,P0/data/dataset_Particles2SNR_F_c1/train/10um/HFocusing_5_10_10um_0_298.npy,10um,HFocusing_5_10_10um_0_298.npy,replace,,,,,saturation_cleaned_bandpass_filtered,0,2000000.0,7000.0,80000.0,500,0.0001,300,300,0
train,particles2SNR_pipeline/output/p0_c1_Particles2SNR_F_staging/train/10um/HFocusing_5_10_10um_0_30.npy,P0/data/dataset_Particles2SNR_F_c1/train/10um/HFocusing_5_10_10um_0_30.npy,10um,HFocusing_5_10_10um_0_30.npy,replace,0,0,3125,3125,replaced_with_noise,0,2000000.0,7000.0,80000.0,500,0.0001,300,300,2824
train,particles2SNR_pipeline/output/p0_c1_Particles2SNR_F_staging/train/10um/HFocusing_5_10_10um_0_301.npy,P0/data/dataset_Particles2SNR_F_c1/train/10um/HFocusing_5_10_10um_0_301.npy,10um,HFocusing_5_10_10um_0_301.npy,replace,,,,,saturation_cleaned_bandpass_filtered,0,2000000.0,7000.0,80000.0,500,0.0001,300,300,0
train,particles2SNR_pipeline/output/p0_c1_Particles2SNR_F_staging/train/10um/HFocusing_5_10_10um_0_304.npy,P0/data/dataset_Particles2SNR_F_c1/train/10um/HFocusing_5_10_10um_0_304.npy,10um,HFocusing_5_10_10um_0_304.npy,replace,0,10856,12690,1834,replaced_with_noise,0,2000000.0,7000.0,80000.0,500,0.0001,300,300,1233
train,particles2SNR_pipeline/output/p0_c1_Particles2SNR_F_staging/train/10um/HFocusing_5_10_10um_0_307.npy,P0/data/dataset_Particles2SNR_F_c1/train/10um/HFocusing_5_10_10um_0_307.npy,10um,HFocusing_5_10_10um_0_307.npy,replace,,,,,saturation_cleaned_bandpass_filtered,0,2000000.0,7000.0,80000.0,500,0.0001,300,300,0
train,particles2SNR_pipeline/output/p0_c1_Particles2SNR_F_staging/train/10um/HFocusing_5_10_10um_0_310.npy,P0/data/dataset_Particles2SNR_F_c1/train/10um/HFocusing_5_10_10um_0_310.npy,10um,HFocusing_5_10_10um_0_310.npy,replace,,,,,saturation_cleaned_bandpass_filtered,0,2000000.0,7000.0,80000.0,500,0.0001,300,300,0
train,particles2SNR_pipeline/output/p0_c1_Particles2SNR_F_staging/train/10um/HFocusing_5_10_10um_0_313.npy,P0/data/dataset_Particles2SNR_F_c1/train/10um/HFocusing_5_10_10um_0_313.npy,10um,HFocusing_5_10_10um_0_313.npy,replace,,,,,saturation_cleaned_bandpass_filtered,0,2000000.0,7000.0,80000.0,500,0.0001,300,300,0
train,particles2SNR_pipeline/output/p0_c1_Particles2SNR_F_staging/train/10um/HFocusing_5_10_10um_0_314.npy,P0/data/dataset_Particles2SNR_F_c1/train/10um/HFocusing_5_10_10um_0_314.npy,10um,HFocusing_5_10_10um_0_314.npy,replace,,,,,saturation_cleaned_bandpass_filtered,0,2000000.0,7000.0,80000.0,500,0.0001,300,300,0
train,particles2SNR_pipeline/output/p0_c1_Particles2SNR_F_staging/train/10um/HFocusing_5_10_10um_0_317.npy,P0/data/dataset_Particles2SNR_F_c1/train/10um/HFocusing_5_10_10um_0_317.npy,10um,HFocusing_5_10_10um_0_317.npy,replace,,,,,saturation_cleaned_bandpass_filtered,0,2000000.0,7000.0,80000.0,500,0.0001,300,300,0
train,particles2SNR_pipeline/output/p0_c1_Particles2SNR_F_staging/train/10um/HFocusing_5_10_10um_0_318.npy,P0/data/dataset_Particles2SNR_F_c1/train/10um/HFocusing_5_10_10um_0_318.npy,10um,HFocusing_5_10_10um_0_318.npy,replace,,,,,saturation_cleaned_bandpass_filtered,0,2000000.0,7000.0,80000.0,500,0.0001,300,300,0
train,particles2SNR_pipeline/output/p0_c1_Particles2SNR_F_staging/train/10um/HFocusing_5_10_10um_0_32.npy,P0/data/dataset_Particles2SNR_F_c1/train/10um/HFocusing_5_10_10um_0_32.npy,10um,HFocusing_5_10_10um_0_32.npy,replace,0,336,5949,5613,replaced_with_noise,0,2000000.0,7000.0,80000.0,500,0.0001,300,300,5012
train,particles2SNR_pipeline/output/p0_c1_Particles2SNR_F_staging/train/10um/HFocusing_5_10_10um_0_321.npy,P0/data/dataset_Particles2SNR_F_c1/train/10um/HFocusing_5_10_10um_0_321.npy,10um,HFocusing_5_10_10um_0_321.npy,replace,,,,,saturation_cleaned_bandpass_filtered,0,2000000.0,7000.0,80000.0,500,0.0001,300,300,0
train,particles2SNR_pipeline/output/p0_c1_Particles2SNR_F_staging/train/10um/HFocusing_5_10_10um_0_322.npy,P0/data/dataset_Particles2SNR_F_c1/train/10um/HFocusing_5_10_10um_0_322.npy,10um,HFocusing_5_10_10um_0_322.npy,replace,,,,,saturation_cleaned_bandpass_filtered,0,2000000.0,7000.0,80000.0,500,0.0001,300,300,0
train,particles2SNR_pipeline/output/p0_c1_Particles2SNR_F_staging/train/10um/HFocusing_5_10_10um_0_328.npy,P0/data/dataset_Particles2SNR_F_c1/train/10um/HFocusing_5_10_10um_0_328.npy,10um,HFocusing_5_10_10um_0_328.npy,replace,,,,,saturation_cleaned_bandpass_filtered,0,2000000.0,7000.0,80000.0,500,0.0001,300,300,0
train,particles2SNR_pipeline/output/p0_c1_Particles2SNR_F_staging/train/10um/HFocusing_5_10_10um_0_329.npy,P0/data/dataset_Particles2SNR_F_c1/train/10um/HFocusing_5_10_10um_0_329.npy,10um,HFocusing_5_10_10um_0_329.npy,replace,0,5115,9218,4103,replaced_with_noise,0,2000000.0,7000.0,80000.0,500,0.0001,300,300,3502
train,particles2SNR_pipeline/output/p0_c1_Particles2SNR_F_staging/train/10um/HFocusing_5_10_10um_0_33.npy,P0/data/dataset_Particles2SNR_F_c1/train/10um/HFocusing_5_10_10um_0_33.npy,10um,HFocusing_5_10_10um_0_33.npy,replace,,,,,saturation_cleaned_bandpass_filtered,0,2000000.0,7000.0,80000.0,500,0.0001,300,300,0
train,particles2SNR_pipeline/output/p0_c1_Particles2SNR_F_staging/train/10um/HFocusing_5_10_10um_0_332.npy,P0/data/dataset_Particles2SNR_F_c1/train/10um/HFocusing_5_10_10um_0_332.npy,10um,HFocusing_5_10_10um_0_332.npy,replace,,,,,saturation_cleaned_bandpass_filtered,0,2000000.0,7000.0,80000.0,500,0.0001,300,300,0
train,particles2SNR_pipeline/output/p0_c1_Particles2SNR_F_staging/train/10um/HFocusing_5_10_10um_0_335.npy,P0/data/dataset_Particles2SNR_F_c1/train/10um/HFocusing_5_10_10um_0_335.npy,10um,HFocusing_5_10_10um_0_335.npy,replace,,,,,saturation_cleaned_bandpass_filtered,0,2000000.0,7000.0,80000.0,500,0.0001,300,300,0
train,particles2SNR_pipeline/output/p0_c1_Particles2SNR_F_staging/train/10um/HFocusing_5_10_10um_0_337.npy,P0/data/dataset_Particles2SNR_F_c1/train/10um/HFocusing_5_10_10um_0_337.npy,10um,HFocusing_5_10_10um_0_337.npy,replace,,,,,saturation_cleaned_bandpass_filtered,0,2000000.0,7000.0,80000.0,500,0.0001,300,300,0
train,particles2SNR_pipeline/output/p0_c1_Particles2SNR_F_staging/train/10um/HFocusing_5_10_10um_0_340.npy,P0/data/dataset_Particles2SNR_F_c1/train/10um/HFocusing_5_10_10um_0_340.npy,10um,HFocusing_5_10_10um_0_340.npy,replace,0,6418,10254,3836,replaced_with_noise,0,2000000.0,7000.0,80000.0,500,0.0001,300,300,3235
train,particles2SNR_pipeline/output/p0_c1_Particles2SNR_F_staging/train/10um/HFocusing_5_10_10um_0_342.npy,P0/data/dataset_Particles2SNR_F_c1/train/10um/HFocusing_5_10_10um_0_342.npy,10um,HFocusing_5_10_10um_0_342.npy,replace,,,,,saturation_cleaned_bandpass_filtered,0,2000000.0,7000.0,80000.0,500,0.0001,300,300,0
train,particles2SNR_pipeline/output/p0_c1_Particles2SNR_F_staging/train/10um/HFocusing_5_10_10um_0_343.npy,P0/data/dataset_Particles2SNR_F_c1/train/10um/HFocusing_5_10_10um_0_343.npy,10um,HFocusing_5_10_10um_0_343.npy,replace,,,,,saturation_cleaned_bandpass_filtered,0,2000000.0,7000.0,80000.0,500,0.0001,300,300,0
train,particles2SNR_pipeline/output/p0_c1_Particles2SNR_F_staging/train/10um/HFocusing_5_10_10um_0_346.npy,P0/data/dataset_Particles2SNR_F_c1/train/10um/HFocusing_5_10_10um_0_346.npy,10um,HFocusing_5_10_10um_0_346.npy,replace,,,,,saturation_cleaned_bandpass_filtered,0,2000000.0,7000.0,80000.0,500,0.0001,300,300,0
train,particles2SNR_pipeline/output/p0_c1_Particles2SNR_F_staging/train/10um/HFocusing_5_10_10um_0_349.npy,P0/data/dataset_Particles2SNR_F_c1/train/10um/HFocusing_5_10_10um_0_349.npy,10um,HFocusing_5_10_10um_0_349.npy,replace,,,,,saturation_cleaned_bandpass_filtered,0,2000000.0,7000.0,80000.0,500,0.0001,300,300,0
train,particles2SNR_pipeline/output/p0_c1_Particles2SNR_F_staging/train/10um/HFocusing_5_10_10um_0_35.npy,P0/data/dataset_Particles2SNR_F_c1/train/10um/HFocusing_5_10_10um_0_35.npy,10um,HFocusing_5_10_10um_0_35.npy,replace,,,,,saturation_cleaned_bandpass_filtered,0,2000000.0,7000.0,80000.0,500,0.0001,300,300,0
train,particles2SNR_pipeline/output/p0_c1_Particles2SNR_F_staging/train/10um/HFocusing_5_10_10um_0_350.npy,P0/data/dataset_Particles2SNR_F_c1/train/10um/HFocusing_5_10_10um_0_350.npy,10um,HFocusing_5_10_10um_0_350.npy,replace,,,,,saturation_cleaned_bandpass_filtered,0,2000000.0,7000.0,80000.0,500,0.0001,300,300,0
train,particles2SNR_pipeline/output/p0_c1_Particles2SNR_F_staging/train/10um/HFocusing_5_10_10um_0_36.npy,P0/data/dataset_Particles2SNR_F_c1/train/10um/HFocusing_5_10_10um_0_36.npy,10um,HFocusing_5_10_10um_0_36.npy,replace,,,,,saturation_cleaned_bandpass_filtered,0,2000000.0,7000.0,80000.0,500,0.0001,300,300,0
train,particles2SNR_pipeline/output/p0_c1_Particles2SNR_F_staging/train/10um/HFocusing_5_10_10um_0_361.npy,P0/data/dataset_Particles2SNR_F_c1/train/10um/HFocusing_5_10_10um_0_361.npy,10um,HFocusing_5_10_10um_0_361.npy,replace,0,4161,7265,3104,replaced_with_noise,0,2000000.0,7000.0,80000.0,500,0.0001,300,300,2503
train,particles2SNR_pipeline/output/p0_c1_Particles2SNR_F_staging/train/10um/HFocusing_5_10_10um_0_364.npy,P0/data/dataset_Particles2SNR_F_c1/train/10um/HFocusing_5_10_10um_0_364.npy,10um,HFocusing_5_10_10um_0_364.npy,replace,,,,,saturation_cleaned_bandpass_filtered,0,2000000.0,7000.0,80000.0,500,0.0001,300,300,0
train,particles2SNR_pipeline/output/p0_c1_Particles2SNR_F_staging/train/10um/HFocusing_5_10_10um_0_371.npy,P0/data/dataset_Particles2SNR_F_c1/train/10um/HFocusing_5_10_10um_0_371.npy,10um,HFocusing_5_10_10um_0_371.npy,replace,,,,,saturation_cleaned_bandpass_filtered,0,2000000.0,7000.0,80000.0,500,0.0001,300,300,0
train,particles2SNR_pipeline/output/p0_c1_Particles2SNR_F_staging/train/10um/HFocusing_5_10_10um_0_374.npy,P0/data/dataset_Particles2SNR_F_c1/train/10um/HFocusing_5_10_10um_0_374.npy,10um,HFocusing_5_10_10um_0_374.npy,replace,,,,,saturation_cleaned_bandpass_filtered,0,2000000.0,7000.0,80000.0,500,0.0001,300,300,0
train,particles2SNR_pipeline/output/p0_c1_Particles2SNR_F_staging/train/10um/HFocusing_5_10_10um_0_377.npy,P0/data/dataset_Particles2SNR_F_c1/train/10um/HFocusing_5_10_10um_0_377.npy,10um,HFocusing_5_10_10um_0_377.npy,replace,,,,,saturation_cleaned_bandpass_filtered,0,2000000.0,7000.0,80000.0,500,0.0001,300,300,0
train,particles2SNR_pipeline/output/p0_c1_Particles2SNR_F_staging/train/10um/HFocusing_5_10_10um_0_380.npy,P0/data/dataset_Particles2SNR_F_c1/train/10um/HFocusing_5_10_10um_0_380.npy,10um,HFocusing_5_10_10um_0_380.npy,replace,,,,,saturation_cleaned_bandpass_filtered,0,2000000.0,7000.0,80000.0,500,0.0001,300,300,0
train,particles2SNR_pipeline/output/p0_c1_Particles2SNR_F_staging/train/10um/HFocusing_5_10_10um_0_381.npy,P0/data/dataset_Particles2SNR_F_c1/train/10um/HFocusing_5_10_10um_0_381.npy,10um,HFocusing_5_10_10um_0_381.npy,replace,,,,,saturation_cleaned_bandpass_filtered,0,2000000.0,7000.0,80000.0,500,0.0001,300,300,0
train,particles2SNR_pipeline/output/p0_c1_Particles2SNR_F_staging/train/10um/HFocusing_5_10_10um_0_383.npy,P0/data/dataset_Particles2SNR_F_c1/train/10um/HFocusing_5_10_10um_0_383.npy,10um,HFocusing_5_10_10um_0_383.npy,replace,,,,,saturation_cleaned_bandpass_filtered,0,2000000.0,7000.0,80000.0,500,0.0001,300,300,0
train,particles2SNR_pipeline/output/p0_c1_Particles2SNR_F_staging/train/10um/HFocusing_5_10_10um_0_386.npy,P0/data/dataset_Particles2SNR_F_c1/train/10um/HFocusing_5_10_10um_0_386.npy,10um,HFocusing_5_10_10um_0_386.npy,replace,,,,,saturation_cleaned_bandpass_filtered,0,2000000.0,7000.0,80000.0,500,0.0001,300,300,0
train,particles2SNR_pipeline/output/p0_c1_Particles2SNR_F_staging/train/10um/HFocusing_5_10_10um_0_387.npy,P0/data/dataset_Particles2SNR_F_c1/train/10um/HFocusing_5_10_10um_0_387.npy,10um,HFocusing_5_10_10um_0_387.npy,replace,,,,,saturation_cleaned_bandpass_filtered,0,2000000.0,7000.0,80000.0,500,0.0001,300,300,0
train,particles2SNR_pipeline/output/p0_c1_Particles2SNR_F_staging/train/10um/HFocusing_5_10_10um_0_39.npy,P0/data/dataset_Particles2SNR_F_c1/train/10um/HFocusing_5_10_10um_0_39.npy,10um,HFocusing_5_10_10um_0_39.npy,replace,,,,,saturation_cleaned_bandpass_filtered,0,2000000.0,7000.0,80000.0,500,0.0001,300,300,0
train,particles2SNR_pipeline/output/p0_c1_Particles2SNR_F_staging/train/10um/HFocusing_5_10_10um_0_390.npy,P0/data/dataset_Particles2SNR_F_c1/train/10um/HFocusing_5_10_10um_0_390.npy,10um,HFocusing_5_10_10um_0_390.npy,replace,,,,,saturation_cleaned_bandpass_filtered,0,2000000.0,7000.0,80000.0,500,0.0001,300,300,0
train,particles2SNR_pipeline/output/p0_c1_Particles2SNR_F_staging/train/10um/HFocusing_5_10_10um_0_395.npy,P0/data/dataset_Particles2SNR_F_c1/train/10um/HFocusing_5_10_10um_0_395.npy,10um,HFocusing_5_10_10um_0_395.npy,replace,,,,,saturation_cleaned_bandpass_filtered,0,2000000.0,7000.0,80000.0,500,0.0001,300,300,0
train,particles2SNR_pipeline/output/p0_c1_Particles2SNR_F_staging/train/10um/HFocusing_5_10_10um_0_399.npy,P0/data/dataset_Particles2SNR_F_c1/train/10um/HFocusing_5_10_10um_0_399.npy,10um,HFocusing_5_10_10um_0_399.npy,replace,,,,,saturation_cleaned_bandpass_filtered,0,2000000.0,7000.0,80000.0,500,0.0001,300,300,0
train,particles2SNR_pipeline/output/p0_c1_Particles2SNR_F_staging/train/10um/HFocusing_5_10_10um_0_4.npy,P0/data/dataset_Particles2SNR_F_c1/train/10um/HFocusing_5_10_10um_0_4.npy,10um,HFocusing_5_10_10um_0_4.npy,replace,,,,,saturation_cleaned_bandpass_filtered,0,2000000.0,7000.0,80000.0,500,0.0001,300,300,0
train,particles2SNR_pipeline/output/p0_c1_Particles2SNR_F_staging/train/10um/HFocusing_5_10_10um_0_40.npy,P0/data/dataset_Particles2SNR_F_c1/train/10um/HFocusing_5_10_10um_0_40.npy,10um,HFocusing_5_10_10um_0_40.npy,replace,,,,,saturation_cleaned_bandpass_filtered,0,2000000.0,7000.0,80000.0,500,0.0001,300,300,0
train,particles2SNR_pipeline/output/p0_c1_Particles2SNR_F_staging/train/10um/HFocusing_5_10_10um_0_402.npy,P0/data/dataset_Particles2SNR_F_c1/train/10um/HFocusing_5_10_10um_0_402.npy,10um,HFocusing_5_10_10um_0_402.npy,replace,,,,,saturation_cleaned_bandpass_filtered,0,2000000.0,7000.0,80000.0,500,0.0001,300,300,0
train,particles2SNR_pipeline/output/p0_c1_Particles2SNR_F_staging/train/10um/HFocusing_5_10_10um_0_403.npy,P0/data/dataset_Particles2SNR_F_c1/train/10um/HFocusing_5_10_10um_0_403.npy,10um,HFocusing_5_10_10um_0_403.npy,replace,,,,,saturation_cleaned_bandpass_filtered,0,2000000.0,7000.0,80000.0,500,0.0001,300,300,0
train,particles2SNR_pipeline/output/p0_c1_Particles2SNR_F_staging/train/10um/HFocusing_5_10_10um_0_406.npy,P0/data/dataset_Particles2SNR_F_c1/train/10um/HFocusing_5_10_10um_0_406.npy,10um,HFocusing_5_10_10um_0_406.npy,replace,0,8061,11455,3394,replaced_with_noise,0,2000000.0,7000.0,80000.0,500,0.0001,300,300,2793
train,particles2SNR_pipeline/output/p0_c1_Particles2SNR_F_staging/train/10um/HFocusing_5_10_10um_0_410.npy,P0/data/dataset_Particles2SNR_F_c1/train/10um/HFocusing_5_10_10um_0_410.npy,10um,HFocusing_5_10_10um_0_410.npy,replace,,,,,saturation_cleaned_bandpass_filtered,0,2000000.0,7000.0,80000.0,500,0.0001,300,300,0
train,particles2SNR_pipeline/output/p0_c1_Particles2SNR_F_staging/train/10um/HFocusing_5_10_10um_0_413.npy,P0/data/dataset_Particles2SNR_F_c1/train/10um/HFocusing_5_10_10um_0_413.npy,10um,HFocusing_5_10_10um_0_413.npy,replace,,,,,saturation_cleaned_bandpass_filtered,0,2000000.0,7000.0,80000.0,500,0.0001,300,300,0
train,particles2SNR_pipeline/output/p0_c1_Particles2SNR_F_staging/train/10um/HFocusing_5_10_10um_0_416.npy,P0/data/dataset_Particles2SNR_F_c1/train/10um/HFocusing_5_10_10um_0_416.npy,10um,HFocusing_5_10_10um_0_416.npy,replace,,,,,saturation_cleaned_bandpass_filtered,0,2000000.0,7000.0,80000.0,500,0.0001,300,300,0
train,particles2SNR_pipeline/output/p0_c1_Particles2SNR_F_staging/train/10um/HFocusing_5_10_10um_0_419.npy,P0/data/dataset_Particles2SNR_F_c1/train/10um/HFocusing_5_10_10um_0_419.npy,10um,HFocusing_5_10_10um_0_419.npy,replace,0,3494,6560,3066,replaced_with_noise,0,2000000.0,7000.0,80000.0,500,0.0001,300,300,2465
train,particles2SNR_pipeline/output/p0_c1_Particles2SNR_F_staging/train/10um/HFocusing_5_10_10um_0_42.npy,P0/data/dataset_Particles2SNR_F_c1/train/10um/HFocusing_5_10_10um_0_42.npy,10um,HFocusing_5_10_10um_0_42.npy,replace,,,,,saturation_cleaned_bandpass_filtered,0,2000000.0,7000.0,80000.0,500,0.0001,300,300,0
train,particles2SNR_pipeline/output/p0_c1_Particles2SNR_F_staging/train/10um/HFocusing_5_10_10um_0_420.npy,P0/data/dataset_Particles2SNR_F_c1/train/10um/HFocusing_5_10_10um_0_420.npy,10um,HFocusing_5_10_10um_0_420.npy,replace,,,,,saturation_cleaned_bandpass_filtered,0,2000000.0,7000.0,80000.0,500,0.0001,300,300,0
train,particles2SNR_pipeline/output/p0_c1_Particles2SNR_F_staging/train/10um/HFocusing_5_10_10um_0_423.npy,P0/data/dataset_Particles2SNR_F_c1/train/10um/HFocusing_5_10_10um_0_423.npy,10um,HFocusing_5_10_10um_0_423.npy,replace,,,,,saturation_cleaned_bandpass_filtered,0,2000000.0,7000.0,80000.0,500,0.0001,300,300,0
train,particles2SNR_pipeline/output/p0_c1_Particles2SNR_F_staging/train/10um/HFocusing_5_10_10um_0_424.npy,P0/data/dataset_Particles2SNR_F_c1/train/10um/HFocusing_5_10_10um_0_424.npy,10um,HFocusing_5_10_10um_0_424.npy,replace,,,,,saturation_cleaned_bandpass_filtered,0,2000000.0,7000.0,80000.0,500,0.0001,300,300,0
train,particles2SNR_pipeline/output/p0_c1_Particles2SNR_F_staging/train/10um/HFocusing_5_10_10um_0_427.npy,P0/data/dataset_Particles2SNR_F_c1/train/10um/HFocusing_5_10_10um_0_427.npy,10um,HFocusing_5_10_10um_0_427.npy,replace,,,,,saturation_cleaned_bandpass_filtered,0,2000000.0,7000.0,80000.0,500,0.0001,300,300,0
train,particles2SNR_pipeline/output/p0_c1_Particles2SNR_F_staging/train/10um/HFocusing_5_10_10um_0_43.npy,P0/data/dataset_Particles2SNR_F_c1/train/10um/HFocusing_5_10_10um_0_43.npy,10um,HFocusing_5_10_10um_0_43.npy,replace,,,,,saturation_cleaned_bandpass_filtered,0,2000000.0,7000.0,80000.0,500,0.0001,300,300,0
train,particles2SNR_pipeline/output/p0_c1_Particles2SNR_F_staging/train/10um/HFocusing_5_10_10um_0_430.npy,P0/data/dataset_Particles2SNR_F_c1/train/10um/HFocusing_5_10_10um_0_430.npy,10um,HFocusing_5_10_10um_0_430.npy,replace,,,,,saturation_cleaned_bandpass_filtered,0,2000000.0,7000.0,80000.0,500,0.0001,300,300,0
train,particles2SNR_pipeline/output/p0_c1_Particles2SNR_F_staging/train/10um/HFocusing_5_10_10um_0_436.npy,P0/data/dataset_Particles2SNR_F_c1/train/10um/HFocusing_5_10_10um_0_436.npy,10um,HFocusing_5_10_10um_0_436.npy,replace,,,,,saturation_cleaned_bandpass_filtered,0,2000000.0,7000.0,80000.0,500,0.0001,300,300,0
train,particles2SNR_pipeline/output/p0_c1_Particles2SNR_F_staging/train/10um/HFocusing_5_10_10um_0_439.npy,P0/data/dataset_Particles2SNR_F_c1/train/10um/HFocusing_5_10_10um_0_439.npy,10um,HFocusing_5_10_10um_0_439.npy,replace,,,,,saturation_cleaned_bandpass_filtered,0,2000000.0,7000.0,80000.0,500,0.0001,300,300,0
train,particles2SNR_pipeline/output/p0_c1_Particles2SNR_F_staging/train/10um/HFocusing_5_10_10um_0_443.npy,P0/data/dataset_Particles2SNR_F_c1/train/10um/HFocusing_5_10_10um_0_443.npy,10um,HFocusing_5_10_10um_0_443.npy,replace,,,,,saturation_cleaned_bandpass_filtered,0,2000000.0,7000.0,80000.0,500,0.0001,300,300,0
train,particles2SNR_pipeline/output/p0_c1_Particles2SNR_F_staging/train/10um/HFocusing_5_10_10um_0_446.npy,P0/data/dataset_Particles2SNR_F_c1/train/10um/HFocusing_5_10_10um_0_446.npy,10um,HFocusing_5_10_10um_0_446.npy,replace,0,12131,15145,3014,replaced_with_noise,0,2000000.0,7000.0,80000.0,500,0.0001,300,300,2413
train,particles2SNR_pipeline/output/p0_c1_Particles2SNR_F_staging/train/10um/HFocusing_5_10_10um_0_447.npy,P0/data/dataset_Particles2SNR_F_c1/train/10um/HFocusing_5_10_10um_0_447.npy,10um,HFocusing_5_10_10um_0_447.npy,replace,0,366,3551,3185,replaced_with_noise,0,2000000.0,7000.0,80000.0,500,0.0001,300,300,2584
train,particles2SNR_pipeline/output/p0_c1_Particles2SNR_F_staging/train/10um/HFocusing_5_10_10um_0_450.npy,P0/data/dataset_Particles2SNR_F_c1/train/10um/HFocusing_5_10_10um_0_450.npy,10um,HFocusing_5_10_10um_0_450.npy,replace,,,,,saturation_cleaned_bandpass_filtered,0,2000000.0,7000.0,80000.0,500,0.0001,300,300,0
train,particles2SNR_pipeline/output/p0_c1_Particles2SNR_F_staging/train/10um/HFocusing_5_10_10um_0_453.npy,P0/data/dataset_Particles2SNR_F_c1/train/10um/HFocusing_5_10_10um_0_453.npy,10um,HFocusing_5_10_10um_0_453.npy,replace,0,2687,6029,3342,replaced_with_noise,0,2000000.0,7000.0,80000.0,500,0.0001,300,300,2741
train,particles2SNR_pipeline/output/p0_c1_Particles2SNR_F_staging/train/10um/HFocusing_5_10_10um_0_454.npy,P0/data/dataset_Particles2SNR_F_c1/train/10um/HFocusing_5_10_10um_0_454.npy,10um,HFocusing_5_10_10um_0_454.npy,replace,0,6886,10345,3459,replaced_with_noise,0,2000000.0,7000.0,80000.0,500,0.0001,300,300,2858
train,particles2SNR_pipeline/output/p0_c1_Particles2SNR_F_staging/train/10um/HFocusing_5_10_10um_0_457.npy,P0/data/dataset_Particles2SNR_F_c1/train/10um/HFocusing_5_10_10um_0_457.npy,10um,HFocusing_5_10_10um_0_457.npy,replace,,,,,saturation_cleaned_bandpass_filtered,0,2000000.0,7000.0,80000.0,500,0.0001,300,300,0
train,particles2SNR_pipeline/output/p0_c1_Particles2SNR_F_staging/train/10um/HFocusing_5_10_10um_0_458.npy,P0/data/dataset_Particles2SNR_F_c1/train/10um/HFocusing_5_10_10um_0_458.npy,10um,HFocusing_5_10_10um_0_458.npy,replace,,,,,saturation_cleaned_bandpass_filtered,0,2000000.0,7000.0,80000.0,500,0.0001,300,300,0
train,particles2SNR_pipeline/output/p0_c1_Particles2SNR_F_staging/train/10um/HFocusing_5_10_10um_0_46.npy,P0/data/dataset_Particles2SNR_F_c1/train/10um/HFocusing_5_10_10um_0_46.npy,10um,HFocusing_5_10_10um_0_46.npy,replace,,,,,saturation_cleaned_bandpass_filtered,0,2000000.0,7000.0,80000.0,500,0.0001,300,300,0
train,particles2SNR_pipeline/output/p0_c1_Particles2SNR_F_staging/train/10um/HFocusing_5_10_10um_0_461.npy,P0/data/dataset_Particles2SNR_F_c1/train/10um/HFocusing_5_10_10um_0_461.npy,10um,HFocusing_5_10_10um_0_461.npy,replace,,,,,saturation_cleaned_bandpass_filtered,0,2000000.0,7000.0,80000.0,500,0.0001,300,300,0
train,particles2SNR_pipeline/output/p0_c1_Particles2SNR_F_staging/train/10um/HFocusing_5_10_10um_0_464.npy,P0/data/dataset_Particles2SNR_F_c1/train/10um/HFocusing_5_10_10um_0_464.npy,10um,HFocusing_5_10_10um_0_464.npy,replace,,,,,saturation_cleaned_bandpass_filtered,0,2000000.0,7000.0,80000.0,500,0.0001,300,300,0
train,particles2SNR_pipeline/output/p0_c1_Particles2SNR_F_staging/train/10um/HFocusing_5_10_10um_0_474.npy,P0/data/dataset_Particles2SNR_F_c1/train/10um/HFocusing_5_10_10um_0_474.npy,10um,HFocusing_5_10_10um_0_474.npy,replace,,,,,saturation_cleaned_bandpass_filtered,0,2000000.0,7000.0,80000.0,500,0.0001,300,300,0
train,particles2SNR_pipeline/output/p0_c1_Particles2SNR_F_staging/train/10um/HFocusing_5_10_10um_0_475.npy,P0/data/dataset_Particles2SNR_F_c1/train/10um/HFocusing_5_10_10um_0_475.npy,10um,HFocusing_5_10_10um_0_475.npy,replace,,,,,saturation_cleaned_bandpass_filtered,0,2000000.0,7000.0,80000.0,500,0.0001,300,300,0
train,particles2SNR_pipeline/output/p0_c1_Particles2SNR_F_staging/train/10um/HFocusing_5_10_10um_0_478.npy,P0/data/dataset_Particles2SNR_F_c1/train/10um/HFocusing_5_10_10um_0_478.npy,10um,HFocusing_5_10_10um_0_478.npy,replace,,,,,saturation_cleaned_bandpass_filtered,0,2000000.0,7000.0,80000.0,500,0.0001,300,300,0
train,particles2SNR_pipeline/output/p0_c1_Particles2SNR_F_staging/train/10um/HFocusing_5_10_10um_0_479.npy,P0/data/dataset_Particles2SNR_F_c1/train/10um/HFocusing_5_10_10um_0_479.npy,10um,HFocusing_5_10_10um_0_479.npy,replace,0,579,4453,3874,replaced_with_noise,0,2000000.0,7000.0,80000.0,500,0.0001,300,300,3273
train,particles2SNR_pipeline/output/p0_c1_Particles2SNR_F_staging/train/10um/HFocusing_5_10_10um_0_482.npy,P0/data/dataset_Particles2SNR_F_c1/train/10um/HFocusing_5_10_10um_0_482.npy,10um,HFocusing_5_10_10um_0_482.npy,replace,,,,,saturation_cleaned_bandpass_filtered,0,2000000.0,7000.0,80000.0,500,0.0001,300,300,0
train,particles2SNR_pipeline/output/p0_c1_Particles2SNR_F_staging/train/10um/HFocusing_5_10_10um_0_485.npy,P0/data/dataset_Particles2SNR_F_c1/train/10um/HFocusing_5_10_10um_0_485.npy,10um,HFocusing_5_10_10um_0_485.npy,replace,0,2157,5119,2962,replaced_with_noise,0,2000000.0,7000.0,80000.0,500,0.0001,300,300,2361
train,particles2SNR_pipeline/output/p0_c1_Particles2SNR_F_staging/train/10um/HFocusing_5_10_10um_0_486.npy,P0/data/dataset_Particles2SNR_F_c1/train/10um/HFocusing_5_10_10um_0_486.npy,10um,HFocusing_5_10_10um_0_486.npy,replace,0,2160,6328,4168,replaced_with_noise,0,2000000.0,7000.0,80000.0,500,0.0001,300,300,3567
train,particles2SNR_pipeline/output/p0_c1_Particles2SNR_F_staging/train/10um/HFocusing_5_10_10um_0_488.npy,P0/data/dataset_Particles2SNR_F_c1/train/10um/HFocusing_5_10_10um_0_488.npy,10um,HFocusing_5_10_10um_0_488.npy,replace,0,5948,10005,4057,replaced_with_noise,0,2000000.0,7000.0,80000.0,500,0.0001,300,300,3456
train,particles2SNR_pipeline/output/p0_c1_Particles2SNR_F_staging/train/10um/HFocusing_5_10_10um_0_49.npy,P0/data/dataset_Particles2SNR_F_c1/train/10um/HFocusing_5_10_10um_0_49.npy,10um,HFocusing_5_10_10um_0_49.npy,replace,,,,,saturation_cleaned_bandpass_filtered,0,2000000.0,7000.0,80000.0,500,0.0001,300,300,0
train,particles2SNR_pipeline/output/p0_c1_Particles2SNR_F_staging/train/10um/HFocusing_5_10_10um_0_491.npy,P0/data/dataset_Particles2SNR_F_c1/train/10um/HFocusing_5_10_10um_0_491.npy,10um,HFocusing_5_10_10um_0_491.npy,replace,,,,,saturation_cleaned_bandpass_filtered,0,2000000.0,7000.0,80000.0,500,0.0001,300,300,0
train,particles2SNR_pipeline/output/p0_c1_Particles2SNR_F_staging/train/10um/HFocusing_5_10_10um_0_494.npy,P0/data/dataset_Particles2SNR_F_c1/train/10um/HFocusing_5_10_10um_0_494.npy,10um,HFocusing_5_10_10um_0_494.npy,replace,0,10122,13468,3346,replaced_with_noise,0,2000000.0,7000.0,80000.0,500,0.0001,300,300,2745
train,particles2SNR_pipeline/output/p0_c1_Particles2SNR_F_staging/train/10um/HFocusing_5_10_10um_0_495.npy,P0/data/dataset_Particles2SNR_F_c1/train/10um/HFocusing_5_10_10um_0_495.npy,10um,HFocusing_5_10_10um_0_495.npy,replace,0,4205,8005,3800,replaced_with_noise,0,2000000.0,7000.0,80000.0,500,0.0001,300,300,3199
train,particles2SNR_pipeline/output/p0_c1_Particles2SNR_F_staging/train/10um/HFocusing_5_10_10um_0_498.npy,P0/data/dataset_Particles2SNR_F_c1/train/10um/HFocusing_5_10_10um_0_498.npy,10um,HFocusing_5_10_10um_0_498.npy,replace,0,10088,14101,4013,replaced_with_noise,0,2000000.0,7000.0,80000.0,500,0.0001,300,300,3412
train,particles2SNR_pipeline/output/p0_c1_Particles2SNR_F_staging/train/10um/HFocusing_5_10_10um_0_5.npy,P0/data/dataset_Particles2SNR_F_c1/train/10um/HFocusing_5_10_10um_0_5.npy,10um,HFocusing_5_10_10um_0_5.npy,replace,,,,,saturation_cleaned_bandpass_filtered,0,2000000.0,7000.0,80000.0,500,0.0001,300,300,0
train,particles2SNR_pipeline/output/p0_c1_Particles2SNR_F_staging/train/10um/HFocusing_5_10_10um_0_501.npy,P0/data/dataset_Particles2SNR_F_c1/train/10um/HFocusing_5_10_10um_0_501.npy,10um,HFocusing_5_10_10um_0_501.npy,replace,0,10628,12185,1557,replaced_with_noise,0,2000000.0,7000.0,80000.0,500,0.0001,300,300,956
train,particles2SNR_pipeline/output/p0_c1_Particles2SNR_F_staging/train/10um/HFocusing_5_10_10um_0_504.npy,P0/data/dataset_Particles2SNR_F_c1/train/10um/HFocusing_5_10_10um_0_504.npy,10um,HFocusing_5_10_10um_0_504.npy,replace,0,4504,8048,3544,replaced_with_noise,0,2000000.0,7000.0,80000.0,500,0.0001,300,300,2943
train,particles2SNR_pipeline/output/p0_c1_Particles2SNR_F_staging/train/10um/HFocusing_5_10_10um_0_510.npy,P0/data/dataset_Particles2SNR_F_c1/train/10um/HFocusing_5_10_10um_0_510.npy,10um,HFocusing_5_10_10um_0_510.npy,replace,,,,,saturation_cleaned_bandpass_filtered,0,2000000.0,7000.0,80000.0,500,0.0001,300,300,0
train,particles2SNR_pipeline/output/p0_c1_Particles2SNR_F_staging/train/10um/HFocusing_5_10_10um_0_512.npy,P0/data/dataset_Particles2SNR_F_c1/train/10um/HFocusing_5_10_10um_0_512.npy,10um,HFocusing_5_10_10um_0_512.npy,replace,,,,,saturation_cleaned_bandpass_filtered,0,2000000.0,7000.0,80000.0,500,0.0001,300,300,0
train,particles2SNR_pipeline/output/p0_c1_Particles2SNR_F_staging/train/10um/HFocusing_5_10_10um_0_513.npy,P0/data/dataset_Particles2SNR_F_c1/train/10um/HFocusing_5_10_10um_0_513.npy,10um,HFocusing_5_10_10um_0_513.npy,replace,,,,,saturation_cleaned_bandpass_filtered,0,2000000.0,7000.0,80000.0,500,0.0001,300,300,0
train,particles2SNR_pipeline/output/p0_c1_Particles2SNR_F_staging/train/10um/HFocusing_5_10_10um_0_516.npy,P0/data/dataset_Particles2SNR_F_c1/train/10um/HFocusing_5_10_10um_0_516.npy,10um,HFocusing_5_10_10um_0_516.npy,replace,,,,,saturation_cleaned_bandpass_filtered,0,2000000.0,7000.0,80000.0,500,0.0001,300,300,0
train,particles2SNR_pipeline/output/p0_c1_Particles2SNR_F_staging/train/10um/HFocusing_5_10_10um_0_517.npy,P0/data/dataset_Particles2SNR_F_c1/train/10um/HFocusing_5_10_10um_0_517.npy,10um,HFocusing_5_10_10um_0_517.npy,replace,,,,,saturation_cleaned_bandpass_filtered,0,2000000.0,7000.0,80000.0,500,0.0001,300,300,0
train,particles2SNR_pipeline/output/p0_c1_Particles2SNR_F_staging/train/10um/HFocusing_5_10_10um_0_520.npy,P0/data/dataset_Particles2SNR_F_c1/train/10um/HFocusing_5_10_10um_0_520.npy,10um,HFocusing_5_10_10um_0_520.npy,replace,0,504,4598,4094,replaced_with_noise,0,2000000.0,7000.0,80000.0,500,0.0001,300,300,3493
train,particles2SNR_pipeline/output/p0_c1_Particles2SNR_F_staging/train/10um/HFocusing_5_10_10um_0_522.npy,P0/data/dataset_Particles2SNR_F_c1/train/10um/HFocusing_5_10_10um_0_522.npy,10um,HFocusing_5_10_10um_0_522.npy,replace,,,,,saturation_cleaned_bandpass_filtered,0,2000000.0,7000.0,80000.0,500,0.0001,300,300,0
train,particles2SNR_pipeline/output/p0_c1_Particles2SNR_F_staging/train/10um/HFocusing_5_10_10um_0_523.npy,P0/data/dataset_Particles2SNR_F_c1/train/10um/HFocusing_5_10_10um_0_523.npy,10um,HFocusing_5_10_10um_0_523.npy,replace,0,8668,12838,4170,replaced_with_noise,0,2000000.0,7000.0,80000.0,500,0.0001,300,300,3569
train,particles2SNR_pipeline/output/p0_c1_Particles2SNR_F_staging/train/10um/HFocusing_5_10_10um_0_529.npy,P0/data/dataset_Particles2SNR_F_c1/train/10um/HFocusing_5_10_10um_0_529.npy,10um,HFocusing_5_10_10um_0_529.npy,replace,,,,,saturation_cleaned_bandpass_filtered,0,2000000.0,7000.0,80000.0,500,0.0001,300,300,0
train,particles2SNR_pipeline/output/p0_c1_Particles2SNR_F_staging/train/10um/HFocusing_5_10_10um_0_532.npy,P0/data/dataset_Particles2SNR_F_c1/train/10um/HFocusing_5_10_10um_0_532.npy,10um,HFocusing_5_10_10um_0_532.npy,replace,,,,,saturation_cleaned_bandpass_filtered,0,2000000.0,7000.0,80000.0,500,0.0001,300,300,0
train,particles2SNR_pipeline/output/p0_c1_Particles2SNR_F_staging/train/10um/HFocusing_5_10_10um_0_538.npy,P0/data/dataset_Particles2SNR_F_c1/train/10um/HFocusing_5_10_10um_0_538.npy,10um,HFocusing_5_10_10um_0_538.npy,replace,,,,,saturation_cleaned_bandpass_filtered,0,2000000.0,7000.0,80000.0,500,0.0001,300,300,0
train,particles2SNR_pipeline/output/p0_c1_Particles2SNR_F_staging/train/10um/HFocusing_5_10_10um_0_542.npy,P0/data/dataset_Particles2SNR_F_c1/train/10um/HFocusing_5_10_10um_0_542.npy,10um,HFocusing_5_10_10um_0_542.npy,replace,,,,,saturation_cleaned_bandpass_filtered,0,2000000.0,7000.0,80000.0,500,0.0001,300,300,0
train,particles2SNR_pipeline/output/p0_c1_Particles2SNR_F_staging/train/10um/HFocusing_5_10_10um_0_548.npy,P0/data/dataset_Particles2SNR_F_c1/train/10um/HFocusing_5_10_10um_0_548.npy,10um,HFocusing_5_10_10um_0_548.npy,replace,0,1324,4084,2760,replaced_with_noise,0,2000000.0,7000.0,80000.0,500,0.0001,300,300,2159
train,particles2SNR_pipeline/output/p0_c1_Particles2SNR_F_staging/train/10um/HFocusing_5_10_10um_0_55.npy,P0/data/dataset_Particles2SNR_F_c1/train/10um/HFocusing_5_10_10um_0_55.npy,10um,HFocusing_5_10_10um_0_55.npy,replace,,,,,saturation_cleaned_bandpass_filtered,0,2000000.0,7000.0,80000.0,500,0.0001,300,300,0
train,particles2SNR_pipeline/output/p0_c1_Particles2SNR_F_staging/train/10um/HFocusing_5_10_10um_0_553.npy,P0/data/dataset_Particles2SNR_F_c1/train/10um/HFocusing_5_10_10um_0_553.npy,10um,HFocusing_5_10_10um_0_553.npy,replace,,,,,saturation_cleaned_bandpass_filtered,0,2000000.0,7000.0,80000.0,500,0.0001,300,300,0
train,particles2SNR_pipeline/output/p0_c1_Particles2SNR_F_staging/train/10um/HFocusing_5_10_10um_0_554.npy,P0/data/dataset_Particles2SNR_F_c1/train/10um/HFocusing_5_10_10um_0_554.npy,10um,HFocusing_5_10_10um_0_554.npy,replace,,,,,saturation_cleaned_bandpass_filtered,0,2000000.0,7000.0,80000.0,500,0.0001,300,300,0
train,particles2SNR_pipeline/output/p0_c1_Particles2SNR_F_staging/train/10um/HFocusing_5_10_10um_0_557.npy,P0/data/dataset_Particles2SNR_F_c1/train/10um/HFocusing_5_10_10um_0_557.npy,10um,HFocusing_5_10_10um_0_557.npy,replace,,,,,saturation_cleaned_bandpass_filtered,0,2000000.0,7000.0,80000.0,500,0.0001,300,300,0
train,particles2SNR_pipeline/output/p0_c1_Particles2SNR_F_staging/train/10um/HFocusing_5_10_10um_0_560.npy,P0/data/dataset_Particles2SNR_F_c1/train/10um/HFocusing_5_10_10um_0_560.npy,10um,HFocusing_5_10_10um_0_560.npy,replace,,,,,saturation_cleaned_bandpass_filtered,0,2000000.0,7000.0,80000.0,500,0.0001,300,300,0
train,particles2SNR_pipeline/output/p0_c1_Particles2SNR_F_staging/train/10um/HFocusing_5_10_10um_0_562.npy,P0/data/dataset_Particles2SNR_F_c1/train/10um/HFocusing_5_10_10um_0_562.npy,10um,HFocusing_5_10_10um_0_562.npy,replace,,,,,saturation_cleaned_bandpass_filtered,0,2000000.0,7000.0,80000.0,500,0.0001,300,300,0
train,particles2SNR_pipeline/output/p0_c1_Particles2SNR_F_staging/train/10um/HFocusing_5_10_10um_0_563.npy,P0/data/dataset_Particles2SNR_F_c1/train/10um/HFocusing_5_10_10um_0_563.npy,10um,HFocusing_5_10_10um_0_563.npy,replace,,,,,saturation_cleaned_bandpass_filtered,0,2000000.0,7000.0,80000.0,500,0.0001,300,300,0
train,particles2SNR_pipeline/output/p0_c1_Particles2SNR_F_staging/train/10um/HFocusing_5_10_10um_0_569.npy,P0/data/dataset_Particles2SNR_F_c1/train/10um/HFocusing_5_10_10um_0_569.npy,10um,HFocusing_5_10_10um_0_569.npy,replace,,,,,saturation_cleaned_bandpass_filtered,0,2000000.0,7000.0,80000.0,500,0.0001,300,300,0
train,particles2SNR_pipeline/output/p0_c1_Particles2SNR_F_staging/train/10um/HFocusing_5_10_10um_0_572.npy,P0/data/dataset_Particles2SNR_F_c1/train/10um/HFocusing_5_10_10um_0_572.npy,10um,HFocusing_5_10_10um_0_572.npy,replace,,,,,saturation_cleaned_bandpass_filtered,0,2000000.0,7000.0,80000.0,500,0.0001,300,300,0
train,particles2SNR_pipeline/output/p0_c1_Particles2SNR_F_staging/train/10um/HFocusing_5_10_10um_0_574.npy,P0/data/dataset_Particles2SNR_F_c1/train/10um/HFocusing_5_10_10um_0_574.npy,10um,HFocusing_5_10_10um_0_574.npy,replace,,,,,saturation_cleaned_bandpass_filtered,0,2000000.0,7000.0,80000.0,500,0.0001,300,300,0
train,particles2SNR_pipeline/output/p0_c1_Particles2SNR_F_staging/train/10um/HFocusing_5_10_10um_0_577.npy,P0/data/dataset_Particles2SNR_F_c1/train/10um/HFocusing_5_10_10um_0_577.npy,10um,HFocusing_5_10_10um_0_577.npy,replace,,,,,saturation_cleaned_bandpass_filtered,0,2000000.0,7000.0,80000.0,500,0.0001,300,300,0
train,particles2SNR_pipeline/output/p0_c1_Particles2SNR_F_staging/train/10um/HFocusing_5_10_10um_0_578.npy,P0/data/dataset_Particles2SNR_F_c1/train/10um/HFocusing_5_10_10um_0_578.npy,10um,HFocusing_5_10_10um_0_578.npy,replace,0,6066,9980,3914,replaced_with_noise,0,2000000.0,7000.0,80000.0,500,0.0001,300,300,3313
train,particles2SNR_pipeline/output/p0_c1_Particles2SNR_F_staging/train/10um/HFocusing_5_10_10um_0_58.npy,P0/data/dataset_Particles2SNR_F_c1/train/10um/HFocusing_5_10_10um_0_58.npy,10um,HFocusing_5_10_10um_0_58.npy,replace,,,,,saturation_cleaned_bandpass_filtered,0,2000000.0,7000.0,80000.0,500,0.0001,300,300,0
train,particles2SNR_pipeline/output/p0_c1_Particles2SNR_F_staging/train/10um/HFocusing_5_10_10um_0_581.npy,P0/data/dataset_Particles2SNR_F_c1/train/10um/HFocusing_5_10_10um_0_581.npy,10um,HFocusing_5_10_10um_0_581.npy,replace,,,,,saturation_cleaned_bandpass_filtered,0,2000000.0,7000.0,80000.0,500,0.0001,300,300,0
train,particles2SNR_pipeline/output/p0_c1_Particles2SNR_F_staging/train/10um/HFocusing_5_10_10um_0_584.npy,P0/data/dataset_Particles2SNR_F_c1/train/10um/HFocusing_5_10_10um_0_584.npy,10um,HFocusing_5_10_10um_0_584.npy,replace,,,,,saturation_cleaned_bandpass_filtered,0,2000000.0,7000.0,80000.0,500,0.0001,300,300,0
train,particles2SNR_pipeline/output/p0_c1_Particles2SNR_F_staging/train/10um/HFocusing_5_10_10um_0_587.npy,P0/data/dataset_Particles2SNR_F_c1/train/10um/HFocusing_5_10_10um_0_587.npy,10um,HFocusing_5_10_10um_0_587.npy,replace,0,13310,16293,2983,replaced_with_noise,0,2000000.0,7000.0,80000.0,500,0.0001,300,300,2382
train,particles2SNR_pipeline/output/p0_c1_Particles2SNR_F_staging/train/10um/HFocusing_5_10_10um_0_588.npy,P0/data/dataset_Particles2SNR_F_c1/train/10um/HFocusing_5_10_10um_0_588.npy,10um,HFocusing_5_10_10um_0_588.npy,replace,,,,,saturation_cleaned_bandpass_filtered,0,2000000.0,7000.0,80000.0,500,0.0001,300,300,0
train,particles2SNR_pipeline/output/p0_c1_Particles2SNR_F_staging/train/10um/HFocusing_5_10_10um_0_59.npy,P0/data/dataset_Particles2SNR_F_c1/train/10um/HFocusing_5_10_10um_0_59.npy,10um,HFocusing_5_10_10um_0_59.npy,replace,,,,,saturation_cleaned_bandpass_filtered,0,2000000.0,7000.0,80000.0,500,0.0001,300,300,0
train,particles2SNR_pipeline/output/p0_c1_Particles2SNR_F_staging/train/10um/HFocusing_5_10_10um_0_594.npy,P0/data/dataset_Particles2SNR_F_c1/train/10um/HFocusing_5_10_10um_0_594.npy,10um,HFocusing_5_10_10um_0_594.npy,replace,,,,,saturation_cleaned_bandpass_filtered,0,2000000.0,7000.0,80000.0,500,0.0001,300,300,0
train,particles2SNR_pipeline/output/p0_c1_Particles2SNR_F_staging/train/10um/HFocusing_5_10_10um_0_595.npy,P0/data/dataset_Particles2SNR_F_c1/train/10um/HFocusing_5_10_10um_0_595.npy,10um,HFocusing_5_10_10um_0_595.npy,replace,,,,,saturation_cleaned_bandpass_filtered,0,2000000.0,7000.0,80000.0,500,0.0001,300,300,0
train,particles2SNR_pipeline/output/p0_c1_Particles2SNR_F_staging/train/10um/HFocusing_5_10_10um_0_598.npy,P0/data/dataset_Particles2SNR_F_c1/train/10um/HFocusing_5_10_10um_0_598.npy,10um,HFocusing_5_10_10um_0_598.npy,replace,,,,,saturation_cleaned_bandpass_filtered,0,2000000.0,7000.0,80000.0,500,0.0001,300,300,0
train,particles2SNR_pipeline/output/p0_c1_Particles2SNR_F_staging/train/10um/HFocusing_5_10_10um_0_601.npy,P0/data/dataset_Particles2SNR_F_c1/train/10um/HFocusing_5_10_10um_0_601.npy,10um,HFocusing_5_10_10um_0_601.npy,replace,,,,,saturation_cleaned_bandpass_filtered,0,2000000.0,7000.0,80000.0,500,0.0001,300,300,0
train,particles2SNR_pipeline/output/p0_c1_Particles2SNR_F_staging/train/10um/HFocusing_5_10_10um_0_604.npy,P0/data/dataset_Particles2SNR_F_c1/train/10um/HFocusing_5_10_10um_0_604.npy,10um,HFocusing_5_10_10um_0_604.npy,replace,,,,,saturation_cleaned_bandpass_filtered,0,2000000.0,7000.0,80000.0,500,0.0001,300,300,0
train,particles2SNR_pipeline/output/p0_c1_Particles2SNR_F_staging/train/10um/HFocusing_5_10_10um_0_607.npy,P0/data/dataset_Particles2SNR_F_c1/train/10um/HFocusing_5_10_10um_0_607.npy,10um,HFocusing_5_10_10um_0_607.npy,replace,,,,,saturation_cleaned_bandpass_filtered,0,2000000.0,7000.0,80000.0,500,0.0001,300,300,0
train,particles2SNR_pipeline/output/p0_c1_Particles2SNR_F_staging/train/10um/HFocusing_5_10_10um_0_613.npy,P0/data/dataset_Particles2SNR_F_c1/train/10um/HFocusing_5_10_10um_0_613.npy,10um,HFocusing_5_10_10um_0_613.npy,replace,,,,,saturation_cleaned_bandpass_filtered,0,2000000.0,7000.0,80000.0,500,0.0001,300,300,0
train,particles2SNR_pipeline/output/p0_c1_Particles2SNR_F_staging/train/10um/HFocusing_5_10_10um_0_618.npy,P0/data/dataset_Particles2SNR_F_c1/train/10um/HFocusing_5_10_10um_0_618.npy,10um,HFocusing_5_10_10um_0_618.npy,replace,,,,,saturation_cleaned_bandpass_filtered,0,2000000.0,7000.0,80000.0,500,0.0001,300,300,0
train,particles2SNR_pipeline/output/p0_c1_Particles2SNR_F_staging/train/10um/HFocusing_5_10_10um_0_619.npy,P0/data/dataset_Particles2SNR_F_c1/train/10um/HFocusing_5_10_10um_0_619.npy,10um,HFocusing_5_10_10um_0_619.npy,replace,,,,,saturation_cleaned_bandpass_filtered,0,2000000.0,7000.0,80000.0,500,0.0001,300,300,0
train,particles2SNR_pipeline/output/p0_c1_Particles2SNR_F_staging/train/10um/HFocusing_5_10_10um_0_62.npy,P0/data/dataset_Particles2SNR_F_c1/train/10um/HFocusing_5_10_10um_0_62.npy,10um,HFocusing_5_10_10um_0_62.npy,replace,,,,,saturation_cleaned_bandpass_filtered,0,2000000.0,7000.0,80000.0,500,0.0001,300,300,0
train,particles2SNR_pipeline/output/p0_c1_Particles2SNR_F_staging/train/10um/HFocusing_5_10_10um_0_622.npy,P0/data/dataset_Particles2SNR_F_c1/train/10um/HFocusing_5_10_10um_0_622.npy,10um,HFocusing_5_10_10um_0_622.npy,replace,,,,,saturation_cleaned_bandpass_filtered,0,2000000.0,7000.0,80000.0,500,0.0001,300,300,0
train,particles2SNR_pipeline/output/p0_c1_Particles2SNR_F_staging/train/10um/HFocusing_5_10_10um_0_625.npy,P0/data/dataset_Particles2SNR_F_c1/train/10um/HFocusing_5_10_10um_0_625.npy,10um,HFocusing_5_10_10um_0_625.npy,replace,,,,,saturation_cleaned_bandpass_filtered,0,2000000.0,7000.0,80000.0,500,0.0001,300,300,0
train,particles2SNR_pipeline/output/p0_c1_Particles2SNR_F_staging/train/10um/HFocusing_5_10_10um_0_627.npy,P0/data/dataset_Particles2SNR_F_c1/train/10um/HFocusing_5_10_10um_0_627.npy,10um,HFocusing_5_10_10um_0_627.npy,replace,,,,,saturation_cleaned_bandpass_filtered,0,2000000.0,7000.0,80000.0,500,0.0001,300,300,0
train,particles2SNR_pipeline/output/p0_c1_Particles2SNR_F_staging/train/10um/HFocusing_5_10_10um_0_628.npy,P0/data/dataset_Particles2SNR_F_c1/train/10um/HFocusing_5_10_10um_0_628.npy,10um,HFocusing_5_10_10um_0_628.npy,replace,,,,,saturation_cleaned_bandpass_filtered,0,2000000.0,7000.0,80000.0,500,0.0001,300,300,0
train,particles2SNR_pipeline/output/p0_c1_Particles2SNR_F_staging/train/10um/HFocusing_5_10_10um_0_63.npy,P0/data/dataset_Particles2SNR_F_c1/train/10um/HFocusing_5_10_10um_0_63.npy,10um,HFocusing_5_10_10um_0_63.npy,replace,,,,,saturation_cleaned_bandpass_filtered,0,2000000.0,7000.0,80000.0,500,0.0001,300,300,0
train,particles2SNR_pipeline/output/p0_c1_Particles2SNR_F_staging/train/10um/HFocusing_5_10_10um_0_631.npy,P0/data/dataset_Particles2SNR_F_c1/train/10um/HFocusing_5_10_10um_0_631.npy,10um,HFocusing_5_10_10um_0_631.npy,replace,,,,,saturation_cleaned_bandpass_filtered,0,2000000.0,7000.0,80000.0,500,0.0001,300,300,0
train,particles2SNR_pipeline/output/p0_c1_Particles2SNR_F_staging/train/10um/HFocusing_5_10_10um_0_634.npy,P0/data/dataset_Particles2SNR_F_c1/train/10um/HFocusing_5_10_10um_0_634.npy,10um,HFocusing_5_10_10um_0_634.npy,replace,,,,,saturation_cleaned_bandpass_filtered,0,2000000.0,7000.0,80000.0,500,0.0001,300,300,0
train,particles2SNR_pipeline/output/p0_c1_Particles2SNR_F_staging/train/10um/HFocusing_5_10_10um_0_635.npy,P0/data/dataset_Particles2SNR_F_c1/train/10um/HFocusing_5_10_10um_0_635.npy,10um,HFocusing_5_10_10um_0_635.npy,replace,,,,,saturation_cleaned_bandpass_filtered,0,2000000.0,7000.0,80000.0,500,0.0001,300,300,0
train,particles2SNR_pipeline/output/p0_c1_Particles2SNR_F_staging/train/10um/HFocusing_5_10_10um_0_638.npy,P0/data/dataset_Particles2SNR_F_c1/train/10um/HFocusing_5_10_10um_0_638.npy,10um,HFocusing_5_10_10um_0_638.npy,replace,,,,,saturation_cleaned_bandpass_filtered,0,2000000.0,7000.0,80000.0,500,0.0001,300,300,0
train,particles2SNR_pipeline/output/p0_c1_Particles2SNR_F_staging/train/10um/HFocusing_5_10_10um_0_639.npy,P0/data/dataset_Particles2SNR_F_c1/train/10um/HFocusing_5_10_10um_0_639.npy,10um,HFocusing_5_10_10um_0_639.npy,replace,,,,,saturation_cleaned_bandpass_filtered,0,2000000.0,7000.0,80000.0,500,0.0001,300,300,0
train,particles2SNR_pipeline/output/p0_c1_Particles2SNR_F_staging/train/10um/HFocusing_5_10_10um_0_641.npy,P0/data/dataset_Particles2SNR_F_c1/train/10um/HFocusing_5_10_10um_0_641.npy,10um,HFocusing_5_10_10um_0_641.npy,replace,,,,,saturation_cleaned_bandpass_filtered,0,2000000.0,7000.0,80000.0,500,0.0001,300,300,0
train,particles2SNR_pipeline/output/p0_c1_Particles2SNR_F_staging/train/10um/HFocusing_5_10_10um_0_645.npy,P0/data/dataset_Particles2SNR_F_c1/train/10um/HFocusing_5_10_10um_0_645.npy,10um,HFocusing_5_10_10um_0_645.npy,replace,,,,,saturation_cleaned_bandpass_filtered,0,2000000.0,7000.0,80000.0,500,0.0001,300,300,0
train,particles2SNR_pipeline/output/p0_c1_Particles2SNR_F_staging/train/10um/HFocusing_5_10_10um_0_647.npy,P0/data/dataset_Particles2SNR_F_c1/train/10um/HFocusing_5_10_10um_0_647.npy,10um,HFocusing_5_10_10um_0_647.npy,replace,,,,,saturation_cleaned_bandpass_filtered,0,2000000.0,7000.0,80000.0,500,0.0001,300,300,0
train,particles2SNR_pipeline/output/p0_c1_Particles2SNR_F_staging/train/10um/HFocusing_5_10_10um_0_648.npy,P0/data/dataset_Particles2SNR_F_c1/train/10um/HFocusing_5_10_10um_0_648.npy,10um,HFocusing_5_10_10um_0_648.npy,replace,0,2394,7219,4825,replaced_with_noise,0,2000000.0,7000.0,80000.0,500,0.0001,300,300,4224
train,particles2SNR_pipeline/output/p0_c1_Particles2SNR_F_staging/train/10um/HFocusing_5_10_10um_0_650.npy,P0/data/dataset_Particles2SNR_F_c1/train/10um/HFocusing_5_10_10um_0_650.npy,10um,HFocusing_5_10_10um_0_650.npy,replace,,,,,saturation_cleaned_bandpass_filtered,0,2000000.0,7000.0,80000.0,500,0.0001,300,300,0
train,particles2SNR_pipeline/output/p0_c1_Particles2SNR_F_staging/train/10um/HFocusing_5_10_10um_0_653.npy,P0/data/dataset_Particles2SNR_F_c1/train/10um/HFocusing_5_10_10um_0_653.npy,10um,HFocusing_5_10_10um_0_653.npy,replace,,,,,saturation_cleaned_bandpass_filtered,0,2000000.0,7000.0,80000.0,500,0.0001,300,300,0
train,particles2SNR_pipeline/output/p0_c1_Particles2SNR_F_staging/train/10um/HFocusing_5_10_10um_0_656.npy,P0/data/dataset_Particles2SNR_F_c1/train/10um/HFocusing_5_10_10um_0_656.npy,10um,HFocusing_5_10_10um_0_656.npy,replace,0,14954,16384,1430,replaced_with_noise,0,2000000.0,7000.0,80000.0,500,0.0001,300,300,1129
train,particles2SNR_pipeline/output/p0_c1_Particles2SNR_F_staging/train/10um/HFocusing_5_10_10um_0_658.npy,P0/data/dataset_Particles2SNR_F_c1/train/10um/HFocusing_5_10_10um_0_658.npy,10um,HFocusing_5_10_10um_0_658.npy,replace,,,,,saturation_cleaned_bandpass_filtered,0,2000000.0,7000.0,80000.0,500,0.0001,300,300,0
train,particles2SNR_pipeline/output/p0_c1_Particles2SNR_F_staging/train/10um/HFocusing_5_10_10um_0_66.npy,P0/data/dataset_Particles2SNR_F_c1/train/10um/HFocusing_5_10_10um_0_66.npy,10um,HFocusing_5_10_10um_0_66.npy,replace,,,,,saturation_cleaned_bandpass_filtered,0,2000000.0,7000.0,80000.0,500,0.0001,300,300,0
train,particles2SNR_pipeline/output/p0_c1_Particles2SNR_F_staging/train/10um/HFocusing_5_10_10um_0_660.npy,P0/data/dataset_Particles2SNR_F_c1/train/10um/HFocusing_5_10_10um_0_660.npy,10um,HFocusing_5_10_10um_0_660.npy,replace,,,,,saturation_cleaned_bandpass_filtered,0,2000000.0,7000.0,80000.0,500,0.0001,300,300,0
train,particles2SNR_pipeline/output/p0_c1_Particles2SNR_F_staging/train/10um/HFocusing_5_10_10um_0_663.npy,P0/data/dataset_Particles2SNR_F_c1/train/10um/HFocusing_5_10_10um_0_663.npy,10um,HFocusing_5_10_10um_0_663.npy,replace,0,29,5027,4998,replaced_with_noise,0,2000000.0,7000.0,80000.0,500,0.0001,300,300,4397
train,particles2SNR_pipeline/output/p0_c1_Particles2SNR_F_staging/train/10um/HFocusing_5_10_10um_0_665.npy,P0/data/dataset_Particles2SNR_F_c1/train/10um/HFocusing_5_10_10um_0_665.npy,10um,HFocusing_5_10_10um_0_665.npy,replace,0,6041,10227,4186,replaced_with_noise,0,2000000.0,7000.0,80000.0,500,0.0001,300,300,3585
train,particles2SNR_pipeline/output/p0_c1_Particles2SNR_F_staging/train/10um/HFocusing_5_10_10um_0_666.npy,P0/data/dataset_Particles2SNR_F_c1/train/10um/HFocusing_5_10_10um_0_666.npy,10um,HFocusing_5_10_10um_0_666.npy,replace,,,,,saturation_cleaned_bandpass_filtered,0,2000000.0,7000.0,80000.0,500,0.0001,300,300,0
train,particles2SNR_pipeline/output/p0_c1_Particles2SNR_F_staging/train/10um/HFocusing_5_10_10um_0_669.npy,P0/data/dataset_Particles2SNR_F_c1/train/10um/HFocusing_5_10_10um_0_669.npy,10um,HFocusing_5_10_10um_0_669.npy,replace,,,,,saturation_cleaned_bandpass_filtered,0,2000000.0,7000.0,80000.0,500,0.0001,300,300,0
train,particles2SNR_pipeline/output/p0_c1_Particles2SNR_F_staging/train/10um/HFocusing_5_10_10um_0_672.npy,P0/data/dataset_Particles2SNR_F_c1/train/10um/HFocusing_5_10_10um_0_672.npy,10um,HFocusing_5_10_10um_0_672.npy,replace,,,,,saturation_cleaned_bandpass_filtered,0,2000000.0,7000.0,80000.0,500,0.0001,300,300,0
train,particles2SNR_pipeline/output/p0_c1_Particles2SNR_F_staging/train/10um/HFocusing_5_10_10um_0_673.npy,P0/data/dataset_Particles2SNR_F_c1/train/10um/HFocusing_5_10_10um_0_673.npy,10um,HFocusing_5_10_10um_0_673.npy,replace,0,7864,11778,3914,replaced_with_noise,0,2000000.0,7000.0,80000.0,500,0.0001,300,300,3313
train,particles2SNR_pipeline/output/p0_c1_Particles2SNR_F_staging/train/10um/HFocusing_5_10_10um_0_676.npy,P0/data/dataset_Particles2SNR_F_c1/train/10um/HFocusing_5_10_10um_0_676.npy,10um,HFocusing_5_10_10um_0_676.npy,replace,,,,,saturation_cleaned_bandpass_filtered,0,2000000.0,7000.0,80000.0,500,0.0001,300,300,0
train,particles2SNR_pipeline/output/p0_c1_Particles2SNR_F_staging/train/10um/HFocusing_5_10_10um_0_68.npy,P0/data/dataset_Particles2SNR_F_c1/train/10um/HFocusing_5_10_10um_0_68.npy,10um,HFocusing_5_10_10um_0_68.npy,replace,,,,,saturation_cleaned_bandpass_filtered,0,2000000.0,7000.0,80000.0,500,0.0001,300,300,0
train,particles2SNR_pipeline/output/p0_c1_Particles2SNR_F_staging/train/10um/HFocusing_5_10_10um_0_680.npy,P0/data/dataset_Particles2SNR_F_c1/train/10um/HFocusing_5_10_10um_0_680.npy,10um,HFocusing_5_10_10um_0_680.npy,replace,,,,,saturation_cleaned_bandpass_filtered,0,2000000.0,7000.0,80000.0,500,0.0001,300,300,0
train,particles2SNR_pipeline/output/p0_c1_Particles2SNR_F_staging/train/10um/HFocusing_5_10_10um_0_683.npy,P0/data/dataset_Particles2SNR_F_c1/train/10um/HFocusing_5_10_10um_0_683.npy,10um,HFocusing_5_10_10um_0_683.npy,replace,0,14272,16384,2112,replaced_with_noise,0,2000000.0,7000.0,80000.0,500,0.0001,300,300,1811
train,particles2SNR_pipeline/output/p0_c1_Particles2SNR_F_staging/train/10um/HFocusing_5_10_10um_0_685.npy,P0/data/dataset_Particles2SNR_F_c1/train/10um/HFocusing_5_10_10um_0_685.npy,10um,HFocusing_5_10_10um_0_685.npy,replace,0,0,3782,3782,replaced_with_noise,0,2000000.0,7000.0,80000.0,500,0.0001,300,300,3481
train,particles2SNR_pipeline/output/p0_c1_Particles2SNR_F_staging/train/10um/HFocusing_5_10_10um_0_686.npy,P0/data/dataset_Particles2SNR_F_c1/train/10um/HFocusing_5_10_10um_0_686.npy,10um,HFocusing_5_10_10um_0_686.npy,replace,,,,,saturation_cleaned_bandpass_filtered,0,2000000.0,7000.0,80000.0,500,0.0001,300,300,0
train,particles2SNR_pipeline/output/p0_c1_Particles2SNR_F_staging/train/10um/HFocusing_5_10_10um_0_69.npy,P0/data/dataset_Particles2SNR_F_c1/train/10um/HFocusing_5_10_10um_0_69.npy,10um,HFocusing_5_10_10um_0_69.npy,replace,,,,,saturation_cleaned_bandpass_filtered,0,2000000.0,7000.0,80000.0,500,0.0001,300,300,0
train,particles2SNR_pipeline/output/p0_c1_Particles2SNR_F_staging/train/10um/HFocusing_5_10_10um_0_695.npy,P0/data/dataset_Particles2SNR_F_c1/train/10um/HFocusing_5_10_10um_0_695.npy,10um,HFocusing_5_10_10um_0_695.npy,replace,,,,,saturation_cleaned_bandpass_filtered,0,2000000.0,7000.0,80000.0,500,0.0001,300,300,0
train,particles2SNR_pipeline/output/p0_c1_Particles2SNR_F_staging/train/10um/HFocusing_5_10_10um_0_701.npy,P0/data/dataset_Particles2SNR_F_c1/train/10um/HFocusing_5_10_10um_0_701.npy,10um,HFocusing_5_10_10um_0_701.npy,replace,0,1605,5068,3463,replaced_with_noise,0,2000000.0,7000.0,80000.0,500,0.0001,300,300,2862
train,particles2SNR_pipeline/output/p0_c1_Particles2SNR_F_staging/train/10um/HFocusing_5_10_10um_0_704.npy,P0/data/dataset_Particles2SNR_F_c1/train/10um/HFocusing_5_10_10um_0_704.npy,10um,HFocusing_5_10_10um_0_704.npy,replace,,,,,saturation_cleaned_bandpass_filtered,0,2000000.0,7000.0,80000.0,500,0.0001,300,300,0
train,particles2SNR_pipeline/output/p0_c1_Particles2SNR_F_staging/train/10um/HFocusing_5_10_10um_0_707.npy,P0/data/dataset_Particles2SNR_F_c1/train/10um/HFocusing_5_10_10um_0_707.npy,10um,HFocusing_5_10_10um_0_707.npy,replace,0,5350,9539,4189,replaced_with_noise,0,2000000.0,7000.0,80000.0,500,0.0001,300,300,3588
train,particles2SNR_pipeline/output/p0_c1_Particles2SNR_F_staging/train/10um/HFocusing_5_10_10um_0_710.npy,P0/data/dataset_Particles2SNR_F_c1/train/10um/HFocusing_5_10_10um_0_710.npy,10um,HFocusing_5_10_10um_0_710.npy,replace,0,8290,9524,1234,replaced_with_noise,0,2000000.0,7000.0,80000.0,500,0.0001,300,300,633
train,particles2SNR_pipeline/output/p0_c1_Particles2SNR_F_staging/train/10um/HFocusing_5_10_10um_0_713.npy,P0/data/dataset_Particles2SNR_F_c1/train/10um/HFocusing_5_10_10um_0_713.npy,10um,HFocusing_5_10_10um_0_713.npy,replace,0,0,1786,1786,replaced_with_noise,0,2000000.0,7000.0,80000.0,500,0.0001,300,300,1485
train,particles2SNR_pipeline/output/p0_c1_Particles2SNR_F_staging/train/10um/HFocusing_5_10_10um_0_714.npy,P0/data/dataset_Particles2SNR_F_c1/train/10um/HFocusing_5_10_10um_0_714.npy,10um,HFocusing_5_10_10um_0_714.npy,replace,0,10703,13027,2324,replaced_with_noise,0,2000000.0,7000.0,80000.0,500,0.0001,300,300,1723
train,particles2SNR_pipeline/output/p0_c1_Particles2SNR_F_staging/train/10um/HFocusing_5_10_10um_0_718.npy,P0/data/dataset_Particles2SNR_F_c1/train/10um/HFocusing_5_10_10um_0_718.npy,10um,HFocusing_5_10_10um_0_718.npy,replace,,,,,saturation_cleaned_bandpass_filtered,0,2000000.0,7000.0,80000.0,500,0.0001,300,300,0
train,particles2SNR_pipeline/output/p0_c1_Particles2SNR_F_staging/train/10um/HFocusing_5_10_10um_0_72.npy,P0/data/dataset_Particles2SNR_F_c1/train/10um/HFocusing_5_10_10um_0_72.npy,10um,HFocusing_5_10_10um_0_72.npy,replace,,,,,saturation_cleaned_bandpass_filtered,0,2000000.0,7000.0,80000.0,500,0.0001,300,300,0
train,particles2SNR_pipeline/output/p0_c1_Particles2SNR_F_staging/train/10um/HFocusing_5_10_10um_0_721.npy,P0/data/dataset_Particles2SNR_F_c1/train/10um/HFocusing_5_10_10um_0_721.npy,10um,HFocusing_5_10_10um_0_721.npy,replace,0,5060,8377,3317,replaced_with_noise,0,2000000.0,7000.0,80000.0,500,0.0001,300,300,2716
train,particles2SNR_pipeline/output/p0_c1_Particles2SNR_F_staging/train/10um/HFocusing_5_10_10um_0_722.npy,P0/data/dataset_Particles2SNR_F_c1/train/10um/HFocusing_5_10_10um_0_722.npy,10um,HFocusing_5_10_10um_0_722.npy,replace,,,,,saturation_cleaned_bandpass_filtered,0,2000000.0,7000.0,80000.0,500,0.0001,300,300,0
train,particles2SNR_pipeline/output/p0_c1_Particles2SNR_F_staging/train/10um/HFocusing_5_10_10um_0_725.npy,P0/data/dataset_Particles2SNR_F_c1/train/10um/HFocusing_5_10_10um_0_725.npy,10um,HFocusing_5_10_10um_0_725.npy,replace,,,,,saturation_cleaned_bandpass_filtered,0,2000000.0,7000.0,80000.0,500,0.0001,300,300,0
train,particles2SNR_pipeline/output/p0_c1_Particles2SNR_F_staging/train/10um/HFocusing_5_10_10um_0_728.npy,P0/data/dataset_Particles2SNR_F_c1/train/10um/HFocusing_5_10_10um_0_728.npy,10um,HFocusing_5_10_10um_0_728.npy,replace,0,10154,15158,5004,replaced_with_noise,0,2000000.0,7000.0,80000.0,500,0.0001,300,300,4403
train,particles2SNR_pipeline/output/p0_c1_Particles2SNR_F_staging/train/10um/HFocusing_5_10_10um_0_731.npy,P0/data/dataset_Particles2SNR_F_c1/train/10um/HFocusing_5_10_10um_0_731.npy,10um,HFocusing_5_10_10um_0_731.npy,replace,0,3015,7048,4033,replaced_with_noise,0,2000000.0,7000.0,80000.0,500,0.0001,300,300,3432
train,particles2SNR_pipeline/output/p0_c1_Particles2SNR_F_staging/train/10um/HFocusing_5_10_10um_0_734.npy,P0/data/dataset_Particles2SNR_F_c1/train/10um/HFocusing_5_10_10um_0_734.npy,10um,HFocusing_5_10_10um_0_734.npy,replace,0,5395,9020,3625,replaced_with_noise,0,2000000.0,7000.0,80000.0,500,0.0001,300,300,3024
train,particles2SNR_pipeline/output/p0_c1_Particles2SNR_F_staging/train/10um/HFocusing_5_10_10um_0_737.npy,P0/data/dataset_Particles2SNR_F_c1/train/10um/HFocusing_5_10_10um_0_737.npy,10um,HFocusing_5_10_10um_0_737.npy,replace,,,,,saturation_cleaned_bandpass_filtered,0,2000000.0,7000.0,80000.0,500,0.0001,300,300,0
train,particles2SNR_pipeline/output/p0_c1_Particles2SNR_F_staging/train/10um/HFocusing_5_10_10um_0_740.npy,P0/data/dataset_Particles2SNR_F_c1/train/10um/HFocusing_5_10_10um_0_740.npy,10um,HFocusing_5_10_10um_0_740.npy,replace,0,4632,9095,4463,replaced_with_noise,0,2000000.0,7000.0,80000.0,500,0.0001,300,300,3862
train,particles2SNR_pipeline/output/p0_c1_Particles2SNR_F_staging/train/10um/HFocusing_5_10_10um_0_741.npy,P0/data/dataset_Particles2SNR_F_c1/train/10um/HFocusing_5_10_10um_0_741.npy,10um,HFocusing_5_10_10um_0_741.npy,replace,0,141,3653,3512,replaced_with_noise,0,2000000.0,7000.0,80000.0,500,0.0001,300,300,2911
train,particles2SNR_pipeline/output/p0_c1_Particles2SNR_F_staging/train/10um/HFocusing_5_10_10um_0_744.npy,P0/data/dataset_Particles2SNR_F_c1/train/10um/HFocusing_5_10_10um_0_744.npy,10um,HFocusing_5_10_10um_0_744.npy,replace,0,12085,16384,4299,replaced_with_noise,0,2000000.0,7000.0,80000.0,500,0.0001,300,300,3998
train,particles2SNR_pipeline/output/p0_c1_Particles2SNR_F_staging/train/10um/HFocusing_5_10_10um_0_745.npy,P0/data/dataset_Particles2SNR_F_c1/train/10um/HFocusing_5_10_10um_0_745.npy,10um,HFocusing_5_10_10um_0_745.npy,replace,,,,,saturation_cleaned_bandpass_filtered,0,2000000.0,7000.0,80000.0,500,0.0001,300,300,0
train,particles2SNR_pipeline/output/p0_c1_Particles2SNR_F_staging/train/10um/HFocusing_5_10_10um_0_748.npy,P0/data/dataset_Particles2SNR_F_c1/train/10um/HFocusing_5_10_10um_0_748.npy,10um,HFocusing_5_10_10um_0_748.npy,replace,,,,,saturation_cleaned_bandpass_filtered,0,2000000.0,7000.0,80000.0,500,0.0001,300,300,0
train,particles2SNR_pipeline/output/p0_c1_Particles2SNR_F_staging/train/10um/HFocusing_5_10_10um_0_749.npy,P0/data/dataset_Particles2SNR_F_c1/train/10um/HFocusing_5_10_10um_0_749.npy,10um,HFocusing_5_10_10um_0_749.npy,replace,0,2929,6067,3138,replaced_with_noise,0,2000000.0,7000.0,80000.0,500,0.0001,300,300,2537
train,particles2SNR_pipeline/output/p0_c1_Particles2SNR_F_staging/train/10um/HFocusing_5_10_10um_0_75.npy,P0/data/dataset_Particles2SNR_F_c1/train/10um/HFocusing_5_10_10um_0_75.npy,10um,HFocusing_5_10_10um_0_75.npy,replace,,,,,saturation_cleaned_bandpass_filtered,0,2000000.0,7000.0,80000.0,500,0.0001,300,300,0
train,particles2SNR_pipeline/output/p0_c1_Particles2SNR_F_staging/train/10um/HFocusing_5_10_10um_0_753.npy,P0/data/dataset_Particles2SNR_F_c1/train/10um/HFocusing_5_10_10um_0_753.npy,10um,HFocusing_5_10_10um_0_753.npy,replace,0,10650,14974,4324,replaced_with_noise,0,2000000.0,7000.0,80000.0,500,0.0001,300,300,3723
train,particles2SNR_pipeline/output/p0_c1_Particles2SNR_F_staging/train/10um/HFocusing_5_10_10um_0_756.npy,P0/data/dataset_Particles2SNR_F_c1/train/10um/HFocusing_5_10_10um_0_756.npy,10um,HFocusing_5_10_10um_0_756.npy,replace,0,12309,14249,1940,replaced_with_noise,0,2000000.0,7000.0,80000.0,500,0.0001,300,300,1339
train,particles2SNR_pipeline/output/p0_c1_Particles2SNR_F_staging/train/10um/HFocusing_5_10_10um_0_76.npy,P0/data/dataset_Particles2SNR_F_c1/train/10um/HFocusing_5_10_10um_0_76.npy,10um,HFocusing_5_10_10um_0_76.npy,replace,0,3788,7610,3822,replaced_with_noise,0,2000000.0,7000.0,80000.0,500,0.0001,300,300,3221
train,particles2SNR_pipeline/output/p0_c1_Particles2SNR_F_staging/train/10um/HFocusing_5_10_10um_0_761.npy,P0/data/dataset_Particles2SNR_F_c1/train/10um/HFocusing_5_10_10um_0_761.npy,10um,HFocusing_5_10_10um_0_761.npy,replace,0,1294,4078,2784,replaced_with_noise,0,2000000.0,7000.0,80000.0,500,0.0001,300,300,2183
train,particles2SNR_pipeline/output/p0_c1_Particles2SNR_F_staging/train/10um/HFocusing_5_10_10um_0_761.npy,P0/data/dataset_Particles2SNR_F_c1/train/10um/HFocusing_5_10_10um_0_761.npy,10um,HFocusing_5_10_10um_0_761.npy,replace,1,15493,16384,891,replaced_with_noise,0,2000000.0,7000.0,80000.0,500,0.0001,300,300,2183
train,particles2SNR_pipeline/output/p0_c1_Particles2SNR_F_staging/train/10um/HFocusing_5_10_10um_0_765.npy,P0/data/dataset_Particles2SNR_F_c1/train/10um/HFocusing_5_10_10um_0_765.npy,10um,HFocusing_5_10_10um_0_765.npy,replace,,,,,saturation_cleaned_bandpass_filtered,0,2000000.0,7000.0,80000.0,500,0.0001,300,300,0
train,particles2SNR_pipeline/output/p0_c1_Particles2SNR_F_staging/train/10um/HFocusing_5_10_10um_0_768.npy,P0/data/dataset_Particles2SNR_F_c1/train/10um/HFocusing_5_10_10um_0_768.npy,10um,HFocusing_5_10_10um_0_768.npy,replace,0,0,3555,3555,replaced_with_noise,0,2000000.0,7000.0,80000.0,500,0.0001,300,300,3254
train,particles2SNR_pipeline/output/p0_c1_Particles2SNR_F_staging/train/10um/HFocusing_5_10_10um_0_769.npy,P0/data/dataset_Particles2SNR_F_c1/train/10um/HFocusing_5_10_10um_0_769.npy,10um,HFocusing_5_10_10um_0_769.npy,replace,0,3432,6841,3409,replaced_with_noise,0,2000000.0,7000.0,80000.0,500,0.0001,300,300,2808
train,particles2SNR_pipeline/output/p0_c1_Particles2SNR_F_staging/train/10um/HFocusing_5_10_10um_0_772.npy,P0/data/dataset_Particles2SNR_F_c1/train/10um/HFocusing_5_10_10um_0_772.npy,10um,HFocusing_5_10_10um_0_772.npy,replace,0,10786,15918,5132,replaced_with_noise,0,2000000.0,7000.0,80000.0,500,0.0001,300,300,4531
train,particles2SNR_pipeline/output/p0_c1_Particles2SNR_F_staging/train/10um/HFocusing_5_10_10um_0_778.npy,P0/data/dataset_Particles2SNR_F_c1/train/10um/HFocusing_5_10_10um_0_778.npy,10um,HFocusing_5_10_10um_0_778.npy,replace,0,9239,11969,2730,replaced_with_noise,0,2000000.0,7000.0,80000.0,500,0.0001,300,300,2129
train,particles2SNR_pipeline/output/p0_c1_Particles2SNR_F_staging/train/10um/HFocusing_5_10_10um_0_779.npy,P0/data/dataset_Particles2SNR_F_c1/train/10um/HFocusing_5_10_10um_0_779.npy,10um,HFocusing_5_10_10um_0_779.npy,replace,,,,,saturation_cleaned_bandpass_filtered,0,2000000.0,7000.0,80000.0,500,0.0001,300,300,0
train,particles2SNR_pipeline/output/p0_c1_Particles2SNR_F_staging/train/10um/HFocusing_5_10_10um_0_782.npy,P0/data/dataset_Particles2SNR_F_c1/train/10um/HFocusing_5_10_10um_0_782.npy,10um,HFocusing_5_10_10um_0_782.npy,replace,0,9858,13710,3852,replaced_with_noise,0,2000000.0,7000.0,80000.0,500,0.0001,300,300,3251
train,particles2SNR_pipeline/output/p0_c1_Particles2SNR_F_staging/train/10um/HFocusing_5_10_10um_0_785.npy,P0/data/dataset_Particles2SNR_F_c1/train/10um/HFocusing_5_10_10um_0_785.npy,10um,HFocusing_5_10_10um_0_785.npy,replace,,,,,saturation_cleaned_bandpass_filtered,0,2000000.0,7000.0,80000.0,500,0.0001,300,300,0
train,particles2SNR_pipeline/output/p0_c1_Particles2SNR_F_staging/train/10um/HFocusing_5_10_10um_0_79.npy,P0/data/dataset_Particles2SNR_F_c1/train/10um/HFocusing_5_10_10um_0_79.npy,10um,HFocusing_5_10_10um_0_79.npy,replace,,,,,saturation_cleaned_bandpass_filtered,0,2000000.0,7000.0,80000.0,500,0.0001,300,300,0
train,particles2SNR_pipeline/output/p0_c1_Particles2SNR_F_staging/train/10um/HFocusing_5_10_10um_0_791.npy,P0/data/dataset_Particles2SNR_F_c1/train/10um/HFocusing_5_10_10um_0_791.npy,10um,HFocusing_5_10_10um_0_791.npy,replace,,,,,saturation_cleaned_bandpass_filtered,0,2000000.0,7000.0,80000.0,500,0.0001,300,300,0
train,particles2SNR_pipeline/output/p0_c1_Particles2SNR_F_staging/train/10um/HFocusing_5_10_10um_0_793.npy,P0/data/dataset_Particles2SNR_F_c1/train/10um/HFocusing_5_10_10um_0_793.npy,10um,HFocusing_5_10_10um_0_793.npy,replace,,,,,saturation_cleaned_bandpass_filtered,0,2000000.0,7000.0,80000.0,500,0.0001,300,300,0
train,particles2SNR_pipeline/output/p0_c1_Particles2SNR_F_staging/train/10um/HFocusing_5_10_10um_0_794.npy,P0/data/dataset_Particles2SNR_F_c1/train/10um/HFocusing_5_10_10um_0_794.npy,10um,HFocusing_5_10_10um_0_794.npy,replace,,,,,saturation_cleaned_bandpass_filtered,0,2000000.0,7000.0,80000.0,500,0.0001,300,300,0
train,particles2SNR_pipeline/output/p0_c1_Particles2SNR_F_staging/train/10um/HFocusing_5_10_10um_0_797.npy,P0/data/dataset_Particles2SNR_F_c1/train/10um/HFocusing_5_10_10um_0_797.npy,10um,HFocusing_5_10_10um_0_797.npy,replace,,,,,saturation_cleaned_bandpass_filtered,0,2000000.0,7000.0,80000.0,500,0.0001,300,300,0
train,particles2SNR_pipeline/output/p0_c1_Particles2SNR_F_staging/train/10um/HFocusing_5_10_10um_0_8.npy,P0/data/dataset_Particles2SNR_F_c1/train/10um/HFocusing_5_10_10um_0_8.npy,10um,HFocusing_5_10_10um_0_8.npy,replace,,,,,saturation_cleaned_bandpass_filtered,0,2000000.0,7000.0,80000.0,500,0.0001,300,300,0
train,particles2SNR_pipeline/output/p0_c1_Particles2SNR_F_staging/train/10um/HFocusing_5_10_10um_0_800.npy,P0/data/dataset_Particles2SNR_F_c1/train/10um/HFocusing_5_10_10um_0_800.npy,10um,HFocusing_5_10_10um_0_800.npy,replace,0,4217,8759,4542,replaced_with_noise,0,2000000.0,7000.0,80000.0,500,0.0001,300,300,3941
train,particles2SNR_pipeline/output/p0_c1_Particles2SNR_F_staging/train/10um/HFocusing_5_10_10um_0_803.npy,P0/data/dataset_Particles2SNR_F_c1/train/10um/HFocusing_5_10_10um_0_803.npy,10um,HFocusing_5_10_10um_0_803.npy,replace,,,,,saturation_cleaned_bandpass_filtered,0,2000000.0,7000.0,80000.0,500,0.0001,300,300,0
train,particles2SNR_pipeline/output/p0_c1_Particles2SNR_F_staging/train/10um/HFocusing_5_10_10um_0_806.npy,P0/data/dataset_Particles2SNR_F_c1/train/10um/HFocusing_5_10_10um_0_806.npy,10um,HFocusing_5_10_10um_0_806.npy,replace,,,,,saturation_cleaned_bandpass_filtered,0,2000000.0,7000.0,80000.0,500,0.0001,300,300,0
train,particles2SNR_pipeline/output/p0_c1_Particles2SNR_F_staging/train/10um/HFocusing_5_10_10um_0_813.npy,P0/data/dataset_Particles2SNR_F_c1/train/10um/HFocusing_5_10_10um_0_813.npy,10um,HFocusing_5_10_10um_0_813.npy,replace,,,,,saturation_cleaned_bandpass_filtered,0,2000000.0,7000.0,80000.0,500,0.0001,300,300,0
train,particles2SNR_pipeline/output/p0_c1_Particles2SNR_F_staging/train/10um/HFocusing_5_10_10um_0_815.npy,P0/data/dataset_Particles2SNR_F_c1/train/10um/HFocusing_5_10_10um_0_815.npy,10um,HFocusing_5_10_10um_0_815.npy,replace,,,,,saturation_cleaned_bandpass_filtered,0,2000000.0,7000.0,80000.0,500,0.0001,300,300,0
train,particles2SNR_pipeline/output/p0_c1_Particles2SNR_F_staging/train/10um/HFocusing_5_10_10um_0_816.npy,P0/data/dataset_Particles2SNR_F_c1/train/10um/HFocusing_5_10_10um_0_816.npy,10um,HFocusing_5_10_10um_0_816.npy,replace,,,,,saturation_cleaned_bandpass_filtered,0,2000000.0,7000.0,80000.0,500,0.0001,300,300,0
train,particles2SNR_pipeline/output/p0_c1_Particles2SNR_F_staging/train/10um/HFocusing_5_10_10um_0_819.npy,P0/data/dataset_Particles2SNR_F_c1/train/10um/HFocusing_5_10_10um_0_819.npy,10um,HFocusing_5_10_10um_0_819.npy,replace,,,,,saturation_cleaned_bandpass_filtered,0,2000000.0,7000.0,80000.0,500,0.0001,300,300,0
train,particles2SNR_pipeline/output/p0_c1_Particles2SNR_F_staging/train/10um/HFocusing_5_10_10um_0_82.npy,P0/data/dataset_Particles2SNR_F_c1/train/10um/HFocusing_5_10_10um_0_82.npy,10um,HFocusing_5_10_10um_0_82.npy,replace,,,,,saturation_cleaned_bandpass_filtered,0,2000000.0,7000.0,80000.0,500,0.0001,300,300,0
train,particles2SNR_pipeline/output/p0_c1_Particles2SNR_F_staging/train/10um/HFocusing_5_10_10um_0_823.npy,P0/data/dataset_Particles2SNR_F_c1/train/10um/HFocusing_5_10_10um_0_823.npy,10um,HFocusing_5_10_10um_0_823.npy,replace,,,,,saturation_cleaned_bandpass_filtered,0,2000000.0,7000.0,80000.0,500,0.0001,300,300,0
train,particles2SNR_pipeline/output/p0_c1_Particles2SNR_F_staging/train/10um/HFocusing_5_10_10um_0_827.npy,P0/data/dataset_Particles2SNR_F_c1/train/10um/HFocusing_5_10_10um_0_827.npy,10um,HFocusing_5_10_10um_0_827.npy,replace,,,,,saturation_cleaned_bandpass_filtered,0,2000000.0,7000.0,80000.0,500,0.0001,300,300,0
train,particles2SNR_pipeline/output/p0_c1_Particles2SNR_F_staging/train/10um/HFocusing_5_10_10um_0_830.npy,P0/data/dataset_Particles2SNR_F_c1/train/10um/HFocusing_5_10_10um_0_830.npy,10um,HFocusing_5_10_10um_0_830.npy,replace,0,9986,14252,4266,replaced_with_noise,0,2000000.0,7000.0,80000.0,500,0.0001,300,300,3665
train,particles2SNR_pipeline/output/p0_c1_Particles2SNR_F_staging/train/10um/HFocusing_5_10_10um_0_832.npy,P0/data/dataset_Particles2SNR_F_c1/train/10um/HFocusing_5_10_10um_0_832.npy,10um,HFocusing_5_10_10um_0_832.npy,replace,,,,,saturation_cleaned_bandpass_filtered,0,2000000.0,7000.0,80000.0,500,0.0001,300,300,0
train,particles2SNR_pipeline/output/p0_c1_Particles2SNR_F_staging/train/10um/HFocusing_5_10_10um_0_833.npy,P0/data/dataset_Particles2SNR_F_c1/train/10um/HFocusing_5_10_10um_0_833.npy,10um,HFocusing_5_10_10um_0_833.npy,replace,0,7574,12427,4853,replaced_with_noise,0,2000000.0,7000.0,80000.0,500,0.0001,300,300,4252
train,particles2SNR_pipeline/output/p0_c1_Particles2SNR_F_staging/train/10um/HFocusing_5_10_10um_0_837.npy,P0/data/dataset_Particles2SNR_F_c1/train/10um/HFocusing_5_10_10um_0_837.npy,10um,HFocusing_5_10_10um_0_837.npy,replace,0,6566,9039,2473,replaced_with_noise,0,2000000.0,7000.0,80000.0,500,0.0001,300,300,1872
train,particles2SNR_pipeline/output/p0_c1_Particles2SNR_F_staging/train/10um/HFocusing_5_10_10um_0_840.npy,P0/data/dataset_Particles2SNR_F_c1/train/10um/HFocusing_5_10_10um_0_840.npy,10um,HFocusing_5_10_10um_0_840.npy,replace,,,,,saturation_cleaned_bandpass_filtered,0,2000000.0,7000.0,80000.0,500,0.0001,300,300,0
train,particles2SNR_pipeline/output/p0_c1_Particles2SNR_F_staging/train/10um/HFocusing_5_10_10um_0_843.npy,P0/data/dataset_Particles2SNR_F_c1/train/10um/HFocusing_5_10_10um_0_843.npy,10um,HFocusing_5_10_10um_0_843.npy,replace,,,,,saturation_cleaned_bandpass_filtered,0,2000000.0,7000.0,80000.0,500,0.0001,300,300,0
train,particles2SNR_pipeline/output/p0_c1_Particles2SNR_F_staging/train/10um/HFocusing_5_10_10um_0_846.npy,P0/data/dataset_Particles2SNR_F_c1/train/10um/HFocusing_5_10_10um_0_846.npy,10um,HFocusing_5_10_10um_0_846.npy,replace,,,,,saturation_cleaned_bandpass_filtered,0,2000000.0,7000.0,80000.0,500,0.0001,300,300,0
train,particles2SNR_pipeline/output/p0_c1_Particles2SNR_F_staging/train/10um/HFocusing_5_10_10um_0_850.npy,P0/data/dataset_Particles2SNR_F_c1/train/10um/HFocusing_5_10_10um_0_850.npy,10um,HFocusing_5_10_10um_0_850.npy,replace,,,,,saturation_cleaned_bandpass_filtered,0,2000000.0,7000.0,80000.0,500,0.0001,300,300,0
train,particles2SNR_pipeline/output/p0_c1_Particles2SNR_F_staging/train/10um/HFocusing_5_10_10um_0_853.npy,P0/data/dataset_Particles2SNR_F_c1/train/10um/HFocusing_5_10_10um_0_853.npy,10um,HFocusing_5_10_10um_0_853.npy,replace,,,,,saturation_cleaned_bandpass_filtered,0,2000000.0,7000.0,80000.0,500,0.0001,300,300,0
train,particles2SNR_pipeline/output/p0_c1_Particles2SNR_F_staging/train/10um/HFocusing_5_10_10um_0_857.npy,P0/data/dataset_Particles2SNR_F_c1/train/10um/HFocusing_5_10_10um_0_857.npy,10um,HFocusing_5_10_10um_0_857.npy,replace,,,,,saturation_cleaned_bandpass_filtered,0,2000000.0,7000.0,80000.0,500,0.0001,300,300,0
train,particles2SNR_pipeline/output/p0_c1_Particles2SNR_F_staging/train/10um/HFocusing_5_10_10um_0_860.npy,P0/data/dataset_Particles2SNR_F_c1/train/10um/HFocusing_5_10_10um_0_860.npy,10um,HFocusing_5_10_10um_0_860.npy,replace,,,,,saturation_cleaned_bandpass_filtered,0,2000000.0,7000.0,80000.0,500,0.0001,300,300,0
train,particles2SNR_pipeline/output/p0_c1_Particles2SNR_F_staging/train/10um/HFocusing_5_10_10um_0_863.npy,P0/data/dataset_Particles2SNR_F_c1/train/10um/HFocusing_5_10_10um_0_863.npy,10um,HFocusing_5_10_10um_0_863.npy,replace,,,,,saturation_cleaned_bandpass_filtered,0,2000000.0,7000.0,80000.0,500,0.0001,300,300,0
train,particles2SNR_pipeline/output/p0_c1_Particles2SNR_F_staging/train/10um/HFocusing_5_10_10um_0_866.npy,P0/data/dataset_Particles2SNR_F_c1/train/10um/HFocusing_5_10_10um_0_866.npy,10um,HFocusing_5_10_10um_0_866.npy,replace,,,,,saturation_cleaned_bandpass_filtered,0,2000000.0,7000.0,80000.0,500,0.0001,300,300,0
train,particles2SNR_pipeline/output/p0_c1_Particles2SNR_F_staging/train/10um/HFocusing_5_10_10um_0_867.npy,P0/data/dataset_Particles2SNR_F_c1/train/10um/HFocusing_5_10_10um_0_867.npy,10um,HFocusing_5_10_10um_0_867.npy,replace,0,14234,16384,2150,replaced_with_noise,0,2000000.0,7000.0,80000.0,500,0.0001,300,300,1849
train,particles2SNR_pipeline/output/p0_c1_Particles2SNR_F_staging/train/10um/HFocusing_5_10_10um_0_879.npy,P0/data/dataset_Particles2SNR_F_c1/train/10um/HFocusing_5_10_10um_0_879.npy,10um,HFocusing_5_10_10um_0_879.npy,replace,,,,,saturation_cleaned_bandpass_filtered,0,2000000.0,7000.0,80000.0,500,0.0001,300,300,0
train,particles2SNR_pipeline/output/p0_c1_Particles2SNR_F_staging/train/10um/HFocusing_5_10_10um_0_882.npy,P0/data/dataset_Particles2SNR_F_c1/train/10um/HFocusing_5_10_10um_0_882.npy,10um,HFocusing_5_10_10um_0_882.npy,replace,,,,,saturation_cleaned_bandpass_filtered,0,2000000.0,7000.0,80000.0,500,0.0001,300,300,0
train,particles2SNR_pipeline/output/p0_c1_Particles2SNR_F_staging/train/10um/HFocusing_5_10_10um_0_885.npy,P0/data/dataset_Particles2SNR_F_c1/train/10um/HFocusing_5_10_10um_0_885.npy,10um,HFocusing_5_10_10um_0_885.npy,replace,0,4457,8735,4278,replaced_with_noise,0,2000000.0,7000.0,80000.0,500,0.0001,300,300,3677
train,particles2SNR_pipeline/output/p0_c1_Particles2SNR_F_staging/train/10um/HFocusing_5_10_10um_0_895.npy,P0/data/dataset_Particles2SNR_F_c1/train/10um/HFocusing_5_10_10um_0_895.npy,10um,HFocusing_5_10_10um_0_895.npy,replace,0,8443,9772,1329,replaced_with_noise,0,2000000.0,7000.0,80000.0,500,0.0001,300,300,728
train,particles2SNR_pipeline/output/p0_c1_Particles2SNR_F_staging/train/10um/HFocusing_5_10_10um_0_898.npy,P0/data/dataset_Particles2SNR_F_c1/train/10um/HFocusing_5_10_10um_0_898.npy,10um,HFocusing_5_10_10um_0_898.npy,replace,0,3259,7916,4657,replaced_with_noise,0,2000000.0,7000.0,80000.0,500,0.0001,300,300,4056
train,particles2SNR_pipeline/output/p0_c1_Particles2SNR_F_staging/train/10um/HFocusing_5_10_10um_0_899.npy,P0/data/dataset_Particles2SNR_F_c1/train/10um/HFocusing_5_10_10um_0_899.npy,10um,HFocusing_5_10_10um_0_899.npy,replace,,,,,saturation_cleaned_bandpass_filtered,0,2000000.0,7000.0,80000.0,500,0.0001,300,300,0
train,particles2SNR_pipeline/output/p0_c1_Particles2SNR_F_staging/train/10um/HFocusing_5_10_10um_0_90.npy,P0/data/dataset_Particles2SNR_F_c1/train/10um/HFocusing_5_10_10um_0_90.npy,10um,HFocusing_5_10_10um_0_90.npy,replace,0,10064,15120,5056,replaced_with_noise,0,2000000.0,7000.0,80000.0,500,0.0001,300,300,4455
train,particles2SNR_pipeline/output/p0_c1_Particles2SNR_F_staging/train/10um/HFocusing_5_10_10um_0_905.npy,P0/data/dataset_Particles2SNR_F_c1/train/10um/HFocusing_5_10_10um_0_905.npy,10um,HFocusing_5_10_10um_0_905.npy,replace,,,,,saturation_cleaned_bandpass_filtered,0,2000000.0,7000.0,80000.0,500,0.0001,300,300,0
train,particles2SNR_pipeline/output/p0_c1_Particles2SNR_F_staging/train/10um/HFocusing_5_10_10um_0_908.npy,P0/data/dataset_Particles2SNR_F_c1/train/10um/HFocusing_5_10_10um_0_908.npy,10um,HFocusing_5_10_10um_0_908.npy,replace,,,,,saturation_cleaned_bandpass_filtered,0,2000000.0,7000.0,80000.0,500,0.0001,300,300,0
train,particles2SNR_pipeline/output/p0_c1_Particles2SNR_F_staging/train/10um/HFocusing_5_10_10um_0_909.npy,P0/data/dataset_Particles2SNR_F_c1/train/10um/HFocusing_5_10_10um_0_909.npy,10um,HFocusing_5_10_10um_0_909.npy,replace,0,1285,5399,4114,replaced_with_noise,0,2000000.0,7000.0,80000.0,500,0.0001,300,300,3513
train,particles2SNR_pipeline/output/p0_c1_Particles2SNR_F_staging/train/10um/HFocusing_5_10_10um_0_912.npy,P0/data/dataset_Particles2SNR_F_c1/train/10um/HFocusing_5_10_10um_0_912.npy,10um,HFocusing_5_10_10um_0_912.npy,replace,,,,,saturation_cleaned_bandpass_filtered,0,2000000.0,7000.0,80000.0,500,0.0001,300,300,0
train,particles2SNR_pipeline/output/p0_c1_Particles2SNR_F_staging/train/10um/HFocusing_5_10_10um_0_913.npy,P0/data/dataset_Particles2SNR_F_c1/train/10um/HFocusing_5_10_10um_0_913.npy,10um,HFocusing_5_10_10um_0_913.npy,replace,,,,,saturation_cleaned_bandpass_filtered,0,2000000.0,7000.0,80000.0,500,0.0001,300,300,0
train,particles2SNR_pipeline/output/p0_c1_Particles2SNR_F_staging/train/10um/HFocusing_5_10_10um_0_916.npy,P0/data/dataset_Particles2SNR_F_c1/train/10um/HFocusing_5_10_10um_0_916.npy,10um,HFocusing_5_10_10um_0_916.npy,replace,,,,,saturation_cleaned_bandpass_filtered,0,2000000.0,7000.0,80000.0,500,0.0001,300,300,0
train,particles2SNR_pipeline/output/p0_c1_Particles2SNR_F_staging/train/10um/HFocusing_5_10_10um_0_917.npy,P0/data/dataset_Particles2SNR_F_c1/train/10um/HFocusing_5_10_10um_0_917.npy,10um,HFocusing_5_10_10um_0_917.npy,replace,0,1020,5870,4850,replaced_with_noise,0,2000000.0,7000.0,80000.0,500,0.0001,300,300,4249
train,particles2SNR_pipeline/output/p0_c1_Particles2SNR_F_staging/train/10um/HFocusing_5_10_10um_0_923.npy,P0/data/dataset_Particles2SNR_F_c1/train/10um/HFocusing_5_10_10um_0_923.npy,10um,HFocusing_5_10_10um_0_923.npy,replace,,,,,saturation_cleaned_bandpass_filtered,0,2000000.0,7000.0,80000.0,500,0.0001,300,300,0
train,particles2SNR_pipeline/output/p0_c1_Particles2SNR_F_staging/train/10um/HFocusing_5_10_10um_0_926.npy,P0/data/dataset_Particles2SNR_F_c1/train/10um/HFocusing_5_10_10um_0_926.npy,10um,HFocusing_5_10_10um_0_926.npy,replace,,,,,saturation_cleaned_bandpass_filtered,0,2000000.0,7000.0,80000.0,500,0.0001,300,300,0
train,particles2SNR_pipeline/output/p0_c1_Particles2SNR_F_staging/train/10um/HFocusing_5_10_10um_0_927.npy,P0/data/dataset_Particles2SNR_F_c1/train/10um/HFocusing_5_10_10um_0_927.npy,10um,HFocusing_5_10_10um_0_927.npy,replace,,,,,saturation_cleaned_bandpass_filtered,0,2000000.0,7000.0,80000.0,500,0.0001,300,300,0
train,particles2SNR_pipeline/output/p0_c1_Particles2SNR_F_staging/train/10um/HFocusing_5_10_10um_0_93.npy,P0/data/dataset_Particles2SNR_F_c1/train/10um/HFocusing_5_10_10um_0_93.npy,10um,HFocusing_5_10_10um_0_93.npy,replace,0,2889,6374,3485,replaced_with_noise,0,2000000.0,7000.0,80000.0,500,0.0001,300,300,2884
train,particles2SNR_pipeline/output/p0_c1_Particles2SNR_F_staging/train/10um/HFocusing_5_10_10um_0_930.npy,P0/data/dataset_Particles2SNR_F_c1/train/10um/HFocusing_5_10_10um_0_930.npy,10um,HFocusing_5_10_10um_0_930.npy,replace,,,,,saturation_cleaned_bandpass_filtered,0,2000000.0,7000.0,80000.0,500,0.0001,300,300,0
train,particles2SNR_pipeline/output/p0_c1_Particles2SNR_F_staging/train/10um/HFocusing_5_10_10um_0_932.npy,P0/data/dataset_Particles2SNR_F_c1/train/10um/HFocusing_5_10_10um_0_932.npy,10um,HFocusing_5_10_10um_0_932.npy,replace,,,,,saturation_cleaned_bandpass_filtered,0,2000000.0,7000.0,80000.0,500,0.0001,300,300,0
train,particles2SNR_pipeline/output/p0_c1_Particles2SNR_F_staging/train/10um/HFocusing_5_10_10um_0_936.npy,P0/data/dataset_Particles2SNR_F_c1/train/10um/HFocusing_5_10_10um_0_936.npy,10um,HFocusing_5_10_10um_0_936.npy,replace,,,,,saturation_cleaned_bandpass_filtered,0,2000000.0,7000.0,80000.0,500,0.0001,300,300,0
train,particles2SNR_pipeline/output/p0_c1_Particles2SNR_F_staging/train/10um/HFocusing_5_10_10um_0_939.npy,P0/data/dataset_Particles2SNR_F_c1/train/10um/HFocusing_5_10_10um_0_939.npy,10um,HFocusing_5_10_10um_0_939.npy,replace,,,,,saturation_cleaned_bandpass_filtered,0,2000000.0,7000.0,80000.0,500,0.0001,300,300,0
train,particles2SNR_pipeline/output/p0_c1_Particles2SNR_F_staging/train/10um/HFocusing_5_10_10um_0_942.npy,P0/data/dataset_Particles2SNR_F_c1/train/10um/HFocusing_5_10_10um_0_942.npy,10um,HFocusing_5_10_10um_0_942.npy,replace,,,,,saturation_cleaned_bandpass_filtered,0,2000000.0,7000.0,80000.0,500,0.0001,300,300,0
train,particles2SNR_pipeline/output/p0_c1_Particles2SNR_F_staging/train/10um/HFocusing_5_10_10um_0_948.npy,P0/data/dataset_Particles2SNR_F_c1/train/10um/HFocusing_5_10_10um_0_948.npy,10um,HFocusing_5_10_10um_0_948.npy,replace,0,5852,8315,2463,replaced_with_noise,0,2000000.0,7000.0,80000.0,500,0.0001,300,300,1862
train,particles2SNR_pipeline/output/p0_c1_Particles2SNR_F_staging/train/10um/HFocusing_5_10_10um_0_949.npy,P0/data/dataset_Particles2SNR_F_c1/train/10um/HFocusing_5_10_10um_0_949.npy,10um,HFocusing_5_10_10um_0_949.npy,replace,,,,,saturation_cleaned_bandpass_filtered,0,2000000.0,7000.0,80000.0,500,0.0001,300,300,0
train,particles2SNR_pipeline/output/p0_c1_Particles2SNR_F_staging/train/10um/HFocusing_5_10_10um_0_952.npy,P0/data/dataset_Particles2SNR_F_c1/train/10um/HFocusing_5_10_10um_0_952.npy,10um,HFocusing_5_10_10um_0_952.npy,replace,0,0,2304,2304,replaced_with_noise,0,2000000.0,7000.0,80000.0,500,0.0001,300,300,2003
train,particles2SNR_pipeline/output/p0_c1_Particles2SNR_F_staging/train/10um/HFocusing_5_10_10um_0_955.npy,P0/data/dataset_Particles2SNR_F_c1/train/10um/HFocusing_5_10_10um_0_955.npy,10um,HFocusing_5_10_10um_0_955.npy,replace,,,,,saturation_cleaned_bandpass_filtered,0,2000000.0,7000.0,80000.0,500,0.0001,300,300,0
train,particles2SNR_pipeline/output/p0_c1_Particles2SNR_F_staging/train/10um/HFocusing_5_10_10um_0_956.npy,P0/data/dataset_Particles2SNR_F_c1/train/10um/HFocusing_5_10_10um_0_956.npy,10um,HFocusing_5_10_10um_0_956.npy,replace,,,,,saturation_cleaned_bandpass_filtered,0,2000000.0,7000.0,80000.0,500,0.0001,300,300,0
train,particles2SNR_pipeline/output/p0_c1_Particles2SNR_F_staging/train/10um/HFocusing_5_10_10um_0_959.npy,P0/data/dataset_Particles2SNR_F_c1/train/10um/HFocusing_5_10_10um_0_959.npy,10um,HFocusing_5_10_10um_0_959.npy,replace,,,,,saturation_cleaned_bandpass_filtered,0,2000000.0,7000.0,80000.0,500,0.0001,300,300,0
train,particles2SNR_pipeline/output/p0_c1_Particles2SNR_F_staging/train/10um/HFocusing_5_10_10um_0_96.npy,P0/data/dataset_Particles2SNR_F_c1/train/10um/HFocusing_5_10_10um_0_96.npy,10um,HFocusing_5_10_10um_0_96.npy,replace,,,,,saturation_cleaned_bandpass_filtered,0,2000000.0,7000.0,80000.0,500,0.0001,300,300,0
train,particles2SNR_pipeline/output/p0_c1_Particles2SNR_F_staging/train/10um/HFocusing_5_10_10um_0_961.npy,P0/data/dataset_Particles2SNR_F_c1/train/10um/HFocusing_5_10_10um_0_961.npy,10um,HFocusing_5_10_10um_0_961.npy,replace,0,12883,14420,1537,replaced_with_noise,0,2000000.0,7000.0,80000.0,500,0.0001,300,300,936
train,particles2SNR_pipeline/output/p0_c1_Particles2SNR_F_staging/train/10um/HFocusing_5_10_10um_0_962.npy,P0/data/dataset_Particles2SNR_F_c1/train/10um/HFocusing_5_10_10um_0_962.npy,10um,HFocusing_5_10_10um_0_962.npy,replace,,,,,saturation_cleaned_bandpass_filtered,0,2000000.0,7000.0,80000.0,500,0.0001,300,300,0
train,particles2SNR_pipeline/output/p0_c1_Particles2SNR_F_staging/train/10um/HFocusing_5_10_10um_0_965.npy,P0/data/dataset_Particles2SNR_F_c1/train/10um/HFocusing_5_10_10um_0_965.npy,10um,HFocusing_5_10_10um_0_965.npy,replace,,,,,saturation_cleaned_bandpass_filtered,0,2000000.0,7000.0,80000.0,500,0.0001,300,300,0
train,particles2SNR_pipeline/output/p0_c1_Particles2SNR_F_staging/train/10um/HFocusing_5_10_10um_0_969.npy,P0/data/dataset_Particles2SNR_F_c1/train/10um/HFocusing_5_10_10um_0_969.npy,10um,HFocusing_5_10_10um_0_969.npy,replace,,,,,saturation_cleaned_bandpass_filtered,0,2000000.0,7000.0,80000.0,500,0.0001,300,300,0
train,particles2SNR_pipeline/output/p0_c1_Particles2SNR_F_staging/train/10um/HFocusing_5_10_10um_0_97.npy,P0/data/dataset_Particles2SNR_F_c1/train/10um/HFocusing_5_10_10um_0_97.npy,10um,HFocusing_5_10_10um_0_97.npy,replace,0,5995,9728,3733,replaced_with_noise,0,2000000.0,7000.0,80000.0,500,0.0001,300,300,3132
train,particles2SNR_pipeline/output/p0_c1_Particles2SNR_F_staging/train/10um/HFocusing_5_10_10um_0_972.npy,P0/data/dataset_Particles2SNR_F_c1/train/10um/HFocusing_5_10_10um_0_972.npy,10um,HFocusing_5_10_10um_0_972.npy,replace,0,6884,9417,2533,replaced_with_noise,0,2000000.0,7000.0,80000.0,500,0.0001,300,300,1932
train,particles2SNR_pipeline/output/p0_c1_Particles2SNR_F_staging/train/10um/HFocusing_5_10_10um_0_975.npy,P0/data/dataset_Particles2SNR_F_c1/train/10um/HFocusing_5_10_10um_0_975.npy,10um,HFocusing_5_10_10um_0_975.npy,replace,,,,,saturation_cleaned_bandpass_filtered,0,2000000.0,7000.0,80000.0,500,0.0001,300,300,0
train,particles2SNR_pipeline/output/p0_c1_Particles2SNR_F_staging/train/10um/HFocusing_5_10_10um_0_978.npy,P0/data/dataset_Particles2SNR_F_c1/train/10um/HFocusing_5_10_10um_0_978.npy,10um,HFocusing_5_10_10um_0_978.npy,replace,,,,,saturation_cleaned_bandpass_filtered,0,2000000.0,7000.0,80000.0,500,0.0001,300,300,0
train,particles2SNR_pipeline/output/p0_c1_Particles2SNR_F_staging/train/10um/HFocusing_5_10_10um_0_979.npy,P0/data/dataset_Particles2SNR_F_c1/train/10um/HFocusing_5_10_10um_0_979.npy,10um,HFocusing_5_10_10um_0_979.npy,replace,,,,,saturation_cleaned_bandpass_filtered,0,2000000.0,7000.0,80000.0,500,0.0001,300,300,0
train,particles2SNR_pipeline/output/p0_c1_Particles2SNR_F_staging/train/10um/HFocusing_5_10_10um_0_982.npy,P0/data/dataset_Particles2SNR_F_c1/train/10um/HFocusing_5_10_10um_0_982.npy,10um,HFocusing_5_10_10um_0_982.npy,replace,,,,,saturation_cleaned_bandpass_filtered,0,2000000.0,7000.0,80000.0,500,0.0001,300,300,0
train,particles2SNR_pipeline/output/p0_c1_Particles2SNR_F_staging/train/10um/HFocusing_5_10_10um_0_985.npy,P0/data/dataset_Particles2SNR_F_c1/train/10um/HFocusing_5_10_10um_0_985.npy,10um,HFocusing_5_10_10um_0_985.npy,replace,,,,,saturation_cleaned_bandpass_filtered,0,2000000.0,7000.0,80000.0,500,0.0001,300,300,0
train,particles2SNR_pipeline/output/p0_c1_Particles2SNR_F_staging/train/10um/HFocusing_5_10_10um_0_988.npy,P0/data/dataset_Particles2SNR_F_c1/train/10um/HFocusing_5_10_10um_0_988.npy,10um,HFocusing_5_10_10um_0_988.npy,replace,,,,,saturation_cleaned_bandpass_filtered,0,2000000.0,7000.0,80000.0,500,0.0001,300,300,0
train,particles2SNR_pipeline/output/p0_c1_Particles2SNR_F_staging/train/10um/HFocusing_5_10_10um_0_991.npy,P0/data/dataset_Particles2SNR_F_c1/train/10um/HFocusing_5_10_10um_0_991.npy,10um,HFocusing_5_10_10um_0_991.npy,replace,,,,,saturation_cleaned_bandpass_filtered,0,2000000.0,7000.0,80000.0,500,0.0001,300,300,0
train,particles2SNR_pipeline/output/p0_c1_Particles2SNR_F_staging/train/10um/HFocusing_5_10_10um_0_994.npy,P0/data/dataset_Particles2SNR_F_c1/train/10um/HFocusing_5_10_10um_0_994.npy,10um,HFocusing_5_10_10um_0_994.npy,replace,,,,,saturation_cleaned_bandpass_filtered,0,2000000.0,7000.0,80000.0,500,0.0001,300,300,0
train,particles2SNR_pipeline/output/p0_c1_Particles2SNR_F_staging/train/10um/HFocusing_5_10_10um_0_997.npy,P0/data/dataset_Particles2SNR_F_c1/train/10um/HFocusing_5_10_10um_0_997.npy,10um,HFocusing_5_10_10um_0_997.npy,replace,,,,,saturation_cleaned_bandpass_filtered,0,2000000.0,7000.0,80000.0,500,0.0001,300,300,0
train,particles2SNR_pipeline/output/p0_c1_Particles2SNR_F_staging/train/10um/HFocusing_5_10_10um_0_999.npy,P0/data/dataset_Particles2SNR_F_c1/train/10um/HFocusing_5_10_10um_0_999.npy,10um,HFocusing_5_10_10um_0_999.npy,replace,,,,,saturation_cleaned_bandpass_filtered,0,2000000.0,7000.0,80000.0,500,0.0001,300,300,0
train,particles2SNR_pipeline/output/p0_c1_Particles2SNR_F_staging/train/10um/HFocusing_5_10_10um_Calib_75.2792_0_1.npy,P0/data/dataset_Particles2SNR_F_c1/train/10um/HFocusing_5_10_10um_Calib_75.2792_0_1.npy,10um,HFocusing_5_10_10um_Calib_75.2792_0_1.npy,replace,,,,,saturation_cleaned_bandpass_filtered,0,2000000.0,7000.0,80000.0,500,0.0001,300,300,0
train,particles2SNR_pipeline/output/p0_c1_Particles2SNR_F_staging/train/10um/HFocusing_5_10_10um_Calib_75.2897_0_1.npy,P0/data/dataset_Particles2SNR_F_c1/train/10um/HFocusing_5_10_10um_Calib_75.2897_0_1.npy,10um,HFocusing_5_10_10um_Calib_75.2897_0_1.npy,replace,,,,,saturation_cleaned_bandpass_filtered,0,2000000.0,7000.0,80000.0,500,0.0001,300,300,0
train,particles2SNR_pipeline/output/p0_c1_Particles2SNR_F_staging/train/10um/HFocusing_5_10_10um_Calib_75.3004_0_1.npy,P0/data/dataset_Particles2SNR_F_c1/train/10um/HFocusing_5_10_10um_Calib_75.3004_0_1.npy,10um,HFocusing_5_10_10um_Calib_75.3004_0_1.npy,replace,,,,,saturation_cleaned_bandpass_filtered,0,2000000.0,7000.0,80000.0,500,0.0001,300,300,0
train,particles2SNR_pipeline/output/p0_c1_Particles2SNR_F_staging/train/10um/HFocusing_5_10_10um_Calib_75.3004_0_4.npy,P0/data/dataset_Particles2SNR_F_c1/train/10um/HFocusing_5_10_10um_Calib_75.3004_0_4.npy,10um,HFocusing_5_10_10um_Calib_75.3004_0_4.npy,replace,,,,,saturation_cleaned_bandpass_filtered,0,2000000.0,7000.0,80000.0,500,0.0001,300,300,0
train,particles2SNR_pipeline/output/p0_c1_Particles2SNR_F_staging/train/10um/HFocusing_5_10_10um_Calib_75.3004_0_6.npy,P0/data/dataset_Particles2SNR_F_c1/train/10um/HFocusing_5_10_10um_Calib_75.3004_0_6.npy,10um,HFocusing_5_10_10um_Calib_75.3004_0_6.npy,replace,,,,,saturation_cleaned_bandpass_filtered,0,2000000.0,7000.0,80000.0,500,0.0001,300,300,0
train,particles2SNR_pipeline/output/p0_c1_Particles2SNR_F_staging/train/10um/HFocusing_5_10_10um_Calib_75.311_0_1.npy,P0/data/dataset_Particles2SNR_F_c1/train/10um/HFocusing_5_10_10um_Calib_75.311_0_1.npy,10um,HFocusing_5_10_10um_Calib_75.311_0_1.npy,replace,,,,,saturation_cleaned_bandpass_filtered,0,2000000.0,7000.0,80000.0,500,0.0001,300,300,0
train,particles2SNR_pipeline/output/p0_c1_Particles2SNR_F_staging/train/10um/HFocusing_5_10_10um_Calib_75.311_0_2.npy,P0/data/dataset_Particles2SNR_F_c1/train/10um/HFocusing_5_10_10um_Calib_75.311_0_2.npy,10um,HFocusing_5_10_10um_Calib_75.311_0_2.npy,replace,,,,,saturation_cleaned_bandpass_filtered,0,2000000.0,7000.0,80000.0,500,0.0001,300,300,0
train,particles2SNR_pipeline/output/p0_c1_Particles2SNR_F_staging/train/10um/HFocusing_5_10_10um_Calib_75.311_0_3.npy,P0/data/dataset_Particles2SNR_F_c1/train/10um/HFocusing_5_10_10um_Calib_75.311_0_3.npy,10um,HFocusing_5_10_10um_Calib_75.311_0_3.npy,replace,,,,,saturation_cleaned_bandpass_filtered,0,2000000.0,7000.0,80000.0,500,0.0001,300,300,0
train,particles2SNR_pipeline/output/p0_c1_Particles2SNR_F_staging/train/10um/HFocusing_5_10_10um_Calib_75.311_0_7.npy,P0/data/dataset_Particles2SNR_F_c1/train/10um/HFocusing_5_10_10um_Calib_75.311_0_7.npy,10um,HFocusing_5_10_10um_Calib_75.311_0_7.npy,replace,,,,,saturation_cleaned_bandpass_filtered,0,2000000.0,7000.0,80000.0,500,0.0001,300,300,0
train,particles2SNR_pipeline/output/p0_c1_Particles2SNR_F_staging/train/10um/HFocusing_5_10_10um_Calib_75.311_0_9.npy,P0/data/dataset_Particles2SNR_F_c1/train/10um/HFocusing_5_10_10um_Calib_75.311_0_9.npy,10um,HFocusing_5_10_10um_Calib_75.311_0_9.npy,replace,,,,,saturation_cleaned_bandpass_filtered,0,2000000.0,7000.0,80000.0,500,0.0001,300,300,0
