split,filename,source_path,output_path,original_class,assigned_class,median_snr_db,mean_snr_db,min_snr_db,max_snr_db,n_particles_with_snr,snr_threshold_db,assignment_reason,file_action
train,HFocusing_5_10_2um2_0_10.npy,P0/data/dataset_particles2SNR_c1/train/2um/HFocusing_5_10_2um2_0_10.npy,P0/data/particles2SNR_4_class_lim10/train/unclear/HFocusing_5_10_2um2_0_10.npy,2um,unclear,-10.755440151701583,-10.954961848575051,-16.206090216782336,-4.691611892982009,15,-10.0,median_snr_below_threshold,symlinked
train,HFocusing_5_10_2um2_0_1000.npy,P0/data/dataset_particles2SNR_c1/train/2um/HFocusing_5_10_2um2_0_1000.npy,P0/data/particles2SNR_4_class_lim10/train/unclear/HFocusing_5_10_2um2_0_1000.npy,2um,unclear,-12.504227363916787,-11.211230703386152,-15.924506397225793,1.1938036300507286,15,-10.0,median_snr_below_threshold,symlinked
train,HFocusing_5_10_2um2_0_1001.npy,P0/data/dataset_particles2SNR_c1/train/2um/HFocusing_5_10_2um2_0_1001.npy,P0/data/particles2SNR_4_class_lim10/train/unclear/HFocusing_5_10_2um2_0_1001.npy,2um,unclear,-11.719171420441517,-10.569104478264112,-19.948957415526362,-0.4711358264925929,20,-10.0,median_snr_below_threshold,symlinked
train,HFocusing_5_10_2um2_0_1004.npy,P0/data/dataset_particles2SNR_c1/train/2um/HFocusing_5_10_2um2_0_1004.npy,P0/data/particles2SNR_4_class_lim10/train/unclear/HFocusing_5_10_2um2_0_1004.npy,2um,unclear,-12.245141039130846,-11.963514369143274,-17.387272367007224,-2.459987889841791,22,-10.0,median_snr_below_threshold,symlinked
train,HFocusing_5_10_2um2_0_1005.npy,P0/data/dataset_particles2SNR_c1/train/2um/HFocusing_5_10_2um2_0_1005.npy,P0/data/particles2SNR_4_class_lim10/train/unclear/HFocusing_5_10_2um2_0_1005.npy,2um,unclear,-12.010692845256294,-12.56932153791025,-19.970713022704494,-0.022244306818604804,15,-10.0,median_snr_below_threshold,symlinked
train,HFocusing_5_10_2um2_0_1008.npy,P0/data/dataset_particles2SNR_c1/train/2um/HFocusing_5_10_2um2_0_1008.npy,P0/data/particles2SNR_4_class_lim10/train/unclear/HFocusing_5_10_2um2_0_1008.npy,2um,unclear,-14.58138401391102,-13.929871596361624,-16.76933711257969,-8.553138281723712,14,-10.0,median_snr_below_threshold,symlinked
train,HFocusing_5_10_2um2_0_1009.npy,P0/data/dataset_particles2SNR_c1/train/2um/HFocusing_5_10_2um2_0_1009.npy,P0/data/particles2SNR_4_class_lim10/train/unclear/HFocusing_5_10_2um2_0_1009.npy,2um,unclear,-11.605508469571015,-9.989940800211924,-14.428331979015711,2.4450824478399418,10,-10.0,median_snr_below_threshold,symlinked
train,HFocusing_5_10_2um2_0_1011.npy,P0/data/dataset_particles2SNR_c1/train/2um/HFocusing_5_10_2um2_0_1011.npy,P0/data/particles2SNR_4_class_lim10/train/unclear/HFocusing_5_10_2um2_0_1011.npy,2um,unclear,-12.702213422169953,-10.764916028404917,-15.154099084945562,0.032808170415230764,12,-10.0,median_snr_below_threshold,symlinked
train,HFocusing_5_10_2um2_0_1015.npy,P0/data/dataset_particles2SNR_c1/train/2um/HFocusing_5_10_2um2_0_1015.npy,P0/data/particles2SNR_4_class_lim10/train/unclear/HFocusing_5_10_2um2_0_1015.npy,2um,unclear,-13.24365827324364,-12.32416927835956,-18.141868100545217,-2.3424361334837602,24,-10.0,median_snr_below_threshold,symlinked
train,HFocusing_5_10_2um2_0_1018.npy,P0/data/dataset_particles2SNR_c1/train/2um/HFocusing_5_10_2um2_0_1018.npy,P0/data/particles2SNR_4_class_lim10/train/unclear/HFocusing_5_10_2um2_0_1018.npy,2um,unclear,-12.523455971998693,-12.465496734579734,-17.84533907358675,-8.02829535299754,20,-10.0,median_snr_below_threshold,symlinked
train,HFocusing_5_10_2um2_0_1019.npy,P0/data/dataset_particles2SNR_c1/train/2um/HFocusing_5_10_2um2_0_1019.npy,P0/data/particles2SNR_4_class_lim10/train/unclear/HFocusing_5_10_2um2_0_1019.npy,2um,unclear,-12.699603873725799,-11.858537942158033,-16.108257018346286,3.36259343805426,13,-10.0,median_snr_below_threshold,symlinked
train,HFocusing_5_10_2um2_0_1022.npy,P0/data/dataset_particles2SNR_c1/train/2um/HFocusing_5_10_2um2_0_1022.npy,P0/data/particles2SNR_4_class_lim10/train/unclear/HFocusing_5_10_2um2_0_1022.npy,2um,unclear,-13.269491774512952,-12.63851554648104,-16.969334814091187,-7.980362375577642,16,-10.0,median_snr_below_threshold,symlinked
train,HFocusing_5_10_2um2_0_1023.npy,P0/data/dataset_particles2SNR_c1/train/2um/HFocusing_5_10_2um2_0_1023.npy,P0/data/particles2SNR_4_class_lim10/train/unclear/HFocusing_5_10_2um2_0_1023.npy,2um,unclear,-12.478610087362313,-11.270295080508676,-15.54543543858929,-0.4008384101939757,16,-10.0,median_snr_below_threshold,symlinked
train,HFocusing_5_10_2um2_0_1026.npy,P0/data/dataset_particles2SNR_c1/train/2um/HFocusing_5_10_2um2_0_1026.npy,P0/data/particles2SNR_4_class_lim10/train/unclear/HFocusing_5_10_2um2_0_1026.npy,2um,unclear,-13.334536022945674,-13.135423626550768,-16.12239337082794,-10.527540888203873,16,-10.0,median_snr_below_threshold,symlinked
train,HFocusing_5_10_2um2_0_1027.npy,P0/data/dataset_particles2SNR_c1/train/2um/HFocusing_5_10_2um2_0_1027.npy,P0/data/particles2SNR_4_class_lim10/train/unclear/HFocusing_5_10_2um2_0_1027.npy,2um,unclear,-13.384475855171614,-12.978147858866254,-19.138707461569975,-0.7492095793488872,17,-10.0,median_snr_below_threshold,symlinked
train,HFocusing_5_10_2um2_0_1030.npy,P0/data/dataset_particles2SNR_c1/train/2um/HFocusing_5_10_2um2_0_1030.npy,P0/data/particles2SNR_4_class_lim10/train/2um/HFocusing_5_10_2um2_0_1030.npy,2um,2um,-9.085094988579911,-8.811875006233443,-18.98528330535704,4.6064052752420706,15,-10.0,median_snr_at_or_above_threshold,symlinked
train,HFocusing_5_10_2um2_0_1037.npy,P0/data/dataset_particles2SNR_c1/train/2um/HFocusing_5_10_2um2_0_1037.npy,P0/data/particles2SNR_4_class_lim10/train/unclear/HFocusing_5_10_2um2_0_1037.npy,2um,unclear,-10.359630119973568,-9.532474629577377,-16.683493526165577,1.3701788249993099,13,-10.0,median_snr_below_threshold,symlinked
train,HFocusing_5_10_2um2_0_1040.npy,P0/data/dataset_particles2SNR_c1/train/2um/HFocusing_5_10_2um2_0_1040.npy,P0/data/particles2SNR_4_class_lim10/train/unclear/HFocusing_5_10_2um2_0_1040.npy,2um,unclear,-12.170008026483792,-12.31067137766794,-16.883583043023435,-7.774008451174332,14,-10.0,median_snr_below_threshold,symlinked
train,HFocusing_5_10_2um2_0_1041.npy,P0/data/dataset_particles2SNR_c1/train/2um/HFocusing_5_10_2um2_0_1041.npy,P0/data/particles2SNR_4_class_lim10/train/unclear/HFocusing_5_10_2um2_0_1041.npy,2um,unclear,-11.092023084946895,-8.841884178667966,-18.159162424446382,3.182188655242454,12,-10.0,median_snr_below_threshold,symlinked
train,HFocusing_5_10_2um2_0_1047.npy,P0/data/dataset_particles2SNR_c1/train/2um/HFocusing_5_10_2um2_0_1047.npy,P0/data/particles2SNR_4_class_lim10/train/unclear/HFocusing_5_10_2um2_0_1047.npy,2um,unclear,-12.444253437581148,-12.314970098328569,-14.68594694743144,-9.666384141928487,15,-10.0,median_snr_below_threshold,symlinked
train,HFocusing_5_10_2um2_0_1048.npy,P0/data/dataset_particles2SNR_c1/train/2um/HFocusing_5_10_2um2_0_1048.npy,P0/data/particles2SNR_4_class_lim10/train/unclear/HFocusing_5_10_2um2_0_1048.npy,2um,unclear,-11.931493210077514,-10.892900803772944,-15.449177413044762,0.48872186043237476,18,-10.0,median_snr_below_threshold,symlinked
train,HFocusing_5_10_2um2_0_105.npy,P0/data/dataset_particles2SNR_c1/train/2um/HFocusing_5_10_2um2_0_105.npy,P0/data/particles2SNR_4_class_lim10/train/unclear/HFocusing_5_10_2um2_0_105.npy,2um,unclear,-10.263340007290832,-9.236272053402278,-15.072341187368348,-2.6657430379167373,10,-10.0,median_snr_below_threshold,symlinked
train,HFocusing_5_10_2um2_0_1051.npy,P0/data/dataset_particles2SNR_c1/train/2um/HFocusing_5_10_2um2_0_1051.npy,P0/data/particles2SNR_4_class_lim10/train/unclear/HFocusing_5_10_2um2_0_1051.npy,2um,unclear,-13.22726429921401,-12.17494362510034,-16.25461641087902,-1.9787795833163675,17,-10.0,median_snr_below_threshold,symlinked
train,HFocusing_5_10_2um2_0_1055.npy,P0/data/dataset_particles2SNR_c1/train/2um/HFocusing_5_10_2um2_0_1055.npy,P0/data/particles2SNR_4_class_lim10/train/unclear/HFocusing_5_10_2um2_0_1055.npy,2um,unclear,-13.46954346142908,-12.847196256895101,-16.361198902581165,-8.714933707086903,18,-10.0,median_snr_below_threshold,symlinked
train,HFocusing_5_10_2um2_0_1056.npy,P0/data/dataset_particles2SNR_c1/train/2um/HFocusing_5_10_2um2_0_1056.npy,P0/data/particles2SNR_4_class_lim10/train/unclear/HFocusing_5_10_2um2_0_1056.npy,2um,unclear,-12.717245454739302,-11.82320286512622,-21.447582962496554,-1.518115146768344,14,-10.0,median_snr_below_threshold,symlinked
train,HFocusing_5_10_2um2_0_1059.npy,P0/data/dataset_particles2SNR_c1/train/2um/HFocusing_5_10_2um2_0_1059.npy,P0/data/particles2SNR_4_class_lim10/train/unclear/HFocusing_5_10_2um2_0_1059.npy,2um,unclear,-14.026087560982079,-13.391223619007821,-17.819286765216628,-0.4848791026083122,17,-10.0,median_snr_below_threshold,symlinked
train,HFocusing_5_10_2um2_0_106.npy,P0/data/dataset_particles2SNR_c1/train/2um/HFocusing_5_10_2um2_0_106.npy,P0/data/particles2SNR_4_class_lim10/train/unclear/HFocusing_5_10_2um2_0_106.npy,2um,unclear,-10.647488104738231,-8.759677322527867,-19.577365335621714,3.392597505004593,9,-10.0,median_snr_below_threshold,symlinked
train,HFocusing_5_10_2um2_0_1062.npy,P0/data/dataset_particles2SNR_c1/train/2um/HFocusing_5_10_2um2_0_1062.npy,P0/data/particles2SNR_4_class_lim10/train/unclear/HFocusing_5_10_2um2_0_1062.npy,2um,unclear,-12.266960331069601,-10.687747557743785,-15.301844436955252,-0.5240403754935361,11,-10.0,median_snr_below_threshold,symlinked
train,HFocusing_5_10_2um2_0_1066.npy,P0/data/dataset_particles2SNR_c1/train/2um/HFocusing_5_10_2um2_0_1066.npy,P0/data/particles2SNR_4_class_lim10/train/unclear/HFocusing_5_10_2um2_0_1066.npy,2um,unclear,-13.108371767893567,-13.282086602875166,-17.041879947957806,-8.983972913070545,18,-10.0,median_snr_below_threshold,symlinked
train,HFocusing_5_10_2um2_0_1067.npy,P0/data/dataset_particles2SNR_c1/train/2um/HFocusing_5_10_2um2_0_1067.npy,P0/data/particles2SNR_4_class_lim10/train/unclear/HFocusing_5_10_2um2_0_1067.npy,2um,unclear,-11.391137576379851,-10.460825952246479,-14.279645684768747,0.638035040247406,12,-10.0,median_snr_below_threshold,symlinked
train,HFocusing_5_10_2um2_0_1070.npy,P0/data/dataset_particles2SNR_c1/train/2um/HFocusing_5_10_2um2_0_1070.npy,P0/data/particles2SNR_4_class_lim10/train/unclear/HFocusing_5_10_2um2_0_1070.npy,2um,unclear,-12.899784953253672,-12.579459705015942,-17.770143484184103,-7.39042249402768,16,-10.0,median_snr_below_threshold,symlinked
train,HFocusing_5_10_2um2_0_1073.npy,P0/data/dataset_particles2SNR_c1/train/2um/HFocusing_5_10_2um2_0_1073.npy,P0/data/particles2SNR_4_class_lim10/train/unclear/HFocusing_5_10_2um2_0_1073.npy,2um,unclear,-11.773495727880688,-11.420694874506456,-16.47776255535603,-3.526834398353329,17,-10.0,median_snr_below_threshold,symlinked
train,HFocusing_5_10_2um2_0_1074.npy,P0/data/dataset_particles2SNR_c1/train/2um/HFocusing_5_10_2um2_0_1074.npy,P0/data/particles2SNR_4_class_lim10/train/unclear/HFocusing_5_10_2um2_0_1074.npy,2um,unclear,-10.672432836724928,-10.900251782446169,-16.31355167565224,-1.2006050791149123,15,-10.0,median_snr_below_threshold,symlinked
train,HFocusing_5_10_2um2_0_1078.npy,P0/data/dataset_particles2SNR_c1/train/2um/HFocusing_5_10_2um2_0_1078.npy,P0/data/particles2SNR_4_class_lim10/train/unclear/HFocusing_5_10_2um2_0_1078.npy,2um,unclear,-10.30703149832761,-10.946852176481,-21.63933449946406,-1.066330468955124,19,-10.0,median_snr_below_threshold,symlinked
train,HFocusing_5_10_2um2_0_1081.npy,P0/data/dataset_particles2SNR_c1/train/2um/HFocusing_5_10_2um2_0_1081.npy,P0/data/particles2SNR_4_class_lim10/train/unclear/HFocusing_5_10_2um2_0_1081.npy,2um,unclear,-11.798148406782236,-12.134640501570205,-15.64919360805612,-9.11955846880004,13,-10.0,median_snr_below_threshold,symlinked
train,HFocusing_5_10_2um2_0_1082.npy,P0/data/dataset_particles2SNR_c1/train/2um/HFocusing_5_10_2um2_0_1082.npy,P0/data/particles2SNR_4_class_lim10/train/unclear/HFocusing_5_10_2um2_0_1082.npy,2um,unclear,-12.530391262197028,-12.153847489866854,-15.994616762061058,-0.4462418142024254,11,-10.0,median_snr_below_threshold,symlinked
train,HFocusing_5_10_2um2_0_1086.npy,P0/data/dataset_particles2SNR_c1/train/2um/HFocusing_5_10_2um2_0_1086.npy,P0/data/particles2SNR_4_class_lim10/train/unclear/HFocusing_5_10_2um2_0_1086.npy,2um,unclear,-13.66178285359372,-12.95705377123393,-17.599342163895276,0.5550165686737955,19,-10.0,median_snr_below_threshold,symlinked
train,HFocusing_5_10_2um2_0_109.npy,P0/data/dataset_particles2SNR_c1/train/2um/HFocusing_5_10_2um2_0_109.npy,P0/data/particles2SNR_4_class_lim10/train/unclear/HFocusing_5_10_2um2_0_109.npy,2um,unclear,-10.29037165567647,-9.806105076176866,-21.966204728616677,1.6993004902440914,15,-10.0,median_snr_below_threshold,symlinked
train,HFocusing_5_10_2um2_0_1090.npy,P0/data/dataset_particles2SNR_c1/train/2um/HFocusing_5_10_2um2_0_1090.npy,P0/data/particles2SNR_4_class_lim10/train/unclear/HFocusing_5_10_2um2_0_1090.npy,2um,unclear,-12.53544151183052,-12.138356313410377,-17.301862459643612,-5.047563528837103,22,-10.0,median_snr_below_threshold,symlinked
train,HFocusing_5_10_2um2_0_1092.npy,P0/data/dataset_particles2SNR_c1/train/2um/HFocusing_5_10_2um2_0_1092.npy,P0/data/particles2SNR_4_class_lim10/train/unclear/HFocusing_5_10_2um2_0_1092.npy,2um,unclear,-14.111977025457204,-13.059589425707106,-23.784907958017865,1.563839443847901,15,-10.0,median_snr_below_threshold,symlinked
train,HFocusing_5_10_2um2_0_1097.npy,P0/data/dataset_particles2SNR_c1/train/2um/HFocusing_5_10_2um2_0_1097.npy,P0/data/particles2SNR_4_class_lim10/train/unclear/HFocusing_5_10_2um2_0_1097.npy,2um,unclear,-13.593218696767808,-12.352505756719793,-17.770861157297656,0.040884117892028914,18,-10.0,median_snr_below_threshold,symlinked
train,HFocusing_5_10_2um2_0_11.npy,P0/data/dataset_particles2SNR_c1/train/2um/HFocusing_5_10_2um2_0_11.npy,P0/data/particles2SNR_4_class_lim10/train/unclear/HFocusing_5_10_2um2_0_11.npy,2um,unclear,-12.817863562255685,-11.528875672996493,-13.798973595844902,0.1783670790350988,14,-10.0,median_snr_below_threshold,symlinked
train,HFocusing_5_10_2um2_0_1100.npy,P0/data/dataset_particles2SNR_c1/train/2um/HFocusing_5_10_2um2_0_1100.npy,P0/data/particles2SNR_4_class_lim10/train/unclear/HFocusing_5_10_2um2_0_1100.npy,2um,unclear,-11.16634640986896,-10.752475837861653,-16.064682014086525,-2.157402962174549,14,-10.0,median_snr_below_threshold,symlinked
train,HFocusing_5_10_2um2_0_1101.npy,P0/data/dataset_particles2SNR_c1/train/2um/HFocusing_5_10_2um2_0_1101.npy,P0/data/particles2SNR_4_class_lim10/train/unclear/HFocusing_5_10_2um2_0_1101.npy,2um,unclear,-12.049965952811714,-10.365478185808131,-20.100243472361843,-0.8080328813255824,15,-10.0,median_snr_below_threshold,symlinked
train,HFocusing_5_10_2um2_0_1104.npy,P0/data/dataset_particles2SNR_c1/train/2um/HFocusing_5_10_2um2_0_1104.npy,P0/data/particles2SNR_4_class_lim10/train/unclear/HFocusing_5_10_2um2_0_1104.npy,2um,unclear,-13.085537401268546,-12.122059179638963,-18.322899359492276,3.3439078052728695,16,-10.0,median_snr_below_threshold,symlinked
train,HFocusing_5_10_2um2_0_1107.npy,P0/data/dataset_particles2SNR_c1/train/2um/HFocusing_5_10_2um2_0_1107.npy,P0/data/particles2SNR_4_class_lim10/train/unclear/HFocusing_5_10_2um2_0_1107.npy,2um,unclear,-12.621072615550666,-11.817268431256162,-14.560280727100402,-7.35336139328849,16,-10.0,median_snr_below_threshold,symlinked
train,HFocusing_5_10_2um2_0_1108.npy,P0/data/dataset_particles2SNR_c1/train/2um/HFocusing_5_10_2um2_0_1108.npy,P0/data/particles2SNR_4_class_lim10/train/unclear/HFocusing_5_10_2um2_0_1108.npy,2um,unclear,-12.19055255908488,-10.197355663530084,-14.126978152598328,1.0877280927028816,11,-10.0,median_snr_below_threshold,symlinked
train,HFocusing_5_10_2um2_0_1111.npy,P0/data/dataset_particles2SNR_c1/train/2um/HFocusing_5_10_2um2_0_1111.npy,P0/data/particles2SNR_4_class_lim10/train/unclear/HFocusing_5_10_2um2_0_1111.npy,2um,unclear,-12.750152786469474,-13.279193415327711,-17.722048010641185,-10.68152092702039,20,-10.0,median_snr_below_threshold,symlinked
train,HFocusing_5_10_2um2_0_1116.npy,P0/data/dataset_particles2SNR_c1/train/2um/HFocusing_5_10_2um2_0_1116.npy,P0/data/particles2SNR_4_class_lim10/train/unclear/HFocusing_5_10_2um2_0_1116.npy,2um,unclear,-11.001527166923527,-10.015751177537801,-17.61852312708268,-0.8247154137032242,15,-10.0,median_snr_below_threshold,symlinked
train,HFocusing_5_10_2um2_0_1118.npy,P0/data/dataset_particles2SNR_c1/train/2um/HFocusing_5_10_2um2_0_1118.npy,P0/data/particles2SNR_4_class_lim10/train/unclear/HFocusing_5_10_2um2_0_1118.npy,2um,unclear,-12.817324937637881,-11.789025384161459,-15.549514747395172,-5.904325634878775,18,-10.0,median_snr_below_threshold,symlinked
train,HFocusing_5_10_2um2_0_1119.npy,P0/data/dataset_particles2SNR_c1/train/2um/HFocusing_5_10_2um2_0_1119.npy,P0/data/particles2SNR_4_class_lim10/train/2um/HFocusing_5_10_2um2_0_1119.npy,2um,2um,-9.962086458401116,-10.962379584502798,-16.720352346893847,-7.25337305296139,10,-10.0,median_snr_at_or_above_threshold,symlinked
train,HFocusing_5_10_2um2_0_112.npy,P0/data/dataset_particles2SNR_c1/train/2um/HFocusing_5_10_2um2_0_112.npy,P0/data/particles2SNR_4_class_lim10/train/unclear/HFocusing_5_10_2um2_0_112.npy,2um,unclear,-12.455133210054996,-11.220269809057033,-16.18052426750392,-2.00937129729014,17,-10.0,median_snr_below_threshold,symlinked
train,HFocusing_5_10_2um2_0_1125.npy,P0/data/dataset_particles2SNR_c1/train/2um/HFocusing_5_10_2um2_0_1125.npy,P0/data/particles2SNR_4_class_lim10/train/unclear/HFocusing_5_10_2um2_0_1125.npy,2um,unclear,-10.841324894823966,-9.808455859267088,-16.0452307040043,2.9618944368881586,14,-10.0,median_snr_below_threshold,symlinked
train,HFocusing_5_10_2um2_0_1128.npy,P0/data/dataset_particles2SNR_c1/train/2um/HFocusing_5_10_2um2_0_1128.npy,P0/data/particles2SNR_4_class_lim10/train/unclear/HFocusing_5_10_2um2_0_1128.npy,2um,unclear,-12.348711121997287,-12.827905904440623,-16.62286715682616,-10.699723285803874,18,-10.0,median_snr_below_threshold,symlinked
train,HFocusing_5_10_2um2_0_113.npy,P0/data/dataset_particles2SNR_c1/train/2um/HFocusing_5_10_2um2_0_113.npy,P0/data/particles2SNR_4_class_lim10/train/unclear/HFocusing_5_10_2um2_0_113.npy,2um,unclear,-11.954591134486671,-9.363415753236255,-15.783370304492339,3.9312081360155613,15,-10.0,median_snr_below_threshold,symlinked
train,HFocusing_5_10_2um2_0_1133.npy,P0/data/dataset_particles2SNR_c1/train/2um/HFocusing_5_10_2um2_0_1133.npy,P0/data/particles2SNR_4_class_lim10/train/unclear/HFocusing_5_10_2um2_0_1133.npy,2um,unclear,-11.258811621015967,-9.808015077883683,-14.61007479890003,2.3359706707948007,13,-10.0,median_snr_below_threshold,symlinked
train,HFocusing_5_10_2um2_0_1136.npy,P0/data/dataset_particles2SNR_c1/train/2um/HFocusing_5_10_2um2_0_1136.npy,P0/data/particles2SNR_4_class_lim10/train/unclear/HFocusing_5_10_2um2_0_1136.npy,2um,unclear,-12.419086339790915,-8.67154152330077,-15.181449828529443,5.459462680344319,11,-10.0,median_snr_below_threshold,symlinked
train,HFocusing_5_10_2um2_0_1140.npy,P0/data/dataset_particles2SNR_c1/train/2um/HFocusing_5_10_2um2_0_1140.npy,P0/data/particles2SNR_4_class_lim10/train/unclear/HFocusing_5_10_2um2_0_1140.npy,2um,unclear,-12.891792806370393,-13.351045776105341,-17.347035401010146,-10.500453769079396,17,-10.0,median_snr_below_threshold,symlinked
train,HFocusing_5_10_2um2_0_1143.npy,P0/data/dataset_particles2SNR_c1/train/2um/HFocusing_5_10_2um2_0_1143.npy,P0/data/particles2SNR_4_class_lim10/train/unclear/HFocusing_5_10_2um2_0_1143.npy,2um,unclear,-12.530846212239958,-12.765821264562087,-17.999239539309016,-7.795417297079061,16,-10.0,median_snr_below_threshold,symlinked
train,HFocusing_5_10_2um2_0_1146.npy,P0/data/dataset_particles2SNR_c1/train/2um/HFocusing_5_10_2um2_0_1146.npy,P0/data/particles2SNR_4_class_lim10/train/unclear/HFocusing_5_10_2um2_0_1146.npy,2um,unclear,-11.416962061777982,-9.531738649226517,-14.117678649151063,-0.5112429095123073,17,-10.0,median_snr_below_threshold,symlinked
train,HFocusing_5_10_2um2_0_1149.npy,P0/data/dataset_particles2SNR_c1/train/2um/HFocusing_5_10_2um2_0_1149.npy,P0/data/particles2SNR_4_class_lim10/train/unclear/HFocusing_5_10_2um2_0_1149.npy,2um,unclear,-12.311703734942515,-12.08912025743906,-17.49770944849701,-7.999938044047596,15,-10.0,median_snr_below_threshold,symlinked
train,HFocusing_5_10_2um2_0_1153.npy,P0/data/dataset_particles2SNR_c1/train/2um/HFocusing_5_10_2um2_0_1153.npy,P0/data/particles2SNR_4_class_lim10/train/unclear/HFocusing_5_10_2um2_0_1153.npy,2um,unclear,-12.913016762198463,-10.725246330632876,-18.964688116702128,0.11229072390690419,12,-10.0,median_snr_below_threshold,symlinked
train,HFocusing_5_10_2um2_0_1154.npy,P0/data/dataset_particles2SNR_c1/train/2um/HFocusing_5_10_2um2_0_1154.npy,P0/data/particles2SNR_4_class_lim10/train/unclear/HFocusing_5_10_2um2_0_1154.npy,2um,unclear,-11.243137628233875,-10.551926884725566,-17.308034123203175,1.9618233835345114,14,-10.0,median_snr_below_threshold,symlinked
train,HFocusing_5_10_2um2_0_1158.npy,P0/data/dataset_particles2SNR_c1/train/2um/HFocusing_5_10_2um2_0_1158.npy,P0/data/particles2SNR_4_class_lim10/train/unclear/HFocusing_5_10_2um2_0_1158.npy,2um,unclear,-11.539638050526131,-10.527194337779779,-15.159285059472685,1.3795305909711297,14,-10.0,median_snr_below_threshold,symlinked
train,HFocusing_5_10_2um2_0_1162.npy,P0/data/dataset_particles2SNR_c1/train/2um/HFocusing_5_10_2um2_0_1162.npy,P0/data/particles2SNR_4_class_lim10/train/2um/HFocusing_5_10_2um2_0_1162.npy,2um,2um,-9.56738545977484,-10.296944853602866,-19.481017779540416,-4.5239697373504555,18,-10.0,median_snr_at_or_above_threshold,symlinked
train,HFocusing_5_10_2um2_0_1165.npy,P0/data/dataset_particles2SNR_c1/train/2um/HFocusing_5_10_2um2_0_1165.npy,P0/data/particles2SNR_4_class_lim10/train/unclear/HFocusing_5_10_2um2_0_1165.npy,2um,unclear,-13.378719622329644,-13.017897083392114,-18.362265203388493,-7.930776944799588,14,-10.0,median_snr_below_threshold,symlinked
train,HFocusing_5_10_2um2_0_1168.npy,P0/data/dataset_particles2SNR_c1/train/2um/HFocusing_5_10_2um2_0_1168.npy,P0/data/particles2SNR_4_class_lim10/train/unclear/HFocusing_5_10_2um2_0_1168.npy,2um,unclear,-13.352199536165246,-13.290766349272571,-17.525291241583147,-7.959438746847772,17,-10.0,median_snr_below_threshold,symlinked
train,HFocusing_5_10_2um2_0_1169.npy,P0/data/dataset_particles2SNR_c1/train/2um/HFocusing_5_10_2um2_0_1169.npy,P0/data/particles2SNR_4_class_lim10/train/unclear/HFocusing_5_10_2um2_0_1169.npy,2um,unclear,-13.198154195612839,-12.623463647753177,-18.783304543271846,0.1974805571210383,20,-10.0,median_snr_below_threshold,symlinked
train,HFocusing_5_10_2um2_0_117.npy,P0/data/dataset_particles2SNR_c1/train/2um/HFocusing_5_10_2um2_0_117.npy,P0/data/particles2SNR_4_class_lim10/train/unclear/HFocusing_5_10_2um2_0_117.npy,2um,unclear,-13.740077423440669,-12.38734051579786,-17.659179859702363,2.7695705100302788,23,-10.0,median_snr_below_threshold,symlinked
train,HFocusing_5_10_2um2_0_1172.npy,P0/data/dataset_particles2SNR_c1/train/2um/HFocusing_5_10_2um2_0_1172.npy,P0/data/particles2SNR_4_class_lim10/train/unclear/HFocusing_5_10_2um2_0_1172.npy,2um,unclear,-13.953594735652192,-13.618294874857416,-16.693682246250855,-10.249609209241132,18,-10.0,median_snr_below_threshold,symlinked
train,HFocusing_5_10_2um2_0_1173.npy,P0/data/dataset_particles2SNR_c1/train/2um/HFocusing_5_10_2um2_0_1173.npy,P0/data/particles2SNR_4_class_lim10/train/unclear/HFocusing_5_10_2um2_0_1173.npy,2um,unclear,-13.493145791876277,-13.090998791979855,-18.545850912634755,-0.6066358487840686,16,-10.0,median_snr_below_threshold,symlinked
train,HFocusing_5_10_2um2_0_1176.npy,P0/data/dataset_particles2SNR_c1/train/2um/HFocusing_5_10_2um2_0_1176.npy,P0/data/particles2SNR_4_class_lim10/train/unclear/HFocusing_5_10_2um2_0_1176.npy,2um,unclear,-12.375315878331744,-10.687111025570994,-15.98529334787203,3.6190629045966363,14,-10.0,median_snr_below_threshold,symlinked
train,HFocusing_5_10_2um2_0_1179.npy,P0/data/dataset_particles2SNR_c1/train/2um/HFocusing_5_10_2um2_0_1179.npy,P0/data/particles2SNR_4_class_lim10/train/unclear/HFocusing_5_10_2um2_0_1179.npy,2um,unclear,-13.76310980567265,-12.438236956466575,-18.337290700164303,-3.4995967042697966,18,-10.0,median_snr_below_threshold,symlinked
train,HFocusing_5_10_2um2_0_1180.npy,P0/data/dataset_particles2SNR_c1/train/2um/HFocusing_5_10_2um2_0_1180.npy,P0/data/particles2SNR_4_class_lim10/train/unclear/HFocusing_5_10_2um2_0_1180.npy,2um,unclear,-13.263388959209157,-11.494245591490571,-16.507389054966207,4.386751213951556,23,-10.0,median_snr_below_threshold,symlinked
train,HFocusing_5_10_2um2_0_1183.npy,P0/data/dataset_particles2SNR_c1/train/2um/HFocusing_5_10_2um2_0_1183.npy,P0/data/particles2SNR_4_class_lim10/train/unclear/HFocusing_5_10_2um2_0_1183.npy,2um,unclear,-11.262216049916622,-8.327432222669852,-13.251277537862798,2.6173295572076634,11,-10.0,median_snr_below_threshold,symlinked
train,HFocusing_5_10_2um2_0_1185.npy,P0/data/dataset_particles2SNR_c1/train/2um/HFocusing_5_10_2um2_0_1185.npy,P0/data/particles2SNR_4_class_lim10/train/2um/HFocusing_5_10_2um2_0_1185.npy,2um,2um,-8.874152970644746,-8.769056043968087,-16.437397648742444,2.491630881434599,15,-10.0,median_snr_at_or_above_threshold,symlinked
train,HFocusing_5_10_2um2_0_1189.npy,P0/data/dataset_particles2SNR_c1/train/2um/HFocusing_5_10_2um2_0_1189.npy,P0/data/particles2SNR_4_class_lim10/train/unclear/HFocusing_5_10_2um2_0_1189.npy,2um,unclear,-12.970229414036911,-11.568565374430916,-21.309234600398117,-2.0476726716139018,19,-10.0,median_snr_below_threshold,symlinked
train,HFocusing_5_10_2um2_0_1195.npy,P0/data/dataset_particles2SNR_c1/train/2um/HFocusing_5_10_2um2_0_1195.npy,P0/data/particles2SNR_4_class_lim10/train/unclear/HFocusing_5_10_2um2_0_1195.npy,2um,unclear,-12.379359883749391,-12.968713321801001,-17.504628836620913,-9.397364503057942,17,-10.0,median_snr_below_threshold,symlinked
train,HFocusing_5_10_2um2_0_1196.npy,P0/data/dataset_particles2SNR_c1/train/2um/HFocusing_5_10_2um2_0_1196.npy,P0/data/particles2SNR_4_class_lim10/train/unclear/HFocusing_5_10_2um2_0_1196.npy,2um,unclear,-12.053632580166894,-11.876899837335111,-19.2189968044866,1.1308792165320505,14,-10.0,median_snr_below_threshold,symlinked
train,HFocusing_5_10_2um2_0_120.npy,P0/data/dataset_particles2SNR_c1/train/2um/HFocusing_5_10_2um2_0_120.npy,P0/data/particles2SNR_4_class_lim10/train/unclear/HFocusing_5_10_2um2_0_120.npy,2um,unclear,-13.782370330909206,-14.363362873857593,-18.056158446933868,-11.336487978105257,20,-10.0,median_snr_below_threshold,symlinked
train,HFocusing_5_10_2um2_0_1200.npy,P0/data/dataset_particles2SNR_c1/train/2um/HFocusing_5_10_2um2_0_1200.npy,P0/data/particles2SNR_4_class_lim10/train/unclear/HFocusing_5_10_2um2_0_1200.npy,2um,unclear,-13.356147585339361,-12.407563977464731,-19.34248472504497,3.0348716150732424,13,-10.0,median_snr_below_threshold,symlinked
train,HFocusing_5_10_2um2_0_1203.npy,P0/data/dataset_particles2SNR_c1/train/2um/HFocusing_5_10_2um2_0_1203.npy,P0/data/particles2SNR_4_class_lim10/train/unclear/HFocusing_5_10_2um2_0_1203.npy,2um,unclear,-12.104079694454201,-13.32112281642625,-24.135379990716466,-9.058312320891474,14,-10.0,median_snr_below_threshold,symlinked
train,HFocusing_5_10_2um2_0_1204.npy,P0/data/dataset_particles2SNR_c1/train/2um/HFocusing_5_10_2um2_0_1204.npy,P0/data/particles2SNR_4_class_lim10/train/unclear/HFocusing_5_10_2um2_0_1204.npy,2um,unclear,-11.729078706754962,-12.161055128700259,-17.32091860668829,-8.097477453811845,19,-10.0,median_snr_below_threshold,symlinked
train,HFocusing_5_10_2um2_0_1207.npy,P0/data/dataset_particles2SNR_c1/train/2um/HFocusing_5_10_2um2_0_1207.npy,P0/data/particles2SNR_4_class_lim10/train/unclear/HFocusing_5_10_2um2_0_1207.npy,2um,unclear,-13.692457451878163,-11.029860881579967,-18.6097862893905,2.9572671798980115,17,-10.0,median_snr_below_threshold,symlinked
train,HFocusing_5_10_2um2_0_121.npy,P0/data/dataset_particles2SNR_c1/train/2um/HFocusing_5_10_2um2_0_121.npy,P0/data/particles2SNR_4_class_lim10/train/unclear/HFocusing_5_10_2um2_0_121.npy,2um,unclear,-13.850001234382903,-13.299641899903447,-18.30242866459612,-1.7881120549785854,25,-10.0,median_snr_below_threshold,symlinked
train,HFocusing_5_10_2um2_0_1210.npy,P0/data/dataset_particles2SNR_c1/train/2um/HFocusing_5_10_2um2_0_1210.npy,P0/data/particles2SNR_4_class_lim10/train/unclear/HFocusing_5_10_2um2_0_1210.npy,2um,unclear,-13.285847378584254,-12.735129825613477,-17.93201903044543,-2.897046096104365,16,-10.0,median_snr_below_threshold,symlinked
train,HFocusing_5_10_2um2_0_1213.npy,P0/data/dataset_particles2SNR_c1/train/2um/HFocusing_5_10_2um2_0_1213.npy,P0/data/particles2SNR_4_class_lim10/train/unclear/HFocusing_5_10_2um2_0_1213.npy,2um,unclear,-12.144278645097232,-10.346862309267133,-18.621014652407084,18.415402724114493,17,-10.0,median_snr_below_threshold,symlinked
train,HFocusing_5_10_2um2_0_1216.npy,P0/data/dataset_particles2SNR_c1/train/2um/HFocusing_5_10_2um2_0_1216.npy,P0/data/particles2SNR_4_class_lim10/train/unclear/HFocusing_5_10_2um2_0_1216.npy,2um,unclear,-10.763544069104917,-11.105867402962106,-16.953280388160913,-4.198691050805035,17,-10.0,median_snr_below_threshold,symlinked
train,HFocusing_5_10_2um2_0_1223.npy,P0/data/dataset_particles2SNR_c1/train/2um/HFocusing_5_10_2um2_0_1223.npy,P0/data/particles2SNR_4_class_lim10/train/2um/HFocusing_5_10_2um2_0_1223.npy,2um,2um,-9.735139164978962,-9.501368902590565,-16.776190343937213,-0.3472327213837303,14,-10.0,median_snr_at_or_above_threshold,symlinked
train,HFocusing_5_10_2um2_0_1226.npy,P0/data/dataset_particles2SNR_c1/train/2um/HFocusing_5_10_2um2_0_1226.npy,P0/data/particles2SNR_4_class_lim10/train/unclear/HFocusing_5_10_2um2_0_1226.npy,2um,unclear,-12.896453703876906,-12.71636425674824,-16.13781971842471,-8.034590623500403,15,-10.0,median_snr_below_threshold,symlinked
train,HFocusing_5_10_2um2_0_1227.npy,P0/data/dataset_particles2SNR_c1/train/2um/HFocusing_5_10_2um2_0_1227.npy,P0/data/particles2SNR_4_class_lim10/train/unclear/HFocusing_5_10_2um2_0_1227.npy,2um,unclear,-11.788365104355158,-11.857762863481078,-19.425360266143986,-0.48529601896584107,11,-10.0,median_snr_below_threshold,symlinked
train,HFocusing_5_10_2um2_0_1229.npy,P0/data/dataset_particles2SNR_c1/train/2um/HFocusing_5_10_2um2_0_1229.npy,P0/data/particles2SNR_4_class_lim10/train/unclear/HFocusing_5_10_2um2_0_1229.npy,2um,unclear,-12.608141498949472,-12.089379377034978,-19.26323479988201,1.2770967043110755,12,-10.0,median_snr_below_threshold,symlinked
train,HFocusing_5_10_2um2_0_1233.npy,P0/data/dataset_particles2SNR_c1/train/2um/HFocusing_5_10_2um2_0_1233.npy,P0/data/particles2SNR_4_class_lim10/train/unclear/HFocusing_5_10_2um2_0_1233.npy,2um,unclear,-12.402002658595343,-12.471715479284937,-17.54044360868972,-9.607786449415444,21,-10.0,median_snr_below_threshold,symlinked
train,HFocusing_5_10_2um2_0_1236.npy,P0/data/dataset_particles2SNR_c1/train/2um/HFocusing_5_10_2um2_0_1236.npy,P0/data/particles2SNR_4_class_lim10/train/unclear/HFocusing_5_10_2um2_0_1236.npy,2um,unclear,-12.985819873891884,-12.441603128024731,-15.136728601201996,-7.434769554655734,12,-10.0,median_snr_below_threshold,symlinked
train,HFocusing_5_10_2um2_0_1237.npy,P0/data/dataset_particles2SNR_c1/train/2um/HFocusing_5_10_2um2_0_1237.npy,P0/data/particles2SNR_4_class_lim10/train/unclear/HFocusing_5_10_2um2_0_1237.npy,2um,unclear,-12.95419247518993,-12.33410220177043,-17.973280011207777,2.4060326351559467,15,-10.0,median_snr_below_threshold,symlinked
train,HFocusing_5_10_2um2_0_124.npy,P0/data/dataset_particles2SNR_c1/train/2um/HFocusing_5_10_2um2_0_124.npy,P0/data/particles2SNR_4_class_lim10/train/unclear/HFocusing_5_10_2um2_0_124.npy,2um,unclear,-10.642096727958133,-10.562435610294557,-17.925498008052465,-5.298703047210833,9,-10.0,median_snr_below_threshold,symlinked
train,HFocusing_5_10_2um2_0_1240.npy,P0/data/dataset_particles2SNR_c1/train/2um/HFocusing_5_10_2um2_0_1240.npy,P0/data/particles2SNR_4_class_lim10/train/unclear/HFocusing_5_10_2um2_0_1240.npy,2um,unclear,-10.849879139973622,-10.953845808929305,-13.795747242517056,-8.177459840247518,13,-10.0,median_snr_below_threshold,symlinked
train,HFocusing_5_10_2um2_0_1243.npy,P0/data/dataset_particles2SNR_c1/train/2um/HFocusing_5_10_2um2_0_1243.npy,P0/data/particles2SNR_4_class_lim10/train/unclear/HFocusing_5_10_2um2_0_1243.npy,2um,unclear,-13.125874440045653,-13.542209370966491,-18.68936175162659,-9.785704786864887,22,-10.0,median_snr_below_threshold,symlinked
train,HFocusing_5_10_2um2_0_1246.npy,P0/data/dataset_particles2SNR_c1/train/2um/HFocusing_5_10_2um2_0_1246.npy,P0/data/particles2SNR_4_class_lim10/train/unclear/HFocusing_5_10_2um2_0_1246.npy,2um,unclear,-13.10796214151144,-12.337501412248898,-17.809855907406913,-3.831260162556729,17,-10.0,median_snr_below_threshold,symlinked
train,HFocusing_5_10_2um2_0_1247.npy,P0/data/dataset_particles2SNR_c1/train/2um/HFocusing_5_10_2um2_0_1247.npy,P0/data/particles2SNR_4_class_lim10/train/unclear/HFocusing_5_10_2um2_0_1247.npy,2um,unclear,-10.369222913564997,-9.996438955842972,-14.702835356554747,-0.36399719625157206,14,-10.0,median_snr_below_threshold,symlinked
train,HFocusing_5_10_2um2_0_1250.npy,P0/data/dataset_particles2SNR_c1/train/2um/HFocusing_5_10_2um2_0_1250.npy,P0/data/particles2SNR_4_class_lim10/train/unclear/HFocusing_5_10_2um2_0_1250.npy,2um,unclear,-12.576050687419219,-12.485095673472424,-20.328724197501163,-2.844479568055993,21,-10.0,median_snr_below_threshold,symlinked
train,HFocusing_5_10_2um2_0_127.npy,P0/data/dataset_particles2SNR_c1/train/2um/HFocusing_5_10_2um2_0_127.npy,P0/data/particles2SNR_4_class_lim10/train/unclear/HFocusing_5_10_2um2_0_127.npy,2um,unclear,-12.246080020477637,-11.688648052139037,-16.819555535060147,-4.022966951132814,18,-10.0,median_snr_below_threshold,symlinked
train,HFocusing_5_10_2um2_0_1274.npy,P0/data/dataset_particles2SNR_c1/train/2um/HFocusing_5_10_2um2_0_1274.npy,P0/data/particles2SNR_4_class_lim10/train/unclear/HFocusing_5_10_2um2_0_1274.npy,2um,unclear,-13.545147380008729,-10.232272553528507,-17.10377678985321,5.124973718681966,10,-10.0,median_snr_below_threshold,symlinked
train,HFocusing_5_10_2um2_0_1277.npy,P0/data/dataset_particles2SNR_c1/train/2um/HFocusing_5_10_2um2_0_1277.npy,P0/data/particles2SNR_4_class_lim10/train/unclear/HFocusing_5_10_2um2_0_1277.npy,2um,unclear,-11.52180238893395,-10.6260848078376,-15.586434576474417,-0.32724561680867625,13,-10.0,median_snr_below_threshold,symlinked
train,HFocusing_5_10_2um2_0_128.npy,P0/data/dataset_particles2SNR_c1/train/2um/HFocusing_5_10_2um2_0_128.npy,P0/data/particles2SNR_4_class_lim10/train/unclear/HFocusing_5_10_2um2_0_128.npy,2um,unclear,-12.523447017589346,-9.879734874090229,-17.877222521686384,5.104116534874626,12,-10.0,median_snr_below_threshold,symlinked
train,HFocusing_5_10_2um2_0_1280.npy,P0/data/dataset_particles2SNR_c1/train/2um/HFocusing_5_10_2um2_0_1280.npy,P0/data/particles2SNR_4_class_lim10/train/unclear/HFocusing_5_10_2um2_0_1280.npy,2um,unclear,-11.073562987558251,-10.563579205383471,-17.88646508646974,-1.0814667227039227,13,-10.0,median_snr_below_threshold,symlinked
train,HFocusing_5_10_2um2_0_1283.npy,P0/data/dataset_particles2SNR_c1/train/2um/HFocusing_5_10_2um2_0_1283.npy,P0/data/particles2SNR_4_class_lim10/train/unclear/HFocusing_5_10_2um2_0_1283.npy,2um,unclear,-13.434716273540268,-13.260274082605108,-16.987923411995315,-7.836858847834752,17,-10.0,median_snr_below_threshold,symlinked
train,HFocusing_5_10_2um2_0_1288.npy,P0/data/dataset_particles2SNR_c1/train/2um/HFocusing_5_10_2um2_0_1288.npy,P0/data/particles2SNR_4_class_lim10/train/unclear/HFocusing_5_10_2um2_0_1288.npy,2um,unclear,-11.699313723564027,-11.635858386105932,-17.20719022680196,-1.0042570163072715,11,-10.0,median_snr_below_threshold,symlinked
train,HFocusing_5_10_2um2_0_1291.npy,P0/data/dataset_particles2SNR_c1/train/2um/HFocusing_5_10_2um2_0_1291.npy,P0/data/particles2SNR_4_class_lim10/train/unclear/HFocusing_5_10_2um2_0_1291.npy,2um,unclear,-12.519643925331845,-13.067234430297336,-16.755597773710043,-11.146489875801242,17,-10.0,median_snr_below_threshold,symlinked
train,HFocusing_5_10_2um2_0_1292.npy,P0/data/dataset_particles2SNR_c1/train/2um/HFocusing_5_10_2um2_0_1292.npy,P0/data/particles2SNR_4_class_lim10/train/unclear/HFocusing_5_10_2um2_0_1292.npy,2um,unclear,-10.163265961688547,-10.374911763151022,-17.167926944215356,1.9911109747008038,20,-10.0,median_snr_below_threshold,symlinked
train,HFocusing_5_10_2um2_0_1295.npy,P0/data/dataset_particles2SNR_c1/train/2um/HFocusing_5_10_2um2_0_1295.npy,P0/data/particles2SNR_4_class_lim10/train/unclear/HFocusing_5_10_2um2_0_1295.npy,2um,unclear,-12.807873724058489,-12.933875687400175,-21.44739985285775,-5.737454178415121,25,-10.0,median_snr_below_threshold,symlinked
train,HFocusing_5_10_2um2_0_1296.npy,P0/data/dataset_particles2SNR_c1/train/2um/HFocusing_5_10_2um2_0_1296.npy,P0/data/particles2SNR_4_class_lim10/train/unclear/HFocusing_5_10_2um2_0_1296.npy,2um,unclear,-13.850748266924619,-12.311895127908667,-17.11247745891968,0.2758560240069297,14,-10.0,median_snr_below_threshold,symlinked
train,HFocusing_5_10_2um2_0_1299.npy,P0/data/dataset_particles2SNR_c1/train/2um/HFocusing_5_10_2um2_0_1299.npy,P0/data/particles2SNR_4_class_lim10/train/unclear/HFocusing_5_10_2um2_0_1299.npy,2um,unclear,-13.679442355991135,-12.128105825821232,-15.656931559263983,0.8388755158332005,15,-10.0,median_snr_below_threshold,symlinked
train,HFocusing_5_10_2um2_0_1308.npy,P0/data/dataset_particles2SNR_c1/train/2um/HFocusing_5_10_2um2_0_1308.npy,P0/data/particles2SNR_4_class_lim10/train/unclear/HFocusing_5_10_2um2_0_1308.npy,2um,unclear,-13.284197768946404,-13.350343691646517,-18.23760150440307,-10.418108531337325,19,-10.0,median_snr_below_threshold,symlinked
train,HFocusing_5_10_2um2_0_1309.npy,P0/data/dataset_particles2SNR_c1/train/2um/HFocusing_5_10_2um2_0_1309.npy,P0/data/particles2SNR_4_class_lim10/train/2um/HFocusing_5_10_2um2_0_1309.npy,2um,2um,-9.469642149252493,-9.255085135310472,-16.400264337379827,1.8299186754823693,11,-10.0,median_snr_at_or_above_threshold,symlinked
train,HFocusing_5_10_2um2_0_131.npy,P0/data/dataset_particles2SNR_c1/train/2um/HFocusing_5_10_2um2_0_131.npy,P0/data/particles2SNR_4_class_lim10/train/unclear/HFocusing_5_10_2um2_0_131.npy,2um,unclear,-12.820956022595691,-13.362721548449485,-17.81104262511521,-9.181103473541448,22,-10.0,median_snr_below_threshold,symlinked
train,HFocusing_5_10_2um2_0_1317.npy,P0/data/dataset_particles2SNR_c1/train/2um/HFocusing_5_10_2um2_0_1317.npy,P0/data/particles2SNR_4_class_lim10/train/unclear/HFocusing_5_10_2um2_0_1317.npy,2um,unclear,-13.60550915543783,-12.039900753621069,-15.519522253358328,4.858446783389415,16,-10.0,median_snr_below_threshold,symlinked
train,HFocusing_5_10_2um2_0_132.npy,P0/data/dataset_particles2SNR_c1/train/2um/HFocusing_5_10_2um2_0_132.npy,P0/data/particles2SNR_4_class_lim10/train/unclear/HFocusing_5_10_2um2_0_132.npy,2um,unclear,-12.692757128872266,-11.977631994146888,-18.301104382189052,-0.46560182615457935,18,-10.0,median_snr_below_threshold,symlinked
train,HFocusing_5_10_2um2_0_1320.npy,P0/data/dataset_particles2SNR_c1/train/2um/HFocusing_5_10_2um2_0_1320.npy,P0/data/particles2SNR_4_class_lim10/train/unclear/HFocusing_5_10_2um2_0_1320.npy,2um,unclear,-12.884783617791516,-13.279054546331146,-16.65075819593349,-8.154866673190542,13,-10.0,median_snr_below_threshold,symlinked
train,HFocusing_5_10_2um2_0_1321.npy,P0/data/dataset_particles2SNR_c1/train/2um/HFocusing_5_10_2um2_0_1321.npy,P0/data/particles2SNR_4_class_lim10/train/unclear/HFocusing_5_10_2um2_0_1321.npy,2um,unclear,-12.866456544012625,-12.132419883022443,-18.263660632306173,3.0640250033237786,18,-10.0,median_snr_below_threshold,symlinked
train,HFocusing_5_10_2um2_0_1324.npy,P0/data/dataset_particles2SNR_c1/train/2um/HFocusing_5_10_2um2_0_1324.npy,P0/data/particles2SNR_4_class_lim10/train/unclear/HFocusing_5_10_2um2_0_1324.npy,2um,unclear,-14.476369762654773,-13.417074243506681,-16.248978345327185,-7.530965691685921,11,-10.0,median_snr_below_threshold,symlinked
train,HFocusing_5_10_2um2_0_1325.npy,P0/data/dataset_particles2SNR_c1/train/2um/HFocusing_5_10_2um2_0_1325.npy,P0/data/particles2SNR_4_class_lim10/train/unclear/HFocusing_5_10_2um2_0_1325.npy,2um,unclear,-13.000469754892531,-12.781279023063522,-19.569678205181898,2.9395070989042322,16,-10.0,median_snr_below_threshold,symlinked
train,HFocusing_5_10_2um2_0_1328.npy,P0/data/dataset_particles2SNR_c1/train/2um/HFocusing_5_10_2um2_0_1328.npy,P0/data/particles2SNR_4_class_lim10/train/unclear/HFocusing_5_10_2um2_0_1328.npy,2um,unclear,-12.009975422014138,-10.712071378664708,-14.277365984178285,1.6994950582433273,13,-10.0,median_snr_below_threshold,symlinked
train,HFocusing_5_10_2um2_0_1331.npy,P0/data/dataset_particles2SNR_c1/train/2um/HFocusing_5_10_2um2_0_1331.npy,P0/data/particles2SNR_4_class_lim10/train/unclear/HFocusing_5_10_2um2_0_1331.npy,2um,unclear,-13.416160730158087,-13.027645448638072,-16.248457924811348,-8.910849205581613,11,-10.0,median_snr_below_threshold,symlinked
train,HFocusing_5_10_2um2_0_1332.npy,P0/data/dataset_particles2SNR_c1/train/2um/HFocusing_5_10_2um2_0_1332.npy,P0/data/particles2SNR_4_class_lim10/train/unclear/HFocusing_5_10_2um2_0_1332.npy,2um,unclear,-13.742606681516804,-12.756419993943647,-15.881195453978378,-4.307933367136067,12,-10.0,median_snr_below_threshold,symlinked
train,HFocusing_5_10_2um2_0_1334.npy,P0/data/dataset_particles2SNR_c1/train/2um/HFocusing_5_10_2um2_0_1334.npy,P0/data/particles2SNR_4_class_lim10/train/unclear/HFocusing_5_10_2um2_0_1334.npy,2um,unclear,-10.221260882065899,-10.748058320725844,-19.456505824762104,-3.422947035305046,21,-10.0,median_snr_below_threshold,symlinked
train,HFocusing_5_10_2um2_0_1337.npy,P0/data/dataset_particles2SNR_c1/train/2um/HFocusing_5_10_2um2_0_1337.npy,P0/data/particles2SNR_4_class_lim10/train/unclear/HFocusing_5_10_2um2_0_1337.npy,2um,unclear,-12.515746802206422,-11.51451876336472,-19.56494796506412,-1.2587848666202184,16,-10.0,median_snr_below_threshold,symlinked
train,HFocusing_5_10_2um2_0_1338.npy,P0/data/dataset_particles2SNR_c1/train/2um/HFocusing_5_10_2um2_0_1338.npy,P0/data/particles2SNR_4_class_lim10/train/unclear/HFocusing_5_10_2um2_0_1338.npy,2um,unclear,-10.714839464881383,-10.535068028616752,-15.342315087541822,-1.5858202083641841,15,-10.0,median_snr_below_threshold,symlinked
train,HFocusing_5_10_2um2_0_1341.npy,P0/data/dataset_particles2SNR_c1/train/2um/HFocusing_5_10_2um2_0_1341.npy,P0/data/particles2SNR_4_class_lim10/train/unclear/HFocusing_5_10_2um2_0_1341.npy,2um,unclear,-13.778017885571053,-13.544525461339989,-17.16553556363834,-9.635999413880183,15,-10.0,median_snr_below_threshold,symlinked
train,HFocusing_5_10_2um2_0_1345.npy,P0/data/dataset_particles2SNR_c1/train/2um/HFocusing_5_10_2um2_0_1345.npy,P0/data/particles2SNR_4_class_lim10/train/unclear/HFocusing_5_10_2um2_0_1345.npy,2um,unclear,-11.039867197617816,-11.152624147103422,-18.999621414227693,0.12144662487901649,11,-10.0,median_snr_below_threshold,symlinked
train,HFocusing_5_10_2um2_0_1348.npy,P0/data/dataset_particles2SNR_c1/train/2um/HFocusing_5_10_2um2_0_1348.npy,P0/data/particles2SNR_4_class_lim10/train/unclear/HFocusing_5_10_2um2_0_1348.npy,2um,unclear,-13.116357367367426,-12.542748757902286,-17.116878733568143,0.24060837761312845,15,-10.0,median_snr_below_threshold,symlinked
train,HFocusing_5_10_2um2_0_1352.npy,P0/data/dataset_particles2SNR_c1/train/2um/HFocusing_5_10_2um2_0_1352.npy,P0/data/particles2SNR_4_class_lim10/train/unclear/HFocusing_5_10_2um2_0_1352.npy,2um,unclear,-12.4253264953413,-12.340863873470555,-20.64689545168656,-1.0854953826965617,15,-10.0,median_snr_below_threshold,symlinked
train,HFocusing_5_10_2um2_0_1355.npy,P0/data/dataset_particles2SNR_c1/train/2um/HFocusing_5_10_2um2_0_1355.npy,P0/data/particles2SNR_4_class_lim10/train/unclear/HFocusing_5_10_2um2_0_1355.npy,2um,unclear,-12.369163738752714,-12.626275763710229,-17.636178454629178,-8.8004481323817,20,-10.0,median_snr_below_threshold,symlinked
train,HFocusing_5_10_2um2_0_1356.npy,P0/data/dataset_particles2SNR_c1/train/2um/HFocusing_5_10_2um2_0_1356.npy,P0/data/particles2SNR_4_class_lim10/train/unclear/HFocusing_5_10_2um2_0_1356.npy,2um,unclear,-13.331066218851099,-11.758661470938733,-18.19495257516105,0.9206916787789832,16,-10.0,median_snr_below_threshold,symlinked
train,HFocusing_5_10_2um2_0_1365.npy,P0/data/dataset_particles2SNR_c1/train/2um/HFocusing_5_10_2um2_0_1365.npy,P0/data/particles2SNR_4_class_lim10/train/unclear/HFocusing_5_10_2um2_0_1365.npy,2um,unclear,-13.176157356814123,-12.596500187589376,-20.44162822004061,-1.7208067718964737,15,-10.0,median_snr_below_threshold,symlinked
train,HFocusing_5_10_2um2_0_1366.npy,P0/data/dataset_particles2SNR_c1/train/2um/HFocusing_5_10_2um2_0_1366.npy,P0/data/particles2SNR_4_class_lim10/train/unclear/HFocusing_5_10_2um2_0_1366.npy,2um,unclear,-14.12526384339329,-13.409185483157472,-18.355402652481235,0.42456177842093346,20,-10.0,median_snr_below_threshold,symlinked
train,HFocusing_5_10_2um2_0_1368.npy,P0/data/dataset_particles2SNR_c1/train/2um/HFocusing_5_10_2um2_0_1368.npy,P0/data/particles2SNR_4_class_lim10/train/unclear/HFocusing_5_10_2um2_0_1368.npy,2um,unclear,-13.700757159298346,-13.629423673750754,-18.32796543859879,-5.643617318648138,21,-10.0,median_snr_below_threshold,symlinked
train,HFocusing_5_10_2um2_0_1373.npy,P0/data/dataset_particles2SNR_c1/train/2um/HFocusing_5_10_2um2_0_1373.npy,P0/data/particles2SNR_4_class_lim10/train/unclear/HFocusing_5_10_2um2_0_1373.npy,2um,unclear,-10.865021632385698,-9.748505799128509,-22.45228801423422,1.7218546132364956,8,-10.0,median_snr_below_threshold,symlinked
train,HFocusing_5_10_2um2_0_138.npy,P0/data/dataset_particles2SNR_c1/train/2um/HFocusing_5_10_2um2_0_138.npy,P0/data/particles2SNR_4_class_lim10/train/unclear/HFocusing_5_10_2um2_0_138.npy,2um,unclear,-11.282651588843503,-9.49531453906097,-16.55808992995958,5.804036638985959,19,-10.0,median_snr_below_threshold,symlinked
train,HFocusing_5_10_2um2_0_1380.npy,P0/data/dataset_particles2SNR_c1/train/2um/HFocusing_5_10_2um2_0_1380.npy,P0/data/particles2SNR_4_class_lim10/train/unclear/HFocusing_5_10_2um2_0_1380.npy,2um,unclear,-10.883036342630358,-9.150936522360665,-13.509789156085098,5.791716197941106,13,-10.0,median_snr_below_threshold,symlinked
train,HFocusing_5_10_2um2_0_1383.npy,P0/data/dataset_particles2SNR_c1/train/2um/HFocusing_5_10_2um2_0_1383.npy,P0/data/particles2SNR_4_class_lim10/train/unclear/HFocusing_5_10_2um2_0_1383.npy,2um,unclear,-11.401369376823013,-11.228376083899676,-18.948186999449298,6.4593040303225155,16,-10.0,median_snr_below_threshold,symlinked
train,HFocusing_5_10_2um2_0_1386.npy,P0/data/dataset_particles2SNR_c1/train/2um/HFocusing_5_10_2um2_0_1386.npy,P0/data/particles2SNR_4_class_lim10/train/unclear/HFocusing_5_10_2um2_0_1386.npy,2um,unclear,-12.21678409713369,-11.76900657716255,-16.03824299593611,1.09251232190923,13,-10.0,median_snr_below_threshold,symlinked
train,HFocusing_5_10_2um2_0_1389.npy,P0/data/dataset_particles2SNR_c1/train/2um/HFocusing_5_10_2um2_0_1389.npy,P0/data/particles2SNR_4_class_lim10/train/unclear/HFocusing_5_10_2um2_0_1389.npy,2um,unclear,-11.486019206999396,-10.493427442948857,-15.642750308619693,2.372073358412321,17,-10.0,median_snr_below_threshold,symlinked
train,HFocusing_5_10_2um2_0_1393.npy,P0/data/dataset_particles2SNR_c1/train/2um/HFocusing_5_10_2um2_0_1393.npy,P0/data/particles2SNR_4_class_lim10/train/unclear/HFocusing_5_10_2um2_0_1393.npy,2um,unclear,-13.265236103941563,-11.979165638513644,-16.628817869429152,-4.07704474816721,18,-10.0,median_snr_below_threshold,symlinked
train,HFocusing_5_10_2um2_0_1396.npy,P0/data/dataset_particles2SNR_c1/train/2um/HFocusing_5_10_2um2_0_1396.npy,P0/data/particles2SNR_4_class_lim10/train/2um/HFocusing_5_10_2um2_0_1396.npy,2um,2um,-9.000966757697146,-9.20792901624573,-20.658377717363358,5.737052205567833,17,-10.0,median_snr_at_or_above_threshold,symlinked
train,HFocusing_5_10_2um2_0_14.npy,P0/data/dataset_particles2SNR_c1/train/2um/HFocusing_5_10_2um2_0_14.npy,P0/data/particles2SNR_4_class_lim10/train/unclear/HFocusing_5_10_2um2_0_14.npy,2um,unclear,-13.317866645651852,-11.964494653748948,-17.474297359962893,-2.2058588572598103,16,-10.0,median_snr_below_threshold,symlinked
train,HFocusing_5_10_2um2_0_1400.npy,P0/data/dataset_particles2SNR_c1/train/2um/HFocusing_5_10_2um2_0_1400.npy,P0/data/particles2SNR_4_class_lim10/train/unclear/HFocusing_5_10_2um2_0_1400.npy,2um,unclear,-14.231531912382895,-13.012159346612,-19.57978334957328,-2.818386146045762,20,-10.0,median_snr_below_threshold,symlinked
train,HFocusing_5_10_2um2_0_1403.npy,P0/data/dataset_particles2SNR_c1/train/2um/HFocusing_5_10_2um2_0_1403.npy,P0/data/particles2SNR_4_class_lim10/train/unclear/HFocusing_5_10_2um2_0_1403.npy,2um,unclear,-10.305145267084976,-10.912950511844908,-16.833277330677777,-2.359336242586497,13,-10.0,median_snr_below_threshold,symlinked
train,HFocusing_5_10_2um2_0_1407.npy,P0/data/dataset_particles2SNR_c1/train/2um/HFocusing_5_10_2um2_0_1407.npy,P0/data/particles2SNR_4_class_lim10/train/2um/HFocusing_5_10_2um2_0_1407.npy,2um,2um,-9.739310508855393,-8.137510522112589,-16.06378913485912,4.0438360273893075,13,-10.0,median_snr_at_or_above_threshold,symlinked
train,HFocusing_5_10_2um2_0_141.npy,P0/data/dataset_particles2SNR_c1/train/2um/HFocusing_5_10_2um2_0_141.npy,P0/data/particles2SNR_4_class_lim10/train/unclear/HFocusing_5_10_2um2_0_141.npy,2um,unclear,-13.267332565126999,-13.615734790505892,-18.45614740775729,-9.234625149614196,12,-10.0,median_snr_below_threshold,symlinked
train,HFocusing_5_10_2um2_0_1410.npy,P0/data/dataset_particles2SNR_c1/train/2um/HFocusing_5_10_2um2_0_1410.npy,P0/data/particles2SNR_4_class_lim10/train/unclear/HFocusing_5_10_2um2_0_1410.npy,2um,unclear,-12.773168315828388,-12.954487681068711,-18.011537962954787,-4.824751342254654,17,-10.0,median_snr_below_threshold,symlinked
train,HFocusing_5_10_2um2_0_1411.npy,P0/data/dataset_particles2SNR_c1/train/2um/HFocusing_5_10_2um2_0_1411.npy,P0/data/particles2SNR_4_class_lim10/train/unclear/HFocusing_5_10_2um2_0_1411.npy,2um,unclear,-10.476582748662643,-9.708998133250976,-16.66436479047168,4.066089175822503,10,-10.0,median_snr_below_threshold,symlinked
train,HFocusing_5_10_2um2_0_1415.npy,P0/data/dataset_particles2SNR_c1/train/2um/HFocusing_5_10_2um2_0_1415.npy,P0/data/particles2SNR_4_class_lim10/train/unclear/HFocusing_5_10_2um2_0_1415.npy,2um,unclear,-10.189262579798122,-8.85252979856365,-14.220635240834136,-0.18557995049523687,12,-10.0,median_snr_below_threshold,symlinked
train,HFocusing_5_10_2um2_0_1417.npy,P0/data/dataset_particles2SNR_c1/train/2um/HFocusing_5_10_2um2_0_1417.npy,P0/data/particles2SNR_4_class_lim10/train/unclear/HFocusing_5_10_2um2_0_1417.npy,2um,unclear,-12.102288345267421,-11.762687241245695,-14.884021928088933,-7.525208317370506,14,-10.0,median_snr_below_threshold,symlinked
train,HFocusing_5_10_2um2_0_1418.npy,P0/data/dataset_particles2SNR_c1/train/2um/HFocusing_5_10_2um2_0_1418.npy,P0/data/particles2SNR_4_class_lim10/train/unclear/HFocusing_5_10_2um2_0_1418.npy,2um,unclear,-11.400458138375551,-10.301948858425757,-16.699565773395534,2.7137440542844926,15,-10.0,median_snr_below_threshold,symlinked
train,HFocusing_5_10_2um2_0_142.npy,P0/data/dataset_particles2SNR_c1/train/2um/HFocusing_5_10_2um2_0_142.npy,P0/data/particles2SNR_4_class_lim10/train/unclear/HFocusing_5_10_2um2_0_142.npy,2um,unclear,-12.230488435215259,-11.35381239004717,-18.60976480393206,2.6281365852516765,15,-10.0,median_snr_below_threshold,symlinked
train,HFocusing_5_10_2um2_0_1421.npy,P0/data/dataset_particles2SNR_c1/train/2um/HFocusing_5_10_2um2_0_1421.npy,P0/data/particles2SNR_4_class_lim10/train/unclear/HFocusing_5_10_2um2_0_1421.npy,2um,unclear,-12.811205140715526,-13.587867630481954,-21.318744856392833,-10.400552212782888,13,-10.0,median_snr_below_threshold,symlinked
train,HFocusing_5_10_2um2_0_1422.npy,P0/data/dataset_particles2SNR_c1/train/2um/HFocusing_5_10_2um2_0_1422.npy,P0/data/particles2SNR_4_class_lim10/train/unclear/HFocusing_5_10_2um2_0_1422.npy,2um,unclear,-11.469023550189494,-10.300623845953893,-15.116789876600167,4.515930443122719,14,-10.0,median_snr_below_threshold,symlinked
train,HFocusing_5_10_2um2_0_1425.npy,P0/data/dataset_particles2SNR_c1/train/2um/HFocusing_5_10_2um2_0_1425.npy,P0/data/particles2SNR_4_class_lim10/train/unclear/HFocusing_5_10_2um2_0_1425.npy,2um,unclear,-12.709357907246815,-11.768507176595195,-16.576413191753684,1.9707182795045408,9,-10.0,median_snr_below_threshold,symlinked
train,HFocusing_5_10_2um2_0_1428.npy,P0/data/dataset_particles2SNR_c1/train/2um/HFocusing_5_10_2um2_0_1428.npy,P0/data/particles2SNR_4_class_lim10/train/unclear/HFocusing_5_10_2um2_0_1428.npy,2um,unclear,-12.951853391641968,-12.666787995060282,-15.754392194159417,-8.71595321873841,15,-10.0,median_snr_below_threshold,symlinked
train,HFocusing_5_10_2um2_0_1429.npy,P0/data/dataset_particles2SNR_c1/train/2um/HFocusing_5_10_2um2_0_1429.npy,P0/data/particles2SNR_4_class_lim10/train/unclear/HFocusing_5_10_2um2_0_1429.npy,2um,unclear,-10.685991143769954,-10.783706975252109,-17.13981766256802,-0.7136402416686722,12,-10.0,median_snr_below_threshold,symlinked
train,HFocusing_5_10_2um2_0_1435.npy,P0/data/dataset_particles2SNR_c1/train/2um/HFocusing_5_10_2um2_0_1435.npy,P0/data/particles2SNR_4_class_lim10/train/unclear/HFocusing_5_10_2um2_0_1435.npy,2um,unclear,-12.770669910932702,-12.83084945892004,-15.182712894033283,-10.556656469880952,13,-10.0,median_snr_below_threshold,symlinked
train,HFocusing_5_10_2um2_0_1436.npy,P0/data/dataset_particles2SNR_c1/train/2um/HFocusing_5_10_2um2_0_1436.npy,P0/data/particles2SNR_4_class_lim10/train/unclear/HFocusing_5_10_2um2_0_1436.npy,2um,unclear,-11.970635708572818,-9.998490555226283,-17.5549627706204,2.861188544081303,17,-10.0,median_snr_below_threshold,symlinked
train,HFocusing_5_10_2um2_0_1439.npy,P0/data/dataset_particles2SNR_c1/train/2um/HFocusing_5_10_2um2_0_1439.npy,P0/data/particles2SNR_4_class_lim10/train/unclear/HFocusing_5_10_2um2_0_1439.npy,2um,unclear,-12.895177311039287,-13.432451354795411,-16.797409647266544,-8.909701355005,12,-10.0,median_snr_below_threshold,symlinked
train,HFocusing_5_10_2um2_0_144.npy,P0/data/dataset_particles2SNR_c1/train/2um/HFocusing_5_10_2um2_0_144.npy,P0/data/particles2SNR_4_class_lim10/train/unclear/HFocusing_5_10_2um2_0_144.npy,2um,unclear,-12.183028309828876,-11.929936278633667,-16.210349291995726,-8.144907786029496,16,-10.0,median_snr_below_threshold,symlinked
train,HFocusing_5_10_2um2_0_1440.npy,P0/data/dataset_particles2SNR_c1/train/2um/HFocusing_5_10_2um2_0_1440.npy,P0/data/particles2SNR_4_class_lim10/train/unclear/HFocusing_5_10_2um2_0_1440.npy,2um,unclear,-11.782509657011428,-10.915625333604003,-16.301559202971795,0.19442760157047417,11,-10.0,median_snr_below_threshold,symlinked
train,HFocusing_5_10_2um2_0_1443.npy,P0/data/dataset_particles2SNR_c1/train/2um/HFocusing_5_10_2um2_0_1443.npy,P0/data/particles2SNR_4_class_lim10/train/unclear/HFocusing_5_10_2um2_0_1443.npy,2um,unclear,-11.138277842374354,-11.219433245515505,-17.745217862834664,-7.645096237094075,10,-10.0,median_snr_below_threshold,symlinked
train,HFocusing_5_10_2um2_0_1447.npy,P0/data/dataset_particles2SNR_c1/train/2um/HFocusing_5_10_2um2_0_1447.npy,P0/data/particles2SNR_4_class_lim10/train/unclear/HFocusing_5_10_2um2_0_1447.npy,2um,unclear,-12.674824386250929,-12.53535896389172,-18.327760116613586,-3.1323699577340935,16,-10.0,median_snr_below_threshold,symlinked
train,HFocusing_5_10_2um2_0_1451.npy,P0/data/dataset_particles2SNR_c1/train/2um/HFocusing_5_10_2um2_0_1451.npy,P0/data/particles2SNR_4_class_lim10/train/unclear/HFocusing_5_10_2um2_0_1451.npy,2um,unclear,-13.362752924425205,-14.469326729854243,-20.849108753886707,-10.429339359890971,18,-10.0,median_snr_below_threshold,symlinked
train,HFocusing_5_10_2um2_0_1452.npy,P0/data/dataset_particles2SNR_c1/train/2um/HFocusing_5_10_2um2_0_1452.npy,P0/data/particles2SNR_4_class_lim10/train/unclear/HFocusing_5_10_2um2_0_1452.npy,2um,unclear,-12.147518801352613,-12.793204468825097,-21.493821304581928,-5.387396612056641,21,-10.0,median_snr_below_threshold,symlinked
train,HFocusing_5_10_2um2_0_1455.npy,P0/data/dataset_particles2SNR_c1/train/2um/HFocusing_5_10_2um2_0_1455.npy,P0/data/particles2SNR_4_class_lim10/train/unclear/HFocusing_5_10_2um2_0_1455.npy,2um,unclear,-13.580731738608648,-13.96707199258456,-18.005058897497747,-9.829888135993642,21,-10.0,median_snr_below_threshold,symlinked
train,HFocusing_5_10_2um2_0_1456.npy,P0/data/dataset_particles2SNR_c1/train/2um/HFocusing_5_10_2um2_0_1456.npy,P0/data/particles2SNR_4_class_lim10/train/unclear/HFocusing_5_10_2um2_0_1456.npy,2um,unclear,-12.812228942576507,-9.295499963946533,-14.530507743156223,6.371923961936629,9,-10.0,median_snr_below_threshold,symlinked
train,HFocusing_5_10_2um2_0_1459.npy,P0/data/dataset_particles2SNR_c1/train/2um/HFocusing_5_10_2um2_0_1459.npy,P0/data/particles2SNR_4_class_lim10/train/unclear/HFocusing_5_10_2um2_0_1459.npy,2um,unclear,-13.660709278372034,-13.679038022904944,-18.459539537110757,-9.942550343601553,21,-10.0,median_snr_below_threshold,symlinked
train,HFocusing_5_10_2um2_0_1460.npy,P0/data/dataset_particles2SNR_c1/train/2um/HFocusing_5_10_2um2_0_1460.npy,P0/data/particles2SNR_4_class_lim10/train/unclear/HFocusing_5_10_2um2_0_1460.npy,2um,unclear,-13.022084089918074,-12.166260887099943,-15.418519523589145,-1.3489993615055063,17,-10.0,median_snr_below_threshold,symlinked
train,HFocusing_5_10_2um2_0_1463.npy,P0/data/dataset_particles2SNR_c1/train/2um/HFocusing_5_10_2um2_0_1463.npy,P0/data/particles2SNR_4_class_lim10/train/unclear/HFocusing_5_10_2um2_0_1463.npy,2um,unclear,-12.791157060895623,-12.567964466838971,-18.29967782000371,-2.8631984512427975,22,-10.0,median_snr_below_threshold,symlinked
train,HFocusing_5_10_2um2_0_1466.npy,P0/data/dataset_particles2SNR_c1/train/2um/HFocusing_5_10_2um2_0_1466.npy,P0/data/particles2SNR_4_class_lim10/train/unclear/HFocusing_5_10_2um2_0_1466.npy,2um,unclear,-11.424041834395123,-12.00095651496282,-17.422587037802966,-6.98279185188192,14,-10.0,median_snr_below_threshold,symlinked
train,HFocusing_5_10_2um2_0_1469.npy,P0/data/dataset_particles2SNR_c1/train/2um/HFocusing_5_10_2um2_0_1469.npy,P0/data/particles2SNR_4_class_lim10/train/unclear/HFocusing_5_10_2um2_0_1469.npy,2um,unclear,-12.936113682832433,-12.497094853117565,-15.23278918031741,-9.117595075680116,17,-10.0,median_snr_below_threshold,symlinked
train,HFocusing_5_10_2um2_0_1470.npy,P0/data/dataset_particles2SNR_c1/train/2um/HFocusing_5_10_2um2_0_1470.npy,P0/data/particles2SNR_4_class_lim10/train/unclear/HFocusing_5_10_2um2_0_1470.npy,2um,unclear,-11.233901750424952,-10.538846857030924,-18.851373979952793,1.099881572702987,17,-10.0,median_snr_below_threshold,symlinked
train,HFocusing_5_10_2um2_0_1473.npy,P0/data/dataset_particles2SNR_c1/train/2um/HFocusing_5_10_2um2_0_1473.npy,P0/data/particles2SNR_4_class_lim10/train/unclear/HFocusing_5_10_2um2_0_1473.npy,2um,unclear,-12.499338620048011,-12.23856002041191,-17.74152193046737,-6.1759810700630435,21,-10.0,median_snr_below_threshold,symlinked
train,HFocusing_5_10_2um2_0_148.npy,P0/data/dataset_particles2SNR_c1/train/2um/HFocusing_5_10_2um2_0_148.npy,P0/data/particles2SNR_4_class_lim10/train/unclear/HFocusing_5_10_2um2_0_148.npy,2um,unclear,-12.810388214591839,-13.113522255475832,-18.67586213749057,-8.69611288056608,16,-10.0,median_snr_below_threshold,symlinked
train,HFocusing_5_10_2um2_0_1480.npy,P0/data/dataset_particles2SNR_c1/train/2um/HFocusing_5_10_2um2_0_1480.npy,P0/data/particles2SNR_4_class_lim10/train/unclear/HFocusing_5_10_2um2_0_1480.npy,2um,unclear,-13.268529477836754,-12.910355386733057,-18.12210431895271,-7.067502707674874,27,-10.0,median_snr_below_threshold,symlinked
train,HFocusing_5_10_2um2_0_1484.npy,P0/data/dataset_particles2SNR_c1/train/2um/HFocusing_5_10_2um2_0_1484.npy,P0/data/particles2SNR_4_class_lim10/train/unclear/HFocusing_5_10_2um2_0_1484.npy,2um,unclear,-10.858144997591692,-10.74559435916365,-16.795326610203233,-3.649975500197833,22,-10.0,median_snr_below_threshold,symlinked
train,HFocusing_5_10_2um2_0_1487.npy,P0/data/dataset_particles2SNR_c1/train/2um/HFocusing_5_10_2um2_0_1487.npy,P0/data/particles2SNR_4_class_lim10/train/unclear/HFocusing_5_10_2um2_0_1487.npy,2um,unclear,-13.483652262965986,-12.193983348883357,-18.781580147469462,-3.864140554370512,16,-10.0,median_snr_below_threshold,symlinked
train,HFocusing_5_10_2um2_0_149.npy,P0/data/dataset_particles2SNR_c1/train/2um/HFocusing_5_10_2um2_0_149.npy,P0/data/particles2SNR_4_class_lim10/train/unclear/HFocusing_5_10_2um2_0_149.npy,2um,unclear,-10.29357781487612,-10.13094135897112,-15.250234869817113,0.4786663024516114,17,-10.0,median_snr_below_threshold,symlinked
train,HFocusing_5_10_2um2_0_1490.npy,P0/data/dataset_particles2SNR_c1/train/2um/HFocusing_5_10_2um2_0_1490.npy,P0/data/particles2SNR_4_class_lim10/train/unclear/HFocusing_5_10_2um2_0_1490.npy,2um,unclear,-12.826966261456967,-13.017091144453634,-18.180502921803175,-8.54722964490221,22,-10.0,median_snr_below_threshold,symlinked
train,HFocusing_5_10_2um2_0_1491.npy,P0/data/dataset_particles2SNR_c1/train/2um/HFocusing_5_10_2um2_0_1491.npy,P0/data/particles2SNR_4_class_lim10/train/2um/HFocusing_5_10_2um2_0_1491.npy,2um,2um,-9.973450966484558,-9.484870552848584,-14.464520217622198,-2.53404557973798,13,-10.0,median_snr_at_or_above_threshold,symlinked
train,HFocusing_5_10_2um2_0_1494.npy,P0/data/dataset_particles2SNR_c1/train/2um/HFocusing_5_10_2um2_0_1494.npy,P0/data/particles2SNR_4_class_lim10/train/unclear/HFocusing_5_10_2um2_0_1494.npy,2um,unclear,-12.758011490934983,-11.462509454858795,-17.725022101308546,4.856029954814608,13,-10.0,median_snr_below_threshold,symlinked
train,HFocusing_5_10_2um2_0_1497.npy,P0/data/dataset_particles2SNR_c1/train/2um/HFocusing_5_10_2um2_0_1497.npy,P0/data/particles2SNR_4_class_lim10/train/unclear/HFocusing_5_10_2um2_0_1497.npy,2um,unclear,-13.455336699298616,-13.930928582753005,-18.431926478981985,-10.940129990610487,24,-10.0,median_snr_below_threshold,symlinked
train,HFocusing_5_10_2um2_0_1501.npy,P0/data/dataset_particles2SNR_c1/train/2um/HFocusing_5_10_2um2_0_1501.npy,P0/data/particles2SNR_4_class_lim10/train/unclear/HFocusing_5_10_2um2_0_1501.npy,2um,unclear,-11.158513068178586,-11.275514351328393,-19.555301140756786,-1.5058049585708102,17,-10.0,median_snr_below_threshold,symlinked
train,HFocusing_5_10_2um2_0_1502.npy,P0/data/dataset_particles2SNR_c1/train/2um/HFocusing_5_10_2um2_0_1502.npy,P0/data/particles2SNR_4_class_lim10/train/unclear/HFocusing_5_10_2um2_0_1502.npy,2um,unclear,-12.137407346414479,-11.732132114049703,-20.531714134755205,2.585290789333704,12,-10.0,median_snr_below_threshold,symlinked
train,HFocusing_5_10_2um2_0_1505.npy,P0/data/dataset_particles2SNR_c1/train/2um/HFocusing_5_10_2um2_0_1505.npy,P0/data/particles2SNR_4_class_lim10/train/unclear/HFocusing_5_10_2um2_0_1505.npy,2um,unclear,-10.16779658650358,-10.825954748296105,-13.112137195658924,-9.39104140225407,8,-10.0,median_snr_below_threshold,symlinked
train,HFocusing_5_10_2um2_0_1509.npy,P0/data/dataset_particles2SNR_c1/train/2um/HFocusing_5_10_2um2_0_1509.npy,P0/data/particles2SNR_4_class_lim10/train/unclear/HFocusing_5_10_2um2_0_1509.npy,2um,unclear,-12.930377564583353,-14.113908114611089,-24.610586832201903,-9.353348092696406,13,-10.0,median_snr_below_threshold,symlinked
train,HFocusing_5_10_2um2_0_1510.npy,P0/data/dataset_particles2SNR_c1/train/2um/HFocusing_5_10_2um2_0_1510.npy,P0/data/particles2SNR_4_class_lim10/train/2um/HFocusing_5_10_2um2_0_1510.npy,2um,2um,-8.953305086080558,-7.339697666383051,-14.540424018381557,2.058089106183826,11,-10.0,median_snr_at_or_above_threshold,symlinked
train,HFocusing_5_10_2um2_0_1513.npy,P0/data/dataset_particles2SNR_c1/train/2um/HFocusing_5_10_2um2_0_1513.npy,P0/data/particles2SNR_4_class_lim10/train/unclear/HFocusing_5_10_2um2_0_1513.npy,2um,unclear,-14.116425887108095,-13.744907591721427,-18.250327663067377,-9.435406681978959,15,-10.0,median_snr_below_threshold,symlinked
train,HFocusing_5_10_2um2_0_1514.npy,P0/data/dataset_particles2SNR_c1/train/2um/HFocusing_5_10_2um2_0_1514.npy,P0/data/particles2SNR_4_class_lim10/train/unclear/HFocusing_5_10_2um2_0_1514.npy,2um,unclear,-12.938932504020872,-12.265805114088167,-16.00375525741803,-6.138857530120045,17,-10.0,median_snr_below_threshold,symlinked
train,HFocusing_5_10_2um2_0_1517.npy,P0/data/dataset_particles2SNR_c1/train/2um/HFocusing_5_10_2um2_0_1517.npy,P0/data/particles2SNR_4_class_lim10/train/unclear/HFocusing_5_10_2um2_0_1517.npy,2um,unclear,-11.509223758121086,-12.204879446333875,-19.253037796838964,-6.601445967652512,16,-10.0,median_snr_below_threshold,symlinked
train,HFocusing_5_10_2um2_0_1518.npy,P0/data/dataset_particles2SNR_c1/train/2um/HFocusing_5_10_2um2_0_1518.npy,P0/data/particles2SNR_4_class_lim10/train/unclear/HFocusing_5_10_2um2_0_1518.npy,2um,unclear,-11.647275506325895,-10.844228609192783,-17.012744748369023,5.339278367797027,13,-10.0,median_snr_below_threshold,symlinked
train,HFocusing_5_10_2um2_0_152.npy,P0/data/dataset_particles2SNR_c1/train/2um/HFocusing_5_10_2um2_0_152.npy,P0/data/particles2SNR_4_class_lim10/train/unclear/HFocusing_5_10_2um2_0_152.npy,2um,unclear,-12.648202698683178,-11.884667770695017,-16.970970382209746,-1.6364462237208055,16,-10.0,median_snr_below_threshold,symlinked
train,HFocusing_5_10_2um2_0_1521.npy,P0/data/dataset_particles2SNR_c1/train/2um/HFocusing_5_10_2um2_0_1521.npy,P0/data/particles2SNR_4_class_lim10/train/unclear/HFocusing_5_10_2um2_0_1521.npy,2um,unclear,-13.242212585357763,-14.17847385142056,-17.203097992766615,-11.350872017945884,13,-10.0,median_snr_below_threshold,symlinked
train,HFocusing_5_10_2um2_0_1522.npy,P0/data/dataset_particles2SNR_c1/train/2um/HFocusing_5_10_2um2_0_1522.npy,P0/data/particles2SNR_4_class_lim10/train/unclear/HFocusing_5_10_2um2_0_1522.npy,2um,unclear,-12.485828873456013,-11.293433755761313,-16.649829581560873,4.311930923060199,19,-10.0,median_snr_below_threshold,symlinked
train,HFocusing_5_10_2um2_0_1525.npy,P0/data/dataset_particles2SNR_c1/train/2um/HFocusing_5_10_2um2_0_1525.npy,P0/data/particles2SNR_4_class_lim10/train/unclear/HFocusing_5_10_2um2_0_1525.npy,2um,unclear,-12.695276633030243,-12.650146479178625,-16.692145321556847,-0.5872526522232179,19,-10.0,median_snr_below_threshold,symlinked
train,HFocusing_5_10_2um2_0_1528.npy,P0/data/dataset_particles2SNR_c1/train/2um/HFocusing_5_10_2um2_0_1528.npy,P0/data/particles2SNR_4_class_lim10/train/unclear/HFocusing_5_10_2um2_0_1528.npy,2um,unclear,-13.597295820752054,-13.438624267927386,-19.625109928779928,-5.419883578128635,20,-10.0,median_snr_below_threshold,symlinked
train,HFocusing_5_10_2um2_0_1529.npy,P0/data/dataset_particles2SNR_c1/train/2um/HFocusing_5_10_2um2_0_1529.npy,P0/data/particles2SNR_4_class_lim10/train/unclear/HFocusing_5_10_2um2_0_1529.npy,2um,unclear,-12.62545414643701,-10.295747986674508,-19.199522817976252,1.693306906412252,14,-10.0,median_snr_below_threshold,symlinked
train,HFocusing_5_10_2um2_0_1532.npy,P0/data/dataset_particles2SNR_c1/train/2um/HFocusing_5_10_2um2_0_1532.npy,P0/data/particles2SNR_4_class_lim10/train/unclear/HFocusing_5_10_2um2_0_1532.npy,2um,unclear,-13.302625119647228,-13.03872122042253,-19.84388551597808,-4.61075553555657,18,-10.0,median_snr_below_threshold,symlinked
train,HFocusing_5_10_2um2_0_1533.npy,P0/data/dataset_particles2SNR_c1/train/2um/HFocusing_5_10_2um2_0_1533.npy,P0/data/particles2SNR_4_class_lim10/train/unclear/HFocusing_5_10_2um2_0_1533.npy,2um,unclear,-11.553255969661391,-10.167939597141352,-18.120350762372446,1.1041709204685344,17,-10.0,median_snr_below_threshold,symlinked
train,HFocusing_5_10_2um2_0_1536.npy,P0/data/dataset_particles2SNR_c1/train/2um/HFocusing_5_10_2um2_0_1536.npy,P0/data/particles2SNR_4_class_lim10/train/unclear/HFocusing_5_10_2um2_0_1536.npy,2um,unclear,-13.387791127131019,-12.370806647246562,-17.108044340974587,0.26398790015674584,17,-10.0,median_snr_below_threshold,symlinked
train,HFocusing_5_10_2um2_0_1539.npy,P0/data/dataset_particles2SNR_c1/train/2um/HFocusing_5_10_2um2_0_1539.npy,P0/data/particles2SNR_4_class_lim10/train/unclear/HFocusing_5_10_2um2_0_1539.npy,2um,unclear,-11.283298623600679,-10.646178998223732,-15.737598877961101,-2.6676930843130893,9,-10.0,median_snr_below_threshold,symlinked
train,HFocusing_5_10_2um2_0_1540.npy,P0/data/dataset_particles2SNR_c1/train/2um/HFocusing_5_10_2um2_0_1540.npy,P0/data/particles2SNR_4_class_lim10/train/unclear/HFocusing_5_10_2um2_0_1540.npy,2um,unclear,-11.120717377342515,-9.870786412079456,-14.584511127413158,1.4533344524811576,13,-10.0,median_snr_below_threshold,symlinked
train,HFocusing_5_10_2um2_0_1542.npy,P0/data/dataset_particles2SNR_c1/train/2um/HFocusing_5_10_2um2_0_1542.npy,P0/data/particles2SNR_4_class_lim10/train/unclear/HFocusing_5_10_2um2_0_1542.npy,2um,unclear,-12.371463167256648,-12.016723059913943,-18.750611413680677,0.4585770526058503,16,-10.0,median_snr_below_threshold,symlinked
train,HFocusing_5_10_2um2_0_1546.npy,P0/data/dataset_particles2SNR_c1/train/2um/HFocusing_5_10_2um2_0_1546.npy,P0/data/particles2SNR_4_class_lim10/train/unclear/HFocusing_5_10_2um2_0_1546.npy,2um,unclear,-11.845459769976426,-11.673589475605375,-14.021958581649955,-8.508875693482508,12,-10.0,median_snr_below_threshold,symlinked
train,HFocusing_5_10_2um2_0_1549.npy,P0/data/dataset_particles2SNR_c1/train/2um/HFocusing_5_10_2um2_0_1549.npy,P0/data/particles2SNR_4_class_lim10/train/unclear/HFocusing_5_10_2um2_0_1549.npy,2um,unclear,-12.38734121331597,-12.417065735432171,-15.83251113867809,-7.387181514201191,14,-10.0,median_snr_below_threshold,symlinked
train,HFocusing_5_10_2um2_0_155.npy,P0/data/dataset_particles2SNR_c1/train/2um/HFocusing_5_10_2um2_0_155.npy,P0/data/particles2SNR_4_class_lim10/train/unclear/HFocusing_5_10_2um2_0_155.npy,2um,unclear,-12.698248020033828,-11.224228931737308,-20.778641138244428,3.9808327657749816,16,-10.0,median_snr_below_threshold,symlinked
train,HFocusing_5_10_2um2_0_1550.npy,P0/data/dataset_particles2SNR_c1/train/2um/HFocusing_5_10_2um2_0_1550.npy,P0/data/particles2SNR_4_class_lim10/train/unclear/HFocusing_5_10_2um2_0_1550.npy,2um,unclear,-12.271220701144262,-10.836704538481092,-20.084315916363078,1.4132913639891282,21,-10.0,median_snr_below_threshold,symlinked
train,HFocusing_5_10_2um2_0_1553.npy,P0/data/dataset_particles2SNR_c1/train/2um/HFocusing_5_10_2um2_0_1553.npy,P0/data/particles2SNR_4_class_lim10/train/unclear/HFocusing_5_10_2um2_0_1553.npy,2um,unclear,-12.594082472315629,-12.491812749844096,-19.52970631507644,-4.601466590347363,17,-10.0,median_snr_below_threshold,symlinked
train,HFocusing_5_10_2um2_0_1554.npy,P0/data/dataset_particles2SNR_c1/train/2um/HFocusing_5_10_2um2_0_1554.npy,P0/data/particles2SNR_4_class_lim10/train/unclear/HFocusing_5_10_2um2_0_1554.npy,2um,unclear,-11.718166636049325,-11.051990229342625,-15.850232315922845,6.81073380396867,13,-10.0,median_snr_below_threshold,symlinked
train,HFocusing_5_10_2um2_0_1557.npy,P0/data/dataset_particles2SNR_c1/train/2um/HFocusing_5_10_2um2_0_1557.npy,P0/data/particles2SNR_4_class_lim10/train/unclear/HFocusing_5_10_2um2_0_1557.npy,2um,unclear,-12.144671926477992,-10.49654542388353,-15.814521572765628,3.2703581187882804,23,-10.0,median_snr_below_threshold,symlinked
train,HFocusing_5_10_2um2_0_1563.npy,P0/data/dataset_particles2SNR_c1/train/2um/HFocusing_5_10_2um2_0_1563.npy,P0/data/particles2SNR_4_class_lim10/train/unclear/HFocusing_5_10_2um2_0_1563.npy,2um,unclear,-10.534129832973827,-11.114362264883626,-16.75337904727144,-3.605185367804661,11,-10.0,median_snr_below_threshold,symlinked
train,HFocusing_5_10_2um2_0_1564.npy,P0/data/dataset_particles2SNR_c1/train/2um/HFocusing_5_10_2um2_0_1564.npy,P0/data/particles2SNR_4_class_lim10/train/unclear/HFocusing_5_10_2um2_0_1564.npy,2um,unclear,-12.122425646810523,-12.11820613140072,-20.347917329631734,-7.46799518149553,12,-10.0,median_snr_below_threshold,symlinked
train,HFocusing_5_10_2um2_0_1571.npy,P0/data/dataset_particles2SNR_c1/train/2um/HFocusing_5_10_2um2_0_1571.npy,P0/data/particles2SNR_4_class_lim10/train/unclear/HFocusing_5_10_2um2_0_1571.npy,2um,unclear,-12.395960393510173,-10.678064837684172,-17.777570290454577,-2.120395866173446,7,-10.0,median_snr_below_threshold,symlinked
train,HFocusing_5_10_2um2_0_1572.npy,P0/data/dataset_particles2SNR_c1/train/2um/HFocusing_5_10_2um2_0_1572.npy,P0/data/particles2SNR_4_class_lim10/train/2um/HFocusing_5_10_2um2_0_1572.npy,2um,2um,-9.628449200478203,-9.79985735490444,-14.996532308057194,5.969944258586866,13,-10.0,median_snr_at_or_above_threshold,symlinked
train,HFocusing_5_10_2um2_0_1575.npy,P0/data/dataset_particles2SNR_c1/train/2um/HFocusing_5_10_2um2_0_1575.npy,P0/data/particles2SNR_4_class_lim10/train/unclear/HFocusing_5_10_2um2_0_1575.npy,2um,unclear,-12.132445711602767,-12.001837573079415,-13.979403323451361,-9.411343406712167,12,-10.0,median_snr_below_threshold,symlinked
train,HFocusing_5_10_2um2_0_1576.npy,P0/data/dataset_particles2SNR_c1/train/2um/HFocusing_5_10_2um2_0_1576.npy,P0/data/particles2SNR_4_class_lim10/train/unclear/HFocusing_5_10_2um2_0_1576.npy,2um,unclear,-11.668508939568106,-10.156792314704315,-16.897053842089615,0.28473243458662817,14,-10.0,median_snr_below_threshold,symlinked
train,HFocusing_5_10_2um2_0_1579.npy,P0/data/dataset_particles2SNR_c1/train/2um/HFocusing_5_10_2um2_0_1579.npy,P0/data/particles2SNR_4_class_lim10/train/unclear/HFocusing_5_10_2um2_0_1579.npy,2um,unclear,-12.668350516899732,-12.346344336479362,-15.482490603424937,-9.758150079289505,12,-10.0,median_snr_below_threshold,symlinked
train,HFocusing_5_10_2um2_0_1580.npy,P0/data/dataset_particles2SNR_c1/train/2um/HFocusing_5_10_2um2_0_1580.npy,P0/data/particles2SNR_4_class_lim10/train/unclear/HFocusing_5_10_2um2_0_1580.npy,2um,unclear,-12.299265948866717,-10.930709688584662,-15.842612332830042,-3.8901621675817504,12,-10.0,median_snr_below_threshold,symlinked
train,HFocusing_5_10_2um2_0_1583.npy,P0/data/dataset_particles2SNR_c1/train/2um/HFocusing_5_10_2um2_0_1583.npy,P0/data/particles2SNR_4_class_lim10/train/unclear/HFocusing_5_10_2um2_0_1583.npy,2um,unclear,-10.558899366998455,-11.028128980732182,-17.59044190582973,-3.9758176994530365,13,-10.0,median_snr_below_threshold,symlinked
train,HFocusing_5_10_2um2_0_1584.npy,P0/data/dataset_particles2SNR_c1/train/2um/HFocusing_5_10_2um2_0_1584.npy,P0/data/particles2SNR_4_class_lim10/train/unclear/HFocusing_5_10_2um2_0_1584.npy,2um,unclear,-12.847530889975921,-12.19808038751733,-18.884835020542116,-1.0318061969662824,16,-10.0,median_snr_below_threshold,symlinked
train,HFocusing_5_10_2um2_0_1586.npy,P0/data/dataset_particles2SNR_c1/train/2um/HFocusing_5_10_2um2_0_1586.npy,P0/data/particles2SNR_4_class_lim10/train/unclear/HFocusing_5_10_2um2_0_1586.npy,2um,unclear,-12.327266365350889,-10.520703017170414,-14.629870405540018,-1.1542557992644205,15,-10.0,median_snr_below_threshold,symlinked
train,HFocusing_5_10_2um2_0_1587.npy,P0/data/dataset_particles2SNR_c1/train/2um/HFocusing_5_10_2um2_0_1587.npy,P0/data/particles2SNR_4_class_lim10/train/unclear/HFocusing_5_10_2um2_0_1587.npy,2um,unclear,-13.676937012588198,-12.912331797608392,-17.207935181822293,-0.5182680414514761,17,-10.0,median_snr_below_threshold,symlinked
train,HFocusing_5_10_2um2_0_1589.npy,P0/data/dataset_particles2SNR_c1/train/2um/HFocusing_5_10_2um2_0_1589.npy,P0/data/particles2SNR_4_class_lim10/train/unclear/HFocusing_5_10_2um2_0_1589.npy,2um,unclear,-12.872285115824555,-13.091686820467551,-17.410739566769134,-9.012140418831141,19,-10.0,median_snr_below_threshold,symlinked
train,HFocusing_5_10_2um2_0_159.npy,P0/data/dataset_particles2SNR_c1/train/2um/HFocusing_5_10_2um2_0_159.npy,P0/data/particles2SNR_4_class_lim10/train/unclear/HFocusing_5_10_2um2_0_159.npy,2um,unclear,-11.307229518414658,-10.504934723463286,-15.480503418023375,4.778500221978754,15,-10.0,median_snr_below_threshold,symlinked
train,HFocusing_5_10_2um2_0_1590.npy,P0/data/dataset_particles2SNR_c1/train/2um/HFocusing_5_10_2um2_0_1590.npy,P0/data/particles2SNR_4_class_lim10/train/unclear/HFocusing_5_10_2um2_0_1590.npy,2um,unclear,-12.911092020456795,-11.317086905192092,-15.794007524851821,1.0219767481583089,13,-10.0,median_snr_below_threshold,symlinked
train,HFocusing_5_10_2um2_0_1593.npy,P0/data/dataset_particles2SNR_c1/train/2um/HFocusing_5_10_2um2_0_1593.npy,P0/data/particles2SNR_4_class_lim10/train/unclear/HFocusing_5_10_2um2_0_1593.npy,2um,unclear,-10.851382310045615,-9.4225962229365,-15.196416975527836,1.305760636327189,8,-10.0,median_snr_below_threshold,symlinked
train,HFocusing_5_10_2um2_0_1596.npy,P0/data/dataset_particles2SNR_c1/train/2um/HFocusing_5_10_2um2_0_1596.npy,P0/data/particles2SNR_4_class_lim10/train/unclear/HFocusing_5_10_2um2_0_1596.npy,2um,unclear,-12.730946404438917,-12.715512143971468,-14.13445152521253,-10.295115914223885,9,-10.0,median_snr_below_threshold,symlinked
train,HFocusing_5_10_2um2_0_1597.npy,P0/data/dataset_particles2SNR_c1/train/2um/HFocusing_5_10_2um2_0_1597.npy,P0/data/particles2SNR_4_class_lim10/train/2um/HFocusing_5_10_2um2_0_1597.npy,2um,2um,-9.787298212049725,-9.313294903121701,-15.550601772904042,2.439861900901726,14,-10.0,median_snr_at_or_above_threshold,symlinked
train,HFocusing_5_10_2um2_0_16.npy,P0/data/dataset_particles2SNR_c1/train/2um/HFocusing_5_10_2um2_0_16.npy,P0/data/particles2SNR_4_class_lim10/train/unclear/HFocusing_5_10_2um2_0_16.npy,2um,unclear,-13.60420224444842,-13.222077622907603,-18.380049384465245,-8.151944203253365,15,-10.0,median_snr_below_threshold,symlinked
train,HFocusing_5_10_2um2_0_1600.npy,P0/data/dataset_particles2SNR_c1/train/2um/HFocusing_5_10_2um2_0_1600.npy,P0/data/particles2SNR_4_class_lim10/train/unclear/HFocusing_5_10_2um2_0_1600.npy,2um,unclear,-12.601422009960203,-12.636810400479504,-19.23400614249772,-7.649920693317558,7,-10.0,median_snr_below_threshold,symlinked
train,HFocusing_5_10_2um2_0_1601.npy,P0/data/dataset_particles2SNR_c1/train/2um/HFocusing_5_10_2um2_0_1601.npy,P0/data/particles2SNR_4_class_lim10/train/unclear/HFocusing_5_10_2um2_0_1601.npy,2um,unclear,-12.011946454804423,-10.616323836574889,-15.561681399824401,0.42305870278336544,13,-10.0,median_snr_below_threshold,symlinked
train,HFocusing_5_10_2um2_0_1604.npy,P0/data/dataset_particles2SNR_c1/train/2um/HFocusing_5_10_2um2_0_1604.npy,P0/data/particles2SNR_4_class_lim10/train/unclear/HFocusing_5_10_2um2_0_1604.npy,2um,unclear,-12.633686607558836,-12.772599049950845,-17.584765597739718,-8.62181994257099,16,-10.0,median_snr_below_threshold,symlinked
train,HFocusing_5_10_2um2_0_1605.npy,P0/data/dataset_particles2SNR_c1/train/2um/HFocusing_5_10_2um2_0_1605.npy,P0/data/particles2SNR_4_class_lim10/train/unclear/HFocusing_5_10_2um2_0_1605.npy,2um,unclear,-12.621062573409183,-12.530726392485022,-16.290292811647674,-9.497424220455423,20,-10.0,median_snr_below_threshold,symlinked
train,HFocusing_5_10_2um2_0_1607.npy,P0/data/dataset_particles2SNR_c1/train/2um/HFocusing_5_10_2um2_0_1607.npy,P0/data/particles2SNR_4_class_lim10/train/unclear/HFocusing_5_10_2um2_0_1607.npy,2um,unclear,-12.613711608704786,-13.126564353496503,-17.760782506415232,-9.41944078115747,19,-10.0,median_snr_below_threshold,symlinked
train,HFocusing_5_10_2um2_0_1608.npy,P0/data/dataset_particles2SNR_c1/train/2um/HFocusing_5_10_2um2_0_1608.npy,P0/data/particles2SNR_4_class_lim10/train/unclear/HFocusing_5_10_2um2_0_1608.npy,2um,unclear,-11.896577296157275,-12.071015159900037,-21.14945248870167,-1.7889264091250436,20,-10.0,median_snr_below_threshold,symlinked
train,HFocusing_5_10_2um2_0_1619.npy,P0/data/dataset_particles2SNR_c1/train/2um/HFocusing_5_10_2um2_0_1619.npy,P0/data/particles2SNR_4_class_lim10/train/unclear/HFocusing_5_10_2um2_0_1619.npy,2um,unclear,-12.727677200525001,-12.645174315618473,-16.281498841968897,-7.440232296555523,14,-10.0,median_snr_below_threshold,symlinked
train,HFocusing_5_10_2um2_0_1620.npy,P0/data/dataset_particles2SNR_c1/train/2um/HFocusing_5_10_2um2_0_1620.npy,P0/data/particles2SNR_4_class_lim10/train/unclear/HFocusing_5_10_2um2_0_1620.npy,2um,unclear,-12.166963774412098,-11.128002764021717,-14.021002303821106,0.15140732285572095,13,-10.0,median_snr_below_threshold,symlinked
train,HFocusing_5_10_2um2_0_1622.npy,P0/data/dataset_particles2SNR_c1/train/2um/HFocusing_5_10_2um2_0_1622.npy,P0/data/particles2SNR_4_class_lim10/train/unclear/HFocusing_5_10_2um2_0_1622.npy,2um,unclear,-13.005555108294228,-13.087847129243167,-18.625524620833104,-8.99868840592481,20,-10.0,median_snr_below_threshold,symlinked
train,HFocusing_5_10_2um2_0_1626.npy,P0/data/dataset_particles2SNR_c1/train/2um/HFocusing_5_10_2um2_0_1626.npy,P0/data/particles2SNR_4_class_lim10/train/unclear/HFocusing_5_10_2um2_0_1626.npy,2um,unclear,-12.957479734556985,-13.003892940910664,-16.974497074352982,-9.728478376820043,23,-10.0,median_snr_below_threshold,symlinked
train,HFocusing_5_10_2um2_0_1627.npy,P0/data/dataset_particles2SNR_c1/train/2um/HFocusing_5_10_2um2_0_1627.npy,P0/data/particles2SNR_4_class_lim10/train/unclear/HFocusing_5_10_2um2_0_1627.npy,2um,unclear,-13.828004346062261,-12.916452637540074,-17.36065719384507,-0.4700377427678537,13,-10.0,median_snr_below_threshold,symlinked
train,HFocusing_5_10_2um2_0_1630.npy,P0/data/dataset_particles2SNR_c1/train/2um/HFocusing_5_10_2um2_0_1630.npy,P0/data/particles2SNR_4_class_lim10/train/unclear/HFocusing_5_10_2um2_0_1630.npy,2um,unclear,-10.759287547538094,-10.511066482434979,-15.142246540426969,-1.050037357438973,8,-10.0,median_snr_below_threshold,symlinked
train,HFocusing_5_10_2um2_0_1634.npy,P0/data/dataset_particles2SNR_c1/train/2um/HFocusing_5_10_2um2_0_1634.npy,P0/data/particles2SNR_4_class_lim10/train/unclear/HFocusing_5_10_2um2_0_1634.npy,2um,unclear,-12.258818538602982,-12.464547932603852,-19.501569394111957,-6.555586148437102,19,-10.0,median_snr_below_threshold,symlinked
train,HFocusing_5_10_2um2_0_1637.npy,P0/data/dataset_particles2SNR_c1/train/2um/HFocusing_5_10_2um2_0_1637.npy,P0/data/particles2SNR_4_class_lim10/train/unclear/HFocusing_5_10_2um2_0_1637.npy,2um,unclear,-12.801627376089556,-12.637002125126566,-18.050271319528818,-8.686503130633564,24,-10.0,median_snr_below_threshold,symlinked
train,HFocusing_5_10_2um2_0_1638.npy,P0/data/dataset_particles2SNR_c1/train/2um/HFocusing_5_10_2um2_0_1638.npy,P0/data/particles2SNR_4_class_lim10/train/2um/HFocusing_5_10_2um2_0_1638.npy,2um,2um,-9.480266735981642,-8.820947985078648,-16.541277904721294,6.459684386965075,14,-10.0,median_snr_at_or_above_threshold,symlinked
train,HFocusing_5_10_2um2_0_1641.npy,P0/data/dataset_particles2SNR_c1/train/2um/HFocusing_5_10_2um2_0_1641.npy,P0/data/particles2SNR_4_class_lim10/train/unclear/HFocusing_5_10_2um2_0_1641.npy,2um,unclear,-12.369387124302545,-11.857793780078744,-20.437229551197348,-0.7821128876611433,19,-10.0,median_snr_below_threshold,symlinked
train,HFocusing_5_10_2um2_0_1644.npy,P0/data/dataset_particles2SNR_c1/train/2um/HFocusing_5_10_2um2_0_1644.npy,P0/data/particles2SNR_4_class_lim10/train/unclear/HFocusing_5_10_2um2_0_1644.npy,2um,unclear,-13.340846818923426,-12.19512641362561,-16.31054626281373,-0.2184266654259684,11,-10.0,median_snr_below_threshold,symlinked
train,HFocusing_5_10_2um2_0_1645.npy,P0/data/dataset_particles2SNR_c1/train/2um/HFocusing_5_10_2um2_0_1645.npy,P0/data/particles2SNR_4_class_lim10/train/unclear/HFocusing_5_10_2um2_0_1645.npy,2um,unclear,-13.60850790406012,-12.257814992195327,-17.207427352013656,0.9545263655579863,19,-10.0,median_snr_below_threshold,symlinked
train,HFocusing_5_10_2um2_0_1648.npy,P0/data/dataset_particles2SNR_c1/train/2um/HFocusing_5_10_2um2_0_1648.npy,P0/data/particles2SNR_4_class_lim10/train/unclear/HFocusing_5_10_2um2_0_1648.npy,2um,unclear,-12.722902384773196,-12.177618620966118,-16.154647364163864,-5.0387870789096745,20,-10.0,median_snr_below_threshold,symlinked
train,HFocusing_5_10_2um2_0_1649.npy,P0/data/dataset_particles2SNR_c1/train/2um/HFocusing_5_10_2um2_0_1649.npy,P0/data/particles2SNR_4_class_lim10/train/unclear/HFocusing_5_10_2um2_0_1649.npy,2um,unclear,-12.227994388126287,-11.36366299835071,-16.164896036621275,3.2355172087740836,12,-10.0,median_snr_below_threshold,symlinked
train,HFocusing_5_10_2um2_0_165.npy,P0/data/dataset_particles2SNR_c1/train/2um/HFocusing_5_10_2um2_0_165.npy,P0/data/particles2SNR_4_class_lim10/train/unclear/HFocusing_5_10_2um2_0_165.npy,2um,unclear,-13.710324624461489,-13.640771395007338,-18.417748450019538,-11.064625075675462,14,-10.0,median_snr_below_threshold,symlinked
train,HFocusing_5_10_2um2_0_1652.npy,P0/data/dataset_particles2SNR_c1/train/2um/HFocusing_5_10_2um2_0_1652.npy,P0/data/particles2SNR_4_class_lim10/train/unclear/HFocusing_5_10_2um2_0_1652.npy,2um,unclear,-11.455023168393959,-11.250175684453847,-15.640916297361587,-3.47786999858015,10,-10.0,median_snr_below_threshold,symlinked
train,HFocusing_5_10_2um2_0_1656.npy,P0/data/dataset_particles2SNR_c1/train/2um/HFocusing_5_10_2um2_0_1656.npy,P0/data/particles2SNR_4_class_lim10/train/unclear/HFocusing_5_10_2um2_0_1656.npy,2um,unclear,-11.886902508148921,-12.543205106153021,-18.710960031729726,-6.917712646099799,16,-10.0,median_snr_below_threshold,symlinked
train,HFocusing_5_10_2um2_0_166.npy,P0/data/dataset_particles2SNR_c1/train/2um/HFocusing_5_10_2um2_0_166.npy,P0/data/particles2SNR_4_class_lim10/train/unclear/HFocusing_5_10_2um2_0_166.npy,2um,unclear,-11.645445493432863,-9.794993808667115,-15.65787024203548,0.2995796131350559,16,-10.0,median_snr_below_threshold,symlinked
train,HFocusing_5_10_2um2_0_1660.npy,P0/data/dataset_particles2SNR_c1/train/2um/HFocusing_5_10_2um2_0_1660.npy,P0/data/particles2SNR_4_class_lim10/train/unclear/HFocusing_5_10_2um2_0_1660.npy,2um,unclear,-12.79605225874825,-12.490169209586158,-20.14648785421223,5.128098398350412,13,-10.0,median_snr_below_threshold,symlinked
train,HFocusing_5_10_2um2_0_1667.npy,P0/data/dataset_particles2SNR_c1/train/2um/HFocusing_5_10_2um2_0_1667.npy,P0/data/particles2SNR_4_class_lim10/train/unclear/HFocusing_5_10_2um2_0_1667.npy,2um,unclear,-12.042090587659825,-11.04210765797394,-17.725435125043887,-2.6305364947163294,15,-10.0,median_snr_below_threshold,symlinked
train,HFocusing_5_10_2um2_0_1670.npy,P0/data/dataset_particles2SNR_c1/train/2um/HFocusing_5_10_2um2_0_1670.npy,P0/data/particles2SNR_4_class_lim10/train/unclear/HFocusing_5_10_2um2_0_1670.npy,2um,unclear,-13.340088109960362,-12.197878881254534,-16.17926275134275,-5.896055382261382,15,-10.0,median_snr_below_threshold,symlinked
train,HFocusing_5_10_2um2_0_1671.npy,P0/data/dataset_particles2SNR_c1/train/2um/HFocusing_5_10_2um2_0_1671.npy,P0/data/particles2SNR_4_class_lim10/train/unclear/HFocusing_5_10_2um2_0_1671.npy,2um,unclear,-11.725099028480962,-9.989217062246126,-17.463592375846954,6.964925695518059,10,-10.0,median_snr_below_threshold,symlinked
train,HFocusing_5_10_2um2_0_1673.npy,P0/data/dataset_particles2SNR_c1/train/2um/HFocusing_5_10_2um2_0_1673.npy,P0/data/particles2SNR_4_class_lim10/train/unclear/HFocusing_5_10_2um2_0_1673.npy,2um,unclear,-14.02710755573934,-13.815242423671737,-19.29621908861606,-9.233291398093385,16,-10.0,median_snr_below_threshold,symlinked
train,HFocusing_5_10_2um2_0_1674.npy,P0/data/dataset_particles2SNR_c1/train/2um/HFocusing_5_10_2um2_0_1674.npy,P0/data/particles2SNR_4_class_lim10/train/unclear/HFocusing_5_10_2um2_0_1674.npy,2um,unclear,-12.241676350531776,-11.745324368458046,-17.14892671260212,-0.7643841270505511,20,-10.0,median_snr_below_threshold,symlinked
train,HFocusing_5_10_2um2_0_1677.npy,P0/data/dataset_particles2SNR_c1/train/2um/HFocusing_5_10_2um2_0_1677.npy,P0/data/particles2SNR_4_class_lim10/train/unclear/HFocusing_5_10_2um2_0_1677.npy,2um,unclear,-12.539526922531174,-12.07863816777999,-17.99412885166071,-5.55606339348185,21,-10.0,median_snr_below_threshold,symlinked
train,HFocusing_5_10_2um2_0_168.npy,P0/data/dataset_particles2SNR_c1/train/2um/HFocusing_5_10_2um2_0_168.npy,P0/data/particles2SNR_4_class_lim10/train/unclear/HFocusing_5_10_2um2_0_168.npy,2um,unclear,-12.534586255906163,-12.714533716708512,-16.823604300115388,-8.562439337865829,16,-10.0,median_snr_below_threshold,symlinked
train,HFocusing_5_10_2um2_0_1680.npy,P0/data/dataset_particles2SNR_c1/train/2um/HFocusing_5_10_2um2_0_1680.npy,P0/data/particles2SNR_4_class_lim10/train/unclear/HFocusing_5_10_2um2_0_1680.npy,2um,unclear,-13.117882377280463,-12.870938967694014,-17.384717380250294,-7.774384472670251,21,-10.0,median_snr_below_threshold,symlinked
train,HFocusing_5_10_2um2_0_1681.npy,P0/data/dataset_particles2SNR_c1/train/2um/HFocusing_5_10_2um2_0_1681.npy,P0/data/particles2SNR_4_class_lim10/train/unclear/HFocusing_5_10_2um2_0_1681.npy,2um,unclear,-10.434109296034212,-10.196700187912207,-18.111217627119828,-2.8720013910101834,13,-10.0,median_snr_below_threshold,symlinked
train,HFocusing_5_10_2um2_0_1684.npy,P0/data/dataset_particles2SNR_c1/train/2um/HFocusing_5_10_2um2_0_1684.npy,P0/data/particles2SNR_4_class_lim10/train/unclear/HFocusing_5_10_2um2_0_1684.npy,2um,unclear,-12.915807264523744,-12.71419406673985,-14.955910369392424,-11.118518386710672,15,-10.0,median_snr_below_threshold,symlinked
train,HFocusing_5_10_2um2_0_1688.npy,P0/data/dataset_particles2SNR_c1/train/2um/HFocusing_5_10_2um2_0_1688.npy,P0/data/particles2SNR_4_class_lim10/train/unclear/HFocusing_5_10_2um2_0_1688.npy,2um,unclear,-13.362213414411432,-13.366864186244161,-18.92831332945616,-10.192776882842915,14,-10.0,median_snr_below_threshold,symlinked
train,HFocusing_5_10_2um2_0_1689.npy,P0/data/dataset_particles2SNR_c1/train/2um/HFocusing_5_10_2um2_0_1689.npy,P0/data/particles2SNR_4_class_lim10/train/unclear/HFocusing_5_10_2um2_0_1689.npy,2um,unclear,-12.735348947473156,-11.706862446925017,-17.44406654827884,1.09728921766468,12,-10.0,median_snr_below_threshold,symlinked
train,HFocusing_5_10_2um2_0_1692.npy,P0/data/dataset_particles2SNR_c1/train/2um/HFocusing_5_10_2um2_0_1692.npy,P0/data/particles2SNR_4_class_lim10/train/unclear/HFocusing_5_10_2um2_0_1692.npy,2um,unclear,-14.321756015022073,-11.937677989491787,-16.84957535539771,3.5442136217102616,11,-10.0,median_snr_below_threshold,symlinked
train,HFocusing_5_10_2um2_0_1696.npy,P0/data/dataset_particles2SNR_c1/train/2um/HFocusing_5_10_2um2_0_1696.npy,P0/data/particles2SNR_4_class_lim10/train/2um/HFocusing_5_10_2um2_0_1696.npy,2um,2um,-9.920624425679371,-10.253579029870451,-20.005612563558284,5.434349531016425,15,-10.0,median_snr_at_or_above_threshold,symlinked
train,HFocusing_5_10_2um2_0_1698.npy,P0/data/dataset_particles2SNR_c1/train/2um/HFocusing_5_10_2um2_0_1698.npy,P0/data/particles2SNR_4_class_lim10/train/unclear/HFocusing_5_10_2um2_0_1698.npy,2um,unclear,-11.504615056626744,-11.287144261984992,-15.313327766944909,-6.543682664596093,17,-10.0,median_snr_below_threshold,symlinked
train,HFocusing_5_10_2um2_0_1699.npy,P0/data/dataset_particles2SNR_c1/train/2um/HFocusing_5_10_2um2_0_1699.npy,P0/data/particles2SNR_4_class_lim10/train/unclear/HFocusing_5_10_2um2_0_1699.npy,2um,unclear,-11.944778502064102,-11.706315251054498,-15.70672925608168,-4.670041065555978,12,-10.0,median_snr_below_threshold,symlinked
train,HFocusing_5_10_2um2_0_17.npy,P0/data/dataset_particles2SNR_c1/train/2um/HFocusing_5_10_2um2_0_17.npy,P0/data/particles2SNR_4_class_lim10/train/unclear/HFocusing_5_10_2um2_0_17.npy,2um,unclear,-13.254068680392148,-11.682084107466128,-17.8278079868557,3.2519867482252347,16,-10.0,median_snr_below_threshold,symlinked
train,HFocusing_5_10_2um2_0_1702.npy,P0/data/dataset_particles2SNR_c1/train/2um/HFocusing_5_10_2um2_0_1702.npy,P0/data/particles2SNR_4_class_lim10/train/unclear/HFocusing_5_10_2um2_0_1702.npy,2um,unclear,-12.164073148711719,-11.223486077893503,-16.15889946297942,-1.4370895758562452,18,-10.0,median_snr_below_threshold,symlinked
train,HFocusing_5_10_2um2_0_1705.npy,P0/data/dataset_particles2SNR_c1/train/2um/HFocusing_5_10_2um2_0_1705.npy,P0/data/particles2SNR_4_class_lim10/train/unclear/HFocusing_5_10_2um2_0_1705.npy,2um,unclear,-11.48408945848175,-11.252257197088298,-17.695255435034166,-5.809208231177353,20,-10.0,median_snr_below_threshold,symlinked
train,HFocusing_5_10_2um2_0_1709.npy,P0/data/dataset_particles2SNR_c1/train/2um/HFocusing_5_10_2um2_0_1709.npy,P0/data/particles2SNR_4_class_lim10/train/unclear/HFocusing_5_10_2um2_0_1709.npy,2um,unclear,-12.834586315651972,-13.14349347619263,-17.6384450223775,-8.546759803695565,12,-10.0,median_snr_below_threshold,symlinked
train,HFocusing_5_10_2um2_0_171.npy,P0/data/dataset_particles2SNR_c1/train/2um/HFocusing_5_10_2um2_0_171.npy,P0/data/particles2SNR_4_class_lim10/train/2um/HFocusing_5_10_2um2_0_171.npy,2um,2um,-9.491981073898645,-10.211503125681789,-17.60674107740431,-0.6703203907050908,14,-10.0,median_snr_at_or_above_threshold,symlinked
train,HFocusing_5_10_2um2_0_1710.npy,P0/data/dataset_particles2SNR_c1/train/2um/HFocusing_5_10_2um2_0_1710.npy,P0/data/particles2SNR_4_class_lim10/train/unclear/HFocusing_5_10_2um2_0_1710.npy,2um,unclear,-10.884429366658384,-9.874634109984253,-13.904428754010063,2.5058619108691964,8,-10.0,median_snr_below_threshold,symlinked
train,HFocusing_5_10_2um2_0_1713.npy,P0/data/dataset_particles2SNR_c1/train/2um/HFocusing_5_10_2um2_0_1713.npy,P0/data/particles2SNR_4_class_lim10/train/unclear/HFocusing_5_10_2um2_0_1713.npy,2um,unclear,-11.620904875399656,-9.006529842507014,-17.563215886317593,2.7305125104351124,17,-10.0,median_snr_below_threshold,symlinked
train,HFocusing_5_10_2um2_0_1716.npy,P0/data/dataset_particles2SNR_c1/train/2um/HFocusing_5_10_2um2_0_1716.npy,P0/data/particles2SNR_4_class_lim10/train/unclear/HFocusing_5_10_2um2_0_1716.npy,2um,unclear,-14.608587845532735,-14.577146912728429,-18.664833779723423,-10.273181400719105,19,-10.0,median_snr_below_threshold,symlinked
train,HFocusing_5_10_2um2_0_1717.npy,P0/data/dataset_particles2SNR_c1/train/2um/HFocusing_5_10_2um2_0_1717.npy,P0/data/particles2SNR_4_class_lim10/train/unclear/HFocusing_5_10_2um2_0_1717.npy,2um,unclear,-12.946346522037413,-12.51995520693521,-18.610000164442766,0.10364918010260286,23,-10.0,median_snr_below_threshold,symlinked
train,HFocusing_5_10_2um2_0_1719.npy,P0/data/dataset_particles2SNR_c1/train/2um/HFocusing_5_10_2um2_0_1719.npy,P0/data/particles2SNR_4_class_lim10/train/unclear/HFocusing_5_10_2um2_0_1719.npy,2um,unclear,-13.030361500711127,-13.514241887414295,-17.22622344868584,-10.033410903228397,10,-10.0,median_snr_below_threshold,symlinked
train,HFocusing_5_10_2um2_0_1720.npy,P0/data/dataset_particles2SNR_c1/train/2um/HFocusing_5_10_2um2_0_1720.npy,P0/data/particles2SNR_4_class_lim10/train/unclear/HFocusing_5_10_2um2_0_1720.npy,2um,unclear,-11.156207730176593,-10.377646758875546,-17.952773553835303,0.6703599156973584,16,-10.0,median_snr_below_threshold,symlinked
train,HFocusing_5_10_2um2_0_1724.npy,P0/data/dataset_particles2SNR_c1/train/2um/HFocusing_5_10_2um2_0_1724.npy,P0/data/particles2SNR_4_class_lim10/train/unclear/HFocusing_5_10_2um2_0_1724.npy,2um,unclear,-11.956941997410135,-10.639261446141735,-18.47135812609648,-4.449265376944563,17,-10.0,median_snr_below_threshold,symlinked
train,HFocusing_5_10_2um2_0_1728.npy,P0/data/dataset_particles2SNR_c1/train/2um/HFocusing_5_10_2um2_0_1728.npy,P0/data/particles2SNR_4_class_lim10/train/2um/HFocusing_5_10_2um2_0_1728.npy,2um,2um,-8.819245049014361,-9.335087035346138,-14.555494262231452,-1.5471653509649774,12,-10.0,median_snr_at_or_above_threshold,symlinked
train,HFocusing_5_10_2um2_0_1730.npy,P0/data/dataset_particles2SNR_c1/train/2um/HFocusing_5_10_2um2_0_1730.npy,P0/data/particles2SNR_4_class_lim10/train/unclear/HFocusing_5_10_2um2_0_1730.npy,2um,unclear,-12.607911120047502,-12.823212806813004,-19.38237160881477,-6.984726557195787,14,-10.0,median_snr_below_threshold,symlinked
train,HFocusing_5_10_2um2_0_1737.npy,P0/data/dataset_particles2SNR_c1/train/2um/HFocusing_5_10_2um2_0_1737.npy,P0/data/particles2SNR_4_class_lim10/train/unclear/HFocusing_5_10_2um2_0_1737.npy,2um,unclear,-11.08459101301555,-8.937952469555237,-14.727742311087761,8.53230537519785,14,-10.0,median_snr_below_threshold,symlinked
train,HFocusing_5_10_2um2_0_1741.npy,P0/data/dataset_particles2SNR_c1/train/2um/HFocusing_5_10_2um2_0_1741.npy,P0/data/particles2SNR_4_class_lim10/train/unclear/HFocusing_5_10_2um2_0_1741.npy,2um,unclear,-11.671524091106429,-10.812150500231196,-18.66845882779205,-0.11512136715233201,13,-10.0,median_snr_below_threshold,symlinked
train,HFocusing_5_10_2um2_0_1744.npy,P0/data/dataset_particles2SNR_c1/train/2um/HFocusing_5_10_2um2_0_1744.npy,P0/data/particles2SNR_4_class_lim10/train/unclear/HFocusing_5_10_2um2_0_1744.npy,2um,unclear,-13.298996401577137,-13.263635137054823,-15.429431188268936,-11.814642886320378,10,-10.0,median_snr_below_threshold,symlinked
train,HFocusing_5_10_2um2_0_1748.npy,P0/data/dataset_particles2SNR_c1/train/2um/HFocusing_5_10_2um2_0_1748.npy,P0/data/particles2SNR_4_class_lim10/train/unclear/HFocusing_5_10_2um2_0_1748.npy,2um,unclear,-15.107653799041561,-14.756678241025504,-23.607462916432986,-9.787785687974287,15,-10.0,median_snr_below_threshold,symlinked
train,HFocusing_5_10_2um2_0_1749.npy,P0/data/dataset_particles2SNR_c1/train/2um/HFocusing_5_10_2um2_0_1749.npy,P0/data/particles2SNR_4_class_lim10/train/2um/HFocusing_5_10_2um2_0_1749.npy,2um,2um,-9.335818619476925,-8.477045496580345,-12.687560242066628,3.621415495738251,11,-10.0,median_snr_at_or_above_threshold,symlinked
train,HFocusing_5_10_2um2_0_175.npy,P0/data/dataset_particles2SNR_c1/train/2um/HFocusing_5_10_2um2_0_175.npy,P0/data/particles2SNR_4_class_lim10/train/unclear/HFocusing_5_10_2um2_0_175.npy,2um,unclear,-10.536554658439742,-10.153337394150276,-18.702370709679982,-0.36795885030531555,17,-10.0,median_snr_below_threshold,symlinked
train,HFocusing_5_10_2um2_0_1752.npy,P0/data/dataset_particles2SNR_c1/train/2um/HFocusing_5_10_2um2_0_1752.npy,P0/data/particles2SNR_4_class_lim10/train/unclear/HFocusing_5_10_2um2_0_1752.npy,2um,unclear,-11.585578359177433,-11.534099410711642,-17.6333216293036,-6.8102126038353274,14,-10.0,median_snr_below_threshold,symlinked
train,HFocusing_5_10_2um2_0_1760.npy,P0/data/dataset_particles2SNR_c1/train/2um/HFocusing_5_10_2um2_0_1760.npy,P0/data/particles2SNR_4_class_lim10/train/unclear/HFocusing_5_10_2um2_0_1760.npy,2um,unclear,-12.521994629664112,-11.426453639890612,-17.585239693176774,3.8575063365324165,13,-10.0,median_snr_below_threshold,symlinked
train,HFocusing_5_10_2um2_0_1764.npy,P0/data/dataset_particles2SNR_c1/train/2um/HFocusing_5_10_2um2_0_1764.npy,P0/data/particles2SNR_4_class_lim10/train/unclear/HFocusing_5_10_2um2_0_1764.npy,2um,unclear,-11.015544470435191,-9.381364178770703,-16.429815048894586,0.9191546737839122,16,-10.0,median_snr_below_threshold,symlinked
train,HFocusing_5_10_2um2_0_1767.npy,P0/data/dataset_particles2SNR_c1/train/2um/HFocusing_5_10_2um2_0_1767.npy,P0/data/particles2SNR_4_class_lim10/train/unclear/HFocusing_5_10_2um2_0_1767.npy,2um,unclear,-11.068146960298245,-10.312852062809258,-15.722656343513123,0.6874952815718922,10,-10.0,median_snr_below_threshold,symlinked
train,HFocusing_5_10_2um2_0_1771.npy,P0/data/dataset_particles2SNR_c1/train/2um/HFocusing_5_10_2um2_0_1771.npy,P0/data/particles2SNR_4_class_lim10/train/unclear/HFocusing_5_10_2um2_0_1771.npy,2um,unclear,-10.736134240254248,-10.623788220078456,-13.220835919769732,-7.404679546036118,13,-10.0,median_snr_below_threshold,symlinked
train,HFocusing_5_10_2um2_0_1773.npy,P0/data/dataset_particles2SNR_c1/train/2um/HFocusing_5_10_2um2_0_1773.npy,P0/data/particles2SNR_4_class_lim10/train/unclear/HFocusing_5_10_2um2_0_1773.npy,2um,unclear,-11.326111247113326,-11.928633751156475,-17.05925337314882,-8.074164367628146,8,-10.0,median_snr_below_threshold,symlinked
train,HFocusing_5_10_2um2_0_1774.npy,P0/data/dataset_particles2SNR_c1/train/2um/HFocusing_5_10_2um2_0_1774.npy,P0/data/particles2SNR_4_class_lim10/train/unclear/HFocusing_5_10_2um2_0_1774.npy,2um,unclear,-14.05089549278983,-12.818617562515447,-18.204889257243288,3.3033819584804895,14,-10.0,median_snr_below_threshold,symlinked
train,HFocusing_5_10_2um2_0_1777.npy,P0/data/dataset_particles2SNR_c1/train/2um/HFocusing_5_10_2um2_0_1777.npy,P0/data/particles2SNR_4_class_lim10/train/2um/HFocusing_5_10_2um2_0_1777.npy,2um,2um,-9.851419655941028,-8.949293731132148,-13.931556794015908,-3.795581455038236,13,-10.0,median_snr_at_or_above_threshold,symlinked
train,HFocusing_5_10_2um2_0_1780.npy,P0/data/dataset_particles2SNR_c1/train/2um/HFocusing_5_10_2um2_0_1780.npy,P0/data/particles2SNR_4_class_lim10/train/unclear/HFocusing_5_10_2um2_0_1780.npy,2um,unclear,-11.820837143059414,-11.299702519412866,-14.89549949884482,-1.0773351268488898,15,-10.0,median_snr_below_threshold,symlinked
train,HFocusing_5_10_2um2_0_1781.npy,P0/data/dataset_particles2SNR_c1/train/2um/HFocusing_5_10_2um2_0_1781.npy,P0/data/particles2SNR_4_class_lim10/train/unclear/HFocusing_5_10_2um2_0_1781.npy,2um,unclear,-13.487194099514024,-12.65488673400541,-16.117436943112622,-1.353813869143905,17,-10.0,median_snr_below_threshold,symlinked
train,HFocusing_5_10_2um2_0_1784.npy,P0/data/dataset_particles2SNR_c1/train/2um/HFocusing_5_10_2um2_0_1784.npy,P0/data/particles2SNR_4_class_lim10/train/unclear/HFocusing_5_10_2um2_0_1784.npy,2um,unclear,-13.105283376333077,-13.667096779564845,-21.6627496448961,-8.628123111717356,23,-10.0,median_snr_below_threshold,symlinked
train,HFocusing_5_10_2um2_0_1785.npy,P0/data/dataset_particles2SNR_c1/train/2um/HFocusing_5_10_2um2_0_1785.npy,P0/data/particles2SNR_4_class_lim10/train/unclear/HFocusing_5_10_2um2_0_1785.npy,2um,unclear,-13.602196751984923,-12.890111423425646,-19.81720994116617,0.004762600456364917,18,-10.0,median_snr_below_threshold,symlinked
train,HFocusing_5_10_2um2_0_1789.npy,P0/data/dataset_particles2SNR_c1/train/2um/HFocusing_5_10_2um2_0_1789.npy,P0/data/particles2SNR_4_class_lim10/train/unclear/HFocusing_5_10_2um2_0_1789.npy,2um,unclear,-13.86751791306881,-12.527217707751477,-17.078557343223203,-0.2819665525353615,18,-10.0,median_snr_below_threshold,symlinked
train,HFocusing_5_10_2um2_0_1792.npy,P0/data/dataset_particles2SNR_c1/train/2um/HFocusing_5_10_2um2_0_1792.npy,P0/data/particles2SNR_4_class_lim10/train/unclear/HFocusing_5_10_2um2_0_1792.npy,2um,unclear,-12.150945071563346,-10.967432597006814,-14.338598528012936,0.14333458421941656,14,-10.0,median_snr_below_threshold,symlinked
train,HFocusing_5_10_2um2_0_1798.npy,P0/data/dataset_particles2SNR_c1/train/2um/HFocusing_5_10_2um2_0_1798.npy,P0/data/particles2SNR_4_class_lim10/train/unclear/HFocusing_5_10_2um2_0_1798.npy,2um,unclear,-11.779374990469726,-9.123979356017474,-19.62974159419234,12.415228321864554,19,-10.0,median_snr_below_threshold,symlinked
train,HFocusing_5_10_2um2_0_1801.npy,P0/data/dataset_particles2SNR_c1/train/2um/HFocusing_5_10_2um2_0_1801.npy,P0/data/particles2SNR_4_class_lim10/train/unclear/HFocusing_5_10_2um2_0_1801.npy,2um,unclear,-12.419398467237912,-11.546097328625004,-16.233927299449906,-3.0952324443802866,14,-10.0,median_snr_below_threshold,symlinked
train,HFocusing_5_10_2um2_0_1802.npy,P0/data/dataset_particles2SNR_c1/train/2um/HFocusing_5_10_2um2_0_1802.npy,P0/data/particles2SNR_4_class_lim10/train/unclear/HFocusing_5_10_2um2_0_1802.npy,2um,unclear,-12.87549360307419,-11.074855023446016,-16.945286182431616,-1.3195216586311393,13,-10.0,median_snr_below_threshold,symlinked
train,HFocusing_5_10_2um2_0_1805.npy,P0/data/dataset_particles2SNR_c1/train/2um/HFocusing_5_10_2um2_0_1805.npy,P0/data/particles2SNR_4_class_lim10/train/unclear/HFocusing_5_10_2um2_0_1805.npy,2um,unclear,-12.67599989912591,-12.412264754436285,-15.672634446645581,-8.497043103780193,22,-10.0,median_snr_below_threshold,symlinked
train,HFocusing_5_10_2um2_0_1806.npy,P0/data/dataset_particles2SNR_c1/train/2um/HFocusing_5_10_2um2_0_1806.npy,P0/data/particles2SNR_4_class_lim10/train/unclear/HFocusing_5_10_2um2_0_1806.npy,2um,unclear,-12.397260810480944,-11.999544339863911,-18.835876549389358,1.5354909958120577,17,-10.0,median_snr_below_threshold,symlinked
train,HFocusing_5_10_2um2_0_1809.npy,P0/data/dataset_particles2SNR_c1/train/2um/HFocusing_5_10_2um2_0_1809.npy,P0/data/particles2SNR_4_class_lim10/train/unclear/HFocusing_5_10_2um2_0_1809.npy,2um,unclear,-13.356333124680807,-13.995540925462182,-22.39944559884497,-7.166554368340795,22,-10.0,median_snr_below_threshold,symlinked
train,HFocusing_5_10_2um2_0_181.npy,P0/data/dataset_particles2SNR_c1/train/2um/HFocusing_5_10_2um2_0_181.npy,P0/data/particles2SNR_4_class_lim10/train/unclear/HFocusing_5_10_2um2_0_181.npy,2um,unclear,-13.135613890097371,-13.394198266405084,-16.95668667265779,-11.79568164066806,14,-10.0,median_snr_below_threshold,symlinked
train,HFocusing_5_10_2um2_0_1810.npy,P0/data/dataset_particles2SNR_c1/train/2um/HFocusing_5_10_2um2_0_1810.npy,P0/data/particles2SNR_4_class_lim10/train/unclear/HFocusing_5_10_2um2_0_1810.npy,2um,unclear,-11.281877049803379,-11.482242457810521,-16.573608681777944,-2.0955406534246883,15,-10.0,median_snr_below_threshold,symlinked
train,HFocusing_5_10_2um2_0_1813.npy,P0/data/dataset_particles2SNR_c1/train/2um/HFocusing_5_10_2um2_0_1813.npy,P0/data/particles2SNR_4_class_lim10/train/unclear/HFocusing_5_10_2um2_0_1813.npy,2um,unclear,-10.418387538824046,-8.951199531931158,-17.3636653010186,2.1750886543439765,11,-10.0,median_snr_below_threshold,symlinked
train,HFocusing_5_10_2um2_0_1819.npy,P0/data/dataset_particles2SNR_c1/train/2um/HFocusing_5_10_2um2_0_1819.npy,P0/data/particles2SNR_4_class_lim10/train/unclear/HFocusing_5_10_2um2_0_1819.npy,2um,unclear,-11.66411479042495,-10.913010676380349,-16.43086672404009,-2.184570257082568,17,-10.0,median_snr_below_threshold,symlinked
train,HFocusing_5_10_2um2_0_1822.npy,P0/data/dataset_particles2SNR_c1/train/2um/HFocusing_5_10_2um2_0_1822.npy,P0/data/particles2SNR_4_class_lim10/train/unclear/HFocusing_5_10_2um2_0_1822.npy,2um,unclear,-13.893258711433178,-13.827146512795181,-18.808522419060786,-9.859870272315778,18,-10.0,median_snr_below_threshold,symlinked
train,HFocusing_5_10_2um2_0_1823.npy,P0/data/dataset_particles2SNR_c1/train/2um/HFocusing_5_10_2um2_0_1823.npy,P0/data/particles2SNR_4_class_lim10/train/unclear/HFocusing_5_10_2um2_0_1823.npy,2um,unclear,-12.513676212571799,-11.50188200759609,-18.659708678715955,1.0200412075860537,17,-10.0,median_snr_below_threshold,symlinked
train,HFocusing_5_10_2um2_0_1826.npy,P0/data/dataset_particles2SNR_c1/train/2um/HFocusing_5_10_2um2_0_1826.npy,P0/data/particles2SNR_4_class_lim10/train/unclear/HFocusing_5_10_2um2_0_1826.npy,2um,unclear,-13.774944378077148,-14.098730917144046,-18.978276727508536,-12.302409480108045,9,-10.0,median_snr_below_threshold,symlinked
train,HFocusing_5_10_2um2_0_1827.npy,P0/data/dataset_particles2SNR_c1/train/2um/HFocusing_5_10_2um2_0_1827.npy,P0/data/particles2SNR_4_class_lim10/train/unclear/HFocusing_5_10_2um2_0_1827.npy,2um,unclear,-11.559816604271585,-10.942688611250684,-15.346990074321603,-2.2830422406501727,13,-10.0,median_snr_below_threshold,symlinked
train,HFocusing_5_10_2um2_0_1830.npy,P0/data/dataset_particles2SNR_c1/train/2um/HFocusing_5_10_2um2_0_1830.npy,P0/data/particles2SNR_4_class_lim10/train/unclear/HFocusing_5_10_2um2_0_1830.npy,2um,unclear,-14.602682178326177,-14.236320725831732,-18.216478655340513,-8.815629960906223,16,-10.0,median_snr_below_threshold,symlinked
train,HFocusing_5_10_2um2_0_1833.npy,P0/data/dataset_particles2SNR_c1/train/2um/HFocusing_5_10_2um2_0_1833.npy,P0/data/particles2SNR_4_class_lim10/train/unclear/HFocusing_5_10_2um2_0_1833.npy,2um,unclear,-12.509097875783723,-13.04996432947016,-16.6794878757451,-10.3353829136894,16,-10.0,median_snr_below_threshold,symlinked
train,HFocusing_5_10_2um2_0_1834.npy,P0/data/dataset_particles2SNR_c1/train/2um/HFocusing_5_10_2um2_0_1834.npy,P0/data/particles2SNR_4_class_lim10/train/unclear/HFocusing_5_10_2um2_0_1834.npy,2um,unclear,-13.326498104561326,-11.67777691457529,-17.337837564154672,-0.1067074371259826,19,-10.0,median_snr_below_threshold,symlinked
train,HFocusing_5_10_2um2_0_1837.npy,P0/data/dataset_particles2SNR_c1/train/2um/HFocusing_5_10_2um2_0_1837.npy,P0/data/particles2SNR_4_class_lim10/train/unclear/HFocusing_5_10_2um2_0_1837.npy,2um,unclear,-13.724028778074077,-12.96353745043094,-16.017163863313243,-8.15244563880836,24,-10.0,median_snr_below_threshold,symlinked
train,HFocusing_5_10_2um2_0_1838.npy,P0/data/dataset_particles2SNR_c1/train/2um/HFocusing_5_10_2um2_0_1838.npy,P0/data/particles2SNR_4_class_lim10/train/unclear/HFocusing_5_10_2um2_0_1838.npy,2um,unclear,-12.40551615059291,-12.8310519223471,-19.960926806925404,-7.286206421555345,23,-10.0,median_snr_below_threshold,symlinked
train,HFocusing_5_10_2um2_0_1841.npy,P0/data/dataset_particles2SNR_c1/train/2um/HFocusing_5_10_2um2_0_1841.npy,P0/data/particles2SNR_4_class_lim10/train/unclear/HFocusing_5_10_2um2_0_1841.npy,2um,unclear,-10.233465571098224,-8.059035027906788,-11.661898251497417,3.523662045400922,9,-10.0,median_snr_below_threshold,symlinked
train,HFocusing_5_10_2um2_0_1847.npy,P0/data/dataset_particles2SNR_c1/train/2um/HFocusing_5_10_2um2_0_1847.npy,P0/data/particles2SNR_4_class_lim10/train/2um/HFocusing_5_10_2um2_0_1847.npy,2um,2um,-0.04036234990125023,-0.04036234990125023,-0.04036234990125023,-0.04036234990125023,1,-10.0,median_snr_at_or_above_threshold,symlinked
train,HFocusing_5_10_2um2_0_185.npy,P0/data/dataset_particles2SNR_c1/train/2um/HFocusing_5_10_2um2_0_185.npy,P0/data/particles2SNR_4_class_lim10/train/unclear/HFocusing_5_10_2um2_0_185.npy,2um,unclear,-13.221812149906507,-13.465884696148235,-17.397308544378664,-9.994023312685782,22,-10.0,median_snr_below_threshold,symlinked
train,HFocusing_5_10_2um2_0_1850.npy,P0/data/dataset_particles2SNR_c1/train/2um/HFocusing_5_10_2um2_0_1850.npy,P0/data/particles2SNR_4_class_lim10/train/unclear/HFocusing_5_10_2um2_0_1850.npy,2um,unclear,-13.431619190032102,-13.238335785662786,-15.793695724745078,-8.914383610645768,11,-10.0,median_snr_below_threshold,symlinked
train,HFocusing_5_10_2um2_0_1851.npy,P0/data/dataset_particles2SNR_c1/train/2um/HFocusing_5_10_2um2_0_1851.npy,P0/data/particles2SNR_4_class_lim10/train/unclear/HFocusing_5_10_2um2_0_1851.npy,2um,unclear,-12.499278165671218,-11.290392464710767,-17.53926046137202,0.4418760485652576,18,-10.0,median_snr_below_threshold,symlinked
train,HFocusing_5_10_2um2_0_1855.npy,P0/data/dataset_particles2SNR_c1/train/2um/HFocusing_5_10_2um2_0_1855.npy,P0/data/particles2SNR_4_class_lim10/train/unclear/HFocusing_5_10_2um2_0_1855.npy,2um,unclear,-12.900143684870793,-10.531461823656631,-16.51750071103446,6.377124183599831,13,-10.0,median_snr_below_threshold,symlinked
train,HFocusing_5_10_2um2_0_1858.npy,P0/data/dataset_particles2SNR_c1/train/2um/HFocusing_5_10_2um2_0_1858.npy,P0/data/particles2SNR_4_class_lim10/train/unclear/HFocusing_5_10_2um2_0_1858.npy,2um,unclear,-12.493470019178218,-13.18702914708038,-18.209967616939363,-8.984709772499372,20,-10.0,median_snr_below_threshold,symlinked
train,HFocusing_5_10_2um2_0_1859.npy,P0/data/dataset_particles2SNR_c1/train/2um/HFocusing_5_10_2um2_0_1859.npy,P0/data/particles2SNR_4_class_lim10/train/unclear/HFocusing_5_10_2um2_0_1859.npy,2um,unclear,-12.65855258568737,-11.488291872117115,-18.110346976825017,0.13036746752514797,15,-10.0,median_snr_below_threshold,symlinked
train,HFocusing_5_10_2um2_0_1863.npy,P0/data/dataset_particles2SNR_c1/train/2um/HFocusing_5_10_2um2_0_1863.npy,P0/data/particles2SNR_4_class_lim10/train/unclear/HFocusing_5_10_2um2_0_1863.npy,2um,unclear,-12.609006557623076,-11.901891371296381,-16.197620554879403,2.59461609606014,14,-10.0,median_snr_below_threshold,symlinked
train,HFocusing_5_10_2um2_0_1867.npy,P0/data/dataset_particles2SNR_c1/train/2um/HFocusing_5_10_2um2_0_1867.npy,P0/data/particles2SNR_4_class_lim10/train/unclear/HFocusing_5_10_2um2_0_1867.npy,2um,unclear,-12.411308135978155,-11.700094066410541,-17.870228373741853,0.3512749151326664,14,-10.0,median_snr_below_threshold,symlinked
train,HFocusing_5_10_2um2_0_1870.npy,P0/data/dataset_particles2SNR_c1/train/2um/HFocusing_5_10_2um2_0_1870.npy,P0/data/particles2SNR_4_class_lim10/train/unclear/HFocusing_5_10_2um2_0_1870.npy,2um,unclear,-11.006184309238524,-11.157823082980961,-16.169064828773834,2.1975921350228806,13,-10.0,median_snr_below_threshold,symlinked
train,HFocusing_5_10_2um2_0_1873.npy,P0/data/dataset_particles2SNR_c1/train/2um/HFocusing_5_10_2um2_0_1873.npy,P0/data/particles2SNR_4_class_lim10/train/unclear/HFocusing_5_10_2um2_0_1873.npy,2um,unclear,-12.18477731531318,-11.333518393750314,-14.654333457749466,-4.211854749216557,13,-10.0,median_snr_below_threshold,symlinked
train,HFocusing_5_10_2um2_0_1874.npy,P0/data/dataset_particles2SNR_c1/train/2um/HFocusing_5_10_2um2_0_1874.npy,P0/data/particles2SNR_4_class_lim10/train/unclear/HFocusing_5_10_2um2_0_1874.npy,2um,unclear,-11.81485438106371,-11.361391973919986,-16.523354670185533,1.9121814141062485,15,-10.0,median_snr_below_threshold,symlinked
train,HFocusing_5_10_2um2_0_1877.npy,P0/data/dataset_particles2SNR_c1/train/2um/HFocusing_5_10_2um2_0_1877.npy,P0/data/particles2SNR_4_class_lim10/train/unclear/HFocusing_5_10_2um2_0_1877.npy,2um,unclear,-12.319319872553029,-10.918372155948365,-15.518174587027321,4.59923861708514,13,-10.0,median_snr_below_threshold,symlinked
train,HFocusing_5_10_2um2_0_1880.npy,P0/data/dataset_particles2SNR_c1/train/2um/HFocusing_5_10_2um2_0_1880.npy,P0/data/particles2SNR_4_class_lim10/train/unclear/HFocusing_5_10_2um2_0_1880.npy,2um,unclear,-12.064741780097286,-12.191451081433742,-14.058206420897783,-10.16948978149409,17,-10.0,median_snr_below_threshold,symlinked
train,HFocusing_5_10_2um2_0_1881.npy,P0/data/dataset_particles2SNR_c1/train/2um/HFocusing_5_10_2um2_0_1881.npy,P0/data/particles2SNR_4_class_lim10/train/unclear/HFocusing_5_10_2um2_0_1881.npy,2um,unclear,-10.942762986882704,-10.310416889818494,-15.563803894158081,-0.15211695164812408,17,-10.0,median_snr_below_threshold,symlinked
train,HFocusing_5_10_2um2_0_1884.npy,P0/data/dataset_particles2SNR_c1/train/2um/HFocusing_5_10_2um2_0_1884.npy,P0/data/particles2SNR_4_class_lim10/train/unclear/HFocusing_5_10_2um2_0_1884.npy,2um,unclear,-12.815253526665035,-13.40156681701813,-17.073135958980586,-11.371544233471242,12,-10.0,median_snr_below_threshold,symlinked
train,HFocusing_5_10_2um2_0_1885.npy,P0/data/dataset_particles2SNR_c1/train/2um/HFocusing_5_10_2um2_0_1885.npy,P0/data/particles2SNR_4_class_lim10/train/unclear/HFocusing_5_10_2um2_0_1885.npy,2um,unclear,-12.92616702998524,-12.18201449439073,-17.40557362473052,-0.6800811558198914,14,-10.0,median_snr_below_threshold,symlinked
train,HFocusing_5_10_2um2_0_1888.npy,P0/data/dataset_particles2SNR_c1/train/2um/HFocusing_5_10_2um2_0_1888.npy,P0/data/particles2SNR_4_class_lim10/train/unclear/HFocusing_5_10_2um2_0_1888.npy,2um,unclear,-13.323459789192995,-13.113034796102626,-18.63049810566905,-8.168292517981353,12,-10.0,median_snr_below_threshold,symlinked
train,HFocusing_5_10_2um2_0_1889.npy,P0/data/dataset_particles2SNR_c1/train/2um/HFocusing_5_10_2um2_0_1889.npy,P0/data/particles2SNR_4_class_lim10/train/unclear/HFocusing_5_10_2um2_0_1889.npy,2um,unclear,-12.488543105305178,-12.391708150723051,-22.49527351843899,1.1677916668678763,14,-10.0,median_snr_below_threshold,symlinked
train,HFocusing_5_10_2um2_0_1893.npy,P0/data/dataset_particles2SNR_c1/train/2um/HFocusing_5_10_2um2_0_1893.npy,P0/data/particles2SNR_4_class_lim10/train/unclear/HFocusing_5_10_2um2_0_1893.npy,2um,unclear,-12.997980202321012,-11.952971612450444,-19.498947034354508,0.3593663652690906,13,-10.0,median_snr_below_threshold,symlinked
train,HFocusing_5_10_2um2_0_1895.npy,P0/data/dataset_particles2SNR_c1/train/2um/HFocusing_5_10_2um2_0_1895.npy,P0/data/particles2SNR_4_class_lim10/train/unclear/HFocusing_5_10_2um2_0_1895.npy,2um,unclear,-12.20396585598937,-12.298543975649274,-15.926024741159539,-8.36870407290778,15,-10.0,median_snr_below_threshold,symlinked
train,HFocusing_5_10_2um2_0_1896.npy,P0/data/dataset_particles2SNR_c1/train/2um/HFocusing_5_10_2um2_0_1896.npy,P0/data/particles2SNR_4_class_lim10/train/unclear/HFocusing_5_10_2um2_0_1896.npy,2um,unclear,-11.071140220413522,-9.828930641365776,-17.38466504395959,6.6109758780451635,12,-10.0,median_snr_below_threshold,symlinked
train,HFocusing_5_10_2um2_0_1898.npy,P0/data/dataset_particles2SNR_c1/train/2um/HFocusing_5_10_2um2_0_1898.npy,P0/data/particles2SNR_4_class_lim10/train/unclear/HFocusing_5_10_2um2_0_1898.npy,2um,unclear,-13.101893475097537,-12.816860011319802,-21.984093842739654,-4.95632446338567,21,-10.0,median_snr_below_threshold,symlinked
train,HFocusing_5_10_2um2_0_1902.npy,P0/data/dataset_particles2SNR_c1/train/2um/HFocusing_5_10_2um2_0_1902.npy,P0/data/particles2SNR_4_class_lim10/train/unclear/HFocusing_5_10_2um2_0_1902.npy,2um,unclear,-12.167406617368703,-11.926169159396666,-19.125627587332257,-0.4902201963211623,18,-10.0,median_snr_below_threshold,symlinked
train,HFocusing_5_10_2um2_0_1903.npy,P0/data/dataset_particles2SNR_c1/train/2um/HFocusing_5_10_2um2_0_1903.npy,P0/data/particles2SNR_4_class_lim10/train/unclear/HFocusing_5_10_2um2_0_1903.npy,2um,unclear,-12.202757152311056,-10.510285116267442,-16.495939616980753,0.553074959916326,11,-10.0,median_snr_below_threshold,symlinked
train,HFocusing_5_10_2um2_0_1906.npy,P0/data/dataset_particles2SNR_c1/train/2um/HFocusing_5_10_2um2_0_1906.npy,P0/data/particles2SNR_4_class_lim10/train/unclear/HFocusing_5_10_2um2_0_1906.npy,2um,unclear,-12.257306568881052,-11.501197670193703,-17.44579181027983,-6.613847607113983,12,-10.0,median_snr_below_threshold,symlinked
train,HFocusing_5_10_2um2_0_1907.npy,P0/data/dataset_particles2SNR_c1/train/2um/HFocusing_5_10_2um2_0_1907.npy,P0/data/particles2SNR_4_class_lim10/train/unclear/HFocusing_5_10_2um2_0_1907.npy,2um,unclear,-11.599840871713845,-10.98986235560647,-19.87471552459184,2.8556758572661596,12,-10.0,median_snr_below_threshold,symlinked
train,HFocusing_5_10_2um2_0_1910.npy,P0/data/dataset_particles2SNR_c1/train/2um/HFocusing_5_10_2um2_0_1910.npy,P0/data/particles2SNR_4_class_lim10/train/2um/HFocusing_5_10_2um2_0_1910.npy,2um,2um,-9.890178189403354,-10.559050212159658,-13.597828026503336,-8.581558724422713,10,-10.0,median_snr_at_or_above_threshold,symlinked
train,HFocusing_5_10_2um2_0_1911.npy,P0/data/dataset_particles2SNR_c1/train/2um/HFocusing_5_10_2um2_0_1911.npy,P0/data/particles2SNR_4_class_lim10/train/unclear/HFocusing_5_10_2um2_0_1911.npy,2um,unclear,-12.121422024502186,-10.55851303231801,-16.45382154210471,-1.1541167307098474,17,-10.0,median_snr_below_threshold,symlinked
train,HFocusing_5_10_2um2_0_1915.npy,P0/data/dataset_particles2SNR_c1/train/2um/HFocusing_5_10_2um2_0_1915.npy,P0/data/particles2SNR_4_class_lim10/train/unclear/HFocusing_5_10_2um2_0_1915.npy,2um,unclear,-13.71331496879073,-13.338881079224972,-17.48558382924086,-5.583308673074809,20,-10.0,median_snr_below_threshold,symlinked
train,HFocusing_5_10_2um2_0_1919.npy,P0/data/dataset_particles2SNR_c1/train/2um/HFocusing_5_10_2um2_0_1919.npy,P0/data/particles2SNR_4_class_lim10/train/unclear/HFocusing_5_10_2um2_0_1919.npy,2um,unclear,-11.226428581930566,-8.889619514974362,-17.55128532756798,5.7944927777431126,15,-10.0,median_snr_below_threshold,symlinked
train,HFocusing_5_10_2um2_0_1921.npy,P0/data/dataset_particles2SNR_c1/train/2um/HFocusing_5_10_2um2_0_1921.npy,P0/data/particles2SNR_4_class_lim10/train/unclear/HFocusing_5_10_2um2_0_1921.npy,2um,unclear,-15.482179956341023,-14.843666567531576,-18.26970488971941,-9.627083655337538,15,-10.0,median_snr_below_threshold,symlinked
train,HFocusing_5_10_2um2_0_1922.npy,P0/data/dataset_particles2SNR_c1/train/2um/HFocusing_5_10_2um2_0_1922.npy,P0/data/particles2SNR_4_class_lim10/train/unclear/HFocusing_5_10_2um2_0_1922.npy,2um,unclear,-12.512777671565608,-11.39708594344162,-14.616083969158263,2.0900971378197717,16,-10.0,median_snr_below_threshold,symlinked
train,HFocusing_5_10_2um2_0_1925.npy,P0/data/dataset_particles2SNR_c1/train/2um/HFocusing_5_10_2um2_0_1925.npy,P0/data/particles2SNR_4_class_lim10/train/unclear/HFocusing_5_10_2um2_0_1925.npy,2um,unclear,-11.305396353000356,-11.746293556823938,-18.3145926711888,-1.0421386215527375,21,-10.0,median_snr_below_threshold,symlinked
train,HFocusing_5_10_2um2_0_1928.npy,P0/data/dataset_particles2SNR_c1/train/2um/HFocusing_5_10_2um2_0_1928.npy,P0/data/particles2SNR_4_class_lim10/train/unclear/HFocusing_5_10_2um2_0_1928.npy,2um,unclear,-13.499672599438037,-13.369217471274707,-16.16521953218895,-10.161092843601779,22,-10.0,median_snr_below_threshold,symlinked
train,HFocusing_5_10_2um2_0_1929.npy,P0/data/dataset_particles2SNR_c1/train/2um/HFocusing_5_10_2um2_0_1929.npy,P0/data/particles2SNR_4_class_lim10/train/unclear/HFocusing_5_10_2um2_0_1929.npy,2um,unclear,-11.565376602322187,-9.97218396582891,-17.030731311264454,1.8399272030194527,8,-10.0,median_snr_below_threshold,symlinked
train,HFocusing_5_10_2um2_0_1932.npy,P0/data/dataset_particles2SNR_c1/train/2um/HFocusing_5_10_2um2_0_1932.npy,P0/data/particles2SNR_4_class_lim10/train/unclear/HFocusing_5_10_2um2_0_1932.npy,2um,unclear,-11.218930194352959,-10.111501814726388,-14.444071439907537,1.1556515037141903,11,-10.0,median_snr_below_threshold,symlinked
train,HFocusing_5_10_2um2_0_1935.npy,P0/data/dataset_particles2SNR_c1/train/2um/HFocusing_5_10_2um2_0_1935.npy,P0/data/particles2SNR_4_class_lim10/train/2um/HFocusing_5_10_2um2_0_1935.npy,2um,2um,-9.813674178727176,-9.086297668961944,-14.820441208971362,-0.20750060358971278,12,-10.0,median_snr_at_or_above_threshold,symlinked
train,HFocusing_5_10_2um2_0_1938.npy,P0/data/dataset_particles2SNR_c1/train/2um/HFocusing_5_10_2um2_0_1938.npy,P0/data/particles2SNR_4_class_lim10/train/unclear/HFocusing_5_10_2um2_0_1938.npy,2um,unclear,-13.285141183654476,-12.394284718508848,-18.51763697941638,0.3927151660750736,12,-10.0,median_snr_below_threshold,symlinked
train,HFocusing_5_10_2um2_0_194.npy,P0/data/dataset_particles2SNR_c1/train/2um/HFocusing_5_10_2um2_0_194.npy,P0/data/particles2SNR_4_class_lim10/train/unclear/HFocusing_5_10_2um2_0_194.npy,2um,unclear,-11.903819380235184,-11.195784805739226,-18.27592017475625,-2.406473129954792,20,-10.0,median_snr_below_threshold,symlinked
train,HFocusing_5_10_2um2_0_1942.npy,P0/data/dataset_particles2SNR_c1/train/2um/HFocusing_5_10_2um2_0_1942.npy,P0/data/particles2SNR_4_class_lim10/train/unclear/HFocusing_5_10_2um2_0_1942.npy,2um,unclear,-10.485706173393726,-9.150302747795756,-13.653227570535238,3.053405616255743,13,-10.0,median_snr_below_threshold,symlinked
train,HFocusing_5_10_2um2_0_1945.npy,P0/data/dataset_particles2SNR_c1/train/2um/HFocusing_5_10_2um2_0_1945.npy,P0/data/particles2SNR_4_class_lim10/train/unclear/HFocusing_5_10_2um2_0_1945.npy,2um,unclear,-13.978814128422679,-13.449537916246708,-18.217259705749065,-6.0778819247952,15,-10.0,median_snr_below_threshold,symlinked
train,HFocusing_5_10_2um2_0_1949.npy,P0/data/dataset_particles2SNR_c1/train/2um/HFocusing_5_10_2um2_0_1949.npy,P0/data/particles2SNR_4_class_lim10/train/unclear/HFocusing_5_10_2um2_0_1949.npy,2um,unclear,-11.991696832389263,-12.858922735852989,-19.70332495084466,-8.577780326083037,20,-10.0,median_snr_below_threshold,symlinked
train,HFocusing_5_10_2um2_0_1950.npy,P0/data/dataset_particles2SNR_c1/train/2um/HFocusing_5_10_2um2_0_1950.npy,P0/data/particles2SNR_4_class_lim10/train/unclear/HFocusing_5_10_2um2_0_1950.npy,2um,unclear,-13.343790668519166,-11.299023780156167,-18.630742720382973,0.5708504220585829,15,-10.0,median_snr_below_threshold,symlinked
train,HFocusing_5_10_2um2_0_1953.npy,P0/data/dataset_particles2SNR_c1/train/2um/HFocusing_5_10_2um2_0_1953.npy,P0/data/particles2SNR_4_class_lim10/train/unclear/HFocusing_5_10_2um2_0_1953.npy,2um,unclear,-13.920835993961974,-13.820190000091193,-18.100398998597843,-9.629464650318436,24,-10.0,median_snr_below_threshold,symlinked
train,HFocusing_5_10_2um2_0_1958.npy,P0/data/dataset_particles2SNR_c1/train/2um/HFocusing_5_10_2um2_0_1958.npy,P0/data/particles2SNR_4_class_lim10/train/2um/HFocusing_5_10_2um2_0_1958.npy,2um,2um,-9.404169632383882,-9.981054513205258,-15.992088207149514,-1.9865344567740093,9,-10.0,median_snr_at_or_above_threshold,symlinked
train,HFocusing_5_10_2um2_0_196.npy,P0/data/dataset_particles2SNR_c1/train/2um/HFocusing_5_10_2um2_0_196.npy,P0/data/particles2SNR_4_class_lim10/train/unclear/HFocusing_5_10_2um2_0_196.npy,2um,unclear,-11.386121143401898,-10.977465779272784,-15.999498462883825,-2.3929201656506627,16,-10.0,median_snr_below_threshold,symlinked
train,HFocusing_5_10_2um2_0_1961.npy,P0/data/dataset_particles2SNR_c1/train/2um/HFocusing_5_10_2um2_0_1961.npy,P0/data/particles2SNR_4_class_lim10/train/unclear/HFocusing_5_10_2um2_0_1961.npy,2um,unclear,-12.41885879259777,-10.544378723254932,-16.582922889179002,-1.7893451895222645,12,-10.0,median_snr_below_threshold,symlinked
train,HFocusing_5_10_2um2_0_1962.npy,P0/data/dataset_particles2SNR_c1/train/2um/HFocusing_5_10_2um2_0_1962.npy,P0/data/particles2SNR_4_class_lim10/train/unclear/HFocusing_5_10_2um2_0_1962.npy,2um,unclear,-11.314184826614825,-10.835769843087443,-17.631405336487497,1.9519275305249995,13,-10.0,median_snr_below_threshold,symlinked
train,HFocusing_5_10_2um2_0_1965.npy,P0/data/dataset_particles2SNR_c1/train/2um/HFocusing_5_10_2um2_0_1965.npy,P0/data/particles2SNR_4_class_lim10/train/unclear/HFocusing_5_10_2um2_0_1965.npy,2um,unclear,-13.179495673769654,-12.775880341074012,-18.49279578456421,-0.17509557303695356,19,-10.0,median_snr_below_threshold,symlinked
train,HFocusing_5_10_2um2_0_1968.npy,P0/data/dataset_particles2SNR_c1/train/2um/HFocusing_5_10_2um2_0_1968.npy,P0/data/particles2SNR_4_class_lim10/train/unclear/HFocusing_5_10_2um2_0_1968.npy,2um,unclear,-12.249076890701689,-11.802535704982919,-16.242505961849577,-6.732889111755515,13,-10.0,median_snr_below_threshold,symlinked
train,HFocusing_5_10_2um2_0_1969.npy,P0/data/dataset_particles2SNR_c1/train/2um/HFocusing_5_10_2um2_0_1969.npy,P0/data/particles2SNR_4_class_lim10/train/unclear/HFocusing_5_10_2um2_0_1969.npy,2um,unclear,-13.577587119252303,-11.732971189305008,-16.09706947001897,1.9299598024300315,13,-10.0,median_snr_below_threshold,symlinked
train,HFocusing_5_10_2um2_0_197.npy,P0/data/dataset_particles2SNR_c1/train/2um/HFocusing_5_10_2um2_0_197.npy,P0/data/particles2SNR_4_class_lim10/train/unclear/HFocusing_5_10_2um2_0_197.npy,2um,unclear,-11.967488249232112,-10.705875526485606,-19.347525560653946,-0.4371322260153759,8,-10.0,median_snr_below_threshold,symlinked
train,HFocusing_5_10_2um2_0_1972.npy,P0/data/dataset_particles2SNR_c1/train/2um/HFocusing_5_10_2um2_0_1972.npy,P0/data/particles2SNR_4_class_lim10/train/unclear/HFocusing_5_10_2um2_0_1972.npy,2um,unclear,-12.33798041549247,-12.418492887077488,-15.814697017248724,-10.325980917965348,15,-10.0,median_snr_below_threshold,symlinked
train,HFocusing_5_10_2um2_0_1973.npy,P0/data/dataset_particles2SNR_c1/train/2um/HFocusing_5_10_2um2_0_1973.npy,P0/data/particles2SNR_4_class_lim10/train/unclear/HFocusing_5_10_2um2_0_1973.npy,2um,unclear,-13.814952762273762,-12.918016856869555,-18.4276180059156,-4.777218259471946,12,-10.0,median_snr_below_threshold,symlinked
train,HFocusing_5_10_2um2_0_1976.npy,P0/data/dataset_particles2SNR_c1/train/2um/HFocusing_5_10_2um2_0_1976.npy,P0/data/particles2SNR_4_class_lim10/train/unclear/HFocusing_5_10_2um2_0_1976.npy,2um,unclear,-11.493438235278305,-11.964695464776096,-20.24169941942821,-9.217503642884676,14,-10.0,median_snr_below_threshold,symlinked
train,HFocusing_5_10_2um2_0_1977.npy,P0/data/dataset_particles2SNR_c1/train/2um/HFocusing_5_10_2um2_0_1977.npy,P0/data/particles2SNR_4_class_lim10/train/unclear/HFocusing_5_10_2um2_0_1977.npy,2um,unclear,-12.55299254243031,-11.431306434535786,-16.110944619025254,2.324015168105325,18,-10.0,median_snr_below_threshold,symlinked
train,HFocusing_5_10_2um2_0_1979.npy,P0/data/dataset_particles2SNR_c1/train/2um/HFocusing_5_10_2um2_0_1979.npy,P0/data/particles2SNR_4_class_lim10/train/unclear/HFocusing_5_10_2um2_0_1979.npy,2um,unclear,-10.649304465331722,-10.781273239046737,-17.055049047561006,1.5131515656596815,14,-10.0,median_snr_below_threshold,symlinked
train,HFocusing_5_10_2um2_0_1982.npy,P0/data/dataset_particles2SNR_c1/train/2um/HFocusing_5_10_2um2_0_1982.npy,P0/data/particles2SNR_4_class_lim10/train/unclear/HFocusing_5_10_2um2_0_1982.npy,2um,unclear,-13.296690969585377,-13.127434859915667,-17.92613508029314,-8.62360061343643,13,-10.0,median_snr_below_threshold,symlinked
train,HFocusing_5_10_2um2_0_1983.npy,P0/data/dataset_particles2SNR_c1/train/2um/HFocusing_5_10_2um2_0_1983.npy,P0/data/particles2SNR_4_class_lim10/train/unclear/HFocusing_5_10_2um2_0_1983.npy,2um,unclear,-12.084229844701337,-11.34169670801502,-16.478749917676517,-0.46213213129449315,11,-10.0,median_snr_below_threshold,symlinked
train,HFocusing_5_10_2um2_0_1987.npy,P0/data/dataset_particles2SNR_c1/train/2um/HFocusing_5_10_2um2_0_1987.npy,P0/data/particles2SNR_4_class_lim10/train/unclear/HFocusing_5_10_2um2_0_1987.npy,2um,unclear,-11.523696669035502,-10.759313247994518,-16.918244013935258,1.6150203490757633,15,-10.0,median_snr_below_threshold,symlinked
train,HFocusing_5_10_2um2_0_1990.npy,P0/data/dataset_particles2SNR_c1/train/2um/HFocusing_5_10_2um2_0_1990.npy,P0/data/particles2SNR_4_class_lim10/train/unclear/HFocusing_5_10_2um2_0_1990.npy,2um,unclear,-12.886582285790496,-11.503599429628501,-17.64614468997009,1.6364983573754175,21,-10.0,median_snr_below_threshold,symlinked
train,HFocusing_5_10_2um2_0_1993.npy,P0/data/dataset_particles2SNR_c1/train/2um/HFocusing_5_10_2um2_0_1993.npy,P0/data/particles2SNR_4_class_lim10/train/unclear/HFocusing_5_10_2um2_0_1993.npy,2um,unclear,-12.636955630110137,-12.689084611980343,-15.216993260666047,-10.614799636419942,12,-10.0,median_snr_below_threshold,symlinked
train,HFocusing_5_10_2um2_0_1994.npy,P0/data/dataset_particles2SNR_c1/train/2um/HFocusing_5_10_2um2_0_1994.npy,P0/data/particles2SNR_4_class_lim10/train/unclear/HFocusing_5_10_2um2_0_1994.npy,2um,unclear,-13.192510642128319,-12.862098090026386,-17.81025506936189,-0.8099780767868742,22,-10.0,median_snr_below_threshold,symlinked
train,HFocusing_5_10_2um2_0_1997.npy,P0/data/dataset_particles2SNR_c1/train/2um/HFocusing_5_10_2um2_0_1997.npy,P0/data/particles2SNR_4_class_lim10/train/2um/HFocusing_5_10_2um2_0_1997.npy,2um,2um,-9.786750744029282,-8.748708783153162,-12.04146242598705,-4.982640700989643,11,-10.0,median_snr_at_or_above_threshold,symlinked
train,HFocusing_5_10_2um2_0_200.npy,P0/data/dataset_particles2SNR_c1/train/2um/HFocusing_5_10_2um2_0_200.npy,P0/data/particles2SNR_4_class_lim10/train/unclear/HFocusing_5_10_2um2_0_200.npy,2um,unclear,-12.55325350833731,-13.035817340675422,-17.627875010882235,-2.9807245139713596,17,-10.0,median_snr_below_threshold,symlinked
train,HFocusing_5_10_2um2_0_2000.npy,P0/data/dataset_particles2SNR_c1/train/2um/HFocusing_5_10_2um2_0_2000.npy,P0/data/particles2SNR_4_class_lim10/train/unclear/HFocusing_5_10_2um2_0_2000.npy,2um,unclear,-13.37001775772351,-10.67570991703737,-18.729500846366353,2.8990643950007056,9,-10.0,median_snr_below_threshold,symlinked
train,HFocusing_5_10_2um2_0_2003.npy,P0/data/dataset_particles2SNR_c1/train/2um/HFocusing_5_10_2um2_0_2003.npy,P0/data/particles2SNR_4_class_lim10/train/unclear/HFocusing_5_10_2um2_0_2003.npy,2um,unclear,-12.375100025994344,-12.515199454030238,-16.051559338127195,-7.015323602410596,14,-10.0,median_snr_below_threshold,symlinked
train,HFocusing_5_10_2um2_0_2004.npy,P0/data/dataset_particles2SNR_c1/train/2um/HFocusing_5_10_2um2_0_2004.npy,P0/data/particles2SNR_4_class_lim10/train/unclear/HFocusing_5_10_2um2_0_2004.npy,2um,unclear,-14.492511816659663,-13.172508831452493,-16.87081979339666,0.043484961412391804,9,-10.0,median_snr_below_threshold,symlinked
train,HFocusing_5_10_2um2_0_2007.npy,P0/data/dataset_particles2SNR_c1/train/2um/HFocusing_5_10_2um2_0_2007.npy,P0/data/particles2SNR_4_class_lim10/train/unclear/HFocusing_5_10_2um2_0_2007.npy,2um,unclear,-11.841574754398358,-10.759379670471295,-14.44402265998975,-3.226152486909531,14,-10.0,median_snr_below_threshold,symlinked
train,HFocusing_5_10_2um2_0_2009.npy,P0/data/dataset_particles2SNR_c1/train/2um/HFocusing_5_10_2um2_0_2009.npy,P0/data/particles2SNR_4_class_lim10/train/unclear/HFocusing_5_10_2um2_0_2009.npy,2um,unclear,-11.236099681032556,-12.009710113834602,-22.110491310042605,-5.917187564419043,15,-10.0,median_snr_below_threshold,symlinked
train,HFocusing_5_10_2um2_0_201.npy,P0/data/dataset_particles2SNR_c1/train/2um/HFocusing_5_10_2um2_0_201.npy,P0/data/particles2SNR_4_class_lim10/train/2um/HFocusing_5_10_2um2_0_201.npy,2um,2um,-9.949026892983122,-10.460993346568632,-16.238557816527642,-3.401039475646078,16,-10.0,median_snr_at_or_above_threshold,symlinked
train,HFocusing_5_10_2um2_0_2010.npy,P0/data/dataset_particles2SNR_c1/train/2um/HFocusing_5_10_2um2_0_2010.npy,P0/data/particles2SNR_4_class_lim10/train/unclear/HFocusing_5_10_2um2_0_2010.npy,2um,unclear,-12.555536015548519,-11.833950318425908,-15.653178619429173,1.6371501787086644,18,-10.0,median_snr_below_threshold,symlinked
train,HFocusing_5_10_2um2_0_2013.npy,P0/data/dataset_particles2SNR_c1/train/2um/HFocusing_5_10_2um2_0_2013.npy,P0/data/particles2SNR_4_class_lim10/train/unclear/HFocusing_5_10_2um2_0_2013.npy,2um,unclear,-11.652309713895438,-10.474738610394288,-16.024709374328406,0.5978930726887475,13,-10.0,median_snr_below_threshold,symlinked
train,HFocusing_5_10_2um2_0_2016.npy,P0/data/dataset_particles2SNR_c1/train/2um/HFocusing_5_10_2um2_0_2016.npy,P0/data/particles2SNR_4_class_lim10/train/unclear/HFocusing_5_10_2um2_0_2016.npy,2um,unclear,-11.487076693024258,-10.942908494632874,-15.95781862298142,-2.629546450763096,17,-10.0,median_snr_below_threshold,symlinked
train,HFocusing_5_10_2um2_0_2019.npy,P0/data/dataset_particles2SNR_c1/train/2um/HFocusing_5_10_2um2_0_2019.npy,P0/data/particles2SNR_4_class_lim10/train/unclear/HFocusing_5_10_2um2_0_2019.npy,2um,unclear,-13.436011046924566,-13.570005350215395,-18.778951302805748,-10.757281918897071,17,-10.0,median_snr_below_threshold,symlinked
train,HFocusing_5_10_2um2_0_2020.npy,P0/data/dataset_particles2SNR_c1/train/2um/HFocusing_5_10_2um2_0_2020.npy,P0/data/particles2SNR_4_class_lim10/train/unclear/HFocusing_5_10_2um2_0_2020.npy,2um,unclear,-12.309680952777061,-11.971760821670479,-17.67324121910253,1.4324283246847458,15,-10.0,median_snr_below_threshold,symlinked
train,HFocusing_5_10_2um2_0_2023.npy,P0/data/dataset_particles2SNR_c1/train/2um/HFocusing_5_10_2um2_0_2023.npy,P0/data/particles2SNR_4_class_lim10/train/unclear/HFocusing_5_10_2um2_0_2023.npy,2um,unclear,-13.01732339537403,-12.936440120671941,-15.721391897650728,-7.846087379304102,14,-10.0,median_snr_below_threshold,symlinked
train,HFocusing_5_10_2um2_0_2024.npy,P0/data/dataset_particles2SNR_c1/train/2um/HFocusing_5_10_2um2_0_2024.npy,P0/data/particles2SNR_4_class_lim10/train/unclear/HFocusing_5_10_2um2_0_2024.npy,2um,unclear,-10.413212293190133,-10.669610663957556,-19.04773375814371,-2.1826233424670995,12,-10.0,median_snr_below_threshold,symlinked
train,HFocusing_5_10_2um2_0_2030.npy,P0/data/dataset_particles2SNR_c1/train/2um/HFocusing_5_10_2um2_0_2030.npy,P0/data/particles2SNR_4_class_lim10/train/unclear/HFocusing_5_10_2um2_0_2030.npy,2um,unclear,-12.97540840296682,-11.955517791803832,-16.03648732585787,-4.996664800452733,19,-10.0,median_snr_below_threshold,symlinked
train,HFocusing_5_10_2um2_0_2031.npy,P0/data/dataset_particles2SNR_c1/train/2um/HFocusing_5_10_2um2_0_2031.npy,P0/data/particles2SNR_4_class_lim10/train/unclear/HFocusing_5_10_2um2_0_2031.npy,2um,unclear,-12.572703596450193,-9.071761000588403,-13.864050207846992,2.7224133983937704,4,-10.0,median_snr_below_threshold,symlinked
train,HFocusing_5_10_2um2_0_2034.npy,P0/data/dataset_particles2SNR_c1/train/2um/HFocusing_5_10_2um2_0_2034.npy,P0/data/particles2SNR_4_class_lim10/train/unclear/HFocusing_5_10_2um2_0_2034.npy,2um,unclear,-14.289320984340836,-13.817387025025804,-18.97121994643342,-9.822565475853931,20,-10.0,median_snr_below_threshold,symlinked
train,HFocusing_5_10_2um2_0_2038.npy,P0/data/dataset_particles2SNR_c1/train/2um/HFocusing_5_10_2um2_0_2038.npy,P0/data/particles2SNR_4_class_lim10/train/unclear/HFocusing_5_10_2um2_0_2038.npy,2um,unclear,-14.259664859138809,-13.973419820154778,-17.71896191377731,-9.303579346286325,14,-10.0,median_snr_below_threshold,symlinked
train,HFocusing_5_10_2um2_0_2039.npy,P0/data/dataset_particles2SNR_c1/train/2um/HFocusing_5_10_2um2_0_2039.npy,P0/data/particles2SNR_4_class_lim10/train/unclear/HFocusing_5_10_2um2_0_2039.npy,2um,unclear,-13.08105846631192,-12.56601355292565,-16.91139624805361,-2.2775749916870875,13,-10.0,median_snr_below_threshold,symlinked
train,HFocusing_5_10_2um2_0_204.npy,P0/data/dataset_particles2SNR_c1/train/2um/HFocusing_5_10_2um2_0_204.npy,P0/data/particles2SNR_4_class_lim10/train/unclear/HFocusing_5_10_2um2_0_204.npy,2um,unclear,-13.11595461599818,-12.495983943266939,-20.761589144165093,-2.8982091155934104,17,-10.0,median_snr_below_threshold,symlinked
train,HFocusing_5_10_2um2_0_2041.npy,P0/data/dataset_particles2SNR_c1/train/2um/HFocusing_5_10_2um2_0_2041.npy,P0/data/particles2SNR_4_class_lim10/train/unclear/HFocusing_5_10_2um2_0_2041.npy,2um,unclear,-13.568058289823462,-13.279852338048048,-21.196920728546043,-8.499557263418374,16,-10.0,median_snr_below_threshold,symlinked
train,HFocusing_5_10_2um2_0_2042.npy,P0/data/dataset_particles2SNR_c1/train/2um/HFocusing_5_10_2um2_0_2042.npy,P0/data/particles2SNR_4_class_lim10/train/unclear/HFocusing_5_10_2um2_0_2042.npy,2um,unclear,-12.602334534806696,-12.974464763102784,-19.246786274074964,-7.230577723586653,9,-10.0,median_snr_below_threshold,symlinked
train,HFocusing_5_10_2um2_0_2045.npy,P0/data/dataset_particles2SNR_c1/train/2um/HFocusing_5_10_2um2_0_2045.npy,P0/data/particles2SNR_4_class_lim10/train/unclear/HFocusing_5_10_2um2_0_2045.npy,2um,unclear,-11.568619068858625,-10.959857970439346,-17.330603622043988,3.26151767984221,15,-10.0,median_snr_below_threshold,symlinked
train,HFocusing_5_10_2um2_0_2049.npy,P0/data/dataset_particles2SNR_c1/train/2um/HFocusing_5_10_2um2_0_2049.npy,P0/data/particles2SNR_4_class_lim10/train/unclear/HFocusing_5_10_2um2_0_2049.npy,2um,unclear,-14.04043359451439,-13.040527043713741,-18.620645355742393,-5.431410077283649,22,-10.0,median_snr_below_threshold,symlinked
train,HFocusing_5_10_2um2_0_205.npy,P0/data/dataset_particles2SNR_c1/train/2um/HFocusing_5_10_2um2_0_205.npy,P0/data/particles2SNR_4_class_lim10/train/unclear/HFocusing_5_10_2um2_0_205.npy,2um,unclear,-11.194118512960276,-10.636898761601657,-15.83233684008567,2.658383686629055,14,-10.0,median_snr_below_threshold,symlinked
train,HFocusing_5_10_2um2_0_2051.npy,P0/data/dataset_particles2SNR_c1/train/2um/HFocusing_5_10_2um2_0_2051.npy,P0/data/particles2SNR_4_class_lim10/train/unclear/HFocusing_5_10_2um2_0_2051.npy,2um,unclear,-12.691420360174401,-12.661923216613024,-16.7038545785087,-8.039213567688098,22,-10.0,median_snr_below_threshold,symlinked
train,HFocusing_5_10_2um2_0_2052.npy,P0/data/dataset_particles2SNR_c1/train/2um/HFocusing_5_10_2um2_0_2052.npy,P0/data/particles2SNR_4_class_lim10/train/unclear/HFocusing_5_10_2um2_0_2052.npy,2um,unclear,-12.734615802209845,-13.178797749317019,-21.32212996746389,0.8054394639289921,20,-10.0,median_snr_below_threshold,symlinked
train,HFocusing_5_10_2um2_0_2055.npy,P0/data/dataset_particles2SNR_c1/train/2um/HFocusing_5_10_2um2_0_2055.npy,P0/data/particles2SNR_4_class_lim10/train/unclear/HFocusing_5_10_2um2_0_2055.npy,2um,unclear,-14.321138027939785,-13.32396370016081,-16.49627345808594,-9.673548995011544,18,-10.0,median_snr_below_threshold,symlinked
train,HFocusing_5_10_2um2_0_2056.npy,P0/data/dataset_particles2SNR_c1/train/2um/HFocusing_5_10_2um2_0_2056.npy,P0/data/particles2SNR_4_class_lim10/train/unclear/HFocusing_5_10_2um2_0_2056.npy,2um,unclear,-11.27133545611876,-11.513557316626091,-17.200898230056936,-3.1437801539441477,14,-10.0,median_snr_below_threshold,symlinked
train,HFocusing_5_10_2um2_0_2062.npy,P0/data/dataset_particles2SNR_c1/train/2um/HFocusing_5_10_2um2_0_2062.npy,P0/data/particles2SNR_4_class_lim10/train/unclear/HFocusing_5_10_2um2_0_2062.npy,2um,unclear,-13.088058201761763,-13.194121603352766,-16.647015615525724,-7.6282605269212125,11,-10.0,median_snr_below_threshold,symlinked
train,HFocusing_5_10_2um2_0_2063.npy,P0/data/dataset_particles2SNR_c1/train/2um/HFocusing_5_10_2um2_0_2063.npy,P0/data/particles2SNR_4_class_lim10/train/unclear/HFocusing_5_10_2um2_0_2063.npy,2um,unclear,-11.782757872794722,-11.445348028045293,-20.436786100078375,-2.19535579486904,19,-10.0,median_snr_below_threshold,symlinked
train,HFocusing_5_10_2um2_0_2067.npy,P0/data/dataset_particles2SNR_c1/train/2um/HFocusing_5_10_2um2_0_2067.npy,P0/data/particles2SNR_4_class_lim10/train/unclear/HFocusing_5_10_2um2_0_2067.npy,2um,unclear,-12.992939426070222,-12.628220424791868,-18.251056534385242,-3.39784384398951,23,-10.0,median_snr_below_threshold,symlinked
train,HFocusing_5_10_2um2_0_2070.npy,P0/data/dataset_particles2SNR_c1/train/2um/HFocusing_5_10_2um2_0_2070.npy,P0/data/particles2SNR_4_class_lim10/train/unclear/HFocusing_5_10_2um2_0_2070.npy,2um,unclear,-12.88295901946218,-13.280338089718434,-19.389616501726838,-9.741304283659902,18,-10.0,median_snr_below_threshold,symlinked
train,HFocusing_5_10_2um2_0_2071.npy,P0/data/dataset_particles2SNR_c1/train/2um/HFocusing_5_10_2um2_0_2071.npy,P0/data/particles2SNR_4_class_lim10/train/unclear/HFocusing_5_10_2um2_0_2071.npy,2um,unclear,-10.189964665932951,-9.81167255816238,-15.906715331272492,1.3729300390910577,12,-10.0,median_snr_below_threshold,symlinked
train,HFocusing_5_10_2um2_0_2074.npy,P0/data/dataset_particles2SNR_c1/train/2um/HFocusing_5_10_2um2_0_2074.npy,P0/data/particles2SNR_4_class_lim10/train/unclear/HFocusing_5_10_2um2_0_2074.npy,2um,unclear,-13.217309271338774,-12.960211516497521,-16.61020640830801,-8.443769459103649,16,-10.0,median_snr_below_threshold,symlinked
train,HFocusing_5_10_2um2_0_2075.npy,P0/data/dataset_particles2SNR_c1/train/2um/HFocusing_5_10_2um2_0_2075.npy,P0/data/particles2SNR_4_class_lim10/train/unclear/HFocusing_5_10_2um2_0_2075.npy,2um,unclear,-13.074276246755261,-12.39678578635391,-16.59398784909699,1.709012180182087,13,-10.0,median_snr_below_threshold,symlinked
train,HFocusing_5_10_2um2_0_2078.npy,P0/data/dataset_particles2SNR_c1/train/2um/HFocusing_5_10_2um2_0_2078.npy,P0/data/particles2SNR_4_class_lim10/train/unclear/HFocusing_5_10_2um2_0_2078.npy,2um,unclear,-13.895391416699301,-12.837479429531768,-18.691185647019484,-2.409636693884641,20,-10.0,median_snr_below_threshold,symlinked
train,HFocusing_5_10_2um2_0_208.npy,P0/data/dataset_particles2SNR_c1/train/2um/HFocusing_5_10_2um2_0_208.npy,P0/data/particles2SNR_4_class_lim10/train/unclear/HFocusing_5_10_2um2_0_208.npy,2um,unclear,-10.827050549032657,-10.362202714106948,-16.52775803288612,2.6553001255218787,15,-10.0,median_snr_below_threshold,symlinked
train,HFocusing_5_10_2um2_0_2084.npy,P0/data/dataset_particles2SNR_c1/train/2um/HFocusing_5_10_2um2_0_2084.npy,P0/data/particles2SNR_4_class_lim10/train/unclear/HFocusing_5_10_2um2_0_2084.npy,2um,unclear,-11.524002271784227,-11.31960622391425,-15.677368374746417,-4.470718692629082,19,-10.0,median_snr_below_threshold,symlinked
train,HFocusing_5_10_2um2_0_2085.npy,P0/data/dataset_particles2SNR_c1/train/2um/HFocusing_5_10_2um2_0_2085.npy,P0/data/particles2SNR_4_class_lim10/train/unclear/HFocusing_5_10_2um2_0_2085.npy,2um,unclear,-12.307515574673484,-11.236922759948484,-19.146011279512162,4.4872826711162865,14,-10.0,median_snr_below_threshold,symlinked
train,HFocusing_5_10_2um2_0_2088.npy,P0/data/dataset_particles2SNR_c1/train/2um/HFocusing_5_10_2um2_0_2088.npy,P0/data/particles2SNR_4_class_lim10/train/unclear/HFocusing_5_10_2um2_0_2088.npy,2um,unclear,-11.627709356009085,-12.095209080402922,-20.165057503871672,-2.0098025549447227,19,-10.0,median_snr_below_threshold,symlinked
train,HFocusing_5_10_2um2_0_2091.npy,P0/data/dataset_particles2SNR_c1/train/2um/HFocusing_5_10_2um2_0_2091.npy,P0/data/particles2SNR_4_class_lim10/train/unclear/HFocusing_5_10_2um2_0_2091.npy,2um,unclear,-12.568862777314234,-12.346829785841212,-14.835170502356759,-10.141845457163999,14,-10.0,median_snr_below_threshold,symlinked
train,HFocusing_5_10_2um2_0_2092.npy,P0/data/dataset_particles2SNR_c1/train/2um/HFocusing_5_10_2um2_0_2092.npy,P0/data/particles2SNR_4_class_lim10/train/unclear/HFocusing_5_10_2um2_0_2092.npy,2um,unclear,-11.8451779947783,-12.511189113103628,-16.34438541140436,-1.8489849273131922,18,-10.0,median_snr_below_threshold,symlinked
train,HFocusing_5_10_2um2_0_2095.npy,P0/data/dataset_particles2SNR_c1/train/2um/HFocusing_5_10_2um2_0_2095.npy,P0/data/particles2SNR_4_class_lim10/train/unclear/HFocusing_5_10_2um2_0_2095.npy,2um,unclear,-12.421453705129974,-12.066046901417616,-16.30992246289836,2.610734365202676,21,-10.0,median_snr_below_threshold,symlinked
train,HFocusing_5_10_2um2_0_2098.npy,P0/data/dataset_particles2SNR_c1/train/2um/HFocusing_5_10_2um2_0_2098.npy,P0/data/particles2SNR_4_class_lim10/train/unclear/HFocusing_5_10_2um2_0_2098.npy,2um,unclear,-13.670248914448598,-14.080589882790573,-20.573684164856417,-10.484598226035594,20,-10.0,median_snr_below_threshold,symlinked
train,HFocusing_5_10_2um2_0_21.npy,P0/data/dataset_particles2SNR_c1/train/2um/HFocusing_5_10_2um2_0_21.npy,P0/data/particles2SNR_4_class_lim10/train/unclear/HFocusing_5_10_2um2_0_21.npy,2um,unclear,-13.274947831724651,-11.914178112258499,-19.17385069638601,0.9567791249723656,17,-10.0,median_snr_below_threshold,symlinked
train,HFocusing_5_10_2um2_0_2102.npy,P0/data/dataset_particles2SNR_c1/train/2um/HFocusing_5_10_2um2_0_2102.npy,P0/data/particles2SNR_4_class_lim10/train/unclear/HFocusing_5_10_2um2_0_2102.npy,2um,unclear,-12.875426654341389,-12.959911940144012,-16.161438390971604,-9.735509187864032,19,-10.0,median_snr_below_threshold,symlinked
train,HFocusing_5_10_2um2_0_2103.npy,P0/data/dataset_particles2SNR_c1/train/2um/HFocusing_5_10_2um2_0_2103.npy,P0/data/particles2SNR_4_class_lim10/train/unclear/HFocusing_5_10_2um2_0_2103.npy,2um,unclear,-13.940422360510134,-11.514505608538459,-14.709125743175978,0.3372784263585966,6,-10.0,median_snr_below_threshold,symlinked
train,HFocusing_5_10_2um2_0_2107.npy,P0/data/dataset_particles2SNR_c1/train/2um/HFocusing_5_10_2um2_0_2107.npy,P0/data/particles2SNR_4_class_lim10/train/2um/HFocusing_5_10_2um2_0_2107.npy,2um,2um,-9.31660026298091,-8.455960830635712,-12.988664416858294,0.8249132760686915,10,-10.0,median_snr_at_or_above_threshold,symlinked
train,HFocusing_5_10_2um2_0_2109.npy,P0/data/dataset_particles2SNR_c1/train/2um/HFocusing_5_10_2um2_0_2109.npy,P0/data/particles2SNR_4_class_lim10/train/unclear/HFocusing_5_10_2um2_0_2109.npy,2um,unclear,-12.409502056430458,-11.828927947187065,-16.36833520413827,-6.281067094244603,17,-10.0,median_snr_below_threshold,symlinked
train,HFocusing_5_10_2um2_0_2113.npy,P0/data/dataset_particles2SNR_c1/train/2um/HFocusing_5_10_2um2_0_2113.npy,P0/data/particles2SNR_4_class_lim10/train/unclear/HFocusing_5_10_2um2_0_2113.npy,2um,unclear,-11.182094251118194,-10.473493430567338,-16.160098710722533,0.43621676072020105,22,-10.0,median_snr_below_threshold,symlinked
train,HFocusing_5_10_2um2_0_2116.npy,P0/data/dataset_particles2SNR_c1/train/2um/HFocusing_5_10_2um2_0_2116.npy,P0/data/particles2SNR_4_class_lim10/train/unclear/HFocusing_5_10_2um2_0_2116.npy,2um,unclear,-13.33982013059191,-13.76438102989478,-17.928199054857338,-9.092061761594426,14,-10.0,median_snr_below_threshold,symlinked
train,HFocusing_5_10_2um2_0_2117.npy,P0/data/dataset_particles2SNR_c1/train/2um/HFocusing_5_10_2um2_0_2117.npy,P0/data/particles2SNR_4_class_lim10/train/unclear/HFocusing_5_10_2um2_0_2117.npy,2um,unclear,-12.556238307680353,-11.59405675792857,-15.79005136169544,4.415305660917278,16,-10.0,median_snr_below_threshold,symlinked
train,HFocusing_5_10_2um2_0_212.npy,P0/data/dataset_particles2SNR_c1/train/2um/HFocusing_5_10_2um2_0_212.npy,P0/data/particles2SNR_4_class_lim10/train/unclear/HFocusing_5_10_2um2_0_212.npy,2um,unclear,-11.281290698703557,-9.814576937972216,-15.533130812192722,1.3170572088353192,14,-10.0,median_snr_below_threshold,symlinked
train,HFocusing_5_10_2um2_0_2120.npy,P0/data/dataset_particles2SNR_c1/train/2um/HFocusing_5_10_2um2_0_2120.npy,P0/data/particles2SNR_4_class_lim10/train/unclear/HFocusing_5_10_2um2_0_2120.npy,2um,unclear,-12.219879314711402,-12.182228864945074,-16.5200206141917,-7.217712991012638,17,-10.0,median_snr_below_threshold,symlinked
train,HFocusing_5_10_2um2_0_2123.npy,P0/data/dataset_particles2SNR_c1/train/2um/HFocusing_5_10_2um2_0_2123.npy,P0/data/particles2SNR_4_class_lim10/train/unclear/HFocusing_5_10_2um2_0_2123.npy,2um,unclear,-11.222351052756125,-10.386651613510129,-16.840461102128007,4.508849750459214,16,-10.0,median_snr_below_threshold,symlinked
train,HFocusing_5_10_2um2_0_2126.npy,P0/data/dataset_particles2SNR_c1/train/2um/HFocusing_5_10_2um2_0_2126.npy,P0/data/particles2SNR_4_class_lim10/train/unclear/HFocusing_5_10_2um2_0_2126.npy,2um,unclear,-14.646745086392611,-14.73566303526308,-19.001471815409335,-9.98095412028795,13,-10.0,median_snr_below_threshold,symlinked
train,HFocusing_5_10_2um2_0_2127.npy,P0/data/dataset_particles2SNR_c1/train/2um/HFocusing_5_10_2um2_0_2127.npy,P0/data/particles2SNR_4_class_lim10/train/unclear/HFocusing_5_10_2um2_0_2127.npy,2um,unclear,-12.899796925562448,-11.296333298836268,-17.13358617473244,-0.4961661453983841,15,-10.0,median_snr_below_threshold,symlinked
train,HFocusing_5_10_2um2_0_2133.npy,P0/data/dataset_particles2SNR_c1/train/2um/HFocusing_5_10_2um2_0_2133.npy,P0/data/particles2SNR_4_class_lim10/train/unclear/HFocusing_5_10_2um2_0_2133.npy,2um,unclear,-12.660436954731404,-12.394240846609168,-17.851152668250577,-8.280495846153386,23,-10.0,median_snr_below_threshold,symlinked
train,HFocusing_5_10_2um2_0_2134.npy,P0/data/dataset_particles2SNR_c1/train/2um/HFocusing_5_10_2um2_0_2134.npy,P0/data/particles2SNR_4_class_lim10/train/unclear/HFocusing_5_10_2um2_0_2134.npy,2um,unclear,-12.891117549800747,-12.232070747131672,-15.216644340065082,-0.1839574308596922,17,-10.0,median_snr_below_threshold,symlinked
train,HFocusing_5_10_2um2_0_2137.npy,P0/data/dataset_particles2SNR_c1/train/2um/HFocusing_5_10_2um2_0_2137.npy,P0/data/particles2SNR_4_class_lim10/train/unclear/HFocusing_5_10_2um2_0_2137.npy,2um,unclear,-13.633290109660404,-13.55933478046986,-17.65488909923953,-8.724078247365421,16,-10.0,median_snr_below_threshold,symlinked
train,HFocusing_5_10_2um2_0_2138.npy,P0/data/dataset_particles2SNR_c1/train/2um/HFocusing_5_10_2um2_0_2138.npy,P0/data/particles2SNR_4_class_lim10/train/unclear/HFocusing_5_10_2um2_0_2138.npy,2um,unclear,-10.302591192991724,-9.124651831266197,-17.056147755591248,-0.39587203112494607,14,-10.0,median_snr_below_threshold,symlinked
train,HFocusing_5_10_2um2_0_2141.npy,P0/data/dataset_particles2SNR_c1/train/2um/HFocusing_5_10_2um2_0_2141.npy,P0/data/particles2SNR_4_class_lim10/train/unclear/HFocusing_5_10_2um2_0_2141.npy,2um,unclear,-11.793376186133509,-11.866842162590414,-15.856559790900956,-8.900066241852835,13,-10.0,median_snr_below_threshold,symlinked
train,HFocusing_5_10_2um2_0_2145.npy,P0/data/dataset_particles2SNR_c1/train/2um/HFocusing_5_10_2um2_0_2145.npy,P0/data/particles2SNR_4_class_lim10/train/unclear/HFocusing_5_10_2um2_0_2145.npy,2um,unclear,-13.134687942026915,-13.205056269473252,-17.7598913612636,-8.452364102934949,14,-10.0,median_snr_below_threshold,symlinked
train,HFocusing_5_10_2um2_0_2146.npy,P0/data/dataset_particles2SNR_c1/train/2um/HFocusing_5_10_2um2_0_2146.npy,P0/data/particles2SNR_4_class_lim10/train/unclear/HFocusing_5_10_2um2_0_2146.npy,2um,unclear,-11.187821996156107,-12.007290709258971,-17.40085814463908,-7.123682059330538,15,-10.0,median_snr_below_threshold,symlinked
train,HFocusing_5_10_2um2_0_2149.npy,P0/data/dataset_particles2SNR_c1/train/2um/HFocusing_5_10_2um2_0_2149.npy,P0/data/particles2SNR_4_class_lim10/train/unclear/HFocusing_5_10_2um2_0_2149.npy,2um,unclear,-12.672986263517883,-12.826672999108657,-15.964683096342984,-10.129068165109318,19,-10.0,median_snr_below_threshold,symlinked
train,HFocusing_5_10_2um2_0_215.npy,P0/data/dataset_particles2SNR_c1/train/2um/HFocusing_5_10_2um2_0_215.npy,P0/data/particles2SNR_4_class_lim10/train/unclear/HFocusing_5_10_2um2_0_215.npy,2um,unclear,-13.645694226881048,-13.550181183410546,-16.213177155532744,-10.66425085807616,14,-10.0,median_snr_below_threshold,symlinked
train,HFocusing_5_10_2um2_0_2153.npy,P0/data/dataset_particles2SNR_c1/train/2um/HFocusing_5_10_2um2_0_2153.npy,P0/data/particles2SNR_4_class_lim10/train/unclear/HFocusing_5_10_2um2_0_2153.npy,2um,unclear,-13.59764161393123,-13.620630671974887,-22.39002189938695,-7.958956058988013,22,-10.0,median_snr_below_threshold,symlinked
train,HFocusing_5_10_2um2_0_2154.npy,P0/data/dataset_particles2SNR_c1/train/2um/HFocusing_5_10_2um2_0_2154.npy,P0/data/particles2SNR_4_class_lim10/train/unclear/HFocusing_5_10_2um2_0_2154.npy,2um,unclear,-13.651726421408307,-13.307405299167334,-19.524519387049924,-6.990269872398196,12,-10.0,median_snr_below_threshold,symlinked
train,HFocusing_5_10_2um2_0_2157.npy,P0/data/dataset_particles2SNR_c1/train/2um/HFocusing_5_10_2um2_0_2157.npy,P0/data/particles2SNR_4_class_lim10/train/unclear/HFocusing_5_10_2um2_0_2157.npy,2um,unclear,-11.442133869582046,-11.82123528512248,-15.035531657799055,-9.410966822737066,13,-10.0,median_snr_below_threshold,symlinked
train,HFocusing_5_10_2um2_0_2158.npy,P0/data/dataset_particles2SNR_c1/train/2um/HFocusing_5_10_2um2_0_2158.npy,P0/data/particles2SNR_4_class_lim10/train/unclear/HFocusing_5_10_2um2_0_2158.npy,2um,unclear,-13.009932883356864,-10.884115155382192,-19.24674809288552,0.6818996516722059,13,-10.0,median_snr_below_threshold,symlinked
train,HFocusing_5_10_2um2_0_2161.npy,P0/data/dataset_particles2SNR_c1/train/2um/HFocusing_5_10_2um2_0_2161.npy,P0/data/particles2SNR_4_class_lim10/train/unclear/HFocusing_5_10_2um2_0_2161.npy,2um,unclear,-14.303217951077553,-13.760595643116314,-18.078497872088235,-10.103782824724952,17,-10.0,median_snr_below_threshold,symlinked
train,HFocusing_5_10_2um2_0_2162.npy,P0/data/dataset_particles2SNR_c1/train/2um/HFocusing_5_10_2um2_0_2162.npy,P0/data/particles2SNR_4_class_lim10/train/unclear/HFocusing_5_10_2um2_0_2162.npy,2um,unclear,-11.418426596397191,-8.812456100053968,-17.941529142912763,4.966405713006803,17,-10.0,median_snr_below_threshold,symlinked
train,HFocusing_5_10_2um2_0_2168.npy,P0/data/dataset_particles2SNR_c1/train/2um/HFocusing_5_10_2um2_0_2168.npy,P0/data/particles2SNR_4_class_lim10/train/unclear/HFocusing_5_10_2um2_0_2168.npy,2um,unclear,-13.652221855957977,-13.631980723066162,-20.929605515617897,-9.05040121675722,9,-10.0,median_snr_below_threshold,symlinked
train,HFocusing_5_10_2um2_0_2169.npy,P0/data/dataset_particles2SNR_c1/train/2um/HFocusing_5_10_2um2_0_2169.npy,P0/data/particles2SNR_4_class_lim10/train/2um/HFocusing_5_10_2um2_0_2169.npy,2um,2um,-9.78498467625933,-9.30660825965171,-19.23697828166194,-0.49819298531547657,10,-10.0,median_snr_at_or_above_threshold,symlinked
train,HFocusing_5_10_2um2_0_2172.npy,P0/data/dataset_particles2SNR_c1/train/2um/HFocusing_5_10_2um2_0_2172.npy,P0/data/particles2SNR_4_class_lim10/train/unclear/HFocusing_5_10_2um2_0_2172.npy,2um,unclear,-12.971624988005594,-12.132866368116133,-17.622747986890186,0.4104886477930622,18,-10.0,median_snr_below_threshold,symlinked
train,HFocusing_5_10_2um2_0_2174.npy,P0/data/dataset_particles2SNR_c1/train/2um/HFocusing_5_10_2um2_0_2174.npy,P0/data/particles2SNR_4_class_lim10/train/unclear/HFocusing_5_10_2um2_0_2174.npy,2um,unclear,-11.36743963677631,-11.551756241013251,-16.859849859061995,-5.950273624786982,11,-10.0,median_snr_below_threshold,symlinked
train,HFocusing_5_10_2um2_0_2175.npy,P0/data/dataset_particles2SNR_c1/train/2um/HFocusing_5_10_2um2_0_2175.npy,P0/data/particles2SNR_4_class_lim10/train/unclear/HFocusing_5_10_2um2_0_2175.npy,2um,unclear,-13.502101884606843,-12.99016604945379,-16.34064248218745,-9.402063010926051,10,-10.0,median_snr_below_threshold,symlinked
train,HFocusing_5_10_2um2_0_2177.npy,P0/data/dataset_particles2SNR_c1/train/2um/HFocusing_5_10_2um2_0_2177.npy,P0/data/particles2SNR_4_class_lim10/train/unclear/HFocusing_5_10_2um2_0_2177.npy,2um,unclear,-13.078188983418194,-12.827425099979061,-14.819353010527227,-9.64595730629821,16,-10.0,median_snr_below_threshold,symlinked
train,HFocusing_5_10_2um2_0_2180.npy,P0/data/dataset_particles2SNR_c1/train/2um/HFocusing_5_10_2um2_0_2180.npy,P0/data/particles2SNR_4_class_lim10/train/unclear/HFocusing_5_10_2um2_0_2180.npy,2um,unclear,-11.95065966829505,-12.012116231148871,-18.913766047861916,0.29128171488364546,17,-10.0,median_snr_below_threshold,symlinked
train,HFocusing_5_10_2um2_0_2183.npy,P0/data/dataset_particles2SNR_c1/train/2um/HFocusing_5_10_2um2_0_2183.npy,P0/data/particles2SNR_4_class_lim10/train/unclear/HFocusing_5_10_2um2_0_2183.npy,2um,unclear,-12.925821475821044,-12.483598205711488,-14.442862252948196,-9.491563383723854,19,-10.0,median_snr_below_threshold,symlinked
train,HFocusing_5_10_2um2_0_2184.npy,P0/data/dataset_particles2SNR_c1/train/2um/HFocusing_5_10_2um2_0_2184.npy,P0/data/particles2SNR_4_class_lim10/train/unclear/HFocusing_5_10_2um2_0_2184.npy,2um,unclear,-12.398849719044554,-12.53072765940747,-15.838674171698415,-7.975312538891228,13,-10.0,median_snr_below_threshold,symlinked
train,HFocusing_5_10_2um2_0_2187.npy,P0/data/dataset_particles2SNR_c1/train/2um/HFocusing_5_10_2um2_0_2187.npy,P0/data/particles2SNR_4_class_lim10/train/unclear/HFocusing_5_10_2um2_0_2187.npy,2um,unclear,-13.50639411785481,-12.981303731715256,-18.692362646135127,-9.345170082517592,19,-10.0,median_snr_below_threshold,symlinked
train,HFocusing_5_10_2um2_0_2188.npy,P0/data/dataset_particles2SNR_c1/train/2um/HFocusing_5_10_2um2_0_2188.npy,P0/data/particles2SNR_4_class_lim10/train/unclear/HFocusing_5_10_2um2_0_2188.npy,2um,unclear,-10.68835470044727,-8.845727381497017,-13.802018879167042,0.948566450637758,9,-10.0,median_snr_below_threshold,symlinked
train,HFocusing_5_10_2um2_0_2191.npy,P0/data/dataset_particles2SNR_c1/train/2um/HFocusing_5_10_2um2_0_2191.npy,P0/data/particles2SNR_4_class_lim10/train/unclear/HFocusing_5_10_2um2_0_2191.npy,2um,unclear,-10.102984031646328,-9.82394807850198,-12.885942205251819,-5.729556037598755,11,-10.0,median_snr_below_threshold,symlinked
train,HFocusing_5_10_2um2_0_2198.npy,P0/data/dataset_particles2SNR_c1/train/2um/HFocusing_5_10_2um2_0_2198.npy,P0/data/particles2SNR_4_class_lim10/train/unclear/HFocusing_5_10_2um2_0_2198.npy,2um,unclear,-13.24314795607696,-11.325798487629521,-18.545448067948577,3.9118530125485713,10,-10.0,median_snr_below_threshold,symlinked
train,HFocusing_5_10_2um2_0_220.npy,P0/data/dataset_particles2SNR_c1/train/2um/HFocusing_5_10_2um2_0_220.npy,P0/data/particles2SNR_4_class_lim10/train/unclear/HFocusing_5_10_2um2_0_220.npy,2um,unclear,-12.328495550857195,-10.309660221723158,-15.815274727176003,5.195249758807328,10,-10.0,median_snr_below_threshold,symlinked
train,HFocusing_5_10_2um2_0_2200.npy,P0/data/dataset_particles2SNR_c1/train/2um/HFocusing_5_10_2um2_0_2200.npy,P0/data/particles2SNR_4_class_lim10/train/unclear/HFocusing_5_10_2um2_0_2200.npy,2um,unclear,-11.992104676847289,-9.888062810071148,-14.584600390583537,-1.6680090658607054,9,-10.0,median_snr_below_threshold,symlinked
train,HFocusing_5_10_2um2_0_2201.npy,P0/data/dataset_particles2SNR_c1/train/2um/HFocusing_5_10_2um2_0_2201.npy,P0/data/particles2SNR_4_class_lim10/train/unclear/HFocusing_5_10_2um2_0_2201.npy,2um,unclear,-12.56733564739404,-12.308375670611845,-17.970119985882565,1.634239669923563,16,-10.0,median_snr_below_threshold,symlinked
train,HFocusing_5_10_2um2_0_2204.npy,P0/data/dataset_particles2SNR_c1/train/2um/HFocusing_5_10_2um2_0_2204.npy,P0/data/particles2SNR_4_class_lim10/train/unclear/HFocusing_5_10_2um2_0_2204.npy,2um,unclear,-14.024955215858228,-14.17830744617702,-18.788304078997186,-10.007122285963266,18,-10.0,median_snr_below_threshold,symlinked
train,HFocusing_5_10_2um2_0_2205.npy,P0/data/dataset_particles2SNR_c1/train/2um/HFocusing_5_10_2um2_0_2205.npy,P0/data/particles2SNR_4_class_lim10/train/unclear/HFocusing_5_10_2um2_0_2205.npy,2um,unclear,-13.742819320734261,-11.657207926200257,-19.909475593408317,-0.0932894248238563,18,-10.0,median_snr_below_threshold,symlinked
train,HFocusing_5_10_2um2_0_2208.npy,P0/data/dataset_particles2SNR_c1/train/2um/HFocusing_5_10_2um2_0_2208.npy,P0/data/particles2SNR_4_class_lim10/train/unclear/HFocusing_5_10_2um2_0_2208.npy,2um,unclear,-13.96723896547654,-14.405028168220618,-20.72118810035532,-11.413759805193,16,-10.0,median_snr_below_threshold,symlinked
train,HFocusing_5_10_2um2_0_2209.npy,P0/data/dataset_particles2SNR_c1/train/2um/HFocusing_5_10_2um2_0_2209.npy,P0/data/particles2SNR_4_class_lim10/train/unclear/HFocusing_5_10_2um2_0_2209.npy,2um,unclear,-11.599665469328302,-11.373235048890434,-14.42885840576414,-8.315654710995485,9,-10.0,median_snr_below_threshold,symlinked
train,HFocusing_5_10_2um2_0_2212.npy,P0/data/dataset_particles2SNR_c1/train/2um/HFocusing_5_10_2um2_0_2212.npy,P0/data/particles2SNR_4_class_lim10/train/unclear/HFocusing_5_10_2um2_0_2212.npy,2um,unclear,-12.775704818102165,-13.214500851444962,-16.254942763882838,-11.169377985122521,9,-10.0,median_snr_below_threshold,symlinked
train,HFocusing_5_10_2um2_0_2222.npy,P0/data/dataset_particles2SNR_c1/train/2um/HFocusing_5_10_2um2_0_2222.npy,P0/data/particles2SNR_4_class_lim10/train/unclear/HFocusing_5_10_2um2_0_2222.npy,2um,unclear,-10.509443585451663,-10.676171029987165,-16.807271533525693,-2.8732538255397526,15,-10.0,median_snr_below_threshold,symlinked
train,HFocusing_5_10_2um2_0_2223.npy,P0/data/dataset_particles2SNR_c1/train/2um/HFocusing_5_10_2um2_0_2223.npy,P0/data/particles2SNR_4_class_lim10/train/unclear/HFocusing_5_10_2um2_0_2223.npy,2um,unclear,-11.661606120543206,-10.247050685616937,-15.519817644010356,1.158315635177438,13,-10.0,median_snr_below_threshold,symlinked
train,HFocusing_5_10_2um2_0_2225.npy,P0/data/dataset_particles2SNR_c1/train/2um/HFocusing_5_10_2um2_0_2225.npy,P0/data/particles2SNR_4_class_lim10/train/unclear/HFocusing_5_10_2um2_0_2225.npy,2um,unclear,-11.339275994536566,-12.38390728854505,-17.376357172479942,-9.643793226112049,13,-10.0,median_snr_below_threshold,symlinked
train,HFocusing_5_10_2um2_0_223.npy,P0/data/dataset_particles2SNR_c1/train/2um/HFocusing_5_10_2um2_0_223.npy,P0/data/particles2SNR_4_class_lim10/train/unclear/HFocusing_5_10_2um2_0_223.npy,2um,unclear,-13.445018566651857,-12.010707709899426,-19.67307029054896,-1.0597482587937688,20,-10.0,median_snr_below_threshold,symlinked
train,HFocusing_5_10_2um2_0_2232.npy,P0/data/dataset_particles2SNR_c1/train/2um/HFocusing_5_10_2um2_0_2232.npy,P0/data/particles2SNR_4_class_lim10/train/unclear/HFocusing_5_10_2um2_0_2232.npy,2um,unclear,-13.972794805829128,-13.219086270039991,-17.75799123250854,-5.173458317486034,22,-10.0,median_snr_below_threshold,symlinked
train,HFocusing_5_10_2um2_0_2233.npy,P0/data/dataset_particles2SNR_c1/train/2um/HFocusing_5_10_2um2_0_2233.npy,P0/data/particles2SNR_4_class_lim10/train/unclear/HFocusing_5_10_2um2_0_2233.npy,2um,unclear,-11.800990315710521,-11.841561780389547,-15.895767085822282,-8.7903012162932,16,-10.0,median_snr_below_threshold,symlinked
train,HFocusing_5_10_2um2_0_2235.npy,P0/data/dataset_particles2SNR_c1/train/2um/HFocusing_5_10_2um2_0_2235.npy,P0/data/particles2SNR_4_class_lim10/train/unclear/HFocusing_5_10_2um2_0_2235.npy,2um,unclear,-13.817671598526744,-14.021665372663744,-19.932546081075603,-9.610318011355535,14,-10.0,median_snr_below_threshold,symlinked
train,HFocusing_5_10_2um2_0_2236.npy,P0/data/dataset_particles2SNR_c1/train/2um/HFocusing_5_10_2um2_0_2236.npy,P0/data/particles2SNR_4_class_lim10/train/2um/HFocusing_5_10_2um2_0_2236.npy,2um,2um,-9.837168199286385,-8.690172903113629,-13.62753130392954,2.079061745729276,11,-10.0,median_snr_at_or_above_threshold,symlinked
train,HFocusing_5_10_2um2_0_2239.npy,P0/data/dataset_particles2SNR_c1/train/2um/HFocusing_5_10_2um2_0_2239.npy,P0/data/particles2SNR_4_class_lim10/train/unclear/HFocusing_5_10_2um2_0_2239.npy,2um,unclear,-14.006607007375242,-12.629525919958574,-19.535266240929563,0.15617967407804675,15,-10.0,median_snr_below_threshold,symlinked
train,HFocusing_5_10_2um2_0_2242.npy,P0/data/dataset_particles2SNR_c1/train/2um/HFocusing_5_10_2um2_0_2242.npy,P0/data/particles2SNR_4_class_lim10/train/unclear/HFocusing_5_10_2um2_0_2242.npy,2um,unclear,-12.348466024119826,-12.783292158554545,-17.384371330423832,-8.985576966503551,19,-10.0,median_snr_below_threshold,symlinked
train,HFocusing_5_10_2um2_0_2245.npy,P0/data/dataset_particles2SNR_c1/train/2um/HFocusing_5_10_2um2_0_2245.npy,P0/data/particles2SNR_4_class_lim10/train/unclear/HFocusing_5_10_2um2_0_2245.npy,2um,unclear,-13.70241222227525,-12.89215285536868,-21.532598916646656,-1.032350121289383,22,-10.0,median_snr_below_threshold,symlinked
train,HFocusing_5_10_2um2_0_2249.npy,P0/data/dataset_particles2SNR_c1/train/2um/HFocusing_5_10_2um2_0_2249.npy,P0/data/particles2SNR_4_class_lim10/train/unclear/HFocusing_5_10_2um2_0_2249.npy,2um,unclear,-10.792170672216002,-11.457274511466949,-16.323245828215548,3.0198223877253847,13,-10.0,median_snr_below_threshold,symlinked
train,HFocusing_5_10_2um2_0_2253.npy,P0/data/dataset_particles2SNR_c1/train/2um/HFocusing_5_10_2um2_0_2253.npy,P0/data/particles2SNR_4_class_lim10/train/unclear/HFocusing_5_10_2um2_0_2253.npy,2um,unclear,-12.009049510904044,-11.046440259877171,-18.03622298437026,1.105110419412827,12,-10.0,median_snr_below_threshold,symlinked
train,HFocusing_5_10_2um2_0_2258.npy,P0/data/dataset_particles2SNR_c1/train/2um/HFocusing_5_10_2um2_0_2258.npy,P0/data/particles2SNR_4_class_lim10/train/unclear/HFocusing_5_10_2um2_0_2258.npy,2um,unclear,-12.914034803761004,-11.188000486891534,-17.31721730340031,1.8181518113119037,13,-10.0,median_snr_below_threshold,symlinked
train,HFocusing_5_10_2um2_0_226.npy,P0/data/dataset_particles2SNR_c1/train/2um/HFocusing_5_10_2um2_0_226.npy,P0/data/particles2SNR_4_class_lim10/train/unclear/HFocusing_5_10_2um2_0_226.npy,2um,unclear,-14.65804579679872,-13.187627667295038,-17.944459431720205,-3.7071104151083727,24,-10.0,median_snr_below_threshold,symlinked
train,HFocusing_5_10_2um2_0_2261.npy,P0/data/dataset_particles2SNR_c1/train/2um/HFocusing_5_10_2um2_0_2261.npy,P0/data/particles2SNR_4_class_lim10/train/unclear/HFocusing_5_10_2um2_0_2261.npy,2um,unclear,-13.145587532600349,-13.038741227650272,-16.6299454130948,-9.243302348571575,9,-10.0,median_snr_below_threshold,symlinked
train,HFocusing_5_10_2um2_0_2264.npy,P0/data/dataset_particles2SNR_c1/train/2um/HFocusing_5_10_2um2_0_2264.npy,P0/data/particles2SNR_4_class_lim10/train/unclear/HFocusing_5_10_2um2_0_2264.npy,2um,unclear,-12.702745364769061,-12.774939225584331,-15.985295423665315,-9.86540944063756,12,-10.0,median_snr_below_threshold,symlinked
train,HFocusing_5_10_2um2_0_2265.npy,P0/data/dataset_particles2SNR_c1/train/2um/HFocusing_5_10_2um2_0_2265.npy,P0/data/particles2SNR_4_class_lim10/train/unclear/HFocusing_5_10_2um2_0_2265.npy,2um,unclear,-10.823666452563502,-10.660839833219175,-15.781300464006483,0.48779531886829997,13,-10.0,median_snr_below_threshold,symlinked
train,HFocusing_5_10_2um2_0_2268.npy,P0/data/dataset_particles2SNR_c1/train/2um/HFocusing_5_10_2um2_0_2268.npy,P0/data/particles2SNR_4_class_lim10/train/unclear/HFocusing_5_10_2um2_0_2268.npy,2um,unclear,-13.822331433501791,-12.785304535219936,-17.94926347509768,-0.9485576028846463,14,-10.0,median_snr_below_threshold,symlinked
train,HFocusing_5_10_2um2_0_2271.npy,P0/data/dataset_particles2SNR_c1/train/2um/HFocusing_5_10_2um2_0_2271.npy,P0/data/particles2SNR_4_class_lim10/train/unclear/HFocusing_5_10_2um2_0_2271.npy,2um,unclear,-13.974187705128998,-12.474013859959742,-17.50186114169942,-1.1907689698856352,22,-10.0,median_snr_below_threshold,symlinked
train,HFocusing_5_10_2um2_0_2273.npy,P0/data/dataset_particles2SNR_c1/train/2um/HFocusing_5_10_2um2_0_2273.npy,P0/data/particles2SNR_4_class_lim10/train/unclear/HFocusing_5_10_2um2_0_2273.npy,2um,unclear,-13.74848758466895,-13.595887063932727,-17.426665809075725,-9.838221354739874,18,-10.0,median_snr_below_threshold,symlinked
train,HFocusing_5_10_2um2_0_2277.npy,P0/data/dataset_particles2SNR_c1/train/2um/HFocusing_5_10_2um2_0_2277.npy,P0/data/particles2SNR_4_class_lim10/train/unclear/HFocusing_5_10_2um2_0_2277.npy,2um,unclear,-10.865810814354607,-11.903811218491814,-18.053820523513878,-9.426485668536893,11,-10.0,median_snr_below_threshold,symlinked
train,HFocusing_5_10_2um2_0_2278.npy,P0/data/dataset_particles2SNR_c1/train/2um/HFocusing_5_10_2um2_0_2278.npy,P0/data/particles2SNR_4_class_lim10/train/unclear/HFocusing_5_10_2um2_0_2278.npy,2um,unclear,-12.479799888196952,-11.472810261352171,-18.57317659224065,2.487856608162544,10,-10.0,median_snr_below_threshold,symlinked
train,HFocusing_5_10_2um2_0_2281.npy,P0/data/dataset_particles2SNR_c1/train/2um/HFocusing_5_10_2um2_0_2281.npy,P0/data/particles2SNR_4_class_lim10/train/unclear/HFocusing_5_10_2um2_0_2281.npy,2um,unclear,-11.372905668323375,-10.674729237422143,-16.07582249460451,-1.3377228054923251,7,-10.0,median_snr_below_threshold,symlinked
train,HFocusing_5_10_2um2_0_2284.npy,P0/data/dataset_particles2SNR_c1/train/2um/HFocusing_5_10_2um2_0_2284.npy,P0/data/particles2SNR_4_class_lim10/train/unclear/HFocusing_5_10_2um2_0_2284.npy,2um,unclear,-13.01135597805758,-12.533524458307602,-20.789199147573292,-3.204635995070449,22,-10.0,median_snr_below_threshold,symlinked
train,HFocusing_5_10_2um2_0_2286.npy,P0/data/dataset_particles2SNR_c1/train/2um/HFocusing_5_10_2um2_0_2286.npy,P0/data/particles2SNR_4_class_lim10/train/unclear/HFocusing_5_10_2um2_0_2286.npy,2um,unclear,-13.113971619937711,-13.534453676094792,-17.280833842823917,-7.857492482182751,18,-10.0,median_snr_below_threshold,symlinked
train,HFocusing_5_10_2um2_0_2287.npy,P0/data/dataset_particles2SNR_c1/train/2um/HFocusing_5_10_2um2_0_2287.npy,P0/data/particles2SNR_4_class_lim10/train/2um/HFocusing_5_10_2um2_0_2287.npy,2um,2um,-9.909378726313497,-7.102394269728503,-12.230690264027581,2.2529050720732706,8,-10.0,median_snr_at_or_above_threshold,symlinked
train,HFocusing_5_10_2um2_0_2290.npy,P0/data/dataset_particles2SNR_c1/train/2um/HFocusing_5_10_2um2_0_2290.npy,P0/data/particles2SNR_4_class_lim10/train/unclear/HFocusing_5_10_2um2_0_2290.npy,2um,unclear,-11.173979529380098,-11.72708956435492,-16.610787890015175,-5.130685418835982,26,-10.0,median_snr_below_threshold,symlinked
train,HFocusing_5_10_2um2_0_2293.npy,P0/data/dataset_particles2SNR_c1/train/2um/HFocusing_5_10_2um2_0_2293.npy,P0/data/particles2SNR_4_class_lim10/train/unclear/HFocusing_5_10_2um2_0_2293.npy,2um,unclear,-13.625927531504507,-12.55114679593927,-18.86604444433955,-0.9597444012156385,17,-10.0,median_snr_below_threshold,symlinked
train,HFocusing_5_10_2um2_0_2296.npy,P0/data/dataset_particles2SNR_c1/train/2um/HFocusing_5_10_2um2_0_2296.npy,P0/data/particles2SNR_4_class_lim10/train/unclear/HFocusing_5_10_2um2_0_2296.npy,2um,unclear,-14.468200574420791,-13.40887505389475,-15.861124036674434,-10.373006266774293,9,-10.0,median_snr_below_threshold,symlinked
train,HFocusing_5_10_2um2_0_2297.npy,P0/data/dataset_particles2SNR_c1/train/2um/HFocusing_5_10_2um2_0_2297.npy,P0/data/particles2SNR_4_class_lim10/train/unclear/HFocusing_5_10_2um2_0_2297.npy,2um,unclear,-12.911493844098127,-12.150019466114196,-17.670537010732566,-3.6765021354289287,22,-10.0,median_snr_below_threshold,symlinked
train,HFocusing_5_10_2um2_0_2300.npy,P0/data/dataset_particles2SNR_c1/train/2um/HFocusing_5_10_2um2_0_2300.npy,P0/data/particles2SNR_4_class_lim10/train/unclear/HFocusing_5_10_2um2_0_2300.npy,2um,unclear,-12.216761992155512,-13.201848770332692,-24.846510449849898,-8.82411008324458,13,-10.0,median_snr_below_threshold,symlinked
train,HFocusing_5_10_2um2_0_2301.npy,P0/data/dataset_particles2SNR_c1/train/2um/HFocusing_5_10_2um2_0_2301.npy,P0/data/particles2SNR_4_class_lim10/train/unclear/HFocusing_5_10_2um2_0_2301.npy,2um,unclear,-12.67217081368884,-12.305832102550056,-18.167041910997895,-0.7899700987151734,12,-10.0,median_snr_below_threshold,symlinked
train,HFocusing_5_10_2um2_0_2304.npy,P0/data/dataset_particles2SNR_c1/train/2um/HFocusing_5_10_2um2_0_2304.npy,P0/data/particles2SNR_4_class_lim10/train/unclear/HFocusing_5_10_2um2_0_2304.npy,2um,unclear,-11.420587479151965,-12.070637478824983,-15.421849891262433,-8.997261781504255,14,-10.0,median_snr_below_threshold,symlinked
train,HFocusing_5_10_2um2_0_2308.npy,P0/data/dataset_particles2SNR_c1/train/2um/HFocusing_5_10_2um2_0_2308.npy,P0/data/particles2SNR_4_class_lim10/train/unclear/HFocusing_5_10_2um2_0_2308.npy,2um,unclear,-11.768773770004426,-11.549536408154523,-15.56550360340852,-1.8255653940912175,18,-10.0,median_snr_below_threshold,symlinked
train,HFocusing_5_10_2um2_0_2311.npy,P0/data/dataset_particles2SNR_c1/train/2um/HFocusing_5_10_2um2_0_2311.npy,P0/data/particles2SNR_4_class_lim10/train/unclear/HFocusing_5_10_2um2_0_2311.npy,2um,unclear,-12.105290709260775,-12.469901888172357,-16.80724549473173,-8.570322528333545,17,-10.0,median_snr_below_threshold,symlinked
train,HFocusing_5_10_2um2_0_2314.npy,P0/data/dataset_particles2SNR_c1/train/2um/HFocusing_5_10_2um2_0_2314.npy,P0/data/particles2SNR_4_class_lim10/train/unclear/HFocusing_5_10_2um2_0_2314.npy,2um,unclear,-12.743655074781019,-11.768863952085267,-15.897885042223407,0.4314914325316723,16,-10.0,median_snr_below_threshold,symlinked
train,HFocusing_5_10_2um2_0_2317.npy,P0/data/dataset_particles2SNR_c1/train/2um/HFocusing_5_10_2um2_0_2317.npy,P0/data/particles2SNR_4_class_lim10/train/unclear/HFocusing_5_10_2um2_0_2317.npy,2um,unclear,-13.678506191842356,-14.224395266835977,-17.729848514017583,-10.583082765161866,18,-10.0,median_snr_below_threshold,symlinked
train,HFocusing_5_10_2um2_0_2318.npy,P0/data/dataset_particles2SNR_c1/train/2um/HFocusing_5_10_2um2_0_2318.npy,P0/data/particles2SNR_4_class_lim10/train/unclear/HFocusing_5_10_2um2_0_2318.npy,2um,unclear,-12.45975295111418,-12.186250198500884,-21.24742632954301,-4.070921699639188,14,-10.0,median_snr_below_threshold,symlinked
train,HFocusing_5_10_2um2_0_232.npy,P0/data/dataset_particles2SNR_c1/train/2um/HFocusing_5_10_2um2_0_232.npy,P0/data/particles2SNR_4_class_lim10/train/unclear/HFocusing_5_10_2um2_0_232.npy,2um,unclear,-11.77998110160849,-11.181598259705124,-15.252061589598506,-3.418776846269189,17,-10.0,median_snr_below_threshold,symlinked
train,HFocusing_5_10_2um2_0_2320.npy,P0/data/dataset_particles2SNR_c1/train/2um/HFocusing_5_10_2um2_0_2320.npy,P0/data/particles2SNR_4_class_lim10/train/unclear/HFocusing_5_10_2um2_0_2320.npy,2um,unclear,-12.783002092490596,-10.881191476106771,-19.007935394848953,2.075020379918588,17,-10.0,median_snr_below_threshold,symlinked
train,HFocusing_5_10_2um2_0_2323.npy,P0/data/dataset_particles2SNR_c1/train/2um/HFocusing_5_10_2um2_0_2323.npy,P0/data/particles2SNR_4_class_lim10/train/unclear/HFocusing_5_10_2um2_0_2323.npy,2um,unclear,-11.922844722630689,-12.635231218062824,-16.357639785368843,-10.495218733759366,11,-10.0,median_snr_below_threshold,symlinked
train,HFocusing_5_10_2um2_0_2324.npy,P0/data/dataset_particles2SNR_c1/train/2um/HFocusing_5_10_2um2_0_2324.npy,P0/data/particles2SNR_4_class_lim10/train/unclear/HFocusing_5_10_2um2_0_2324.npy,2um,unclear,-11.831339669199506,-11.228373942661646,-19.99526980562801,1.1118404323941058,22,-10.0,median_snr_below_threshold,symlinked
train,HFocusing_5_10_2um2_0_2326.npy,P0/data/dataset_particles2SNR_c1/train/2um/HFocusing_5_10_2um2_0_2326.npy,P0/data/particles2SNR_4_class_lim10/train/unclear/HFocusing_5_10_2um2_0_2326.npy,2um,unclear,-10.790623259714927,-11.737719023874828,-15.235032817437729,-9.968868118999955,10,-10.0,median_snr_below_threshold,symlinked
train,HFocusing_5_10_2um2_0_2327.npy,P0/data/dataset_particles2SNR_c1/train/2um/HFocusing_5_10_2um2_0_2327.npy,P0/data/particles2SNR_4_class_lim10/train/unclear/HFocusing_5_10_2um2_0_2327.npy,2um,unclear,-13.042798400597388,-11.908257599304013,-17.726429406422866,-1.46966473866943,20,-10.0,median_snr_below_threshold,symlinked
train,HFocusing_5_10_2um2_0_233.npy,P0/data/dataset_particles2SNR_c1/train/2um/HFocusing_5_10_2um2_0_233.npy,P0/data/particles2SNR_4_class_lim10/train/2um/HFocusing_5_10_2um2_0_233.npy,2um,2um,-9.18334380180599,-8.787687372220644,-18.631423797719464,4.074229136222011,16,-10.0,median_snr_at_or_above_threshold,symlinked
train,HFocusing_5_10_2um2_0_2332.npy,P0/data/dataset_particles2SNR_c1/train/2um/HFocusing_5_10_2um2_0_2332.npy,P0/data/particles2SNR_4_class_lim10/train/unclear/HFocusing_5_10_2um2_0_2332.npy,2um,unclear,-13.601230407803799,-13.486452171417856,-17.38359184437056,-8.790315260657508,15,-10.0,median_snr_below_threshold,symlinked
train,HFocusing_5_10_2um2_0_2337.npy,P0/data/dataset_particles2SNR_c1/train/2um/HFocusing_5_10_2um2_0_2337.npy,P0/data/particles2SNR_4_class_lim10/train/unclear/HFocusing_5_10_2um2_0_2337.npy,2um,unclear,-12.299699870754814,-11.098293554948674,-16.424712671645906,3.006491513977128,12,-10.0,median_snr_below_threshold,symlinked
train,HFocusing_5_10_2um2_0_2340.npy,P0/data/dataset_particles2SNR_c1/train/2um/HFocusing_5_10_2um2_0_2340.npy,P0/data/particles2SNR_4_class_lim10/train/unclear/HFocusing_5_10_2um2_0_2340.npy,2um,unclear,-12.435097644974583,-12.015731260233137,-15.638993387643975,-8.740907326489593,14,-10.0,median_snr_below_threshold,symlinked
train,HFocusing_5_10_2um2_0_2341.npy,P0/data/dataset_particles2SNR_c1/train/2um/HFocusing_5_10_2um2_0_2341.npy,P0/data/particles2SNR_4_class_lim10/train/unclear/HFocusing_5_10_2um2_0_2341.npy,2um,unclear,-12.412693640047483,-9.933872347157232,-16.002969785303492,4.023616388960022,11,-10.0,median_snr_below_threshold,symlinked
train,HFocusing_5_10_2um2_0_2344.npy,P0/data/dataset_particles2SNR_c1/train/2um/HFocusing_5_10_2um2_0_2344.npy,P0/data/particles2SNR_4_class_lim10/train/unclear/HFocusing_5_10_2um2_0_2344.npy,2um,unclear,-12.381611601959431,-12.51958556994169,-18.635337050418574,-7.944929655833432,16,-10.0,median_snr_below_threshold,symlinked
train,HFocusing_5_10_2um2_0_2345.npy,P0/data/dataset_particles2SNR_c1/train/2um/HFocusing_5_10_2um2_0_2345.npy,P0/data/particles2SNR_4_class_lim10/train/unclear/HFocusing_5_10_2um2_0_2345.npy,2um,unclear,-12.063882310316057,-10.417090776798887,-14.031859455557786,-0.7428850042553009,11,-10.0,median_snr_below_threshold,symlinked
train,HFocusing_5_10_2um2_0_2348.npy,P0/data/dataset_particles2SNR_c1/train/2um/HFocusing_5_10_2um2_0_2348.npy,P0/data/particles2SNR_4_class_lim10/train/unclear/HFocusing_5_10_2um2_0_2348.npy,2um,unclear,-12.464483550243994,-11.699604386594643,-15.722606777737722,-6.595100312414624,17,-10.0,median_snr_below_threshold,symlinked
train,HFocusing_5_10_2um2_0_2356.npy,P0/data/dataset_particles2SNR_c1/train/2um/HFocusing_5_10_2um2_0_2356.npy,P0/data/particles2SNR_4_class_lim10/train/unclear/HFocusing_5_10_2um2_0_2356.npy,2um,unclear,-12.786057962051245,-12.932204019311875,-16.865460098313363,-9.831686476375056,13,-10.0,median_snr_below_threshold,symlinked
train,HFocusing_5_10_2um2_0_2357.npy,P0/data/dataset_particles2SNR_c1/train/2um/HFocusing_5_10_2um2_0_2357.npy,P0/data/particles2SNR_4_class_lim10/train/unclear/HFocusing_5_10_2um2_0_2357.npy,2um,unclear,-14.154099478538683,-12.149421231787628,-17.50070310972709,6.648168491228442,17,-10.0,median_snr_below_threshold,symlinked
train,HFocusing_5_10_2um2_0_2359.npy,P0/data/dataset_particles2SNR_c1/train/2um/HFocusing_5_10_2um2_0_2359.npy,P0/data/particles2SNR_4_class_lim10/train/unclear/HFocusing_5_10_2um2_0_2359.npy,2um,unclear,-12.342024994905891,-11.186245670717087,-17.275932879629035,1.270800054947947,11,-10.0,median_snr_below_threshold,symlinked
train,HFocusing_5_10_2um2_0_236.npy,P0/data/dataset_particles2SNR_c1/train/2um/HFocusing_5_10_2um2_0_236.npy,P0/data/particles2SNR_4_class_lim10/train/unclear/HFocusing_5_10_2um2_0_236.npy,2um,unclear,-12.723406937081128,-13.106741330710436,-21.129747103663977,-5.893475485050623,13,-10.0,median_snr_below_threshold,symlinked
train,HFocusing_5_10_2um2_0_2367.npy,P0/data/dataset_particles2SNR_c1/train/2um/HFocusing_5_10_2um2_0_2367.npy,P0/data/particles2SNR_4_class_lim10/train/unclear/HFocusing_5_10_2um2_0_2367.npy,2um,unclear,-13.392584319380695,-11.907959875551816,-16.50329607812514,1.139145240449345,7,-10.0,median_snr_below_threshold,symlinked
train,HFocusing_5_10_2um2_0_237.npy,P0/data/dataset_particles2SNR_c1/train/2um/HFocusing_5_10_2um2_0_237.npy,P0/data/particles2SNR_4_class_lim10/train/unclear/HFocusing_5_10_2um2_0_237.npy,2um,unclear,-12.484422278468301,-11.990854260708597,-19.555118585525225,-1.4693235028243203,15,-10.0,median_snr_below_threshold,symlinked
train,HFocusing_5_10_2um2_0_2370.npy,P0/data/dataset_particles2SNR_c1/train/2um/HFocusing_5_10_2um2_0_2370.npy,P0/data/particles2SNR_4_class_lim10/train/unclear/HFocusing_5_10_2um2_0_2370.npy,2um,unclear,-12.309748522878639,-10.771321722900241,-16.164737484286192,-0.8255520151049479,15,-10.0,median_snr_below_threshold,symlinked
train,HFocusing_5_10_2um2_0_2373.npy,P0/data/dataset_particles2SNR_c1/train/2um/HFocusing_5_10_2um2_0_2373.npy,P0/data/particles2SNR_4_class_lim10/train/unclear/HFocusing_5_10_2um2_0_2373.npy,2um,unclear,-11.838311259295846,-11.547856864900487,-17.876466230866864,2.4036899699360523,22,-10.0,median_snr_below_threshold,symlinked
train,HFocusing_5_10_2um2_0_2375.npy,P0/data/dataset_particles2SNR_c1/train/2um/HFocusing_5_10_2um2_0_2375.npy,P0/data/particles2SNR_4_class_lim10/train/unclear/HFocusing_5_10_2um2_0_2375.npy,2um,unclear,-14.309178019958841,-13.739210568998642,-17.194023311191692,-8.642451290860816,14,-10.0,median_snr_below_threshold,symlinked
train,HFocusing_5_10_2um2_0_2376.npy,P0/data/dataset_particles2SNR_c1/train/2um/HFocusing_5_10_2um2_0_2376.npy,P0/data/particles2SNR_4_class_lim10/train/unclear/HFocusing_5_10_2um2_0_2376.npy,2um,unclear,-11.82205366094108,-9.32454328429399,-16.995001933767373,1.4207999707837462,14,-10.0,median_snr_below_threshold,symlinked
train,HFocusing_5_10_2um2_0_2379.npy,P0/data/dataset_particles2SNR_c1/train/2um/HFocusing_5_10_2um2_0_2379.npy,P0/data/particles2SNR_4_class_lim10/train/unclear/HFocusing_5_10_2um2_0_2379.npy,2um,unclear,-11.255810363443787,-10.994682822039792,-15.845207577073383,0.3655414777879229,14,-10.0,median_snr_below_threshold,symlinked
train,HFocusing_5_10_2um2_0_2382.npy,P0/data/dataset_particles2SNR_c1/train/2um/HFocusing_5_10_2um2_0_2382.npy,P0/data/particles2SNR_4_class_lim10/train/unclear/HFocusing_5_10_2um2_0_2382.npy,2um,unclear,-12.930729172621676,-12.898131742488781,-20.654412033198497,-8.56552833474696,20,-10.0,median_snr_below_threshold,symlinked
train,HFocusing_5_10_2um2_0_2383.npy,P0/data/dataset_particles2SNR_c1/train/2um/HFocusing_5_10_2um2_0_2383.npy,P0/data/particles2SNR_4_class_lim10/train/unclear/HFocusing_5_10_2um2_0_2383.npy,2um,unclear,-13.12007393620265,-11.796118982670986,-17.219817658843372,-1.425104530361407,20,-10.0,median_snr_below_threshold,symlinked
train,HFocusing_5_10_2um2_0_2387.npy,P0/data/dataset_particles2SNR_c1/train/2um/HFocusing_5_10_2um2_0_2387.npy,P0/data/particles2SNR_4_class_lim10/train/unclear/HFocusing_5_10_2um2_0_2387.npy,2um,unclear,-13.69138529207432,-12.546062850849884,-23.56725283663416,2.9441644612934557,15,-10.0,median_snr_below_threshold,symlinked
train,HFocusing_5_10_2um2_0_2390.npy,P0/data/dataset_particles2SNR_c1/train/2um/HFocusing_5_10_2um2_0_2390.npy,P0/data/particles2SNR_4_class_lim10/train/unclear/HFocusing_5_10_2um2_0_2390.npy,2um,unclear,-12.913839152504593,-13.155300447493202,-16.571206585758926,-10.69863202592068,15,-10.0,median_snr_below_threshold,symlinked
train,HFocusing_5_10_2um2_0_2391.npy,P0/data/dataset_particles2SNR_c1/train/2um/HFocusing_5_10_2um2_0_2391.npy,P0/data/particles2SNR_4_class_lim10/train/unclear/HFocusing_5_10_2um2_0_2391.npy,2um,unclear,-10.147712073385886,-9.84513168435384,-17.697065658780318,-1.3826910403186292,11,-10.0,median_snr_below_threshold,symlinked
train,HFocusing_5_10_2um2_0_2394.npy,P0/data/dataset_particles2SNR_c1/train/2um/HFocusing_5_10_2um2_0_2394.npy,P0/data/particles2SNR_4_class_lim10/train/unclear/HFocusing_5_10_2um2_0_2394.npy,2um,unclear,-12.553654626699515,-11.970800909992539,-17.968014205619234,-0.7114174910287302,12,-10.0,median_snr_below_threshold,symlinked
train,HFocusing_5_10_2um2_0_2397.npy,P0/data/dataset_particles2SNR_c1/train/2um/HFocusing_5_10_2um2_0_2397.npy,P0/data/particles2SNR_4_class_lim10/train/unclear/HFocusing_5_10_2um2_0_2397.npy,2um,unclear,-13.175409259240185,-13.41135144135397,-18.640142907979637,-9.700707671130536,18,-10.0,median_snr_below_threshold,symlinked
train,HFocusing_5_10_2um2_0_2398.npy,P0/data/dataset_particles2SNR_c1/train/2um/HFocusing_5_10_2um2_0_2398.npy,P0/data/particles2SNR_4_class_lim10/train/unclear/HFocusing_5_10_2um2_0_2398.npy,2um,unclear,-12.925489518228098,-12.081971089054628,-17.438114890388132,-5.177941179808331,19,-10.0,median_snr_below_threshold,symlinked
train,HFocusing_5_10_2um2_0_24.npy,P0/data/dataset_particles2SNR_c1/train/2um/HFocusing_5_10_2um2_0_24.npy,P0/data/particles2SNR_4_class_lim10/train/unclear/HFocusing_5_10_2um2_0_24.npy,2um,unclear,-13.18412057963286,-12.481640505718868,-19.085629544119662,-3.5961204046776682,14,-10.0,median_snr_below_threshold,symlinked
train,HFocusing_5_10_2um2_0_2404.npy,P0/data/dataset_particles2SNR_c1/train/2um/HFocusing_5_10_2um2_0_2404.npy,P0/data/particles2SNR_4_class_lim10/train/unclear/HFocusing_5_10_2um2_0_2404.npy,2um,unclear,-13.01275242951258,-13.16759207382312,-17.151311463152854,-7.771079906296027,15,-10.0,median_snr_below_threshold,symlinked
train,HFocusing_5_10_2um2_0_2405.npy,P0/data/dataset_particles2SNR_c1/train/2um/HFocusing_5_10_2um2_0_2405.npy,P0/data/particles2SNR_4_class_lim10/train/unclear/HFocusing_5_10_2um2_0_2405.npy,2um,unclear,-12.953800321120294,-12.038964887372423,-17.026936876141296,-2.5520725905571267,18,-10.0,median_snr_below_threshold,symlinked
train,HFocusing_5_10_2um2_0_2408.npy,P0/data/dataset_particles2SNR_c1/train/2um/HFocusing_5_10_2um2_0_2408.npy,P0/data/particles2SNR_4_class_lim10/train/unclear/HFocusing_5_10_2um2_0_2408.npy,2um,unclear,-12.031336458015884,-10.854746558440404,-15.22305817990317,-4.159672377228262,19,-10.0,median_snr_below_threshold,symlinked
train,HFocusing_5_10_2um2_0_2411.npy,P0/data/dataset_particles2SNR_c1/train/2um/HFocusing_5_10_2um2_0_2411.npy,P0/data/particles2SNR_4_class_lim10/train/unclear/HFocusing_5_10_2um2_0_2411.npy,2um,unclear,-11.361822576451985,-10.94619084416193,-16.161137287855613,0.5825473922228361,18,-10.0,median_snr_below_threshold,symlinked
train,HFocusing_5_10_2um2_0_2414.npy,P0/data/dataset_particles2SNR_c1/train/2um/HFocusing_5_10_2um2_0_2414.npy,P0/data/particles2SNR_4_class_lim10/train/unclear/HFocusing_5_10_2um2_0_2414.npy,2um,unclear,-12.65410948810909,-11.01298677807852,-15.07962904303789,0.3492936763556758,15,-10.0,median_snr_below_threshold,symlinked
train,HFocusing_5_10_2um2_0_2417.npy,P0/data/dataset_particles2SNR_c1/train/2um/HFocusing_5_10_2um2_0_2417.npy,P0/data/particles2SNR_4_class_lim10/train/unclear/HFocusing_5_10_2um2_0_2417.npy,2um,unclear,-13.380344245673847,-13.05164982251724,-16.802440188242702,-3.239824576939339,18,-10.0,median_snr_below_threshold,symlinked
train,HFocusing_5_10_2um2_0_2418.npy,P0/data/dataset_particles2SNR_c1/train/2um/HFocusing_5_10_2um2_0_2418.npy,P0/data/particles2SNR_4_class_lim10/train/unclear/HFocusing_5_10_2um2_0_2418.npy,2um,unclear,-11.228687614150438,-11.752641837473242,-19.07637817857009,-0.6248690875709488,19,-10.0,median_snr_below_threshold,symlinked
train,HFocusing_5_10_2um2_0_2421.npy,P0/data/dataset_particles2SNR_c1/train/2um/HFocusing_5_10_2um2_0_2421.npy,P0/data/particles2SNR_4_class_lim10/train/unclear/HFocusing_5_10_2um2_0_2421.npy,2um,unclear,-12.173489567985925,-10.109047892483142,-13.89960777081809,-0.6454307061578278,10,-10.0,median_snr_below_threshold,symlinked
train,HFocusing_5_10_2um2_0_2422.npy,P0/data/dataset_particles2SNR_c1/train/2um/HFocusing_5_10_2um2_0_2422.npy,P0/data/particles2SNR_4_class_lim10/train/unclear/HFocusing_5_10_2um2_0_2422.npy,2um,unclear,-13.87647137772281,-11.75496326635195,-17.351326429279965,0.12119273608682474,15,-10.0,median_snr_below_threshold,symlinked
train,HFocusing_5_10_2um2_0_2425.npy,P0/data/dataset_particles2SNR_c1/train/2um/HFocusing_5_10_2um2_0_2425.npy,P0/data/particles2SNR_4_class_lim10/train/unclear/HFocusing_5_10_2um2_0_2425.npy,2um,unclear,-13.114529378842452,-13.090180677944064,-19.320390962451892,-3.1622466218234138,21,-10.0,median_snr_below_threshold,symlinked
train,HFocusing_5_10_2um2_0_2426.npy,P0/data/dataset_particles2SNR_c1/train/2um/HFocusing_5_10_2um2_0_2426.npy,P0/data/particles2SNR_4_class_lim10/train/unclear/HFocusing_5_10_2um2_0_2426.npy,2um,unclear,-13.457881453785976,-12.80974948880077,-18.005658836142857,-4.703915588127494,15,-10.0,median_snr_below_threshold,symlinked
train,HFocusing_5_10_2um2_0_2429.npy,P0/data/dataset_particles2SNR_c1/train/2um/HFocusing_5_10_2um2_0_2429.npy,P0/data/particles2SNR_4_class_lim10/train/unclear/HFocusing_5_10_2um2_0_2429.npy,2um,unclear,-12.971275393351315,-11.992141577136872,-16.578348925085283,-1.9008523274255043,10,-10.0,median_snr_below_threshold,symlinked
train,HFocusing_5_10_2um2_0_2430.npy,P0/data/dataset_particles2SNR_c1/train/2um/HFocusing_5_10_2um2_0_2430.npy,P0/data/particles2SNR_4_class_lim10/train/unclear/HFocusing_5_10_2um2_0_2430.npy,2um,unclear,-14.251153773008376,-12.953721232693328,-21.211939567307226,1.2052252956159235,19,-10.0,median_snr_below_threshold,symlinked
train,HFocusing_5_10_2um2_0_2433.npy,P0/data/dataset_particles2SNR_c1/train/2um/HFocusing_5_10_2um2_0_2433.npy,P0/data/particles2SNR_4_class_lim10/train/unclear/HFocusing_5_10_2um2_0_2433.npy,2um,unclear,-12.218502976403718,-12.241492493920461,-14.418078758097153,-10.958904261824095,7,-10.0,median_snr_below_threshold,symlinked
train,HFocusing_5_10_2um2_0_2437.npy,P0/data/dataset_particles2SNR_c1/train/2um/HFocusing_5_10_2um2_0_2437.npy,P0/data/particles2SNR_4_class_lim10/train/unclear/HFocusing_5_10_2um2_0_2437.npy,2um,unclear,-13.119510439253592,-13.179483923134617,-16.57229885751486,-10.505889494188205,8,-10.0,median_snr_below_threshold,symlinked
train,HFocusing_5_10_2um2_0_2438.npy,P0/data/dataset_particles2SNR_c1/train/2um/HFocusing_5_10_2um2_0_2438.npy,P0/data/particles2SNR_4_class_lim10/train/unclear/HFocusing_5_10_2um2_0_2438.npy,2um,unclear,-10.159547799330324,-9.59569460951282,-14.570012214293174,1.7172501546078076,7,-10.0,median_snr_below_threshold,symlinked
train,HFocusing_5_10_2um2_0_244.npy,P0/data/dataset_particles2SNR_c1/train/2um/HFocusing_5_10_2um2_0_244.npy,P0/data/particles2SNR_4_class_lim10/train/2um/HFocusing_5_10_2um2_0_244.npy,2um,2um,-5.7112615186727105,-6.942130494083208,-13.909362415184187,1.0462498136559737,9,-10.0,median_snr_at_or_above_threshold,symlinked
train,HFocusing_5_10_2um2_0_2441.npy,P0/data/dataset_particles2SNR_c1/train/2um/HFocusing_5_10_2um2_0_2441.npy,P0/data/particles2SNR_4_class_lim10/train/unclear/HFocusing_5_10_2um2_0_2441.npy,2um,unclear,-12.933158747114529,-12.435599646852411,-16.02666653516006,-6.006844004024101,15,-10.0,median_snr_below_threshold,symlinked
train,HFocusing_5_10_2um2_0_2445.npy,P0/data/dataset_particles2SNR_c1/train/2um/HFocusing_5_10_2um2_0_2445.npy,P0/data/particles2SNR_4_class_lim10/train/unclear/HFocusing_5_10_2um2_0_2445.npy,2um,unclear,-12.747328400826415,-11.89025940017478,-15.75889045170448,-1.7917539736353256,15,-10.0,median_snr_below_threshold,symlinked
train,HFocusing_5_10_2um2_0_2449.npy,P0/data/dataset_particles2SNR_c1/train/2um/HFocusing_5_10_2um2_0_2449.npy,P0/data/particles2SNR_4_class_lim10/train/unclear/HFocusing_5_10_2um2_0_2449.npy,2um,unclear,-14.746609926533893,-14.795794728372012,-20.380481433568015,-11.08747073257829,21,-10.0,median_snr_below_threshold,symlinked
train,HFocusing_5_10_2um2_0_2450.npy,P0/data/dataset_particles2SNR_c1/train/2um/HFocusing_5_10_2um2_0_2450.npy,P0/data/particles2SNR_4_class_lim10/train/unclear/HFocusing_5_10_2um2_0_2450.npy,2um,unclear,-14.894798426338777,-12.68876935168268,-17.763217096295595,2.6427347418505565,18,-10.0,median_snr_below_threshold,symlinked
train,HFocusing_5_10_2um2_0_2453.npy,P0/data/dataset_particles2SNR_c1/train/2um/HFocusing_5_10_2um2_0_2453.npy,P0/data/particles2SNR_4_class_lim10/train/unclear/HFocusing_5_10_2um2_0_2453.npy,2um,unclear,-11.724726665555297,-11.343711333179424,-14.529107681797438,-8.964635894049618,10,-10.0,median_snr_below_threshold,symlinked
train,HFocusing_5_10_2um2_0_2457.npy,P0/data/dataset_particles2SNR_c1/train/2um/HFocusing_5_10_2um2_0_2457.npy,P0/data/particles2SNR_4_class_lim10/train/unclear/HFocusing_5_10_2um2_0_2457.npy,2um,unclear,-12.186282954584062,-12.034950991159157,-17.77866759798734,-3.371547852415164,20,-10.0,median_snr_below_threshold,symlinked
train,HFocusing_5_10_2um2_0_2458.npy,P0/data/dataset_particles2SNR_c1/train/2um/HFocusing_5_10_2um2_0_2458.npy,P0/data/particles2SNR_4_class_lim10/train/2um/HFocusing_5_10_2um2_0_2458.npy,2um,2um,-9.43369477713919,-8.303865282194776,-14.780232690044489,2.280658275315882,11,-10.0,median_snr_at_or_above_threshold,symlinked
train,HFocusing_5_10_2um2_0_2460.npy,P0/data/dataset_particles2SNR_c1/train/2um/HFocusing_5_10_2um2_0_2460.npy,P0/data/particles2SNR_4_class_lim10/train/unclear/HFocusing_5_10_2um2_0_2460.npy,2um,unclear,-12.645261013933734,-12.24757156275072,-13.462233063422937,-9.253672681562149,8,-10.0,median_snr_below_threshold,symlinked
train,HFocusing_5_10_2um2_0_2461.npy,P0/data/dataset_particles2SNR_c1/train/2um/HFocusing_5_10_2um2_0_2461.npy,P0/data/particles2SNR_4_class_lim10/train/unclear/HFocusing_5_10_2um2_0_2461.npy,2um,unclear,-10.575589818089163,-10.115331865913204,-14.506274282499012,-1.607952102201716,12,-10.0,median_snr_below_threshold,symlinked
train,HFocusing_5_10_2um2_0_2465.npy,P0/data/dataset_particles2SNR_c1/train/2um/HFocusing_5_10_2um2_0_2465.npy,P0/data/particles2SNR_4_class_lim10/train/unclear/HFocusing_5_10_2um2_0_2465.npy,2um,unclear,-12.921844492082435,-11.22130675997715,-16.448518908858585,0.8207894487379075,16,-10.0,median_snr_below_threshold,symlinked
train,HFocusing_5_10_2um2_0_2468.npy,P0/data/dataset_particles2SNR_c1/train/2um/HFocusing_5_10_2um2_0_2468.npy,P0/data/particles2SNR_4_class_lim10/train/unclear/HFocusing_5_10_2um2_0_2468.npy,2um,unclear,-11.458692533773046,-11.561003179137854,-17.981798672510628,-1.620809421318163,19,-10.0,median_snr_below_threshold,symlinked
train,HFocusing_5_10_2um2_0_2469.npy,P0/data/dataset_particles2SNR_c1/train/2um/HFocusing_5_10_2um2_0_2469.npy,P0/data/particles2SNR_4_class_lim10/train/unclear/HFocusing_5_10_2um2_0_2469.npy,2um,unclear,-11.19358063826988,-9.220014789412268,-13.458589546231396,5.2925878658511145,11,-10.0,median_snr_below_threshold,symlinked
train,HFocusing_5_10_2um2_0_247.npy,P0/data/dataset_particles2SNR_c1/train/2um/HFocusing_5_10_2um2_0_247.npy,P0/data/particles2SNR_4_class_lim10/train/unclear/HFocusing_5_10_2um2_0_247.npy,2um,unclear,-11.335877081073523,-10.963418451198345,-17.012515349356118,-0.29076713503780205,18,-10.0,median_snr_below_threshold,symlinked
train,HFocusing_5_10_2um2_0_2472.npy,P0/data/dataset_particles2SNR_c1/train/2um/HFocusing_5_10_2um2_0_2472.npy,P0/data/particles2SNR_4_class_lim10/train/unclear/HFocusing_5_10_2um2_0_2472.npy,2um,unclear,-10.25652427653188,-8.95937147540037,-16.961382232005793,-0.19304687946918572,10,-10.0,median_snr_below_threshold,symlinked
train,HFocusing_5_10_2um2_0_2475.npy,P0/data/dataset_particles2SNR_c1/train/2um/HFocusing_5_10_2um2_0_2475.npy,P0/data/particles2SNR_4_class_lim10/train/2um/HFocusing_5_10_2um2_0_2475.npy,2um,2um,-9.759655178863648,-7.192946131906654,-10.144676302285609,0.892202132386289,4,-10.0,median_snr_at_or_above_threshold,symlinked
train,HFocusing_5_10_2um2_0_2476.npy,P0/data/dataset_particles2SNR_c1/train/2um/HFocusing_5_10_2um2_0_2476.npy,P0/data/particles2SNR_4_class_lim10/train/unclear/HFocusing_5_10_2um2_0_2476.npy,2um,unclear,-13.743742428506739,-12.502878838879504,-16.32676559345432,1.7365244773660036,18,-10.0,median_snr_below_threshold,symlinked
train,HFocusing_5_10_2um2_0_2479.npy,P0/data/dataset_particles2SNR_c1/train/2um/HFocusing_5_10_2um2_0_2479.npy,P0/data/particles2SNR_4_class_lim10/train/unclear/HFocusing_5_10_2um2_0_2479.npy,2um,unclear,-13.098164979948736,-11.935357974672263,-17.852315423039073,-4.771586803769219,18,-10.0,median_snr_below_threshold,symlinked
train,HFocusing_5_10_2um2_0_2480.npy,P0/data/dataset_particles2SNR_c1/train/2um/HFocusing_5_10_2um2_0_2480.npy,P0/data/particles2SNR_4_class_lim10/train/unclear/HFocusing_5_10_2um2_0_2480.npy,2um,unclear,-12.24593417846969,-11.551414021305813,-21.631109102744816,0.03726427586438995,18,-10.0,median_snr_below_threshold,symlinked
train,HFocusing_5_10_2um2_0_2483.npy,P0/data/dataset_particles2SNR_c1/train/2um/HFocusing_5_10_2um2_0_2483.npy,P0/data/particles2SNR_4_class_lim10/train/2um/HFocusing_5_10_2um2_0_2483.npy,2um,2um,-8.072691843242048,-8.446224138193381,-19.2150951997538,-0.014372611166276757,6,-10.0,median_snr_at_or_above_threshold,symlinked
train,HFocusing_5_10_2um2_0_2487.npy,P0/data/dataset_particles2SNR_c1/train/2um/HFocusing_5_10_2um2_0_2487.npy,P0/data/particles2SNR_4_class_lim10/train/unclear/HFocusing_5_10_2um2_0_2487.npy,2um,unclear,-12.328491729554798,-11.878673912587033,-17.54334420411922,0.22286237298979722,18,-10.0,median_snr_below_threshold,symlinked
train,HFocusing_5_10_2um2_0_2490.npy,P0/data/dataset_particles2SNR_c1/train/2um/HFocusing_5_10_2um2_0_2490.npy,P0/data/particles2SNR_4_class_lim10/train/unclear/HFocusing_5_10_2um2_0_2490.npy,2um,unclear,-12.467790768774556,-12.65832463235795,-16.136650024480417,-8.268346926277275,14,-10.0,median_snr_below_threshold,symlinked
train,HFocusing_5_10_2um2_0_2493.npy,P0/data/dataset_particles2SNR_c1/train/2um/HFocusing_5_10_2um2_0_2493.npy,P0/data/particles2SNR_4_class_lim10/train/unclear/HFocusing_5_10_2um2_0_2493.npy,2um,unclear,-11.904524267551,-11.208397231790842,-15.10324193153346,-2.4643210151233825,12,-10.0,median_snr_below_threshold,symlinked
train,HFocusing_5_10_2um2_0_2497.npy,P0/data/dataset_particles2SNR_c1/train/2um/HFocusing_5_10_2um2_0_2497.npy,P0/data/particles2SNR_4_class_lim10/train/unclear/HFocusing_5_10_2um2_0_2497.npy,2um,unclear,-11.988114350268631,-10.615354502926529,-14.082328032050803,2.2174876582224083,18,-10.0,median_snr_below_threshold,symlinked
train,HFocusing_5_10_2um2_0_25.npy,P0/data/dataset_particles2SNR_c1/train/2um/HFocusing_5_10_2um2_0_25.npy,P0/data/particles2SNR_4_class_lim10/train/unclear/HFocusing_5_10_2um2_0_25.npy,2um,unclear,-11.728907800606699,-11.109626245740897,-16.594876535462745,-0.682931645458482,13,-10.0,median_snr_below_threshold,symlinked
train,HFocusing_5_10_2um2_0_250.npy,P0/data/dataset_particles2SNR_c1/train/2um/HFocusing_5_10_2um2_0_250.npy,P0/data/particles2SNR_4_class_lim10/train/unclear/HFocusing_5_10_2um2_0_250.npy,2um,unclear,-11.730430291498948,-10.998449943075123,-17.729048551723984,-0.809549706489549,15,-10.0,median_snr_below_threshold,symlinked
train,HFocusing_5_10_2um2_0_2501.npy,P0/data/dataset_particles2SNR_c1/train/2um/HFocusing_5_10_2um2_0_2501.npy,P0/data/particles2SNR_4_class_lim10/train/unclear/HFocusing_5_10_2um2_0_2501.npy,2um,unclear,-12.67042702248876,-12.912470657939789,-17.54748034905474,-9.41820170896525,20,-10.0,median_snr_below_threshold,symlinked
train,HFocusing_5_10_2um2_0_2503.npy,P0/data/dataset_particles2SNR_c1/train/2um/HFocusing_5_10_2um2_0_2503.npy,P0/data/particles2SNR_4_class_lim10/train/unclear/HFocusing_5_10_2um2_0_2503.npy,2um,unclear,-12.643620351346527,-10.797470263329222,-15.5652535516634,0.11652482987831661,9,-10.0,median_snr_below_threshold,symlinked
train,HFocusing_5_10_2um2_0_2506.npy,P0/data/dataset_particles2SNR_c1/train/2um/HFocusing_5_10_2um2_0_2506.npy,P0/data/particles2SNR_4_class_lim10/train/unclear/HFocusing_5_10_2um2_0_2506.npy,2um,unclear,-11.549066953716501,-11.704687549889211,-18.764340191794698,-5.673251245196554,19,-10.0,median_snr_below_threshold,symlinked
train,HFocusing_5_10_2um2_0_2509.npy,P0/data/dataset_particles2SNR_c1/train/2um/HFocusing_5_10_2um2_0_2509.npy,P0/data/particles2SNR_4_class_lim10/train/unclear/HFocusing_5_10_2um2_0_2509.npy,2um,unclear,-12.276485585815848,-12.244861694908659,-14.223182175484478,-9.401531604980718,18,-10.0,median_snr_below_threshold,symlinked
train,HFocusing_5_10_2um2_0_2510.npy,P0/data/dataset_particles2SNR_c1/train/2um/HFocusing_5_10_2um2_0_2510.npy,P0/data/particles2SNR_4_class_lim10/train/unclear/HFocusing_5_10_2um2_0_2510.npy,2um,unclear,-12.20861745203894,-11.965011341248088,-16.105210946047343,-7.107566647401065,13,-10.0,median_snr_below_threshold,symlinked
train,HFocusing_5_10_2um2_0_2514.npy,P0/data/dataset_particles2SNR_c1/train/2um/HFocusing_5_10_2um2_0_2514.npy,P0/data/particles2SNR_4_class_lim10/train/unclear/HFocusing_5_10_2um2_0_2514.npy,2um,unclear,-11.717302910580376,-10.64495894700882,-14.712861196564281,-0.07295171631635496,13,-10.0,median_snr_below_threshold,symlinked
train,HFocusing_5_10_2um2_0_2518.npy,P0/data/dataset_particles2SNR_c1/train/2um/HFocusing_5_10_2um2_0_2518.npy,P0/data/particles2SNR_4_class_lim10/train/unclear/HFocusing_5_10_2um2_0_2518.npy,2um,unclear,-11.197152635635618,-9.87991678243305,-14.566754263810148,3.9328485697999396,9,-10.0,median_snr_below_threshold,symlinked
train,HFocusing_5_10_2um2_0_2521.npy,P0/data/dataset_particles2SNR_c1/train/2um/HFocusing_5_10_2um2_0_2521.npy,P0/data/particles2SNR_4_class_lim10/train/unclear/HFocusing_5_10_2um2_0_2521.npy,2um,unclear,-12.296157087830743,-11.477644138993462,-16.58178816718433,-3.349172791209482,18,-10.0,median_snr_below_threshold,symlinked
train,HFocusing_5_10_2um2_0_2524.npy,P0/data/dataset_particles2SNR_c1/train/2um/HFocusing_5_10_2um2_0_2524.npy,P0/data/particles2SNR_4_class_lim10/train/unclear/HFocusing_5_10_2um2_0_2524.npy,2um,unclear,-11.831152550782093,-11.162017287138926,-17.34780523528936,1.860231748812329,17,-10.0,median_snr_below_threshold,symlinked
train,HFocusing_5_10_2um2_0_2528.npy,P0/data/dataset_particles2SNR_c1/train/2um/HFocusing_5_10_2um2_0_2528.npy,P0/data/particles2SNR_4_class_lim10/train/unclear/HFocusing_5_10_2um2_0_2528.npy,2um,unclear,-12.911363897608492,-11.663518693078995,-18.498286520473417,-0.6443214693700949,14,-10.0,median_snr_below_threshold,symlinked
train,HFocusing_5_10_2um2_0_253.npy,P0/data/dataset_particles2SNR_c1/train/2um/HFocusing_5_10_2um2_0_253.npy,P0/data/particles2SNR_4_class_lim10/train/unclear/HFocusing_5_10_2um2_0_253.npy,2um,unclear,-12.858243262048276,-11.81708757322721,-17.38232194150814,-4.823668880001154,11,-10.0,median_snr_below_threshold,symlinked
train,HFocusing_5_10_2um2_0_2531.npy,P0/data/dataset_particles2SNR_c1/train/2um/HFocusing_5_10_2um2_0_2531.npy,P0/data/particles2SNR_4_class_lim10/train/unclear/HFocusing_5_10_2um2_0_2531.npy,2um,unclear,-13.246529635613465,-12.34408274411907,-15.84757291990864,-6.912067686141267,11,-10.0,median_snr_below_threshold,symlinked
train,HFocusing_5_10_2um2_0_2532.npy,P0/data/dataset_particles2SNR_c1/train/2um/HFocusing_5_10_2um2_0_2532.npy,P0/data/particles2SNR_4_class_lim10/train/unclear/HFocusing_5_10_2um2_0_2532.npy,2um,unclear,-12.64049958202214,-12.689679624953364,-18.864431015663136,-6.163040219076726,18,-10.0,median_snr_below_threshold,symlinked
train,HFocusing_5_10_2um2_0_2534.npy,P0/data/dataset_particles2SNR_c1/train/2um/HFocusing_5_10_2um2_0_2534.npy,P0/data/particles2SNR_4_class_lim10/train/unclear/HFocusing_5_10_2um2_0_2534.npy,2um,unclear,-12.525547150203733,-12.291474032321263,-15.091015788295358,-8.561817454507475,17,-10.0,median_snr_below_threshold,symlinked
train,HFocusing_5_10_2um2_0_2538.npy,P0/data/dataset_particles2SNR_c1/train/2um/HFocusing_5_10_2um2_0_2538.npy,P0/data/particles2SNR_4_class_lim10/train/unclear/HFocusing_5_10_2um2_0_2538.npy,2um,unclear,-12.679685005171084,-13.680791536799784,-19.784456755379885,-8.85457592463161,16,-10.0,median_snr_below_threshold,symlinked
train,HFocusing_5_10_2um2_0_254.npy,P0/data/dataset_particles2SNR_c1/train/2um/HFocusing_5_10_2um2_0_254.npy,P0/data/particles2SNR_4_class_lim10/train/2um/HFocusing_5_10_2um2_0_254.npy,2um,2um,-8.56012042222187,-8.572703168907514,-15.044330292401806,-0.7340224389325065,13,-10.0,median_snr_at_or_above_threshold,symlinked
train,HFocusing_5_10_2um2_0_2541.npy,P0/data/dataset_particles2SNR_c1/train/2um/HFocusing_5_10_2um2_0_2541.npy,P0/data/particles2SNR_4_class_lim10/train/unclear/HFocusing_5_10_2um2_0_2541.npy,2um,unclear,-11.492887904249239,-12.611933533279897,-15.832447606336697,-8.15652690189022,9,-10.0,median_snr_below_threshold,symlinked
train,HFocusing_5_10_2um2_0_2545.npy,P0/data/dataset_particles2SNR_c1/train/2um/HFocusing_5_10_2um2_0_2545.npy,P0/data/particles2SNR_4_class_lim10/train/unclear/HFocusing_5_10_2um2_0_2545.npy,2um,unclear,-12.680645579776302,-13.045708617177377,-15.974874634481653,-10.371678367353507,17,-10.0,median_snr_below_threshold,symlinked
train,HFocusing_5_10_2um2_0_2549.npy,P0/data/dataset_particles2SNR_c1/train/2um/HFocusing_5_10_2um2_0_2549.npy,P0/data/particles2SNR_4_class_lim10/train/unclear/HFocusing_5_10_2um2_0_2549.npy,2um,unclear,-12.815799454901907,-12.61621653295988,-18.947631610574543,-2.603047451150718,18,-10.0,median_snr_below_threshold,symlinked
train,HFocusing_5_10_2um2_0_2553.npy,P0/data/dataset_particles2SNR_c1/train/2um/HFocusing_5_10_2um2_0_2553.npy,P0/data/particles2SNR_4_class_lim10/train/unclear/HFocusing_5_10_2um2_0_2553.npy,2um,unclear,-13.347284688311834,-11.50390267049926,-15.829454167237616,-0.617995530195031,8,-10.0,median_snr_below_threshold,symlinked
train,HFocusing_5_10_2um2_0_2556.npy,P0/data/dataset_particles2SNR_c1/train/2um/HFocusing_5_10_2um2_0_2556.npy,P0/data/particles2SNR_4_class_lim10/train/unclear/HFocusing_5_10_2um2_0_2556.npy,2um,unclear,-13.032307345267137,-12.961461406894088,-21.699728015944903,-8.63645945116144,14,-10.0,median_snr_below_threshold,symlinked
train,HFocusing_5_10_2um2_0_2557.npy,P0/data/dataset_particles2SNR_c1/train/2um/HFocusing_5_10_2um2_0_2557.npy,P0/data/particles2SNR_4_class_lim10/train/unclear/HFocusing_5_10_2um2_0_2557.npy,2um,unclear,-14.2654673006891,-12.772558626293593,-18.980473717393515,1.993229332270265,12,-10.0,median_snr_below_threshold,symlinked
train,HFocusing_5_10_2um2_0_2559.npy,P0/data/dataset_particles2SNR_c1/train/2um/HFocusing_5_10_2um2_0_2559.npy,P0/data/particles2SNR_4_class_lim10/train/unclear/HFocusing_5_10_2um2_0_2559.npy,2um,unclear,-11.95856439841675,-12.29173867521636,-18.350047794759988,-6.993379506969797,15,-10.0,median_snr_below_threshold,symlinked
train,HFocusing_5_10_2um2_0_2560.npy,P0/data/dataset_particles2SNR_c1/train/2um/HFocusing_5_10_2um2_0_2560.npy,P0/data/particles2SNR_4_class_lim10/train/unclear/HFocusing_5_10_2um2_0_2560.npy,2um,unclear,-12.467437468720288,-12.20231132418326,-16.46171582170922,-0.8193969138899708,21,-10.0,median_snr_below_threshold,symlinked
train,HFocusing_5_10_2um2_0_2563.npy,P0/data/dataset_particles2SNR_c1/train/2um/HFocusing_5_10_2um2_0_2563.npy,P0/data/particles2SNR_4_class_lim10/train/unclear/HFocusing_5_10_2um2_0_2563.npy,2um,unclear,-11.934210679678776,-11.634049678576572,-14.45721248764765,-9.518266388790366,14,-10.0,median_snr_below_threshold,symlinked
train,HFocusing_5_10_2um2_0_2564.npy,P0/data/dataset_particles2SNR_c1/train/2um/HFocusing_5_10_2um2_0_2564.npy,P0/data/particles2SNR_4_class_lim10/train/unclear/HFocusing_5_10_2um2_0_2564.npy,2um,unclear,-11.518381834636633,-11.620394982921523,-20.13688664607509,-2.367549480899574,13,-10.0,median_snr_below_threshold,symlinked
train,HFocusing_5_10_2um2_0_2567.npy,P0/data/dataset_particles2SNR_c1/train/2um/HFocusing_5_10_2um2_0_2567.npy,P0/data/particles2SNR_4_class_lim10/train/unclear/HFocusing_5_10_2um2_0_2567.npy,2um,unclear,-12.026474281408069,-11.787907892454568,-15.673642718719968,-8.309532047420916,11,-10.0,median_snr_below_threshold,symlinked
train,HFocusing_5_10_2um2_0_2568.npy,P0/data/dataset_particles2SNR_c1/train/2um/HFocusing_5_10_2um2_0_2568.npy,P0/data/particles2SNR_4_class_lim10/train/unclear/HFocusing_5_10_2um2_0_2568.npy,2um,unclear,-11.919370544962312,-11.507710967493528,-17.426744513747007,-3.0038060140058405,19,-10.0,median_snr_below_threshold,symlinked
train,HFocusing_5_10_2um2_0_257.npy,P0/data/dataset_particles2SNR_c1/train/2um/HFocusing_5_10_2um2_0_257.npy,P0/data/particles2SNR_4_class_lim10/train/unclear/HFocusing_5_10_2um2_0_257.npy,2um,unclear,-13.823999932021174,-13.332551761443677,-16.37408166921899,-7.323755439255621,23,-10.0,median_snr_below_threshold,symlinked
train,HFocusing_5_10_2um2_0_2571.npy,P0/data/dataset_particles2SNR_c1/train/2um/HFocusing_5_10_2um2_0_2571.npy,P0/data/particles2SNR_4_class_lim10/train/unclear/HFocusing_5_10_2um2_0_2571.npy,2um,unclear,-12.680044891554479,-13.31515330978569,-16.340241507186523,-10.380422661502795,10,-10.0,median_snr_below_threshold,symlinked
train,HFocusing_5_10_2um2_0_2576.npy,P0/data/dataset_particles2SNR_c1/train/2um/HFocusing_5_10_2um2_0_2576.npy,P0/data/particles2SNR_4_class_lim10/train/unclear/HFocusing_5_10_2um2_0_2576.npy,2um,unclear,-11.120992627492871,-10.426167346423842,-16.01241959356368,-0.8093111259803575,13,-10.0,median_snr_below_threshold,symlinked
train,HFocusing_5_10_2um2_0_258.npy,P0/data/dataset_particles2SNR_c1/train/2um/HFocusing_5_10_2um2_0_258.npy,P0/data/particles2SNR_4_class_lim10/train/unclear/HFocusing_5_10_2um2_0_258.npy,2um,unclear,-13.798423640248554,-13.119985632472366,-17.83265856204061,-8.146780774156401,22,-10.0,median_snr_below_threshold,symlinked
train,HFocusing_5_10_2um2_0_2580.npy,P0/data/dataset_particles2SNR_c1/train/2um/HFocusing_5_10_2um2_0_2580.npy,P0/data/particles2SNR_4_class_lim10/train/unclear/HFocusing_5_10_2um2_0_2580.npy,2um,unclear,-11.943467349870929,-10.811514977200133,-15.557511383257648,0.23759777916173735,12,-10.0,median_snr_below_threshold,symlinked
train,HFocusing_5_10_2um2_0_2583.npy,P0/data/dataset_particles2SNR_c1/train/2um/HFocusing_5_10_2um2_0_2583.npy,P0/data/particles2SNR_4_class_lim10/train/unclear/HFocusing_5_10_2um2_0_2583.npy,2um,unclear,-10.7346496813555,-10.699853235608188,-15.781616318607243,-3.2780682886316947,19,-10.0,median_snr_below_threshold,symlinked
train,HFocusing_5_10_2um2_0_2584.npy,P0/data/dataset_particles2SNR_c1/train/2um/HFocusing_5_10_2um2_0_2584.npy,P0/data/particles2SNR_4_class_lim10/train/unclear/HFocusing_5_10_2um2_0_2584.npy,2um,unclear,-11.576957525309746,-11.21602537570365,-16.586938788866295,-1.7625085283153834,18,-10.0,median_snr_below_threshold,symlinked
train,HFocusing_5_10_2um2_0_2588.npy,P0/data/dataset_particles2SNR_c1/train/2um/HFocusing_5_10_2um2_0_2588.npy,P0/data/particles2SNR_4_class_lim10/train/unclear/HFocusing_5_10_2um2_0_2588.npy,2um,unclear,-12.551376764964864,-13.157962182013113,-18.511602949759972,-7.884599546696682,20,-10.0,median_snr_below_threshold,symlinked
train,HFocusing_5_10_2um2_0_2594.npy,P0/data/dataset_particles2SNR_c1/train/2um/HFocusing_5_10_2um2_0_2594.npy,P0/data/particles2SNR_4_class_lim10/train/unclear/HFocusing_5_10_2um2_0_2594.npy,2um,unclear,-12.799551621272677,-13.00321624941979,-14.620543471966428,-11.940927185358541,10,-10.0,median_snr_below_threshold,symlinked
train,HFocusing_5_10_2um2_0_2595.npy,P0/data/dataset_particles2SNR_c1/train/2um/HFocusing_5_10_2um2_0_2595.npy,P0/data/particles2SNR_4_class_lim10/train/unclear/HFocusing_5_10_2um2_0_2595.npy,2um,unclear,-11.838363953498543,-10.729878256940808,-17.732921505811188,10.782730740495243,17,-10.0,median_snr_below_threshold,symlinked
train,HFocusing_5_10_2um2_0_2598.npy,P0/data/dataset_particles2SNR_c1/train/2um/HFocusing_5_10_2um2_0_2598.npy,P0/data/particles2SNR_4_class_lim10/train/unclear/HFocusing_5_10_2um2_0_2598.npy,2um,unclear,-14.200855147821487,-13.874073319773887,-18.72539321803666,-8.26271707954903,15,-10.0,median_snr_below_threshold,symlinked
train,HFocusing_5_10_2um2_0_2599.npy,P0/data/dataset_particles2SNR_c1/train/2um/HFocusing_5_10_2um2_0_2599.npy,P0/data/particles2SNR_4_class_lim10/train/unclear/HFocusing_5_10_2um2_0_2599.npy,2um,unclear,-13.952252152120835,-14.213140352564794,-17.985637288650626,-8.294290489677241,21,-10.0,median_snr_below_threshold,symlinked
train,HFocusing_5_10_2um2_0_2605.npy,P0/data/dataset_particles2SNR_c1/train/2um/HFocusing_5_10_2um2_0_2605.npy,P0/data/particles2SNR_4_class_lim10/train/unclear/HFocusing_5_10_2um2_0_2605.npy,2um,unclear,-12.482904557486146,-12.332232194021053,-14.754755153537333,-8.366824066562973,17,-10.0,median_snr_below_threshold,symlinked
train,HFocusing_5_10_2um2_0_2606.npy,P0/data/dataset_particles2SNR_c1/train/2um/HFocusing_5_10_2um2_0_2606.npy,P0/data/particles2SNR_4_class_lim10/train/unclear/HFocusing_5_10_2um2_0_2606.npy,2um,unclear,-11.382039531976766,-11.087362327888822,-19.549898585870302,2.841127635363165,15,-10.0,median_snr_below_threshold,symlinked
train,HFocusing_5_10_2um2_0_2608.npy,P0/data/dataset_particles2SNR_c1/train/2um/HFocusing_5_10_2um2_0_2608.npy,P0/data/particles2SNR_4_class_lim10/train/unclear/HFocusing_5_10_2um2_0_2608.npy,2um,unclear,-12.804202237883171,-12.467695699436032,-15.774163845116501,-6.41274454773611,17,-10.0,median_snr_below_threshold,symlinked
train,HFocusing_5_10_2um2_0_2609.npy,P0/data/dataset_particles2SNR_c1/train/2um/HFocusing_5_10_2um2_0_2609.npy,P0/data/particles2SNR_4_class_lim10/train/unclear/HFocusing_5_10_2um2_0_2609.npy,2um,unclear,-12.03499838267312,-10.27155185263683,-16.65671220130775,0.41439356750478934,14,-10.0,median_snr_below_threshold,symlinked
train,HFocusing_5_10_2um2_0_261.npy,P0/data/dataset_particles2SNR_c1/train/2um/HFocusing_5_10_2um2_0_261.npy,P0/data/particles2SNR_4_class_lim10/train/unclear/HFocusing_5_10_2um2_0_261.npy,2um,unclear,-12.556884242641118,-11.568228215791706,-18.489581292200917,3.8780630269062737,16,-10.0,median_snr_below_threshold,symlinked
train,HFocusing_5_10_2um2_0_2612.npy,P0/data/dataset_particles2SNR_c1/train/2um/HFocusing_5_10_2um2_0_2612.npy,P0/data/particles2SNR_4_class_lim10/train/unclear/HFocusing_5_10_2um2_0_2612.npy,2um,unclear,-10.958387972861548,-9.581802421548094,-14.464134651120865,-1.8151055807131065,12,-10.0,median_snr_below_threshold,symlinked
train,HFocusing_5_10_2um2_0_2616.npy,P0/data/dataset_particles2SNR_c1/train/2um/HFocusing_5_10_2um2_0_2616.npy,P0/data/particles2SNR_4_class_lim10/train/unclear/HFocusing_5_10_2um2_0_2616.npy,2um,unclear,-11.419499169912026,-10.31300391545281,-16.026704516443292,3.7237841288357747,14,-10.0,median_snr_below_threshold,symlinked
train,HFocusing_5_10_2um2_0_2619.npy,P0/data/dataset_particles2SNR_c1/train/2um/HFocusing_5_10_2um2_0_2619.npy,P0/data/particles2SNR_4_class_lim10/train/unclear/HFocusing_5_10_2um2_0_2619.npy,2um,unclear,-13.231715414727148,-12.579308005733235,-15.753096181763137,-8.009682648407335,13,-10.0,median_snr_below_threshold,symlinked
train,HFocusing_5_10_2um2_0_2623.npy,P0/data/dataset_particles2SNR_c1/train/2um/HFocusing_5_10_2um2_0_2623.npy,P0/data/particles2SNR_4_class_lim10/train/unclear/HFocusing_5_10_2um2_0_2623.npy,2um,unclear,-13.117494043930826,-12.714304097705998,-17.496162071562303,-2.846432198270905,18,-10.0,median_snr_below_threshold,symlinked
train,HFocusing_5_10_2um2_0_2626.npy,P0/data/dataset_particles2SNR_c1/train/2um/HFocusing_5_10_2um2_0_2626.npy,P0/data/particles2SNR_4_class_lim10/train/unclear/HFocusing_5_10_2um2_0_2626.npy,2um,unclear,-12.712276427447831,-12.988794368753014,-17.26355253254819,-9.559040353300327,20,-10.0,median_snr_below_threshold,symlinked
train,HFocusing_5_10_2um2_0_2627.npy,P0/data/dataset_particles2SNR_c1/train/2um/HFocusing_5_10_2um2_0_2627.npy,P0/data/particles2SNR_4_class_lim10/train/unclear/HFocusing_5_10_2um2_0_2627.npy,2um,unclear,-10.2853560817213,-8.950953217001645,-14.88262929960838,7.795236534324511,9,-10.0,median_snr_below_threshold,symlinked
train,HFocusing_5_10_2um2_0_263.npy,P0/data/dataset_particles2SNR_c1/train/2um/HFocusing_5_10_2um2_0_263.npy,P0/data/particles2SNR_4_class_lim10/train/unclear/HFocusing_5_10_2um2_0_263.npy,2um,unclear,-14.060510255702043,-13.976421014226673,-18.622773823563236,-8.183667443991924,20,-10.0,median_snr_below_threshold,symlinked
train,HFocusing_5_10_2um2_0_2630.npy,P0/data/dataset_particles2SNR_c1/train/2um/HFocusing_5_10_2um2_0_2630.npy,P0/data/particles2SNR_4_class_lim10/train/unclear/HFocusing_5_10_2um2_0_2630.npy,2um,unclear,-14.048364372538098,-12.867047059133794,-16.776874700334147,4.370783051249525,19,-10.0,median_snr_below_threshold,symlinked
train,HFocusing_5_10_2um2_0_2633.npy,P0/data/dataset_particles2SNR_c1/train/2um/HFocusing_5_10_2um2_0_2633.npy,P0/data/particles2SNR_4_class_lim10/train/unclear/HFocusing_5_10_2um2_0_2633.npy,2um,unclear,-13.547632308554508,-13.378364951524947,-20.674489570039288,-6.674352306906051,20,-10.0,median_snr_below_threshold,symlinked
train,HFocusing_5_10_2um2_0_264.npy,P0/data/dataset_particles2SNR_c1/train/2um/HFocusing_5_10_2um2_0_264.npy,P0/data/particles2SNR_4_class_lim10/train/unclear/HFocusing_5_10_2um2_0_264.npy,2um,unclear,-12.423435202265303,-11.28999623690656,-17.380760754716636,2.507029842627548,17,-10.0,median_snr_below_threshold,symlinked
train,HFocusing_5_10_2um2_0_266.npy,P0/data/dataset_particles2SNR_c1/train/2um/HFocusing_5_10_2um2_0_266.npy,P0/data/particles2SNR_4_class_lim10/train/unclear/HFocusing_5_10_2um2_0_266.npy,2um,unclear,-10.36021410167933,-10.611108750853804,-17.485957900607463,-5.345604948249032,18,-10.0,median_snr_below_threshold,symlinked
train,HFocusing_5_10_2um2_0_267.npy,P0/data/dataset_particles2SNR_c1/train/2um/HFocusing_5_10_2um2_0_267.npy,P0/data/particles2SNR_4_class_lim10/train/unclear/HFocusing_5_10_2um2_0_267.npy,2um,unclear,-11.223719148783788,-10.960073228228831,-15.403956740283089,-0.3325622172650776,14,-10.0,median_snr_below_threshold,symlinked
train,HFocusing_5_10_2um2_0_270.npy,P0/data/dataset_particles2SNR_c1/train/2um/HFocusing_5_10_2um2_0_270.npy,P0/data/particles2SNR_4_class_lim10/train/unclear/HFocusing_5_10_2um2_0_270.npy,2um,unclear,-11.842446890399644,-11.393706981193862,-15.71100682371019,0.7227505361707245,13,-10.0,median_snr_below_threshold,symlinked
train,HFocusing_5_10_2um2_0_273.npy,P0/data/dataset_particles2SNR_c1/train/2um/HFocusing_5_10_2um2_0_273.npy,P0/data/particles2SNR_4_class_lim10/train/unclear/HFocusing_5_10_2um2_0_273.npy,2um,unclear,-11.839474445352023,-12.264365575478736,-17.554328357093045,-8.366131802334408,20,-10.0,median_snr_below_threshold,symlinked
train,HFocusing_5_10_2um2_0_274.npy,P0/data/dataset_particles2SNR_c1/train/2um/HFocusing_5_10_2um2_0_274.npy,P0/data/particles2SNR_4_class_lim10/train/unclear/HFocusing_5_10_2um2_0_274.npy,2um,unclear,-13.953348587384895,-13.154112994862889,-19.284805477995647,-0.4561732099468247,18,-10.0,median_snr_below_threshold,symlinked
train,HFocusing_5_10_2um2_0_277.npy,P0/data/dataset_particles2SNR_c1/train/2um/HFocusing_5_10_2um2_0_277.npy,P0/data/particles2SNR_4_class_lim10/train/unclear/HFocusing_5_10_2um2_0_277.npy,2um,unclear,-11.389791560464403,-10.932607549699018,-17.690824879741875,-0.4568754262403112,15,-10.0,median_snr_below_threshold,symlinked
train,HFocusing_5_10_2um2_0_28.npy,P0/data/dataset_particles2SNR_c1/train/2um/HFocusing_5_10_2um2_0_28.npy,P0/data/particles2SNR_4_class_lim10/train/unclear/HFocusing_5_10_2um2_0_28.npy,2um,unclear,-12.991663513111133,-12.274468139524563,-19.69113805036357,-3.3223846232960774,17,-10.0,median_snr_below_threshold,symlinked
train,HFocusing_5_10_2um2_0_281.npy,P0/data/dataset_particles2SNR_c1/train/2um/HFocusing_5_10_2um2_0_281.npy,P0/data/particles2SNR_4_class_lim10/train/unclear/HFocusing_5_10_2um2_0_281.npy,2um,unclear,-10.995926088494974,-9.43205745561774,-13.976247735608228,0.39217765675934846,16,-10.0,median_snr_below_threshold,symlinked
train,HFocusing_5_10_2um2_0_284.npy,P0/data/dataset_particles2SNR_c1/train/2um/HFocusing_5_10_2um2_0_284.npy,P0/data/particles2SNR_4_class_lim10/train/unclear/HFocusing_5_10_2um2_0_284.npy,2um,unclear,-13.36021887161197,-13.002498050626556,-17.22899652385808,-9.693869068436783,16,-10.0,median_snr_below_threshold,symlinked
train,HFocusing_5_10_2um2_0_285.npy,P0/data/dataset_particles2SNR_c1/train/2um/HFocusing_5_10_2um2_0_285.npy,P0/data/particles2SNR_4_class_lim10/train/unclear/HFocusing_5_10_2um2_0_285.npy,2um,unclear,-11.571655016862659,-10.688769305790673,-15.007246710478327,2.6920231138490114,11,-10.0,median_snr_below_threshold,symlinked
train,HFocusing_5_10_2um2_0_289.npy,P0/data/dataset_particles2SNR_c1/train/2um/HFocusing_5_10_2um2_0_289.npy,P0/data/particles2SNR_4_class_lim10/train/unclear/HFocusing_5_10_2um2_0_289.npy,2um,unclear,-12.763384032311503,-12.121954504237396,-17.600535379501892,0.18923028184919788,19,-10.0,median_snr_below_threshold,symlinked
train,HFocusing_5_10_2um2_0_291.npy,P0/data/dataset_particles2SNR_c1/train/2um/HFocusing_5_10_2um2_0_291.npy,P0/data/particles2SNR_4_class_lim10/train/unclear/HFocusing_5_10_2um2_0_291.npy,2um,unclear,-14.014841480151096,-14.404562037512138,-18.46975914229837,-10.276110249533431,19,-10.0,median_snr_below_threshold,symlinked
train,HFocusing_5_10_2um2_0_292.npy,P0/data/dataset_particles2SNR_c1/train/2um/HFocusing_5_10_2um2_0_292.npy,P0/data/particles2SNR_4_class_lim10/train/2um/HFocusing_5_10_2um2_0_292.npy,2um,2um,-9.54838226327002,-8.548883067560418,-18.04291901980538,0.8046183335411483,9,-10.0,median_snr_at_or_above_threshold,symlinked
train,HFocusing_5_10_2um2_0_296.npy,P0/data/dataset_particles2SNR_c1/train/2um/HFocusing_5_10_2um2_0_296.npy,P0/data/particles2SNR_4_class_lim10/train/unclear/HFocusing_5_10_2um2_0_296.npy,2um,unclear,-11.804777640967707,-11.566802798530532,-17.190937416226305,-1.11881995647502,14,-10.0,median_snr_below_threshold,symlinked
train,HFocusing_5_10_2um2_0_299.npy,P0/data/dataset_particles2SNR_c1/train/2um/HFocusing_5_10_2um2_0_299.npy,P0/data/particles2SNR_4_class_lim10/train/unclear/HFocusing_5_10_2um2_0_299.npy,2um,unclear,-11.881176000378924,-11.552115748083434,-18.65543001156619,-3.495460261771945,11,-10.0,median_snr_below_threshold,symlinked
train,HFocusing_5_10_2um2_0_3.npy,P0/data/dataset_particles2SNR_c1/train/2um/HFocusing_5_10_2um2_0_3.npy,P0/data/particles2SNR_4_class_lim10/train/unclear/HFocusing_5_10_2um2_0_3.npy,2um,unclear,-12.934171358457206,-11.607133378855595,-18.825973386392544,2.8925920791318367,19,-10.0,median_snr_below_threshold,symlinked
train,HFocusing_5_10_2um2_0_300.npy,P0/data/dataset_particles2SNR_c1/train/2um/HFocusing_5_10_2um2_0_300.npy,P0/data/particles2SNR_4_class_lim10/train/unclear/HFocusing_5_10_2um2_0_300.npy,2um,unclear,-11.69543937412297,-9.956387035549803,-15.774761730999455,3.5129266288525027,12,-10.0,median_snr_below_threshold,symlinked
train,HFocusing_5_10_2um2_0_303.npy,P0/data/dataset_particles2SNR_c1/train/2um/HFocusing_5_10_2um2_0_303.npy,P0/data/particles2SNR_4_class_lim10/train/unclear/HFocusing_5_10_2um2_0_303.npy,2um,unclear,-11.373963012173164,-11.704540739479535,-15.211740090835072,-8.983058932778638,12,-10.0,median_snr_below_threshold,symlinked
train,HFocusing_5_10_2um2_0_305.npy,P0/data/dataset_particles2SNR_c1/train/2um/HFocusing_5_10_2um2_0_305.npy,P0/data/particles2SNR_4_class_lim10/train/unclear/HFocusing_5_10_2um2_0_305.npy,2um,unclear,-13.041780855324262,-13.028958915654087,-16.875304359240225,-7.978566419712338,16,-10.0,median_snr_below_threshold,symlinked
train,HFocusing_5_10_2um2_0_306.npy,P0/data/dataset_particles2SNR_c1/train/2um/HFocusing_5_10_2um2_0_306.npy,P0/data/particles2SNR_4_class_lim10/train/unclear/HFocusing_5_10_2um2_0_306.npy,2um,unclear,-13.376405801179757,-13.175168765375426,-18.417576897638728,-0.19036538342649345,15,-10.0,median_snr_below_threshold,symlinked
train,HFocusing_5_10_2um2_0_309.npy,P0/data/dataset_particles2SNR_c1/train/2um/HFocusing_5_10_2um2_0_309.npy,P0/data/particles2SNR_4_class_lim10/train/unclear/HFocusing_5_10_2um2_0_309.npy,2um,unclear,-12.426865377515403,-12.60028734922913,-16.56386472068874,-6.772761377213703,15,-10.0,median_snr_below_threshold,symlinked
train,HFocusing_5_10_2um2_0_31.npy,P0/data/dataset_particles2SNR_c1/train/2um/HFocusing_5_10_2um2_0_31.npy,P0/data/particles2SNR_4_class_lim10/train/unclear/HFocusing_5_10_2um2_0_31.npy,2um,unclear,-14.085927379004136,-13.708634094337567,-22.29651993176452,-5.0784686879056835,18,-10.0,median_snr_below_threshold,symlinked
train,HFocusing_5_10_2um2_0_310.npy,P0/data/dataset_particles2SNR_c1/train/2um/HFocusing_5_10_2um2_0_310.npy,P0/data/particles2SNR_4_class_lim10/train/unclear/HFocusing_5_10_2um2_0_310.npy,2um,unclear,-13.244822324178775,-11.863487529136586,-16.940691803372463,3.471241401442433,17,-10.0,median_snr_below_threshold,symlinked
train,HFocusing_5_10_2um2_0_313.npy,P0/data/dataset_particles2SNR_c1/train/2um/HFocusing_5_10_2um2_0_313.npy,P0/data/particles2SNR_4_class_lim10/train/unclear/HFocusing_5_10_2um2_0_313.npy,2um,unclear,-11.077825975197115,-11.703203000052302,-20.088477999051765,-2.0233331049417815,15,-10.0,median_snr_below_threshold,symlinked
train,HFocusing_5_10_2um2_0_314.npy,P0/data/dataset_particles2SNR_c1/train/2um/HFocusing_5_10_2um2_0_314.npy,P0/data/particles2SNR_4_class_lim10/train/unclear/HFocusing_5_10_2um2_0_314.npy,2um,unclear,-12.066926343254934,-9.715619951367682,-17.29310192239688,7.1524002612432716,10,-10.0,median_snr_below_threshold,symlinked
train,HFocusing_5_10_2um2_0_317.npy,P0/data/dataset_particles2SNR_c1/train/2um/HFocusing_5_10_2um2_0_317.npy,P0/data/particles2SNR_4_class_lim10/train/unclear/HFocusing_5_10_2um2_0_317.npy,2um,unclear,-11.949751280301765,-11.975212470693327,-21.76705714318121,-0.6395082096516952,19,-10.0,median_snr_below_threshold,symlinked
train,HFocusing_5_10_2um2_0_320.npy,P0/data/dataset_particles2SNR_c1/train/2um/HFocusing_5_10_2um2_0_320.npy,P0/data/particles2SNR_4_class_lim10/train/unclear/HFocusing_5_10_2um2_0_320.npy,2um,unclear,-14.178868919969204,-11.610259264803293,-18.591185584663677,4.055642772025441,16,-10.0,median_snr_below_threshold,symlinked
train,HFocusing_5_10_2um2_0_323.npy,P0/data/dataset_particles2SNR_c1/train/2um/HFocusing_5_10_2um2_0_323.npy,P0/data/particles2SNR_4_class_lim10/train/unclear/HFocusing_5_10_2um2_0_323.npy,2um,unclear,-12.488476531113095,-10.03689650724063,-14.921487586135925,6.1736332581549505,21,-10.0,median_snr_below_threshold,symlinked
train,HFocusing_5_10_2um2_0_327.npy,P0/data/dataset_particles2SNR_c1/train/2um/HFocusing_5_10_2um2_0_327.npy,P0/data/particles2SNR_4_class_lim10/train/unclear/HFocusing_5_10_2um2_0_327.npy,2um,unclear,-13.048267787523963,-13.117449539501175,-18.28616913474779,-2.7393304695986114,20,-10.0,median_snr_below_threshold,symlinked
train,HFocusing_5_10_2um2_0_330.npy,P0/data/dataset_particles2SNR_c1/train/2um/HFocusing_5_10_2um2_0_330.npy,P0/data/particles2SNR_4_class_lim10/train/unclear/HFocusing_5_10_2um2_0_330.npy,2um,unclear,-13.188902668074904,-12.660394533130841,-20.711337358104487,1.5004150349173508,15,-10.0,median_snr_below_threshold,symlinked
train,HFocusing_5_10_2um2_0_333.npy,P0/data/dataset_particles2SNR_c1/train/2um/HFocusing_5_10_2um2_0_333.npy,P0/data/particles2SNR_4_class_lim10/train/unclear/HFocusing_5_10_2um2_0_333.npy,2um,unclear,-12.486238320463645,-12.751947518616735,-20.72011112563044,-8.222932144257285,20,-10.0,median_snr_below_threshold,symlinked
train,HFocusing_5_10_2um2_0_334.npy,P0/data/dataset_particles2SNR_c1/train/2um/HFocusing_5_10_2um2_0_334.npy,P0/data/particles2SNR_4_class_lim10/train/unclear/HFocusing_5_10_2um2_0_334.npy,2um,unclear,-10.935720486772407,-9.596858363477589,-14.943978401062747,-1.2655432512276152,14,-10.0,median_snr_below_threshold,symlinked
train,HFocusing_5_10_2um2_0_336.npy,P0/data/dataset_particles2SNR_c1/train/2um/HFocusing_5_10_2um2_0_336.npy,P0/data/particles2SNR_4_class_lim10/train/unclear/HFocusing_5_10_2um2_0_336.npy,2um,unclear,-12.164342725582962,-10.79759835659241,-22.141264761902136,3.021247950622961,16,-10.0,median_snr_below_threshold,symlinked
train,HFocusing_5_10_2um2_0_339.npy,P0/data/dataset_particles2SNR_c1/train/2um/HFocusing_5_10_2um2_0_339.npy,P0/data/particles2SNR_4_class_lim10/train/unclear/HFocusing_5_10_2um2_0_339.npy,2um,unclear,-12.436456017678413,-12.532814114958214,-14.03774776892031,-11.134828147420492,8,-10.0,median_snr_below_threshold,symlinked
train,HFocusing_5_10_2um2_0_340.npy,P0/data/dataset_particles2SNR_c1/train/2um/HFocusing_5_10_2um2_0_340.npy,P0/data/particles2SNR_4_class_lim10/train/2um/HFocusing_5_10_2um2_0_340.npy,2um,2um,-7.46398013972255,-6.488565922015242,-15.964368653245263,-0.18258575669012622,7,-10.0,median_snr_at_or_above_threshold,symlinked
train,HFocusing_5_10_2um2_0_343.npy,P0/data/dataset_particles2SNR_c1/train/2um/HFocusing_5_10_2um2_0_343.npy,P0/data/particles2SNR_4_class_lim10/train/unclear/HFocusing_5_10_2um2_0_343.npy,2um,unclear,-13.251364653041069,-12.953654720006803,-18.06864388457897,-4.023345966366802,26,-10.0,median_snr_below_threshold,symlinked
train,HFocusing_5_10_2um2_0_346.npy,P0/data/dataset_particles2SNR_c1/train/2um/HFocusing_5_10_2um2_0_346.npy,P0/data/particles2SNR_4_class_lim10/train/unclear/HFocusing_5_10_2um2_0_346.npy,2um,unclear,-12.376129382961505,-11.453701966851014,-16.995350371924953,-2.4267997342764565,17,-10.0,median_snr_below_threshold,symlinked
train,HFocusing_5_10_2um2_0_347.npy,P0/data/dataset_particles2SNR_c1/train/2um/HFocusing_5_10_2um2_0_347.npy,P0/data/particles2SNR_4_class_lim10/train/unclear/HFocusing_5_10_2um2_0_347.npy,2um,unclear,-12.116130180206035,-11.625216461311572,-18.699415704028105,-0.7843149830954848,19,-10.0,median_snr_below_threshold,symlinked
train,HFocusing_5_10_2um2_0_35.npy,P0/data/dataset_particles2SNR_c1/train/2um/HFocusing_5_10_2um2_0_35.npy,P0/data/particles2SNR_4_class_lim10/train/unclear/HFocusing_5_10_2um2_0_35.npy,2um,unclear,-14.191033504054019,-13.781314212050766,-17.867223107705893,-9.564242732189948,18,-10.0,median_snr_below_threshold,symlinked
train,HFocusing_5_10_2um2_0_350.npy,P0/data/dataset_particles2SNR_c1/train/2um/HFocusing_5_10_2um2_0_350.npy,P0/data/particles2SNR_4_class_lim10/train/unclear/HFocusing_5_10_2um2_0_350.npy,2um,unclear,-13.467058213989333,-12.805891134971528,-16.57838482397173,-5.497155374556243,17,-10.0,median_snr_below_threshold,symlinked
train,HFocusing_5_10_2um2_0_351.npy,P0/data/dataset_particles2SNR_c1/train/2um/HFocusing_5_10_2um2_0_351.npy,P0/data/particles2SNR_4_class_lim10/train/unclear/HFocusing_5_10_2um2_0_351.npy,2um,unclear,-14.245300847177916,-13.44353553107164,-20.994248034713966,-1.6081479547483348,18,-10.0,median_snr_below_threshold,symlinked
train,HFocusing_5_10_2um2_0_353.npy,P0/data/dataset_particles2SNR_c1/train/2um/HFocusing_5_10_2um2_0_353.npy,P0/data/particles2SNR_4_class_lim10/train/unclear/HFocusing_5_10_2um2_0_353.npy,2um,unclear,-10.206673012006307,-8.251750704667165,-16.932233595961897,5.408128479494759,14,-10.0,median_snr_below_threshold,symlinked
train,HFocusing_5_10_2um2_0_357.npy,P0/data/dataset_particles2SNR_c1/train/2um/HFocusing_5_10_2um2_0_357.npy,P0/data/particles2SNR_4_class_lim10/train/unclear/HFocusing_5_10_2um2_0_357.npy,2um,unclear,-13.726455229159813,-12.345267532962318,-17.167084453083348,-2.0568779767467786,18,-10.0,median_snr_below_threshold,symlinked
train,HFocusing_5_10_2um2_0_36.npy,P0/data/dataset_particles2SNR_c1/train/2um/HFocusing_5_10_2um2_0_36.npy,P0/data/particles2SNR_4_class_lim10/train/unclear/HFocusing_5_10_2um2_0_36.npy,2um,unclear,-11.158098233012817,-9.218500365829541,-18.477653025115828,1.3447558827872093,17,-10.0,median_snr_below_threshold,symlinked
train,HFocusing_5_10_2um2_0_360.npy,P0/data/dataset_particles2SNR_c1/train/2um/HFocusing_5_10_2um2_0_360.npy,P0/data/particles2SNR_4_class_lim10/train/unclear/HFocusing_5_10_2um2_0_360.npy,2um,unclear,-12.556470918417599,-11.849103487018576,-19.311280330181468,1.8624078584890866,15,-10.0,median_snr_below_threshold,symlinked
train,HFocusing_5_10_2um2_0_363.npy,P0/data/dataset_particles2SNR_c1/train/2um/HFocusing_5_10_2um2_0_363.npy,P0/data/particles2SNR_4_class_lim10/train/unclear/HFocusing_5_10_2um2_0_363.npy,2um,unclear,-12.404857076441992,-11.791477463647523,-15.517366265858117,-2.499780159236615,19,-10.0,median_snr_below_threshold,symlinked
train,HFocusing_5_10_2um2_0_364.npy,P0/data/dataset_particles2SNR_c1/train/2um/HFocusing_5_10_2um2_0_364.npy,P0/data/particles2SNR_4_class_lim10/train/unclear/HFocusing_5_10_2um2_0_364.npy,2um,unclear,-11.521889416673591,-10.898727820669128,-17.578810266232058,0.5419168697906744,15,-10.0,median_snr_below_threshold,symlinked
train,HFocusing_5_10_2um2_0_367.npy,P0/data/dataset_particles2SNR_c1/train/2um/HFocusing_5_10_2um2_0_367.npy,P0/data/particles2SNR_4_class_lim10/train/unclear/HFocusing_5_10_2um2_0_367.npy,2um,unclear,-12.517637061844455,-12.88594681785551,-17.89281699440721,-8.915564834068537,19,-10.0,median_snr_below_threshold,symlinked
train,HFocusing_5_10_2um2_0_368.npy,P0/data/dataset_particles2SNR_c1/train/2um/HFocusing_5_10_2um2_0_368.npy,P0/data/particles2SNR_4_class_lim10/train/unclear/HFocusing_5_10_2um2_0_368.npy,2um,unclear,-11.99235055905201,-10.369068048261646,-16.961903290217876,3.111107264724998,19,-10.0,median_snr_below_threshold,symlinked
train,HFocusing_5_10_2um2_0_371.npy,P0/data/dataset_particles2SNR_c1/train/2um/HFocusing_5_10_2um2_0_371.npy,P0/data/particles2SNR_4_class_lim10/train/unclear/HFocusing_5_10_2um2_0_371.npy,2um,unclear,-13.09798607298301,-12.798221570287025,-16.471337254571516,-7.708817806778749,15,-10.0,median_snr_below_threshold,symlinked
train,HFocusing_5_10_2um2_0_372.npy,P0/data/dataset_particles2SNR_c1/train/2um/HFocusing_5_10_2um2_0_372.npy,P0/data/particles2SNR_4_class_lim10/train/unclear/HFocusing_5_10_2um2_0_372.npy,2um,unclear,-12.51827949701938,-11.831958978691175,-19.188876356871024,1.4499653753784625,19,-10.0,median_snr_below_threshold,symlinked
train,HFocusing_5_10_2um2_0_374.npy,P0/data/dataset_particles2SNR_c1/train/2um/HFocusing_5_10_2um2_0_374.npy,P0/data/particles2SNR_4_class_lim10/train/unclear/HFocusing_5_10_2um2_0_374.npy,2um,unclear,-12.099761507381185,-10.247505574229072,-15.64917793508717,3.945396760662404,14,-10.0,median_snr_below_threshold,symlinked
train,HFocusing_5_10_2um2_0_378.npy,P0/data/dataset_particles2SNR_c1/train/2um/HFocusing_5_10_2um2_0_378.npy,P0/data/particles2SNR_4_class_lim10/train/unclear/HFocusing_5_10_2um2_0_378.npy,2um,unclear,-11.72124575758441,-12.325022265978122,-16.798744777472233,-9.413974312780354,18,-10.0,median_snr_below_threshold,symlinked
train,HFocusing_5_10_2um2_0_379.npy,P0/data/dataset_particles2SNR_c1/train/2um/HFocusing_5_10_2um2_0_379.npy,P0/data/particles2SNR_4_class_lim10/train/unclear/HFocusing_5_10_2um2_0_379.npy,2um,unclear,-13.323001369001018,-11.55251315669863,-19.333547226328218,1.591982456238778,15,-10.0,median_snr_below_threshold,symlinked
train,HFocusing_5_10_2um2_0_382.npy,P0/data/dataset_particles2SNR_c1/train/2um/HFocusing_5_10_2um2_0_382.npy,P0/data/particles2SNR_4_class_lim10/train/unclear/HFocusing_5_10_2um2_0_382.npy,2um,unclear,-12.871800506247672,-12.057701254581895,-18.74243566628686,1.2255230516707876,14,-10.0,median_snr_below_threshold,symlinked
train,HFocusing_5_10_2um2_0_385.npy,P0/data/dataset_particles2SNR_c1/train/2um/HFocusing_5_10_2um2_0_385.npy,P0/data/particles2SNR_4_class_lim10/train/unclear/HFocusing_5_10_2um2_0_385.npy,2um,unclear,-11.031612243402943,-9.968349931943063,-14.923690174357962,-2.5742294937753405,11,-10.0,median_snr_below_threshold,symlinked
train,HFocusing_5_10_2um2_0_39.npy,P0/data/dataset_particles2SNR_c1/train/2um/HFocusing_5_10_2um2_0_39.npy,P0/data/particles2SNR_4_class_lim10/train/unclear/HFocusing_5_10_2um2_0_39.npy,2um,unclear,-12.688279370229328,-13.06952281735835,-17.449456706546815,-10.178661861751472,20,-10.0,median_snr_below_threshold,symlinked
train,HFocusing_5_10_2um2_0_391.npy,P0/data/dataset_particles2SNR_c1/train/2um/HFocusing_5_10_2um2_0_391.npy,P0/data/particles2SNR_4_class_lim10/train/unclear/HFocusing_5_10_2um2_0_391.npy,2um,unclear,-10.975836884648574,-10.229353724234294,-18.054765987526288,-2.9246256285798315,12,-10.0,median_snr_below_threshold,symlinked
train,HFocusing_5_10_2um2_0_394.npy,P0/data/dataset_particles2SNR_c1/train/2um/HFocusing_5_10_2um2_0_394.npy,P0/data/particles2SNR_4_class_lim10/train/unclear/HFocusing_5_10_2um2_0_394.npy,2um,unclear,-12.8250980188591,-12.97834874447145,-18.479430789680766,0.0421344775124462,20,-10.0,median_snr_below_threshold,symlinked
train,HFocusing_5_10_2um2_0_397.npy,P0/data/dataset_particles2SNR_c1/train/2um/HFocusing_5_10_2um2_0_397.npy,P0/data/particles2SNR_4_class_lim10/train/unclear/HFocusing_5_10_2um2_0_397.npy,2um,unclear,-13.710188266167165,-13.942160031403253,-18.636757237095473,-8.805617507525215,19,-10.0,median_snr_below_threshold,symlinked
train,HFocusing_5_10_2um2_0_398.npy,P0/data/dataset_particles2SNR_c1/train/2um/HFocusing_5_10_2um2_0_398.npy,P0/data/particles2SNR_4_class_lim10/train/unclear/HFocusing_5_10_2um2_0_398.npy,2um,unclear,-12.461851234332972,-10.543067376805398,-19.825178673213088,5.369356732950925,15,-10.0,median_snr_below_threshold,symlinked
train,HFocusing_5_10_2um2_0_40.npy,P0/data/dataset_particles2SNR_c1/train/2um/HFocusing_5_10_2um2_0_40.npy,P0/data/particles2SNR_4_class_lim10/train/unclear/HFocusing_5_10_2um2_0_40.npy,2um,unclear,-13.617558026798912,-12.52018275399927,-17.622939285904188,5.986809708863969,16,-10.0,median_snr_below_threshold,symlinked
train,HFocusing_5_10_2um2_0_401.npy,P0/data/dataset_particles2SNR_c1/train/2um/HFocusing_5_10_2um2_0_401.npy,P0/data/particles2SNR_4_class_lim10/train/unclear/HFocusing_5_10_2um2_0_401.npy,2um,unclear,-13.484282903889957,-13.162242492488321,-16.21807431682177,-8.758425005112278,14,-10.0,median_snr_below_threshold,symlinked
train,HFocusing_5_10_2um2_0_406.npy,P0/data/dataset_particles2SNR_c1/train/2um/HFocusing_5_10_2um2_0_406.npy,P0/data/particles2SNR_4_class_lim10/train/unclear/HFocusing_5_10_2um2_0_406.npy,2um,unclear,-12.708406916685579,-12.059605656461361,-16.32589227798247,-1.2121739643236444,19,-10.0,median_snr_below_threshold,symlinked
train,HFocusing_5_10_2um2_0_409.npy,P0/data/dataset_particles2SNR_c1/train/2um/HFocusing_5_10_2um2_0_409.npy,P0/data/particles2SNR_4_class_lim10/train/2um/HFocusing_5_10_2um2_0_409.npy,2um,2um,-6.498792295607733,-7.30959372228414,-16.100095166984925,-2.4646767348909657,11,-10.0,median_snr_at_or_above_threshold,symlinked
train,HFocusing_5_10_2um2_0_413.npy,P0/data/dataset_particles2SNR_c1/train/2um/HFocusing_5_10_2um2_0_413.npy,P0/data/particles2SNR_4_class_lim10/train/unclear/HFocusing_5_10_2um2_0_413.npy,2um,unclear,-12.787125877547219,-13.211833993775118,-18.232436725610548,-9.284547872045154,19,-10.0,median_snr_below_threshold,symlinked
train,HFocusing_5_10_2um2_0_414.npy,P0/data/dataset_particles2SNR_c1/train/2um/HFocusing_5_10_2um2_0_414.npy,P0/data/particles2SNR_4_class_lim10/train/unclear/HFocusing_5_10_2um2_0_414.npy,2um,unclear,-12.474113121198847,-10.444908735862528,-14.962155483982878,3.7007908624626507,13,-10.0,median_snr_below_threshold,symlinked
train,HFocusing_5_10_2um2_0_417.npy,P0/data/dataset_particles2SNR_c1/train/2um/HFocusing_5_10_2um2_0_417.npy,P0/data/particles2SNR_4_class_lim10/train/unclear/HFocusing_5_10_2um2_0_417.npy,2um,unclear,-12.41880253277278,-12.183749931569698,-18.242911310273932,-4.026862383832812,21,-10.0,median_snr_below_threshold,symlinked
train,HFocusing_5_10_2um2_0_418.npy,P0/data/dataset_particles2SNR_c1/train/2um/HFocusing_5_10_2um2_0_418.npy,P0/data/particles2SNR_4_class_lim10/train/unclear/HFocusing_5_10_2um2_0_418.npy,2um,unclear,-10.78058747013296,-9.326636957067647,-15.858149181526848,5.763043368623135,13,-10.0,median_snr_below_threshold,symlinked
train,HFocusing_5_10_2um2_0_423.npy,P0/data/dataset_particles2SNR_c1/train/2um/HFocusing_5_10_2um2_0_423.npy,P0/data/particles2SNR_4_class_lim10/train/unclear/HFocusing_5_10_2um2_0_423.npy,2um,unclear,-11.380962584684903,-11.576117376489357,-13.907161492263837,-9.174200818689078,12,-10.0,median_snr_below_threshold,symlinked
train,HFocusing_5_10_2um2_0_43.npy,P0/data/dataset_particles2SNR_c1/train/2um/HFocusing_5_10_2um2_0_43.npy,P0/data/particles2SNR_4_class_lim10/train/unclear/HFocusing_5_10_2um2_0_43.npy,2um,unclear,-13.414519561040008,-11.4599270536891,-20.232013736930064,-1.0598940575300488,18,-10.0,median_snr_below_threshold,symlinked
train,HFocusing_5_10_2um2_0_431.npy,P0/data/dataset_particles2SNR_c1/train/2um/HFocusing_5_10_2um2_0_431.npy,P0/data/particles2SNR_4_class_lim10/train/unclear/HFocusing_5_10_2um2_0_431.npy,2um,unclear,-13.536103773747689,-12.504044828590215,-18.034494158382916,-7.079433862492382,16,-10.0,median_snr_below_threshold,symlinked
train,HFocusing_5_10_2um2_0_432.npy,P0/data/dataset_particles2SNR_c1/train/2um/HFocusing_5_10_2um2_0_432.npy,P0/data/particles2SNR_4_class_lim10/train/unclear/HFocusing_5_10_2um2_0_432.npy,2um,unclear,-12.69778756357626,-12.755455939312213,-19.44845976493162,2.966476332661751,18,-10.0,median_snr_below_threshold,symlinked
train,HFocusing_5_10_2um2_0_435.npy,P0/data/dataset_particles2SNR_c1/train/2um/HFocusing_5_10_2um2_0_435.npy,P0/data/particles2SNR_4_class_lim10/train/unclear/HFocusing_5_10_2um2_0_435.npy,2um,unclear,-13.062232171540685,-12.922772176163306,-21.963252968797494,0.5013274283681967,17,-10.0,median_snr_below_threshold,symlinked
train,HFocusing_5_10_2um2_0_438.npy,P0/data/dataset_particles2SNR_c1/train/2um/HFocusing_5_10_2um2_0_438.npy,P0/data/particles2SNR_4_class_lim10/train/unclear/HFocusing_5_10_2um2_0_438.npy,2um,unclear,-11.837326873026896,-11.038051277767819,-13.940485824142348,-2.2622699795715486,14,-10.0,median_snr_below_threshold,symlinked
train,HFocusing_5_10_2um2_0_441.npy,P0/data/dataset_particles2SNR_c1/train/2um/HFocusing_5_10_2um2_0_441.npy,P0/data/particles2SNR_4_class_lim10/train/unclear/HFocusing_5_10_2um2_0_441.npy,2um,unclear,-12.520893865991365,-12.6055702058218,-18.19748814437262,-9.495180203217581,16,-10.0,median_snr_below_threshold,symlinked
train,HFocusing_5_10_2um2_0_442.npy,P0/data/dataset_particles2SNR_c1/train/2um/HFocusing_5_10_2um2_0_442.npy,P0/data/particles2SNR_4_class_lim10/train/unclear/HFocusing_5_10_2um2_0_442.npy,2um,unclear,-11.953601002514112,-10.449627463837693,-16.954357373166243,-1.1052481792713635,16,-10.0,median_snr_below_threshold,symlinked
train,HFocusing_5_10_2um2_0_445.npy,P0/data/dataset_particles2SNR_c1/train/2um/HFocusing_5_10_2um2_0_445.npy,P0/data/particles2SNR_4_class_lim10/train/unclear/HFocusing_5_10_2um2_0_445.npy,2um,unclear,-13.094496302825045,-13.05015896494222,-19.184263457399044,-8.372506055651614,15,-10.0,median_snr_below_threshold,symlinked
train,HFocusing_5_10_2um2_0_446.npy,P0/data/dataset_particles2SNR_c1/train/2um/HFocusing_5_10_2um2_0_446.npy,P0/data/particles2SNR_4_class_lim10/train/unclear/HFocusing_5_10_2um2_0_446.npy,2um,unclear,-12.425327126862724,-11.050701640910564,-17.827931446057406,3.3979295474165925,13,-10.0,median_snr_below_threshold,symlinked
train,HFocusing_5_10_2um2_0_449.npy,P0/data/dataset_particles2SNR_c1/train/2um/HFocusing_5_10_2um2_0_449.npy,P0/data/particles2SNR_4_class_lim10/train/unclear/HFocusing_5_10_2um2_0_449.npy,2um,unclear,-11.073637732451324,-9.34546084523171,-15.501928241130749,-1.3722745244494274,11,-10.0,median_snr_below_threshold,symlinked
train,HFocusing_5_10_2um2_0_450.npy,P0/data/dataset_particles2SNR_c1/train/2um/HFocusing_5_10_2um2_0_450.npy,P0/data/particles2SNR_4_class_lim10/train/unclear/HFocusing_5_10_2um2_0_450.npy,2um,unclear,-11.1024783139618,-10.038578646473153,-15.589356611399532,0.034179074457074105,17,-10.0,median_snr_below_threshold,symlinked
train,HFocusing_5_10_2um2_0_452.npy,P0/data/dataset_particles2SNR_c1/train/2um/HFocusing_5_10_2um2_0_452.npy,P0/data/particles2SNR_4_class_lim10/train/unclear/HFocusing_5_10_2um2_0_452.npy,2um,unclear,-12.916827646526288,-13.722659004515886,-20.0949478896411,-10.305587378987722,19,-10.0,median_snr_below_threshold,symlinked
train,HFocusing_5_10_2um2_0_456.npy,P0/data/dataset_particles2SNR_c1/train/2um/HFocusing_5_10_2um2_0_456.npy,P0/data/particles2SNR_4_class_lim10/train/unclear/HFocusing_5_10_2um2_0_456.npy,2um,unclear,-12.752800701175886,-12.599899079291946,-19.026097296467157,6.525467442922526,15,-10.0,median_snr_below_threshold,symlinked
train,HFocusing_5_10_2um2_0_459.npy,P0/data/dataset_particles2SNR_c1/train/2um/HFocusing_5_10_2um2_0_459.npy,P0/data/particles2SNR_4_class_lim10/train/unclear/HFocusing_5_10_2um2_0_459.npy,2um,unclear,-14.022164223162612,-13.899636535216404,-17.225554983761082,-9.525028350991683,19,-10.0,median_snr_below_threshold,symlinked
train,HFocusing_5_10_2um2_0_46.npy,P0/data/dataset_particles2SNR_c1/train/2um/HFocusing_5_10_2um2_0_46.npy,P0/data/particles2SNR_4_class_lim10/train/unclear/HFocusing_5_10_2um2_0_46.npy,2um,unclear,-13.710419974147092,-13.69283325069085,-18.097673659020245,-9.002950018556394,15,-10.0,median_snr_below_threshold,symlinked
train,HFocusing_5_10_2um2_0_463.npy,P0/data/dataset_particles2SNR_c1/train/2um/HFocusing_5_10_2um2_0_463.npy,P0/data/particles2SNR_4_class_lim10/train/unclear/HFocusing_5_10_2um2_0_463.npy,2um,unclear,-13.182508540530971,-12.943643397516308,-19.593439772444064,-8.819276521365621,23,-10.0,median_snr_below_threshold,symlinked
train,HFocusing_5_10_2um2_0_464.npy,P0/data/dataset_particles2SNR_c1/train/2um/HFocusing_5_10_2um2_0_464.npy,P0/data/particles2SNR_4_class_lim10/train/unclear/HFocusing_5_10_2um2_0_464.npy,2um,unclear,-12.218832401967202,-11.810557967999783,-17.236329293258954,-1.2066323712528009,16,-10.0,median_snr_below_threshold,symlinked
train,HFocusing_5_10_2um2_0_468.npy,P0/data/dataset_particles2SNR_c1/train/2um/HFocusing_5_10_2um2_0_468.npy,P0/data/particles2SNR_4_class_lim10/train/unclear/HFocusing_5_10_2um2_0_468.npy,2um,unclear,-11.866178245776757,-10.369335481442947,-17.711660182960703,2.611143412289941,19,-10.0,median_snr_below_threshold,symlinked
train,HFocusing_5_10_2um2_0_47.npy,P0/data/dataset_particles2SNR_c1/train/2um/HFocusing_5_10_2um2_0_47.npy,P0/data/particles2SNR_4_class_lim10/train/unclear/HFocusing_5_10_2um2_0_47.npy,2um,unclear,-11.952621766161453,-10.974525987296222,-15.877486989241735,-1.3681369715790055,21,-10.0,median_snr_below_threshold,symlinked
train,HFocusing_5_10_2um2_0_471.npy,P0/data/dataset_particles2SNR_c1/train/2um/HFocusing_5_10_2um2_0_471.npy,P0/data/particles2SNR_4_class_lim10/train/unclear/HFocusing_5_10_2um2_0_471.npy,2um,unclear,-10.654799541026607,-8.433149420554164,-16.076493583641838,5.637846758039862,14,-10.0,median_snr_below_threshold,symlinked
train,HFocusing_5_10_2um2_0_474.npy,P0/data/dataset_particles2SNR_c1/train/2um/HFocusing_5_10_2um2_0_474.npy,P0/data/particles2SNR_4_class_lim10/train/unclear/HFocusing_5_10_2um2_0_474.npy,2um,unclear,-11.36932258844174,-11.34044001444467,-15.709670471553508,-7.526042829139817,10,-10.0,median_snr_below_threshold,symlinked
train,HFocusing_5_10_2um2_0_478.npy,P0/data/dataset_particles2SNR_c1/train/2um/HFocusing_5_10_2um2_0_478.npy,P0/data/particles2SNR_4_class_lim10/train/unclear/HFocusing_5_10_2um2_0_478.npy,2um,unclear,-12.004164792998822,-12.493476838425277,-18.378641866899894,-9.722640586767438,10,-10.0,median_snr_below_threshold,symlinked
train,HFocusing_5_10_2um2_0_479.npy,P0/data/dataset_particles2SNR_c1/train/2um/HFocusing_5_10_2um2_0_479.npy,P0/data/particles2SNR_4_class_lim10/train/unclear/HFocusing_5_10_2um2_0_479.npy,2um,unclear,-14.115699957324534,-13.214568867896837,-17.73180955496633,-5.854531418108388,24,-10.0,median_snr_below_threshold,symlinked
train,HFocusing_5_10_2um2_0_482.npy,P0/data/dataset_particles2SNR_c1/train/2um/HFocusing_5_10_2um2_0_482.npy,P0/data/particles2SNR_4_class_lim10/train/unclear/HFocusing_5_10_2um2_0_482.npy,2um,unclear,-12.991408596209226,-13.19670181774299,-20.021236469977225,-5.109053175958386,20,-10.0,median_snr_below_threshold,symlinked
train,HFocusing_5_10_2um2_0_483.npy,P0/data/dataset_particles2SNR_c1/train/2um/HFocusing_5_10_2um2_0_483.npy,P0/data/particles2SNR_4_class_lim10/train/2um/HFocusing_5_10_2um2_0_483.npy,2um,2um,-6.764410956406823,-8.332168746783376,-18.71224479848275,4.016930046861928,8,-10.0,median_snr_at_or_above_threshold,symlinked
train,HFocusing_5_10_2um2_0_486.npy,P0/data/dataset_particles2SNR_c1/train/2um/HFocusing_5_10_2um2_0_486.npy,P0/data/particles2SNR_4_class_lim10/train/unclear/HFocusing_5_10_2um2_0_486.npy,2um,unclear,-11.82131235777966,-11.79638338449473,-20.66038326197894,-0.12353273403886082,20,-10.0,median_snr_below_threshold,symlinked
train,HFocusing_5_10_2um2_0_490.npy,P0/data/dataset_particles2SNR_c1/train/2um/HFocusing_5_10_2um2_0_490.npy,P0/data/particles2SNR_4_class_lim10/train/unclear/HFocusing_5_10_2um2_0_490.npy,2um,unclear,-13.316842551894263,-12.99223530417535,-18.662368566136863,3.4389995864139444,17,-10.0,median_snr_below_threshold,symlinked
train,HFocusing_5_10_2um2_0_493.npy,P0/data/dataset_particles2SNR_c1/train/2um/HFocusing_5_10_2um2_0_493.npy,P0/data/particles2SNR_4_class_lim10/train/2um/HFocusing_5_10_2um2_0_493.npy,2um,2um,-8.072196593177488,-6.6753243401483955,-13.440458492991327,6.680816311870641,8,-10.0,median_snr_at_or_above_threshold,symlinked
train,HFocusing_5_10_2um2_0_496.npy,P0/data/dataset_particles2SNR_c1/train/2um/HFocusing_5_10_2um2_0_496.npy,P0/data/particles2SNR_4_class_lim10/train/unclear/HFocusing_5_10_2um2_0_496.npy,2um,unclear,-11.706496059145852,-10.525910376381665,-15.36842270960685,0.05060673374271726,19,-10.0,median_snr_below_threshold,symlinked
train,HFocusing_5_10_2um2_0_497.npy,P0/data/dataset_particles2SNR_c1/train/2um/HFocusing_5_10_2um2_0_497.npy,P0/data/particles2SNR_4_class_lim10/train/unclear/HFocusing_5_10_2um2_0_497.npy,2um,unclear,-11.959795662056852,-11.826581983829357,-18.854559481628456,-0.4147354184275688,16,-10.0,median_snr_below_threshold,symlinked
train,HFocusing_5_10_2um2_0_50.npy,P0/data/dataset_particles2SNR_c1/train/2um/HFocusing_5_10_2um2_0_50.npy,P0/data/particles2SNR_4_class_lim10/train/unclear/HFocusing_5_10_2um2_0_50.npy,2um,unclear,-14.234212319499381,-13.048603498483264,-17.8898899974335,-0.0848381420863046,26,-10.0,median_snr_below_threshold,symlinked
train,HFocusing_5_10_2um2_0_500.npy,P0/data/dataset_particles2SNR_c1/train/2um/HFocusing_5_10_2um2_0_500.npy,P0/data/particles2SNR_4_class_lim10/train/unclear/HFocusing_5_10_2um2_0_500.npy,2um,unclear,-11.528048826783323,-11.466829669450043,-20.80454747025522,-5.381414497856982,13,-10.0,median_snr_below_threshold,symlinked
train,HFocusing_5_10_2um2_0_501.npy,P0/data/dataset_particles2SNR_c1/train/2um/HFocusing_5_10_2um2_0_501.npy,P0/data/particles2SNR_4_class_lim10/train/unclear/HFocusing_5_10_2um2_0_501.npy,2um,unclear,-13.3516464009567,-12.279579734028614,-16.910356730674685,3.650357130148448,17,-10.0,median_snr_below_threshold,symlinked
train,HFocusing_5_10_2um2_0_505.npy,P0/data/dataset_particles2SNR_c1/train/2um/HFocusing_5_10_2um2_0_505.npy,P0/data/particles2SNR_4_class_lim10/train/unclear/HFocusing_5_10_2um2_0_505.npy,2um,unclear,-13.886096048021138,-11.950494998303228,-16.83798631064642,1.0330415964923072,19,-10.0,median_snr_below_threshold,symlinked
train,HFocusing_5_10_2um2_0_510.npy,P0/data/dataset_particles2SNR_c1/train/2um/HFocusing_5_10_2um2_0_510.npy,P0/data/particles2SNR_4_class_lim10/train/unclear/HFocusing_5_10_2um2_0_510.npy,2um,unclear,-12.16114420861704,-11.13133844580329,-16.988352805862114,0.35282707106719635,13,-10.0,median_snr_below_threshold,symlinked
train,HFocusing_5_10_2um2_0_513.npy,P0/data/dataset_particles2SNR_c1/train/2um/HFocusing_5_10_2um2_0_513.npy,P0/data/particles2SNR_4_class_lim10/train/unclear/HFocusing_5_10_2um2_0_513.npy,2um,unclear,-12.544376439111407,-12.527930434663972,-16.265604459371204,-4.507648840399161,16,-10.0,median_snr_below_threshold,symlinked
train,HFocusing_5_10_2um2_0_514.npy,P0/data/dataset_particles2SNR_c1/train/2um/HFocusing_5_10_2um2_0_514.npy,P0/data/particles2SNR_4_class_lim10/train/unclear/HFocusing_5_10_2um2_0_514.npy,2um,unclear,-13.14376272002971,-11.964121092906057,-19.763360481205833,0.4157864045999149,16,-10.0,median_snr_below_threshold,symlinked
train,HFocusing_5_10_2um2_0_516.npy,P0/data/dataset_particles2SNR_c1/train/2um/HFocusing_5_10_2um2_0_516.npy,P0/data/particles2SNR_4_class_lim10/train/unclear/HFocusing_5_10_2um2_0_516.npy,2um,unclear,-12.860100075267539,-11.57530524593725,-18.974206572570548,6.971229361950796,20,-10.0,median_snr_below_threshold,symlinked
train,HFocusing_5_10_2um2_0_519.npy,P0/data/dataset_particles2SNR_c1/train/2um/HFocusing_5_10_2um2_0_519.npy,P0/data/particles2SNR_4_class_lim10/train/unclear/HFocusing_5_10_2um2_0_519.npy,2um,unclear,-10.901489015882701,-9.308216657641387,-14.973121106290563,1.3538671586775801,15,-10.0,median_snr_below_threshold,symlinked
train,HFocusing_5_10_2um2_0_522.npy,P0/data/dataset_particles2SNR_c1/train/2um/HFocusing_5_10_2um2_0_522.npy,P0/data/particles2SNR_4_class_lim10/train/unclear/HFocusing_5_10_2um2_0_522.npy,2um,unclear,-13.648987244921575,-13.685172986850581,-17.462883241668653,-9.873100424463685,15,-10.0,median_snr_below_threshold,symlinked
train,HFocusing_5_10_2um2_0_523.npy,P0/data/dataset_particles2SNR_c1/train/2um/HFocusing_5_10_2um2_0_523.npy,P0/data/particles2SNR_4_class_lim10/train/unclear/HFocusing_5_10_2um2_0_523.npy,2um,unclear,-11.125135968567804,-10.783109528925376,-21.54194438430915,1.7353400456082109,10,-10.0,median_snr_below_threshold,symlinked
train,HFocusing_5_10_2um2_0_525.npy,P0/data/dataset_particles2SNR_c1/train/2um/HFocusing_5_10_2um2_0_525.npy,P0/data/particles2SNR_4_class_lim10/train/unclear/HFocusing_5_10_2um2_0_525.npy,2um,unclear,-12.562368121199222,-12.389048703139384,-18.13353872685562,-6.581772987808371,20,-10.0,median_snr_below_threshold,symlinked
train,HFocusing_5_10_2um2_0_526.npy,P0/data/dataset_particles2SNR_c1/train/2um/HFocusing_5_10_2um2_0_526.npy,P0/data/particles2SNR_4_class_lim10/train/unclear/HFocusing_5_10_2um2_0_526.npy,2um,unclear,-13.504983373833145,-12.678768079434885,-17.840525129113345,0.541546316994274,17,-10.0,median_snr_below_threshold,symlinked
train,HFocusing_5_10_2um2_0_528.npy,P0/data/dataset_particles2SNR_c1/train/2um/HFocusing_5_10_2um2_0_528.npy,P0/data/particles2SNR_4_class_lim10/train/unclear/HFocusing_5_10_2um2_0_528.npy,2um,unclear,-13.090259289877542,-11.30724545797171,-18.629023484348735,-2.5220257880242807,15,-10.0,median_snr_below_threshold,symlinked
train,HFocusing_5_10_2um2_0_529.npy,P0/data/dataset_particles2SNR_c1/train/2um/HFocusing_5_10_2um2_0_529.npy,P0/data/particles2SNR_4_class_lim10/train/unclear/HFocusing_5_10_2um2_0_529.npy,2um,unclear,-11.513207212749922,-12.034576856250188,-20.985496835760053,-2.0609017717034375,18,-10.0,median_snr_below_threshold,symlinked
train,HFocusing_5_10_2um2_0_531.npy,P0/data/dataset_particles2SNR_c1/train/2um/HFocusing_5_10_2um2_0_531.npy,P0/data/particles2SNR_4_class_lim10/train/unclear/HFocusing_5_10_2um2_0_531.npy,2um,unclear,-11.52089610122487,-11.720122034944692,-15.654626442721069,-9.148726165768476,14,-10.0,median_snr_below_threshold,symlinked
train,HFocusing_5_10_2um2_0_532.npy,P0/data/dataset_particles2SNR_c1/train/2um/HFocusing_5_10_2um2_0_532.npy,P0/data/particles2SNR_4_class_lim10/train/unclear/HFocusing_5_10_2um2_0_532.npy,2um,unclear,-12.645997500245823,-11.772061229873714,-17.954184694502967,0.748236180591843,14,-10.0,median_snr_below_threshold,symlinked
train,HFocusing_5_10_2um2_0_535.npy,P0/data/dataset_particles2SNR_c1/train/2um/HFocusing_5_10_2um2_0_535.npy,P0/data/particles2SNR_4_class_lim10/train/unclear/HFocusing_5_10_2um2_0_535.npy,2um,unclear,-12.370107713508549,-11.286076148932962,-17.958564058570087,-3.0731546174757014,15,-10.0,median_snr_below_threshold,symlinked
train,HFocusing_5_10_2um2_0_536.npy,P0/data/dataset_particles2SNR_c1/train/2um/HFocusing_5_10_2um2_0_536.npy,P0/data/particles2SNR_4_class_lim10/train/unclear/HFocusing_5_10_2um2_0_536.npy,2um,unclear,-12.12307800057911,-10.906813167354644,-18.0079320326865,0.8441336397181605,13,-10.0,median_snr_below_threshold,symlinked
train,HFocusing_5_10_2um2_0_54.npy,P0/data/dataset_particles2SNR_c1/train/2um/HFocusing_5_10_2um2_0_54.npy,P0/data/particles2SNR_4_class_lim10/train/unclear/HFocusing_5_10_2um2_0_54.npy,2um,unclear,-12.333401377343808,-11.786179037867694,-18.24659676818105,-0.6161056828222965,18,-10.0,median_snr_below_threshold,symlinked
train,HFocusing_5_10_2um2_0_540.npy,P0/data/dataset_particles2SNR_c1/train/2um/HFocusing_5_10_2um2_0_540.npy,P0/data/particles2SNR_4_class_lim10/train/unclear/HFocusing_5_10_2um2_0_540.npy,2um,unclear,-13.767617791809442,-12.879843673341838,-20.987560107059572,-4.96205466198515,17,-10.0,median_snr_below_threshold,symlinked
train,HFocusing_5_10_2um2_0_543.npy,P0/data/dataset_particles2SNR_c1/train/2um/HFocusing_5_10_2um2_0_543.npy,P0/data/particles2SNR_4_class_lim10/train/unclear/HFocusing_5_10_2um2_0_543.npy,2um,unclear,-12.312099141400846,-11.25833774531199,-14.210484493254288,-2.1183071127925555,13,-10.0,median_snr_below_threshold,symlinked
train,HFocusing_5_10_2um2_0_544.npy,P0/data/dataset_particles2SNR_c1/train/2um/HFocusing_5_10_2um2_0_544.npy,P0/data/particles2SNR_4_class_lim10/train/unclear/HFocusing_5_10_2um2_0_544.npy,2um,unclear,-12.654793651080787,-11.37507421984816,-15.53165300480196,1.893246473208785,13,-10.0,median_snr_below_threshold,symlinked
train,HFocusing_5_10_2um2_0_547.npy,P0/data/dataset_particles2SNR_c1/train/2um/HFocusing_5_10_2um2_0_547.npy,P0/data/particles2SNR_4_class_lim10/train/unclear/HFocusing_5_10_2um2_0_547.npy,2um,unclear,-11.74158132664295,-10.906895990326396,-16.106716139722,2.10424640768968,13,-10.0,median_snr_below_threshold,symlinked
train,HFocusing_5_10_2um2_0_551.npy,P0/data/dataset_particles2SNR_c1/train/2um/HFocusing_5_10_2um2_0_551.npy,P0/data/particles2SNR_4_class_lim10/train/unclear/HFocusing_5_10_2um2_0_551.npy,2um,unclear,-12.007040315257049,-11.867297849253262,-17.436692044621953,-2.5925595164083495,19,-10.0,median_snr_below_threshold,symlinked
train,HFocusing_5_10_2um2_0_554.npy,P0/data/dataset_particles2SNR_c1/train/2um/HFocusing_5_10_2um2_0_554.npy,P0/data/particles2SNR_4_class_lim10/train/unclear/HFocusing_5_10_2um2_0_554.npy,2um,unclear,-13.643790217019486,-13.899390078662895,-17.661104443652917,-10.973075250760393,16,-10.0,median_snr_below_threshold,symlinked
train,HFocusing_5_10_2um2_0_555.npy,P0/data/dataset_particles2SNR_c1/train/2um/HFocusing_5_10_2um2_0_555.npy,P0/data/particles2SNR_4_class_lim10/train/unclear/HFocusing_5_10_2um2_0_555.npy,2um,unclear,-12.584963506320197,-11.911048513587302,-18.21546958426152,1.7949026428581172,15,-10.0,median_snr_below_threshold,symlinked
train,HFocusing_5_10_2um2_0_558.npy,P0/data/dataset_particles2SNR_c1/train/2um/HFocusing_5_10_2um2_0_558.npy,P0/data/particles2SNR_4_class_lim10/train/unclear/HFocusing_5_10_2um2_0_558.npy,2um,unclear,-10.696700171880163,-9.889487182010095,-13.987562048831897,4.793562337298511,12,-10.0,median_snr_below_threshold,symlinked
train,HFocusing_5_10_2um2_0_564.npy,P0/data/dataset_particles2SNR_c1/train/2um/HFocusing_5_10_2um2_0_564.npy,P0/data/particles2SNR_4_class_lim10/train/unclear/HFocusing_5_10_2um2_0_564.npy,2um,unclear,-11.662562060868357,-10.366274494355654,-16.783491238766985,-1.3699178775493301,16,-10.0,median_snr_below_threshold,symlinked
train,HFocusing_5_10_2um2_0_567.npy,P0/data/dataset_particles2SNR_c1/train/2um/HFocusing_5_10_2um2_0_567.npy,P0/data/particles2SNR_4_class_lim10/train/unclear/HFocusing_5_10_2um2_0_567.npy,2um,unclear,-13.346873259843697,-13.429108806193668,-17.75574165615853,-9.747201767079753,17,-10.0,median_snr_below_threshold,symlinked
train,HFocusing_5_10_2um2_0_568.npy,P0/data/dataset_particles2SNR_c1/train/2um/HFocusing_5_10_2um2_0_568.npy,P0/data/particles2SNR_4_class_lim10/train/unclear/HFocusing_5_10_2um2_0_568.npy,2um,unclear,-12.348712911509677,-10.86453178931819,-16.136291747202044,9.176218130550295,14,-10.0,median_snr_below_threshold,symlinked
train,HFocusing_5_10_2um2_0_57.npy,P0/data/dataset_particles2SNR_c1/train/2um/HFocusing_5_10_2um2_0_57.npy,P0/data/particles2SNR_4_class_lim10/train/unclear/HFocusing_5_10_2um2_0_57.npy,2um,unclear,-10.525394935578447,-11.151658535174413,-15.898706104963775,-6.466551270370663,19,-10.0,median_snr_below_threshold,symlinked
train,HFocusing_5_10_2um2_0_571.npy,P0/data/dataset_particles2SNR_c1/train/2um/HFocusing_5_10_2um2_0_571.npy,P0/data/particles2SNR_4_class_lim10/train/unclear/HFocusing_5_10_2um2_0_571.npy,2um,unclear,-12.507461251970176,-13.08169420206253,-18.481156844342173,-8.688759904509881,13,-10.0,median_snr_below_threshold,symlinked
train,HFocusing_5_10_2um2_0_572.npy,P0/data/dataset_particles2SNR_c1/train/2um/HFocusing_5_10_2um2_0_572.npy,P0/data/particles2SNR_4_class_lim10/train/unclear/HFocusing_5_10_2um2_0_572.npy,2um,unclear,-13.704819559793457,-13.052358285393101,-21.544185126207452,-5.106399330070155,17,-10.0,median_snr_below_threshold,symlinked
train,HFocusing_5_10_2um2_0_575.npy,P0/data/dataset_particles2SNR_c1/train/2um/HFocusing_5_10_2um2_0_575.npy,P0/data/particles2SNR_4_class_lim10/train/unclear/HFocusing_5_10_2um2_0_575.npy,2um,unclear,-11.761529983705392,-11.31070284896779,-17.002363884904504,-4.257866391452416,19,-10.0,median_snr_below_threshold,symlinked
train,HFocusing_5_10_2um2_0_576.npy,P0/data/dataset_particles2SNR_c1/train/2um/HFocusing_5_10_2um2_0_576.npy,P0/data/particles2SNR_4_class_lim10/train/2um/HFocusing_5_10_2um2_0_576.npy,2um,2um,-9.659582550427814,-8.980277884666453,-14.43561617676176,5.131922328408926,18,-10.0,median_snr_at_or_above_threshold,symlinked
train,HFocusing_5_10_2um2_0_579.npy,P0/data/dataset_particles2SNR_c1/train/2um/HFocusing_5_10_2um2_0_579.npy,P0/data/particles2SNR_4_class_lim10/train/unclear/HFocusing_5_10_2um2_0_579.npy,2um,unclear,-13.085811386803524,-12.805014150507457,-17.20359832145035,-8.679002937308905,13,-10.0,median_snr_below_threshold,symlinked
train,HFocusing_5_10_2um2_0_58.npy,P0/data/dataset_particles2SNR_c1/train/2um/HFocusing_5_10_2um2_0_58.npy,P0/data/particles2SNR_4_class_lim10/train/unclear/HFocusing_5_10_2um2_0_58.npy,2um,unclear,-11.487783850171159,-10.72399657193532,-18.8610642429294,6.756063130910331,20,-10.0,median_snr_below_threshold,symlinked
train,HFocusing_5_10_2um2_0_580.npy,P0/data/dataset_particles2SNR_c1/train/2um/HFocusing_5_10_2um2_0_580.npy,P0/data/particles2SNR_4_class_lim10/train/unclear/HFocusing_5_10_2um2_0_580.npy,2um,unclear,-13.512110237893454,-12.18248068726989,-17.365126664061275,-2.876147736253936,22,-10.0,median_snr_below_threshold,symlinked
train,HFocusing_5_10_2um2_0_583.npy,P0/data/dataset_particles2SNR_c1/train/2um/HFocusing_5_10_2um2_0_583.npy,P0/data/particles2SNR_4_class_lim10/train/unclear/HFocusing_5_10_2um2_0_583.npy,2um,unclear,-13.571399903208084,-14.044873719992989,-18.633979941731454,-10.226574075100629,17,-10.0,median_snr_below_threshold,symlinked
train,HFocusing_5_10_2um2_0_584.npy,P0/data/dataset_particles2SNR_c1/train/2um/HFocusing_5_10_2um2_0_584.npy,P0/data/particles2SNR_4_class_lim10/train/unclear/HFocusing_5_10_2um2_0_584.npy,2um,unclear,-13.254174900348442,-12.310914537736732,-19.182125435224826,-4.391728135414944,23,-10.0,median_snr_below_threshold,symlinked
train,HFocusing_5_10_2um2_0_588.npy,P0/data/dataset_particles2SNR_c1/train/2um/HFocusing_5_10_2um2_0_588.npy,P0/data/particles2SNR_4_class_lim10/train/unclear/HFocusing_5_10_2um2_0_588.npy,2um,unclear,-12.397276816874625,-11.02833582444339,-15.990679631646803,0.2406975542257535,13,-10.0,median_snr_below_threshold,symlinked
train,HFocusing_5_10_2um2_0_591.npy,P0/data/dataset_particles2SNR_c1/train/2um/HFocusing_5_10_2um2_0_591.npy,P0/data/particles2SNR_4_class_lim10/train/unclear/HFocusing_5_10_2um2_0_591.npy,2um,unclear,-11.439190188985005,-11.563563780784753,-18.092095183491494,-2.0509685459398357,19,-10.0,median_snr_below_threshold,symlinked
train,HFocusing_5_10_2um2_0_594.npy,P0/data/dataset_particles2SNR_c1/train/2um/HFocusing_5_10_2um2_0_594.npy,P0/data/particles2SNR_4_class_lim10/train/unclear/HFocusing_5_10_2um2_0_594.npy,2um,unclear,-11.993923219312563,-12.503590111329254,-16.84889925829831,-8.916213074424848,18,-10.0,median_snr_below_threshold,symlinked
train,HFocusing_5_10_2um2_0_598.npy,P0/data/dataset_particles2SNR_c1/train/2um/HFocusing_5_10_2um2_0_598.npy,P0/data/particles2SNR_4_class_lim10/train/unclear/HFocusing_5_10_2um2_0_598.npy,2um,unclear,-11.365756193521413,-11.607956140842317,-17.62702514210278,-6.620156454516556,9,-10.0,median_snr_below_threshold,symlinked
train,HFocusing_5_10_2um2_0_599.npy,P0/data/dataset_particles2SNR_c1/train/2um/HFocusing_5_10_2um2_0_599.npy,P0/data/particles2SNR_4_class_lim10/train/unclear/HFocusing_5_10_2um2_0_599.npy,2um,unclear,-13.07443524110945,-13.158899074345417,-18.518404060474662,-1.9576382973876314,15,-10.0,median_snr_below_threshold,symlinked
train,HFocusing_5_10_2um2_0_6.npy,P0/data/dataset_particles2SNR_c1/train/2um/HFocusing_5_10_2um2_0_6.npy,P0/data/particles2SNR_4_class_lim10/train/unclear/HFocusing_5_10_2um2_0_6.npy,2um,unclear,-13.817884557909831,-13.067300637213744,-19.86470013451876,-8.021077191168434,21,-10.0,median_snr_below_threshold,symlinked
train,HFocusing_5_10_2um2_0_602.npy,P0/data/dataset_particles2SNR_c1/train/2um/HFocusing_5_10_2um2_0_602.npy,P0/data/particles2SNR_4_class_lim10/train/unclear/HFocusing_5_10_2um2_0_602.npy,2um,unclear,-12.173714485061675,-11.731298309346759,-20.56620801949262,-0.12944694072797552,18,-10.0,median_snr_below_threshold,symlinked
train,HFocusing_5_10_2um2_0_605.npy,P0/data/dataset_particles2SNR_c1/train/2um/HFocusing_5_10_2um2_0_605.npy,P0/data/particles2SNR_4_class_lim10/train/unclear/HFocusing_5_10_2um2_0_605.npy,2um,unclear,-11.621134053271474,-11.042491667082265,-15.063302407491921,-4.451479311889432,17,-10.0,median_snr_below_threshold,symlinked
train,HFocusing_5_10_2um2_0_608.npy,P0/data/dataset_particles2SNR_c1/train/2um/HFocusing_5_10_2um2_0_608.npy,P0/data/particles2SNR_4_class_lim10/train/unclear/HFocusing_5_10_2um2_0_608.npy,2um,unclear,-13.947554982279737,-13.71896443021961,-17.12285538960262,-10.382502581527595,16,-10.0,median_snr_below_threshold,symlinked
train,HFocusing_5_10_2um2_0_609.npy,P0/data/dataset_particles2SNR_c1/train/2um/HFocusing_5_10_2um2_0_609.npy,P0/data/particles2SNR_4_class_lim10/train/unclear/HFocusing_5_10_2um2_0_609.npy,2um,unclear,-13.532592455503147,-13.048112682714443,-19.39888390564205,-0.04290854726152418,20,-10.0,median_snr_below_threshold,symlinked
train,HFocusing_5_10_2um2_0_61.npy,P0/data/dataset_particles2SNR_c1/train/2um/HFocusing_5_10_2um2_0_61.npy,P0/data/particles2SNR_4_class_lim10/train/unclear/HFocusing_5_10_2um2_0_61.npy,2um,unclear,-12.324756978871736,-10.89081017984618,-19.015544572769464,1.056110566141856,20,-10.0,median_snr_below_threshold,symlinked
train,HFocusing_5_10_2um2_0_612.npy,P0/data/dataset_particles2SNR_c1/train/2um/HFocusing_5_10_2um2_0_612.npy,P0/data/particles2SNR_4_class_lim10/train/unclear/HFocusing_5_10_2um2_0_612.npy,2um,unclear,-13.146111521345984,-12.068422793561737,-13.42750808387127,-4.039609516305492,9,-10.0,median_snr_below_threshold,symlinked
train,HFocusing_5_10_2um2_0_613.npy,P0/data/dataset_particles2SNR_c1/train/2um/HFocusing_5_10_2um2_0_613.npy,P0/data/particles2SNR_4_class_lim10/train/unclear/HFocusing_5_10_2um2_0_613.npy,2um,unclear,-13.455375675949682,-11.807098299264508,-21.76971619489487,-2.5910756453838033,21,-10.0,median_snr_below_threshold,symlinked
train,HFocusing_5_10_2um2_0_617.npy,P0/data/dataset_particles2SNR_c1/train/2um/HFocusing_5_10_2um2_0_617.npy,P0/data/particles2SNR_4_class_lim10/train/unclear/HFocusing_5_10_2um2_0_617.npy,2um,unclear,-14.262747810255114,-12.876251802411394,-17.98514925494523,-1.6161372636435967,20,-10.0,median_snr_below_threshold,symlinked
train,HFocusing_5_10_2um2_0_619.npy,P0/data/dataset_particles2SNR_c1/train/2um/HFocusing_5_10_2um2_0_619.npy,P0/data/particles2SNR_4_class_lim10/train/unclear/HFocusing_5_10_2um2_0_619.npy,2um,unclear,-11.46012893678931,-11.110128847377661,-15.07243640864157,-7.150387981812551,14,-10.0,median_snr_below_threshold,symlinked
train,HFocusing_5_10_2um2_0_620.npy,P0/data/dataset_particles2SNR_c1/train/2um/HFocusing_5_10_2um2_0_620.npy,P0/data/particles2SNR_4_class_lim10/train/unclear/HFocusing_5_10_2um2_0_620.npy,2um,unclear,-13.95479220333539,-13.718195474977449,-19.424219259174645,-8.436830439835072,21,-10.0,median_snr_below_threshold,symlinked
train,HFocusing_5_10_2um2_0_626.npy,P0/data/dataset_particles2SNR_c1/train/2um/HFocusing_5_10_2um2_0_626.npy,P0/data/particles2SNR_4_class_lim10/train/unclear/HFocusing_5_10_2um2_0_626.npy,2um,unclear,-11.951536333343267,-11.820123012212171,-15.571858194705932,-6.602889934078649,12,-10.0,median_snr_below_threshold,symlinked
train,HFocusing_5_10_2um2_0_627.npy,P0/data/dataset_particles2SNR_c1/train/2um/HFocusing_5_10_2um2_0_627.npy,P0/data/particles2SNR_4_class_lim10/train/unclear/HFocusing_5_10_2um2_0_627.npy,2um,unclear,-12.8852613872672,-11.994702080856637,-19.377633716600084,2.598747609023122,17,-10.0,median_snr_below_threshold,symlinked
train,HFocusing_5_10_2um2_0_629.npy,P0/data/dataset_particles2SNR_c1/train/2um/HFocusing_5_10_2um2_0_629.npy,P0/data/particles2SNR_4_class_lim10/train/unclear/HFocusing_5_10_2um2_0_629.npy,2um,unclear,-12.050743411922351,-12.363598206560905,-15.851688384879044,-9.4884306932151,17,-10.0,median_snr_below_threshold,symlinked
train,HFocusing_5_10_2um2_0_630.npy,P0/data/dataset_particles2SNR_c1/train/2um/HFocusing_5_10_2um2_0_630.npy,P0/data/particles2SNR_4_class_lim10/train/unclear/HFocusing_5_10_2um2_0_630.npy,2um,unclear,-12.930427944445118,-11.947911730650638,-16.903741037918543,0.6746707285389025,15,-10.0,median_snr_below_threshold,symlinked
train,HFocusing_5_10_2um2_0_636.npy,P0/data/dataset_particles2SNR_c1/train/2um/HFocusing_5_10_2um2_0_636.npy,P0/data/particles2SNR_4_class_lim10/train/unclear/HFocusing_5_10_2um2_0_636.npy,2um,unclear,-11.225573031623252,-10.57662839306665,-15.088057145553526,-4.3537973306123074,13,-10.0,median_snr_below_threshold,symlinked
train,HFocusing_5_10_2um2_0_637.npy,P0/data/dataset_particles2SNR_c1/train/2um/HFocusing_5_10_2um2_0_637.npy,P0/data/particles2SNR_4_class_lim10/train/unclear/HFocusing_5_10_2um2_0_637.npy,2um,unclear,-10.616244963318625,-10.271915721551789,-16.723160521947044,-4.4094042266195235,16,-10.0,median_snr_below_threshold,symlinked
train,HFocusing_5_10_2um2_0_640.npy,P0/data/dataset_particles2SNR_c1/train/2um/HFocusing_5_10_2um2_0_640.npy,P0/data/particles2SNR_4_class_lim10/train/unclear/HFocusing_5_10_2um2_0_640.npy,2um,unclear,-14.0373157298696,-13.988596663530364,-18.499737791096145,-9.612024933533746,20,-10.0,median_snr_below_threshold,symlinked
train,HFocusing_5_10_2um2_0_641.npy,P0/data/dataset_particles2SNR_c1/train/2um/HFocusing_5_10_2um2_0_641.npy,P0/data/particles2SNR_4_class_lim10/train/unclear/HFocusing_5_10_2um2_0_641.npy,2um,unclear,-13.359720793442346,-11.816572465306605,-17.157202152231463,-1.1004825438983494,13,-10.0,median_snr_below_threshold,symlinked
train,HFocusing_5_10_2um2_0_644.npy,P0/data/dataset_particles2SNR_c1/train/2um/HFocusing_5_10_2um2_0_644.npy,P0/data/particles2SNR_4_class_lim10/train/unclear/HFocusing_5_10_2um2_0_644.npy,2um,unclear,-13.537525021894295,-13.531646493937572,-17.314248835797006,-10.807797656072445,14,-10.0,median_snr_below_threshold,symlinked
train,HFocusing_5_10_2um2_0_645.npy,P0/data/dataset_particles2SNR_c1/train/2um/HFocusing_5_10_2um2_0_645.npy,P0/data/particles2SNR_4_class_lim10/train/unclear/HFocusing_5_10_2um2_0_645.npy,2um,unclear,-11.287531394828163,-11.416697602953045,-16.105398269047047,-2.785009107696302,19,-10.0,median_snr_below_threshold,symlinked
train,HFocusing_5_10_2um2_0_648.npy,P0/data/dataset_particles2SNR_c1/train/2um/HFocusing_5_10_2um2_0_648.npy,P0/data/particles2SNR_4_class_lim10/train/unclear/HFocusing_5_10_2um2_0_648.npy,2um,unclear,-14.305599206461403,-13.514748713345668,-18.068694071540914,-7.207307430742151,17,-10.0,median_snr_below_threshold,symlinked
train,HFocusing_5_10_2um2_0_649.npy,P0/data/dataset_particles2SNR_c1/train/2um/HFocusing_5_10_2um2_0_649.npy,P0/data/particles2SNR_4_class_lim10/train/unclear/HFocusing_5_10_2um2_0_649.npy,2um,unclear,-10.685810133140365,-9.734720402990169,-15.499676073668097,-2.84923613041157,15,-10.0,median_snr_below_threshold,symlinked
train,HFocusing_5_10_2um2_0_65.npy,P0/data/dataset_particles2SNR_c1/train/2um/HFocusing_5_10_2um2_0_65.npy,P0/data/particles2SNR_4_class_lim10/train/unclear/HFocusing_5_10_2um2_0_65.npy,2um,unclear,-10.864568081055182,-9.156356843806611,-16.36581920991637,0.4423279541090799,17,-10.0,median_snr_below_threshold,symlinked
train,HFocusing_5_10_2um2_0_652.npy,P0/data/dataset_particles2SNR_c1/train/2um/HFocusing_5_10_2um2_0_652.npy,P0/data/particles2SNR_4_class_lim10/train/unclear/HFocusing_5_10_2um2_0_652.npy,2um,unclear,-12.258418508584194,-12.415587683756868,-16.88211446818684,-9.280173129552594,16,-10.0,median_snr_below_threshold,symlinked
train,HFocusing_5_10_2um2_0_653.npy,P0/data/dataset_particles2SNR_c1/train/2um/HFocusing_5_10_2um2_0_653.npy,P0/data/particles2SNR_4_class_lim10/train/unclear/HFocusing_5_10_2um2_0_653.npy,2um,unclear,-12.009250016627815,-10.716977744192532,-19.32766357836539,-2.633604347149948,18,-10.0,median_snr_below_threshold,symlinked
train,HFocusing_5_10_2um2_0_656.npy,P0/data/dataset_particles2SNR_c1/train/2um/HFocusing_5_10_2um2_0_656.npy,P0/data/particles2SNR_4_class_lim10/train/unclear/HFocusing_5_10_2um2_0_656.npy,2um,unclear,-12.494709909929103,-12.558712259846569,-15.72379293531387,-8.336585025935907,17,-10.0,median_snr_below_threshold,symlinked
train,HFocusing_5_10_2um2_0_657.npy,P0/data/dataset_particles2SNR_c1/train/2um/HFocusing_5_10_2um2_0_657.npy,P0/data/particles2SNR_4_class_lim10/train/unclear/HFocusing_5_10_2um2_0_657.npy,2um,unclear,-13.571519583179438,-12.528593319793808,-19.451721231239517,-0.1511154118020661,21,-10.0,median_snr_below_threshold,symlinked
train,HFocusing_5_10_2um2_0_660.npy,P0/data/dataset_particles2SNR_c1/train/2um/HFocusing_5_10_2um2_0_660.npy,P0/data/particles2SNR_4_class_lim10/train/unclear/HFocusing_5_10_2um2_0_660.npy,2um,unclear,-11.432219926477408,-10.765609998716146,-14.773087863816986,-3.7347638373831646,11,-10.0,median_snr_below_threshold,symlinked
train,HFocusing_5_10_2um2_0_661.npy,P0/data/dataset_particles2SNR_c1/train/2um/HFocusing_5_10_2um2_0_661.npy,P0/data/particles2SNR_4_class_lim10/train/unclear/HFocusing_5_10_2um2_0_661.npy,2um,unclear,-14.150675188546806,-13.346705920688386,-18.98252786498562,-1.5297908673550344,21,-10.0,median_snr_below_threshold,symlinked
train,HFocusing_5_10_2um2_0_664.npy,P0/data/dataset_particles2SNR_c1/train/2um/HFocusing_5_10_2um2_0_664.npy,P0/data/particles2SNR_4_class_lim10/train/unclear/HFocusing_5_10_2um2_0_664.npy,2um,unclear,-14.34709283272487,-13.673970817288033,-18.264491820924505,-5.830874264104645,21,-10.0,median_snr_below_threshold,symlinked
train,HFocusing_5_10_2um2_0_665.npy,P0/data/dataset_particles2SNR_c1/train/2um/HFocusing_5_10_2um2_0_665.npy,P0/data/particles2SNR_4_class_lim10/train/unclear/HFocusing_5_10_2um2_0_665.npy,2um,unclear,-13.125675503576362,-12.861283309431265,-18.480742691153196,5.084814301554543,22,-10.0,median_snr_below_threshold,symlinked
train,HFocusing_5_10_2um2_0_672.npy,P0/data/dataset_particles2SNR_c1/train/2um/HFocusing_5_10_2um2_0_672.npy,P0/data/particles2SNR_4_class_lim10/train/unclear/HFocusing_5_10_2um2_0_672.npy,2um,unclear,-11.570833285244824,-12.093785162952319,-16.51062637887847,-8.024179947791373,14,-10.0,median_snr_below_threshold,symlinked
train,HFocusing_5_10_2um2_0_673.npy,P0/data/dataset_particles2SNR_c1/train/2um/HFocusing_5_10_2um2_0_673.npy,P0/data/particles2SNR_4_class_lim10/train/unclear/HFocusing_5_10_2um2_0_673.npy,2um,unclear,-12.018767527505748,-10.417421491980784,-18.55079318933419,3.384528917442178,11,-10.0,median_snr_below_threshold,symlinked
train,HFocusing_5_10_2um2_0_676.npy,P0/data/dataset_particles2SNR_c1/train/2um/HFocusing_5_10_2um2_0_676.npy,P0/data/particles2SNR_4_class_lim10/train/unclear/HFocusing_5_10_2um2_0_676.npy,2um,unclear,-12.821901674208641,-12.102633980208925,-17.60918544798884,2.052414039032977,14,-10.0,median_snr_below_threshold,symlinked
train,HFocusing_5_10_2um2_0_679.npy,P0/data/dataset_particles2SNR_c1/train/2um/HFocusing_5_10_2um2_0_679.npy,P0/data/particles2SNR_4_class_lim10/train/unclear/HFocusing_5_10_2um2_0_679.npy,2um,unclear,-13.621918473501538,-14.276729927584379,-21.562459905982692,-11.290323938479844,10,-10.0,median_snr_below_threshold,symlinked
train,HFocusing_5_10_2um2_0_68.npy,P0/data/dataset_particles2SNR_c1/train/2um/HFocusing_5_10_2um2_0_68.npy,P0/data/particles2SNR_4_class_lim10/train/unclear/HFocusing_5_10_2um2_0_68.npy,2um,unclear,-11.713911145732004,-11.308883498177599,-14.814757228599886,-5.283232828417392,17,-10.0,median_snr_below_threshold,symlinked
train,HFocusing_5_10_2um2_0_680.npy,P0/data/dataset_particles2SNR_c1/train/2um/HFocusing_5_10_2um2_0_680.npy,P0/data/particles2SNR_4_class_lim10/train/unclear/HFocusing_5_10_2um2_0_680.npy,2um,unclear,-10.915658840347117,-9.557027628090408,-14.353847549982126,0.16287766223440253,11,-10.0,median_snr_below_threshold,symlinked
train,HFocusing_5_10_2um2_0_683.npy,P0/data/dataset_particles2SNR_c1/train/2um/HFocusing_5_10_2um2_0_683.npy,P0/data/particles2SNR_4_class_lim10/train/unclear/HFocusing_5_10_2um2_0_683.npy,2um,unclear,-13.706653555059498,-12.183746347576069,-19.190821998056474,1.5727457473733626,11,-10.0,median_snr_below_threshold,symlinked
train,HFocusing_5_10_2um2_0_687.npy,P0/data/dataset_particles2SNR_c1/train/2um/HFocusing_5_10_2um2_0_687.npy,P0/data/particles2SNR_4_class_lim10/train/2um/HFocusing_5_10_2um2_0_687.npy,2um,2um,-9.524716647127303,-8.796144066801658,-12.845938434262738,2.596087225835617,8,-10.0,median_snr_at_or_above_threshold,symlinked
train,HFocusing_5_10_2um2_0_691.npy,P0/data/dataset_particles2SNR_c1/train/2um/HFocusing_5_10_2um2_0_691.npy,P0/data/particles2SNR_4_class_lim10/train/unclear/HFocusing_5_10_2um2_0_691.npy,2um,unclear,-13.243286892200636,-12.01374468480803,-16.87651325453963,3.8067274398340745,18,-10.0,median_snr_below_threshold,symlinked
train,HFocusing_5_10_2um2_0_694.npy,P0/data/dataset_particles2SNR_c1/train/2um/HFocusing_5_10_2um2_0_694.npy,P0/data/particles2SNR_4_class_lim10/train/unclear/HFocusing_5_10_2um2_0_694.npy,2um,unclear,-12.013443990457336,-11.670431333428157,-16.549278411184435,-6.361957595614992,21,-10.0,median_snr_below_threshold,symlinked
train,HFocusing_5_10_2um2_0_698.npy,P0/data/dataset_particles2SNR_c1/train/2um/HFocusing_5_10_2um2_0_698.npy,P0/data/particles2SNR_4_class_lim10/train/unclear/HFocusing_5_10_2um2_0_698.npy,2um,unclear,-13.413130731509426,-12.80486000578089,-16.676678651917523,-10.12465154463396,20,-10.0,median_snr_below_threshold,symlinked
train,HFocusing_5_10_2um2_0_7.npy,P0/data/dataset_particles2SNR_c1/train/2um/HFocusing_5_10_2um2_0_7.npy,P0/data/particles2SNR_4_class_lim10/train/unclear/HFocusing_5_10_2um2_0_7.npy,2um,unclear,-10.868970655444937,-10.836433034365136,-18.364154737172512,6.550589341587562,17,-10.0,median_snr_below_threshold,symlinked
train,HFocusing_5_10_2um2_0_702.npy,P0/data/dataset_particles2SNR_c1/train/2um/HFocusing_5_10_2um2_0_702.npy,P0/data/particles2SNR_4_class_lim10/train/unclear/HFocusing_5_10_2um2_0_702.npy,2um,unclear,-13.344318305890255,-11.768368076399396,-16.616170907564197,1.567591088673642,17,-10.0,median_snr_below_threshold,symlinked
train,HFocusing_5_10_2um2_0_706.npy,P0/data/dataset_particles2SNR_c1/train/2um/HFocusing_5_10_2um2_0_706.npy,P0/data/particles2SNR_4_class_lim10/train/unclear/HFocusing_5_10_2um2_0_706.npy,2um,unclear,-12.826953995310292,-12.137987058730536,-22.67186138233507,-0.8718906541654219,23,-10.0,median_snr_below_threshold,symlinked
train,HFocusing_5_10_2um2_0_709.npy,P0/data/dataset_particles2SNR_c1/train/2um/HFocusing_5_10_2um2_0_709.npy,P0/data/particles2SNR_4_class_lim10/train/unclear/HFocusing_5_10_2um2_0_709.npy,2um,unclear,-10.010920383375657,-9.367388809668403,-13.295750964575156,0.10044364267978273,18,-10.0,median_snr_below_threshold,symlinked
train,HFocusing_5_10_2um2_0_712.npy,P0/data/dataset_particles2SNR_c1/train/2um/HFocusing_5_10_2um2_0_712.npy,P0/data/particles2SNR_4_class_lim10/train/unclear/HFocusing_5_10_2um2_0_712.npy,2um,unclear,-12.080951486960823,-13.031083063503383,-16.605796602433426,-9.188287352700998,17,-10.0,median_snr_below_threshold,symlinked
train,HFocusing_5_10_2um2_0_716.npy,P0/data/dataset_particles2SNR_c1/train/2um/HFocusing_5_10_2um2_0_716.npy,P0/data/particles2SNR_4_class_lim10/train/unclear/HFocusing_5_10_2um2_0_716.npy,2um,unclear,-11.3569581329505,-11.913942233842963,-17.98806573407981,-9.32061970625307,15,-10.0,median_snr_below_threshold,symlinked
train,HFocusing_5_10_2um2_0_717.npy,P0/data/dataset_particles2SNR_c1/train/2um/HFocusing_5_10_2um2_0_717.npy,P0/data/particles2SNR_4_class_lim10/train/unclear/HFocusing_5_10_2um2_0_717.npy,2um,unclear,-11.335088095333827,-10.800803189250159,-16.40306639357297,0.9207857951436772,7,-10.0,median_snr_below_threshold,symlinked
train,HFocusing_5_10_2um2_0_72.npy,P0/data/dataset_particles2SNR_c1/train/2um/HFocusing_5_10_2um2_0_72.npy,P0/data/particles2SNR_4_class_lim10/train/unclear/HFocusing_5_10_2um2_0_72.npy,2um,unclear,-13.672863785024598,-12.29033422227394,-16.20506540881218,-6.097108687425205,13,-10.0,median_snr_below_threshold,symlinked
train,HFocusing_5_10_2um2_0_720.npy,P0/data/dataset_particles2SNR_c1/train/2um/HFocusing_5_10_2um2_0_720.npy,P0/data/particles2SNR_4_class_lim10/train/unclear/HFocusing_5_10_2um2_0_720.npy,2um,unclear,-14.633320461627026,-14.212686446793152,-18.05976854197806,-9.681103856512088,10,-10.0,median_snr_below_threshold,symlinked
train,HFocusing_5_10_2um2_0_721.npy,P0/data/dataset_particles2SNR_c1/train/2um/HFocusing_5_10_2um2_0_721.npy,P0/data/particles2SNR_4_class_lim10/train/unclear/HFocusing_5_10_2um2_0_721.npy,2um,unclear,-13.008540829245225,-12.837642489483475,-20.444014691058875,2.2124664065373674,13,-10.0,median_snr_below_threshold,symlinked
train,HFocusing_5_10_2um2_0_724.npy,P0/data/dataset_particles2SNR_c1/train/2um/HFocusing_5_10_2um2_0_724.npy,P0/data/particles2SNR_4_class_lim10/train/unclear/HFocusing_5_10_2um2_0_724.npy,2um,unclear,-11.538591812732545,-12.030588913103204,-14.714848255257198,-9.62657305829676,9,-10.0,median_snr_below_threshold,symlinked
train,HFocusing_5_10_2um2_0_725.npy,P0/data/dataset_particles2SNR_c1/train/2um/HFocusing_5_10_2um2_0_725.npy,P0/data/particles2SNR_4_class_lim10/train/unclear/HFocusing_5_10_2um2_0_725.npy,2um,unclear,-11.996981119629131,-11.883907836468868,-18.24842768726606,-0.27000671101261925,15,-10.0,median_snr_below_threshold,symlinked
train,HFocusing_5_10_2um2_0_728.npy,P0/data/dataset_particles2SNR_c1/train/2um/HFocusing_5_10_2um2_0_728.npy,P0/data/particles2SNR_4_class_lim10/train/unclear/HFocusing_5_10_2um2_0_728.npy,2um,unclear,-12.089332581044978,-12.622080596823174,-16.326905135660617,-9.905370768610023,17,-10.0,median_snr_below_threshold,symlinked
train,HFocusing_5_10_2um2_0_729.npy,P0/data/dataset_particles2SNR_c1/train/2um/HFocusing_5_10_2um2_0_729.npy,P0/data/particles2SNR_4_class_lim10/train/2um/HFocusing_5_10_2um2_0_729.npy,2um,2um,-9.103069140617855,-8.014300473206214,-14.592999513078633,0.02837253467686101,13,-10.0,median_snr_at_or_above_threshold,symlinked
train,HFocusing_5_10_2um2_0_732.npy,P0/data/dataset_particles2SNR_c1/train/2um/HFocusing_5_10_2um2_0_732.npy,P0/data/particles2SNR_4_class_lim10/train/unclear/HFocusing_5_10_2um2_0_732.npy,2um,unclear,-13.120052460937323,-13.160687286269702,-16.37860720414245,-10.469934435965769,14,-10.0,median_snr_below_threshold,symlinked
train,HFocusing_5_10_2um2_0_733.npy,P0/data/dataset_particles2SNR_c1/train/2um/HFocusing_5_10_2um2_0_733.npy,P0/data/particles2SNR_4_class_lim10/train/unclear/HFocusing_5_10_2um2_0_733.npy,2um,unclear,-13.551814623343368,-11.499221248926949,-20.163194011140696,0.3717370614672212,19,-10.0,median_snr_below_threshold,symlinked
train,HFocusing_5_10_2um2_0_736.npy,P0/data/dataset_particles2SNR_c1/train/2um/HFocusing_5_10_2um2_0_736.npy,P0/data/particles2SNR_4_class_lim10/train/unclear/HFocusing_5_10_2um2_0_736.npy,2um,unclear,-10.597163343211218,-9.255990916104748,-15.042918208411884,4.53053057568814,19,-10.0,median_snr_below_threshold,symlinked
train,HFocusing_5_10_2um2_0_739.npy,P0/data/dataset_particles2SNR_c1/train/2um/HFocusing_5_10_2um2_0_739.npy,P0/data/particles2SNR_4_class_lim10/train/unclear/HFocusing_5_10_2um2_0_739.npy,2um,unclear,-11.799375878412542,-11.337807326701526,-15.61616931842014,-5.5549924274365825,20,-10.0,median_snr_below_threshold,symlinked
train,HFocusing_5_10_2um2_0_740.npy,P0/data/dataset_particles2SNR_c1/train/2um/HFocusing_5_10_2um2_0_740.npy,P0/data/particles2SNR_4_class_lim10/train/unclear/HFocusing_5_10_2um2_0_740.npy,2um,unclear,-12.307508167478572,-11.05383433646795,-16.101008483445426,3.486298882168092,21,-10.0,median_snr_below_threshold,symlinked
train,HFocusing_5_10_2um2_0_743.npy,P0/data/dataset_particles2SNR_c1/train/2um/HFocusing_5_10_2um2_0_743.npy,P0/data/particles2SNR_4_class_lim10/train/unclear/HFocusing_5_10_2um2_0_743.npy,2um,unclear,-12.67021593585694,-10.87067121691295,-16.80124083599324,-0.04765335983871914,13,-10.0,median_snr_below_threshold,symlinked
train,HFocusing_5_10_2um2_0_746.npy,P0/data/dataset_particles2SNR_c1/train/2um/HFocusing_5_10_2um2_0_746.npy,P0/data/particles2SNR_4_class_lim10/train/unclear/HFocusing_5_10_2um2_0_746.npy,2um,unclear,-12.121043608472366,-12.139956890462198,-14.596004475881422,-8.734840134260782,15,-10.0,median_snr_below_threshold,symlinked
train,HFocusing_5_10_2um2_0_747.npy,P0/data/dataset_particles2SNR_c1/train/2um/HFocusing_5_10_2um2_0_747.npy,P0/data/particles2SNR_4_class_lim10/train/unclear/HFocusing_5_10_2um2_0_747.npy,2um,unclear,-11.566449389667607,-10.366651912895525,-16.808836036873874,2.230267282647897,17,-10.0,median_snr_below_threshold,symlinked
train,HFocusing_5_10_2um2_0_75.npy,P0/data/dataset_particles2SNR_c1/train/2um/HFocusing_5_10_2um2_0_75.npy,P0/data/particles2SNR_4_class_lim10/train/unclear/HFocusing_5_10_2um2_0_75.npy,2um,unclear,-13.20471741867155,-12.058961847412714,-20.760451845161278,-1.6046061148392678,16,-10.0,median_snr_below_threshold,symlinked
train,HFocusing_5_10_2um2_0_750.npy,P0/data/dataset_particles2SNR_c1/train/2um/HFocusing_5_10_2um2_0_750.npy,P0/data/particles2SNR_4_class_lim10/train/unclear/HFocusing_5_10_2um2_0_750.npy,2um,unclear,-11.088009574673386,-10.30333265962281,-14.667007996520221,-2.7466305130010236,14,-10.0,median_snr_below_threshold,symlinked
train,HFocusing_5_10_2um2_0_753.npy,P0/data/dataset_particles2SNR_c1/train/2um/HFocusing_5_10_2um2_0_753.npy,P0/data/particles2SNR_4_class_lim10/train/unclear/HFocusing_5_10_2um2_0_753.npy,2um,unclear,-12.585668604041597,-11.434120843560398,-18.43908366614376,-5.215456479029084,13,-10.0,median_snr_below_threshold,symlinked
train,HFocusing_5_10_2um2_0_754.npy,P0/data/dataset_particles2SNR_c1/train/2um/HFocusing_5_10_2um2_0_754.npy,P0/data/particles2SNR_4_class_lim10/train/unclear/HFocusing_5_10_2um2_0_754.npy,2um,unclear,-13.07855911123953,-11.694459454512764,-16.383233756543795,-5.172592819304547,15,-10.0,median_snr_below_threshold,symlinked
train,HFocusing_5_10_2um2_0_757.npy,P0/data/dataset_particles2SNR_c1/train/2um/HFocusing_5_10_2um2_0_757.npy,P0/data/particles2SNR_4_class_lim10/train/unclear/HFocusing_5_10_2um2_0_757.npy,2um,unclear,-14.19997030394236,-13.500192544279326,-17.50485094043729,-9.66687724466264,17,-10.0,median_snr_below_threshold,symlinked
train,HFocusing_5_10_2um2_0_758.npy,P0/data/dataset_particles2SNR_c1/train/2um/HFocusing_5_10_2um2_0_758.npy,P0/data/particles2SNR_4_class_lim10/train/2um/HFocusing_5_10_2um2_0_758.npy,2um,2um,-9.655170138063841,-9.73394525213242,-13.185095467998627,-1.1509513658040413,9,-10.0,median_snr_at_or_above_threshold,symlinked
train,HFocusing_5_10_2um2_0_761.npy,P0/data/dataset_particles2SNR_c1/train/2um/HFocusing_5_10_2um2_0_761.npy,P0/data/particles2SNR_4_class_lim10/train/unclear/HFocusing_5_10_2um2_0_761.npy,2um,unclear,-10.943570336433972,-11.822878482455243,-15.979418976512338,-7.865215756096732,18,-10.0,median_snr_below_threshold,symlinked
train,HFocusing_5_10_2um2_0_762.npy,P0/data/dataset_particles2SNR_c1/train/2um/HFocusing_5_10_2um2_0_762.npy,P0/data/particles2SNR_4_class_lim10/train/unclear/HFocusing_5_10_2um2_0_762.npy,2um,unclear,-13.125671134977555,-12.942503267165666,-21.071179405291744,-4.69768063220358,20,-10.0,median_snr_below_threshold,symlinked
train,HFocusing_5_10_2um2_0_765.npy,P0/data/dataset_particles2SNR_c1/train/2um/HFocusing_5_10_2um2_0_765.npy,P0/data/particles2SNR_4_class_lim10/train/unclear/HFocusing_5_10_2um2_0_765.npy,2um,unclear,-13.111067463383417,-11.663235800706799,-17.639389737332575,2.1074128779767145,17,-10.0,median_snr_below_threshold,symlinked
train,HFocusing_5_10_2um2_0_768.npy,P0/data/dataset_particles2SNR_c1/train/2um/HFocusing_5_10_2um2_0_768.npy,P0/data/particles2SNR_4_class_lim10/train/unclear/HFocusing_5_10_2um2_0_768.npy,2um,unclear,-11.06557450024423,-10.93065193553569,-18.069931725276682,-3.1371745493995196,18,-10.0,median_snr_below_threshold,symlinked
train,HFocusing_5_10_2um2_0_773.npy,P0/data/dataset_particles2SNR_c1/train/2um/HFocusing_5_10_2um2_0_773.npy,P0/data/particles2SNR_4_class_lim10/train/unclear/HFocusing_5_10_2um2_0_773.npy,2um,unclear,-10.385480092412763,-9.201142520198022,-16.383349082105582,2.262154587037043,11,-10.0,median_snr_below_threshold,symlinked
train,HFocusing_5_10_2um2_0_776.npy,P0/data/dataset_particles2SNR_c1/train/2um/HFocusing_5_10_2um2_0_776.npy,P0/data/particles2SNR_4_class_lim10/train/unclear/HFocusing_5_10_2um2_0_776.npy,2um,unclear,-12.69829543242034,-12.191697494020872,-14.851943236917574,-5.200584800727549,19,-10.0,median_snr_below_threshold,symlinked
train,HFocusing_5_10_2um2_0_777.npy,P0/data/dataset_particles2SNR_c1/train/2um/HFocusing_5_10_2um2_0_777.npy,P0/data/particles2SNR_4_class_lim10/train/unclear/HFocusing_5_10_2um2_0_777.npy,2um,unclear,-11.479537959294522,-9.701993933084683,-14.263266160537324,4.025107613681452,10,-10.0,median_snr_below_threshold,symlinked
train,HFocusing_5_10_2um2_0_78.npy,P0/data/dataset_particles2SNR_c1/train/2um/HFocusing_5_10_2um2_0_78.npy,P0/data/particles2SNR_4_class_lim10/train/unclear/HFocusing_5_10_2um2_0_78.npy,2um,unclear,-12.226919634765437,-11.34156707507386,-22.24819542702319,0.9563037079172927,20,-10.0,median_snr_below_threshold,symlinked
train,HFocusing_5_10_2um2_0_780.npy,P0/data/dataset_particles2SNR_c1/train/2um/HFocusing_5_10_2um2_0_780.npy,P0/data/particles2SNR_4_class_lim10/train/unclear/HFocusing_5_10_2um2_0_780.npy,2um,unclear,-11.873724999690202,-10.399867800279056,-17.50109721982717,-2.8486828171903067,14,-10.0,median_snr_below_threshold,symlinked
train,HFocusing_5_10_2um2_0_784.npy,P0/data/dataset_particles2SNR_c1/train/2um/HFocusing_5_10_2um2_0_784.npy,P0/data/particles2SNR_4_class_lim10/train/unclear/HFocusing_5_10_2um2_0_784.npy,2um,unclear,-11.872674483220003,-11.135672727214061,-18.045895236819174,-1.352796473882318,13,-10.0,median_snr_below_threshold,symlinked
train,HFocusing_5_10_2um2_0_788.npy,P0/data/dataset_particles2SNR_c1/train/2um/HFocusing_5_10_2um2_0_788.npy,P0/data/particles2SNR_4_class_lim10/train/unclear/HFocusing_5_10_2um2_0_788.npy,2um,unclear,-11.491600737472298,-11.127090066463277,-19.473809112274346,-0.15617950132621233,13,-10.0,median_snr_below_threshold,symlinked
train,HFocusing_5_10_2um2_0_791.npy,P0/data/dataset_particles2SNR_c1/train/2um/HFocusing_5_10_2um2_0_791.npy,P0/data/particles2SNR_4_class_lim10/train/unclear/HFocusing_5_10_2um2_0_791.npy,2um,unclear,-13.136777961264563,-12.482154414692761,-17.356771110900414,3.4841568433660752,21,-10.0,median_snr_below_threshold,symlinked
train,HFocusing_5_10_2um2_0_794.npy,P0/data/dataset_particles2SNR_c1/train/2um/HFocusing_5_10_2um2_0_794.npy,P0/data/particles2SNR_4_class_lim10/train/unclear/HFocusing_5_10_2um2_0_794.npy,2um,unclear,-11.507900894429563,-10.396213555326897,-16.32582743620906,-0.7672260992067845,14,-10.0,median_snr_below_threshold,symlinked
train,HFocusing_5_10_2um2_0_800.npy,P0/data/dataset_particles2SNR_c1/train/2um/HFocusing_5_10_2um2_0_800.npy,P0/data/particles2SNR_4_class_lim10/train/unclear/HFocusing_5_10_2um2_0_800.npy,2um,unclear,-11.477756705605646,-10.765296020975834,-14.755346774454718,-1.480383870811754,18,-10.0,median_snr_below_threshold,symlinked
train,HFocusing_5_10_2um2_0_801.npy,P0/data/dataset_particles2SNR_c1/train/2um/HFocusing_5_10_2um2_0_801.npy,P0/data/particles2SNR_4_class_lim10/train/unclear/HFocusing_5_10_2um2_0_801.npy,2um,unclear,-13.205492839918833,-11.413081071732325,-14.131026021916053,-1.4891945265790498,10,-10.0,median_snr_below_threshold,symlinked
train,HFocusing_5_10_2um2_0_805.npy,P0/data/dataset_particles2SNR_c1/train/2um/HFocusing_5_10_2um2_0_805.npy,P0/data/particles2SNR_4_class_lim10/train/unclear/HFocusing_5_10_2um2_0_805.npy,2um,unclear,-12.614582667439196,-12.29204127804664,-19.645571484377292,-0.9975305208346095,16,-10.0,median_snr_below_threshold,symlinked
train,HFocusing_5_10_2um2_0_808.npy,P0/data/dataset_particles2SNR_c1/train/2um/HFocusing_5_10_2um2_0_808.npy,P0/data/particles2SNR_4_class_lim10/train/unclear/HFocusing_5_10_2um2_0_808.npy,2um,unclear,-12.872662746884764,-11.339471791635885,-16.12234933175014,-0.5552169973947682,19,-10.0,median_snr_below_threshold,symlinked
train,HFocusing_5_10_2um2_0_81.npy,P0/data/dataset_particles2SNR_c1/train/2um/HFocusing_5_10_2um2_0_81.npy,P0/data/particles2SNR_4_class_lim10/train/unclear/HFocusing_5_10_2um2_0_81.npy,2um,unclear,-11.950496217065474,-10.11786498427796,-16.340574322744015,4.6980054899004635,13,-10.0,median_snr_below_threshold,symlinked
train,HFocusing_5_10_2um2_0_811.npy,P0/data/dataset_particles2SNR_c1/train/2um/HFocusing_5_10_2um2_0_811.npy,P0/data/particles2SNR_4_class_lim10/train/unclear/HFocusing_5_10_2um2_0_811.npy,2um,unclear,-11.885717516156943,-11.369077402605354,-15.745629804189951,-6.577646258374323,18,-10.0,median_snr_below_threshold,symlinked
train,HFocusing_5_10_2um2_0_812.npy,P0/data/dataset_particles2SNR_c1/train/2um/HFocusing_5_10_2um2_0_812.npy,P0/data/particles2SNR_4_class_lim10/train/unclear/HFocusing_5_10_2um2_0_812.npy,2um,unclear,-11.156830003216342,-10.858850079582496,-16.366704471966436,4.071068546219439,12,-10.0,median_snr_below_threshold,symlinked
train,HFocusing_5_10_2um2_0_814.npy,P0/data/dataset_particles2SNR_c1/train/2um/HFocusing_5_10_2um2_0_814.npy,P0/data/particles2SNR_4_class_lim10/train/unclear/HFocusing_5_10_2um2_0_814.npy,2um,unclear,-13.755133017566049,-13.062838266413667,-18.33818216218019,-3.680247819709133,23,-10.0,median_snr_below_threshold,symlinked
train,HFocusing_5_10_2um2_0_815.npy,P0/data/dataset_particles2SNR_c1/train/2um/HFocusing_5_10_2um2_0_815.npy,P0/data/particles2SNR_4_class_lim10/train/unclear/HFocusing_5_10_2um2_0_815.npy,2um,unclear,-12.581118374784246,-10.880784926483079,-17.23605035439324,1.243988257014697,9,-10.0,median_snr_below_threshold,symlinked
train,HFocusing_5_10_2um2_0_818.npy,P0/data/dataset_particles2SNR_c1/train/2um/HFocusing_5_10_2um2_0_818.npy,P0/data/particles2SNR_4_class_lim10/train/unclear/HFocusing_5_10_2um2_0_818.npy,2um,unclear,-11.774789704204775,-10.668662036129009,-13.547091342153333,-0.3800653707015289,11,-10.0,median_snr_below_threshold,symlinked
train,HFocusing_5_10_2um2_0_821.npy,P0/data/dataset_particles2SNR_c1/train/2um/HFocusing_5_10_2um2_0_821.npy,P0/data/particles2SNR_4_class_lim10/train/2um/HFocusing_5_10_2um2_0_821.npy,2um,2um,-3.6599467720690075,-5.2488526253288015,-11.599963793423662,2.386605238054809,7,-10.0,median_snr_at_or_above_threshold,symlinked
train,HFocusing_5_10_2um2_0_828.npy,P0/data/dataset_particles2SNR_c1/train/2um/HFocusing_5_10_2um2_0_828.npy,P0/data/particles2SNR_4_class_lim10/train/unclear/HFocusing_5_10_2um2_0_828.npy,2um,unclear,-12.917778216194588,-12.08695534633844,-14.893506621860766,-1.5845006088573863,17,-10.0,median_snr_below_threshold,symlinked
train,HFocusing_5_10_2um2_0_829.npy,P0/data/dataset_particles2SNR_c1/train/2um/HFocusing_5_10_2um2_0_829.npy,P0/data/particles2SNR_4_class_lim10/train/unclear/HFocusing_5_10_2um2_0_829.npy,2um,unclear,-10.625367274384867,-10.555482938788268,-16.0340195031057,-1.9007910861750843,13,-10.0,median_snr_below_threshold,symlinked
train,HFocusing_5_10_2um2_0_832.npy,P0/data/dataset_particles2SNR_c1/train/2um/HFocusing_5_10_2um2_0_832.npy,P0/data/particles2SNR_4_class_lim10/train/unclear/HFocusing_5_10_2um2_0_832.npy,2um,unclear,-12.265960983161103,-11.147686632829812,-16.737725650671173,2.1766149637879657,12,-10.0,median_snr_below_threshold,symlinked
train,HFocusing_5_10_2um2_0_835.npy,P0/data/dataset_particles2SNR_c1/train/2um/HFocusing_5_10_2um2_0_835.npy,P0/data/particles2SNR_4_class_lim10/train/unclear/HFocusing_5_10_2um2_0_835.npy,2um,unclear,-13.770022192592474,-12.855601369918116,-16.911706350413194,-9.147523286520713,18,-10.0,median_snr_below_threshold,symlinked
train,HFocusing_5_10_2um2_0_836.npy,P0/data/dataset_particles2SNR_c1/train/2um/HFocusing_5_10_2um2_0_836.npy,P0/data/particles2SNR_4_class_lim10/train/unclear/HFocusing_5_10_2um2_0_836.npy,2um,unclear,-13.462202309898075,-12.192034746069604,-16.297982198995186,-3.967498958307581,21,-10.0,median_snr_below_threshold,symlinked
train,HFocusing_5_10_2um2_0_839.npy,P0/data/dataset_particles2SNR_c1/train/2um/HFocusing_5_10_2um2_0_839.npy,P0/data/particles2SNR_4_class_lim10/train/unclear/HFocusing_5_10_2um2_0_839.npy,2um,unclear,-12.27046764341237,-12.160102236376854,-17.58492814992238,-3.8666325931846774,13,-10.0,median_snr_below_threshold,symlinked
train,HFocusing_5_10_2um2_0_84.npy,P0/data/dataset_particles2SNR_c1/train/2um/HFocusing_5_10_2um2_0_84.npy,P0/data/particles2SNR_4_class_lim10/train/unclear/HFocusing_5_10_2um2_0_84.npy,2um,unclear,-11.751397004354565,-10.529192074418818,-15.6691481159846,-1.100302233461947,14,-10.0,median_snr_below_threshold,symlinked
train,HFocusing_5_10_2um2_0_842.npy,P0/data/dataset_particles2SNR_c1/train/2um/HFocusing_5_10_2um2_0_842.npy,P0/data/particles2SNR_4_class_lim10/train/unclear/HFocusing_5_10_2um2_0_842.npy,2um,unclear,-12.173168616122915,-13.025923170106754,-19.461887411230236,-10.496454122201156,16,-10.0,median_snr_below_threshold,symlinked
train,HFocusing_5_10_2um2_0_846.npy,P0/data/dataset_particles2SNR_c1/train/2um/HFocusing_5_10_2um2_0_846.npy,P0/data/particles2SNR_4_class_lim10/train/unclear/HFocusing_5_10_2um2_0_846.npy,2um,unclear,-12.252880245253955,-12.35751152005602,-15.481672394646594,-9.765833271038844,17,-10.0,median_snr_below_threshold,symlinked
train,HFocusing_5_10_2um2_0_847.npy,P0/data/dataset_particles2SNR_c1/train/2um/HFocusing_5_10_2um2_0_847.npy,P0/data/particles2SNR_4_class_lim10/train/unclear/HFocusing_5_10_2um2_0_847.npy,2um,unclear,-11.705539334061807,-11.740689714853774,-15.688264107509823,-4.742482820725794,21,-10.0,median_snr_below_threshold,symlinked
train,HFocusing_5_10_2um2_0_850.npy,P0/data/dataset_particles2SNR_c1/train/2um/HFocusing_5_10_2um2_0_850.npy,P0/data/particles2SNR_4_class_lim10/train/unclear/HFocusing_5_10_2um2_0_850.npy,2um,unclear,-12.38124371534326,-12.52104158167548,-21.929228199428596,-1.8228679326278188,23,-10.0,median_snr_below_threshold,symlinked
train,HFocusing_5_10_2um2_0_853.npy,P0/data/dataset_particles2SNR_c1/train/2um/HFocusing_5_10_2um2_0_853.npy,P0/data/particles2SNR_4_class_lim10/train/unclear/HFocusing_5_10_2um2_0_853.npy,2um,unclear,-12.994678687520324,-11.803186308395697,-15.73623244873337,-0.25389307902464064,10,-10.0,median_snr_below_threshold,symlinked
train,HFocusing_5_10_2um2_0_857.npy,P0/data/dataset_particles2SNR_c1/train/2um/HFocusing_5_10_2um2_0_857.npy,P0/data/particles2SNR_4_class_lim10/train/unclear/HFocusing_5_10_2um2_0_857.npy,2um,unclear,-13.856988705699933,-12.81419604915309,-17.326994643075636,3.0627081080787595,19,-10.0,median_snr_below_threshold,symlinked
train,HFocusing_5_10_2um2_0_859.npy,P0/data/dataset_particles2SNR_c1/train/2um/HFocusing_5_10_2um2_0_859.npy,P0/data/particles2SNR_4_class_lim10/train/unclear/HFocusing_5_10_2um2_0_859.npy,2um,unclear,-12.598998848387101,-12.417361796778934,-16.09953970887619,-0.27972023830737514,16,-10.0,median_snr_below_threshold,symlinked
train,HFocusing_5_10_2um2_0_862.npy,P0/data/dataset_particles2SNR_c1/train/2um/HFocusing_5_10_2um2_0_862.npy,P0/data/particles2SNR_4_class_lim10/train/unclear/HFocusing_5_10_2um2_0_862.npy,2um,unclear,-13.73450605180838,-13.033166060518544,-16.692239749269607,-9.349297841642016,15,-10.0,median_snr_below_threshold,symlinked
train,HFocusing_5_10_2um2_0_867.npy,P0/data/dataset_particles2SNR_c1/train/2um/HFocusing_5_10_2um2_0_867.npy,P0/data/particles2SNR_4_class_lim10/train/2um/HFocusing_5_10_2um2_0_867.npy,2um,2um,-9.266956841665671,-8.096330298854598,-14.455338642808295,0.2127958688788943,6,-10.0,median_snr_at_or_above_threshold,symlinked
train,HFocusing_5_10_2um2_0_869.npy,P0/data/dataset_particles2SNR_c1/train/2um/HFocusing_5_10_2um2_0_869.npy,P0/data/particles2SNR_4_class_lim10/train/unclear/HFocusing_5_10_2um2_0_869.npy,2um,unclear,-12.234191971267682,-11.662377298347451,-18.97136327191827,-2.228518976084282,11,-10.0,median_snr_below_threshold,symlinked
train,HFocusing_5_10_2um2_0_87.npy,P0/data/dataset_particles2SNR_c1/train/2um/HFocusing_5_10_2um2_0_87.npy,P0/data/particles2SNR_4_class_lim10/train/unclear/HFocusing_5_10_2um2_0_87.npy,2um,unclear,-11.176931287586342,-10.782369039238025,-14.186761204788043,-1.4608871903447134,13,-10.0,median_snr_below_threshold,symlinked
train,HFocusing_5_10_2um2_0_873.npy,P0/data/dataset_particles2SNR_c1/train/2um/HFocusing_5_10_2um2_0_873.npy,P0/data/particles2SNR_4_class_lim10/train/unclear/HFocusing_5_10_2um2_0_873.npy,2um,unclear,-11.818765938340807,-11.265107400550386,-18.230680558221287,3.8527432401562,10,-10.0,median_snr_below_threshold,symlinked
train,HFocusing_5_10_2um2_0_876.npy,P0/data/dataset_particles2SNR_c1/train/2um/HFocusing_5_10_2um2_0_876.npy,P0/data/particles2SNR_4_class_lim10/train/unclear/HFocusing_5_10_2um2_0_876.npy,2um,unclear,-13.360742587180834,-12.916491592536648,-17.509996251157474,-5.529512562103188,18,-10.0,median_snr_below_threshold,symlinked
train,HFocusing_5_10_2um2_0_877.npy,P0/data/dataset_particles2SNR_c1/train/2um/HFocusing_5_10_2um2_0_877.npy,P0/data/particles2SNR_4_class_lim10/train/unclear/HFocusing_5_10_2um2_0_877.npy,2um,unclear,-12.917172986346458,-11.379777242748863,-20.61635199085746,0.2916728921404256,11,-10.0,median_snr_below_threshold,symlinked
train,HFocusing_5_10_2um2_0_879.npy,P0/data/dataset_particles2SNR_c1/train/2um/HFocusing_5_10_2um2_0_879.npy,P0/data/particles2SNR_4_class_lim10/train/unclear/HFocusing_5_10_2um2_0_879.npy,2um,unclear,-12.646359447864615,-12.949774457821567,-17.585598494278013,-10.152951237388583,17,-10.0,median_snr_below_threshold,symlinked
train,HFocusing_5_10_2um2_0_880.npy,P0/data/dataset_particles2SNR_c1/train/2um/HFocusing_5_10_2um2_0_880.npy,P0/data/particles2SNR_4_class_lim10/train/unclear/HFocusing_5_10_2um2_0_880.npy,2um,unclear,-11.424049304525711,-10.797483989244329,-15.521188413820413,4.415091310191363,11,-10.0,median_snr_below_threshold,symlinked
train,HFocusing_5_10_2um2_0_883.npy,P0/data/dataset_particles2SNR_c1/train/2um/HFocusing_5_10_2um2_0_883.npy,P0/data/particles2SNR_4_class_lim10/train/unclear/HFocusing_5_10_2um2_0_883.npy,2um,unclear,-10.727652195042111,-11.934254574499413,-21.019200171058962,-0.11612846913405502,13,-10.0,median_snr_below_threshold,symlinked
train,HFocusing_5_10_2um2_0_886.npy,P0/data/dataset_particles2SNR_c1/train/2um/HFocusing_5_10_2um2_0_886.npy,P0/data/particles2SNR_4_class_lim10/train/unclear/HFocusing_5_10_2um2_0_886.npy,2um,unclear,-13.7424049780946,-13.665414225686833,-17.513900623665194,-9.810380682498408,19,-10.0,median_snr_below_threshold,symlinked
train,HFocusing_5_10_2um2_0_887.npy,P0/data/dataset_particles2SNR_c1/train/2um/HFocusing_5_10_2um2_0_887.npy,P0/data/particles2SNR_4_class_lim10/train/unclear/HFocusing_5_10_2um2_0_887.npy,2um,unclear,-11.35388388755427,-11.48280640770913,-19.460188330513876,-4.571039351107419,17,-10.0,median_snr_below_threshold,symlinked
train,HFocusing_5_10_2um2_0_892.npy,P0/data/dataset_particles2SNR_c1/train/2um/HFocusing_5_10_2um2_0_892.npy,P0/data/particles2SNR_4_class_lim10/train/unclear/HFocusing_5_10_2um2_0_892.npy,2um,unclear,-14.027055816243815,-12.459129650669894,-16.972409583123355,0.8995314468847075,17,-10.0,median_snr_below_threshold,symlinked
train,HFocusing_5_10_2um2_0_900.npy,P0/data/dataset_particles2SNR_c1/train/2um/HFocusing_5_10_2um2_0_900.npy,P0/data/particles2SNR_4_class_lim10/train/unclear/HFocusing_5_10_2um2_0_900.npy,2um,unclear,-10.01573691713416,-8.86489776536777,-15.25329929757719,0.7412483993276884,14,-10.0,median_snr_below_threshold,symlinked
train,HFocusing_5_10_2um2_0_903.npy,P0/data/dataset_particles2SNR_c1/train/2um/HFocusing_5_10_2um2_0_903.npy,P0/data/particles2SNR_4_class_lim10/train/unclear/HFocusing_5_10_2um2_0_903.npy,2um,unclear,-11.788957717988403,-12.531192395811397,-18.131643079484924,-8.895529373871014,15,-10.0,median_snr_below_threshold,symlinked
train,HFocusing_5_10_2um2_0_904.npy,P0/data/dataset_particles2SNR_c1/train/2um/HFocusing_5_10_2um2_0_904.npy,P0/data/particles2SNR_4_class_lim10/train/unclear/HFocusing_5_10_2um2_0_904.npy,2um,unclear,-13.237942852042783,-11.922087723883681,-18.003584292220246,0.17827499955361292,15,-10.0,median_snr_below_threshold,symlinked
train,HFocusing_5_10_2um2_0_906.npy,P0/data/dataset_particles2SNR_c1/train/2um/HFocusing_5_10_2um2_0_906.npy,P0/data/particles2SNR_4_class_lim10/train/unclear/HFocusing_5_10_2um2_0_906.npy,2um,unclear,-12.109585784606072,-12.189147577936879,-18.67619521255889,-2.72451609269534,16,-10.0,median_snr_below_threshold,symlinked
train,HFocusing_5_10_2um2_0_909.npy,P0/data/dataset_particles2SNR_c1/train/2um/HFocusing_5_10_2um2_0_909.npy,P0/data/particles2SNR_4_class_lim10/train/unclear/HFocusing_5_10_2um2_0_909.npy,2um,unclear,-13.642945112928347,-13.469486867283269,-18.31177576522192,-8.337585904928162,11,-10.0,median_snr_below_threshold,symlinked
train,HFocusing_5_10_2um2_0_91.npy,P0/data/dataset_particles2SNR_c1/train/2um/HFocusing_5_10_2um2_0_91.npy,P0/data/particles2SNR_4_class_lim10/train/unclear/HFocusing_5_10_2um2_0_91.npy,2um,unclear,-13.46934476866944,-12.941653232453039,-17.531825851201745,-0.20520125834997419,20,-10.0,median_snr_below_threshold,symlinked
train,HFocusing_5_10_2um2_0_913.npy,P0/data/dataset_particles2SNR_c1/train/2um/HFocusing_5_10_2um2_0_913.npy,P0/data/particles2SNR_4_class_lim10/train/unclear/HFocusing_5_10_2um2_0_913.npy,2um,unclear,-13.351879441491977,-13.198613140012881,-17.11581859763051,-10.080011514464523,20,-10.0,median_snr_below_threshold,symlinked
train,HFocusing_5_10_2um2_0_914.npy,P0/data/dataset_particles2SNR_c1/train/2um/HFocusing_5_10_2um2_0_914.npy,P0/data/particles2SNR_4_class_lim10/train/unclear/HFocusing_5_10_2um2_0_914.npy,2um,unclear,-12.971764544187167,-11.702763253800434,-21.750175236432128,1.492252454516928,16,-10.0,median_snr_below_threshold,symlinked
train,HFocusing_5_10_2um2_0_924.npy,P0/data/dataset_particles2SNR_c1/train/2um/HFocusing_5_10_2um2_0_924.npy,P0/data/particles2SNR_4_class_lim10/train/unclear/HFocusing_5_10_2um2_0_924.npy,2um,unclear,-11.620992427032313,-10.314239951379141,-16.528086957250025,4.875137855848795,14,-10.0,median_snr_below_threshold,symlinked
train,HFocusing_5_10_2um2_0_928.npy,P0/data/dataset_particles2SNR_c1/train/2um/HFocusing_5_10_2um2_0_928.npy,P0/data/particles2SNR_4_class_lim10/train/unclear/HFocusing_5_10_2um2_0_928.npy,2um,unclear,-12.911362512117346,-10.822656260260322,-20.433861073990478,7.148059670859508,14,-10.0,median_snr_below_threshold,symlinked
train,HFocusing_5_10_2um2_0_931.npy,P0/data/dataset_particles2SNR_c1/train/2um/HFocusing_5_10_2um2_0_931.npy,P0/data/particles2SNR_4_class_lim10/train/unclear/HFocusing_5_10_2um2_0_931.npy,2um,unclear,-11.91230236295966,-9.593426688546403,-16.126456796074187,16.957827795043716,19,-10.0,median_snr_below_threshold,symlinked
train,HFocusing_5_10_2um2_0_934.npy,P0/data/dataset_particles2SNR_c1/train/2um/HFocusing_5_10_2um2_0_934.npy,P0/data/particles2SNR_4_class_lim10/train/unclear/HFocusing_5_10_2um2_0_934.npy,2um,unclear,-13.554655614861321,-13.750242631752332,-19.457464909081104,-9.475495272802497,19,-10.0,median_snr_below_threshold,symlinked
train,HFocusing_5_10_2um2_0_935.npy,P0/data/dataset_particles2SNR_c1/train/2um/HFocusing_5_10_2um2_0_935.npy,P0/data/particles2SNR_4_class_lim10/train/2um/HFocusing_5_10_2um2_0_935.npy,2um,2um,-9.525372978182755,-8.779251967328356,-15.355023868132083,3.29144140022503,14,-10.0,median_snr_at_or_above_threshold,symlinked
train,HFocusing_5_10_2um2_0_938.npy,P0/data/dataset_particles2SNR_c1/train/2um/HFocusing_5_10_2um2_0_938.npy,P0/data/particles2SNR_4_class_lim10/train/unclear/HFocusing_5_10_2um2_0_938.npy,2um,unclear,-10.874976534087601,-8.326053043964905,-14.30843679510093,2.842921445005552,6,-10.0,median_snr_below_threshold,symlinked
train,HFocusing_5_10_2um2_0_94.npy,P0/data/dataset_particles2SNR_c1/train/2um/HFocusing_5_10_2um2_0_94.npy,P0/data/particles2SNR_4_class_lim10/train/unclear/HFocusing_5_10_2um2_0_94.npy,2um,unclear,-11.613176745739246,-11.836777075977047,-17.262660261944273,-6.29180831899418,18,-10.0,median_snr_below_threshold,symlinked
train,HFocusing_5_10_2um2_0_941.npy,P0/data/dataset_particles2SNR_c1/train/2um/HFocusing_5_10_2um2_0_941.npy,P0/data/particles2SNR_4_class_lim10/train/unclear/HFocusing_5_10_2um2_0_941.npy,2um,unclear,-11.066587780280031,-9.934655874998288,-15.384973299421393,2.150902204753857,12,-10.0,median_snr_below_threshold,symlinked
train,HFocusing_5_10_2um2_0_945.npy,P0/data/dataset_particles2SNR_c1/train/2um/HFocusing_5_10_2um2_0_945.npy,P0/data/particles2SNR_4_class_lim10/train/unclear/HFocusing_5_10_2um2_0_945.npy,2um,unclear,-12.92642832472752,-12.144814952116468,-17.836025596783983,3.031096665430702,11,-10.0,median_snr_below_threshold,symlinked
train,HFocusing_5_10_2um2_0_948.npy,P0/data/dataset_particles2SNR_c1/train/2um/HFocusing_5_10_2um2_0_948.npy,P0/data/particles2SNR_4_class_lim10/train/unclear/HFocusing_5_10_2um2_0_948.npy,2um,unclear,-13.906525243277088,-13.740544092094211,-19.726062252634996,-6.4504970517362805,18,-10.0,median_snr_below_threshold,symlinked
train,HFocusing_5_10_2um2_0_95.npy,P0/data/dataset_particles2SNR_c1/train/2um/HFocusing_5_10_2um2_0_95.npy,P0/data/particles2SNR_4_class_lim10/train/unclear/HFocusing_5_10_2um2_0_95.npy,2um,unclear,-11.838795130581385,-11.22578173478924,-16.638883804536327,-2.5936557793133614,16,-10.0,median_snr_below_threshold,symlinked
train,HFocusing_5_10_2um2_0_952.npy,P0/data/dataset_particles2SNR_c1/train/2um/HFocusing_5_10_2um2_0_952.npy,P0/data/particles2SNR_4_class_lim10/train/unclear/HFocusing_5_10_2um2_0_952.npy,2um,unclear,-13.08427149741733,-13.066286311713707,-16.962315059100742,-8.77369358241934,17,-10.0,median_snr_below_threshold,symlinked
train,HFocusing_5_10_2um2_0_953.npy,P0/data/dataset_particles2SNR_c1/train/2um/HFocusing_5_10_2um2_0_953.npy,P0/data/particles2SNR_4_class_lim10/train/unclear/HFocusing_5_10_2um2_0_953.npy,2um,unclear,-10.93980883410076,-9.436138031402288,-16.81507608502616,2.3484049174403596,14,-10.0,median_snr_below_threshold,symlinked
train,HFocusing_5_10_2um2_0_956.npy,P0/data/dataset_particles2SNR_c1/train/2um/HFocusing_5_10_2um2_0_956.npy,P0/data/particles2SNR_4_class_lim10/train/2um/HFocusing_5_10_2um2_0_956.npy,2um,2um,-9.779043112733916,-8.832348745762838,-16.844665137529155,0.050810817277597634,13,-10.0,median_snr_at_or_above_threshold,symlinked
train,HFocusing_5_10_2um2_0_959.npy,P0/data/dataset_particles2SNR_c1/train/2um/HFocusing_5_10_2um2_0_959.npy,P0/data/particles2SNR_4_class_lim10/train/unclear/HFocusing_5_10_2um2_0_959.npy,2um,unclear,-13.116138516867728,-13.31018278183196,-18.979813848830204,-5.154010303320503,20,-10.0,median_snr_below_threshold,symlinked
train,HFocusing_5_10_2um2_0_963.npy,P0/data/dataset_particles2SNR_c1/train/2um/HFocusing_5_10_2um2_0_963.npy,P0/data/particles2SNR_4_class_lim10/train/unclear/HFocusing_5_10_2um2_0_963.npy,2um,unclear,-13.538175178612422,-13.828057457965619,-18.79938435594729,-9.596072519394898,21,-10.0,median_snr_below_threshold,symlinked
train,HFocusing_5_10_2um2_0_964.npy,P0/data/dataset_particles2SNR_c1/train/2um/HFocusing_5_10_2um2_0_964.npy,P0/data/particles2SNR_4_class_lim10/train/2um/HFocusing_5_10_2um2_0_964.npy,2um,2um,-9.446840405165137,-9.531311370437328,-16.569161021127112,-2.9711402451660534,15,-10.0,median_snr_at_or_above_threshold,symlinked
train,HFocusing_5_10_2um2_0_967.npy,P0/data/dataset_particles2SNR_c1/train/2um/HFocusing_5_10_2um2_0_967.npy,P0/data/particles2SNR_4_class_lim10/train/unclear/HFocusing_5_10_2um2_0_967.npy,2um,unclear,-13.454452330400006,-13.479812711089892,-16.961301175674716,-9.069393457370873,19,-10.0,median_snr_below_threshold,symlinked
train,HFocusing_5_10_2um2_0_971.npy,P0/data/dataset_particles2SNR_c1/train/2um/HFocusing_5_10_2um2_0_971.npy,P0/data/particles2SNR_4_class_lim10/train/unclear/HFocusing_5_10_2um2_0_971.npy,2um,unclear,-10.910159607895665,-7.6144985156909355,-13.68047271431523,5.143257395606396,12,-10.0,median_snr_below_threshold,symlinked
train,HFocusing_5_10_2um2_0_974.npy,P0/data/dataset_particles2SNR_c1/train/2um/HFocusing_5_10_2um2_0_974.npy,P0/data/particles2SNR_4_class_lim10/train/unclear/HFocusing_5_10_2um2_0_974.npy,2um,unclear,-10.953375380757942,-10.046468747146118,-19.028897009890493,5.2815336178219585,13,-10.0,median_snr_below_threshold,symlinked
train,HFocusing_5_10_2um2_0_977.npy,P0/data/dataset_particles2SNR_c1/train/2um/HFocusing_5_10_2um2_0_977.npy,P0/data/particles2SNR_4_class_lim10/train/unclear/HFocusing_5_10_2um2_0_977.npy,2um,unclear,-12.432124235413568,-10.744785002400825,-15.596922811841683,3.8238543720864575,8,-10.0,median_snr_below_threshold,symlinked
train,HFocusing_5_10_2um2_0_980.npy,P0/data/dataset_particles2SNR_c1/train/2um/HFocusing_5_10_2um2_0_980.npy,P0/data/particles2SNR_4_class_lim10/train/unclear/HFocusing_5_10_2um2_0_980.npy,2um,unclear,-12.826070283079169,-11.048050378192384,-15.166509607657165,6.383873739921947,12,-10.0,median_snr_below_threshold,symlinked
train,HFocusing_5_10_2um2_0_983.npy,P0/data/dataset_particles2SNR_c1/train/2um/HFocusing_5_10_2um2_0_983.npy,P0/data/particles2SNR_4_class_lim10/train/unclear/HFocusing_5_10_2um2_0_983.npy,2um,unclear,-11.84606301073148,-10.35187887170539,-15.198214308591893,1.602283034001756,14,-10.0,median_snr_below_threshold,symlinked
train,HFocusing_5_10_2um2_0_987.npy,P0/data/dataset_particles2SNR_c1/train/2um/HFocusing_5_10_2um2_0_987.npy,P0/data/particles2SNR_4_class_lim10/train/unclear/HFocusing_5_10_2um2_0_987.npy,2um,unclear,-12.416721687257402,-11.915509646981395,-17.996030589220897,2.5070262131199827,14,-10.0,median_snr_below_threshold,symlinked
train,HFocusing_5_10_2um2_0_990.npy,P0/data/dataset_particles2SNR_c1/train/2um/HFocusing_5_10_2um2_0_990.npy,P0/data/particles2SNR_4_class_lim10/train/unclear/HFocusing_5_10_2um2_0_990.npy,2um,unclear,-13.236085740005198,-13.657977776438653,-20.563019880660995,-8.773147032273867,16,-10.0,median_snr_below_threshold,symlinked
train,HFocusing_5_10_2um2_0_991.npy,P0/data/dataset_particles2SNR_c1/train/2um/HFocusing_5_10_2um2_0_991.npy,P0/data/particles2SNR_4_class_lim10/train/unclear/HFocusing_5_10_2um2_0_991.npy,2um,unclear,-10.447807301325506,-8.66391948215528,-15.29110173859451,-0.19974864292738134,8,-10.0,median_snr_below_threshold,symlinked
train,HFocusing_5_10_2um2_0_997.npy,P0/data/dataset_particles2SNR_c1/train/2um/HFocusing_5_10_2um2_0_997.npy,P0/data/particles2SNR_4_class_lim10/train/unclear/HFocusing_5_10_2um2_0_997.npy,2um,unclear,-12.351713311370693,-11.537111371370218,-16.622571104661958,-6.749061085838717,15,-10.0,median_snr_below_threshold,symlinked
train,HFocusing_5_10_4um_0_1.npy,P0/data/dataset_particles2SNR_c1/train/4um/HFocusing_5_10_4um_0_1.npy,P0/data/particles2SNR_4_class_lim10/train/unclear/HFocusing_5_10_4um_0_1.npy,4um,unclear,-11.905099576599811,-11.652858406948692,-18.358753878066697,5.612178467926501,17,-10.0,median_snr_below_threshold,symlinked
train,HFocusing_5_10_4um_0_100.npy,P0/data/dataset_particles2SNR_c1/train/4um/HFocusing_5_10_4um_0_100.npy,P0/data/particles2SNR_4_class_lim10/train/unclear/HFocusing_5_10_4um_0_100.npy,4um,unclear,-12.034003980344355,-10.041890274314841,-16.034285853157723,3.9821104446444773,11,-10.0,median_snr_below_threshold,symlinked
train,HFocusing_5_10_4um_0_1000.npy,P0/data/dataset_particles2SNR_c1/train/4um/HFocusing_5_10_4um_0_1000.npy,P0/data/particles2SNR_4_class_lim10/train/4um/HFocusing_5_10_4um_0_1000.npy,4um,4um,1.4535891368458573,0.7173421697869566,-9.639916840705963,9.994578655525434,7,-10.0,median_snr_at_or_above_threshold,symlinked
train,HFocusing_5_10_4um_0_1001.npy,P0/data/dataset_particles2SNR_c1/train/4um/HFocusing_5_10_4um_0_1001.npy,P0/data/particles2SNR_4_class_lim10/train/unclear/HFocusing_5_10_4um_0_1001.npy,4um,unclear,-10.49630157484144,-7.827737553539835,-21.404777502581478,2.9153846027330568,13,-10.0,median_snr_below_threshold,symlinked
train,HFocusing_5_10_4um_0_1008.npy,P0/data/dataset_particles2SNR_c1/train/4um/HFocusing_5_10_4um_0_1008.npy,P0/data/particles2SNR_4_class_lim10/train/unclear/HFocusing_5_10_4um_0_1008.npy,4um,unclear,-10.553958476829973,-7.485063256418639,-22.29044042836575,9.126316587337147,11,-10.0,median_snr_below_threshold,symlinked
train,HFocusing_5_10_4um_0_101.npy,P0/data/dataset_particles2SNR_c1/train/4um/HFocusing_5_10_4um_0_101.npy,P0/data/particles2SNR_4_class_lim10/train/unclear/HFocusing_5_10_4um_0_101.npy,4um,unclear,-12.337380727210828,-13.21697544566361,-17.814229985934297,-10.522884336063655,14,-10.0,median_snr_below_threshold,symlinked
train,HFocusing_5_10_4um_0_1011.npy,P0/data/dataset_particles2SNR_c1/train/4um/HFocusing_5_10_4um_0_1011.npy,P0/data/particles2SNR_4_class_lim10/train/unclear/HFocusing_5_10_4um_0_1011.npy,4um,unclear,-14.217901690160502,-10.747140065778293,-17.445012372073162,11.921685442584486,13,-10.0,median_snr_below_threshold,symlinked
train,HFocusing_5_10_4um_0_1014.npy,P0/data/dataset_particles2SNR_c1/train/4um/HFocusing_5_10_4um_0_1014.npy,P0/data/particles2SNR_4_class_lim10/train/unclear/HFocusing_5_10_4um_0_1014.npy,4um,unclear,-11.21803800374538,-9.79671742734148,-18.875941498676433,8.833360166041317,11,-10.0,median_snr_below_threshold,symlinked
train,HFocusing_5_10_4um_0_1016.npy,P0/data/dataset_particles2SNR_c1/train/4um/HFocusing_5_10_4um_0_1016.npy,P0/data/particles2SNR_4_class_lim10/train/unclear/HFocusing_5_10_4um_0_1016.npy,4um,unclear,-12.431239629972367,-8.005816673522837,-17.160456242597167,4.39328169817995,10,-10.0,median_snr_below_threshold,symlinked
train,HFocusing_5_10_4um_0_1019.npy,P0/data/dataset_particles2SNR_c1/train/4um/HFocusing_5_10_4um_0_1019.npy,P0/data/particles2SNR_4_class_lim10/train/unclear/HFocusing_5_10_4um_0_1019.npy,4um,unclear,-14.620704573625737,-12.719656501294375,-18.55042203864614,7.7325269777433725,12,-10.0,median_snr_below_threshold,symlinked
train,HFocusing_5_10_4um_0_102.npy,P0/data/dataset_particles2SNR_c1/train/4um/HFocusing_5_10_4um_0_102.npy,P0/data/particles2SNR_4_class_lim10/train/unclear/HFocusing_5_10_4um_0_102.npy,4um,unclear,-12.065136848502064,-8.687229481791388,-18.172798628825227,13.857921048892816,9,-10.0,median_snr_below_threshold,symlinked
train,HFocusing_5_10_4um_0_1026.npy,P0/data/dataset_particles2SNR_c1/train/4um/HFocusing_5_10_4um_0_1026.npy,P0/data/particles2SNR_4_class_lim10/train/4um/HFocusing_5_10_4um_0_1026.npy,4um,4um,0.4324043838121411,-3.50457913592318,-17.925416892534436,4.643261282267855,10,-10.0,median_snr_at_or_above_threshold,symlinked
train,HFocusing_5_10_4um_0_1029.npy,P0/data/dataset_particles2SNR_c1/train/4um/HFocusing_5_10_4um_0_1029.npy,P0/data/particles2SNR_4_class_lim10/train/unclear/HFocusing_5_10_4um_0_1029.npy,4um,unclear,-12.12667064809515,-9.952111024901786,-16.78324267984121,8.509170158220144,12,-10.0,median_snr_below_threshold,symlinked
train,HFocusing_5_10_4um_0_1033.npy,P0/data/dataset_particles2SNR_c1/train/4um/HFocusing_5_10_4um_0_1033.npy,P0/data/particles2SNR_4_class_lim10/train/unclear/HFocusing_5_10_4um_0_1033.npy,4um,unclear,-13.177626924541094,-12.063745283419255,-15.961077226704496,-3.5851645930892784,10,-10.0,median_snr_below_threshold,symlinked
train,HFocusing_5_10_4um_0_1039.npy,P0/data/dataset_particles2SNR_c1/train/4um/HFocusing_5_10_4um_0_1039.npy,P0/data/particles2SNR_4_class_lim10/train/unclear/HFocusing_5_10_4um_0_1039.npy,4um,unclear,-11.2080360522003,-10.489876990639907,-17.45251466800714,3.0512797871920627,16,-10.0,median_snr_below_threshold,symlinked
train,HFocusing_5_10_4um_0_104.npy,P0/data/dataset_particles2SNR_c1/train/4um/HFocusing_5_10_4um_0_104.npy,P0/data/particles2SNR_4_class_lim10/train/unclear/HFocusing_5_10_4um_0_104.npy,4um,unclear,-11.863248526491578,-12.539600477347289,-15.007659893304997,-11.424244963101005,4,-10.0,median_snr_below_threshold,symlinked
train,HFocusing_5_10_4um_0_1042.npy,P0/data/dataset_particles2SNR_c1/train/4um/HFocusing_5_10_4um_0_1042.npy,P0/data/particles2SNR_4_class_lim10/train/4um/HFocusing_5_10_4um_0_1042.npy,4um,4um,-2.744630606477604,-5.581000422093463,-20.368734055566463,4.487848666769646,14,-10.0,median_snr_at_or_above_threshold,symlinked
train,HFocusing_5_10_4um_0_1046.npy,P0/data/dataset_particles2SNR_c1/train/4um/HFocusing_5_10_4um_0_1046.npy,P0/data/particles2SNR_4_class_lim10/train/unclear/HFocusing_5_10_4um_0_1046.npy,4um,unclear,-11.999345683250795,-9.870920381037516,-18.77308702166353,3.8586704343619083,12,-10.0,median_snr_below_threshold,symlinked
train,HFocusing_5_10_4um_0_1049.npy,P0/data/dataset_particles2SNR_c1/train/4um/HFocusing_5_10_4um_0_1049.npy,P0/data/particles2SNR_4_class_lim10/train/4um/HFocusing_5_10_4um_0_1049.npy,4um,4um,-5.806987560681918,-5.620368516240896,-15.566260039753207,5.318626624686522,11,-10.0,median_snr_at_or_above_threshold,symlinked
train,HFocusing_5_10_4um_0_105.npy,P0/data/dataset_particles2SNR_c1/train/4um/HFocusing_5_10_4um_0_105.npy,P0/data/particles2SNR_4_class_lim10/train/unclear/HFocusing_5_10_4um_0_105.npy,4um,unclear,-12.513288640380893,-10.868401797610366,-18.347577495461994,2.3065109773511545,12,-10.0,median_snr_below_threshold,symlinked
train,HFocusing_5_10_4um_0_1052.npy,P0/data/dataset_particles2SNR_c1/train/4um/HFocusing_5_10_4um_0_1052.npy,P0/data/particles2SNR_4_class_lim10/train/unclear/HFocusing_5_10_4um_0_1052.npy,4um,unclear,-13.395249523383708,-12.436635482201886,-16.97917975997848,6.8204882522498655,13,-10.0,median_snr_below_threshold,symlinked
train,HFocusing_5_10_4um_0_1055.npy,P0/data/dataset_particles2SNR_c1/train/4um/HFocusing_5_10_4um_0_1055.npy,P0/data/particles2SNR_4_class_lim10/train/4um/HFocusing_5_10_4um_0_1055.npy,4um,4um,-5.5216338335788,-4.783396456999114,-18.142123865340814,9.312370994466857,12,-10.0,median_snr_at_or_above_threshold,symlinked
train,HFocusing_5_10_4um_0_1058.npy,P0/data/dataset_particles2SNR_c1/train/4um/HFocusing_5_10_4um_0_1058.npy,P0/data/particles2SNR_4_class_lim10/train/4um/HFocusing_5_10_4um_0_1058.npy,4um,4um,-1.247594606225363,-3.5340477151382377,-14.48431316377741,6.567157457709194,12,-10.0,median_snr_at_or_above_threshold,symlinked
train,HFocusing_5_10_4um_0_1066.npy,P0/data/dataset_particles2SNR_c1/train/4um/HFocusing_5_10_4um_0_1066.npy,P0/data/particles2SNR_4_class_lim10/train/unclear/HFocusing_5_10_4um_0_1066.npy,4um,unclear,-12.416065529897736,-10.731300519727023,-16.322297784419554,3.199891343685477,12,-10.0,median_snr_below_threshold,symlinked
train,HFocusing_5_10_4um_0_1069.npy,P0/data/dataset_particles2SNR_c1/train/4um/HFocusing_5_10_4um_0_1069.npy,P0/data/particles2SNR_4_class_lim10/train/unclear/HFocusing_5_10_4um_0_1069.npy,4um,unclear,-13.615776788973506,-11.805367685193337,-16.95346813179961,5.330814660589455,10,-10.0,median_snr_below_threshold,symlinked
train,HFocusing_5_10_4um_0_1072.npy,P0/data/dataset_particles2SNR_c1/train/4um/HFocusing_5_10_4um_0_1072.npy,P0/data/particles2SNR_4_class_lim10/train/unclear/HFocusing_5_10_4um_0_1072.npy,4um,unclear,-11.202697854989133,-5.594864164295287,-14.759657423028425,9.677834945198555,10,-10.0,median_snr_below_threshold,symlinked
train,HFocusing_5_10_4um_0_1075.npy,P0/data/dataset_particles2SNR_c1/train/4um/HFocusing_5_10_4um_0_1075.npy,P0/data/particles2SNR_4_class_lim10/train/unclear/HFocusing_5_10_4um_0_1075.npy,4um,unclear,-10.331487242973754,-8.601566907817768,-19.039530449565266,3.547587140540633,8,-10.0,median_snr_below_threshold,symlinked
train,HFocusing_5_10_4um_0_1081.npy,P0/data/dataset_particles2SNR_c1/train/4um/HFocusing_5_10_4um_0_1081.npy,P0/data/particles2SNR_4_class_lim10/train/4um/HFocusing_5_10_4um_0_1081.npy,4um,4um,-7.106913953738391,-5.096479839314653,-16.660221620015783,7.872030398313337,15,-10.0,median_snr_at_or_above_threshold,symlinked
train,HFocusing_5_10_4um_0_1084.npy,P0/data/dataset_particles2SNR_c1/train/4um/HFocusing_5_10_4um_0_1084.npy,P0/data/particles2SNR_4_class_lim10/train/4um/HFocusing_5_10_4um_0_1084.npy,4um,4um,-3.708106682339718,-4.283429618038159,-17.794344058504574,3.3802427455278905,9,-10.0,median_snr_at_or_above_threshold,symlinked
train,HFocusing_5_10_4um_0_109.npy,P0/data/dataset_particles2SNR_c1/train/4um/HFocusing_5_10_4um_0_109.npy,P0/data/particles2SNR_4_class_lim10/train/unclear/HFocusing_5_10_4um_0_109.npy,4um,unclear,-11.593572500916316,-10.633772523356768,-16.725460742258274,2.2034192663373124,8,-10.0,median_snr_below_threshold,symlinked
train,HFocusing_5_10_4um_0_1090.npy,P0/data/dataset_particles2SNR_c1/train/4um/HFocusing_5_10_4um_0_1090.npy,P0/data/particles2SNR_4_class_lim10/train/unclear/HFocusing_5_10_4um_0_1090.npy,4um,unclear,-11.633075212308434,-8.42277752102714,-16.077729927099945,11.659607674423192,10,-10.0,median_snr_below_threshold,symlinked
train,HFocusing_5_10_4um_0_1093.npy,P0/data/dataset_particles2SNR_c1/train/4um/HFocusing_5_10_4um_0_1093.npy,P0/data/particles2SNR_4_class_lim10/train/4um/HFocusing_5_10_4um_0_1093.npy,4um,4um,-8.973664114993188,-9.88059673143756,-19.574452753913075,4.083412771257066,11,-10.0,median_snr_at_or_above_threshold,symlinked
train,HFocusing_5_10_4um_0_1096.npy,P0/data/dataset_particles2SNR_c1/train/4um/HFocusing_5_10_4um_0_1096.npy,P0/data/particles2SNR_4_class_lim10/train/unclear/HFocusing_5_10_4um_0_1096.npy,4um,unclear,-10.954469649132971,-9.061903218611336,-23.86011409968383,11.543268838731201,14,-10.0,median_snr_below_threshold,symlinked
train,HFocusing_5_10_4um_0_1099.npy,P0/data/dataset_particles2SNR_c1/train/4um/HFocusing_5_10_4um_0_1099.npy,P0/data/particles2SNR_4_class_lim10/train/4um/HFocusing_5_10_4um_0_1099.npy,4um,4um,-2.257812019174699,-3.199817110014363,-9.792333490620585,2.8859167481364736,7,-10.0,median_snr_at_or_above_threshold,symlinked
train,HFocusing_5_10_4um_0_1102.npy,P0/data/dataset_particles2SNR_c1/train/4um/HFocusing_5_10_4um_0_1102.npy,P0/data/particles2SNR_4_class_lim10/train/4um/HFocusing_5_10_4um_0_1102.npy,4um,4um,-1.447745078060283,-1.3611732223660968,-10.756866515425719,8.749525823239395,9,-10.0,median_snr_at_or_above_threshold,symlinked
train,HFocusing_5_10_4um_0_1105.npy,P0/data/dataset_particles2SNR_c1/train/4um/HFocusing_5_10_4um_0_1105.npy,P0/data/particles2SNR_4_class_lim10/train/unclear/HFocusing_5_10_4um_0_1105.npy,4um,unclear,-13.628205425838464,-12.862811291707207,-16.097305835564015,-7.159624704753389,13,-10.0,median_snr_below_threshold,symlinked
train,HFocusing_5_10_4um_0_1112.npy,P0/data/dataset_particles2SNR_c1/train/4um/HFocusing_5_10_4um_0_1112.npy,P0/data/particles2SNR_4_class_lim10/train/unclear/HFocusing_5_10_4um_0_1112.npy,4um,unclear,-13.270788722021413,-11.612682781736558,-16.80663831989328,6.215560785941641,14,-10.0,median_snr_below_threshold,symlinked
train,HFocusing_5_10_4um_0_1115.npy,P0/data/dataset_particles2SNR_c1/train/4um/HFocusing_5_10_4um_0_1115.npy,P0/data/particles2SNR_4_class_lim10/train/4um/HFocusing_5_10_4um_0_1115.npy,4um,4um,-9.7473499763312,-6.411514507169092,-19.41477410585238,8.974131575746298,14,-10.0,median_snr_at_or_above_threshold,symlinked
train,HFocusing_5_10_4um_0_1118.npy,P0/data/dataset_particles2SNR_c1/train/4um/HFocusing_5_10_4um_0_1118.npy,P0/data/particles2SNR_4_class_lim10/train/unclear/HFocusing_5_10_4um_0_1118.npy,4um,unclear,-10.883520528489118,-8.020216885335262,-18.738929738285396,10.137632546170847,13,-10.0,median_snr_below_threshold,symlinked
train,HFocusing_5_10_4um_0_112.npy,P0/data/dataset_particles2SNR_c1/train/4um/HFocusing_5_10_4um_0_112.npy,P0/data/particles2SNR_4_class_lim10/train/unclear/HFocusing_5_10_4um_0_112.npy,4um,unclear,-11.892880132923551,-9.554672247640243,-15.72712266966288,8.040366806796913,6,-10.0,median_snr_below_threshold,symlinked
train,HFocusing_5_10_4um_0_1121.npy,P0/data/dataset_particles2SNR_c1/train/4um/HFocusing_5_10_4um_0_1121.npy,P0/data/particles2SNR_4_class_lim10/train/unclear/HFocusing_5_10_4um_0_1121.npy,4um,unclear,-11.404565807857546,-6.2093981285006326,-15.793542557427767,8.66062634817081,14,-10.0,median_snr_below_threshold,symlinked
train,HFocusing_5_10_4um_0_1124.npy,P0/data/dataset_particles2SNR_c1/train/4um/HFocusing_5_10_4um_0_1124.npy,P0/data/particles2SNR_4_class_lim10/train/unclear/HFocusing_5_10_4um_0_1124.npy,4um,unclear,-14.987452551114478,-13.069349215048684,-17.945362056361265,5.122673743408063,10,-10.0,median_snr_below_threshold,symlinked
train,HFocusing_5_10_4um_0_1127.npy,P0/data/dataset_particles2SNR_c1/train/4um/HFocusing_5_10_4um_0_1127.npy,P0/data/particles2SNR_4_class_lim10/train/4um/HFocusing_5_10_4um_0_1127.npy,4um,4um,3.1502445160826764,2.5266368125297403,-3.585219672745171,7.391277890698781,4,-10.0,median_snr_at_or_above_threshold,symlinked
train,HFocusing_5_10_4um_0_1130.npy,P0/data/dataset_particles2SNR_c1/train/4um/HFocusing_5_10_4um_0_1130.npy,P0/data/particles2SNR_4_class_lim10/train/unclear/HFocusing_5_10_4um_0_1130.npy,4um,unclear,-11.771975047604819,-8.432540787881292,-15.493968404466518,3.8959568011888965,11,-10.0,median_snr_below_threshold,symlinked
train,HFocusing_5_10_4um_0_1133.npy,P0/data/dataset_particles2SNR_c1/train/4um/HFocusing_5_10_4um_0_1133.npy,P0/data/particles2SNR_4_class_lim10/train/4um/HFocusing_5_10_4um_0_1133.npy,4um,4um,0.7607275068609892,-5.465397191230917,-16.94133497808724,5.731414816396223,11,-10.0,median_snr_at_or_above_threshold,symlinked
train,HFocusing_5_10_4um_0_1139.npy,P0/data/dataset_particles2SNR_c1/train/4um/HFocusing_5_10_4um_0_1139.npy,P0/data/particles2SNR_4_class_lim10/train/4um/HFocusing_5_10_4um_0_1139.npy,4um,4um,-2.9444891958231603,-3.7344244721808963,-19.964268579089772,7.963532244558351,6,-10.0,median_snr_at_or_above_threshold,symlinked
train,HFocusing_5_10_4um_0_1142.npy,P0/data/dataset_particles2SNR_c1/train/4um/HFocusing_5_10_4um_0_1142.npy,P0/data/particles2SNR_4_class_lim10/train/4um/HFocusing_5_10_4um_0_1142.npy,4um,4um,-5.091343431459797,-4.810226031750527,-16.679669199466097,6.660162327447658,10,-10.0,median_snr_at_or_above_threshold,symlinked
train,HFocusing_5_10_4um_0_1145.npy,P0/data/dataset_particles2SNR_c1/train/4um/HFocusing_5_10_4um_0_1145.npy,P0/data/particles2SNR_4_class_lim10/train/unclear/HFocusing_5_10_4um_0_1145.npy,4um,unclear,-13.810031693812512,-13.641651448329963,-16.61823678835986,-10.170205209579109,14,-10.0,median_snr_below_threshold,symlinked
train,HFocusing_5_10_4um_0_1146.npy,P0/data/dataset_particles2SNR_c1/train/4um/HFocusing_5_10_4um_0_1146.npy,P0/data/particles2SNR_4_class_lim10/train/4um/HFocusing_5_10_4um_0_1146.npy,4um,4um,-4.018971250564411,-6.024545280347704,-18.00732909096148,3.9322076621921505,13,-10.0,median_snr_at_or_above_threshold,symlinked
train,HFocusing_5_10_4um_0_1149.npy,P0/data/dataset_particles2SNR_c1/train/4um/HFocusing_5_10_4um_0_1149.npy,P0/data/particles2SNR_4_class_lim10/train/4um/HFocusing_5_10_4um_0_1149.npy,4um,4um,1.2691511982856722,-1.3936107720317539,-15.554935915800918,10.575661618897552,10,-10.0,median_snr_at_or_above_threshold,symlinked
train,HFocusing_5_10_4um_0_1152.npy,P0/data/dataset_particles2SNR_c1/train/4um/HFocusing_5_10_4um_0_1152.npy,P0/data/particles2SNR_4_class_lim10/train/4um/HFocusing_5_10_4um_0_1152.npy,4um,4um,0.3909650993324858,-1.8766020584883065,-15.055265564592222,7.48293426171948,8,-10.0,median_snr_at_or_above_threshold,symlinked
train,HFocusing_5_10_4um_0_1155.npy,P0/data/dataset_particles2SNR_c1/train/4um/HFocusing_5_10_4um_0_1155.npy,P0/data/particles2SNR_4_class_lim10/train/unclear/HFocusing_5_10_4um_0_1155.npy,4um,unclear,-12.68579792639211,-7.8218551087122865,-19.94970969512697,10.398804295635,7,-10.0,median_snr_below_threshold,symlinked
train,HFocusing_5_10_4um_0_1158.npy,P0/data/dataset_particles2SNR_c1/train/4um/HFocusing_5_10_4um_0_1158.npy,P0/data/particles2SNR_4_class_lim10/train/4um/HFocusing_5_10_4um_0_1158.npy,4um,4um,-9.565736591245745,-8.327258515030989,-18.43845570524001,5.6911306324012445,11,-10.0,median_snr_at_or_above_threshold,symlinked
train,HFocusing_5_10_4um_0_1162.npy,P0/data/dataset_particles2SNR_c1/train/4um/HFocusing_5_10_4um_0_1162.npy,P0/data/particles2SNR_4_class_lim10/train/unclear/HFocusing_5_10_4um_0_1162.npy,4um,unclear,-13.044011318714738,-9.149066921092981,-17.14098274887161,9.203978549293838,15,-10.0,median_snr_below_threshold,symlinked
train,HFocusing_5_10_4um_0_1167.npy,P0/data/dataset_particles2SNR_c1/train/4um/HFocusing_5_10_4um_0_1167.npy,P0/data/particles2SNR_4_class_lim10/train/4um/HFocusing_5_10_4um_0_1167.npy,4um,4um,-1.953225276344869,-2.942180867596186,-14.831897678954022,7.3142929006897965,11,-10.0,median_snr_at_or_above_threshold,symlinked
train,HFocusing_5_10_4um_0_1177.npy,P0/data/dataset_particles2SNR_c1/train/4um/HFocusing_5_10_4um_0_1177.npy,P0/data/particles2SNR_4_class_lim10/train/4um/HFocusing_5_10_4um_0_1177.npy,4um,4um,-2.354693759928442,-4.587333055179528,-14.112377967465935,5.475415148300521,9,-10.0,median_snr_at_or_above_threshold,symlinked
train,HFocusing_5_10_4um_0_1180.npy,P0/data/dataset_particles2SNR_c1/train/4um/HFocusing_5_10_4um_0_1180.npy,P0/data/particles2SNR_4_class_lim10/train/4um/HFocusing_5_10_4um_0_1180.npy,4um,4um,-7.622413308701763,-7.286565979676545,-24.538267017760667,8.416302456042509,11,-10.0,median_snr_at_or_above_threshold,symlinked
train,HFocusing_5_10_4um_0_1183.npy,P0/data/dataset_particles2SNR_c1/train/4um/HFocusing_5_10_4um_0_1183.npy,P0/data/particles2SNR_4_class_lim10/train/4um/HFocusing_5_10_4um_0_1183.npy,4um,4um,0.22357631174901527,-0.1261673877465818,-10.772892427989724,7.81739344842435,6,-10.0,median_snr_at_or_above_threshold,symlinked
train,HFocusing_5_10_4um_0_1186.npy,P0/data/dataset_particles2SNR_c1/train/4um/HFocusing_5_10_4um_0_1186.npy,P0/data/particles2SNR_4_class_lim10/train/4um/HFocusing_5_10_4um_0_1186.npy,4um,4um,2.9139252210455293,0.6510853598844344,-16.115349718877827,12.89184071632451,4,-10.0,median_snr_at_or_above_threshold,symlinked
train,HFocusing_5_10_4um_0_1189.npy,P0/data/dataset_particles2SNR_c1/train/4um/HFocusing_5_10_4um_0_1189.npy,P0/data/particles2SNR_4_class_lim10/train/unclear/HFocusing_5_10_4um_0_1189.npy,4um,unclear,-12.632276231187156,-7.993830427807228,-17.069283654120532,4.127518278592581,12,-10.0,median_snr_below_threshold,symlinked
train,HFocusing_5_10_4um_0_1192.npy,P0/data/dataset_particles2SNR_c1/train/4um/HFocusing_5_10_4um_0_1192.npy,P0/data/particles2SNR_4_class_lim10/train/unclear/HFocusing_5_10_4um_0_1192.npy,4um,unclear,-12.423547054646361,-10.0296353051939,-15.100299474429516,8.303428928476775,8,-10.0,median_snr_below_threshold,symlinked
train,HFocusing_5_10_4um_0_1197.npy,P0/data/dataset_particles2SNR_c1/train/4um/HFocusing_5_10_4um_0_1197.npy,P0/data/particles2SNR_4_class_lim10/train/4um/HFocusing_5_10_4um_0_1197.npy,4um,4um,4.861189451235882,3.7430546674588343,-6.378677971306166,9.576584684960325,5,-10.0,median_snr_at_or_above_threshold,symlinked
train,HFocusing_5_10_4um_0_12.npy,P0/data/dataset_particles2SNR_c1/train/4um/HFocusing_5_10_4um_0_12.npy,P0/data/particles2SNR_4_class_lim10/train/unclear/HFocusing_5_10_4um_0_12.npy,4um,unclear,-12.890800015669127,-11.020872329529588,-18.399817246348093,6.125208057368311,8,-10.0,median_snr_below_threshold,symlinked
train,HFocusing_5_10_4um_0_120.npy,P0/data/dataset_particles2SNR_c1/train/4um/HFocusing_5_10_4um_0_120.npy,P0/data/particles2SNR_4_class_lim10/train/unclear/HFocusing_5_10_4um_0_120.npy,4um,unclear,-13.17375093446339,-10.729198928259775,-16.483314854638056,10.839900075577123,9,-10.0,median_snr_below_threshold,symlinked
train,HFocusing_5_10_4um_0_1200.npy,P0/data/dataset_particles2SNR_c1/train/4um/HFocusing_5_10_4um_0_1200.npy,P0/data/particles2SNR_4_class_lim10/train/unclear/HFocusing_5_10_4um_0_1200.npy,4um,unclear,-13.262141714404814,-10.958743694974636,-18.580991155957328,2.7399946382336235,11,-10.0,median_snr_below_threshold,symlinked
train,HFocusing_5_10_4um_0_1203.npy,P0/data/dataset_particles2SNR_c1/train/4um/HFocusing_5_10_4um_0_1203.npy,P0/data/particles2SNR_4_class_lim10/train/4um/HFocusing_5_10_4um_0_1203.npy,4um,4um,-3.5645048381922595,-5.6216688013120395,-18.298315245186945,7.062970629085915,11,-10.0,median_snr_at_or_above_threshold,symlinked
train,HFocusing_5_10_4um_0_1207.npy,P0/data/dataset_particles2SNR_c1/train/4um/HFocusing_5_10_4um_0_1207.npy,P0/data/particles2SNR_4_class_lim10/train/4um/HFocusing_5_10_4um_0_1207.npy,4um,4um,-9.318773996568128,-7.706287740882221,-15.760433851950609,9.7405566763352,12,-10.0,median_snr_at_or_above_threshold,symlinked
train,HFocusing_5_10_4um_0_1209.npy,P0/data/dataset_particles2SNR_c1/train/4um/HFocusing_5_10_4um_0_1209.npy,P0/data/particles2SNR_4_class_lim10/train/4um/HFocusing_5_10_4um_0_1209.npy,4um,4um,-5.023921550090748,-4.203802279317639,-13.895556113170162,8.519578013591897,10,-10.0,median_snr_at_or_above_threshold,symlinked
train,HFocusing_5_10_4um_0_1215.npy,P0/data/dataset_particles2SNR_c1/train/4um/HFocusing_5_10_4um_0_1215.npy,P0/data/particles2SNR_4_class_lim10/train/unclear/HFocusing_5_10_4um_0_1215.npy,4um,unclear,-12.15204383929053,-10.753608298871578,-21.352885703498963,5.38368608905105,9,-10.0,median_snr_below_threshold,symlinked
train,HFocusing_5_10_4um_0_1218.npy,P0/data/dataset_particles2SNR_c1/train/4um/HFocusing_5_10_4um_0_1218.npy,P0/data/particles2SNR_4_class_lim10/train/4um/HFocusing_5_10_4um_0_1218.npy,4um,4um,-6.165944454069145,-4.6309613040998014,-18.943524735295117,13.843900251662546,11,-10.0,median_snr_at_or_above_threshold,symlinked
train,HFocusing_5_10_4um_0_1221.npy,P0/data/dataset_particles2SNR_c1/train/4um/HFocusing_5_10_4um_0_1221.npy,P0/data/particles2SNR_4_class_lim10/train/4um/HFocusing_5_10_4um_0_1221.npy,4um,4um,-0.9626304724881092,-2.6124649527947548,-17.77608865575801,3.651705394174358,12,-10.0,median_snr_at_or_above_threshold,symlinked
train,HFocusing_5_10_4um_0_1227.npy,P0/data/dataset_particles2SNR_c1/train/4um/HFocusing_5_10_4um_0_1227.npy,P0/data/particles2SNR_4_class_lim10/train/unclear/HFocusing_5_10_4um_0_1227.npy,4um,unclear,-12.564857985051823,-10.388805800650456,-17.578344469929696,1.0185327390085794,14,-10.0,median_snr_below_threshold,symlinked
train,HFocusing_5_10_4um_0_123.npy,P0/data/dataset_particles2SNR_c1/train/4um/HFocusing_5_10_4um_0_123.npy,P0/data/particles2SNR_4_class_lim10/train/unclear/HFocusing_5_10_4um_0_123.npy,4um,unclear,-11.887779070108897,-10.11112885742672,-18.22372419203716,1.578960485837351,11,-10.0,median_snr_below_threshold,symlinked
train,HFocusing_5_10_4um_0_1231.npy,P0/data/dataset_particles2SNR_c1/train/4um/HFocusing_5_10_4um_0_1231.npy,P0/data/particles2SNR_4_class_lim10/train/unclear/HFocusing_5_10_4um_0_1231.npy,4um,unclear,-10.040396411064588,-7.018146096113673,-14.56553140230918,10.371691742143817,8,-10.0,median_snr_below_threshold,symlinked
train,HFocusing_5_10_4um_0_1233.npy,P0/data/dataset_particles2SNR_c1/train/4um/HFocusing_5_10_4um_0_1233.npy,P0/data/particles2SNR_4_class_lim10/train/unclear/HFocusing_5_10_4um_0_1233.npy,4um,unclear,-11.686288889105356,-8.632237336543938,-17.094114746245282,5.312749051939156,14,-10.0,median_snr_below_threshold,symlinked
train,HFocusing_5_10_4um_0_1236.npy,P0/data/dataset_particles2SNR_c1/train/4um/HFocusing_5_10_4um_0_1236.npy,P0/data/particles2SNR_4_class_lim10/train/4um/HFocusing_5_10_4um_0_1236.npy,4um,4um,5.295857028665001,4.587101834316348,1.396030640879816,5.938050781578587,11,-10.0,median_snr_at_or_above_threshold,symlinked
train,HFocusing_5_10_4um_0_1239.npy,P0/data/dataset_particles2SNR_c1/train/4um/HFocusing_5_10_4um_0_1239.npy,P0/data/particles2SNR_4_class_lim10/train/unclear/HFocusing_5_10_4um_0_1239.npy,4um,unclear,-11.84122808613844,-7.745864912203423,-16.13605629099839,5.7785080629105305,10,-10.0,median_snr_below_threshold,symlinked
train,HFocusing_5_10_4um_0_1243.npy,P0/data/dataset_particles2SNR_c1/train/4um/HFocusing_5_10_4um_0_1243.npy,P0/data/particles2SNR_4_class_lim10/train/4um/HFocusing_5_10_4um_0_1243.npy,4um,4um,-9.770726012628904,-7.713034322684138,-17.148806623727133,8.519633594334085,12,-10.0,median_snr_at_or_above_threshold,symlinked
train,HFocusing_5_10_4um_0_1246.npy,P0/data/dataset_particles2SNR_c1/train/4um/HFocusing_5_10_4um_0_1246.npy,P0/data/particles2SNR_4_class_lim10/train/4um/HFocusing_5_10_4um_0_1246.npy,4um,4um,-2.0898258637001623,-1.8573808599030062,-15.021824958050916,11.771953245839216,4,-10.0,median_snr_at_or_above_threshold,symlinked
train,HFocusing_5_10_4um_0_1249.npy,P0/data/dataset_particles2SNR_c1/train/4um/HFocusing_5_10_4um_0_1249.npy,P0/data/particles2SNR_4_class_lim10/train/unclear/HFocusing_5_10_4um_0_1249.npy,4um,unclear,-11.154210238260468,-9.022195381618893,-22.451818969955298,11.546799991602512,10,-10.0,median_snr_below_threshold,symlinked
train,HFocusing_5_10_4um_0_1252.npy,P0/data/dataset_particles2SNR_c1/train/4um/HFocusing_5_10_4um_0_1252.npy,P0/data/particles2SNR_4_class_lim10/train/4um/HFocusing_5_10_4um_0_1252.npy,4um,4um,-6.9851967640920325,-5.715068051308514,-16.200176345235867,6.374231554261164,6,-10.0,median_snr_at_or_above_threshold,symlinked
train,HFocusing_5_10_4um_0_1255.npy,P0/data/dataset_particles2SNR_c1/train/4um/HFocusing_5_10_4um_0_1255.npy,P0/data/particles2SNR_4_class_lim10/train/unclear/HFocusing_5_10_4um_0_1255.npy,4um,unclear,-12.700330145633602,-10.659378037672338,-17.36976025335455,3.7213994936521466,15,-10.0,median_snr_below_threshold,symlinked
train,HFocusing_5_10_4um_0_126.npy,P0/data/dataset_particles2SNR_c1/train/4um/HFocusing_5_10_4um_0_126.npy,P0/data/particles2SNR_4_class_lim10/train/unclear/HFocusing_5_10_4um_0_126.npy,4um,unclear,-13.146847605387082,-13.161705424287277,-17.301829747325172,-10.153252708675499,13,-10.0,median_snr_below_threshold,symlinked
train,HFocusing_5_10_4um_0_1264.npy,P0/data/dataset_particles2SNR_c1/train/4um/HFocusing_5_10_4um_0_1264.npy,P0/data/particles2SNR_4_class_lim10/train/4um/HFocusing_5_10_4um_0_1264.npy,4um,4um,-4.6242515577030785,-5.380814362716064,-16.22986880999264,5.927549622885757,14,-10.0,median_snr_at_or_above_threshold,symlinked
train,HFocusing_5_10_4um_0_127.npy,P0/data/dataset_particles2SNR_c1/train/4um/HFocusing_5_10_4um_0_127.npy,P0/data/particles2SNR_4_class_lim10/train/unclear/HFocusing_5_10_4um_0_127.npy,4um,unclear,-11.26171811194931,-9.974618862425714,-17.59761686458266,6.254574295948987,10,-10.0,median_snr_below_threshold,symlinked
train,HFocusing_5_10_4um_0_1273.npy,P0/data/dataset_particles2SNR_c1/train/4um/HFocusing_5_10_4um_0_1273.npy,P0/data/particles2SNR_4_class_lim10/train/4um/HFocusing_5_10_4um_0_1273.npy,4um,4um,-4.751552929539686,-3.853579838989773,-14.460884105942586,8.845559842815469,8,-10.0,median_snr_at_or_above_threshold,symlinked
train,HFocusing_5_10_4um_0_1276.npy,P0/data/dataset_particles2SNR_c1/train/4um/HFocusing_5_10_4um_0_1276.npy,P0/data/particles2SNR_4_class_lim10/train/4um/HFocusing_5_10_4um_0_1276.npy,4um,4um,-8.7685694407385,-5.69800159936617,-17.173721406931712,11.258336382951533,11,-10.0,median_snr_at_or_above_threshold,symlinked
train,HFocusing_5_10_4um_0_1282.npy,P0/data/dataset_particles2SNR_c1/train/4um/HFocusing_5_10_4um_0_1282.npy,P0/data/particles2SNR_4_class_lim10/train/4um/HFocusing_5_10_4um_0_1282.npy,4um,4um,8.900526860412365,4.359523638051772,-12.880107957633737,11.77992928599548,6,-10.0,median_snr_at_or_above_threshold,symlinked
train,HFocusing_5_10_4um_0_1285.npy,P0/data/dataset_particles2SNR_c1/train/4um/HFocusing_5_10_4um_0_1285.npy,P0/data/particles2SNR_4_class_lim10/train/4um/HFocusing_5_10_4um_0_1285.npy,4um,4um,-5.035292265093759,-3.777643886826046,-21.03324598334916,10.605803633232265,10,-10.0,median_snr_at_or_above_threshold,symlinked
train,HFocusing_5_10_4um_0_1288.npy,P0/data/dataset_particles2SNR_c1/train/4um/HFocusing_5_10_4um_0_1288.npy,P0/data/particles2SNR_4_class_lim10/train/unclear/HFocusing_5_10_4um_0_1288.npy,4um,unclear,-10.806513831254168,-9.321605243719642,-17.48669539533237,11.32722342750051,7,-10.0,median_snr_below_threshold,symlinked
train,HFocusing_5_10_4um_0_1291.npy,P0/data/dataset_particles2SNR_c1/train/4um/HFocusing_5_10_4um_0_1291.npy,P0/data/particles2SNR_4_class_lim10/train/4um/HFocusing_5_10_4um_0_1291.npy,4um,4um,-4.161583690998221,-4.548790935056306,-19.397426513127773,9.540798633233646,11,-10.0,median_snr_at_or_above_threshold,symlinked
train,HFocusing_5_10_4um_0_1294.npy,P0/data/dataset_particles2SNR_c1/train/4um/HFocusing_5_10_4um_0_1294.npy,P0/data/particles2SNR_4_class_lim10/train/unclear/HFocusing_5_10_4um_0_1294.npy,4um,unclear,-13.19257858683323,-9.031380630392277,-14.747269033403715,9.929243616930597,11,-10.0,median_snr_below_threshold,symlinked
train,HFocusing_5_10_4um_0_1300.npy,P0/data/dataset_particles2SNR_c1/train/4um/HFocusing_5_10_4um_0_1300.npy,P0/data/particles2SNR_4_class_lim10/train/4um/HFocusing_5_10_4um_0_1300.npy,4um,4um,0.4845561543968447,-1.374796016878642,-8.517652383078802,5.086110480519724,7,-10.0,median_snr_at_or_above_threshold,symlinked
train,HFocusing_5_10_4um_0_1303.npy,P0/data/dataset_particles2SNR_c1/train/4um/HFocusing_5_10_4um_0_1303.npy,P0/data/particles2SNR_4_class_lim10/train/4um/HFocusing_5_10_4um_0_1303.npy,4um,4um,-2.3334563577308427,-3.3582580875722035,-12.04078303397349,12.077456703780365,7,-10.0,median_snr_at_or_above_threshold,symlinked
train,HFocusing_5_10_4um_0_1309.npy,P0/data/dataset_particles2SNR_c1/train/4um/HFocusing_5_10_4um_0_1309.npy,P0/data/particles2SNR_4_class_lim10/train/unclear/HFocusing_5_10_4um_0_1309.npy,4um,unclear,-12.971144729284795,-11.488741664240212,-15.895173284394605,8.99603806201132,17,-10.0,median_snr_below_threshold,symlinked
train,HFocusing_5_10_4um_0_131.npy,P0/data/dataset_particles2SNR_c1/train/4um/HFocusing_5_10_4um_0_131.npy,P0/data/particles2SNR_4_class_lim10/train/unclear/HFocusing_5_10_4um_0_131.npy,4um,unclear,-11.058691617695356,-9.61985735894574,-15.03785785738222,6.1219114955755485,9,-10.0,median_snr_below_threshold,symlinked
train,HFocusing_5_10_4um_0_1312.npy,P0/data/dataset_particles2SNR_c1/train/4um/HFocusing_5_10_4um_0_1312.npy,P0/data/particles2SNR_4_class_lim10/train/unclear/HFocusing_5_10_4um_0_1312.npy,4um,unclear,-12.331256729358838,-8.535584236685231,-18.401742695166234,4.276611758304744,12,-10.0,median_snr_below_threshold,symlinked
train,HFocusing_5_10_4um_0_1315.npy,P0/data/dataset_particles2SNR_c1/train/4um/HFocusing_5_10_4um_0_1315.npy,P0/data/particles2SNR_4_class_lim10/train/4um/HFocusing_5_10_4um_0_1315.npy,4um,4um,-1.3703685722812438,-1.4930615343288547,-6.557903758459216,6.196835069492988,7,-10.0,median_snr_at_or_above_threshold,symlinked
train,HFocusing_5_10_4um_0_1318.npy,P0/data/dataset_particles2SNR_c1/train/4um/HFocusing_5_10_4um_0_1318.npy,P0/data/particles2SNR_4_class_lim10/train/unclear/HFocusing_5_10_4um_0_1318.npy,4um,unclear,-10.723743925367684,-7.823880036770539,-17.112444135799684,5.347950142551592,11,-10.0,median_snr_below_threshold,symlinked
train,HFocusing_5_10_4um_0_1320.npy,P0/data/dataset_particles2SNR_c1/train/4um/HFocusing_5_10_4um_0_1320.npy,P0/data/particles2SNR_4_class_lim10/train/4um/HFocusing_5_10_4um_0_1320.npy,4um,4um,-3.6766608546614723,-4.524972451861169,-11.738389532032453,2.9646547299093697,11,-10.0,median_snr_at_or_above_threshold,symlinked
train,HFocusing_5_10_4um_0_1326.npy,P0/data/dataset_particles2SNR_c1/train/4um/HFocusing_5_10_4um_0_1326.npy,P0/data/particles2SNR_4_class_lim10/train/4um/HFocusing_5_10_4um_0_1326.npy,4um,4um,0.7343386233973169,0.9531685331100093,-2.3037311718572138,3.6553258779635165,5,-10.0,median_snr_at_or_above_threshold,symlinked
train,HFocusing_5_10_4um_0_133.npy,P0/data/dataset_particles2SNR_c1/train/4um/HFocusing_5_10_4um_0_133.npy,P0/data/particles2SNR_4_class_lim10/train/unclear/HFocusing_5_10_4um_0_133.npy,4um,unclear,-11.235534784687605,-11.915194342593129,-17.697965562247457,-8.622481403500519,15,-10.0,median_snr_below_threshold,symlinked
train,HFocusing_5_10_4um_0_1330.npy,P0/data/dataset_particles2SNR_c1/train/4um/HFocusing_5_10_4um_0_1330.npy,P0/data/particles2SNR_4_class_lim10/train/unclear/HFocusing_5_10_4um_0_1330.npy,4um,unclear,-10.860405700488045,-7.759754627295765,-17.17834212995721,12.126115159966734,16,-10.0,median_snr_below_threshold,symlinked
train,HFocusing_5_10_4um_0_1333.npy,P0/data/dataset_particles2SNR_c1/train/4um/HFocusing_5_10_4um_0_1333.npy,P0/data/particles2SNR_4_class_lim10/train/4um/HFocusing_5_10_4um_0_1333.npy,4um,4um,-6.5861952939055755,-7.661253126977992,-21.547573165868812,7.025637602533709,12,-10.0,median_snr_at_or_above_threshold,symlinked
train,HFocusing_5_10_4um_0_1336.npy,P0/data/dataset_particles2SNR_c1/train/4um/HFocusing_5_10_4um_0_1336.npy,P0/data/particles2SNR_4_class_lim10/train/4um/HFocusing_5_10_4um_0_1336.npy,4um,4um,-6.824780454662072,-4.12926792847702,-14.146663392085085,8.840457926500845,6,-10.0,median_snr_at_or_above_threshold,symlinked
train,HFocusing_5_10_4um_0_1339.npy,P0/data/dataset_particles2SNR_c1/train/4um/HFocusing_5_10_4um_0_1339.npy,P0/data/particles2SNR_4_class_lim10/train/unclear/HFocusing_5_10_4um_0_1339.npy,4um,unclear,-13.138715485803026,-10.207209480331967,-16.04719680674072,3.8815834767586335,11,-10.0,median_snr_below_threshold,symlinked
train,HFocusing_5_10_4um_0_1342.npy,P0/data/dataset_particles2SNR_c1/train/4um/HFocusing_5_10_4um_0_1342.npy,P0/data/particles2SNR_4_class_lim10/train/unclear/HFocusing_5_10_4um_0_1342.npy,4um,unclear,-12.631197154407737,-10.206137474419332,-16.390403742380524,7.094255144339679,6,-10.0,median_snr_below_threshold,symlinked
train,HFocusing_5_10_4um_0_1345.npy,P0/data/dataset_particles2SNR_c1/train/4um/HFocusing_5_10_4um_0_1345.npy,P0/data/particles2SNR_4_class_lim10/train/4um/HFocusing_5_10_4um_0_1345.npy,4um,4um,-2.3872543946931963,-3.3856352878206675,-13.42727755482648,8.299820981408843,12,-10.0,median_snr_at_or_above_threshold,symlinked
train,HFocusing_5_10_4um_0_1348.npy,P0/data/dataset_particles2SNR_c1/train/4um/HFocusing_5_10_4um_0_1348.npy,P0/data/particles2SNR_4_class_lim10/train/unclear/HFocusing_5_10_4um_0_1348.npy,4um,unclear,-11.375106412178145,-9.680614181117905,-20.584588618000545,10.43539860637349,10,-10.0,median_snr_below_threshold,symlinked
train,HFocusing_5_10_4um_0_1351.npy,P0/data/dataset_particles2SNR_c1/train/4um/HFocusing_5_10_4um_0_1351.npy,P0/data/particles2SNR_4_class_lim10/train/4um/HFocusing_5_10_4um_0_1351.npy,4um,4um,0.13573282990798605,-0.6179366287816872,-7.933811578341401,3.8603124913106255,9,-10.0,median_snr_at_or_above_threshold,symlinked
train,HFocusing_5_10_4um_0_1354.npy,P0/data/dataset_particles2SNR_c1/train/4um/HFocusing_5_10_4um_0_1354.npy,P0/data/particles2SNR_4_class_lim10/train/4um/HFocusing_5_10_4um_0_1354.npy,4um,4um,-4.797728760853637,-5.955645908473093,-20.5112621787216,4.225554899373729,11,-10.0,median_snr_at_or_above_threshold,symlinked
train,HFocusing_5_10_4um_0_1357.npy,P0/data/dataset_particles2SNR_c1/train/4um/HFocusing_5_10_4um_0_1357.npy,P0/data/particles2SNR_4_class_lim10/train/unclear/HFocusing_5_10_4um_0_1357.npy,4um,unclear,-10.963061097184744,-6.5412985250732785,-16.487527061468427,12.107922576713051,11,-10.0,median_snr_below_threshold,symlinked
train,HFocusing_5_10_4um_0_1360.npy,P0/data/dataset_particles2SNR_c1/train/4um/HFocusing_5_10_4um_0_1360.npy,P0/data/particles2SNR_4_class_lim10/train/unclear/HFocusing_5_10_4um_0_1360.npy,4um,unclear,-12.693815382987422,-9.3351854785885,-18.4113553612084,9.256014817061299,16,-10.0,median_snr_below_threshold,symlinked
train,HFocusing_5_10_4um_0_1363.npy,P0/data/dataset_particles2SNR_c1/train/4um/HFocusing_5_10_4um_0_1363.npy,P0/data/particles2SNR_4_class_lim10/train/unclear/HFocusing_5_10_4um_0_1363.npy,4um,unclear,-11.686262093364206,-8.970781043919425,-16.923855970770468,5.243301474251545,15,-10.0,median_snr_below_threshold,symlinked
train,HFocusing_5_10_4um_0_1366.npy,P0/data/dataset_particles2SNR_c1/train/4um/HFocusing_5_10_4um_0_1366.npy,P0/data/particles2SNR_4_class_lim10/train/4um/HFocusing_5_10_4um_0_1366.npy,4um,4um,-0.005135003143478429,-4.006469610212187,-20.726064207284498,5.649698769689219,13,-10.0,median_snr_at_or_above_threshold,symlinked
train,HFocusing_5_10_4um_0_1369.npy,P0/data/dataset_particles2SNR_c1/train/4um/HFocusing_5_10_4um_0_1369.npy,P0/data/particles2SNR_4_class_lim10/train/4um/HFocusing_5_10_4um_0_1369.npy,4um,4um,-3.635032152238762,-4.079960204952184,-16.314179310031705,3.1208709366653515,10,-10.0,median_snr_at_or_above_threshold,symlinked
train,HFocusing_5_10_4um_0_137.npy,P0/data/dataset_particles2SNR_c1/train/4um/HFocusing_5_10_4um_0_137.npy,P0/data/particles2SNR_4_class_lim10/train/unclear/HFocusing_5_10_4um_0_137.npy,4um,unclear,-13.289396983995637,-13.612192425301773,-17.422383942272518,-10.188654771009949,16,-10.0,median_snr_below_threshold,symlinked
train,HFocusing_5_10_4um_0_1372.npy,P0/data/dataset_particles2SNR_c1/train/4um/HFocusing_5_10_4um_0_1372.npy,P0/data/particles2SNR_4_class_lim10/train/4um/HFocusing_5_10_4um_0_1372.npy,4um,4um,-4.752445336371051,-4.657502962059533,-16.987491427866892,8.17883650293613,10,-10.0,median_snr_at_or_above_threshold,symlinked
train,HFocusing_5_10_4um_0_1375.npy,P0/data/dataset_particles2SNR_c1/train/4um/HFocusing_5_10_4um_0_1375.npy,P0/data/particles2SNR_4_class_lim10/train/4um/HFocusing_5_10_4um_0_1375.npy,4um,4um,-4.433367902075737,-4.226572115087951,-16.614933342807944,3.36859237205981,15,-10.0,median_snr_at_or_above_threshold,symlinked
train,HFocusing_5_10_4um_0_1378.npy,P0/data/dataset_particles2SNR_c1/train/4um/HFocusing_5_10_4um_0_1378.npy,P0/data/particles2SNR_4_class_lim10/train/4um/HFocusing_5_10_4um_0_1378.npy,4um,4um,-1.33523729000817,-3.105708845207545,-19.749267081979813,5.370221845358496,10,-10.0,median_snr_at_or_above_threshold,symlinked
train,HFocusing_5_10_4um_0_138.npy,P0/data/dataset_particles2SNR_c1/train/4um/HFocusing_5_10_4um_0_138.npy,P0/data/particles2SNR_4_class_lim10/train/unclear/HFocusing_5_10_4um_0_138.npy,4um,unclear,-14.691990675646554,-13.25141221550072,-16.95562866756424,4.825751430221395,14,-10.0,median_snr_below_threshold,symlinked
train,HFocusing_5_10_4um_0_1384.npy,P0/data/dataset_particles2SNR_c1/train/4um/HFocusing_5_10_4um_0_1384.npy,P0/data/particles2SNR_4_class_lim10/train/unclear/HFocusing_5_10_4um_0_1384.npy,4um,unclear,-12.102018985353935,-11.889327124123575,-16.011375924548073,-6.557600473009709,9,-10.0,median_snr_below_threshold,symlinked
train,HFocusing_5_10_4um_0_1385.npy,P0/data/dataset_particles2SNR_c1/train/4um/HFocusing_5_10_4um_0_1385.npy,P0/data/particles2SNR_4_class_lim10/train/4um/HFocusing_5_10_4um_0_1385.npy,4um,4um,-9.117886808306803,-6.409998852926795,-16.867186327282873,8.563999545620234,12,-10.0,median_snr_at_or_above_threshold,symlinked
train,HFocusing_5_10_4um_0_1394.npy,P0/data/dataset_particles2SNR_c1/train/4um/HFocusing_5_10_4um_0_1394.npy,P0/data/particles2SNR_4_class_lim10/train/unclear/HFocusing_5_10_4um_0_1394.npy,4um,unclear,-12.553298999324944,-11.240309495845343,-18.911256138668918,-0.6043199064812752,19,-10.0,median_snr_below_threshold,symlinked
train,HFocusing_5_10_4um_0_1397.npy,P0/data/dataset_particles2SNR_c1/train/4um/HFocusing_5_10_4um_0_1397.npy,P0/data/particles2SNR_4_class_lim10/train/4um/HFocusing_5_10_4um_0_1397.npy,4um,4um,-0.2523575557428013,-1.5749459418507534,-11.907376205886353,5.811245933986509,11,-10.0,median_snr_at_or_above_threshold,symlinked
train,HFocusing_5_10_4um_0_140.npy,P0/data/dataset_particles2SNR_c1/train/4um/HFocusing_5_10_4um_0_140.npy,P0/data/particles2SNR_4_class_lim10/train/unclear/HFocusing_5_10_4um_0_140.npy,4um,unclear,-13.325699522941203,-12.090233970443284,-16.678846242523978,0.5056181270522103,19,-10.0,median_snr_below_threshold,symlinked
train,HFocusing_5_10_4um_0_1400.npy,P0/data/dataset_particles2SNR_c1/train/4um/HFocusing_5_10_4um_0_1400.npy,P0/data/particles2SNR_4_class_lim10/train/unclear/HFocusing_5_10_4um_0_1400.npy,4um,unclear,-10.066967317611415,-7.80907371274309,-15.769197041605604,4.02376872217478,9,-10.0,median_snr_below_threshold,symlinked
train,HFocusing_5_10_4um_0_1403.npy,P0/data/dataset_particles2SNR_c1/train/4um/HFocusing_5_10_4um_0_1403.npy,P0/data/particles2SNR_4_class_lim10/train/4um/HFocusing_5_10_4um_0_1403.npy,4um,4um,-2.1842104022025857,-3.7822844923010326,-20.055830730782482,4.876258353898298,9,-10.0,median_snr_at_or_above_threshold,symlinked
train,HFocusing_5_10_4um_0_1412.npy,P0/data/dataset_particles2SNR_c1/train/4um/HFocusing_5_10_4um_0_1412.npy,P0/data/particles2SNR_4_class_lim10/train/unclear/HFocusing_5_10_4um_0_1412.npy,4um,unclear,-12.391157486513627,-9.543076867859991,-20.3375931227851,7.188996014666204,8,-10.0,median_snr_below_threshold,symlinked
train,HFocusing_5_10_4um_0_1416.npy,P0/data/dataset_particles2SNR_c1/train/4um/HFocusing_5_10_4um_0_1416.npy,P0/data/particles2SNR_4_class_lim10/train/4um/HFocusing_5_10_4um_0_1416.npy,4um,4um,-7.889099638776452,-5.523282677159165,-16.360449404705175,9.222488849927053,7,-10.0,median_snr_at_or_above_threshold,symlinked
train,HFocusing_5_10_4um_0_1419.npy,P0/data/dataset_particles2SNR_c1/train/4um/HFocusing_5_10_4um_0_1419.npy,P0/data/particles2SNR_4_class_lim10/train/4um/HFocusing_5_10_4um_0_1419.npy,4um,4um,-7.1656102178046295,-6.992300472918456,-16.71844019263235,8.189006258960722,10,-10.0,median_snr_at_or_above_threshold,symlinked
train,HFocusing_5_10_4um_0_1425.npy,P0/data/dataset_particles2SNR_c1/train/4um/HFocusing_5_10_4um_0_1425.npy,P0/data/particles2SNR_4_class_lim10/train/unclear/HFocusing_5_10_4um_0_1425.npy,4um,unclear,-12.632003975881457,-10.559400643320838,-16.054077547503805,1.6627060145445776,21,-10.0,median_snr_below_threshold,symlinked
train,HFocusing_5_10_4um_0_1428.npy,P0/data/dataset_particles2SNR_c1/train/4um/HFocusing_5_10_4um_0_1428.npy,P0/data/particles2SNR_4_class_lim10/train/unclear/HFocusing_5_10_4um_0_1428.npy,4um,unclear,-11.616357072181465,-9.590613685835947,-15.55361272492834,10.433174367463952,10,-10.0,median_snr_below_threshold,symlinked
train,HFocusing_5_10_4um_0_143.npy,P0/data/dataset_particles2SNR_c1/train/4um/HFocusing_5_10_4um_0_143.npy,P0/data/particles2SNR_4_class_lim10/train/unclear/HFocusing_5_10_4um_0_143.npy,4um,unclear,-11.763792633293203,-12.117138000439938,-15.850250199382852,-9.516640460137008,12,-10.0,median_snr_below_threshold,symlinked
train,HFocusing_5_10_4um_0_1432.npy,P0/data/dataset_particles2SNR_c1/train/4um/HFocusing_5_10_4um_0_1432.npy,P0/data/particles2SNR_4_class_lim10/train/unclear/HFocusing_5_10_4um_0_1432.npy,4um,unclear,-11.251551639555395,-10.060625373678414,-17.353942962343307,4.064286212985238,14,-10.0,median_snr_below_threshold,symlinked
train,HFocusing_5_10_4um_0_1435.npy,P0/data/dataset_particles2SNR_c1/train/4um/HFocusing_5_10_4um_0_1435.npy,P0/data/particles2SNR_4_class_lim10/train/4um/HFocusing_5_10_4um_0_1435.npy,4um,4um,-8.543086466475767,-5.8074020387165355,-18.96473113863675,12.233979626991617,9,-10.0,median_snr_at_or_above_threshold,symlinked
train,HFocusing_5_10_4um_0_1438.npy,P0/data/dataset_particles2SNR_c1/train/4um/HFocusing_5_10_4um_0_1438.npy,P0/data/particles2SNR_4_class_lim10/train/unclear/HFocusing_5_10_4um_0_1438.npy,4um,unclear,-12.022106066720735,-7.3324856324434995,-14.565433974243476,9.721455374392576,11,-10.0,median_snr_below_threshold,symlinked
train,HFocusing_5_10_4um_0_1441.npy,P0/data/dataset_particles2SNR_c1/train/4um/HFocusing_5_10_4um_0_1441.npy,P0/data/particles2SNR_4_class_lim10/train/4um/HFocusing_5_10_4um_0_1441.npy,4um,4um,0.49432009093825013,-0.6069308504350645,-6.6259671084754945,6.0030848151562965,6,-10.0,median_snr_at_or_above_threshold,symlinked
train,HFocusing_5_10_4um_0_1446.npy,P0/data/dataset_particles2SNR_c1/train/4um/HFocusing_5_10_4um_0_1446.npy,P0/data/particles2SNR_4_class_lim10/train/unclear/HFocusing_5_10_4um_0_1446.npy,4um,unclear,-11.471593108284477,-6.015670404241149,-15.70148569708747,13.357320891888351,10,-10.0,median_snr_below_threshold,symlinked
train,HFocusing_5_10_4um_0_1449.npy,P0/data/dataset_particles2SNR_c1/train/4um/HFocusing_5_10_4um_0_1449.npy,P0/data/particles2SNR_4_class_lim10/train/unclear/HFocusing_5_10_4um_0_1449.npy,4um,unclear,-11.709619008271627,-9.538042638307596,-16.491865378740762,5.4418177511832795,6,-10.0,median_snr_below_threshold,symlinked
train,HFocusing_5_10_4um_0_1458.npy,P0/data/dataset_particles2SNR_c1/train/4um/HFocusing_5_10_4um_0_1458.npy,P0/data/particles2SNR_4_class_lim10/train/4um/HFocusing_5_10_4um_0_1458.npy,4um,4um,-3.310287537602193,-4.7565046327075535,-19.92944640371803,7.747114988805153,12,-10.0,median_snr_at_or_above_threshold,symlinked
train,HFocusing_5_10_4um_0_1461.npy,P0/data/dataset_particles2SNR_c1/train/4um/HFocusing_5_10_4um_0_1461.npy,P0/data/particles2SNR_4_class_lim10/train/unclear/HFocusing_5_10_4um_0_1461.npy,4um,unclear,-11.916805499413087,-8.339154624991663,-15.566296492761506,13.910137522141913,12,-10.0,median_snr_below_threshold,symlinked
train,HFocusing_5_10_4um_0_1464.npy,P0/data/dataset_particles2SNR_c1/train/4um/HFocusing_5_10_4um_0_1464.npy,P0/data/particles2SNR_4_class_lim10/train/4um/HFocusing_5_10_4um_0_1464.npy,4um,4um,-1.0021361153604622,-1.9831578264457075,-7.026399724016203,2.3891155139364475,9,-10.0,median_snr_at_or_above_threshold,symlinked
train,HFocusing_5_10_4um_0_1467.npy,P0/data/dataset_particles2SNR_c1/train/4um/HFocusing_5_10_4um_0_1467.npy,P0/data/particles2SNR_4_class_lim10/train/4um/HFocusing_5_10_4um_0_1467.npy,4um,4um,-4.693707587930801,-3.0846599956759073,-15.904638958382431,12.996884669969688,7,-10.0,median_snr_at_or_above_threshold,symlinked
train,HFocusing_5_10_4um_0_147.npy,P0/data/dataset_particles2SNR_c1/train/4um/HFocusing_5_10_4um_0_147.npy,P0/data/particles2SNR_4_class_lim10/train/unclear/HFocusing_5_10_4um_0_147.npy,4um,unclear,-11.830453344197636,-12.09349105138728,-15.32446182167661,-9.610077411221576,10,-10.0,median_snr_below_threshold,symlinked
train,HFocusing_5_10_4um_0_1470.npy,P0/data/dataset_particles2SNR_c1/train/4um/HFocusing_5_10_4um_0_1470.npy,P0/data/particles2SNR_4_class_lim10/train/4um/HFocusing_5_10_4um_0_1470.npy,4um,4um,-8.810171018444592,-9.733394554145455,-22.898894418200154,2.8445372891717953,12,-10.0,median_snr_at_or_above_threshold,symlinked
train,HFocusing_5_10_4um_0_1473.npy,P0/data/dataset_particles2SNR_c1/train/4um/HFocusing_5_10_4um_0_1473.npy,P0/data/particles2SNR_4_class_lim10/train/unclear/HFocusing_5_10_4um_0_1473.npy,4um,unclear,-10.53522248114757,-6.753141682834528,-20.724478406362845,8.243655076651486,11,-10.0,median_snr_below_threshold,symlinked
train,HFocusing_5_10_4um_0_1476.npy,P0/data/dataset_particles2SNR_c1/train/4um/HFocusing_5_10_4um_0_1476.npy,P0/data/particles2SNR_4_class_lim10/train/4um/HFocusing_5_10_4um_0_1476.npy,4um,4um,3.10012986562818,-0.7507037575490332,-14.15896831067771,5.279832183545301,8,-10.0,median_snr_at_or_above_threshold,symlinked
train,HFocusing_5_10_4um_0_1479.npy,P0/data/dataset_particles2SNR_c1/train/4um/HFocusing_5_10_4um_0_1479.npy,P0/data/particles2SNR_4_class_lim10/train/4um/HFocusing_5_10_4um_0_1479.npy,4um,4um,-4.923910647100121,-5.723633971736168,-15.608311374281033,4.091337688974109,11,-10.0,median_snr_at_or_above_threshold,symlinked
train,HFocusing_5_10_4um_0_1484.npy,P0/data/dataset_particles2SNR_c1/train/4um/HFocusing_5_10_4um_0_1484.npy,P0/data/particles2SNR_4_class_lim10/train/unclear/HFocusing_5_10_4um_0_1484.npy,4um,unclear,-12.836265751440605,-10.365424449335588,-15.141261987013815,3.4224585535898235,13,-10.0,median_snr_below_threshold,symlinked
train,HFocusing_5_10_4um_0_1487.npy,P0/data/dataset_particles2SNR_c1/train/4um/HFocusing_5_10_4um_0_1487.npy,P0/data/particles2SNR_4_class_lim10/train/4um/HFocusing_5_10_4um_0_1487.npy,4um,4um,-5.342796673669308,-4.512418317560054,-17.144031252414127,8.23385002526984,11,-10.0,median_snr_at_or_above_threshold,symlinked
train,HFocusing_5_10_4um_0_1490.npy,P0/data/dataset_particles2SNR_c1/train/4um/HFocusing_5_10_4um_0_1490.npy,P0/data/particles2SNR_4_class_lim10/train/unclear/HFocusing_5_10_4um_0_1490.npy,4um,unclear,-12.267161025475977,-9.012539435825529,-22.36751252517637,5.059739528236051,9,-10.0,median_snr_below_threshold,symlinked
train,HFocusing_5_10_4um_0_1493.npy,P0/data/dataset_particles2SNR_c1/train/4um/HFocusing_5_10_4um_0_1493.npy,P0/data/particles2SNR_4_class_lim10/train/4um/HFocusing_5_10_4um_0_1493.npy,4um,4um,-1.7080526262868228,-4.483009619101811,-19.17403008145782,8.224202401981609,13,-10.0,median_snr_at_or_above_threshold,symlinked
train,HFocusing_5_10_4um_0_1497.npy,P0/data/dataset_particles2SNR_c1/train/4um/HFocusing_5_10_4um_0_1497.npy,P0/data/particles2SNR_4_class_lim10/train/unclear/HFocusing_5_10_4um_0_1497.npy,4um,unclear,-12.732048566081342,-10.488501474490507,-21.183752582168193,2.1006098329670198,14,-10.0,median_snr_below_threshold,symlinked
train,HFocusing_5_10_4um_0_1502.npy,P0/data/dataset_particles2SNR_c1/train/4um/HFocusing_5_10_4um_0_1502.npy,P0/data/particles2SNR_4_class_lim10/train/unclear/HFocusing_5_10_4um_0_1502.npy,4um,unclear,-14.25047805279277,-10.369286716501502,-21.036800609038426,4.173296957641216,7,-10.0,median_snr_below_threshold,symlinked
train,HFocusing_5_10_4um_0_1506.npy,P0/data/dataset_particles2SNR_c1/train/4um/HFocusing_5_10_4um_0_1506.npy,P0/data/particles2SNR_4_class_lim10/train/unclear/HFocusing_5_10_4um_0_1506.npy,4um,unclear,-11.288581914017703,-7.41871142476902,-14.061122604484794,13.342445388895621,7,-10.0,median_snr_below_threshold,symlinked
train,HFocusing_5_10_4um_0_1512.npy,P0/data/dataset_particles2SNR_c1/train/4um/HFocusing_5_10_4um_0_1512.npy,P0/data/particles2SNR_4_class_lim10/train/4um/HFocusing_5_10_4um_0_1512.npy,4um,4um,-2.6146844130631615,-3.8140024302921804,-17.818434394682875,10.71293336406952,12,-10.0,median_snr_at_or_above_threshold,symlinked
train,HFocusing_5_10_4um_0_1518.npy,P0/data/dataset_particles2SNR_c1/train/4um/HFocusing_5_10_4um_0_1518.npy,P0/data/particles2SNR_4_class_lim10/train/4um/HFocusing_5_10_4um_0_1518.npy,4um,4um,-4.2047962189246455,-2.0473607687613327,-9.998109574448579,10.477610836575973,8,-10.0,median_snr_at_or_above_threshold,symlinked
train,HFocusing_5_10_4um_0_152.npy,P0/data/dataset_particles2SNR_c1/train/4um/HFocusing_5_10_4um_0_152.npy,P0/data/particles2SNR_4_class_lim10/train/unclear/HFocusing_5_10_4um_0_152.npy,4um,unclear,-12.06518509305322,-10.646159550430102,-18.495197658720468,7.746937958497098,12,-10.0,median_snr_below_threshold,symlinked
train,HFocusing_5_10_4um_0_1521.npy,P0/data/dataset_particles2SNR_c1/train/4um/HFocusing_5_10_4um_0_1521.npy,P0/data/particles2SNR_4_class_lim10/train/4um/HFocusing_5_10_4um_0_1521.npy,4um,4um,-5.638518619979768,-4.668741737301948,-17.092768493503804,8.540250481072833,8,-10.0,median_snr_at_or_above_threshold,symlinked
train,HFocusing_5_10_4um_0_1524.npy,P0/data/dataset_particles2SNR_c1/train/4um/HFocusing_5_10_4um_0_1524.npy,P0/data/particles2SNR_4_class_lim10/train/unclear/HFocusing_5_10_4um_0_1524.npy,4um,unclear,-10.633757194742223,-6.070698704694507,-16.989691287299888,7.964902617275428,14,-10.0,median_snr_below_threshold,symlinked
train,HFocusing_5_10_4um_0_1527.npy,P0/data/dataset_particles2SNR_c1/train/4um/HFocusing_5_10_4um_0_1527.npy,P0/data/particles2SNR_4_class_lim10/train/unclear/HFocusing_5_10_4um_0_1527.npy,4um,unclear,-13.771762592337275,-9.400358120778442,-18.89364158625385,3.9185964225739123,16,-10.0,median_snr_below_threshold,symlinked
train,HFocusing_5_10_4um_0_1530.npy,P0/data/dataset_particles2SNR_c1/train/4um/HFocusing_5_10_4um_0_1530.npy,P0/data/particles2SNR_4_class_lim10/train/4um/HFocusing_5_10_4um_0_1530.npy,4um,4um,-7.53624066869096,-5.377492963476571,-13.851500190256301,5.487784844768509,13,-10.0,median_snr_at_or_above_threshold,symlinked
train,HFocusing_5_10_4um_0_1533.npy,P0/data/dataset_particles2SNR_c1/train/4um/HFocusing_5_10_4um_0_1533.npy,P0/data/particles2SNR_4_class_lim10/train/unclear/HFocusing_5_10_4um_0_1533.npy,4um,unclear,-11.398085252565785,-5.695242677227198,-16.989018970818663,8.426585513544632,12,-10.0,median_snr_below_threshold,symlinked
train,HFocusing_5_10_4um_0_1536.npy,P0/data/dataset_particles2SNR_c1/train/4um/HFocusing_5_10_4um_0_1536.npy,P0/data/particles2SNR_4_class_lim10/train/unclear/HFocusing_5_10_4um_0_1536.npy,4um,unclear,-12.799149222915528,-10.548877072295829,-17.165259482794795,4.266295553165195,12,-10.0,median_snr_below_threshold,symlinked
train,HFocusing_5_10_4um_0_1539.npy,P0/data/dataset_particles2SNR_c1/train/4um/HFocusing_5_10_4um_0_1539.npy,P0/data/particles2SNR_4_class_lim10/train/4um/HFocusing_5_10_4um_0_1539.npy,4um,4um,-9.878529600866283,-6.9883700221742515,-15.038842747652968,5.377221100090333,11,-10.0,median_snr_at_or_above_threshold,symlinked
train,HFocusing_5_10_4um_0_1542.npy,P0/data/dataset_particles2SNR_c1/train/4um/HFocusing_5_10_4um_0_1542.npy,P0/data/particles2SNR_4_class_lim10/train/unclear/HFocusing_5_10_4um_0_1542.npy,4um,unclear,-12.160073481411986,-10.178322694716389,-17.74170103586377,6.493094695301745,15,-10.0,median_snr_below_threshold,symlinked
train,HFocusing_5_10_4um_0_1548.npy,P0/data/dataset_particles2SNR_c1/train/4um/HFocusing_5_10_4um_0_1548.npy,P0/data/particles2SNR_4_class_lim10/train/unclear/HFocusing_5_10_4um_0_1548.npy,4um,unclear,-13.802464911461662,-10.552691184238295,-19.067000276390154,10.26508573803006,10,-10.0,median_snr_below_threshold,symlinked
train,HFocusing_5_10_4um_0_1551.npy,P0/data/dataset_particles2SNR_c1/train/4um/HFocusing_5_10_4um_0_1551.npy,P0/data/particles2SNR_4_class_lim10/train/unclear/HFocusing_5_10_4um_0_1551.npy,4um,unclear,-10.810437565588405,-9.01338711002449,-13.911779664077697,2.4984002967989154,8,-10.0,median_snr_below_threshold,symlinked
train,HFocusing_5_10_4um_0_1554.npy,P0/data/dataset_particles2SNR_c1/train/4um/HFocusing_5_10_4um_0_1554.npy,P0/data/particles2SNR_4_class_lim10/train/unclear/HFocusing_5_10_4um_0_1554.npy,4um,unclear,-13.384440732509772,-12.808844734762838,-18.65122662083663,6.431008742977883,14,-10.0,median_snr_below_threshold,symlinked
train,HFocusing_5_10_4um_0_1557.npy,P0/data/dataset_particles2SNR_c1/train/4um/HFocusing_5_10_4um_0_1557.npy,P0/data/particles2SNR_4_class_lim10/train/unclear/HFocusing_5_10_4um_0_1557.npy,4um,unclear,-13.901966794921394,-13.656901350447717,-16.526311304603528,-10.182050249446771,12,-10.0,median_snr_below_threshold,symlinked
train,HFocusing_5_10_4um_0_1558.npy,P0/data/dataset_particles2SNR_c1/train/4um/HFocusing_5_10_4um_0_1558.npy,P0/data/particles2SNR_4_class_lim10/train/unclear/HFocusing_5_10_4um_0_1558.npy,4um,unclear,-11.448398267884297,-8.566654840417392,-13.291884195465029,8.399974237726227,6,-10.0,median_snr_below_threshold,symlinked
train,HFocusing_5_10_4um_0_156.npy,P0/data/dataset_particles2SNR_c1/train/4um/HFocusing_5_10_4um_0_156.npy,P0/data/particles2SNR_4_class_lim10/train/unclear/HFocusing_5_10_4um_0_156.npy,4um,unclear,-13.994984130697127,-12.613740484351606,-18.9173686209115,4.673985616576809,14,-10.0,median_snr_below_threshold,symlinked
train,HFocusing_5_10_4um_0_1561.npy,P0/data/dataset_particles2SNR_c1/train/4um/HFocusing_5_10_4um_0_1561.npy,P0/data/particles2SNR_4_class_lim10/train/4um/HFocusing_5_10_4um_0_1561.npy,4um,4um,-4.51728871131381,-5.221643508562768,-19.621551781702674,10.902344451285828,14,-10.0,median_snr_at_or_above_threshold,symlinked
train,HFocusing_5_10_4um_0_1567.npy,P0/data/dataset_particles2SNR_c1/train/4um/HFocusing_5_10_4um_0_1567.npy,P0/data/particles2SNR_4_class_lim10/train/4um/HFocusing_5_10_4um_0_1567.npy,4um,4um,-9.794056362911777,-8.762057387983301,-15.89928137451119,9.911968369246564,9,-10.0,median_snr_at_or_above_threshold,symlinked
train,HFocusing_5_10_4um_0_1575.npy,P0/data/dataset_particles2SNR_c1/train/4um/HFocusing_5_10_4um_0_1575.npy,P0/data/particles2SNR_4_class_lim10/train/unclear/HFocusing_5_10_4um_0_1575.npy,4um,unclear,-12.403284853920034,-10.183735430780526,-19.254584058472567,2.1560420880548334,13,-10.0,median_snr_below_threshold,symlinked
train,HFocusing_5_10_4um_0_1578.npy,P0/data/dataset_particles2SNR_c1/train/4um/HFocusing_5_10_4um_0_1578.npy,P0/data/particles2SNR_4_class_lim10/train/unclear/HFocusing_5_10_4um_0_1578.npy,4um,unclear,-11.732646730396779,-9.347781125081278,-15.132562561974662,3.216203287004059,11,-10.0,median_snr_below_threshold,symlinked
train,HFocusing_5_10_4um_0_1581.npy,P0/data/dataset_particles2SNR_c1/train/4um/HFocusing_5_10_4um_0_1581.npy,P0/data/particles2SNR_4_class_lim10/train/4um/HFocusing_5_10_4um_0_1581.npy,4um,4um,-4.796969149696024,-2.5556225163363093,-18.066356565442486,8.189353932710766,9,-10.0,median_snr_at_or_above_threshold,symlinked
train,HFocusing_5_10_4um_0_1586.npy,P0/data/dataset_particles2SNR_c1/train/4um/HFocusing_5_10_4um_0_1586.npy,P0/data/particles2SNR_4_class_lim10/train/4um/HFocusing_5_10_4um_0_1586.npy,4um,4um,0.16483528944288478,-1.7734570801556246,-13.165596698261899,9.651097353582387,7,-10.0,median_snr_at_or_above_threshold,symlinked
train,HFocusing_5_10_4um_0_1589.npy,P0/data/dataset_particles2SNR_c1/train/4um/HFocusing_5_10_4um_0_1589.npy,P0/data/particles2SNR_4_class_lim10/train/unclear/HFocusing_5_10_4um_0_1589.npy,4um,unclear,-11.69821668087274,-8.368918805400241,-14.768369978853553,4.73311616933802,8,-10.0,median_snr_below_threshold,symlinked
train,HFocusing_5_10_4um_0_159.npy,P0/data/dataset_particles2SNR_c1/train/4um/HFocusing_5_10_4um_0_159.npy,P0/data/particles2SNR_4_class_lim10/train/unclear/HFocusing_5_10_4um_0_159.npy,4um,unclear,-12.372141421066145,-12.305833395715723,-16.520265170449488,-3.2363705935857103,13,-10.0,median_snr_below_threshold,symlinked
train,HFocusing_5_10_4um_0_1592.npy,P0/data/dataset_particles2SNR_c1/train/4um/HFocusing_5_10_4um_0_1592.npy,P0/data/particles2SNR_4_class_lim10/train/4um/HFocusing_5_10_4um_0_1592.npy,4um,4um,-2.2631741262472467,-3.7021438892320884,-14.969276752441916,5.3735842872996376,9,-10.0,median_snr_at_or_above_threshold,symlinked
train,HFocusing_5_10_4um_0_1595.npy,P0/data/dataset_particles2SNR_c1/train/4um/HFocusing_5_10_4um_0_1595.npy,P0/data/particles2SNR_4_class_lim10/train/4um/HFocusing_5_10_4um_0_1595.npy,4um,4um,-9.315418868765814,-7.56734468314469,-14.307198559607723,1.9724831139741075,11,-10.0,median_snr_at_or_above_threshold,symlinked
train,HFocusing_5_10_4um_0_16.npy,P0/data/dataset_particles2SNR_c1/train/4um/HFocusing_5_10_4um_0_16.npy,P0/data/particles2SNR_4_class_lim10/train/unclear/HFocusing_5_10_4um_0_16.npy,4um,unclear,-12.467361420083478,-9.922102882082607,-15.796620561119642,5.087278213370356,10,-10.0,median_snr_below_threshold,symlinked
train,HFocusing_5_10_4um_0_1601.npy,P0/data/dataset_particles2SNR_c1/train/4um/HFocusing_5_10_4um_0_1601.npy,P0/data/particles2SNR_4_class_lim10/train/4um/HFocusing_5_10_4um_0_1601.npy,4um,4um,-0.5348954463264655,-1.3154913369176766,-11.19179453773442,6.322544310998721,6,-10.0,median_snr_at_or_above_threshold,symlinked
train,HFocusing_5_10_4um_0_1604.npy,P0/data/dataset_particles2SNR_c1/train/4um/HFocusing_5_10_4um_0_1604.npy,P0/data/particles2SNR_4_class_lim10/train/unclear/HFocusing_5_10_4um_0_1604.npy,4um,unclear,-12.031252838728738,-10.778726886895148,-19.16241918796153,12.167698622350972,13,-10.0,median_snr_below_threshold,symlinked
train,HFocusing_5_10_4um_0_1607.npy,P0/data/dataset_particles2SNR_c1/train/4um/HFocusing_5_10_4um_0_1607.npy,P0/data/particles2SNR_4_class_lim10/train/4um/HFocusing_5_10_4um_0_1607.npy,4um,4um,-5.395237343496333,-6.008576962224464,-17.60324299727185,3.5097409849264887,15,-10.0,median_snr_at_or_above_threshold,symlinked
train,HFocusing_5_10_4um_0_1610.npy,P0/data/dataset_particles2SNR_c1/train/4um/HFocusing_5_10_4um_0_1610.npy,P0/data/particles2SNR_4_class_lim10/train/unclear/HFocusing_5_10_4um_0_1610.npy,4um,unclear,-12.317993983578628,-13.496702393578497,-20.5167864093534,-7.246229080466645,6,-10.0,median_snr_below_threshold,symlinked
train,HFocusing_5_10_4um_0_1613.npy,P0/data/dataset_particles2SNR_c1/train/4um/HFocusing_5_10_4um_0_1613.npy,P0/data/particles2SNR_4_class_lim10/train/4um/HFocusing_5_10_4um_0_1613.npy,4um,4um,-1.7609395919309252,-4.078427904088752,-21.42062367110729,10.44737951976667,11,-10.0,median_snr_at_or_above_threshold,symlinked
train,HFocusing_5_10_4um_0_1616.npy,P0/data/dataset_particles2SNR_c1/train/4um/HFocusing_5_10_4um_0_1616.npy,P0/data/particles2SNR_4_class_lim10/train/unclear/HFocusing_5_10_4um_0_1616.npy,4um,unclear,-13.144242366800317,-12.539983944909736,-14.378455056987523,-6.846335957994185,10,-10.0,median_snr_below_threshold,symlinked
train,HFocusing_5_10_4um_0_1617.npy,P0/data/dataset_particles2SNR_c1/train/4um/HFocusing_5_10_4um_0_1617.npy,P0/data/particles2SNR_4_class_lim10/train/4um/HFocusing_5_10_4um_0_1617.npy,4um,4um,-2.9861614041289917,-2.9221945711396726,-17.144750285571174,11.286038946568702,13,-10.0,median_snr_at_or_above_threshold,symlinked
train,HFocusing_5_10_4um_0_162.npy,P0/data/dataset_particles2SNR_c1/train/4um/HFocusing_5_10_4um_0_162.npy,P0/data/particles2SNR_4_class_lim10/train/unclear/HFocusing_5_10_4um_0_162.npy,4um,unclear,-12.536456088289878,-12.896258719147987,-16.783325797991676,-9.927597899839885,9,-10.0,median_snr_below_threshold,symlinked
train,HFocusing_5_10_4um_0_1630.npy,P0/data/dataset_particles2SNR_c1/train/4um/HFocusing_5_10_4um_0_1630.npy,P0/data/particles2SNR_4_class_lim10/train/4um/HFocusing_5_10_4um_0_1630.npy,4um,4um,-9.275523897646984,-7.291746413332014,-19.276071152291184,8.215613935460688,12,-10.0,median_snr_at_or_above_threshold,symlinked
train,HFocusing_5_10_4um_0_1636.npy,P0/data/dataset_particles2SNR_c1/train/4um/HFocusing_5_10_4um_0_1636.npy,P0/data/particles2SNR_4_class_lim10/train/unclear/HFocusing_5_10_4um_0_1636.npy,4um,unclear,-11.529490153694466,-7.989340286712997,-17.842927084098452,7.085207945128234,13,-10.0,median_snr_below_threshold,symlinked
train,HFocusing_5_10_4um_0_1642.npy,P0/data/dataset_particles2SNR_c1/train/4um/HFocusing_5_10_4um_0_1642.npy,P0/data/particles2SNR_4_class_lim10/train/unclear/HFocusing_5_10_4um_0_1642.npy,4um,unclear,-11.620551591341236,-7.985030431316195,-16.537312309275034,11.6654543763757,13,-10.0,median_snr_below_threshold,symlinked
train,HFocusing_5_10_4um_0_1645.npy,P0/data/dataset_particles2SNR_c1/train/4um/HFocusing_5_10_4um_0_1645.npy,P0/data/particles2SNR_4_class_lim10/train/unclear/HFocusing_5_10_4um_0_1645.npy,4um,unclear,-13.13552483145883,-12.668259964538017,-18.409334762729475,5.213752879768727,16,-10.0,median_snr_below_threshold,symlinked
train,HFocusing_5_10_4um_0_1651.npy,P0/data/dataset_particles2SNR_c1/train/4um/HFocusing_5_10_4um_0_1651.npy,P0/data/particles2SNR_4_class_lim10/train/unclear/HFocusing_5_10_4um_0_1651.npy,4um,unclear,-10.239641705342347,-7.130249251665717,-16.52901681381155,13.340575253375404,11,-10.0,median_snr_below_threshold,symlinked
train,HFocusing_5_10_4um_0_1654.npy,P0/data/dataset_particles2SNR_c1/train/4um/HFocusing_5_10_4um_0_1654.npy,P0/data/particles2SNR_4_class_lim10/train/4um/HFocusing_5_10_4um_0_1654.npy,4um,4um,-4.9247589446058315,-4.679846624797759,-20.769990274970294,10.666782803226537,12,-10.0,median_snr_at_or_above_threshold,symlinked
train,HFocusing_5_10_4um_0_1657.npy,P0/data/dataset_particles2SNR_c1/train/4um/HFocusing_5_10_4um_0_1657.npy,P0/data/particles2SNR_4_class_lim10/train/unclear/HFocusing_5_10_4um_0_1657.npy,4um,unclear,-10.9787794905605,-8.561263581463422,-17.20392997091193,4.960737996589008,9,-10.0,median_snr_below_threshold,symlinked
train,HFocusing_5_10_4um_0_166.npy,P0/data/dataset_particles2SNR_c1/train/4um/HFocusing_5_10_4um_0_166.npy,P0/data/particles2SNR_4_class_lim10/train/unclear/HFocusing_5_10_4um_0_166.npy,4um,unclear,-13.91232181464543,-13.773013986531447,-19.63315781312671,-9.552710813037438,11,-10.0,median_snr_below_threshold,symlinked
train,HFocusing_5_10_4um_0_1660.npy,P0/data/dataset_particles2SNR_c1/train/4um/HFocusing_5_10_4um_0_1660.npy,P0/data/particles2SNR_4_class_lim10/train/4um/HFocusing_5_10_4um_0_1660.npy,4um,4um,-4.914433684636698,-6.812310082501551,-21.499955359207384,4.731620241524757,12,-10.0,median_snr_at_or_above_threshold,symlinked
train,HFocusing_5_10_4um_0_1666.npy,P0/data/dataset_particles2SNR_c1/train/4um/HFocusing_5_10_4um_0_1666.npy,P0/data/particles2SNR_4_class_lim10/train/4um/HFocusing_5_10_4um_0_1666.npy,4um,4um,-3.201439703154662,-3.599810781411095,-14.373582712194569,3.1943659613566195,10,-10.0,median_snr_at_or_above_threshold,symlinked
train,HFocusing_5_10_4um_0_167.npy,P0/data/dataset_particles2SNR_c1/train/4um/HFocusing_5_10_4um_0_167.npy,P0/data/particles2SNR_4_class_lim10/train/4um/HFocusing_5_10_4um_0_167.npy,4um,4um,-9.868504018462444,-7.971489646358809,-23.255664404807064,9.03088320508218,12,-10.0,median_snr_at_or_above_threshold,symlinked
train,HFocusing_5_10_4um_0_1672.npy,P0/data/dataset_particles2SNR_c1/train/4um/HFocusing_5_10_4um_0_1672.npy,P0/data/particles2SNR_4_class_lim10/train/4um/HFocusing_5_10_4um_0_1672.npy,4um,4um,-6.4189065002898165,-5.582446536808632,-18.242843213554966,9.8840042988582,10,-10.0,median_snr_at_or_above_threshold,symlinked
train,HFocusing_5_10_4um_0_1675.npy,P0/data/dataset_particles2SNR_c1/train/4um/HFocusing_5_10_4um_0_1675.npy,P0/data/particles2SNR_4_class_lim10/train/4um/HFocusing_5_10_4um_0_1675.npy,4um,4um,4.845753500319675,3.4008534748844887,-7.429265092715377,12.786072017049166,3,-10.0,median_snr_at_or_above_threshold,symlinked
train,HFocusing_5_10_4um_0_1678.npy,P0/data/dataset_particles2SNR_c1/train/4um/HFocusing_5_10_4um_0_1678.npy,P0/data/particles2SNR_4_class_lim10/train/4um/HFocusing_5_10_4um_0_1678.npy,4um,4um,-1.216944558625436,-2.9558354638491,-18.673413045136463,8.721391212089546,10,-10.0,median_snr_at_or_above_threshold,symlinked
train,HFocusing_5_10_4um_0_1681.npy,P0/data/dataset_particles2SNR_c1/train/4um/HFocusing_5_10_4um_0_1681.npy,P0/data/particles2SNR_4_class_lim10/train/unclear/HFocusing_5_10_4um_0_1681.npy,4um,unclear,-11.424162113191656,-7.414237343466695,-19.154642484498442,6.230323177542834,14,-10.0,median_snr_below_threshold,symlinked
train,HFocusing_5_10_4um_0_1684.npy,P0/data/dataset_particles2SNR_c1/train/4um/HFocusing_5_10_4um_0_1684.npy,P0/data/particles2SNR_4_class_lim10/train/4um/HFocusing_5_10_4um_0_1684.npy,4um,4um,2.0365205981428733,2.9998705652197883,-0.6380985187154308,8.565061830428677,7,-10.0,median_snr_at_or_above_threshold,symlinked
train,HFocusing_5_10_4um_0_169.npy,P0/data/dataset_particles2SNR_c1/train/4um/HFocusing_5_10_4um_0_169.npy,P0/data/particles2SNR_4_class_lim10/train/unclear/HFocusing_5_10_4um_0_169.npy,4um,unclear,-12.322434538228322,-8.3294962684636,-14.676780059423592,9.584557099986338,12,-10.0,median_snr_below_threshold,symlinked
train,HFocusing_5_10_4um_0_1690.npy,P0/data/dataset_particles2SNR_c1/train/4um/HFocusing_5_10_4um_0_1690.npy,P0/data/particles2SNR_4_class_lim10/train/4um/HFocusing_5_10_4um_0_1690.npy,4um,4um,-6.186578315472904,-4.7381057691130914,-15.98138439369678,6.9220513054848,14,-10.0,median_snr_at_or_above_threshold,symlinked
train,HFocusing_5_10_4um_0_1693.npy,P0/data/dataset_particles2SNR_c1/train/4um/HFocusing_5_10_4um_0_1693.npy,P0/data/particles2SNR_4_class_lim10/train/4um/HFocusing_5_10_4um_0_1693.npy,4um,4um,-7.362603778014316,-4.998013458065047,-16.404862017657706,12.541955096398269,11,-10.0,median_snr_at_or_above_threshold,symlinked
train,HFocusing_5_10_4um_0_1695.npy,P0/data/dataset_particles2SNR_c1/train/4um/HFocusing_5_10_4um_0_1695.npy,P0/data/particles2SNR_4_class_lim10/train/4um/HFocusing_5_10_4um_0_1695.npy,4um,4um,-9.45482089692647,-6.444979499364229,-17.564635893542025,10.087539917456862,9,-10.0,median_snr_at_or_above_threshold,symlinked
train,HFocusing_5_10_4um_0_1702.npy,P0/data/dataset_particles2SNR_c1/train/4um/HFocusing_5_10_4um_0_1702.npy,P0/data/particles2SNR_4_class_lim10/train/4um/HFocusing_5_10_4um_0_1702.npy,4um,4um,-8.509767940850502,-7.140277165640237,-18.02464541743094,10.857377328490232,14,-10.0,median_snr_at_or_above_threshold,symlinked
train,HFocusing_5_10_4um_0_1707.npy,P0/data/dataset_particles2SNR_c1/train/4um/HFocusing_5_10_4um_0_1707.npy,P0/data/particles2SNR_4_class_lim10/train/unclear/HFocusing_5_10_4um_0_1707.npy,4um,unclear,-10.822482398331378,-6.286981348676255,-15.151556079854183,7.935190898276746,11,-10.0,median_snr_below_threshold,symlinked
train,HFocusing_5_10_4um_0_1710.npy,P0/data/dataset_particles2SNR_c1/train/4um/HFocusing_5_10_4um_0_1710.npy,P0/data/particles2SNR_4_class_lim10/train/4um/HFocusing_5_10_4um_0_1710.npy,4um,4um,-9.169709190117976,-8.03849619167219,-18.349747869642467,12.660137543004028,12,-10.0,median_snr_at_or_above_threshold,symlinked
train,HFocusing_5_10_4um_0_1714.npy,P0/data/dataset_particles2SNR_c1/train/4um/HFocusing_5_10_4um_0_1714.npy,P0/data/particles2SNR_4_class_lim10/train/unclear/HFocusing_5_10_4um_0_1714.npy,4um,unclear,-14.161440408659285,-10.602931598969777,-20.78420952332216,3.51446067814974,13,-10.0,median_snr_below_threshold,symlinked
train,HFocusing_5_10_4um_0_1716.npy,P0/data/dataset_particles2SNR_c1/train/4um/HFocusing_5_10_4um_0_1716.npy,P0/data/particles2SNR_4_class_lim10/train/4um/HFocusing_5_10_4um_0_1716.npy,4um,4um,-9.030832280184596,-7.791403524190655,-17.65095805933713,5.74003023593183,11,-10.0,median_snr_at_or_above_threshold,symlinked
train,HFocusing_5_10_4um_0_1719.npy,P0/data/dataset_particles2SNR_c1/train/4um/HFocusing_5_10_4um_0_1719.npy,P0/data/particles2SNR_4_class_lim10/train/unclear/HFocusing_5_10_4um_0_1719.npy,4um,unclear,-14.160402380646879,-14.157136159369228,-17.720024283142383,-10.603550299581343,9,-10.0,median_snr_below_threshold,symlinked
train,HFocusing_5_10_4um_0_172.npy,P0/data/dataset_particles2SNR_c1/train/4um/HFocusing_5_10_4um_0_172.npy,P0/data/particles2SNR_4_class_lim10/train/unclear/HFocusing_5_10_4um_0_172.npy,4um,unclear,-10.563648674298513,-7.467138296446895,-18.424544697193596,8.758332480133303,10,-10.0,median_snr_below_threshold,symlinked
train,HFocusing_5_10_4um_0_1720.npy,P0/data/dataset_particles2SNR_c1/train/4um/HFocusing_5_10_4um_0_1720.npy,P0/data/particles2SNR_4_class_lim10/train/unclear/HFocusing_5_10_4um_0_1720.npy,4um,unclear,-12.180846181854257,-9.454477814412341,-15.816643975476083,4.240310430065392,13,-10.0,median_snr_below_threshold,symlinked
train,HFocusing_5_10_4um_0_1722.npy,P0/data/dataset_particles2SNR_c1/train/4um/HFocusing_5_10_4um_0_1722.npy,P0/data/particles2SNR_4_class_lim10/train/unclear/HFocusing_5_10_4um_0_1722.npy,4um,unclear,-14.442872908449441,-11.396894136992092,-17.826738017709932,3.059671204091878,8,-10.0,median_snr_below_threshold,symlinked
train,HFocusing_5_10_4um_0_1725.npy,P0/data/dataset_particles2SNR_c1/train/4um/HFocusing_5_10_4um_0_1725.npy,P0/data/particles2SNR_4_class_lim10/train/unclear/HFocusing_5_10_4um_0_1725.npy,4um,unclear,-14.171614924367088,-8.607490113593125,-17.103718624964277,11.638893227394107,11,-10.0,median_snr_below_threshold,symlinked
train,HFocusing_5_10_4um_0_1728.npy,P0/data/dataset_particles2SNR_c1/train/4um/HFocusing_5_10_4um_0_1728.npy,P0/data/particles2SNR_4_class_lim10/train/unclear/HFocusing_5_10_4um_0_1728.npy,4um,unclear,-12.735192596670366,-11.530911883265786,-17.072937128543217,-1.555465762060645,16,-10.0,median_snr_below_threshold,symlinked
train,HFocusing_5_10_4um_0_1732.npy,P0/data/dataset_particles2SNR_c1/train/4um/HFocusing_5_10_4um_0_1732.npy,P0/data/particles2SNR_4_class_lim10/train/4um/HFocusing_5_10_4um_0_1732.npy,4um,4um,-9.324886798566123,-5.135473065499653,-15.639368969267913,7.137554543841144,10,-10.0,median_snr_at_or_above_threshold,symlinked
train,HFocusing_5_10_4um_0_1735.npy,P0/data/dataset_particles2SNR_c1/train/4um/HFocusing_5_10_4um_0_1735.npy,P0/data/particles2SNR_4_class_lim10/train/4um/HFocusing_5_10_4um_0_1735.npy,4um,4um,-1.4787620964769355,-4.296474935788618,-18.81832988375832,6.241467427337055,15,-10.0,median_snr_at_or_above_threshold,symlinked
train,HFocusing_5_10_4um_0_1738.npy,P0/data/dataset_particles2SNR_c1/train/4um/HFocusing_5_10_4um_0_1738.npy,P0/data/particles2SNR_4_class_lim10/train/4um/HFocusing_5_10_4um_0_1738.npy,4um,4um,-7.315348736365534,-6.896782085849239,-20.53304290329514,3.559844412894443,12,-10.0,median_snr_at_or_above_threshold,symlinked
train,HFocusing_5_10_4um_0_1741.npy,P0/data/dataset_particles2SNR_c1/train/4um/HFocusing_5_10_4um_0_1741.npy,P0/data/particles2SNR_4_class_lim10/train/4um/HFocusing_5_10_4um_0_1741.npy,4um,4um,2.131560405529269,-3.212200901883854,-17.73553208274319,8.493806784513922,5,-10.0,median_snr_at_or_above_threshold,symlinked
train,HFocusing_5_10_4um_0_1747.npy,P0/data/dataset_particles2SNR_c1/train/4um/HFocusing_5_10_4um_0_1747.npy,P0/data/particles2SNR_4_class_lim10/train/unclear/HFocusing_5_10_4um_0_1747.npy,4um,unclear,-10.188189146572206,-8.098598382488001,-19.759898464575926,8.239868607897646,15,-10.0,median_snr_below_threshold,symlinked
train,HFocusing_5_10_4um_0_1750.npy,P0/data/dataset_particles2SNR_c1/train/4um/HFocusing_5_10_4um_0_1750.npy,P0/data/particles2SNR_4_class_lim10/train/unclear/HFocusing_5_10_4um_0_1750.npy,4um,unclear,-13.126182248559564,-6.979469060916833,-14.93819771286013,11.02637929674225,9,-10.0,median_snr_below_threshold,symlinked
train,HFocusing_5_10_4um_0_1756.npy,P0/data/dataset_particles2SNR_c1/train/4um/HFocusing_5_10_4um_0_1756.npy,P0/data/particles2SNR_4_class_lim10/train/unclear/HFocusing_5_10_4um_0_1756.npy,4um,unclear,-12.203358034731055,-9.579467251126601,-22.024458424996844,6.422131158948094,15,-10.0,median_snr_below_threshold,symlinked
train,HFocusing_5_10_4um_0_1759.npy,P0/data/dataset_particles2SNR_c1/train/4um/HFocusing_5_10_4um_0_1759.npy,P0/data/particles2SNR_4_class_lim10/train/4um/HFocusing_5_10_4um_0_1759.npy,4um,4um,0.7084866115485855,-4.644411041767703,-16.41633449065302,6.658579816016901,7,-10.0,median_snr_at_or_above_threshold,symlinked
train,HFocusing_5_10_4um_0_1762.npy,P0/data/dataset_particles2SNR_c1/train/4um/HFocusing_5_10_4um_0_1762.npy,P0/data/particles2SNR_4_class_lim10/train/4um/HFocusing_5_10_4um_0_1762.npy,4um,4um,-3.587940468488231,-7.009876219277423,-22.318104446506943,6.767726653783907,9,-10.0,median_snr_at_or_above_threshold,symlinked
train,HFocusing_5_10_4um_0_1766.npy,P0/data/dataset_particles2SNR_c1/train/4um/HFocusing_5_10_4um_0_1766.npy,P0/data/particles2SNR_4_class_lim10/train/4um/HFocusing_5_10_4um_0_1766.npy,4um,4um,-3.0797727703722275,-0.7438253600626726,-9.003376919770506,9.688714249657034,7,-10.0,median_snr_at_or_above_threshold,symlinked
train,HFocusing_5_10_4um_0_1769.npy,P0/data/dataset_particles2SNR_c1/train/4um/HFocusing_5_10_4um_0_1769.npy,P0/data/particles2SNR_4_class_lim10/train/4um/HFocusing_5_10_4um_0_1769.npy,4um,4um,-8.669185108719402,-6.1657337974814235,-20.417386963737417,5.713406790546729,7,-10.0,median_snr_at_or_above_threshold,symlinked
train,HFocusing_5_10_4um_0_1772.npy,P0/data/dataset_particles2SNR_c1/train/4um/HFocusing_5_10_4um_0_1772.npy,P0/data/particles2SNR_4_class_lim10/train/unclear/HFocusing_5_10_4um_0_1772.npy,4um,unclear,-10.208449723723241,-5.694284522274488,-16.513472574925483,7.70115057289848,10,-10.0,median_snr_below_threshold,symlinked
train,HFocusing_5_10_4um_0_1775.npy,P0/data/dataset_particles2SNR_c1/train/4um/HFocusing_5_10_4um_0_1775.npy,P0/data/particles2SNR_4_class_lim10/train/4um/HFocusing_5_10_4um_0_1775.npy,4um,4um,-1.028840044790071,-4.07534658418811,-12.040237492531194,4.510176006671173,11,-10.0,median_snr_at_or_above_threshold,symlinked
train,HFocusing_5_10_4um_0_1779.npy,P0/data/dataset_particles2SNR_c1/train/4um/HFocusing_5_10_4um_0_1779.npy,P0/data/particles2SNR_4_class_lim10/train/4um/HFocusing_5_10_4um_0_1779.npy,4um,4um,-4.475969326844636,-4.867082322933123,-16.602105909893222,10.006439816812305,14,-10.0,median_snr_at_or_above_threshold,symlinked
train,HFocusing_5_10_4um_0_178.npy,P0/data/dataset_particles2SNR_c1/train/4um/HFocusing_5_10_4um_0_178.npy,P0/data/particles2SNR_4_class_lim10/train/unclear/HFocusing_5_10_4um_0_178.npy,4um,unclear,-13.344894835892722,-11.107107645163723,-17.816061596917816,4.545013243015328,11,-10.0,median_snr_below_threshold,symlinked
train,HFocusing_5_10_4um_0_1785.npy,P0/data/dataset_particles2SNR_c1/train/4um/HFocusing_5_10_4um_0_1785.npy,P0/data/particles2SNR_4_class_lim10/train/unclear/HFocusing_5_10_4um_0_1785.npy,4um,unclear,-12.712170329568327,-6.494782312251312,-15.066305262261048,12.773476913496545,7,-10.0,median_snr_below_threshold,symlinked
train,HFocusing_5_10_4um_0_1788.npy,P0/data/dataset_particles2SNR_c1/train/4um/HFocusing_5_10_4um_0_1788.npy,P0/data/particles2SNR_4_class_lim10/train/unclear/HFocusing_5_10_4um_0_1788.npy,4um,unclear,-10.85808008600712,-8.30579128473922,-14.459046272268786,14.882733344067738,10,-10.0,median_snr_below_threshold,symlinked
train,HFocusing_5_10_4um_0_1791.npy,P0/data/dataset_particles2SNR_c1/train/4um/HFocusing_5_10_4um_0_1791.npy,P0/data/particles2SNR_4_class_lim10/train/unclear/HFocusing_5_10_4um_0_1791.npy,4um,unclear,-10.796221582578765,-7.977572906498593,-21.4952860874746,8.081079665712547,13,-10.0,median_snr_below_threshold,symlinked
train,HFocusing_5_10_4um_0_1797.npy,P0/data/dataset_particles2SNR_c1/train/4um/HFocusing_5_10_4um_0_1797.npy,P0/data/particles2SNR_4_class_lim10/train/4um/HFocusing_5_10_4um_0_1797.npy,4um,4um,3.9572076078568514,1.7475694267631483,-18.066908060026236,10.011564919658378,11,-10.0,median_snr_at_or_above_threshold,symlinked
train,HFocusing_5_10_4um_0_1800.npy,P0/data/dataset_particles2SNR_c1/train/4um/HFocusing_5_10_4um_0_1800.npy,P0/data/particles2SNR_4_class_lim10/train/unclear/HFocusing_5_10_4um_0_1800.npy,4um,unclear,-13.258779198475942,-7.744587561246385,-15.99088848695308,6.5437042818899,6,-10.0,median_snr_below_threshold,symlinked
train,HFocusing_5_10_4um_0_1803.npy,P0/data/dataset_particles2SNR_c1/train/4um/HFocusing_5_10_4um_0_1803.npy,P0/data/particles2SNR_4_class_lim10/train/unclear/HFocusing_5_10_4um_0_1803.npy,4um,unclear,-11.684439024458618,-9.618657856275327,-19.910450428931863,2.198124094463592,17,-10.0,median_snr_below_threshold,symlinked
train,HFocusing_5_10_4um_0_1806.npy,P0/data/dataset_particles2SNR_c1/train/4um/HFocusing_5_10_4um_0_1806.npy,P0/data/particles2SNR_4_class_lim10/train/unclear/HFocusing_5_10_4um_0_1806.npy,4um,unclear,-11.496059151889511,-6.110091210701964,-15.871532804654018,6.435792263278859,11,-10.0,median_snr_below_threshold,symlinked
train,HFocusing_5_10_4um_0_1809.npy,P0/data/dataset_particles2SNR_c1/train/4um/HFocusing_5_10_4um_0_1809.npy,P0/data/particles2SNR_4_class_lim10/train/unclear/HFocusing_5_10_4um_0_1809.npy,4um,unclear,-14.161965527931224,-10.604741372109777,-21.791000782482747,5.483038955863577,9,-10.0,median_snr_below_threshold,symlinked
train,HFocusing_5_10_4um_0_181.npy,P0/data/dataset_particles2SNR_c1/train/4um/HFocusing_5_10_4um_0_181.npy,P0/data/particles2SNR_4_class_lim10/train/unclear/HFocusing_5_10_4um_0_181.npy,4um,unclear,-11.921369972604404,-9.924137854284124,-16.051648059528144,2.1327868560124537,12,-10.0,median_snr_below_threshold,symlinked
train,HFocusing_5_10_4um_0_1812.npy,P0/data/dataset_particles2SNR_c1/train/4um/HFocusing_5_10_4um_0_1812.npy,P0/data/particles2SNR_4_class_lim10/train/4um/HFocusing_5_10_4um_0_1812.npy,4um,4um,-0.9696651452648051,-3.686867354455539,-15.262214404745109,2.6405411509943515,11,-10.0,median_snr_at_or_above_threshold,symlinked
train,HFocusing_5_10_4um_0_1818.npy,P0/data/dataset_particles2SNR_c1/train/4um/HFocusing_5_10_4um_0_1818.npy,P0/data/particles2SNR_4_class_lim10/train/4um/HFocusing_5_10_4um_0_1818.npy,4um,4um,-3.6643935755395947,-5.1494311035151785,-18.67424690390522,5.573769069232082,13,-10.0,median_snr_at_or_above_threshold,symlinked
train,HFocusing_5_10_4um_0_1821.npy,P0/data/dataset_particles2SNR_c1/train/4um/HFocusing_5_10_4um_0_1821.npy,P0/data/particles2SNR_4_class_lim10/train/4um/HFocusing_5_10_4um_0_1821.npy,4um,4um,-9.401692758867634,-10.559945242875742,-17.100292672074463,4.301316915234206,9,-10.0,median_snr_at_or_above_threshold,symlinked
train,HFocusing_5_10_4um_0_1824.npy,P0/data/dataset_particles2SNR_c1/train/4um/HFocusing_5_10_4um_0_1824.npy,P0/data/particles2SNR_4_class_lim10/train/4um/HFocusing_5_10_4um_0_1824.npy,4um,4um,-1.3926747942028985,-3.2326176787749583,-16.835506017995378,10.562861283009275,9,-10.0,median_snr_at_or_above_threshold,symlinked
train,HFocusing_5_10_4um_0_1827.npy,P0/data/dataset_particles2SNR_c1/train/4um/HFocusing_5_10_4um_0_1827.npy,P0/data/particles2SNR_4_class_lim10/train/unclear/HFocusing_5_10_4um_0_1827.npy,4um,unclear,-11.211005632209071,-6.288854774441458,-15.290885608240977,6.818533683218023,12,-10.0,median_snr_below_threshold,symlinked
train,HFocusing_5_10_4um_0_1830.npy,P0/data/dataset_particles2SNR_c1/train/4um/HFocusing_5_10_4um_0_1830.npy,P0/data/particles2SNR_4_class_lim10/train/4um/HFocusing_5_10_4um_0_1830.npy,4um,4um,-2.8395878966788284,-2.7847279823133992,-13.38417910036359,10.236795900106939,13,-10.0,median_snr_at_or_above_threshold,symlinked
train,HFocusing_5_10_4um_0_1833.npy,P0/data/dataset_particles2SNR_c1/train/4um/HFocusing_5_10_4um_0_1833.npy,P0/data/particles2SNR_4_class_lim10/train/4um/HFocusing_5_10_4um_0_1833.npy,4um,4um,3.280445645369729,-1.9355851789005363,-14.746269044560098,7.591062749692449,7,-10.0,median_snr_at_or_above_threshold,symlinked
train,HFocusing_5_10_4um_0_1836.npy,P0/data/dataset_particles2SNR_c1/train/4um/HFocusing_5_10_4um_0_1836.npy,P0/data/particles2SNR_4_class_lim10/train/4um/HFocusing_5_10_4um_0_1836.npy,4um,4um,-4.791418412434227,-3.24369122528091,-16.275126833127064,10.456737593309429,9,-10.0,median_snr_at_or_above_threshold,symlinked
train,HFocusing_5_10_4um_0_1839.npy,P0/data/dataset_particles2SNR_c1/train/4um/HFocusing_5_10_4um_0_1839.npy,P0/data/particles2SNR_4_class_lim10/train/unclear/HFocusing_5_10_4um_0_1839.npy,4um,unclear,-12.171263893968193,-6.58720423889095,-14.851715067821223,13.544769596724983,8,-10.0,median_snr_below_threshold,symlinked
train,HFocusing_5_10_4um_0_184.npy,P0/data/dataset_particles2SNR_c1/train/4um/HFocusing_5_10_4um_0_184.npy,P0/data/particles2SNR_4_class_lim10/train/4um/HFocusing_5_10_4um_0_184.npy,4um,4um,-4.3088922202979205,-4.442858137576574,-16.56676537954208,10.173052109165786,12,-10.0,median_snr_at_or_above_threshold,symlinked
train,HFocusing_5_10_4um_0_1842.npy,P0/data/dataset_particles2SNR_c1/train/4um/HFocusing_5_10_4um_0_1842.npy,P0/data/particles2SNR_4_class_lim10/train/unclear/HFocusing_5_10_4um_0_1842.npy,4um,unclear,-11.594280602959193,-10.046092143429286,-16.485407334251647,0.8424502413692261,12,-10.0,median_snr_below_threshold,symlinked
train,HFocusing_5_10_4um_0_1848.npy,P0/data/dataset_particles2SNR_c1/train/4um/HFocusing_5_10_4um_0_1848.npy,P0/data/particles2SNR_4_class_lim10/train/4um/HFocusing_5_10_4um_0_1848.npy,4um,4um,-7.218202394579524,-4.642268095689751,-9.451677941757332,1.3518835443374275,5,-10.0,median_snr_at_or_above_threshold,symlinked
train,HFocusing_5_10_4um_0_1851.npy,P0/data/dataset_particles2SNR_c1/train/4um/HFocusing_5_10_4um_0_1851.npy,P0/data/particles2SNR_4_class_lim10/train/4um/HFocusing_5_10_4um_0_1851.npy,4um,4um,-7.56596324066146,-4.087060057770802,-13.083071647277528,9.870721782112534,9,-10.0,median_snr_at_or_above_threshold,symlinked
train,HFocusing_5_10_4um_0_1854.npy,P0/data/dataset_particles2SNR_c1/train/4um/HFocusing_5_10_4um_0_1854.npy,P0/data/particles2SNR_4_class_lim10/train/4um/HFocusing_5_10_4um_0_1854.npy,4um,4um,2.219964809083585,-1.8952209561573659,-14.979584817627314,10.63414966811516,11,-10.0,median_snr_at_or_above_threshold,symlinked
train,HFocusing_5_10_4um_0_1857.npy,P0/data/dataset_particles2SNR_c1/train/4um/HFocusing_5_10_4um_0_1857.npy,P0/data/particles2SNR_4_class_lim10/train/unclear/HFocusing_5_10_4um_0_1857.npy,4um,unclear,-12.366570317385552,-9.191261946245172,-18.797469381874198,6.38908387197291,12,-10.0,median_snr_below_threshold,symlinked
train,HFocusing_5_10_4um_0_1863.npy,P0/data/dataset_particles2SNR_c1/train/4um/HFocusing_5_10_4um_0_1863.npy,P0/data/particles2SNR_4_class_lim10/train/unclear/HFocusing_5_10_4um_0_1863.npy,4um,unclear,-10.498133912872486,-6.526506717601447,-13.726196132466356,6.777927080805762,10,-10.0,median_snr_below_threshold,symlinked
train,HFocusing_5_10_4um_0_1866.npy,P0/data/dataset_particles2SNR_c1/train/4um/HFocusing_5_10_4um_0_1866.npy,P0/data/particles2SNR_4_class_lim10/train/4um/HFocusing_5_10_4um_0_1866.npy,4um,4um,-9.753613784223893,-6.720109114278527,-14.641280761535624,7.474169949291156,7,-10.0,median_snr_at_or_above_threshold,symlinked
train,HFocusing_5_10_4um_0_1869.npy,P0/data/dataset_particles2SNR_c1/train/4um/HFocusing_5_10_4um_0_1869.npy,P0/data/particles2SNR_4_class_lim10/train/4um/HFocusing_5_10_4um_0_1869.npy,4um,4um,-4.972871029469142,-5.390168789676938,-17.854936676395518,5.520928105589784,6,-10.0,median_snr_at_or_above_threshold,symlinked
train,HFocusing_5_10_4um_0_187.npy,P0/data/dataset_particles2SNR_c1/train/4um/HFocusing_5_10_4um_0_187.npy,P0/data/particles2SNR_4_class_lim10/train/unclear/HFocusing_5_10_4um_0_187.npy,4um,unclear,-11.102047855132184,-5.718012690967521,-17.23201339833131,8.917188717052227,9,-10.0,median_snr_below_threshold,symlinked
train,HFocusing_5_10_4um_0_1875.npy,P0/data/dataset_particles2SNR_c1/train/4um/HFocusing_5_10_4um_0_1875.npy,P0/data/particles2SNR_4_class_lim10/train/4um/HFocusing_5_10_4um_0_1875.npy,4um,4um,-1.1520549187013938,-0.642493290530214,-11.98460279782283,8.505013656177775,7,-10.0,median_snr_at_or_above_threshold,symlinked
train,HFocusing_5_10_4um_0_1878.npy,P0/data/dataset_particles2SNR_c1/train/4um/HFocusing_5_10_4um_0_1878.npy,P0/data/particles2SNR_4_class_lim10/train/4um/HFocusing_5_10_4um_0_1878.npy,4um,4um,-3.123269901200729,-1.741783695022969,-11.966694476804838,13.009322177621268,12,-10.0,median_snr_at_or_above_threshold,symlinked
train,HFocusing_5_10_4um_0_1881.npy,P0/data/dataset_particles2SNR_c1/train/4um/HFocusing_5_10_4um_0_1881.npy,P0/data/particles2SNR_4_class_lim10/train/4um/HFocusing_5_10_4um_0_1881.npy,4um,4um,-6.518981587624253,-5.963398596798964,-17.191204869555627,11.272195788313088,13,-10.0,median_snr_at_or_above_threshold,symlinked
train,HFocusing_5_10_4um_0_1884.npy,P0/data/dataset_particles2SNR_c1/train/4um/HFocusing_5_10_4um_0_1884.npy,P0/data/particles2SNR_4_class_lim10/train/unclear/HFocusing_5_10_4um_0_1884.npy,4um,unclear,-12.977510338426157,-9.595940029827794,-18.55648601828014,8.679206086056187,18,-10.0,median_snr_below_threshold,symlinked
train,HFocusing_5_10_4um_0_1887.npy,P0/data/dataset_particles2SNR_c1/train/4um/HFocusing_5_10_4um_0_1887.npy,P0/data/particles2SNR_4_class_lim10/train/unclear/HFocusing_5_10_4um_0_1887.npy,4um,unclear,-12.713340614495827,-8.381838181460056,-16.788181266292284,6.983617821752013,11,-10.0,median_snr_below_threshold,symlinked
train,HFocusing_5_10_4um_0_1890.npy,P0/data/dataset_particles2SNR_c1/train/4um/HFocusing_5_10_4um_0_1890.npy,P0/data/particles2SNR_4_class_lim10/train/4um/HFocusing_5_10_4um_0_1890.npy,4um,4um,-0.013241611384480656,-0.774620931044313,-16.66389862498574,9.416488964411005,10,-10.0,median_snr_at_or_above_threshold,symlinked
train,HFocusing_5_10_4um_0_1893.npy,P0/data/dataset_particles2SNR_c1/train/4um/HFocusing_5_10_4um_0_1893.npy,P0/data/particles2SNR_4_class_lim10/train/4um/HFocusing_5_10_4um_0_1893.npy,4um,4um,-9.631938608627205,-7.662882748705499,-13.811223177585074,4.073225348690858,14,-10.0,median_snr_at_or_above_threshold,symlinked
train,HFocusing_5_10_4um_0_1896.npy,P0/data/dataset_particles2SNR_c1/train/4um/HFocusing_5_10_4um_0_1896.npy,P0/data/particles2SNR_4_class_lim10/train/4um/HFocusing_5_10_4um_0_1896.npy,4um,4um,3.9848832204724656,1.9616202351134746,-11.372286631414978,11.172866770055645,8,-10.0,median_snr_at_or_above_threshold,symlinked
train,HFocusing_5_10_4um_0_1899.npy,P0/data/dataset_particles2SNR_c1/train/4um/HFocusing_5_10_4um_0_1899.npy,P0/data/particles2SNR_4_class_lim10/train/4um/HFocusing_5_10_4um_0_1899.npy,4um,4um,-0.3594663857013377,-3.949826234701025,-17.516309027698117,5.290000713503568,11,-10.0,median_snr_at_or_above_threshold,symlinked
train,HFocusing_5_10_4um_0_190.npy,P0/data/dataset_particles2SNR_c1/train/4um/HFocusing_5_10_4um_0_190.npy,P0/data/particles2SNR_4_class_lim10/train/unclear/HFocusing_5_10_4um_0_190.npy,4um,unclear,-15.285585548473138,-14.656645440899885,-19.095280454486975,-8.533818623525455,18,-10.0,median_snr_below_threshold,symlinked
train,HFocusing_5_10_4um_0_1902.npy,P0/data/dataset_particles2SNR_c1/train/4um/HFocusing_5_10_4um_0_1902.npy,P0/data/particles2SNR_4_class_lim10/train/unclear/HFocusing_5_10_4um_0_1902.npy,4um,unclear,-12.892645645970676,-10.83456612876004,-16.79367414353553,5.997084807473524,10,-10.0,median_snr_below_threshold,symlinked
train,HFocusing_5_10_4um_0_1905.npy,P0/data/dataset_particles2SNR_c1/train/4um/HFocusing_5_10_4um_0_1905.npy,P0/data/particles2SNR_4_class_lim10/train/unclear/HFocusing_5_10_4um_0_1905.npy,4um,unclear,-11.736529618299873,-8.224983774865864,-17.326399996293688,7.509113944058025,11,-10.0,median_snr_below_threshold,symlinked
train,HFocusing_5_10_4um_0_1914.npy,P0/data/dataset_particles2SNR_c1/train/4um/HFocusing_5_10_4um_0_1914.npy,P0/data/particles2SNR_4_class_lim10/train/unclear/HFocusing_5_10_4um_0_1914.npy,4um,unclear,-14.272090439018067,-12.43946454150507,-21.39433477533033,10.325180775116776,10,-10.0,median_snr_below_threshold,symlinked
train,HFocusing_5_10_4um_0_1917.npy,P0/data/dataset_particles2SNR_c1/train/4um/HFocusing_5_10_4um_0_1917.npy,P0/data/particles2SNR_4_class_lim10/train/unclear/HFocusing_5_10_4um_0_1917.npy,4um,unclear,-14.809803757482996,-12.540813605898883,-18.81614432249668,1.6523376098431621,16,-10.0,median_snr_below_threshold,symlinked
train,HFocusing_5_10_4um_0_1918.npy,P0/data/dataset_particles2SNR_c1/train/4um/HFocusing_5_10_4um_0_1918.npy,P0/data/particles2SNR_4_class_lim10/train/unclear/HFocusing_5_10_4um_0_1918.npy,4um,unclear,-12.323519850818114,-6.689569539882835,-16.85114276847835,12.300349522201726,13,-10.0,median_snr_below_threshold,symlinked
train,HFocusing_5_10_4um_0_1921.npy,P0/data/dataset_particles2SNR_c1/train/4um/HFocusing_5_10_4um_0_1921.npy,P0/data/particles2SNR_4_class_lim10/train/unclear/HFocusing_5_10_4um_0_1921.npy,4um,unclear,-12.27902129243213,-12.580274007905846,-16.112173580056968,-9.45483926850932,15,-10.0,median_snr_below_threshold,symlinked
train,HFocusing_5_10_4um_0_1922.npy,P0/data/dataset_particles2SNR_c1/train/4um/HFocusing_5_10_4um_0_1922.npy,P0/data/particles2SNR_4_class_lim10/train/unclear/HFocusing_5_10_4um_0_1922.npy,4um,unclear,-12.54142594331563,-10.130127511502588,-16.68701070737654,5.260586920827701,11,-10.0,median_snr_below_threshold,symlinked
train,HFocusing_5_10_4um_0_1925.npy,P0/data/dataset_particles2SNR_c1/train/4um/HFocusing_5_10_4um_0_1925.npy,P0/data/particles2SNR_4_class_lim10/train/4um/HFocusing_5_10_4um_0_1925.npy,4um,4um,2.197153272020252,-2.8564780384295987,-19.2375472541875,9.431334131483679,11,-10.0,median_snr_at_or_above_threshold,symlinked
train,HFocusing_5_10_4um_0_1928.npy,P0/data/dataset_particles2SNR_c1/train/4um/HFocusing_5_10_4um_0_1928.npy,P0/data/particles2SNR_4_class_lim10/train/unclear/HFocusing_5_10_4um_0_1928.npy,4um,unclear,-13.95108109674083,-11.208533100171142,-19.315371511003605,9.797401951664082,14,-10.0,median_snr_below_threshold,symlinked
train,HFocusing_5_10_4um_0_193.npy,P0/data/dataset_particles2SNR_c1/train/4um/HFocusing_5_10_4um_0_193.npy,P0/data/particles2SNR_4_class_lim10/train/unclear/HFocusing_5_10_4um_0_193.npy,4um,unclear,-13.308349880545226,-12.545939141613733,-20.463383050143896,3.409713462892252,17,-10.0,median_snr_below_threshold,symlinked
train,HFocusing_5_10_4um_0_1930.npy,P0/data/dataset_particles2SNR_c1/train/4um/HFocusing_5_10_4um_0_1930.npy,P0/data/particles2SNR_4_class_lim10/train/unclear/HFocusing_5_10_4um_0_1930.npy,4um,unclear,-10.829708418727408,-6.7477264770119225,-15.426901683867303,6.004153358873889,13,-10.0,median_snr_below_threshold,symlinked
train,HFocusing_5_10_4um_0_1933.npy,P0/data/dataset_particles2SNR_c1/train/4um/HFocusing_5_10_4um_0_1933.npy,P0/data/particles2SNR_4_class_lim10/train/4um/HFocusing_5_10_4um_0_1933.npy,4um,4um,-6.114074813496604,-4.936119652258649,-18.808689032697863,7.384182980323947,12,-10.0,median_snr_at_or_above_threshold,symlinked
train,HFocusing_5_10_4um_0_1936.npy,P0/data/dataset_particles2SNR_c1/train/4um/HFocusing_5_10_4um_0_1936.npy,P0/data/particles2SNR_4_class_lim10/train/4um/HFocusing_5_10_4um_0_1936.npy,4um,4um,-5.662704647000453,-4.054381423029942,-15.026818612318538,11.798763907551493,12,-10.0,median_snr_at_or_above_threshold,symlinked
train,HFocusing_5_10_4um_0_1939.npy,P0/data/dataset_particles2SNR_c1/train/4um/HFocusing_5_10_4um_0_1939.npy,P0/data/particles2SNR_4_class_lim10/train/4um/HFocusing_5_10_4um_0_1939.npy,4um,4um,-9.450105494655553,-7.913112250460066,-19.90962077785794,4.695185956966784,12,-10.0,median_snr_at_or_above_threshold,symlinked
train,HFocusing_5_10_4um_0_1942.npy,P0/data/dataset_particles2SNR_c1/train/4um/HFocusing_5_10_4um_0_1942.npy,P0/data/particles2SNR_4_class_lim10/train/4um/HFocusing_5_10_4um_0_1942.npy,4um,4um,-5.8748129597534255,-4.495640040331659,-15.72091142763101,10.412672421736067,13,-10.0,median_snr_at_or_above_threshold,symlinked
train,HFocusing_5_10_4um_0_1946.npy,P0/data/dataset_particles2SNR_c1/train/4um/HFocusing_5_10_4um_0_1946.npy,P0/data/particles2SNR_4_class_lim10/train/unclear/HFocusing_5_10_4um_0_1946.npy,4um,unclear,-12.106557257288719,-8.001912060916942,-15.260037658801789,7.822483279100748,17,-10.0,median_snr_below_threshold,symlinked
train,HFocusing_5_10_4um_0_1948.npy,P0/data/dataset_particles2SNR_c1/train/4um/HFocusing_5_10_4um_0_1948.npy,P0/data/particles2SNR_4_class_lim10/train/unclear/HFocusing_5_10_4um_0_1948.npy,4um,unclear,-11.661561033070452,-10.719690006104049,-17.416221125801567,-0.8742456220317857,16,-10.0,median_snr_below_threshold,symlinked
train,HFocusing_5_10_4um_0_1951.npy,P0/data/dataset_particles2SNR_c1/train/4um/HFocusing_5_10_4um_0_1951.npy,P0/data/particles2SNR_4_class_lim10/train/4um/HFocusing_5_10_4um_0_1951.npy,4um,4um,-9.864303042192555,-4.774190577220134,-14.240779967695774,7.201315085928091,10,-10.0,median_snr_at_or_above_threshold,symlinked
train,HFocusing_5_10_4um_0_1957.npy,P0/data/dataset_particles2SNR_c1/train/4um/HFocusing_5_10_4um_0_1957.npy,P0/data/particles2SNR_4_class_lim10/train/4um/HFocusing_5_10_4um_0_1957.npy,4um,4um,-7.8999525284788366,-8.902477349735296,-18.90998981077392,6.027261018050115,11,-10.0,median_snr_at_or_above_threshold,symlinked
train,HFocusing_5_10_4um_0_1963.npy,P0/data/dataset_particles2SNR_c1/train/4um/HFocusing_5_10_4um_0_1963.npy,P0/data/particles2SNR_4_class_lim10/train/unclear/HFocusing_5_10_4um_0_1963.npy,4um,unclear,-12.982638378146468,-8.91003665903327,-16.920028672223403,6.969172253747699,13,-10.0,median_snr_below_threshold,symlinked
train,HFocusing_5_10_4um_0_1966.npy,P0/data/dataset_particles2SNR_c1/train/4um/HFocusing_5_10_4um_0_1966.npy,P0/data/particles2SNR_4_class_lim10/train/4um/HFocusing_5_10_4um_0_1966.npy,4um,4um,1.426017746743874,-0.05395821609744557,-13.360796187240878,4.837800869108272,7,-10.0,median_snr_at_or_above_threshold,symlinked
train,HFocusing_5_10_4um_0_1972.npy,P0/data/dataset_particles2SNR_c1/train/4um/HFocusing_5_10_4um_0_1972.npy,P0/data/particles2SNR_4_class_lim10/train/unclear/HFocusing_5_10_4um_0_1972.npy,4um,unclear,-13.374783766660254,-11.353753419329157,-20.828521693440866,3.295077532892552,12,-10.0,median_snr_below_threshold,symlinked
train,HFocusing_5_10_4um_0_1975.npy,P0/data/dataset_particles2SNR_c1/train/4um/HFocusing_5_10_4um_0_1975.npy,P0/data/particles2SNR_4_class_lim10/train/4um/HFocusing_5_10_4um_0_1975.npy,4um,4um,-3.4799217018545274,-4.33703041939522,-21.081094464501973,11.470925095137428,12,-10.0,median_snr_at_or_above_threshold,symlinked
train,HFocusing_5_10_4um_0_1978.npy,P0/data/dataset_particles2SNR_c1/train/4um/HFocusing_5_10_4um_0_1978.npy,P0/data/particles2SNR_4_class_lim10/train/unclear/HFocusing_5_10_4um_0_1978.npy,4um,unclear,-11.181039284786909,-10.586291761446793,-17.561270356238673,5.345717808812487,12,-10.0,median_snr_below_threshold,symlinked
train,HFocusing_5_10_4um_0_1981.npy,P0/data/dataset_particles2SNR_c1/train/4um/HFocusing_5_10_4um_0_1981.npy,P0/data/particles2SNR_4_class_lim10/train/unclear/HFocusing_5_10_4um_0_1981.npy,4um,unclear,-11.188986603366025,-9.084890115852472,-15.284692193974013,4.464340213387882,10,-10.0,median_snr_below_threshold,symlinked
train,HFocusing_5_10_4um_0_1984.npy,P0/data/dataset_particles2SNR_c1/train/4um/HFocusing_5_10_4um_0_1984.npy,P0/data/particles2SNR_4_class_lim10/train/4um/HFocusing_5_10_4um_0_1984.npy,4um,4um,-9.210326981123576,-4.679263521879855,-16.529689312119945,12.036005455949876,8,-10.0,median_snr_at_or_above_threshold,symlinked
train,HFocusing_5_10_4um_0_1987.npy,P0/data/dataset_particles2SNR_c1/train/4um/HFocusing_5_10_4um_0_1987.npy,P0/data/particles2SNR_4_class_lim10/train/unclear/HFocusing_5_10_4um_0_1987.npy,4um,unclear,-11.878475625260663,-9.961218199417603,-19.483691942385196,2.894837993093453,14,-10.0,median_snr_below_threshold,symlinked
train,HFocusing_5_10_4um_0_199.npy,P0/data/dataset_particles2SNR_c1/train/4um/HFocusing_5_10_4um_0_199.npy,P0/data/particles2SNR_4_class_lim10/train/unclear/HFocusing_5_10_4um_0_199.npy,4um,unclear,-11.259144943606605,-8.849561530162385,-15.786621012657314,4.662672753980375,10,-10.0,median_snr_below_threshold,symlinked
train,HFocusing_5_10_4um_0_1990.npy,P0/data/dataset_particles2SNR_c1/train/4um/HFocusing_5_10_4um_0_1990.npy,P0/data/particles2SNR_4_class_lim10/train/unclear/HFocusing_5_10_4um_0_1990.npy,4um,unclear,-10.429429178964384,-7.906662716089321,-13.033992316178232,2.1689871248005272,8,-10.0,median_snr_below_threshold,symlinked
train,HFocusing_5_10_4um_0_1991.npy,P0/data/dataset_particles2SNR_c1/train/4um/HFocusing_5_10_4um_0_1991.npy,P0/data/particles2SNR_4_class_lim10/train/unclear/HFocusing_5_10_4um_0_1991.npy,4um,unclear,-13.17405266204424,-7.341842374377832,-14.58169187983588,4.758605615071367,10,-10.0,median_snr_below_threshold,symlinked
train,HFocusing_5_10_4um_0_1994.npy,P0/data/dataset_particles2SNR_c1/train/4um/HFocusing_5_10_4um_0_1994.npy,P0/data/particles2SNR_4_class_lim10/train/unclear/HFocusing_5_10_4um_0_1994.npy,4um,unclear,-13.727372914356192,-12.565588214404604,-17.464387626236945,3.9040197339479974,15,-10.0,median_snr_below_threshold,symlinked
train,HFocusing_5_10_4um_0_1997.npy,P0/data/dataset_particles2SNR_c1/train/4um/HFocusing_5_10_4um_0_1997.npy,P0/data/particles2SNR_4_class_lim10/train/unclear/HFocusing_5_10_4um_0_1997.npy,4um,unclear,-13.58155306021287,-9.934549012760373,-18.936802705138753,7.236194732944846,14,-10.0,median_snr_below_threshold,symlinked
train,HFocusing_5_10_4um_0_20.npy,P0/data/dataset_particles2SNR_c1/train/4um/HFocusing_5_10_4um_0_20.npy,P0/data/particles2SNR_4_class_lim10/train/unclear/HFocusing_5_10_4um_0_20.npy,4um,unclear,-13.062913250256523,-10.31448182593406,-15.261928386139974,6.47403234527141,8,-10.0,median_snr_below_threshold,symlinked
train,HFocusing_5_10_4um_0_2003.npy,P0/data/dataset_particles2SNR_c1/train/4um/HFocusing_5_10_4um_0_2003.npy,P0/data/particles2SNR_4_class_lim10/train/4um/HFocusing_5_10_4um_0_2003.npy,4um,4um,-1.0678782714308626,-3.487530005911711,-16.709919492522687,5.777872500955877,11,-10.0,median_snr_at_or_above_threshold,symlinked
train,HFocusing_5_10_4um_0_2006.npy,P0/data/dataset_particles2SNR_c1/train/4um/HFocusing_5_10_4um_0_2006.npy,P0/data/particles2SNR_4_class_lim10/train/unclear/HFocusing_5_10_4um_0_2006.npy,4um,unclear,-10.269478846579718,-8.37816344134038,-19.569934470245446,10.232626197468914,8,-10.0,median_snr_below_threshold,symlinked
train,HFocusing_5_10_4um_0_2009.npy,P0/data/dataset_particles2SNR_c1/train/4um/HFocusing_5_10_4um_0_2009.npy,P0/data/particles2SNR_4_class_lim10/train/4um/HFocusing_5_10_4um_0_2009.npy,4um,4um,0.9621652895502348,-1.677465313185559,-16.20018163748265,8.287072097273889,12,-10.0,median_snr_at_or_above_threshold,symlinked
train,HFocusing_5_10_4um_0_202.npy,P0/data/dataset_particles2SNR_c1/train/4um/HFocusing_5_10_4um_0_202.npy,P0/data/particles2SNR_4_class_lim10/train/unclear/HFocusing_5_10_4um_0_202.npy,4um,unclear,-12.328280023292319,-8.965360889908931,-18.669987013842345,8.618691153119704,10,-10.0,median_snr_below_threshold,symlinked
train,HFocusing_5_10_4um_0_2021.npy,P0/data/dataset_particles2SNR_c1/train/4um/HFocusing_5_10_4um_0_2021.npy,P0/data/particles2SNR_4_class_lim10/train/4um/HFocusing_5_10_4um_0_2021.npy,4um,4um,-3.0784535092298544,-5.488945603394624,-20.931844551642833,8.9942178493714,9,-10.0,median_snr_at_or_above_threshold,symlinked
train,HFocusing_5_10_4um_0_2024.npy,P0/data/dataset_particles2SNR_c1/train/4um/HFocusing_5_10_4um_0_2024.npy,P0/data/particles2SNR_4_class_lim10/train/unclear/HFocusing_5_10_4um_0_2024.npy,4um,unclear,-11.457536381071026,-7.208300250656357,-13.319803203460555,12.376625934377934,12,-10.0,median_snr_below_threshold,symlinked
train,HFocusing_5_10_4um_0_2027.npy,P0/data/dataset_particles2SNR_c1/train/4um/HFocusing_5_10_4um_0_2027.npy,P0/data/particles2SNR_4_class_lim10/train/unclear/HFocusing_5_10_4um_0_2027.npy,4um,unclear,-11.480516314511338,-7.863579157948379,-18.826554727187677,6.860780889089046,14,-10.0,median_snr_below_threshold,symlinked
train,HFocusing_5_10_4um_0_2030.npy,P0/data/dataset_particles2SNR_c1/train/4um/HFocusing_5_10_4um_0_2030.npy,P0/data/particles2SNR_4_class_lim10/train/unclear/HFocusing_5_10_4um_0_2030.npy,4um,unclear,-14.24416108835862,-13.027753876196194,-20.59986893804887,2.6214231079720745,18,-10.0,median_snr_below_threshold,symlinked
train,HFocusing_5_10_4um_0_2033.npy,P0/data/dataset_particles2SNR_c1/train/4um/HFocusing_5_10_4um_0_2033.npy,P0/data/particles2SNR_4_class_lim10/train/4um/HFocusing_5_10_4um_0_2033.npy,4um,4um,-8.778223708158421,-5.878322856056787,-15.118763076952252,6.887894853236418,9,-10.0,median_snr_at_or_above_threshold,symlinked
train,HFocusing_5_10_4um_0_2036.npy,P0/data/dataset_particles2SNR_c1/train/4um/HFocusing_5_10_4um_0_2036.npy,P0/data/particles2SNR_4_class_lim10/train/4um/HFocusing_5_10_4um_0_2036.npy,4um,4um,-4.008144817985114,-4.651059078146822,-13.828751699135541,4.723692345737431,8,-10.0,median_snr_at_or_above_threshold,symlinked
train,HFocusing_5_10_4um_0_2039.npy,P0/data/dataset_particles2SNR_c1/train/4um/HFocusing_5_10_4um_0_2039.npy,P0/data/particles2SNR_4_class_lim10/train/4um/HFocusing_5_10_4um_0_2039.npy,4um,4um,1.6960121598468503,-1.3820000107686645,-15.408718727150214,9.261029393126659,10,-10.0,median_snr_at_or_above_threshold,symlinked
train,HFocusing_5_10_4um_0_2042.npy,P0/data/dataset_particles2SNR_c1/train/4um/HFocusing_5_10_4um_0_2042.npy,P0/data/particles2SNR_4_class_lim10/train/4um/HFocusing_5_10_4um_0_2042.npy,4um,4um,2.5990427328835226,3.276139871784034,-7.699423188890744,12.934232850084232,6,-10.0,median_snr_at_or_above_threshold,symlinked
train,HFocusing_5_10_4um_0_2045.npy,P0/data/dataset_particles2SNR_c1/train/4um/HFocusing_5_10_4um_0_2045.npy,P0/data/particles2SNR_4_class_lim10/train/unclear/HFocusing_5_10_4um_0_2045.npy,4um,unclear,-11.687191289996928,-8.774727710627952,-15.019880212523029,9.268801155035026,6,-10.0,median_snr_below_threshold,symlinked
train,HFocusing_5_10_4um_0_2048.npy,P0/data/dataset_particles2SNR_c1/train/4um/HFocusing_5_10_4um_0_2048.npy,P0/data/particles2SNR_4_class_lim10/train/unclear/HFocusing_5_10_4um_0_2048.npy,4um,unclear,-12.685791701692795,-13.598106637316983,-20.158142364135752,-9.873801980476122,7,-10.0,median_snr_below_threshold,symlinked
train,HFocusing_5_10_4um_0_2049.npy,P0/data/dataset_particles2SNR_c1/train/4um/HFocusing_5_10_4um_0_2049.npy,P0/data/particles2SNR_4_class_lim10/train/4um/HFocusing_5_10_4um_0_2049.npy,4um,4um,0.01908890858560637,-2.188881305673739,-15.358350991908603,10.552653827802242,15,-10.0,median_snr_at_or_above_threshold,symlinked
train,HFocusing_5_10_4um_0_205.npy,P0/data/dataset_particles2SNR_c1/train/4um/HFocusing_5_10_4um_0_205.npy,P0/data/particles2SNR_4_class_lim10/train/4um/HFocusing_5_10_4um_0_205.npy,4um,4um,-7.34128677629278,-7.191873132103073,-19.200397268639225,14.613952981477373,9,-10.0,median_snr_at_or_above_threshold,symlinked
train,HFocusing_5_10_4um_0_2052.npy,P0/data/dataset_particles2SNR_c1/train/4um/HFocusing_5_10_4um_0_2052.npy,P0/data/particles2SNR_4_class_lim10/train/4um/HFocusing_5_10_4um_0_2052.npy,4um,4um,-9.456978325050581,-7.1962023291734045,-13.952189401633966,12.98873710574506,8,-10.0,median_snr_at_or_above_threshold,symlinked
train,HFocusing_5_10_4um_0_2055.npy,P0/data/dataset_particles2SNR_c1/train/4um/HFocusing_5_10_4um_0_2055.npy,P0/data/particles2SNR_4_class_lim10/train/unclear/HFocusing_5_10_4um_0_2055.npy,4um,unclear,-11.63967044764535,-7.633806096396722,-14.465403132593133,9.816624102535503,11,-10.0,median_snr_below_threshold,symlinked
train,HFocusing_5_10_4um_0_208.npy,P0/data/dataset_particles2SNR_c1/train/4um/HFocusing_5_10_4um_0_208.npy,P0/data/particles2SNR_4_class_lim10/train/unclear/HFocusing_5_10_4um_0_208.npy,4um,unclear,-13.557453633329766,-13.104441592457928,-17.111303479611635,-7.577311895606896,9,-10.0,median_snr_below_threshold,symlinked
train,HFocusing_5_10_4um_0_209.npy,P0/data/dataset_particles2SNR_c1/train/4um/HFocusing_5_10_4um_0_209.npy,P0/data/particles2SNR_4_class_lim10/train/4um/HFocusing_5_10_4um_0_209.npy,4um,4um,0.20783570666208773,-3.8645767183441633,-16.977765655280518,6.641192595270292,10,-10.0,median_snr_at_or_above_threshold,symlinked
train,HFocusing_5_10_4um_0_212.npy,P0/data/dataset_particles2SNR_c1/train/4um/HFocusing_5_10_4um_0_212.npy,P0/data/particles2SNR_4_class_lim10/train/4um/HFocusing_5_10_4um_0_212.npy,4um,4um,-8.87672264254429,-6.529898905244468,-16.59909234374028,5.314056574307152,10,-10.0,median_snr_at_or_above_threshold,symlinked
train,HFocusing_5_10_4um_0_215.npy,P0/data/dataset_particles2SNR_c1/train/4um/HFocusing_5_10_4um_0_215.npy,P0/data/particles2SNR_4_class_lim10/train/unclear/HFocusing_5_10_4um_0_215.npy,4um,unclear,-14.440845486234803,-11.892857959942933,-16.918524644038694,7.932882764656336,9,-10.0,median_snr_below_threshold,symlinked
train,HFocusing_5_10_4um_0_218.npy,P0/data/dataset_particles2SNR_c1/train/4um/HFocusing_5_10_4um_0_218.npy,P0/data/particles2SNR_4_class_lim10/train/unclear/HFocusing_5_10_4um_0_218.npy,4um,unclear,-13.220401059747681,-13.050806788378392,-17.03168273976425,-9.473402658567494,15,-10.0,median_snr_below_threshold,symlinked
train,HFocusing_5_10_4um_0_219.npy,P0/data/dataset_particles2SNR_c1/train/4um/HFocusing_5_10_4um_0_219.npy,P0/data/particles2SNR_4_class_lim10/train/unclear/HFocusing_5_10_4um_0_219.npy,4um,unclear,-11.840702538714375,-8.1635370564678,-19.915712391945917,12.831367325198304,13,-10.0,median_snr_below_threshold,symlinked
train,HFocusing_5_10_4um_0_222.npy,P0/data/dataset_particles2SNR_c1/train/4um/HFocusing_5_10_4um_0_222.npy,P0/data/particles2SNR_4_class_lim10/train/unclear/HFocusing_5_10_4um_0_222.npy,4um,unclear,-13.389173921761417,-11.149241467334043,-16.803217734888214,0.9540330941439773,11,-10.0,median_snr_below_threshold,symlinked
train,HFocusing_5_10_4um_0_223.npy,P0/data/dataset_particles2SNR_c1/train/4um/HFocusing_5_10_4um_0_223.npy,P0/data/particles2SNR_4_class_lim10/train/unclear/HFocusing_5_10_4um_0_223.npy,4um,unclear,-12.587792660158875,-10.183114185507142,-15.612592809028092,5.601808997468757,17,-10.0,median_snr_below_threshold,symlinked
train,HFocusing_5_10_4um_0_226.npy,P0/data/dataset_particles2SNR_c1/train/4um/HFocusing_5_10_4um_0_226.npy,P0/data/particles2SNR_4_class_lim10/train/unclear/HFocusing_5_10_4um_0_226.npy,4um,unclear,-10.327962503583397,-6.661115675198104,-11.398937039474127,5.410399345848504,4,-10.0,median_snr_below_threshold,symlinked
train,HFocusing_5_10_4um_0_229.npy,P0/data/dataset_particles2SNR_c1/train/4um/HFocusing_5_10_4um_0_229.npy,P0/data/particles2SNR_4_class_lim10/train/4um/HFocusing_5_10_4um_0_229.npy,4um,4um,-9.793402542903106,-5.137928042074358,-16.673671999264354,8.794564215220813,9,-10.0,median_snr_at_or_above_threshold,symlinked
train,HFocusing_5_10_4um_0_23.npy,P0/data/dataset_particles2SNR_c1/train/4um/HFocusing_5_10_4um_0_23.npy,P0/data/particles2SNR_4_class_lim10/train/unclear/HFocusing_5_10_4um_0_23.npy,4um,unclear,-14.375253015322695,-13.94499373962304,-19.440694302969334,-7.585020140282398,10,-10.0,median_snr_below_threshold,symlinked
train,HFocusing_5_10_4um_0_231.npy,P0/data/dataset_particles2SNR_c1/train/4um/HFocusing_5_10_4um_0_231.npy,P0/data/particles2SNR_4_class_lim10/train/unclear/HFocusing_5_10_4um_0_231.npy,4um,unclear,-10.109275202685218,-4.095665057978057,-19.823289254773123,10.24064176894578,11,-10.0,median_snr_below_threshold,symlinked
train,HFocusing_5_10_4um_0_234.npy,P0/data/dataset_particles2SNR_c1/train/4um/HFocusing_5_10_4um_0_234.npy,P0/data/particles2SNR_4_class_lim10/train/unclear/HFocusing_5_10_4um_0_234.npy,4um,unclear,-10.12850199467589,-6.121339819065924,-17.903777857371182,6.472610681751641,11,-10.0,median_snr_below_threshold,symlinked
train,HFocusing_5_10_4um_0_236.npy,P0/data/dataset_particles2SNR_c1/train/4um/HFocusing_5_10_4um_0_236.npy,P0/data/particles2SNR_4_class_lim10/train/unclear/HFocusing_5_10_4um_0_236.npy,4um,unclear,-11.784583164105813,-12.537299504020291,-17.596256895515317,2.669155910878753,17,-10.0,median_snr_below_threshold,symlinked
train,HFocusing_5_10_4um_0_239.npy,P0/data/dataset_particles2SNR_c1/train/4um/HFocusing_5_10_4um_0_239.npy,P0/data/particles2SNR_4_class_lim10/train/unclear/HFocusing_5_10_4um_0_239.npy,4um,unclear,-10.161595513421293,-5.38887763773872,-15.482719220777131,11.645216628920107,9,-10.0,median_snr_below_threshold,symlinked
train,HFocusing_5_10_4um_0_242.npy,P0/data/dataset_particles2SNR_c1/train/4um/HFocusing_5_10_4um_0_242.npy,P0/data/particles2SNR_4_class_lim10/train/unclear/HFocusing_5_10_4um_0_242.npy,4um,unclear,-12.732267948631197,-11.694150669795787,-16.406449734721797,4.61133870659304,12,-10.0,median_snr_below_threshold,symlinked
train,HFocusing_5_10_4um_0_245.npy,P0/data/dataset_particles2SNR_c1/train/4um/HFocusing_5_10_4um_0_245.npy,P0/data/particles2SNR_4_class_lim10/train/4um/HFocusing_5_10_4um_0_245.npy,4um,4um,-0.3418094996876373,-2.6419363885906813,-17.665361747007204,7.886821923101335,9,-10.0,median_snr_at_or_above_threshold,symlinked
train,HFocusing_5_10_4um_0_247.npy,P0/data/dataset_particles2SNR_c1/train/4um/HFocusing_5_10_4um_0_247.npy,P0/data/particles2SNR_4_class_lim10/train/unclear/HFocusing_5_10_4um_0_247.npy,4um,unclear,-11.884320798844776,-7.84956975156509,-15.319995520660578,4.694591016134881,10,-10.0,median_snr_below_threshold,symlinked
train,HFocusing_5_10_4um_0_250.npy,P0/data/dataset_particles2SNR_c1/train/4um/HFocusing_5_10_4um_0_250.npy,P0/data/particles2SNR_4_class_lim10/train/unclear/HFocusing_5_10_4um_0_250.npy,4um,unclear,-12.132036415716673,-9.340831105831588,-14.982643936622484,4.326904467344097,11,-10.0,median_snr_below_threshold,symlinked
train,HFocusing_5_10_4um_0_252.npy,P0/data/dataset_particles2SNR_c1/train/4um/HFocusing_5_10_4um_0_252.npy,P0/data/particles2SNR_4_class_lim10/train/4um/HFocusing_5_10_4um_0_252.npy,4um,4um,3.352789133234649,-0.3225879559937659,-14.042490168288225,10.854295570097163,6,-10.0,median_snr_at_or_above_threshold,symlinked
train,HFocusing_5_10_4um_0_255.npy,P0/data/dataset_particles2SNR_c1/train/4um/HFocusing_5_10_4um_0_255.npy,P0/data/particles2SNR_4_class_lim10/train/unclear/HFocusing_5_10_4um_0_255.npy,4um,unclear,-13.015637126628942,-9.05082607743092,-19.94148771634432,5.29594917989633,11,-10.0,median_snr_below_threshold,symlinked
train,HFocusing_5_10_4um_0_258.npy,P0/data/dataset_particles2SNR_c1/train/4um/HFocusing_5_10_4um_0_258.npy,P0/data/particles2SNR_4_class_lim10/train/unclear/HFocusing_5_10_4um_0_258.npy,4um,unclear,-13.626592969044083,-8.984580078018162,-21.344621593027373,7.745398209326428,14,-10.0,median_snr_below_threshold,symlinked
train,HFocusing_5_10_4um_0_261.npy,P0/data/dataset_particles2SNR_c1/train/4um/HFocusing_5_10_4um_0_261.npy,P0/data/particles2SNR_4_class_lim10/train/4um/HFocusing_5_10_4um_0_261.npy,4um,4um,-4.275830955549246,-4.6797796922802215,-16.690433225388574,5.956292266780938,6,-10.0,median_snr_at_or_above_threshold,symlinked
train,HFocusing_5_10_4um_0_264.npy,P0/data/dataset_particles2SNR_c1/train/4um/HFocusing_5_10_4um_0_264.npy,P0/data/particles2SNR_4_class_lim10/train/4um/HFocusing_5_10_4um_0_264.npy,4um,4um,-1.1033285215164748,-2.5264911383894786,-13.890867959590603,7.548684832893722,11,-10.0,median_snr_at_or_above_threshold,symlinked
train,HFocusing_5_10_4um_0_267.npy,P0/data/dataset_particles2SNR_c1/train/4um/HFocusing_5_10_4um_0_267.npy,P0/data/particles2SNR_4_class_lim10/train/unclear/HFocusing_5_10_4um_0_267.npy,4um,unclear,-12.450354137081543,-10.863609018722924,-23.685103908392264,3.646409108810663,11,-10.0,median_snr_below_threshold,symlinked
train,HFocusing_5_10_4um_0_27.npy,P0/data/dataset_particles2SNR_c1/train/4um/HFocusing_5_10_4um_0_27.npy,P0/data/particles2SNR_4_class_lim10/train/unclear/HFocusing_5_10_4um_0_27.npy,4um,unclear,-11.782646669441144,-13.320929130484043,-17.602163541550084,-9.285878477948087,13,-10.0,median_snr_below_threshold,symlinked
train,HFocusing_5_10_4um_0_270.npy,P0/data/dataset_particles2SNR_c1/train/4um/HFocusing_5_10_4um_0_270.npy,P0/data/particles2SNR_4_class_lim10/train/unclear/HFocusing_5_10_4um_0_270.npy,4um,unclear,-12.966551353446327,-11.47496538088447,-21.36941948726651,1.8215976096944542,16,-10.0,median_snr_below_threshold,symlinked
train,HFocusing_5_10_4um_0_271.npy,P0/data/dataset_particles2SNR_c1/train/4um/HFocusing_5_10_4um_0_271.npy,P0/data/particles2SNR_4_class_lim10/train/unclear/HFocusing_5_10_4um_0_271.npy,4um,unclear,-12.496510048424348,-7.589202487611256,-15.193209923554193,7.344872301677845,9,-10.0,median_snr_below_threshold,symlinked
train,HFocusing_5_10_4um_0_273.npy,P0/data/dataset_particles2SNR_c1/train/4um/HFocusing_5_10_4um_0_273.npy,P0/data/particles2SNR_4_class_lim10/train/4um/HFocusing_5_10_4um_0_273.npy,4um,4um,-3.1086158524112446,-4.643022402554384,-15.556503968607487,3.8819091235048466,8,-10.0,median_snr_at_or_above_threshold,symlinked
train,HFocusing_5_10_4um_0_276.npy,P0/data/dataset_particles2SNR_c1/train/4um/HFocusing_5_10_4um_0_276.npy,P0/data/particles2SNR_4_class_lim10/train/4um/HFocusing_5_10_4um_0_276.npy,4um,4um,-1.1947611052006508,-4.4103843458456495,-17.30409537583904,6.819045607383107,10,-10.0,median_snr_at_or_above_threshold,symlinked
train,HFocusing_5_10_4um_0_279.npy,P0/data/dataset_particles2SNR_c1/train/4um/HFocusing_5_10_4um_0_279.npy,P0/data/particles2SNR_4_class_lim10/train/4um/HFocusing_5_10_4um_0_279.npy,4um,4um,-7.692183126585492,-6.152592367997167,-15.27950252264696,10.981351825420358,11,-10.0,median_snr_at_or_above_threshold,symlinked
train,HFocusing_5_10_4um_0_28.npy,P0/data/dataset_particles2SNR_c1/train/4um/HFocusing_5_10_4um_0_28.npy,P0/data/particles2SNR_4_class_lim10/train/4um/HFocusing_5_10_4um_0_28.npy,4um,4um,-9.309783084996575,-6.288380694990776,-11.507019721354126,12.603129539940827,8,-10.0,median_snr_at_or_above_threshold,symlinked
train,HFocusing_5_10_4um_0_283.npy,P0/data/dataset_particles2SNR_c1/train/4um/HFocusing_5_10_4um_0_283.npy,P0/data/particles2SNR_4_class_lim10/train/unclear/HFocusing_5_10_4um_0_283.npy,4um,unclear,-12.583047326478729,-9.51809986608875,-16.074332942663435,4.286383150090872,12,-10.0,median_snr_below_threshold,symlinked
train,HFocusing_5_10_4um_0_286.npy,P0/data/dataset_particles2SNR_c1/train/4um/HFocusing_5_10_4um_0_286.npy,P0/data/particles2SNR_4_class_lim10/train/unclear/HFocusing_5_10_4um_0_286.npy,4um,unclear,-11.900805409740691,-10.157401973844454,-16.258779038808267,6.807705109900587,9,-10.0,median_snr_below_threshold,symlinked
train,HFocusing_5_10_4um_0_289.npy,P0/data/dataset_particles2SNR_c1/train/4um/HFocusing_5_10_4um_0_289.npy,P0/data/particles2SNR_4_class_lim10/train/unclear/HFocusing_5_10_4um_0_289.npy,4um,unclear,-12.142204189199475,-11.753241202917206,-18.513041453928288,8.405171350031026,14,-10.0,median_snr_below_threshold,symlinked
train,HFocusing_5_10_4um_0_295.npy,P0/data/dataset_particles2SNR_c1/train/4um/HFocusing_5_10_4um_0_295.npy,P0/data/particles2SNR_4_class_lim10/train/unclear/HFocusing_5_10_4um_0_295.npy,4um,unclear,-11.741887144533482,-7.504853351388072,-17.660296731755743,7.632012009634423,13,-10.0,median_snr_below_threshold,symlinked
train,HFocusing_5_10_4um_0_30.npy,P0/data/dataset_particles2SNR_c1/train/4um/HFocusing_5_10_4um_0_30.npy,P0/data/particles2SNR_4_class_lim10/train/unclear/HFocusing_5_10_4um_0_30.npy,4um,unclear,-13.140791296890047,-13.447053223765549,-17.97860208311393,-10.513594894185772,8,-10.0,median_snr_below_threshold,symlinked
train,HFocusing_5_10_4um_0_302.npy,P0/data/dataset_particles2SNR_c1/train/4um/HFocusing_5_10_4um_0_302.npy,P0/data/particles2SNR_4_class_lim10/train/unclear/HFocusing_5_10_4um_0_302.npy,4um,unclear,-13.238112987220077,-10.033847222863551,-22.39939151081795,8.661193205167375,16,-10.0,median_snr_below_threshold,symlinked
train,HFocusing_5_10_4um_0_305.npy,P0/data/dataset_particles2SNR_c1/train/4um/HFocusing_5_10_4um_0_305.npy,P0/data/particles2SNR_4_class_lim10/train/unclear/HFocusing_5_10_4um_0_305.npy,4um,unclear,-10.200544136303211,-8.542732823954516,-12.881651847030803,-0.8881911761808398,4,-10.0,median_snr_below_threshold,symlinked
train,HFocusing_5_10_4um_0_308.npy,P0/data/dataset_particles2SNR_c1/train/4um/HFocusing_5_10_4um_0_308.npy,P0/data/particles2SNR_4_class_lim10/train/unclear/HFocusing_5_10_4um_0_308.npy,4um,unclear,-14.076240366980027,-12.108134372562418,-16.274361620216034,2.41636930660209,8,-10.0,median_snr_below_threshold,symlinked
train,HFocusing_5_10_4um_0_31.npy,P0/data/dataset_particles2SNR_c1/train/4um/HFocusing_5_10_4um_0_31.npy,P0/data/particles2SNR_4_class_lim10/train/unclear/HFocusing_5_10_4um_0_31.npy,4um,unclear,-12.896618928101283,-11.472802975208237,-16.031515403861746,4.232634695855137,13,-10.0,median_snr_below_threshold,symlinked
train,HFocusing_5_10_4um_0_311.npy,P0/data/dataset_particles2SNR_c1/train/4um/HFocusing_5_10_4um_0_311.npy,P0/data/particles2SNR_4_class_lim10/train/4um/HFocusing_5_10_4um_0_311.npy,4um,4um,-9.5469348202674,-5.343998451410125,-17.08306786351615,15.461245539398815,12,-10.0,median_snr_at_or_above_threshold,symlinked
train,HFocusing_5_10_4um_0_314.npy,P0/data/dataset_particles2SNR_c1/train/4um/HFocusing_5_10_4um_0_314.npy,P0/data/particles2SNR_4_class_lim10/train/unclear/HFocusing_5_10_4um_0_314.npy,4um,unclear,-11.49592371433847,-8.865968130598086,-14.271496772576114,12.246936069351246,13,-10.0,median_snr_below_threshold,symlinked
train,HFocusing_5_10_4um_0_317.npy,P0/data/dataset_particles2SNR_c1/train/4um/HFocusing_5_10_4um_0_317.npy,P0/data/particles2SNR_4_class_lim10/train/unclear/HFocusing_5_10_4um_0_317.npy,4um,unclear,-12.847779833397938,-11.660002113871323,-16.555645821052916,2.1692324416801068,13,-10.0,median_snr_below_threshold,symlinked
train,HFocusing_5_10_4um_0_320.npy,P0/data/dataset_particles2SNR_c1/train/4um/HFocusing_5_10_4um_0_320.npy,P0/data/particles2SNR_4_class_lim10/train/unclear/HFocusing_5_10_4um_0_320.npy,4um,unclear,-13.424540311649562,-12.652092165233256,-19.469792611361125,2.3216786214754017,12,-10.0,median_snr_below_threshold,symlinked
train,HFocusing_5_10_4um_0_323.npy,P0/data/dataset_particles2SNR_c1/train/4um/HFocusing_5_10_4um_0_323.npy,P0/data/particles2SNR_4_class_lim10/train/unclear/HFocusing_5_10_4um_0_323.npy,4um,unclear,-14.467598332074573,-11.73112249685116,-17.349680137236305,3.560465065648664,13,-10.0,median_snr_below_threshold,symlinked
train,HFocusing_5_10_4um_0_329.npy,P0/data/dataset_particles2SNR_c1/train/4um/HFocusing_5_10_4um_0_329.npy,P0/data/particles2SNR_4_class_lim10/train/unclear/HFocusing_5_10_4um_0_329.npy,4um,unclear,-11.959276236724413,-9.796423638544981,-21.48487659262786,10.720170427648625,12,-10.0,median_snr_below_threshold,symlinked
train,HFocusing_5_10_4um_0_332.npy,P0/data/dataset_particles2SNR_c1/train/4um/HFocusing_5_10_4um_0_332.npy,P0/data/particles2SNR_4_class_lim10/train/unclear/HFocusing_5_10_4um_0_332.npy,4um,unclear,-12.016477266575977,-9.647783975426618,-16.23160713143555,2.469251927339763,11,-10.0,median_snr_below_threshold,symlinked
train,HFocusing_5_10_4um_0_336.npy,P0/data/dataset_particles2SNR_c1/train/4um/HFocusing_5_10_4um_0_336.npy,P0/data/particles2SNR_4_class_lim10/train/unclear/HFocusing_5_10_4um_0_336.npy,4um,unclear,-10.641646868283736,-9.44082024465648,-15.316357173240068,3.9517118515421297,7,-10.0,median_snr_below_threshold,symlinked
train,HFocusing_5_10_4um_0_339.npy,P0/data/dataset_particles2SNR_c1/train/4um/HFocusing_5_10_4um_0_339.npy,P0/data/particles2SNR_4_class_lim10/train/4um/HFocusing_5_10_4um_0_339.npy,4um,4um,-6.741445409469589,-5.50873526118565,-17.11919048700072,4.290666328861174,8,-10.0,median_snr_at_or_above_threshold,symlinked
train,HFocusing_5_10_4um_0_342.npy,P0/data/dataset_particles2SNR_c1/train/4um/HFocusing_5_10_4um_0_342.npy,P0/data/particles2SNR_4_class_lim10/train/unclear/HFocusing_5_10_4um_0_342.npy,4um,unclear,-13.062509601183013,-9.847232737020684,-16.639316900780496,4.031190422737335,9,-10.0,median_snr_below_threshold,symlinked
train,HFocusing_5_10_4um_0_347.npy,P0/data/dataset_particles2SNR_c1/train/4um/HFocusing_5_10_4um_0_347.npy,P0/data/particles2SNR_4_class_lim10/train/unclear/HFocusing_5_10_4um_0_347.npy,4um,unclear,-11.726084568987666,-9.374179587374746,-16.498698418629754,4.294576923959553,10,-10.0,median_snr_below_threshold,symlinked
train,HFocusing_5_10_4um_0_353.npy,P0/data/dataset_particles2SNR_c1/train/4um/HFocusing_5_10_4um_0_353.npy,P0/data/particles2SNR_4_class_lim10/train/unclear/HFocusing_5_10_4um_0_353.npy,4um,unclear,-13.397691494439147,-11.6174109034839,-22.040329343492946,12.644889291719544,16,-10.0,median_snr_below_threshold,symlinked
train,HFocusing_5_10_4um_0_359.npy,P0/data/dataset_particles2SNR_c1/train/4um/HFocusing_5_10_4um_0_359.npy,P0/data/particles2SNR_4_class_lim10/train/unclear/HFocusing_5_10_4um_0_359.npy,4um,unclear,-10.805879864252246,-7.452332105395905,-18.587517502305555,6.40581796048086,9,-10.0,median_snr_below_threshold,symlinked
train,HFocusing_5_10_4um_0_364.npy,P0/data/dataset_particles2SNR_c1/train/4um/HFocusing_5_10_4um_0_364.npy,P0/data/particles2SNR_4_class_lim10/train/unclear/HFocusing_5_10_4um_0_364.npy,4um,unclear,-10.432673425638637,-7.636975854751843,-17.11133712916586,5.656160727153685,9,-10.0,median_snr_below_threshold,symlinked
train,HFocusing_5_10_4um_0_367.npy,P0/data/dataset_particles2SNR_c1/train/4um/HFocusing_5_10_4um_0_367.npy,P0/data/particles2SNR_4_class_lim10/train/unclear/HFocusing_5_10_4um_0_367.npy,4um,unclear,-11.994282965757176,-7.120711148024116,-17.98611232359208,15.246305565689894,9,-10.0,median_snr_below_threshold,symlinked
train,HFocusing_5_10_4um_0_370.npy,P0/data/dataset_particles2SNR_c1/train/4um/HFocusing_5_10_4um_0_370.npy,P0/data/particles2SNR_4_class_lim10/train/unclear/HFocusing_5_10_4um_0_370.npy,4um,unclear,-12.467099582708643,-8.634067808116335,-13.950700582371047,13.843818979731445,15,-10.0,median_snr_below_threshold,symlinked
train,HFocusing_5_10_4um_0_373.npy,P0/data/dataset_particles2SNR_c1/train/4um/HFocusing_5_10_4um_0_373.npy,P0/data/particles2SNR_4_class_lim10/train/unclear/HFocusing_5_10_4um_0_373.npy,4um,unclear,-11.751355157262541,-8.049855765506354,-16.705702863036574,5.583150278820524,8,-10.0,median_snr_below_threshold,symlinked
train,HFocusing_5_10_4um_0_376.npy,P0/data/dataset_particles2SNR_c1/train/4um/HFocusing_5_10_4um_0_376.npy,P0/data/particles2SNR_4_class_lim10/train/unclear/HFocusing_5_10_4um_0_376.npy,4um,unclear,-11.586543335321501,-7.384623463199493,-17.140553810461007,6.413109902545054,13,-10.0,median_snr_below_threshold,symlinked
train,HFocusing_5_10_4um_0_378.npy,P0/data/dataset_particles2SNR_c1/train/4um/HFocusing_5_10_4um_0_378.npy,P0/data/particles2SNR_4_class_lim10/train/unclear/HFocusing_5_10_4um_0_378.npy,4um,unclear,-13.306553818686591,-12.298969791160989,-18.219285540681447,2.2984041737273286,15,-10.0,median_snr_below_threshold,symlinked
train,HFocusing_5_10_4um_0_38.npy,P0/data/dataset_particles2SNR_c1/train/4um/HFocusing_5_10_4um_0_38.npy,P0/data/particles2SNR_4_class_lim10/train/unclear/HFocusing_5_10_4um_0_38.npy,4um,unclear,-15.124954234266363,-13.677595668108312,-18.17762753611563,2.7877522051958876,13,-10.0,median_snr_below_threshold,symlinked
train,HFocusing_5_10_4um_0_381.npy,P0/data/dataset_particles2SNR_c1/train/4um/HFocusing_5_10_4um_0_381.npy,P0/data/particles2SNR_4_class_lim10/train/4um/HFocusing_5_10_4um_0_381.npy,4um,4um,-9.434109349934946,-7.434960004814784,-16.94157188111629,4.570179948279839,11,-10.0,median_snr_at_or_above_threshold,symlinked
train,HFocusing_5_10_4um_0_384.npy,P0/data/dataset_particles2SNR_c1/train/4um/HFocusing_5_10_4um_0_384.npy,P0/data/particles2SNR_4_class_lim10/train/unclear/HFocusing_5_10_4um_0_384.npy,4um,unclear,-10.200558405659185,-7.543467808906533,-16.196306020780792,12.859255764309294,11,-10.0,median_snr_below_threshold,symlinked
train,HFocusing_5_10_4um_0_387.npy,P0/data/dataset_particles2SNR_c1/train/4um/HFocusing_5_10_4um_0_387.npy,P0/data/particles2SNR_4_class_lim10/train/unclear/HFocusing_5_10_4um_0_387.npy,4um,unclear,-11.631471293436238,-8.694414804541367,-18.297930924962536,12.176157942739962,10,-10.0,median_snr_below_threshold,symlinked
train,HFocusing_5_10_4um_0_390.npy,P0/data/dataset_particles2SNR_c1/train/4um/HFocusing_5_10_4um_0_390.npy,P0/data/particles2SNR_4_class_lim10/train/4um/HFocusing_5_10_4um_0_390.npy,4um,4um,-8.018082429061014,-6.083744545750808,-16.165257999976397,7.360450129688941,10,-10.0,median_snr_at_or_above_threshold,symlinked
train,HFocusing_5_10_4um_0_396.npy,P0/data/dataset_particles2SNR_c1/train/4um/HFocusing_5_10_4um_0_396.npy,P0/data/particles2SNR_4_class_lim10/train/unclear/HFocusing_5_10_4um_0_396.npy,4um,unclear,-13.021098956325428,-11.656295397890426,-18.908911789265694,11.752725811532887,12,-10.0,median_snr_below_threshold,symlinked
train,HFocusing_5_10_4um_0_398.npy,P0/data/dataset_particles2SNR_c1/train/4um/HFocusing_5_10_4um_0_398.npy,P0/data/particles2SNR_4_class_lim10/train/4um/HFocusing_5_10_4um_0_398.npy,4um,4um,2.0881441346728593,-1.6471176260664637,-14.445233244834636,8.357400872386865,8,-10.0,median_snr_at_or_above_threshold,symlinked
train,HFocusing_5_10_4um_0_4.npy,P0/data/dataset_particles2SNR_c1/train/4um/HFocusing_5_10_4um_0_4.npy,P0/data/particles2SNR_4_class_lim10/train/unclear/HFocusing_5_10_4um_0_4.npy,4um,unclear,-10.882903864522152,-8.746901203303695,-14.376272755083797,2.0026115870169074,12,-10.0,median_snr_below_threshold,symlinked
train,HFocusing_5_10_4um_0_401.npy,P0/data/dataset_particles2SNR_c1/train/4um/HFocusing_5_10_4um_0_401.npy,P0/data/particles2SNR_4_class_lim10/train/4um/HFocusing_5_10_4um_0_401.npy,4um,4um,-2.345799504404998,-6.190144971672876,-21.522933524623685,4.242387984021643,11,-10.0,median_snr_at_or_above_threshold,symlinked
train,HFocusing_5_10_4um_0_404.npy,P0/data/dataset_particles2SNR_c1/train/4um/HFocusing_5_10_4um_0_404.npy,P0/data/particles2SNR_4_class_lim10/train/unclear/HFocusing_5_10_4um_0_404.npy,4um,unclear,-13.063973388697633,-12.37770721805095,-17.556812856764147,2.091804295550114,18,-10.0,median_snr_below_threshold,symlinked
train,HFocusing_5_10_4um_0_407.npy,P0/data/dataset_particles2SNR_c1/train/4um/HFocusing_5_10_4um_0_407.npy,P0/data/particles2SNR_4_class_lim10/train/unclear/HFocusing_5_10_4um_0_407.npy,4um,unclear,-12.051258223531006,-11.068935457853515,-18.596895097231066,5.683619170583851,14,-10.0,median_snr_below_threshold,symlinked
train,HFocusing_5_10_4um_0_41.npy,P0/data/dataset_particles2SNR_c1/train/4um/HFocusing_5_10_4um_0_41.npy,P0/data/particles2SNR_4_class_lim10/train/unclear/HFocusing_5_10_4um_0_41.npy,4um,unclear,-13.077982996819188,-12.931988897606125,-16.699353315111335,-8.030136396391583,13,-10.0,median_snr_below_threshold,symlinked
train,HFocusing_5_10_4um_0_410.npy,P0/data/dataset_particles2SNR_c1/train/4um/HFocusing_5_10_4um_0_410.npy,P0/data/particles2SNR_4_class_lim10/train/unclear/HFocusing_5_10_4um_0_410.npy,4um,unclear,-12.620716183128998,-12.670462678026244,-19.04726319795293,2.354196229478965,15,-10.0,median_snr_below_threshold,symlinked
train,HFocusing_5_10_4um_0_413.npy,P0/data/dataset_particles2SNR_c1/train/4um/HFocusing_5_10_4um_0_413.npy,P0/data/particles2SNR_4_class_lim10/train/4um/HFocusing_5_10_4um_0_413.npy,4um,4um,5.8997139952276765,5.9795083752470815,1.9310787968266585,10.187526713706315,4,-10.0,median_snr_at_or_above_threshold,symlinked
train,HFocusing_5_10_4um_0_416.npy,P0/data/dataset_particles2SNR_c1/train/4um/HFocusing_5_10_4um_0_416.npy,P0/data/particles2SNR_4_class_lim10/train/unclear/HFocusing_5_10_4um_0_416.npy,4um,unclear,-11.253333184014684,-11.284370040259937,-15.825757593407445,-8.372370499932652,10,-10.0,median_snr_below_threshold,symlinked
train,HFocusing_5_10_4um_0_417.npy,P0/data/dataset_particles2SNR_c1/train/4um/HFocusing_5_10_4um_0_417.npy,P0/data/particles2SNR_4_class_lim10/train/unclear/HFocusing_5_10_4um_0_417.npy,4um,unclear,-12.073836250567826,-8.064327817092574,-17.01267767991324,9.40175710940496,11,-10.0,median_snr_below_threshold,symlinked
train,HFocusing_5_10_4um_0_419.npy,P0/data/dataset_particles2SNR_c1/train/4um/HFocusing_5_10_4um_0_419.npy,P0/data/particles2SNR_4_class_lim10/train/unclear/HFocusing_5_10_4um_0_419.npy,4um,unclear,-10.572328128687358,-5.965701393717946,-21.035699070283734,5.900436975176592,11,-10.0,median_snr_below_threshold,symlinked
train,HFocusing_5_10_4um_0_42.npy,P0/data/dataset_particles2SNR_c1/train/4um/HFocusing_5_10_4um_0_42.npy,P0/data/particles2SNR_4_class_lim10/train/unclear/HFocusing_5_10_4um_0_42.npy,4um,unclear,-11.93481497533473,-9.124733948229458,-20.0216671844819,3.363592569803992,8,-10.0,median_snr_below_threshold,symlinked
train,HFocusing_5_10_4um_0_422.npy,P0/data/dataset_particles2SNR_c1/train/4um/HFocusing_5_10_4um_0_422.npy,P0/data/particles2SNR_4_class_lim10/train/4um/HFocusing_5_10_4um_0_422.npy,4um,4um,-3.9771741297306344,-5.563533364743331,-17.40046645489564,8.227393554586065,12,-10.0,median_snr_at_or_above_threshold,symlinked
train,HFocusing_5_10_4um_0_425.npy,P0/data/dataset_particles2SNR_c1/train/4um/HFocusing_5_10_4um_0_425.npy,P0/data/particles2SNR_4_class_lim10/train/unclear/HFocusing_5_10_4um_0_425.npy,4um,unclear,-13.580536113034363,-10.566462325778115,-16.99236052103423,6.233059827128437,11,-10.0,median_snr_below_threshold,symlinked
train,HFocusing_5_10_4um_0_431.npy,P0/data/dataset_particles2SNR_c1/train/4um/HFocusing_5_10_4um_0_431.npy,P0/data/particles2SNR_4_class_lim10/train/unclear/HFocusing_5_10_4um_0_431.npy,4um,unclear,-10.668392063100988,-4.788137593061108,-15.241369128189808,7.02042102716576,7,-10.0,median_snr_below_threshold,symlinked
train,HFocusing_5_10_4um_0_437.npy,P0/data/dataset_particles2SNR_c1/train/4um/HFocusing_5_10_4um_0_437.npy,P0/data/particles2SNR_4_class_lim10/train/4um/HFocusing_5_10_4um_0_437.npy,4um,4um,-1.354100974309382,-4.049220773503019,-20.416544502856368,10.553485706475325,10,-10.0,median_snr_at_or_above_threshold,symlinked
train,HFocusing_5_10_4um_0_440.npy,P0/data/dataset_particles2SNR_c1/train/4um/HFocusing_5_10_4um_0_440.npy,P0/data/particles2SNR_4_class_lim10/train/unclear/HFocusing_5_10_4um_0_440.npy,4um,unclear,-12.920970699862718,-11.829752124486898,-15.328652357524854,5.490957847101361,18,-10.0,median_snr_below_threshold,symlinked
train,HFocusing_5_10_4um_0_443.npy,P0/data/dataset_particles2SNR_c1/train/4um/HFocusing_5_10_4um_0_443.npy,P0/data/particles2SNR_4_class_lim10/train/unclear/HFocusing_5_10_4um_0_443.npy,4um,unclear,,,,,0,-10.0,missing_snr,symlinked
train,HFocusing_5_10_4um_0_444.npy,P0/data/dataset_particles2SNR_c1/train/4um/HFocusing_5_10_4um_0_444.npy,P0/data/particles2SNR_4_class_lim10/train/unclear/HFocusing_5_10_4um_0_444.npy,4um,unclear,-12.015623682556964,-9.062428336568622,-16.141933003792648,8.92697836533735,13,-10.0,median_snr_below_threshold,symlinked
train,HFocusing_5_10_4um_0_447.npy,P0/data/dataset_particles2SNR_c1/train/4um/HFocusing_5_10_4um_0_447.npy,P0/data/particles2SNR_4_class_lim10/train/unclear/HFocusing_5_10_4um_0_447.npy,4um,unclear,-12.207572928479792,-10.329456593539062,-17.25625318830575,7.393798946782921,11,-10.0,median_snr_below_threshold,symlinked
train,HFocusing_5_10_4um_0_45.npy,P0/data/dataset_particles2SNR_c1/train/4um/HFocusing_5_10_4um_0_45.npy,P0/data/particles2SNR_4_class_lim10/train/unclear/HFocusing_5_10_4um_0_45.npy,4um,unclear,-13.251360177763296,-11.332778270035215,-17.025681398536598,6.10942811416105,12,-10.0,median_snr_below_threshold,symlinked
train,HFocusing_5_10_4um_0_454.npy,P0/data/dataset_particles2SNR_c1/train/4um/HFocusing_5_10_4um_0_454.npy,P0/data/particles2SNR_4_class_lim10/train/unclear/HFocusing_5_10_4um_0_454.npy,4um,unclear,-13.1678894104475,-10.123399792604127,-13.906810308084907,3.566928711856241,11,-10.0,median_snr_below_threshold,symlinked
train,HFocusing_5_10_4um_0_457.npy,P0/data/dataset_particles2SNR_c1/train/4um/HFocusing_5_10_4um_0_457.npy,P0/data/particles2SNR_4_class_lim10/train/unclear/HFocusing_5_10_4um_0_457.npy,4um,unclear,-13.253485597109123,-11.10088474418998,-17.694682189026395,9.793149840780867,10,-10.0,median_snr_below_threshold,symlinked
train,HFocusing_5_10_4um_0_459.npy,P0/data/dataset_particles2SNR_c1/train/4um/HFocusing_5_10_4um_0_459.npy,P0/data/particles2SNR_4_class_lim10/train/unclear/HFocusing_5_10_4um_0_459.npy,4um,unclear,-11.91758092710921,-12.254909850416881,-16.06997724284573,-9.127582095298841,13,-10.0,median_snr_below_threshold,symlinked
train,HFocusing_5_10_4um_0_460.npy,P0/data/dataset_particles2SNR_c1/train/4um/HFocusing_5_10_4um_0_460.npy,P0/data/particles2SNR_4_class_lim10/train/4um/HFocusing_5_10_4um_0_460.npy,4um,4um,0.6365028624801816,-4.165852729397264,-16.213729578709653,4.247418683518895,5,-10.0,median_snr_at_or_above_threshold,symlinked
train,HFocusing_5_10_4um_0_463.npy,P0/data/dataset_particles2SNR_c1/train/4um/HFocusing_5_10_4um_0_463.npy,P0/data/particles2SNR_4_class_lim10/train/unclear/HFocusing_5_10_4um_0_463.npy,4um,unclear,-10.945443409706593,-10.373947151962946,-16.16124378398335,4.596120579248979,10,-10.0,median_snr_below_threshold,symlinked
train,HFocusing_5_10_4um_0_466.npy,P0/data/dataset_particles2SNR_c1/train/4um/HFocusing_5_10_4um_0_466.npy,P0/data/particles2SNR_4_class_lim10/train/4um/HFocusing_5_10_4um_0_466.npy,4um,4um,-0.07600899417626181,-4.172590755586531,-13.800029126314632,4.500841166701765,9,-10.0,median_snr_at_or_above_threshold,symlinked
train,HFocusing_5_10_4um_0_469.npy,P0/data/dataset_particles2SNR_c1/train/4um/HFocusing_5_10_4um_0_469.npy,P0/data/particles2SNR_4_class_lim10/train/unclear/HFocusing_5_10_4um_0_469.npy,4um,unclear,-12.486250039494148,-9.493445458570017,-19.982244256269304,4.6301621775365795,10,-10.0,median_snr_below_threshold,symlinked
train,HFocusing_5_10_4um_0_472.npy,P0/data/dataset_particles2SNR_c1/train/4um/HFocusing_5_10_4um_0_472.npy,P0/data/particles2SNR_4_class_lim10/train/unclear/HFocusing_5_10_4um_0_472.npy,4um,unclear,-10.418410853369547,-4.90951264456437,-14.514347812310145,13.132193336062393,13,-10.0,median_snr_below_threshold,symlinked
train,HFocusing_5_10_4um_0_474.npy,P0/data/dataset_particles2SNR_c1/train/4um/HFocusing_5_10_4um_0_474.npy,P0/data/particles2SNR_4_class_lim10/train/4um/HFocusing_5_10_4um_0_474.npy,4um,4um,-9.467573896754438,-7.118032885526858,-15.5288303232876,5.207424782033938,8,-10.0,median_snr_at_or_above_threshold,symlinked
train,HFocusing_5_10_4um_0_477.npy,P0/data/dataset_particles2SNR_c1/train/4um/HFocusing_5_10_4um_0_477.npy,P0/data/particles2SNR_4_class_lim10/train/4um/HFocusing_5_10_4um_0_477.npy,4um,4um,-8.239544188579314,-7.014405726921183,-11.798023321165507,5.589044771589114,8,-10.0,median_snr_at_or_above_threshold,symlinked
train,HFocusing_5_10_4um_0_48.npy,P0/data/dataset_particles2SNR_c1/train/4um/HFocusing_5_10_4um_0_48.npy,P0/data/particles2SNR_4_class_lim10/train/unclear/HFocusing_5_10_4um_0_48.npy,4um,unclear,-13.00964836724609,-10.319285745655607,-15.152549050805568,4.692494255780682,6,-10.0,median_snr_below_threshold,symlinked
train,HFocusing_5_10_4um_0_480.npy,P0/data/dataset_particles2SNR_c1/train/4um/HFocusing_5_10_4um_0_480.npy,P0/data/particles2SNR_4_class_lim10/train/unclear/HFocusing_5_10_4um_0_480.npy,4um,unclear,-11.255456616104972,-6.090215225445102,-17.34918395676543,7.004189570927608,15,-10.0,median_snr_below_threshold,symlinked
train,HFocusing_5_10_4um_0_483.npy,P0/data/dataset_particles2SNR_c1/train/4um/HFocusing_5_10_4um_0_483.npy,P0/data/particles2SNR_4_class_lim10/train/unclear/HFocusing_5_10_4um_0_483.npy,4um,unclear,-13.108142171008172,-12.384806034805923,-19.338031464866994,-0.6797358208767443,15,-10.0,median_snr_below_threshold,symlinked
train,HFocusing_5_10_4um_0_484.npy,P0/data/dataset_particles2SNR_c1/train/4um/HFocusing_5_10_4um_0_484.npy,P0/data/particles2SNR_4_class_lim10/train/unclear/HFocusing_5_10_4um_0_484.npy,4um,unclear,-12.182693168482878,-8.690958739273068,-18.2633701296655,11.041001890948998,10,-10.0,median_snr_below_threshold,symlinked
train,HFocusing_5_10_4um_0_486.npy,P0/data/dataset_particles2SNR_c1/train/4um/HFocusing_5_10_4um_0_486.npy,P0/data/particles2SNR_4_class_lim10/train/unclear/HFocusing_5_10_4um_0_486.npy,4um,unclear,-11.579825401613297,-8.762918294954638,-17.919814977991603,6.478328449992361,13,-10.0,median_snr_below_threshold,symlinked
train,HFocusing_5_10_4um_0_489.npy,P0/data/dataset_particles2SNR_c1/train/4um/HFocusing_5_10_4um_0_489.npy,P0/data/particles2SNR_4_class_lim10/train/4um/HFocusing_5_10_4um_0_489.npy,4um,4um,-9.197967002785207,-6.267827381367397,-17.17109405321849,8.299310690740919,15,-10.0,median_snr_at_or_above_threshold,symlinked
train,HFocusing_5_10_4um_0_494.npy,P0/data/dataset_particles2SNR_c1/train/4um/HFocusing_5_10_4um_0_494.npy,P0/data/particles2SNR_4_class_lim10/train/unclear/HFocusing_5_10_4um_0_494.npy,4um,unclear,-13.001523287155385,-9.501759355097555,-20.099252083413184,6.419099093217801,16,-10.0,median_snr_below_threshold,symlinked
train,HFocusing_5_10_4um_0_497.npy,P0/data/dataset_particles2SNR_c1/train/4um/HFocusing_5_10_4um_0_497.npy,P0/data/particles2SNR_4_class_lim10/train/unclear/HFocusing_5_10_4um_0_497.npy,4um,unclear,-11.354102533230028,-9.337804368916407,-16.039235931178887,7.961501920679044,11,-10.0,median_snr_below_threshold,symlinked
train,HFocusing_5_10_4um_0_5.npy,P0/data/dataset_particles2SNR_c1/train/4um/HFocusing_5_10_4um_0_5.npy,P0/data/particles2SNR_4_class_lim10/train/unclear/HFocusing_5_10_4um_0_5.npy,4um,unclear,-11.979009323848063,-9.509690881621196,-14.800096958988425,11.686723909201035,9,-10.0,median_snr_below_threshold,symlinked
train,HFocusing_5_10_4um_0_500.npy,P0/data/dataset_particles2SNR_c1/train/4um/HFocusing_5_10_4um_0_500.npy,P0/data/particles2SNR_4_class_lim10/train/unclear/HFocusing_5_10_4um_0_500.npy,4um,unclear,-13.83926879610377,-11.378028962573962,-19.165216640949065,7.842451215826596,12,-10.0,median_snr_below_threshold,symlinked
train,HFocusing_5_10_4um_0_507.npy,P0/data/dataset_particles2SNR_c1/train/4um/HFocusing_5_10_4um_0_507.npy,P0/data/particles2SNR_4_class_lim10/train/unclear/HFocusing_5_10_4um_0_507.npy,4um,unclear,-12.321012964824877,-10.311422064526694,-17.161963505018363,12.947061815158232,13,-10.0,median_snr_below_threshold,symlinked
train,HFocusing_5_10_4um_0_509.npy,P0/data/dataset_particles2SNR_c1/train/4um/HFocusing_5_10_4um_0_509.npy,P0/data/particles2SNR_4_class_lim10/train/unclear/HFocusing_5_10_4um_0_509.npy,4um,unclear,-12.616828973971314,-8.515386070247684,-16.636022039781814,13.52896275119402,9,-10.0,median_snr_below_threshold,symlinked
train,HFocusing_5_10_4um_0_51.npy,P0/data/dataset_particles2SNR_c1/train/4um/HFocusing_5_10_4um_0_51.npy,P0/data/particles2SNR_4_class_lim10/train/unclear/HFocusing_5_10_4um_0_51.npy,4um,unclear,-12.265962172552413,-12.51784880425846,-15.833550210834497,-9.52570416066774,13,-10.0,median_snr_below_threshold,symlinked
train,HFocusing_5_10_4um_0_512.npy,P0/data/dataset_particles2SNR_c1/train/4um/HFocusing_5_10_4um_0_512.npy,P0/data/particles2SNR_4_class_lim10/train/unclear/HFocusing_5_10_4um_0_512.npy,4um,unclear,-12.134198586138282,-12.743837854448884,-17.31620448039586,-9.773128110020927,13,-10.0,median_snr_below_threshold,symlinked
train,HFocusing_5_10_4um_0_513.npy,P0/data/dataset_particles2SNR_c1/train/4um/HFocusing_5_10_4um_0_513.npy,P0/data/particles2SNR_4_class_lim10/train/unclear/HFocusing_5_10_4um_0_513.npy,4um,unclear,-11.361565139137669,-9.223624193786831,-18.615679755536046,9.533382474305776,12,-10.0,median_snr_below_threshold,symlinked
train,HFocusing_5_10_4um_0_518.npy,P0/data/dataset_particles2SNR_c1/train/4um/HFocusing_5_10_4um_0_518.npy,P0/data/particles2SNR_4_class_lim10/train/unclear/HFocusing_5_10_4um_0_518.npy,4um,unclear,-12.85637727772541,-10.190367127338352,-15.734893685462808,3.9381241166899317,14,-10.0,median_snr_below_threshold,symlinked
train,HFocusing_5_10_4um_0_52.npy,P0/data/dataset_particles2SNR_c1/train/4um/HFocusing_5_10_4um_0_52.npy,P0/data/particles2SNR_4_class_lim10/train/unclear/HFocusing_5_10_4um_0_52.npy,4um,unclear,-13.747610880293333,-12.517249868707419,-16.35915878487484,4.609262512744279,14,-10.0,median_snr_below_threshold,symlinked
train,HFocusing_5_10_4um_0_524.npy,P0/data/dataset_particles2SNR_c1/train/4um/HFocusing_5_10_4um_0_524.npy,P0/data/particles2SNR_4_class_lim10/train/unclear/HFocusing_5_10_4um_0_524.npy,4um,unclear,-12.8872656086188,-12.912783147513249,-16.38039275785274,-7.742165115869684,8,-10.0,median_snr_below_threshold,symlinked
train,HFocusing_5_10_4um_0_525.npy,P0/data/dataset_particles2SNR_c1/train/4um/HFocusing_5_10_4um_0_525.npy,P0/data/particles2SNR_4_class_lim10/train/unclear/HFocusing_5_10_4um_0_525.npy,4um,unclear,-12.403077318056628,-9.824895330852094,-15.027632982511667,4.756005616512194,12,-10.0,median_snr_below_threshold,symlinked
train,HFocusing_5_10_4um_0_528.npy,P0/data/dataset_particles2SNR_c1/train/4um/HFocusing_5_10_4um_0_528.npy,P0/data/particles2SNR_4_class_lim10/train/4um/HFocusing_5_10_4um_0_528.npy,4um,4um,-8.15471331628432,-5.822176651575638,-21.04304208848295,12.012220505790294,11,-10.0,median_snr_at_or_above_threshold,symlinked
train,HFocusing_5_10_4um_0_531.npy,P0/data/dataset_particles2SNR_c1/train/4um/HFocusing_5_10_4um_0_531.npy,P0/data/particles2SNR_4_class_lim10/train/4um/HFocusing_5_10_4um_0_531.npy,4um,4um,-1.4790260529208576,-1.4242236006682412,-13.130352220271245,10.929822980483587,7,-10.0,median_snr_at_or_above_threshold,symlinked
train,HFocusing_5_10_4um_0_534.npy,P0/data/dataset_particles2SNR_c1/train/4um/HFocusing_5_10_4um_0_534.npy,P0/data/particles2SNR_4_class_lim10/train/unclear/HFocusing_5_10_4um_0_534.npy,4um,unclear,-10.368793253902806,-6.206620968207945,-14.092383421873418,4.279180956117092,7,-10.0,median_snr_below_threshold,symlinked
train,HFocusing_5_10_4um_0_537.npy,P0/data/dataset_particles2SNR_c1/train/4um/HFocusing_5_10_4um_0_537.npy,P0/data/particles2SNR_4_class_lim10/train/4um/HFocusing_5_10_4um_0_537.npy,4um,4um,-4.891440528397083,-2.9982002673963053,-16.346656407577957,14.170787042490254,10,-10.0,median_snr_at_or_above_threshold,symlinked
train,HFocusing_5_10_4um_0_54.npy,P0/data/dataset_particles2SNR_c1/train/4um/HFocusing_5_10_4um_0_54.npy,P0/data/particles2SNR_4_class_lim10/train/unclear/HFocusing_5_10_4um_0_54.npy,4um,unclear,-13.732407286254698,-13.966486022023924,-17.219774472001667,-9.264428837347262,19,-10.0,median_snr_below_threshold,symlinked
train,HFocusing_5_10_4um_0_540.npy,P0/data/dataset_particles2SNR_c1/train/4um/HFocusing_5_10_4um_0_540.npy,P0/data/particles2SNR_4_class_lim10/train/unclear/HFocusing_5_10_4um_0_540.npy,4um,unclear,-12.694723079563413,-11.021224943033822,-17.456692552626002,6.756041706534344,11,-10.0,median_snr_below_threshold,symlinked
train,HFocusing_5_10_4um_0_543.npy,P0/data/dataset_particles2SNR_c1/train/4um/HFocusing_5_10_4um_0_543.npy,P0/data/particles2SNR_4_class_lim10/train/4um/HFocusing_5_10_4um_0_543.npy,4um,4um,-2.7418508468336453,-4.692332818231319,-19.11380743845154,5.265077568594236,10,-10.0,median_snr_at_or_above_threshold,symlinked
train,HFocusing_5_10_4um_0_546.npy,P0/data/dataset_particles2SNR_c1/train/4um/HFocusing_5_10_4um_0_546.npy,P0/data/particles2SNR_4_class_lim10/train/unclear/HFocusing_5_10_4um_0_546.npy,4um,unclear,-10.263533978306192,-8.789398189424931,-18.1970350014344,2.491848409559425,15,-10.0,median_snr_below_threshold,symlinked
train,HFocusing_5_10_4um_0_549.npy,P0/data/dataset_particles2SNR_c1/train/4um/HFocusing_5_10_4um_0_549.npy,P0/data/particles2SNR_4_class_lim10/train/4um/HFocusing_5_10_4um_0_549.npy,4um,4um,2.203243692270726,-1.765042072820177,-14.407489482593768,7.490269132493317,6,-10.0,median_snr_at_or_above_threshold,symlinked
train,HFocusing_5_10_4um_0_552.npy,P0/data/dataset_particles2SNR_c1/train/4um/HFocusing_5_10_4um_0_552.npy,P0/data/particles2SNR_4_class_lim10/train/unclear/HFocusing_5_10_4um_0_552.npy,4um,unclear,-14.145725156076283,-10.367798646610153,-17.1233278598655,3.7204970998724844,9,-10.0,median_snr_below_threshold,symlinked
train,HFocusing_5_10_4um_0_555.npy,P0/data/dataset_particles2SNR_c1/train/4um/HFocusing_5_10_4um_0_555.npy,P0/data/particles2SNR_4_class_lim10/train/unclear/HFocusing_5_10_4um_0_555.npy,4um,unclear,-12.679281084455186,-10.83566735488711,-16.833443558321694,4.796244792963909,15,-10.0,median_snr_below_threshold,symlinked
train,HFocusing_5_10_4um_0_558.npy,P0/data/dataset_particles2SNR_c1/train/4um/HFocusing_5_10_4um_0_558.npy,P0/data/particles2SNR_4_class_lim10/train/4um/HFocusing_5_10_4um_0_558.npy,4um,4um,-9.438460327438822,-7.787716597668048,-14.779922095081218,11.3143502602396,11,-10.0,median_snr_at_or_above_threshold,symlinked
train,HFocusing_5_10_4um_0_561.npy,P0/data/dataset_particles2SNR_c1/train/4um/HFocusing_5_10_4um_0_561.npy,P0/data/particles2SNR_4_class_lim10/train/4um/HFocusing_5_10_4um_0_561.npy,4um,4um,-6.671362198009657,-4.272993282004537,-13.359694931372605,10.511879937392948,8,-10.0,median_snr_at_or_above_threshold,symlinked
train,HFocusing_5_10_4um_0_564.npy,P0/data/dataset_particles2SNR_c1/train/4um/HFocusing_5_10_4um_0_564.npy,P0/data/particles2SNR_4_class_lim10/train/4um/HFocusing_5_10_4um_0_564.npy,4um,4um,-9.717785428543015,-6.2341815921460855,-15.279336768428404,3.198568499428212,12,-10.0,median_snr_at_or_above_threshold,symlinked
train,HFocusing_5_10_4um_0_567.npy,P0/data/dataset_particles2SNR_c1/train/4um/HFocusing_5_10_4um_0_567.npy,P0/data/particles2SNR_4_class_lim10/train/unclear/HFocusing_5_10_4um_0_567.npy,4um,unclear,-12.691446849084665,-11.243757660907413,-19.02967972390363,7.065573933399191,10,-10.0,median_snr_below_threshold,symlinked
train,HFocusing_5_10_4um_0_570.npy,P0/data/dataset_particles2SNR_c1/train/4um/HFocusing_5_10_4um_0_570.npy,P0/data/particles2SNR_4_class_lim10/train/unclear/HFocusing_5_10_4um_0_570.npy,4um,unclear,-11.052558488168676,-9.936501926631216,-16.829248538929853,0.3354703009642896,10,-10.0,median_snr_below_threshold,symlinked
train,HFocusing_5_10_4um_0_573.npy,P0/data/dataset_particles2SNR_c1/train/4um/HFocusing_5_10_4um_0_573.npy,P0/data/particles2SNR_4_class_lim10/train/unclear/HFocusing_5_10_4um_0_573.npy,4um,unclear,-10.834120897204262,-7.576449869196608,-12.434437618613856,7.275286020704464,5,-10.0,median_snr_below_threshold,symlinked
train,HFocusing_5_10_4um_0_576.npy,P0/data/dataset_particles2SNR_c1/train/4um/HFocusing_5_10_4um_0_576.npy,P0/data/particles2SNR_4_class_lim10/train/unclear/HFocusing_5_10_4um_0_576.npy,4um,unclear,-12.003079463090437,-7.12816906276911,-15.521634245663629,13.349673970611104,11,-10.0,median_snr_below_threshold,symlinked
train,HFocusing_5_10_4um_0_579.npy,P0/data/dataset_particles2SNR_c1/train/4um/HFocusing_5_10_4um_0_579.npy,P0/data/particles2SNR_4_class_lim10/train/unclear/HFocusing_5_10_4um_0_579.npy,4um,unclear,-12.446481029099786,-10.28530185518907,-19.22776911831035,9.542523166806921,17,-10.0,median_snr_below_threshold,symlinked
train,HFocusing_5_10_4um_0_58.npy,P0/data/dataset_particles2SNR_c1/train/4um/HFocusing_5_10_4um_0_58.npy,P0/data/particles2SNR_4_class_lim10/train/unclear/HFocusing_5_10_4um_0_58.npy,4um,unclear,-12.247116262589106,-12.135033603919288,-19.346629824885923,3.933751743817595,11,-10.0,median_snr_below_threshold,symlinked
train,HFocusing_5_10_4um_0_582.npy,P0/data/dataset_particles2SNR_c1/train/4um/HFocusing_5_10_4um_0_582.npy,P0/data/particles2SNR_4_class_lim10/train/unclear/HFocusing_5_10_4um_0_582.npy,4um,unclear,-11.91499289213934,-9.814253801568189,-15.77694089690537,13.187067880982703,9,-10.0,median_snr_below_threshold,symlinked
train,HFocusing_5_10_4um_0_585.npy,P0/data/dataset_particles2SNR_c1/train/4um/HFocusing_5_10_4um_0_585.npy,P0/data/particles2SNR_4_class_lim10/train/unclear/HFocusing_5_10_4um_0_585.npy,4um,unclear,-11.923872860893471,-8.960020177918018,-16.573861889436404,4.036849168067165,10,-10.0,median_snr_below_threshold,symlinked
train,HFocusing_5_10_4um_0_588.npy,P0/data/dataset_particles2SNR_c1/train/4um/HFocusing_5_10_4um_0_588.npy,P0/data/particles2SNR_4_class_lim10/train/4um/HFocusing_5_10_4um_0_588.npy,4um,4um,-4.181152803680548,-4.794133355583254,-15.298109341923025,9.773327832887386,11,-10.0,median_snr_at_or_above_threshold,symlinked
train,HFocusing_5_10_4um_0_594.npy,P0/data/dataset_particles2SNR_c1/train/4um/HFocusing_5_10_4um_0_594.npy,P0/data/particles2SNR_4_class_lim10/train/4um/HFocusing_5_10_4um_0_594.npy,4um,4um,-9.72890739925095,-6.8373111583946935,-18.571999348057393,12.213879605168124,9,-10.0,median_snr_at_or_above_threshold,symlinked
train,HFocusing_5_10_4um_0_596.npy,P0/data/dataset_particles2SNR_c1/train/4um/HFocusing_5_10_4um_0_596.npy,P0/data/particles2SNR_4_class_lim10/train/unclear/HFocusing_5_10_4um_0_596.npy,4um,unclear,-13.654170230687303,-13.825858660284254,-17.816960215832893,-6.413672191856065,10,-10.0,median_snr_below_threshold,symlinked
train,HFocusing_5_10_4um_0_597.npy,P0/data/dataset_particles2SNR_c1/train/4um/HFocusing_5_10_4um_0_597.npy,P0/data/particles2SNR_4_class_lim10/train/4um/HFocusing_5_10_4um_0_597.npy,4um,4um,3.5285640437492227,-0.37691903518993264,-11.436017780766816,6.619046375902668,7,-10.0,median_snr_at_or_above_threshold,symlinked
train,HFocusing_5_10_4um_0_60.npy,P0/data/dataset_particles2SNR_c1/train/4um/HFocusing_5_10_4um_0_60.npy,P0/data/particles2SNR_4_class_lim10/train/unclear/HFocusing_5_10_4um_0_60.npy,4um,unclear,-15.540071470645502,-13.880894484161146,-17.898411933001523,-7.220391503101634,5,-10.0,median_snr_below_threshold,symlinked
train,HFocusing_5_10_4um_0_603.npy,P0/data/dataset_particles2SNR_c1/train/4um/HFocusing_5_10_4um_0_603.npy,P0/data/particles2SNR_4_class_lim10/train/unclear/HFocusing_5_10_4um_0_603.npy,4um,unclear,-13.443223729988143,-12.503588402329997,-17.127380463843522,6.575624125612057,13,-10.0,median_snr_below_threshold,symlinked
train,HFocusing_5_10_4um_0_609.npy,P0/data/dataset_particles2SNR_c1/train/4um/HFocusing_5_10_4um_0_609.npy,P0/data/particles2SNR_4_class_lim10/train/4um/HFocusing_5_10_4um_0_609.npy,4um,4um,2.6147859131492126,3.0865847538956768,1.0784392370955727,6.038327952188709,4,-10.0,median_snr_at_or_above_threshold,symlinked
train,HFocusing_5_10_4um_0_61.npy,P0/data/dataset_particles2SNR_c1/train/4um/HFocusing_5_10_4um_0_61.npy,P0/data/particles2SNR_4_class_lim10/train/unclear/HFocusing_5_10_4um_0_61.npy,4um,unclear,-11.857835892423974,-10.404293648406803,-14.26854199897463,8.247382424065698,10,-10.0,median_snr_below_threshold,symlinked
train,HFocusing_5_10_4um_0_618.npy,P0/data/dataset_particles2SNR_c1/train/4um/HFocusing_5_10_4um_0_618.npy,P0/data/particles2SNR_4_class_lim10/train/4um/HFocusing_5_10_4um_0_618.npy,4um,4um,-9.773946406778464,-8.092877689995625,-15.509498479820301,3.9016987682835422,11,-10.0,median_snr_at_or_above_threshold,symlinked
train,HFocusing_5_10_4um_0_621.npy,P0/data/dataset_particles2SNR_c1/train/4um/HFocusing_5_10_4um_0_621.npy,P0/data/particles2SNR_4_class_lim10/train/4um/HFocusing_5_10_4um_0_621.npy,4um,4um,-0.50469382957263,-5.034198197308616,-15.842503522925353,2.958291862914626,10,-10.0,median_snr_at_or_above_threshold,symlinked
train,HFocusing_5_10_4um_0_624.npy,P0/data/dataset_particles2SNR_c1/train/4um/HFocusing_5_10_4um_0_624.npy,P0/data/particles2SNR_4_class_lim10/train/4um/HFocusing_5_10_4um_0_624.npy,4um,4um,-9.010257353183915,-7.828886258192444,-16.30027334214595,7.964259680672454,9,-10.0,median_snr_at_or_above_threshold,symlinked
train,HFocusing_5_10_4um_0_627.npy,P0/data/dataset_particles2SNR_c1/train/4um/HFocusing_5_10_4um_0_627.npy,P0/data/particles2SNR_4_class_lim10/train/4um/HFocusing_5_10_4um_0_627.npy,4um,4um,-6.9354240264618525,-4.720904235972712,-18.978472753979748,12.248818973501265,13,-10.0,median_snr_at_or_above_threshold,symlinked
train,HFocusing_5_10_4um_0_629.npy,P0/data/dataset_particles2SNR_c1/train/4um/HFocusing_5_10_4um_0_629.npy,P0/data/particles2SNR_4_class_lim10/train/unclear/HFocusing_5_10_4um_0_629.npy,4um,unclear,-11.48865216327875,-8.907109728614646,-12.42152486448652,2.14666735715165,5,-10.0,median_snr_below_threshold,symlinked
train,HFocusing_5_10_4um_0_632.npy,P0/data/dataset_particles2SNR_c1/train/4um/HFocusing_5_10_4um_0_632.npy,P0/data/particles2SNR_4_class_lim10/train/unclear/HFocusing_5_10_4um_0_632.npy,4um,unclear,-12.412413916471618,-9.66504772053147,-16.706212717293823,5.709257633598897,8,-10.0,median_snr_below_threshold,symlinked
train,HFocusing_5_10_4um_0_635.npy,P0/data/dataset_particles2SNR_c1/train/4um/HFocusing_5_10_4um_0_635.npy,P0/data/particles2SNR_4_class_lim10/train/unclear/HFocusing_5_10_4um_0_635.npy,4um,unclear,-13.535778087839578,-10.13713903045265,-18.811832280583232,11.785101332650068,7,-10.0,median_snr_below_threshold,symlinked
train,HFocusing_5_10_4um_0_639.npy,P0/data/dataset_particles2SNR_c1/train/4um/HFocusing_5_10_4um_0_639.npy,P0/data/particles2SNR_4_class_lim10/train/unclear/HFocusing_5_10_4um_0_639.npy,4um,unclear,-10.220963363001967,-6.741973206643188,-17.219490171192863,8.64279866676104,8,-10.0,median_snr_below_threshold,symlinked
train,HFocusing_5_10_4um_0_64.npy,P0/data/dataset_particles2SNR_c1/train/4um/HFocusing_5_10_4um_0_64.npy,P0/data/particles2SNR_4_class_lim10/train/unclear/HFocusing_5_10_4um_0_64.npy,4um,unclear,-12.491251993765022,-13.246857135047593,-16.86746921497656,-10.947180250695537,13,-10.0,median_snr_below_threshold,symlinked
train,HFocusing_5_10_4um_0_642.npy,P0/data/dataset_particles2SNR_c1/train/4um/HFocusing_5_10_4um_0_642.npy,P0/data/particles2SNR_4_class_lim10/train/4um/HFocusing_5_10_4um_0_642.npy,4um,4um,-2.509948906969567,-4.29869397118382,-14.883140516136862,4.9895429203476835,10,-10.0,median_snr_at_or_above_threshold,symlinked
train,HFocusing_5_10_4um_0_645.npy,P0/data/dataset_particles2SNR_c1/train/4um/HFocusing_5_10_4um_0_645.npy,P0/data/particles2SNR_4_class_lim10/train/unclear/HFocusing_5_10_4um_0_645.npy,4um,unclear,-10.611648106718718,-5.22925151919033,-16.25525442463544,11.794949715787963,11,-10.0,median_snr_below_threshold,symlinked
train,HFocusing_5_10_4um_0_648.npy,P0/data/dataset_particles2SNR_c1/train/4um/HFocusing_5_10_4um_0_648.npy,P0/data/particles2SNR_4_class_lim10/train/unclear/HFocusing_5_10_4um_0_648.npy,4um,unclear,-12.4485409517057,-10.007844169163418,-15.21074700164274,8.493468490329148,9,-10.0,median_snr_below_threshold,symlinked
train,HFocusing_5_10_4um_0_657.npy,P0/data/dataset_particles2SNR_c1/train/4um/HFocusing_5_10_4um_0_657.npy,P0/data/particles2SNR_4_class_lim10/train/4um/HFocusing_5_10_4um_0_657.npy,4um,4um,0.5606216481334401,1.0124879297300338,-5.579273900301418,8.059122538991643,9,-10.0,median_snr_at_or_above_threshold,symlinked
train,HFocusing_5_10_4um_0_660.npy,P0/data/dataset_particles2SNR_c1/train/4um/HFocusing_5_10_4um_0_660.npy,P0/data/particles2SNR_4_class_lim10/train/unclear/HFocusing_5_10_4um_0_660.npy,4um,unclear,-11.5857652991672,-8.320584697441326,-18.60847539364173,8.222407147807584,13,-10.0,median_snr_below_threshold,symlinked
train,HFocusing_5_10_4um_0_663.npy,P0/data/dataset_particles2SNR_c1/train/4um/HFocusing_5_10_4um_0_663.npy,P0/data/particles2SNR_4_class_lim10/train/unclear/HFocusing_5_10_4um_0_663.npy,4um,unclear,-11.038199688542225,-8.032175686217808,-19.9065141951219,10.411633914869256,9,-10.0,median_snr_below_threshold,symlinked
train,HFocusing_5_10_4um_0_666.npy,P0/data/dataset_particles2SNR_c1/train/4um/HFocusing_5_10_4um_0_666.npy,P0/data/particles2SNR_4_class_lim10/train/4um/HFocusing_5_10_4um_0_666.npy,4um,4um,-9.02862888763186,-1.1522923150222621,-10.585208953537277,13.862888405715283,5,-10.0,median_snr_at_or_above_threshold,symlinked
train,HFocusing_5_10_4um_0_669.npy,P0/data/dataset_particles2SNR_c1/train/4um/HFocusing_5_10_4um_0_669.npy,P0/data/particles2SNR_4_class_lim10/train/unclear/HFocusing_5_10_4um_0_669.npy,4um,unclear,-12.732615912313998,-12.502191885965772,-17.211263509928777,-7.931807099483603,11,-10.0,median_snr_below_threshold,symlinked
train,HFocusing_5_10_4um_0_670.npy,P0/data/dataset_particles2SNR_c1/train/4um/HFocusing_5_10_4um_0_670.npy,P0/data/particles2SNR_4_class_lim10/train/unclear/HFocusing_5_10_4um_0_670.npy,4um,unclear,-10.12571618779541,-7.857459938869909,-14.41677212634583,7.846943147091407,13,-10.0,median_snr_below_threshold,symlinked
train,HFocusing_5_10_4um_0_673.npy,P0/data/dataset_particles2SNR_c1/train/4um/HFocusing_5_10_4um_0_673.npy,P0/data/particles2SNR_4_class_lim10/train/unclear/HFocusing_5_10_4um_0_673.npy,4um,unclear,-14.13369005889271,-12.008001900515946,-19.09098406333134,5.694922302929154,9,-10.0,median_snr_below_threshold,symlinked
train,HFocusing_5_10_4um_0_676.npy,P0/data/dataset_particles2SNR_c1/train/4um/HFocusing_5_10_4um_0_676.npy,P0/data/particles2SNR_4_class_lim10/train/unclear/HFocusing_5_10_4um_0_676.npy,4um,unclear,-13.39892141620659,-10.790771994564222,-17.3442893001339,6.300135720395942,11,-10.0,median_snr_below_threshold,symlinked
train,HFocusing_5_10_4um_0_679.npy,P0/data/dataset_particles2SNR_c1/train/4um/HFocusing_5_10_4um_0_679.npy,P0/data/particles2SNR_4_class_lim10/train/unclear/HFocusing_5_10_4um_0_679.npy,4um,unclear,-11.625979778963666,-8.688002961621528,-17.88091284610109,10.962278904685203,15,-10.0,median_snr_below_threshold,symlinked
train,HFocusing_5_10_4um_0_68.npy,P0/data/dataset_particles2SNR_c1/train/4um/HFocusing_5_10_4um_0_68.npy,P0/data/particles2SNR_4_class_lim10/train/unclear/HFocusing_5_10_4um_0_68.npy,4um,unclear,-13.670041716938439,-14.007893016054004,-17.68390431703732,-10.938934507399393,18,-10.0,median_snr_below_threshold,symlinked
train,HFocusing_5_10_4um_0_682.npy,P0/data/dataset_particles2SNR_c1/train/4um/HFocusing_5_10_4um_0_682.npy,P0/data/particles2SNR_4_class_lim10/train/4um/HFocusing_5_10_4um_0_682.npy,4um,4um,-9.937789766869356,-6.568912301519793,-15.832069085512487,5.5669568013142126,11,-10.0,median_snr_at_or_above_threshold,symlinked
train,HFocusing_5_10_4um_0_685.npy,P0/data/dataset_particles2SNR_c1/train/4um/HFocusing_5_10_4um_0_685.npy,P0/data/particles2SNR_4_class_lim10/train/4um/HFocusing_5_10_4um_0_685.npy,4um,4um,-6.651616815864152,-6.310398044614399,-19.553946127620854,11.26925888837371,16,-10.0,median_snr_at_or_above_threshold,symlinked
train,HFocusing_5_10_4um_0_688.npy,P0/data/dataset_particles2SNR_c1/train/4um/HFocusing_5_10_4um_0_688.npy,P0/data/particles2SNR_4_class_lim10/train/4um/HFocusing_5_10_4um_0_688.npy,4um,4um,-2.4964797920352613,-1.970577455047542,-14.026572756983299,12.958045108814698,7,-10.0,median_snr_at_or_above_threshold,symlinked
train,HFocusing_5_10_4um_0_69.npy,P0/data/dataset_particles2SNR_c1/train/4um/HFocusing_5_10_4um_0_69.npy,P0/data/particles2SNR_4_class_lim10/train/unclear/HFocusing_5_10_4um_0_69.npy,4um,unclear,-13.244501197219861,-10.964126243364182,-17.70518488784789,2.991013469413313,16,-10.0,median_snr_below_threshold,symlinked
train,HFocusing_5_10_4um_0_691.npy,P0/data/dataset_particles2SNR_c1/train/4um/HFocusing_5_10_4um_0_691.npy,P0/data/particles2SNR_4_class_lim10/train/unclear/HFocusing_5_10_4um_0_691.npy,4um,unclear,-13.505547549384541,-12.105753088594003,-16.087031321532358,-5.458229073804784,11,-10.0,median_snr_below_threshold,symlinked
train,HFocusing_5_10_4um_0_692.npy,P0/data/dataset_particles2SNR_c1/train/4um/HFocusing_5_10_4um_0_692.npy,P0/data/particles2SNR_4_class_lim10/train/4um/HFocusing_5_10_4um_0_692.npy,4um,4um,3.087119313345216,-1.4594586925501654,-15.882735718864344,8.649073910220611,9,-10.0,median_snr_at_or_above_threshold,symlinked
train,HFocusing_5_10_4um_0_694.npy,P0/data/dataset_particles2SNR_c1/train/4um/HFocusing_5_10_4um_0_694.npy,P0/data/particles2SNR_4_class_lim10/train/unclear/HFocusing_5_10_4um_0_694.npy,4um,unclear,-11.728555501334522,-10.376859357404953,-17.91607738011229,9.358353538290823,10,-10.0,median_snr_below_threshold,symlinked
train,HFocusing_5_10_4um_0_697.npy,P0/data/dataset_particles2SNR_c1/train/4um/HFocusing_5_10_4um_0_697.npy,P0/data/particles2SNR_4_class_lim10/train/unclear/HFocusing_5_10_4um_0_697.npy,4um,unclear,-12.225355419876877,-7.55544589840793,-14.81655143541854,11.48425437328683,10,-10.0,median_snr_below_threshold,symlinked
train,HFocusing_5_10_4um_0_704.npy,P0/data/dataset_particles2SNR_c1/train/4um/HFocusing_5_10_4um_0_704.npy,P0/data/particles2SNR_4_class_lim10/train/4um/HFocusing_5_10_4um_0_704.npy,4um,4um,-8.646236562922976,-5.823687922967622,-13.243325271215307,7.928719736557001,11,-10.0,median_snr_at_or_above_threshold,symlinked
train,HFocusing_5_10_4um_0_707.npy,P0/data/dataset_particles2SNR_c1/train/4um/HFocusing_5_10_4um_0_707.npy,P0/data/particles2SNR_4_class_lim10/train/4um/HFocusing_5_10_4um_0_707.npy,4um,4um,-7.381651892099946,-6.288135497897276,-13.358794520222581,4.654062481909244,6,-10.0,median_snr_at_or_above_threshold,symlinked
train,HFocusing_5_10_4um_0_709.npy,P0/data/dataset_particles2SNR_c1/train/4um/HFocusing_5_10_4um_0_709.npy,P0/data/particles2SNR_4_class_lim10/train/unclear/HFocusing_5_10_4um_0_709.npy,4um,unclear,-10.32965290289533,-9.053266456581639,-17.242449000365042,6.3275839735850745,13,-10.0,median_snr_below_threshold,symlinked
train,HFocusing_5_10_4um_0_712.npy,P0/data/dataset_particles2SNR_c1/train/4um/HFocusing_5_10_4um_0_712.npy,P0/data/particles2SNR_4_class_lim10/train/unclear/HFocusing_5_10_4um_0_712.npy,4um,unclear,-12.4478661759992,-11.404776195013751,-17.266602814561146,5.604810059678171,11,-10.0,median_snr_below_threshold,symlinked
train,HFocusing_5_10_4um_0_716.npy,P0/data/dataset_particles2SNR_c1/train/4um/HFocusing_5_10_4um_0_716.npy,P0/data/particles2SNR_4_class_lim10/train/4um/HFocusing_5_10_4um_0_716.npy,4um,4um,-5.51084758633372,-5.869038030013938,-18.522895696737997,11.68083062311034,9,-10.0,median_snr_at_or_above_threshold,symlinked
train,HFocusing_5_10_4um_0_718.npy,P0/data/dataset_particles2SNR_c1/train/4um/HFocusing_5_10_4um_0_718.npy,P0/data/particles2SNR_4_class_lim10/train/unclear/HFocusing_5_10_4um_0_718.npy,4um,unclear,-15.195861523836724,-12.87557641882185,-19.552406168345367,3.15756187332976,15,-10.0,median_snr_below_threshold,symlinked
train,HFocusing_5_10_4um_0_721.npy,P0/data/dataset_particles2SNR_c1/train/4um/HFocusing_5_10_4um_0_721.npy,P0/data/particles2SNR_4_class_lim10/train/unclear/HFocusing_5_10_4um_0_721.npy,4um,unclear,-14.099469097954003,-12.277551228066288,-20.525941899919573,3.7079876516177768,12,-10.0,median_snr_below_threshold,symlinked
train,HFocusing_5_10_4um_0_724.npy,P0/data/dataset_particles2SNR_c1/train/4um/HFocusing_5_10_4um_0_724.npy,P0/data/particles2SNR_4_class_lim10/train/unclear/HFocusing_5_10_4um_0_724.npy,4um,unclear,-13.729669872186777,-10.496192794083548,-17.762665630845756,5.647245221202796,16,-10.0,median_snr_below_threshold,symlinked
train,HFocusing_5_10_4um_0_727.npy,P0/data/dataset_particles2SNR_c1/train/4um/HFocusing_5_10_4um_0_727.npy,P0/data/particles2SNR_4_class_lim10/train/unclear/HFocusing_5_10_4um_0_727.npy,4um,unclear,-11.281841930029001,-6.535979612340979,-16.859167055326914,12.66633615047195,7,-10.0,median_snr_below_threshold,symlinked
train,HFocusing_5_10_4um_0_730.npy,P0/data/dataset_particles2SNR_c1/train/4um/HFocusing_5_10_4um_0_730.npy,P0/data/particles2SNR_4_class_lim10/train/4um/HFocusing_5_10_4um_0_730.npy,4um,4um,-6.631814314121817,-3.7205341671101975,-13.468048932191616,6.736882340469911,13,-10.0,median_snr_at_or_above_threshold,symlinked
train,HFocusing_5_10_4um_0_733.npy,P0/data/dataset_particles2SNR_c1/train/4um/HFocusing_5_10_4um_0_733.npy,P0/data/particles2SNR_4_class_lim10/train/4um/HFocusing_5_10_4um_0_733.npy,4um,4um,-8.29384874694673,-3.6175248750698765,-14.560301636231989,10.358121070638441,9,-10.0,median_snr_at_or_above_threshold,symlinked
train,HFocusing_5_10_4um_0_736.npy,P0/data/dataset_particles2SNR_c1/train/4um/HFocusing_5_10_4um_0_736.npy,P0/data/particles2SNR_4_class_lim10/train/unclear/HFocusing_5_10_4um_0_736.npy,4um,unclear,-12.917187620518803,-10.97646580320828,-18.6469555063528,7.963914166608466,14,-10.0,median_snr_below_threshold,symlinked
train,HFocusing_5_10_4um_0_739.npy,P0/data/dataset_particles2SNR_c1/train/4um/HFocusing_5_10_4um_0_739.npy,P0/data/particles2SNR_4_class_lim10/train/unclear/HFocusing_5_10_4um_0_739.npy,4um,unclear,-10.61919881318196,-6.282372639823277,-17.29676971583855,6.486526061512334,7,-10.0,median_snr_below_threshold,symlinked
train,HFocusing_5_10_4um_0_742.npy,P0/data/dataset_particles2SNR_c1/train/4um/HFocusing_5_10_4um_0_742.npy,P0/data/particles2SNR_4_class_lim10/train/unclear/HFocusing_5_10_4um_0_742.npy,4um,unclear,-12.617039066601123,-9.817492903190312,-18.659301374496383,7.431902396563384,11,-10.0,median_snr_below_threshold,symlinked
train,HFocusing_5_10_4um_0_745.npy,P0/data/dataset_particles2SNR_c1/train/4um/HFocusing_5_10_4um_0_745.npy,P0/data/particles2SNR_4_class_lim10/train/unclear/HFocusing_5_10_4um_0_745.npy,4um,unclear,-12.753305191674642,-11.413138468444677,-16.158225175672747,5.116031290341442,14,-10.0,median_snr_below_threshold,symlinked
train,HFocusing_5_10_4um_0_749.npy,P0/data/dataset_particles2SNR_c1/train/4um/HFocusing_5_10_4um_0_749.npy,P0/data/particles2SNR_4_class_lim10/train/unclear/HFocusing_5_10_4um_0_749.npy,4um,unclear,-10.924527619269856,-7.825698935317346,-15.866013256673352,14.681273562346174,13,-10.0,median_snr_below_threshold,symlinked
train,HFocusing_5_10_4um_0_751.npy,P0/data/dataset_particles2SNR_c1/train/4um/HFocusing_5_10_4um_0_751.npy,P0/data/particles2SNR_4_class_lim10/train/unclear/HFocusing_5_10_4um_0_751.npy,4um,unclear,-11.06621495438624,-8.789215089359326,-23.940695016343803,9.320724386702143,12,-10.0,median_snr_below_threshold,symlinked
train,HFocusing_5_10_4um_0_754.npy,P0/data/dataset_particles2SNR_c1/train/4um/HFocusing_5_10_4um_0_754.npy,P0/data/particles2SNR_4_class_lim10/train/unclear/HFocusing_5_10_4um_0_754.npy,4um,unclear,-12.087992558903506,-8.304960223797384,-19.988675652530286,5.732259280069724,13,-10.0,median_snr_below_threshold,symlinked
train,HFocusing_5_10_4um_0_757.npy,P0/data/dataset_particles2SNR_c1/train/4um/HFocusing_5_10_4um_0_757.npy,P0/data/particles2SNR_4_class_lim10/train/unclear/HFocusing_5_10_4um_0_757.npy,4um,unclear,-11.162776330407539,-8.89069515211189,-18.817134080184317,7.9907657716771885,13,-10.0,median_snr_below_threshold,symlinked
train,HFocusing_5_10_4um_0_76.npy,P0/data/dataset_particles2SNR_c1/train/4um/HFocusing_5_10_4um_0_76.npy,P0/data/particles2SNR_4_class_lim10/train/unclear/HFocusing_5_10_4um_0_76.npy,4um,unclear,-13.85348626401594,-13.334698158556014,-16.68533087332278,-9.418607913322091,12,-10.0,median_snr_below_threshold,symlinked
train,HFocusing_5_10_4um_0_764.npy,P0/data/dataset_particles2SNR_c1/train/4um/HFocusing_5_10_4um_0_764.npy,P0/data/particles2SNR_4_class_lim10/train/4um/HFocusing_5_10_4um_0_764.npy,4um,4um,-8.288552652737735,-6.330846291287643,-21.560890620121004,11.911470006001018,8,-10.0,median_snr_at_or_above_threshold,symlinked
train,HFocusing_5_10_4um_0_767.npy,P0/data/dataset_particles2SNR_c1/train/4um/HFocusing_5_10_4um_0_767.npy,P0/data/particles2SNR_4_class_lim10/train/4um/HFocusing_5_10_4um_0_767.npy,4um,4um,-4.32434959130778,-3.0321280637952475,-14.699177507320995,15.41955174401486,8,-10.0,median_snr_at_or_above_threshold,symlinked
train,HFocusing_5_10_4um_0_77.npy,P0/data/dataset_particles2SNR_c1/train/4um/HFocusing_5_10_4um_0_77.npy,P0/data/particles2SNR_4_class_lim10/train/unclear/HFocusing_5_10_4um_0_77.npy,4um,unclear,-11.139425245525839,-8.752644416739127,-15.083476483855563,10.54461373102061,8,-10.0,median_snr_below_threshold,symlinked
train,HFocusing_5_10_4um_0_770.npy,P0/data/dataset_particles2SNR_c1/train/4um/HFocusing_5_10_4um_0_770.npy,P0/data/particles2SNR_4_class_lim10/train/4um/HFocusing_5_10_4um_0_770.npy,4um,4um,-9.881980095241135,-6.006879285314864,-16.726405462685886,6.789474406802754,11,-10.0,median_snr_at_or_above_threshold,symlinked
train,HFocusing_5_10_4um_0_776.npy,P0/data/dataset_particles2SNR_c1/train/4um/HFocusing_5_10_4um_0_776.npy,P0/data/particles2SNR_4_class_lim10/train/4um/HFocusing_5_10_4um_0_776.npy,4um,4um,-9.829763644399517,-7.163387632246347,-15.16032657139592,4.02436956271221,12,-10.0,median_snr_at_or_above_threshold,symlinked
train,HFocusing_5_10_4um_0_779.npy,P0/data/dataset_particles2SNR_c1/train/4um/HFocusing_5_10_4um_0_779.npy,P0/data/particles2SNR_4_class_lim10/train/4um/HFocusing_5_10_4um_0_779.npy,4um,4um,-7.139929554861658,-5.855131493676766,-16.62587498760191,11.031039050798297,11,-10.0,median_snr_at_or_above_threshold,symlinked
train,HFocusing_5_10_4um_0_79.npy,P0/data/dataset_particles2SNR_c1/train/4um/HFocusing_5_10_4um_0_79.npy,P0/data/particles2SNR_4_class_lim10/train/unclear/HFocusing_5_10_4um_0_79.npy,4um,unclear,-12.864979937846158,-12.547361156085872,-14.190969172695418,-9.62319912396055,12,-10.0,median_snr_below_threshold,symlinked
train,HFocusing_5_10_4um_0_797.npy,P0/data/dataset_particles2SNR_c1/train/4um/HFocusing_5_10_4um_0_797.npy,P0/data/particles2SNR_4_class_lim10/train/unclear/HFocusing_5_10_4um_0_797.npy,4um,unclear,-13.371428569235924,-10.107308646895277,-18.64522772120632,5.6650741549905455,16,-10.0,median_snr_below_threshold,symlinked
train,HFocusing_5_10_4um_0_80.npy,P0/data/dataset_particles2SNR_c1/train/4um/HFocusing_5_10_4um_0_80.npy,P0/data/particles2SNR_4_class_lim10/train/unclear/HFocusing_5_10_4um_0_80.npy,4um,unclear,-12.638523796245762,-11.368168354523378,-19.516960619355697,3.899576187595652,11,-10.0,median_snr_below_threshold,symlinked
train,HFocusing_5_10_4um_0_800.npy,P0/data/dataset_particles2SNR_c1/train/4um/HFocusing_5_10_4um_0_800.npy,P0/data/particles2SNR_4_class_lim10/train/4um/HFocusing_5_10_4um_0_800.npy,4um,4um,-6.599146687847256,-5.9503009749428415,-18.024753942304454,6.302865752881315,10,-10.0,median_snr_at_or_above_threshold,symlinked
train,HFocusing_5_10_4um_0_803.npy,P0/data/dataset_particles2SNR_c1/train/4um/HFocusing_5_10_4um_0_803.npy,P0/data/particles2SNR_4_class_lim10/train/4um/HFocusing_5_10_4um_0_803.npy,4um,4um,-0.9335329754006181,-3.1366627623339536,-17.408141943426312,7.095945891255119,11,-10.0,median_snr_at_or_above_threshold,symlinked
train,HFocusing_5_10_4um_0_809.npy,P0/data/dataset_particles2SNR_c1/train/4um/HFocusing_5_10_4um_0_809.npy,P0/data/particles2SNR_4_class_lim10/train/unclear/HFocusing_5_10_4um_0_809.npy,4um,unclear,-12.42678227592706,-9.069824513367658,-15.648097343455081,4.467208723382487,13,-10.0,median_snr_below_threshold,symlinked
train,HFocusing_5_10_4um_0_812.npy,P0/data/dataset_particles2SNR_c1/train/4um/HFocusing_5_10_4um_0_812.npy,P0/data/particles2SNR_4_class_lim10/train/4um/HFocusing_5_10_4um_0_812.npy,4um,4um,-8.08933761843975,-6.855302653993508,-15.341479986703913,3.195559270187867,6,-10.0,median_snr_at_or_above_threshold,symlinked
train,HFocusing_5_10_4um_0_815.npy,P0/data/dataset_particles2SNR_c1/train/4um/HFocusing_5_10_4um_0_815.npy,P0/data/particles2SNR_4_class_lim10/train/4um/HFocusing_5_10_4um_0_815.npy,4um,4um,-5.917840337687629,-5.393205144128172,-16.287301044366075,9.587908993431945,10,-10.0,median_snr_at_or_above_threshold,symlinked
train,HFocusing_5_10_4um_0_818.npy,P0/data/dataset_particles2SNR_c1/train/4um/HFocusing_5_10_4um_0_818.npy,P0/data/particles2SNR_4_class_lim10/train/unclear/HFocusing_5_10_4um_0_818.npy,4um,unclear,-14.151804620969617,-12.4161364392839,-17.64466304309575,5.428855220144394,11,-10.0,median_snr_below_threshold,symlinked
train,HFocusing_5_10_4um_0_821.npy,P0/data/dataset_particles2SNR_c1/train/4um/HFocusing_5_10_4um_0_821.npy,P0/data/particles2SNR_4_class_lim10/train/unclear/HFocusing_5_10_4um_0_821.npy,4um,unclear,-11.278853055043262,-9.58678703205086,-20.926717142697385,4.480475564458365,10,-10.0,median_snr_below_threshold,symlinked
train,HFocusing_5_10_4um_0_824.npy,P0/data/dataset_particles2SNR_c1/train/4um/HFocusing_5_10_4um_0_824.npy,P0/data/particles2SNR_4_class_lim10/train/4um/HFocusing_5_10_4um_0_824.npy,4um,4um,-7.4113016352525705,-6.338822989255351,-16.079367393368674,6.417880626282395,12,-10.0,median_snr_at_or_above_threshold,symlinked
train,HFocusing_5_10_4um_0_827.npy,P0/data/dataset_particles2SNR_c1/train/4um/HFocusing_5_10_4um_0_827.npy,P0/data/particles2SNR_4_class_lim10/train/unclear/HFocusing_5_10_4um_0_827.npy,4um,unclear,-13.021169657063993,-10.106418391881071,-19.845472190392044,8.169457940471446,13,-10.0,median_snr_below_threshold,symlinked
train,HFocusing_5_10_4um_0_83.npy,P0/data/dataset_particles2SNR_c1/train/4um/HFocusing_5_10_4um_0_83.npy,P0/data/particles2SNR_4_class_lim10/train/unclear/HFocusing_5_10_4um_0_83.npy,4um,unclear,-14.611756557065892,-14.108395479430673,-17.176259888889298,-11.277986340810166,14,-10.0,median_snr_below_threshold,symlinked
train,HFocusing_5_10_4um_0_830.npy,P0/data/dataset_particles2SNR_c1/train/4um/HFocusing_5_10_4um_0_830.npy,P0/data/particles2SNR_4_class_lim10/train/4um/HFocusing_5_10_4um_0_830.npy,4um,4um,1.6555498546369851,-1.244647447046001,-14.493252647196307,4.984634887531171,10,-10.0,median_snr_at_or_above_threshold,symlinked
train,HFocusing_5_10_4um_0_833.npy,P0/data/dataset_particles2SNR_c1/train/4um/HFocusing_5_10_4um_0_833.npy,P0/data/particles2SNR_4_class_lim10/train/unclear/HFocusing_5_10_4um_0_833.npy,4um,unclear,-11.627253259582666,-10.43574910067603,-17.488118511313314,2.0050057074356498,14,-10.0,median_snr_below_threshold,symlinked
train,HFocusing_5_10_4um_0_836.npy,P0/data/dataset_particles2SNR_c1/train/4um/HFocusing_5_10_4um_0_836.npy,P0/data/particles2SNR_4_class_lim10/train/unclear/HFocusing_5_10_4um_0_836.npy,4um,unclear,-12.27002461205445,-7.718472001875583,-15.292953315503963,8.95093572119321,12,-10.0,median_snr_below_threshold,symlinked
train,HFocusing_5_10_4um_0_839.npy,P0/data/dataset_particles2SNR_c1/train/4um/HFocusing_5_10_4um_0_839.npy,P0/data/particles2SNR_4_class_lim10/train/unclear/HFocusing_5_10_4um_0_839.npy,4um,unclear,-12.927758854877263,-10.266764235320412,-15.46658869481263,5.86435710742967,9,-10.0,median_snr_below_threshold,symlinked
train,HFocusing_5_10_4um_0_84.npy,P0/data/dataset_particles2SNR_c1/train/4um/HFocusing_5_10_4um_0_84.npy,P0/data/particles2SNR_4_class_lim10/train/unclear/HFocusing_5_10_4um_0_84.npy,4um,unclear,-12.498128835955804,-11.056231884549062,-16.94807064599769,8.596988705127472,14,-10.0,median_snr_below_threshold,symlinked
train,HFocusing_5_10_4um_0_842.npy,P0/data/dataset_particles2SNR_c1/train/4um/HFocusing_5_10_4um_0_842.npy,P0/data/particles2SNR_4_class_lim10/train/unclear/HFocusing_5_10_4um_0_842.npy,4um,unclear,-11.459506220591063,-8.51920542310375,-19.19874430812016,12.054116653120168,14,-10.0,median_snr_below_threshold,symlinked
train,HFocusing_5_10_4um_0_845.npy,P0/data/dataset_particles2SNR_c1/train/4um/HFocusing_5_10_4um_0_845.npy,P0/data/particles2SNR_4_class_lim10/train/4um/HFocusing_5_10_4um_0_845.npy,4um,4um,-8.74084719333972,-6.514553652286303,-16.80771153244676,5.224307643160189,10,-10.0,median_snr_at_or_above_threshold,symlinked
train,HFocusing_5_10_4um_0_848.npy,P0/data/dataset_particles2SNR_c1/train/4um/HFocusing_5_10_4um_0_848.npy,P0/data/particles2SNR_4_class_lim10/train/4um/HFocusing_5_10_4um_0_848.npy,4um,4um,-8.673089124835709,-6.913517276406239,-17.620848490586116,3.3457594715795507,10,-10.0,median_snr_at_or_above_threshold,symlinked
train,HFocusing_5_10_4um_0_851.npy,P0/data/dataset_particles2SNR_c1/train/4um/HFocusing_5_10_4um_0_851.npy,P0/data/particles2SNR_4_class_lim10/train/4um/HFocusing_5_10_4um_0_851.npy,4um,4um,-8.981452827823343,-7.834378868479506,-17.84380519573032,7.653369195463862,10,-10.0,median_snr_at_or_above_threshold,symlinked
train,HFocusing_5_10_4um_0_853.npy,P0/data/dataset_particles2SNR_c1/train/4um/HFocusing_5_10_4um_0_853.npy,P0/data/particles2SNR_4_class_lim10/train/unclear/HFocusing_5_10_4um_0_853.npy,4um,unclear,-11.406660564885573,-9.326130867138714,-20.504564716734,2.4415978017552193,17,-10.0,median_snr_below_threshold,symlinked
train,HFocusing_5_10_4um_0_856.npy,P0/data/dataset_particles2SNR_c1/train/4um/HFocusing_5_10_4um_0_856.npy,P0/data/particles2SNR_4_class_lim10/train/4um/HFocusing_5_10_4um_0_856.npy,4um,4um,-2.9552490684967596,-3.074658104642831,-12.076453220513896,11.595859046292144,9,-10.0,median_snr_at_or_above_threshold,symlinked
train,HFocusing_5_10_4um_0_859.npy,P0/data/dataset_particles2SNR_c1/train/4um/HFocusing_5_10_4um_0_859.npy,P0/data/particles2SNR_4_class_lim10/train/4um/HFocusing_5_10_4um_0_859.npy,4um,4um,-0.831237066819279,-4.10352248367577,-18.216555859809493,5.453966078418196,7,-10.0,median_snr_at_or_above_threshold,symlinked
train,HFocusing_5_10_4um_0_862.npy,P0/data/dataset_particles2SNR_c1/train/4um/HFocusing_5_10_4um_0_862.npy,P0/data/particles2SNR_4_class_lim10/train/unclear/HFocusing_5_10_4um_0_862.npy,4um,unclear,-11.748673380906116,-8.880822259018744,-15.740325993474187,14.789660483479285,14,-10.0,median_snr_below_threshold,symlinked
train,HFocusing_5_10_4um_0_865.npy,P0/data/dataset_particles2SNR_c1/train/4um/HFocusing_5_10_4um_0_865.npy,P0/data/particles2SNR_4_class_lim10/train/unclear/HFocusing_5_10_4um_0_865.npy,4um,unclear,-11.10624439586249,-7.488876135887366,-18.29811696290663,3.926350071565874,14,-10.0,median_snr_below_threshold,symlinked
train,HFocusing_5_10_4um_0_868.npy,P0/data/dataset_particles2SNR_c1/train/4um/HFocusing_5_10_4um_0_868.npy,P0/data/particles2SNR_4_class_lim10/train/4um/HFocusing_5_10_4um_0_868.npy,4um,4um,-4.308266937452157,-5.624789560212563,-13.390774626636528,4.241983750011818,7,-10.0,median_snr_at_or_above_threshold,symlinked
train,HFocusing_5_10_4um_0_874.npy,P0/data/dataset_particles2SNR_c1/train/4um/HFocusing_5_10_4um_0_874.npy,P0/data/particles2SNR_4_class_lim10/train/unclear/HFocusing_5_10_4um_0_874.npy,4um,unclear,-12.009697037482654,-10.476553914838682,-18.105889808991865,4.857248198442918,12,-10.0,median_snr_below_threshold,symlinked
train,HFocusing_5_10_4um_0_878.npy,P0/data/dataset_particles2SNR_c1/train/4um/HFocusing_5_10_4um_0_878.npy,P0/data/particles2SNR_4_class_lim10/train/unclear/HFocusing_5_10_4um_0_878.npy,4um,unclear,-15.017207216989856,-13.004000647749802,-19.172431636417507,8.34274651825498,17,-10.0,median_snr_below_threshold,symlinked
train,HFocusing_5_10_4um_0_881.npy,P0/data/dataset_particles2SNR_c1/train/4um/HFocusing_5_10_4um_0_881.npy,P0/data/particles2SNR_4_class_lim10/train/unclear/HFocusing_5_10_4um_0_881.npy,4um,unclear,-13.857156255425442,-11.925671238794411,-17.157799326573947,8.061476715698753,11,-10.0,median_snr_below_threshold,symlinked
train,HFocusing_5_10_4um_0_884.npy,P0/data/dataset_particles2SNR_c1/train/4um/HFocusing_5_10_4um_0_884.npy,P0/data/particles2SNR_4_class_lim10/train/unclear/HFocusing_5_10_4um_0_884.npy,4um,unclear,-12.740015881653727,-8.326595668831251,-16.42250913617903,10.896522553564619,17,-10.0,median_snr_below_threshold,symlinked
train,HFocusing_5_10_4um_0_886.npy,P0/data/dataset_particles2SNR_c1/train/4um/HFocusing_5_10_4um_0_886.npy,P0/data/particles2SNR_4_class_lim10/train/unclear/HFocusing_5_10_4um_0_886.npy,4um,unclear,-11.832350375986554,-6.273375918040843,-15.68835787881576,6.556086382802214,8,-10.0,median_snr_below_threshold,symlinked
train,HFocusing_5_10_4um_0_889.npy,P0/data/dataset_particles2SNR_c1/train/4um/HFocusing_5_10_4um_0_889.npy,P0/data/particles2SNR_4_class_lim10/train/4um/HFocusing_5_10_4um_0_889.npy,4um,4um,-8.929955281910376,-4.644272805340147,-16.96893989672629,8.3893109893001,11,-10.0,median_snr_at_or_above_threshold,symlinked
train,HFocusing_5_10_4um_0_892.npy,P0/data/dataset_particles2SNR_c1/train/4um/HFocusing_5_10_4um_0_892.npy,P0/data/particles2SNR_4_class_lim10/train/unclear/HFocusing_5_10_4um_0_892.npy,4um,unclear,-11.05028124360871,-10.965868490681737,-15.969622165359901,-2.630397640438087,12,-10.0,median_snr_below_threshold,symlinked
train,HFocusing_5_10_4um_0_893.npy,P0/data/dataset_particles2SNR_c1/train/4um/HFocusing_5_10_4um_0_893.npy,P0/data/particles2SNR_4_class_lim10/train/unclear/HFocusing_5_10_4um_0_893.npy,4um,unclear,-12.07669990933406,-11.026804841336373,-22.686264324801265,11.06469986319713,11,-10.0,median_snr_below_threshold,symlinked
train,HFocusing_5_10_4um_0_899.npy,P0/data/dataset_particles2SNR_c1/train/4um/HFocusing_5_10_4um_0_899.npy,P0/data/particles2SNR_4_class_lim10/train/unclear/HFocusing_5_10_4um_0_899.npy,4um,unclear,-12.622452908538737,-9.873991530980792,-19.146909956630324,4.44820699537919,13,-10.0,median_snr_below_threshold,symlinked
train,HFocusing_5_10_4um_0_90.npy,P0/data/dataset_particles2SNR_c1/train/4um/HFocusing_5_10_4um_0_90.npy,P0/data/particles2SNR_4_class_lim10/train/unclear/HFocusing_5_10_4um_0_90.npy,4um,unclear,-12.645807844900636,-13.16734347905488,-19.181534535046293,-10.639874435757555,13,-10.0,median_snr_below_threshold,symlinked
train,HFocusing_5_10_4um_0_903.npy,P0/data/dataset_particles2SNR_c1/train/4um/HFocusing_5_10_4um_0_903.npy,P0/data/particles2SNR_4_class_lim10/train/4um/HFocusing_5_10_4um_0_903.npy,4um,4um,4.915709667466394,-1.1099962222934459,-17.36402899823824,10.49540307412936,6,-10.0,median_snr_at_or_above_threshold,symlinked
train,HFocusing_5_10_4um_0_906.npy,P0/data/dataset_particles2SNR_c1/train/4um/HFocusing_5_10_4um_0_906.npy,P0/data/particles2SNR_4_class_lim10/train/unclear/HFocusing_5_10_4um_0_906.npy,4um,unclear,-11.201044075830715,-6.779457013898103,-17.573411345931124,11.978569168931006,10,-10.0,median_snr_below_threshold,symlinked
train,HFocusing_5_10_4um_0_91.npy,P0/data/dataset_particles2SNR_c1/train/4um/HFocusing_5_10_4um_0_91.npy,P0/data/particles2SNR_4_class_lim10/train/unclear/HFocusing_5_10_4um_0_91.npy,4um,unclear,-10.931305174823553,-10.167369575830202,-16.450813514487553,2.002818136806759,12,-10.0,median_snr_below_threshold,symlinked
train,HFocusing_5_10_4um_0_912.npy,P0/data/dataset_particles2SNR_c1/train/4um/HFocusing_5_10_4um_0_912.npy,P0/data/particles2SNR_4_class_lim10/train/unclear/HFocusing_5_10_4um_0_912.npy,4um,unclear,-13.254482236212507,-9.523146809065834,-17.428112484685546,4.2520009322825105,13,-10.0,median_snr_below_threshold,symlinked
train,HFocusing_5_10_4um_0_915.npy,P0/data/dataset_particles2SNR_c1/train/4um/HFocusing_5_10_4um_0_915.npy,P0/data/particles2SNR_4_class_lim10/train/4um/HFocusing_5_10_4um_0_915.npy,4um,4um,-3.605283902741021,-5.6397252630426005,-20.35873693151059,5.510125884526128,9,-10.0,median_snr_at_or_above_threshold,symlinked
train,HFocusing_5_10_4um_0_921.npy,P0/data/dataset_particles2SNR_c1/train/4um/HFocusing_5_10_4um_0_921.npy,P0/data/particles2SNR_4_class_lim10/train/unclear/HFocusing_5_10_4um_0_921.npy,4um,unclear,-12.19495095057315,-8.203742982223263,-19.165479312465116,9.414133030072229,14,-10.0,median_snr_below_threshold,symlinked
train,HFocusing_5_10_4um_0_924.npy,P0/data/dataset_particles2SNR_c1/train/4um/HFocusing_5_10_4um_0_924.npy,P0/data/particles2SNR_4_class_lim10/train/4um/HFocusing_5_10_4um_0_924.npy,4um,4um,-8.551048766423218,-5.183766268986365,-15.28721309570984,6.999625341947295,8,-10.0,median_snr_at_or_above_threshold,symlinked
train,HFocusing_5_10_4um_0_930.npy,P0/data/dataset_particles2SNR_c1/train/4um/HFocusing_5_10_4um_0_930.npy,P0/data/particles2SNR_4_class_lim10/train/4um/HFocusing_5_10_4um_0_930.npy,4um,4um,-4.181152482059666,-3.54854034390646,-18.193455320221467,7.354284423262313,11,-10.0,median_snr_at_or_above_threshold,symlinked
train,HFocusing_5_10_4um_0_933.npy,P0/data/dataset_particles2SNR_c1/train/4um/HFocusing_5_10_4um_0_933.npy,P0/data/particles2SNR_4_class_lim10/train/4um/HFocusing_5_10_4um_0_933.npy,4um,4um,-9.93082179077948,-7.677225238444906,-14.918390159005066,2.3581133458118226,12,-10.0,median_snr_at_or_above_threshold,symlinked
train,HFocusing_5_10_4um_0_939.npy,P0/data/dataset_particles2SNR_c1/train/4um/HFocusing_5_10_4um_0_939.npy,P0/data/particles2SNR_4_class_lim10/train/unclear/HFocusing_5_10_4um_0_939.npy,4um,unclear,-11.176732140567388,-10.216797234778813,-20.67154747036152,3.6186742301995234,13,-10.0,median_snr_below_threshold,symlinked
train,HFocusing_5_10_4um_0_942.npy,P0/data/dataset_particles2SNR_c1/train/4um/HFocusing_5_10_4um_0_942.npy,P0/data/particles2SNR_4_class_lim10/train/unclear/HFocusing_5_10_4um_0_942.npy,4um,unclear,-10.66206876910659,-6.717399445449786,-17.27607163020044,7.9265403065679365,10,-10.0,median_snr_below_threshold,symlinked
train,HFocusing_5_10_4um_0_948.npy,P0/data/dataset_particles2SNR_c1/train/4um/HFocusing_5_10_4um_0_948.npy,P0/data/particles2SNR_4_class_lim10/train/unclear/HFocusing_5_10_4um_0_948.npy,4um,unclear,-10.865436973750947,-6.869885782657675,-24.07965640966885,9.214209528886801,14,-10.0,median_snr_below_threshold,symlinked
train,HFocusing_5_10_4um_0_951.npy,P0/data/dataset_particles2SNR_c1/train/4um/HFocusing_5_10_4um_0_951.npy,P0/data/particles2SNR_4_class_lim10/train/4um/HFocusing_5_10_4um_0_951.npy,4um,4um,-3.367470045348875,-3.2091836240287366,-14.922565469452902,9.07381758822844,11,-10.0,median_snr_at_or_above_threshold,symlinked
train,HFocusing_5_10_4um_0_954.npy,P0/data/dataset_particles2SNR_c1/train/4um/HFocusing_5_10_4um_0_954.npy,P0/data/particles2SNR_4_class_lim10/train/4um/HFocusing_5_10_4um_0_954.npy,4um,4um,-2.6552540124433617,-5.0324267698939185,-16.090949084251182,12.517613869571793,13,-10.0,median_snr_at_or_above_threshold,symlinked
train,HFocusing_5_10_4um_0_957.npy,P0/data/dataset_particles2SNR_c1/train/4um/HFocusing_5_10_4um_0_957.npy,P0/data/particles2SNR_4_class_lim10/train/unclear/HFocusing_5_10_4um_0_957.npy,4um,unclear,-13.267314620151023,-10.762136693591705,-18.693566299177565,3.8022705236132004,12,-10.0,median_snr_below_threshold,symlinked
train,HFocusing_5_10_4um_0_960.npy,P0/data/dataset_particles2SNR_c1/train/4um/HFocusing_5_10_4um_0_960.npy,P0/data/particles2SNR_4_class_lim10/train/unclear/HFocusing_5_10_4um_0_960.npy,4um,unclear,-13.46730763984344,-9.597616408283027,-23.723748865216166,7.809265680048425,16,-10.0,median_snr_below_threshold,symlinked
train,HFocusing_5_10_4um_0_963.npy,P0/data/dataset_particles2SNR_c1/train/4um/HFocusing_5_10_4um_0_963.npy,P0/data/particles2SNR_4_class_lim10/train/unclear/HFocusing_5_10_4um_0_963.npy,4um,unclear,-10.584543384244885,-8.324369097840439,-18.176063980371506,3.790909012171965,10,-10.0,median_snr_below_threshold,symlinked
train,HFocusing_5_10_4um_0_966.npy,P0/data/dataset_particles2SNR_c1/train/4um/HFocusing_5_10_4um_0_966.npy,P0/data/particles2SNR_4_class_lim10/train/4um/HFocusing_5_10_4um_0_966.npy,4um,4um,-8.08945574427049,-7.523035739085139,-18.66889872850162,7.050845192609524,8,-10.0,median_snr_at_or_above_threshold,symlinked
train,HFocusing_5_10_4um_0_969.npy,P0/data/dataset_particles2SNR_c1/train/4um/HFocusing_5_10_4um_0_969.npy,P0/data/particles2SNR_4_class_lim10/train/unclear/HFocusing_5_10_4um_0_969.npy,4um,unclear,-13.489156277075233,-10.35048014032463,-17.84400725552694,7.164813224854754,11,-10.0,median_snr_below_threshold,symlinked
train,HFocusing_5_10_4um_0_972.npy,P0/data/dataset_particles2SNR_c1/train/4um/HFocusing_5_10_4um_0_972.npy,P0/data/particles2SNR_4_class_lim10/train/unclear/HFocusing_5_10_4um_0_972.npy,4um,unclear,-12.403506095077201,-9.3814968555757,-19.3495868795048,5.463609056792213,14,-10.0,median_snr_below_threshold,symlinked
train,HFocusing_5_10_4um_0_975.npy,P0/data/dataset_particles2SNR_c1/train/4um/HFocusing_5_10_4um_0_975.npy,P0/data/particles2SNR_4_class_lim10/train/unclear/HFocusing_5_10_4um_0_975.npy,4um,unclear,-11.410092672371684,-8.848045473992618,-13.610749694829247,10.084792757511,8,-10.0,median_snr_below_threshold,symlinked
train,HFocusing_5_10_4um_0_977.npy,P0/data/dataset_particles2SNR_c1/train/4um/HFocusing_5_10_4um_0_977.npy,P0/data/particles2SNR_4_class_lim10/train/unclear/HFocusing_5_10_4um_0_977.npy,4um,unclear,-11.073581345557091,-7.156361309802899,-14.942266590155944,4.230497554595749,12,-10.0,median_snr_below_threshold,symlinked
train,HFocusing_5_10_4um_0_980.npy,P0/data/dataset_particles2SNR_c1/train/4um/HFocusing_5_10_4um_0_980.npy,P0/data/particles2SNR_4_class_lim10/train/4um/HFocusing_5_10_4um_0_980.npy,4um,4um,1.7040189462054494,-0.4660554020953024,-17.645732659128413,13.42583738780193,8,-10.0,median_snr_at_or_above_threshold,symlinked
train,HFocusing_5_10_4um_0_983.npy,P0/data/dataset_particles2SNR_c1/train/4um/HFocusing_5_10_4um_0_983.npy,P0/data/particles2SNR_4_class_lim10/train/unclear/HFocusing_5_10_4um_0_983.npy,4um,unclear,-13.134273969238905,-10.303215444012304,-17.339428628571554,6.115915108853831,12,-10.0,median_snr_below_threshold,symlinked
train,HFocusing_5_10_4um_0_989.npy,P0/data/dataset_particles2SNR_c1/train/4um/HFocusing_5_10_4um_0_989.npy,P0/data/particles2SNR_4_class_lim10/train/unclear/HFocusing_5_10_4um_0_989.npy,4um,unclear,-12.746012491998812,-9.604415793721149,-20.1314063862705,4.521662417542728,16,-10.0,median_snr_below_threshold,symlinked
train,HFocusing_5_10_4um_0_992.npy,P0/data/dataset_particles2SNR_c1/train/4um/HFocusing_5_10_4um_0_992.npy,P0/data/particles2SNR_4_class_lim10/train/4um/HFocusing_5_10_4um_0_992.npy,4um,4um,-1.8901805177149755,-4.011470336661614,-17.568354742575035,7.360338333241443,8,-10.0,median_snr_at_or_above_threshold,symlinked
train,HFocusing_5_10_4um_0_995.npy,P0/data/dataset_particles2SNR_c1/train/4um/HFocusing_5_10_4um_0_995.npy,P0/data/particles2SNR_4_class_lim10/train/unclear/HFocusing_5_10_4um_0_995.npy,4um,unclear,-12.056668481239853,-11.092468927002791,-19.06448525320588,3.730984819005434,16,-10.0,median_snr_below_threshold,symlinked
train,HFocusing_5_10_10um_0_1.npy,P0/data/dataset_particles2SNR_c1/train/10um/HFocusing_5_10_10um_0_1.npy,P0/data/particles2SNR_4_class_lim10/train/unclear/HFocusing_5_10_10um_0_1.npy,10um,unclear,-12.33586055504237,-10.392204925915438,-15.31256825072697,15.237635456054093,11,-10.0,median_snr_below_threshold,symlinked
train,HFocusing_5_10_10um_0_10.npy,P0/data/dataset_particles2SNR_c1/train/10um/HFocusing_5_10_10um_0_10.npy,P0/data/particles2SNR_4_class_lim10/train/unclear/HFocusing_5_10_10um_0_10.npy,10um,unclear,-13.457040648294873,-13.443835911790442,-14.585280043324891,-12.275982307247128,4,-10.0,median_snr_below_threshold,symlinked
train,HFocusing_5_10_10um_0_100.npy,P0/data/dataset_particles2SNR_c1/train/10um/HFocusing_5_10_10um_0_100.npy,P0/data/particles2SNR_4_class_lim10/train/unclear/HFocusing_5_10_10um_0_100.npy,10um,unclear,-11.815019100610701,-11.785441182703458,-14.072348158258608,-9.832637439668446,11,-10.0,median_snr_below_threshold,symlinked
train,HFocusing_5_10_10um_0_1000.npy,P0/data/dataset_particles2SNR_c1/train/10um/HFocusing_5_10_10um_0_1000.npy,P0/data/particles2SNR_4_class_lim10/train/unclear/HFocusing_5_10_10um_0_1000.npy,10um,unclear,-12.319344260346966,-10.844492393665696,-16.693700182408744,4.654944698573234,11,-10.0,median_snr_below_threshold,symlinked
train,HFocusing_5_10_10um_0_1003.npy,P0/data/dataset_particles2SNR_c1/train/10um/HFocusing_5_10_10um_0_1003.npy,P0/data/particles2SNR_4_class_lim10/train/10um/HFocusing_5_10_10um_0_1003.npy,10um,10um,2.1666800080130617,-0.34034433390792074,-19.649252502456992,19.651322575363615,7,-10.0,median_snr_at_or_above_threshold,symlinked
train,HFocusing_5_10_10um_0_1006.npy,P0/data/dataset_particles2SNR_c1/train/10um/HFocusing_5_10_10um_0_1006.npy,P0/data/particles2SNR_4_class_lim10/train/unclear/HFocusing_5_10_10um_0_1006.npy,10um,unclear,-13.573666724379963,-9.409751773586065,-13.892546759783663,3.4008731141993294,4,-10.0,median_snr_below_threshold,symlinked
train,HFocusing_5_10_10um_0_1009.npy,P0/data/dataset_particles2SNR_c1/train/10um/HFocusing_5_10_10um_0_1009.npy,P0/data/particles2SNR_4_class_lim10/train/unclear/HFocusing_5_10_10um_0_1009.npy,10um,unclear,-14.141301469354698,-10.51470125725676,-17.630324735576487,11.066412009663944,10,-10.0,median_snr_below_threshold,symlinked
train,HFocusing_5_10_10um_0_101.npy,P0/data/dataset_particles2SNR_c1/train/10um/HFocusing_5_10_10um_0_101.npy,P0/data/particles2SNR_4_class_lim10/train/unclear/HFocusing_5_10_10um_0_101.npy,10um,unclear,-12.660358361184885,-12.756482770564174,-17.01752830357866,-6.341510686216244,19,-10.0,median_snr_below_threshold,symlinked
train,HFocusing_5_10_10um_0_1013.npy,P0/data/dataset_particles2SNR_c1/train/10um/HFocusing_5_10_10um_0_1013.npy,P0/data/particles2SNR_4_class_lim10/train/unclear/HFocusing_5_10_10um_0_1013.npy,10um,unclear,-13.318702096286412,-11.082589810254712,-16.752117282388475,3.2363119463388363,9,-10.0,median_snr_below_threshold,symlinked
train,HFocusing_5_10_10um_0_1015.npy,P0/data/dataset_particles2SNR_c1/train/10um/HFocusing_5_10_10um_0_1015.npy,P0/data/particles2SNR_4_class_lim10/train/unclear/HFocusing_5_10_10um_0_1015.npy,10um,unclear,-11.910112643692706,-12.050491399598787,-15.782643864515727,-9.43909289577388,8,-10.0,median_snr_below_threshold,symlinked
train,HFocusing_5_10_10um_0_1016.npy,P0/data/dataset_particles2SNR_c1/train/10um/HFocusing_5_10_10um_0_1016.npy,P0/data/particles2SNR_4_class_lim10/train/unclear/HFocusing_5_10_10um_0_1016.npy,10um,unclear,-11.550483788738447,-10.618753214784292,-19.534939696989888,0.8038753904979123,12,-10.0,median_snr_below_threshold,symlinked
train,HFocusing_5_10_10um_0_1019.npy,P0/data/dataset_particles2SNR_c1/train/10um/HFocusing_5_10_10um_0_1019.npy,P0/data/particles2SNR_4_class_lim10/train/unclear/HFocusing_5_10_10um_0_1019.npy,10um,unclear,-11.456526422024183,-5.468326955150147,-13.229233500781184,11.184128236429753,6,-10.0,median_snr_below_threshold,symlinked
train,HFocusing_5_10_10um_0_1022.npy,P0/data/dataset_particles2SNR_c1/train/10um/HFocusing_5_10_10um_0_1022.npy,P0/data/particles2SNR_4_class_lim10/train/10um/HFocusing_5_10_10um_0_1022.npy,10um,10um,-9.262454931076674,-4.522290574324601,-14.609241724282295,17.505332778488963,11,-10.0,median_snr_at_or_above_threshold,symlinked
train,HFocusing_5_10_10um_0_1025.npy,P0/data/dataset_particles2SNR_c1/train/10um/HFocusing_5_10_10um_0_1025.npy,P0/data/particles2SNR_4_class_lim10/train/unclear/HFocusing_5_10_10um_0_1025.npy,10um,unclear,-10.308207901640499,-9.551910195944426,-14.858432344974734,3.542063954504381,9,-10.0,median_snr_below_threshold,symlinked
train,HFocusing_5_10_10um_0_1027.npy,P0/data/dataset_particles2SNR_c1/train/10um/HFocusing_5_10_10um_0_1027.npy,P0/data/particles2SNR_4_class_lim10/train/10um/HFocusing_5_10_10um_0_1027.npy,10um,10um,-9.377546993205328,-8.240748456032517,-12.689627483024758,-2.641661393644754,5,-10.0,median_snr_at_or_above_threshold,symlinked
train,HFocusing_5_10_10um_0_1033.npy,P0/data/dataset_particles2SNR_c1/train/10um/HFocusing_5_10_10um_0_1033.npy,P0/data/particles2SNR_4_class_lim10/train/10um/HFocusing_5_10_10um_0_1033.npy,10um,10um,-7.222919139294379,-7.222919139294379,-10.000962921054947,-4.44487535753381,2,-10.0,median_snr_at_or_above_threshold,symlinked
train,HFocusing_5_10_10um_0_1037.npy,P0/data/dataset_particles2SNR_c1/train/10um/HFocusing_5_10_10um_0_1037.npy,P0/data/particles2SNR_4_class_lim10/train/unclear/HFocusing_5_10_10um_0_1037.npy,10um,unclear,-11.955172816060042,-10.914362191599059,-16.645569872232706,6.59253191586428,14,-10.0,median_snr_below_threshold,symlinked
train,HFocusing_5_10_10um_0_1039.npy,P0/data/dataset_particles2SNR_c1/train/10um/HFocusing_5_10_10um_0_1039.npy,P0/data/particles2SNR_4_class_lim10/train/unclear/HFocusing_5_10_10um_0_1039.npy,10um,unclear,-13.399214219106481,-14.076077071997384,-15.569874541008504,-13.259142455877168,3,-10.0,median_snr_below_threshold,symlinked
train,HFocusing_5_10_10um_0_104.npy,P0/data/dataset_particles2SNR_c1/train/10um/HFocusing_5_10_10um_0_104.npy,P0/data/particles2SNR_4_class_lim10/train/unclear/HFocusing_5_10_10um_0_104.npy,10um,unclear,-11.602801807313867,-10.0485469134241,-14.972825665124992,5.8742525974080095,8,-10.0,median_snr_below_threshold,symlinked
train,HFocusing_5_10_10um_0_1043.npy,P0/data/dataset_particles2SNR_c1/train/10um/HFocusing_5_10_10um_0_1043.npy,P0/data/particles2SNR_4_class_lim10/train/unclear/HFocusing_5_10_10um_0_1043.npy,10um,unclear,-10.897763337737635,-8.61892977704231,-13.23634170533843,4.240519943098589,8,-10.0,median_snr_below_threshold,symlinked
train,HFocusing_5_10_10um_0_1046.npy,P0/data/dataset_particles2SNR_c1/train/10um/HFocusing_5_10_10um_0_1046.npy,P0/data/particles2SNR_4_class_lim10/train/10um/HFocusing_5_10_10um_0_1046.npy,10um,10um,-3.422967198991996,-3.6411033940293924,-15.193802647949585,10.860388837786434,7,-10.0,median_snr_at_or_above_threshold,symlinked
train,HFocusing_5_10_10um_0_1048.npy,P0/data/dataset_particles2SNR_c1/train/10um/HFocusing_5_10_10um_0_1048.npy,P0/data/particles2SNR_4_class_lim10/train/unclear/HFocusing_5_10_10um_0_1048.npy,10um,unclear,-11.190644838747131,-11.682776177676235,-14.385449165357238,-9.964365867853443,4,-10.0,median_snr_below_threshold,symlinked
train,HFocusing_5_10_10um_0_1049.npy,P0/data/dataset_particles2SNR_c1/train/10um/HFocusing_5_10_10um_0_1049.npy,P0/data/particles2SNR_4_class_lim10/train/unclear/HFocusing_5_10_10um_0_1049.npy,10um,unclear,-11.349327570302371,-10.484441466109528,-15.028964782730881,0.38101782713428956,14,-10.0,median_snr_below_threshold,symlinked
train,HFocusing_5_10_10um_0_1052.npy,P0/data/dataset_particles2SNR_c1/train/10um/HFocusing_5_10_10um_0_1052.npy,P0/data/particles2SNR_4_class_lim10/train/10um/HFocusing_5_10_10um_0_1052.npy,10um,10um,-9.900384106790746,-8.920687148997866,-13.765662555720251,2.6039120646116665,7,-10.0,median_snr_at_or_above_threshold,symlinked
train,HFocusing_5_10_10um_0_1055.npy,P0/data/dataset_particles2SNR_c1/train/10um/HFocusing_5_10_10um_0_1055.npy,P0/data/particles2SNR_4_class_lim10/train/10um/HFocusing_5_10_10um_0_1055.npy,10um,10um,-4.089860207305701,-4.226265728476649,-8.430840085309857,-1.537802222810094,8,-10.0,median_snr_at_or_above_threshold,symlinked
train,HFocusing_5_10_10um_0_1056.npy,P0/data/dataset_particles2SNR_c1/train/10um/HFocusing_5_10_10um_0_1056.npy,P0/data/particles2SNR_4_class_lim10/train/unclear/HFocusing_5_10_10um_0_1056.npy,10um,unclear,-10.495707404057582,-7.203181307963658,-13.832137760151792,9.211492009851638,12,-10.0,median_snr_below_threshold,symlinked
train,HFocusing_5_10_10um_0_1059.npy,P0/data/dataset_particles2SNR_c1/train/10um/HFocusing_5_10_10um_0_1059.npy,P0/data/particles2SNR_4_class_lim10/train/10um/HFocusing_5_10_10um_0_1059.npy,10um,10um,-4.05719250486679,-1.2935644546015126,-12.651619702955204,11.45134003644112,6,-10.0,median_snr_at_or_above_threshold,symlinked
train,HFocusing_5_10_10um_0_1062.npy,P0/data/dataset_particles2SNR_c1/train/10um/HFocusing_5_10_10um_0_1062.npy,P0/data/particles2SNR_4_class_lim10/train/unclear/HFocusing_5_10_10um_0_1062.npy,10um,unclear,-13.410729636277312,-11.192603143642371,-16.518939187029503,8.074864504206726,13,-10.0,median_snr_below_threshold,symlinked
train,HFocusing_5_10_10um_0_1065.npy,P0/data/dataset_particles2SNR_c1/train/10um/HFocusing_5_10_10um_0_1065.npy,P0/data/particles2SNR_4_class_lim10/train/10um/HFocusing_5_10_10um_0_1065.npy,10um,10um,-9.897339655918335,-6.956546607865813,-17.994292681254667,12.357811661992685,5,-10.0,median_snr_at_or_above_threshold,symlinked
train,HFocusing_5_10_10um_0_1068.npy,P0/data/dataset_particles2SNR_c1/train/10um/HFocusing_5_10_10um_0_1068.npy,P0/data/particles2SNR_4_class_lim10/train/unclear/HFocusing_5_10_10um_0_1068.npy,10um,unclear,-12.926738825106707,-9.423940563074227,-15.242786773169179,10.281800178788087,6,-10.0,median_snr_below_threshold,symlinked
train,HFocusing_5_10_10um_0_107.npy,P0/data/dataset_particles2SNR_c1/train/10um/HFocusing_5_10_10um_0_107.npy,P0/data/particles2SNR_4_class_lim10/train/10um/HFocusing_5_10_10um_0_107.npy,10um,10um,-4.247889762433581,-3.8491576515627934,-6.563583590467948,0.29891239968357397,7,-10.0,median_snr_at_or_above_threshold,symlinked
train,HFocusing_5_10_10um_0_1070.npy,P0/data/dataset_particles2SNR_c1/train/10um/HFocusing_5_10_10um_0_1070.npy,P0/data/particles2SNR_4_class_lim10/train/10um/HFocusing_5_10_10um_0_1070.npy,10um,10um,-9.11432757733634,-3.5642005821223,-10.960721697692735,9.850136478615637,6,-10.0,median_snr_at_or_above_threshold,symlinked
train,HFocusing_5_10_10um_0_1073.npy,P0/data/dataset_particles2SNR_c1/train/10um/HFocusing_5_10_10um_0_1073.npy,P0/data/particles2SNR_4_class_lim10/train/unclear/HFocusing_5_10_10um_0_1073.npy,10um,unclear,-11.21770103879326,-11.195618496138687,-12.867880696448834,-9.36767190759882,5,-10.0,median_snr_below_threshold,symlinked
train,HFocusing_5_10_10um_0_1074.npy,P0/data/dataset_particles2SNR_c1/train/10um/HFocusing_5_10_10um_0_1074.npy,P0/data/particles2SNR_4_class_lim10/train/unclear/HFocusing_5_10_10um_0_1074.npy,10um,unclear,-11.105110620325853,-9.229039443643074,-13.352334634866232,7.170708551876437,8,-10.0,median_snr_below_threshold,symlinked
train,HFocusing_5_10_10um_0_1077.npy,P0/data/dataset_particles2SNR_c1/train/10um/HFocusing_5_10_10um_0_1077.npy,P0/data/particles2SNR_4_class_lim10/train/10um/HFocusing_5_10_10um_0_1077.npy,10um,10um,-9.874509872148547,-7.362269179578779,-14.427218454351106,7.90342594817683,6,-10.0,median_snr_at_or_above_threshold,symlinked
train,HFocusing_5_10_10um_0_108.npy,P0/data/dataset_particles2SNR_c1/train/10um/HFocusing_5_10_10um_0_108.npy,P0/data/particles2SNR_4_class_lim10/train/10um/HFocusing_5_10_10um_0_108.npy,10um,10um,-3.713809730870431,-1.6478253965932685,-14.113380459453499,21.794206601309597,9,-10.0,median_snr_at_or_above_threshold,symlinked
train,HFocusing_5_10_10um_0_1083.npy,P0/data/dataset_particles2SNR_c1/train/10um/HFocusing_5_10_10um_0_1083.npy,P0/data/particles2SNR_4_class_lim10/train/10um/HFocusing_5_10_10um_0_1083.npy,10um,10um,-3.4836163743142063,-3.4127379910003848,-7.435242782100495,-0.3414336474367524,10,-10.0,median_snr_at_or_above_threshold,symlinked
train,HFocusing_5_10_10um_0_1084.npy,P0/data/dataset_particles2SNR_c1/train/10um/HFocusing_5_10_10um_0_1084.npy,P0/data/particles2SNR_4_class_lim10/train/10um/HFocusing_5_10_10um_0_1084.npy,10um,10um,-7.030060409276802,-6.347559059216617,-14.31359684670866,9.560838658911525,8,-10.0,median_snr_at_or_above_threshold,symlinked
train,HFocusing_5_10_10um_0_1087.npy,P0/data/dataset_particles2SNR_c1/train/10um/HFocusing_5_10_10um_0_1087.npy,P0/data/particles2SNR_4_class_lim10/train/10um/HFocusing_5_10_10um_0_1087.npy,10um,10um,-7.09702976300979,-6.010036186281833,-15.96770384462146,8.055907375149749,9,-10.0,median_snr_at_or_above_threshold,symlinked
train,HFocusing_5_10_10um_0_1090.npy,P0/data/dataset_particles2SNR_c1/train/10um/HFocusing_5_10_10um_0_1090.npy,P0/data/particles2SNR_4_class_lim10/train/unclear/HFocusing_5_10_10um_0_1090.npy,10um,unclear,-14.623730232938069,-15.002725076417732,-17.395890263447523,-11.711187901842228,8,-10.0,median_snr_below_threshold,symlinked
train,HFocusing_5_10_10um_0_1094.npy,P0/data/dataset_particles2SNR_c1/train/10um/HFocusing_5_10_10um_0_1094.npy,P0/data/particles2SNR_4_class_lim10/train/10um/HFocusing_5_10_10um_0_1094.npy,10um,10um,-7.81431086069103,-7.578230089066638,-10.4910396769421,-4.868878742422078,10,-10.0,median_snr_at_or_above_threshold,symlinked
train,HFocusing_5_10_10um_0_1098.npy,P0/data/dataset_particles2SNR_c1/train/10um/HFocusing_5_10_10um_0_1098.npy,P0/data/particles2SNR_4_class_lim10/train/10um/HFocusing_5_10_10um_0_1098.npy,10um,10um,1.7159664571074802,2.569373846788121,-3.0636928662862006,8.21626652304588,10,-10.0,median_snr_at_or_above_threshold,symlinked
train,HFocusing_5_10_10um_0_1099.npy,P0/data/dataset_particles2SNR_c1/train/10um/HFocusing_5_10_10um_0_1099.npy,P0/data/particles2SNR_4_class_lim10/train/10um/HFocusing_5_10_10um_0_1099.npy,10um,10um,-4.372560565136656,-4.372560565136656,-6.389216392629814,-2.355904737643498,2,-10.0,median_snr_at_or_above_threshold,symlinked
train,HFocusing_5_10_10um_0_11.npy,P0/data/dataset_particles2SNR_c1/train/10um/HFocusing_5_10_10um_0_11.npy,P0/data/particles2SNR_4_class_lim10/train/unclear/HFocusing_5_10_10um_0_11.npy,10um,unclear,-12.644922299044428,-10.844227281284363,-15.54643813614126,6.071194926305214,14,-10.0,median_snr_below_threshold,symlinked
train,HFocusing_5_10_10um_0_1102.npy,P0/data/dataset_particles2SNR_c1/train/10um/HFocusing_5_10_10um_0_1102.npy,P0/data/particles2SNR_4_class_lim10/train/10um/HFocusing_5_10_10um_0_1102.npy,10um,10um,-8.905368048928901,-7.332060698857559,-15.149970815996873,8.207209079320199,8,-10.0,median_snr_at_or_above_threshold,symlinked
train,HFocusing_5_10_10um_0_1108.npy,P0/data/dataset_particles2SNR_c1/train/10um/HFocusing_5_10_10um_0_1108.npy,P0/data/particles2SNR_4_class_lim10/train/unclear/HFocusing_5_10_10um_0_1108.npy,10um,unclear,-10.7504512732089,-7.519435339694553,-13.169600051366883,8.66657175875375,7,-10.0,median_snr_below_threshold,symlinked
train,HFocusing_5_10_10um_0_111.npy,P0/data/dataset_particles2SNR_c1/train/10um/HFocusing_5_10_10um_0_111.npy,P0/data/particles2SNR_4_class_lim10/train/unclear/HFocusing_5_10_10um_0_111.npy,10um,unclear,-14.03494246857501,-13.16823107015793,-14.699060828400977,-10.770689913497797,3,-10.0,median_snr_below_threshold,symlinked
train,HFocusing_5_10_10um_0_1110.npy,P0/data/dataset_particles2SNR_c1/train/10um/HFocusing_5_10_10um_0_1110.npy,P0/data/particles2SNR_4_class_lim10/train/unclear/HFocusing_5_10_10um_0_1110.npy,10um,unclear,-12.713322635822259,-12.471062338865393,-15.594304211659844,-8.95256729730402,8,-10.0,median_snr_below_threshold,symlinked
train,HFocusing_5_10_10um_0_1111.npy,P0/data/dataset_particles2SNR_c1/train/10um/HFocusing_5_10_10um_0_1111.npy,P0/data/particles2SNR_4_class_lim10/train/10um/HFocusing_5_10_10um_0_1111.npy,10um,10um,-9.904930864279262,-6.176124080134313,-11.708483692297618,6.813849100318887,4,-10.0,median_snr_at_or_above_threshold,symlinked
train,HFocusing_5_10_10um_0_1115.npy,P0/data/dataset_particles2SNR_c1/train/10um/HFocusing_5_10_10um_0_1115.npy,P0/data/particles2SNR_4_class_lim10/train/unclear/HFocusing_5_10_10um_0_1115.npy,10um,unclear,-10.80601328531479,-9.505973557303577,-13.234162287106471,0.7697366238130555,8,-10.0,median_snr_below_threshold,symlinked
train,HFocusing_5_10_10um_0_112.npy,P0/data/dataset_particles2SNR_c1/train/10um/HFocusing_5_10_10um_0_112.npy,P0/data/particles2SNR_4_class_lim10/train/10um/HFocusing_5_10_10um_0_112.npy,10um,10um,-9.598044161271993,-7.758937072678489,-16.730679907704186,4.891019939534214,4,-10.0,median_snr_at_or_above_threshold,symlinked
train,HFocusing_5_10_10um_0_1120.npy,P0/data/dataset_particles2SNR_c1/train/10um/HFocusing_5_10_10um_0_1120.npy,P0/data/particles2SNR_4_class_lim10/train/unclear/HFocusing_5_10_10um_0_1120.npy,10um,unclear,-11.35611712149473,-12.103202992711044,-15.860717838715594,-9.712287609214666,10,-10.0,median_snr_below_threshold,symlinked
train,HFocusing_5_10_10um_0_1121.npy,P0/data/dataset_particles2SNR_c1/train/10um/HFocusing_5_10_10um_0_1121.npy,P0/data/particles2SNR_4_class_lim10/train/10um/HFocusing_5_10_10um_0_1121.npy,10um,10um,-8.88601300978476,-8.73109856849568,-17.994387099345573,8.52258861720365,12,-10.0,median_snr_at_or_above_threshold,symlinked
train,HFocusing_5_10_10um_0_1123.npy,P0/data/dataset_particles2SNR_c1/train/10um/HFocusing_5_10_10um_0_1123.npy,P0/data/particles2SNR_4_class_lim10/train/unclear/HFocusing_5_10_10um_0_1123.npy,10um,unclear,-12.04303055340646,-11.998614755819283,-15.17843787301181,-9.241903882361175,6,-10.0,median_snr_below_threshold,symlinked
train,HFocusing_5_10_10um_0_1124.npy,P0/data/dataset_particles2SNR_c1/train/10um/HFocusing_5_10_10um_0_1124.npy,P0/data/particles2SNR_4_class_lim10/train/unclear/HFocusing_5_10_10um_0_1124.npy,10um,unclear,-12.393492408948926,-7.9236358827663,-13.23604073181681,6.328482018649465,4,-10.0,median_snr_below_threshold,symlinked
train,HFocusing_5_10_10um_0_1130.npy,P0/data/dataset_particles2SNR_c1/train/10um/HFocusing_5_10_10um_0_1130.npy,P0/data/particles2SNR_4_class_lim10/train/10um/HFocusing_5_10_10um_0_1130.npy,10um,10um,-9.618970180859838,-8.005179515728589,-14.699228388998307,8.189008841982776,8,-10.0,median_snr_at_or_above_threshold,symlinked
train,HFocusing_5_10_10um_0_1133.npy,P0/data/dataset_particles2SNR_c1/train/10um/HFocusing_5_10_10um_0_1133.npy,P0/data/particles2SNR_4_class_lim10/train/10um/HFocusing_5_10_10um_0_1133.npy,10um,10um,-9.996669626161045,-0.9443394480086909,-10.323445442157999,17.48709672429297,3,-10.0,median_snr_at_or_above_threshold,symlinked
train,HFocusing_5_10_10um_0_1137.npy,P0/data/dataset_particles2SNR_c1/train/10um/HFocusing_5_10_10um_0_1137.npy,P0/data/particles2SNR_4_class_lim10/train/unclear/HFocusing_5_10_10um_0_1137.npy,10um,unclear,-11.174814569996773,-6.727380531119285,-13.537368168117446,7.1128873205614385,6,-10.0,median_snr_below_threshold,symlinked
train,HFocusing_5_10_10um_0_1142.npy,P0/data/dataset_particles2SNR_c1/train/10um/HFocusing_5_10_10um_0_1142.npy,P0/data/particles2SNR_4_class_lim10/train/10um/HFocusing_5_10_10um_0_1142.npy,10um,10um,-4.963531712805473,-2.3675729960241934,-6.9746698461299905,13.412456012307612,6,-10.0,median_snr_at_or_above_threshold,symlinked
train,HFocusing_5_10_10um_0_1148.npy,P0/data/dataset_particles2SNR_c1/train/10um/HFocusing_5_10_10um_0_1148.npy,P0/data/particles2SNR_4_class_lim10/train/10um/HFocusing_5_10_10um_0_1148.npy,10um,10um,-8.291327738393026,-8.182529932663767,-10.535688307491402,-6.056810391919577,8,-10.0,median_snr_at_or_above_threshold,symlinked
train,HFocusing_5_10_10um_0_1149.npy,P0/data/dataset_particles2SNR_c1/train/10um/HFocusing_5_10_10um_0_1149.npy,P0/data/particles2SNR_4_class_lim10/train/unclear/HFocusing_5_10_10um_0_1149.npy,10um,unclear,-10.913766949916859,-5.223674365640895,-14.310752047944554,15.935377863079346,7,-10.0,median_snr_below_threshold,symlinked
train,HFocusing_5_10_10um_0_115.npy,P0/data/dataset_particles2SNR_c1/train/10um/HFocusing_5_10_10um_0_115.npy,P0/data/particles2SNR_4_class_lim10/train/unclear/HFocusing_5_10_10um_0_115.npy,10um,unclear,-12.808771642572847,-12.693153879948541,-19.322746019742382,-8.10789361810409,12,-10.0,median_snr_below_threshold,symlinked
train,HFocusing_5_10_10um_0_1154.npy,P0/data/dataset_particles2SNR_c1/train/10um/HFocusing_5_10_10um_0_1154.npy,P0/data/particles2SNR_4_class_lim10/train/10um/HFocusing_5_10_10um_0_1154.npy,10um,10um,-6.213635945542775,-6.825082388931922,-11.00523741245782,-2.8054753423916514,7,-10.0,median_snr_at_or_above_threshold,symlinked
train,HFocusing_5_10_10um_0_1155.npy,P0/data/dataset_particles2SNR_c1/train/10um/HFocusing_5_10_10um_0_1155.npy,P0/data/particles2SNR_4_class_lim10/train/unclear/HFocusing_5_10_10um_0_1155.npy,10um,unclear,-11.765860961172912,-10.987937072575969,-16.826278220001566,0.3719091173302009,7,-10.0,median_snr_below_threshold,symlinked
train,HFocusing_5_10_10um_0_1158.npy,P0/data/dataset_particles2SNR_c1/train/10um/HFocusing_5_10_10um_0_1158.npy,P0/data/particles2SNR_4_class_lim10/train/10um/HFocusing_5_10_10um_0_1158.npy,10um,10um,-8.954705472399812,-6.505072602802096,-15.437858274676833,8.98419851909552,5,-10.0,median_snr_at_or_above_threshold,symlinked
train,HFocusing_5_10_10um_0_1161.npy,P0/data/dataset_particles2SNR_c1/train/10um/HFocusing_5_10_10um_0_1161.npy,P0/data/particles2SNR_4_class_lim10/train/10um/HFocusing_5_10_10um_0_1161.npy,10um,10um,-5.724913878015738,-6.693603332697698,-10.595192962512783,-5.184233296547794,5,-10.0,median_snr_at_or_above_threshold,symlinked
train,HFocusing_5_10_10um_0_1167.npy,P0/data/dataset_particles2SNR_c1/train/10um/HFocusing_5_10_10um_0_1167.npy,P0/data/particles2SNR_4_class_lim10/train/unclear/HFocusing_5_10_10um_0_1167.npy,10um,unclear,-11.85242164038955,-11.359282065979231,-13.057472931804577,-9.16795162574357,3,-10.0,median_snr_below_threshold,symlinked
train,HFocusing_5_10_10um_0_1168.npy,P0/data/dataset_particles2SNR_c1/train/10um/HFocusing_5_10_10um_0_1168.npy,P0/data/particles2SNR_4_class_lim10/train/10um/HFocusing_5_10_10um_0_1168.npy,10um,10um,-0.536229078766242,-0.536229078766242,-3.1316786321224503,2.0592204745899663,2,-10.0,median_snr_at_or_above_threshold,symlinked
train,HFocusing_5_10_10um_0_1171.npy,P0/data/dataset_particles2SNR_c1/train/10um/HFocusing_5_10_10um_0_1171.npy,P0/data/particles2SNR_4_class_lim10/train/10um/HFocusing_5_10_10um_0_1171.npy,10um,10um,8.54268701866036,8.64488877051391,3.008973275189205,14.383006017692166,3,-10.0,median_snr_at_or_above_threshold,symlinked
train,HFocusing_5_10_10um_0_1173.npy,P0/data/dataset_particles2SNR_c1/train/10um/HFocusing_5_10_10um_0_1173.npy,P0/data/particles2SNR_4_class_lim10/train/unclear/HFocusing_5_10_10um_0_1173.npy,10um,unclear,-12.229160324654451,-12.12400725743636,-12.824652750166614,-11.31820869748802,3,-10.0,median_snr_below_threshold,symlinked
train,HFocusing_5_10_10um_0_1174.npy,P0/data/dataset_particles2SNR_c1/train/10um/HFocusing_5_10_10um_0_1174.npy,P0/data/particles2SNR_4_class_lim10/train/10um/HFocusing_5_10_10um_0_1174.npy,10um,10um,-5.266077112903038,-1.838940822405042,-8.746959817881363,11.923350754067272,4,-10.0,median_snr_at_or_above_threshold,symlinked
train,HFocusing_5_10_10um_0_1177.npy,P0/data/dataset_particles2SNR_c1/train/10um/HFocusing_5_10_10um_0_1177.npy,P0/data/particles2SNR_4_class_lim10/train/10um/HFocusing_5_10_10um_0_1177.npy,10um,10um,-1.7379803624484045,-0.18508993997858422,-2.385596942533942,3.568307485046594,3,-10.0,median_snr_at_or_above_threshold,symlinked
train,HFocusing_5_10_10um_0_1184.npy,P0/data/dataset_particles2SNR_c1/train/10um/HFocusing_5_10_10um_0_1184.npy,P0/data/particles2SNR_4_class_lim10/train/10um/HFocusing_5_10_10um_0_1184.npy,10um,10um,-9.98557063983582,-8.263898695172914,-12.534765815490207,3.92828941831465,6,-10.0,median_snr_at_or_above_threshold,symlinked
train,HFocusing_5_10_10um_0_1186.npy,P0/data/dataset_particles2SNR_c1/train/10um/HFocusing_5_10_10um_0_1186.npy,P0/data/particles2SNR_4_class_lim10/train/unclear/HFocusing_5_10_10um_0_1186.npy,10um,unclear,-12.247103220063435,-11.844031373494083,-14.514184671602441,-7.561994838794767,9,-10.0,median_snr_below_threshold,symlinked
train,HFocusing_5_10_10um_0_1187.npy,P0/data/dataset_particles2SNR_c1/train/10um/HFocusing_5_10_10um_0_1187.npy,P0/data/particles2SNR_4_class_lim10/train/10um/HFocusing_5_10_10um_0_1187.npy,10um,10um,-5.108105446402703,-3.5389376779115205,-14.357805837473194,21.421140733490876,10,-10.0,median_snr_at_or_above_threshold,symlinked
train,HFocusing_5_10_10um_0_119.npy,P0/data/dataset_particles2SNR_c1/train/10um/HFocusing_5_10_10um_0_119.npy,P0/data/particles2SNR_4_class_lim10/train/unclear/HFocusing_5_10_10um_0_119.npy,10um,unclear,-10.708318472104137,-8.866466288031841,-15.788683476034706,5.558889924295917,9,-10.0,median_snr_below_threshold,symlinked
train,HFocusing_5_10_10um_0_1190.npy,P0/data/dataset_particles2SNR_c1/train/10um/HFocusing_5_10_10um_0_1190.npy,P0/data/particles2SNR_4_class_lim10/train/unclear/HFocusing_5_10_10um_0_1190.npy,10um,unclear,-14.842402444457806,-13.858503432261545,-17.653386189177084,-9.079721663149744,3,-10.0,median_snr_below_threshold,symlinked
train,HFocusing_5_10_10um_0_1191.npy,P0/data/dataset_particles2SNR_c1/train/10um/HFocusing_5_10_10um_0_1191.npy,P0/data/particles2SNR_4_class_lim10/train/10um/HFocusing_5_10_10um_0_1191.npy,10um,10um,-4.311882515002663,-1.0107213681217302,-6.365461453006482,14.045323569945074,6,-10.0,median_snr_at_or_above_threshold,symlinked
train,HFocusing_5_10_10um_0_1193.npy,P0/data/dataset_particles2SNR_c1/train/10um/HFocusing_5_10_10um_0_1193.npy,P0/data/particles2SNR_4_class_lim10/train/unclear/HFocusing_5_10_10um_0_1193.npy,10um,unclear,-10.757538251381622,-12.280595370257469,-20.894029171329535,-8.037877952766314,5,-10.0,median_snr_below_threshold,symlinked
train,HFocusing_5_10_10um_0_1194.npy,P0/data/dataset_particles2SNR_c1/train/10um/HFocusing_5_10_10um_0_1194.npy,P0/data/particles2SNR_4_class_lim10/train/unclear/HFocusing_5_10_10um_0_1194.npy,10um,unclear,-11.081145373560595,-9.995589210003777,-17.467122287177034,3.5950671282885227,12,-10.0,median_snr_below_threshold,symlinked
train,HFocusing_5_10_10um_0_1200.npy,P0/data/dataset_particles2SNR_c1/train/10um/HFocusing_5_10_10um_0_1200.npy,P0/data/particles2SNR_4_class_lim10/train/unclear/HFocusing_5_10_10um_0_1200.npy,10um,unclear,-11.359867978928936,-11.575024731904078,-12.872363654589815,-10.470409742758468,6,-10.0,median_snr_below_threshold,symlinked
train,HFocusing_5_10_10um_0_1201.npy,P0/data/dataset_particles2SNR_c1/train/10um/HFocusing_5_10_10um_0_1201.npy,P0/data/particles2SNR_4_class_lim10/train/unclear/HFocusing_5_10_10um_0_1201.npy,10um,unclear,-13.367429539230407,-12.438048674021955,-19.07289536651443,4.207420438901222,9,-10.0,median_snr_below_threshold,symlinked
train,HFocusing_5_10_10um_0_1204.npy,P0/data/dataset_particles2SNR_c1/train/10um/HFocusing_5_10_10um_0_1204.npy,P0/data/particles2SNR_4_class_lim10/train/unclear/HFocusing_5_10_10um_0_1204.npy,10um,unclear,-13.59867252814065,-11.696799166998352,-18.617594304699598,8.595981399904574,12,-10.0,median_snr_below_threshold,symlinked
train,HFocusing_5_10_10um_0_1207.npy,P0/data/dataset_particles2SNR_c1/train/10um/HFocusing_5_10_10um_0_1207.npy,P0/data/particles2SNR_4_class_lim10/train/10um/HFocusing_5_10_10um_0_1207.npy,10um,10um,-1.0669105925601405,-2.6291295519546853,-13.32325916850127,9.73030136920905,6,-10.0,median_snr_at_or_above_threshold,symlinked
train,HFocusing_5_10_10um_0_121.npy,P0/data/dataset_particles2SNR_c1/train/10um/HFocusing_5_10_10um_0_121.npy,P0/data/particles2SNR_4_class_lim10/train/unclear/HFocusing_5_10_10um_0_121.npy,10um,unclear,-12.934509393426378,-13.241141459913228,-15.366424517732028,-12.379946635201694,5,-10.0,median_snr_below_threshold,symlinked
train,HFocusing_5_10_10um_0_1210.npy,P0/data/dataset_particles2SNR_c1/train/10um/HFocusing_5_10_10um_0_1210.npy,P0/data/particles2SNR_4_class_lim10/train/10um/HFocusing_5_10_10um_0_1210.npy,10um,10um,-0.7464555617013242,3.3904012433870587,-2.1090386487918735,13.026697940654374,3,-10.0,median_snr_at_or_above_threshold,symlinked
train,HFocusing_5_10_10um_0_1215.npy,P0/data/dataset_particles2SNR_c1/train/10um/HFocusing_5_10_10um_0_1215.npy,P0/data/particles2SNR_4_class_lim10/train/10um/HFocusing_5_10_10um_0_1215.npy,10um,10um,-5.783700797300538,-6.095566547575901,-9.431725954333013,-3.3831386413695173,4,-10.0,median_snr_at_or_above_threshold,symlinked
train,HFocusing_5_10_10um_0_1216.npy,P0/data/dataset_particles2SNR_c1/train/10um/HFocusing_5_10_10um_0_1216.npy,P0/data/particles2SNR_4_class_lim10/train/10um/HFocusing_5_10_10um_0_1216.npy,10um,10um,-8.911400069023603,-6.127577349531701,-13.222584085119797,15.13917793265136,8,-10.0,median_snr_at_or_above_threshold,symlinked
train,HFocusing_5_10_10um_0_1219.npy,P0/data/dataset_particles2SNR_c1/train/10um/HFocusing_5_10_10um_0_1219.npy,P0/data/particles2SNR_4_class_lim10/train/unclear/HFocusing_5_10_10um_0_1219.npy,10um,unclear,-12.796321671136129,-10.420737735487965,-17.123377660150542,7.2093581590434574,7,-10.0,median_snr_below_threshold,symlinked
train,HFocusing_5_10_10um_0_122.npy,P0/data/dataset_particles2SNR_c1/train/10um/HFocusing_5_10_10um_0_122.npy,P0/data/particles2SNR_4_class_lim10/train/10um/HFocusing_5_10_10um_0_122.npy,10um,10um,11.292277236076984,11.292277236076984,6.155167584527018,16.42938688762695,2,-10.0,median_snr_at_or_above_threshold,symlinked
train,HFocusing_5_10_10um_0_1221.npy,P0/data/dataset_particles2SNR_c1/train/10um/HFocusing_5_10_10um_0_1221.npy,P0/data/particles2SNR_4_class_lim10/train/10um/HFocusing_5_10_10um_0_1221.npy,10um,10um,-6.235943367205486,-4.066100599612097,-15.338439889887285,14.95597427983066,7,-10.0,median_snr_at_or_above_threshold,symlinked
train,HFocusing_5_10_10um_0_1225.npy,P0/data/dataset_particles2SNR_c1/train/10um/HFocusing_5_10_10um_0_1225.npy,P0/data/particles2SNR_4_class_lim10/train/unclear/HFocusing_5_10_10um_0_1225.npy,10um,unclear,-10.951627553476868,-7.190256190937532,-13.167913928651032,6.310144271854639,4,-10.0,median_snr_below_threshold,symlinked
train,HFocusing_5_10_10um_0_1228.npy,P0/data/dataset_particles2SNR_c1/train/10um/HFocusing_5_10_10um_0_1228.npy,P0/data/particles2SNR_4_class_lim10/train/10um/HFocusing_5_10_10um_0_1228.npy,10um,10um,-0.8286169246979831,1.9708822228135716,-7.5398580986278985,14.281121691766597,3,-10.0,median_snr_at_or_above_threshold,symlinked
train,HFocusing_5_10_10um_0_1231.npy,P0/data/dataset_particles2SNR_c1/train/10um/HFocusing_5_10_10um_0_1231.npy,P0/data/particles2SNR_4_class_lim10/train/unclear/HFocusing_5_10_10um_0_1231.npy,10um,unclear,-11.028771945575365,-11.005264650103731,-14.382414930790597,-7.619570429315878,6,-10.0,median_snr_below_threshold,symlinked
train,HFocusing_5_10_10um_0_1232.npy,P0/data/dataset_particles2SNR_c1/train/10um/HFocusing_5_10_10um_0_1232.npy,P0/data/particles2SNR_4_class_lim10/train/unclear/HFocusing_5_10_10um_0_1232.npy,10um,unclear,-12.113954311088396,-8.440297912180261,-14.912778212736026,3.7425283432490577,8,-10.0,median_snr_below_threshold,symlinked
train,HFocusing_5_10_10um_0_1241.npy,P0/data/dataset_particles2SNR_c1/train/10um/HFocusing_5_10_10um_0_1241.npy,P0/data/particles2SNR_4_class_lim10/train/unclear/HFocusing_5_10_10um_0_1241.npy,10um,unclear,-10.63238263630474,-7.326946712892658,-16.52667883092753,8.483657251966378,4,-10.0,median_snr_below_threshold,symlinked
train,HFocusing_5_10_10um_0_1244.npy,P0/data/dataset_particles2SNR_c1/train/10um/HFocusing_5_10_10um_0_1244.npy,P0/data/particles2SNR_4_class_lim10/train/10um/HFocusing_5_10_10um_0_1244.npy,10um,10um,-1.7796974815772217,-1.4770685694342738,-4.597375546963195,0.5195812616119857,11,-10.0,median_snr_at_or_above_threshold,symlinked
train,HFocusing_5_10_10um_0_1248.npy,P0/data/dataset_particles2SNR_c1/train/10um/HFocusing_5_10_10um_0_1248.npy,P0/data/particles2SNR_4_class_lim10/train/unclear/HFocusing_5_10_10um_0_1248.npy,10um,unclear,-12.047250889486918,-9.071674662381827,-14.5388209190784,6.09468159223539,10,-10.0,median_snr_below_threshold,symlinked
train,HFocusing_5_10_10um_0_1251.npy,P0/data/dataset_particles2SNR_c1/train/10um/HFocusing_5_10_10um_0_1251.npy,P0/data/particles2SNR_4_class_lim10/train/unclear/HFocusing_5_10_10um_0_1251.npy,10um,unclear,-10.778800839567147,-10.497867192303174,-19.009807542998644,1.9798530120256232,6,-10.0,median_snr_below_threshold,symlinked
train,HFocusing_5_10_10um_0_1254.npy,P0/data/dataset_particles2SNR_c1/train/10um/HFocusing_5_10_10um_0_1254.npy,P0/data/particles2SNR_4_class_lim10/train/unclear/HFocusing_5_10_10um_0_1254.npy,10um,unclear,-13.332955830154848,-13.320706838494983,-16.788055715983084,-10.65654902320263,11,-10.0,median_snr_below_threshold,symlinked
train,HFocusing_5_10_10um_0_1255.npy,P0/data/dataset_particles2SNR_c1/train/10um/HFocusing_5_10_10um_0_1255.npy,P0/data/particles2SNR_4_class_lim10/train/unclear/HFocusing_5_10_10um_0_1255.npy,10um,unclear,-10.858749247919924,-11.76181421166909,-18.120294354957,-8.306393867089524,14,-10.0,median_snr_below_threshold,symlinked
train,HFocusing_5_10_10um_0_1258.npy,P0/data/dataset_particles2SNR_c1/train/10um/HFocusing_5_10_10um_0_1258.npy,P0/data/particles2SNR_4_class_lim10/train/unclear/HFocusing_5_10_10um_0_1258.npy,10um,unclear,-10.584683650256016,-8.824494971265255,-16.39816729325149,3.932046889277406,6,-10.0,median_snr_below_threshold,symlinked
train,HFocusing_5_10_10um_0_1261.npy,P0/data/dataset_particles2SNR_c1/train/10um/HFocusing_5_10_10um_0_1261.npy,P0/data/particles2SNR_4_class_lim10/train/10um/HFocusing_5_10_10um_0_1261.npy,10um,10um,0.19455996543345316,2.9772531505089805,-4.567660804708541,16.08755347587756,4,-10.0,median_snr_at_or_above_threshold,symlinked
train,HFocusing_5_10_10um_0_1270.npy,P0/data/dataset_particles2SNR_c1/train/10um/HFocusing_5_10_10um_0_1270.npy,P0/data/particles2SNR_4_class_lim10/train/unclear/HFocusing_5_10_10um_0_1270.npy,10um,unclear,-13.79823993745531,-12.037916417657426,-16.297426773531413,7.249212877933953,14,-10.0,median_snr_below_threshold,symlinked
train,HFocusing_5_10_10um_0_1273.npy,P0/data/dataset_particles2SNR_c1/train/10um/HFocusing_5_10_10um_0_1273.npy,P0/data/particles2SNR_4_class_lim10/train/unclear/HFocusing_5_10_10um_0_1273.npy,10um,unclear,-10.798633573298185,-10.963274296896987,-15.989588969383874,-3.868913166602555,7,-10.0,median_snr_below_threshold,symlinked
train,HFocusing_5_10_10um_0_1275.npy,P0/data/dataset_particles2SNR_c1/train/10um/HFocusing_5_10_10um_0_1275.npy,P0/data/particles2SNR_4_class_lim10/train/10um/HFocusing_5_10_10um_0_1275.npy,10um,10um,-5.835533057661744,-5.8658232879666965,-7.174014584749954,-4.285947471047742,5,-10.0,median_snr_at_or_above_threshold,symlinked
train,HFocusing_5_10_10um_0_1279.npy,P0/data/dataset_particles2SNR_c1/train/10um/HFocusing_5_10_10um_0_1279.npy,P0/data/particles2SNR_4_class_lim10/train/10um/HFocusing_5_10_10um_0_1279.npy,10um,10um,-3.588958594482098,-2.9954326215991127,-5.747273039611397,-0.3302818933784815,9,-10.0,median_snr_at_or_above_threshold,symlinked
train,HFocusing_5_10_10um_0_1280.npy,P0/data/dataset_particles2SNR_c1/train/10um/HFocusing_5_10_10um_0_1280.npy,P0/data/particles2SNR_4_class_lim10/train/unclear/HFocusing_5_10_10um_0_1280.npy,10um,unclear,-12.162992533452922,-10.036625274174202,-20.412510529843907,15.426418750880114,10,-10.0,median_snr_below_threshold,symlinked
train,HFocusing_5_10_10um_0_1283.npy,P0/data/dataset_particles2SNR_c1/train/10um/HFocusing_5_10_10um_0_1283.npy,P0/data/particles2SNR_4_class_lim10/train/unclear/HFocusing_5_10_10um_0_1283.npy,10um,unclear,-10.17428697575455,-8.829060758826325,-13.9131817387527,2.853948273226426,5,-10.0,median_snr_below_threshold,symlinked
train,HFocusing_5_10_10um_0_1286.npy,P0/data/dataset_particles2SNR_c1/train/10um/HFocusing_5_10_10um_0_1286.npy,P0/data/particles2SNR_4_class_lim10/train/unclear/HFocusing_5_10_10um_0_1286.npy,10um,unclear,-13.168885501083052,-10.947501182495655,-16.608054981034822,4.685131034200952,7,-10.0,median_snr_below_threshold,symlinked
train,HFocusing_5_10_10um_0_1289.npy,P0/data/dataset_particles2SNR_c1/train/10um/HFocusing_5_10_10um_0_1289.npy,P0/data/particles2SNR_4_class_lim10/train/unclear/HFocusing_5_10_10um_0_1289.npy,10um,unclear,-12.07619661222687,-11.851159541624426,-17.679086540299803,-1.3360803609959109,14,-10.0,median_snr_below_threshold,symlinked
train,HFocusing_5_10_10um_0_129.npy,P0/data/dataset_particles2SNR_c1/train/10um/HFocusing_5_10_10um_0_129.npy,P0/data/particles2SNR_4_class_lim10/train/unclear/HFocusing_5_10_10um_0_129.npy,10um,unclear,-11.841442319365926,-10.854253931693629,-17.41467374008401,2.3434551677746525,7,-10.0,median_snr_below_threshold,symlinked
train,HFocusing_5_10_10um_0_1292.npy,P0/data/dataset_particles2SNR_c1/train/10um/HFocusing_5_10_10um_0_1292.npy,P0/data/particles2SNR_4_class_lim10/train/unclear/HFocusing_5_10_10um_0_1292.npy,10um,unclear,-10.726817015852433,-6.2909473457471154,-22.985410666605528,12.656935911260748,10,-10.0,median_snr_below_threshold,symlinked
train,HFocusing_5_10_10um_0_1294.npy,P0/data/dataset_particles2SNR_c1/train/10um/HFocusing_5_10_10um_0_1294.npy,P0/data/particles2SNR_4_class_lim10/train/unclear/HFocusing_5_10_10um_0_1294.npy,10um,unclear,-12.476586044925655,-11.449560831119141,-19.535488138980813,5.786350674139765,9,-10.0,median_snr_below_threshold,symlinked
train,HFocusing_5_10_10um_0_1298.npy,P0/data/dataset_particles2SNR_c1/train/10um/HFocusing_5_10_10um_0_1298.npy,P0/data/particles2SNR_4_class_lim10/train/unclear/HFocusing_5_10_10um_0_1298.npy,10um,unclear,-14.29076944450272,-11.680396790879001,-15.773438427970827,1.2646929110373415,7,-10.0,median_snr_below_threshold,symlinked
train,HFocusing_5_10_10um_0_1304.npy,P0/data/dataset_particles2SNR_c1/train/10um/HFocusing_5_10_10um_0_1304.npy,P0/data/particles2SNR_4_class_lim10/train/unclear/HFocusing_5_10_10um_0_1304.npy,10um,unclear,-12.574962500523398,-12.736264315842883,-21.204794967345446,-7.095501313022014,20,-10.0,median_snr_below_threshold,symlinked
train,HFocusing_5_10_10um_0_1308.npy,P0/data/dataset_particles2SNR_c1/train/10um/HFocusing_5_10_10um_0_1308.npy,P0/data/particles2SNR_4_class_lim10/train/unclear/HFocusing_5_10_10um_0_1308.npy,10um,unclear,-10.152181337333717,-9.834467589912094,-16.862239079313568,4.379144691330856,9,-10.0,median_snr_below_threshold,symlinked
train,HFocusing_5_10_10um_0_1311.npy,P0/data/dataset_particles2SNR_c1/train/10um/HFocusing_5_10_10um_0_1311.npy,P0/data/particles2SNR_4_class_lim10/train/unclear/HFocusing_5_10_10um_0_1311.npy,10um,unclear,-11.054862909968579,-8.108448179735882,-13.163273297928303,6.3856667048382585,5,-10.0,median_snr_below_threshold,symlinked
train,HFocusing_5_10_10um_0_1314.npy,P0/data/dataset_particles2SNR_c1/train/10um/HFocusing_5_10_10um_0_1314.npy,P0/data/particles2SNR_4_class_lim10/train/unclear/HFocusing_5_10_10um_0_1314.npy,10um,unclear,-13.747732328457172,-12.832683037750805,-15.591379784086065,-9.051238506416961,13,-10.0,median_snr_below_threshold,symlinked
train,HFocusing_5_10_10um_0_1315.npy,P0/data/dataset_particles2SNR_c1/train/10um/HFocusing_5_10_10um_0_1315.npy,P0/data/particles2SNR_4_class_lim10/train/unclear/HFocusing_5_10_10um_0_1315.npy,10um,unclear,-11.01292215246377,-4.627089213185011,-12.733155042537854,6.526197747223713,5,-10.0,median_snr_below_threshold,symlinked
train,HFocusing_5_10_10um_0_1318.npy,P0/data/dataset_particles2SNR_c1/train/10um/HFocusing_5_10_10um_0_1318.npy,P0/data/particles2SNR_4_class_lim10/train/unclear/HFocusing_5_10_10um_0_1318.npy,10um,unclear,-12.196026500538872,-9.57151901549471,-14.45481939587868,4.139147915133409,6,-10.0,median_snr_below_threshold,symlinked
train,HFocusing_5_10_10um_0_132.npy,P0/data/dataset_particles2SNR_c1/train/10um/HFocusing_5_10_10um_0_132.npy,P0/data/particles2SNR_4_class_lim10/train/unclear/HFocusing_5_10_10um_0_132.npy,10um,unclear,-10.956453058167037,-11.284947125699482,-14.422082968121156,-7.6532978927426365,11,-10.0,median_snr_below_threshold,symlinked
train,HFocusing_5_10_10um_0_1321.npy,P0/data/dataset_particles2SNR_c1/train/10um/HFocusing_5_10_10um_0_1321.npy,P0/data/particles2SNR_4_class_lim10/train/unclear/HFocusing_5_10_10um_0_1321.npy,10um,unclear,-13.552779008833944,-13.926858088409379,-19.38450739633495,-10.416683167623386,13,-10.0,median_snr_below_threshold,symlinked
train,HFocusing_5_10_10um_0_1322.npy,P0/data/dataset_particles2SNR_c1/train/10um/HFocusing_5_10_10um_0_1322.npy,P0/data/particles2SNR_4_class_lim10/train/unclear/HFocusing_5_10_10um_0_1322.npy,10um,unclear,-12.552685795562542,-10.98690912682826,-18.04545842042274,8.286460122810254,12,-10.0,median_snr_below_threshold,symlinked
train,HFocusing_5_10_10um_0_1325.npy,P0/data/dataset_particles2SNR_c1/train/10um/HFocusing_5_10_10um_0_1325.npy,P0/data/particles2SNR_4_class_lim10/train/unclear/HFocusing_5_10_10um_0_1325.npy,10um,unclear,-11.796890640897054,-10.698651461546984,-15.591760361330993,7.514852288077374,15,-10.0,median_snr_below_threshold,symlinked
train,HFocusing_5_10_10um_0_1328.npy,P0/data/dataset_particles2SNR_c1/train/10um/HFocusing_5_10_10um_0_1328.npy,P0/data/particles2SNR_4_class_lim10/train/10um/HFocusing_5_10_10um_0_1328.npy,10um,10um,-1.003243247844035,-1.003243247844035,-1.2243024114190346,-0.7821840842690352,2,-10.0,median_snr_at_or_above_threshold,symlinked
train,HFocusing_5_10_10um_0_1329.npy,P0/data/dataset_particles2SNR_c1/train/10um/HFocusing_5_10_10um_0_1329.npy,P0/data/particles2SNR_4_class_lim10/train/unclear/HFocusing_5_10_10um_0_1329.npy,10um,unclear,-12.514609977632489,-12.356177517332105,-16.01942963789738,-7.643006686315389,12,-10.0,median_snr_below_threshold,symlinked
train,HFocusing_5_10_10um_0_133.npy,P0/data/dataset_particles2SNR_c1/train/10um/HFocusing_5_10_10um_0_133.npy,P0/data/particles2SNR_4_class_lim10/train/unclear/HFocusing_5_10_10um_0_133.npy,10um,unclear,-13.55245208828293,-12.384801681980475,-18.270809538871692,2.0252186841647415,12,-10.0,median_snr_below_threshold,symlinked
train,HFocusing_5_10_10um_0_1331.npy,P0/data/dataset_particles2SNR_c1/train/10um/HFocusing_5_10_10um_0_1331.npy,P0/data/particles2SNR_4_class_lim10/train/10um/HFocusing_5_10_10um_0_1331.npy,10um,10um,-8.559732281452703,-7.985191599731811,-12.069550328343299,-4.649327608902393,5,-10.0,median_snr_at_or_above_threshold,symlinked
train,HFocusing_5_10_10um_0_1332.npy,P0/data/dataset_particles2SNR_c1/train/10um/HFocusing_5_10_10um_0_1332.npy,P0/data/particles2SNR_4_class_lim10/train/unclear/HFocusing_5_10_10um_0_1332.npy,10um,unclear,-11.045369798942309,-9.949844328994143,-19.295774043280357,7.71876035871017,9,-10.0,median_snr_below_threshold,symlinked
train,HFocusing_5_10_10um_0_1335.npy,P0/data/dataset_particles2SNR_c1/train/10um/HFocusing_5_10_10um_0_1335.npy,P0/data/particles2SNR_4_class_lim10/train/unclear/HFocusing_5_10_10um_0_1335.npy,10um,unclear,-12.391121029722797,-12.705362453730963,-18.513338850328346,-6.595865135185016,16,-10.0,median_snr_below_threshold,symlinked
train,HFocusing_5_10_10um_0_1338.npy,P0/data/dataset_particles2SNR_c1/train/10um/HFocusing_5_10_10um_0_1338.npy,P0/data/particles2SNR_4_class_lim10/train/unclear/HFocusing_5_10_10um_0_1338.npy,10um,unclear,-12.977330843842527,-11.570336389915669,-17.97578008741769,-0.3153163322761477,6,-10.0,median_snr_below_threshold,symlinked
train,HFocusing_5_10_10um_0_1340.npy,P0/data/dataset_particles2SNR_c1/train/10um/HFocusing_5_10_10um_0_1340.npy,P0/data/particles2SNR_4_class_lim10/train/unclear/HFocusing_5_10_10um_0_1340.npy,10um,unclear,-12.264133191045236,-12.480504980827364,-14.918663755559534,-10.47508978565945,4,-10.0,median_snr_below_threshold,symlinked
train,HFocusing_5_10_10um_0_1341.npy,P0/data/dataset_particles2SNR_c1/train/10um/HFocusing_5_10_10um_0_1341.npy,P0/data/particles2SNR_4_class_lim10/train/unclear/HFocusing_5_10_10um_0_1341.npy,10um,unclear,-12.421687822955153,-12.421687822955153,-16.630620731379455,-8.21275491453085,2,-10.0,median_snr_below_threshold,symlinked
train,HFocusing_5_10_10um_0_1344.npy,P0/data/dataset_particles2SNR_c1/train/10um/HFocusing_5_10_10um_0_1344.npy,P0/data/particles2SNR_4_class_lim10/train/unclear/HFocusing_5_10_10um_0_1344.npy,10um,unclear,-11.739627353118898,-9.907800019956106,-15.023413518204316,4.090454151599473,10,-10.0,median_snr_below_threshold,symlinked
train,HFocusing_5_10_10um_0_1346.npy,P0/data/dataset_particles2SNR_c1/train/10um/HFocusing_5_10_10um_0_1346.npy,P0/data/particles2SNR_4_class_lim10/train/unclear/HFocusing_5_10_10um_0_1346.npy,10um,unclear,-11.864799891367547,-11.672124685455296,-13.049370782932382,-10.281320341462763,6,-10.0,median_snr_below_threshold,symlinked
train,HFocusing_5_10_10um_0_1347.npy,P0/data/dataset_particles2SNR_c1/train/10um/HFocusing_5_10_10um_0_1347.npy,P0/data/particles2SNR_4_class_lim10/train/10um/HFocusing_5_10_10um_0_1347.npy,10um,10um,-4.939521051887262,-3.2034661554002657,-13.127959739130999,20.18776058499938,11,-10.0,median_snr_at_or_above_threshold,symlinked
train,HFocusing_5_10_10um_0_1350.npy,P0/data/dataset_particles2SNR_c1/train/10um/HFocusing_5_10_10um_0_1350.npy,P0/data/particles2SNR_4_class_lim10/train/unclear/HFocusing_5_10_10um_0_1350.npy,10um,unclear,-13.17398637606756,-12.964247563869234,-18.066338276019078,-5.579802097680691,11,-10.0,median_snr_below_threshold,symlinked
train,HFocusing_5_10_10um_0_1359.npy,P0/data/dataset_particles2SNR_c1/train/10um/HFocusing_5_10_10um_0_1359.npy,P0/data/particles2SNR_4_class_lim10/train/unclear/HFocusing_5_10_10um_0_1359.npy,10um,unclear,-12.013188213245286,-10.282199623036696,-15.63662916766621,2.966042793811179,6,-10.0,median_snr_below_threshold,symlinked
train,HFocusing_5_10_10um_0_1361.npy,P0/data/dataset_particles2SNR_c1/train/10um/HFocusing_5_10_10um_0_1361.npy,P0/data/particles2SNR_4_class_lim10/train/unclear/HFocusing_5_10_10um_0_1361.npy,10um,unclear,-11.302268005781732,-11.5252867655069,-15.366685639676174,-8.096442470540309,8,-10.0,median_snr_below_threshold,symlinked
train,HFocusing_5_10_10um_0_1362.npy,P0/data/dataset_particles2SNR_c1/train/10um/HFocusing_5_10_10um_0_1362.npy,P0/data/particles2SNR_4_class_lim10/train/unclear/HFocusing_5_10_10um_0_1362.npy,10um,unclear,-12.379852707659737,-9.42767368521788,-17.454582561169364,2.686292673648492,10,-10.0,median_snr_below_threshold,symlinked
train,HFocusing_5_10_10um_0_1365.npy,P0/data/dataset_particles2SNR_c1/train/10um/HFocusing_5_10_10um_0_1365.npy,P0/data/particles2SNR_4_class_lim10/train/unclear/HFocusing_5_10_10um_0_1365.npy,10um,unclear,-14.82618153522616,-14.82618153522616,-16.12473749978542,-13.527625570666899,2,-10.0,median_snr_below_threshold,symlinked
train,HFocusing_5_10_10um_0_1366.npy,P0/data/dataset_particles2SNR_c1/train/10um/HFocusing_5_10_10um_0_1366.npy,P0/data/particles2SNR_4_class_lim10/train/10um/HFocusing_5_10_10um_0_1366.npy,10um,10um,-9.617654301458264,-8.276693228358045,-14.83298588622064,6.348391461531665,7,-10.0,median_snr_at_or_above_threshold,symlinked
train,HFocusing_5_10_10um_0_1369.npy,P0/data/dataset_particles2SNR_c1/train/10um/HFocusing_5_10_10um_0_1369.npy,P0/data/particles2SNR_4_class_lim10/train/unclear/HFocusing_5_10_10um_0_1369.npy,10um,unclear,-12.231196511495332,-8.5548704967108,-16.53695407224121,4.345698179157598,8,-10.0,median_snr_below_threshold,symlinked
train,HFocusing_5_10_10um_0_137.npy,P0/data/dataset_particles2SNR_c1/train/10um/HFocusing_5_10_10um_0_137.npy,P0/data/particles2SNR_4_class_lim10/train/unclear/HFocusing_5_10_10um_0_137.npy,10um,unclear,-10.716577257673336,-9.432378246441756,-14.927838067453543,2.871213073809437,12,-10.0,median_snr_below_threshold,symlinked
train,HFocusing_5_10_10um_0_1371.npy,P0/data/dataset_particles2SNR_c1/train/10um/HFocusing_5_10_10um_0_1371.npy,P0/data/particles2SNR_4_class_lim10/train/10um/HFocusing_5_10_10um_0_1371.npy,10um,10um,-4.812485143136072,-4.907368422863186,-7.622428630862293,-3.08094357798777,8,-10.0,median_snr_at_or_above_threshold,symlinked
train,HFocusing_5_10_10um_0_1372.npy,P0/data/dataset_particles2SNR_c1/train/10um/HFocusing_5_10_10um_0_1372.npy,P0/data/particles2SNR_4_class_lim10/train/unclear/HFocusing_5_10_10um_0_1372.npy,10um,unclear,-10.84704695244448,-9.39668791651717,-12.741962210068118,0.42087937054171176,11,-10.0,median_snr_below_threshold,symlinked
train,HFocusing_5_10_10um_0_1375.npy,P0/data/dataset_particles2SNR_c1/train/10um/HFocusing_5_10_10um_0_1375.npy,P0/data/particles2SNR_4_class_lim10/train/unclear/HFocusing_5_10_10um_0_1375.npy,10um,unclear,-12.430848713575283,-12.182248789088302,-13.320908509006966,-10.363402212416124,5,-10.0,median_snr_below_threshold,symlinked
train,HFocusing_5_10_10um_0_1376.npy,P0/data/dataset_particles2SNR_c1/train/10um/HFocusing_5_10_10um_0_1376.npy,P0/data/particles2SNR_4_class_lim10/train/10um/HFocusing_5_10_10um_0_1376.npy,10um,10um,-4.597181277488036,-3.54483213848999,-8.689638030663914,3.7358971449892757,7,-10.0,median_snr_at_or_above_threshold,symlinked
train,HFocusing_5_10_10um_0_1379.npy,P0/data/dataset_particles2SNR_c1/train/10um/HFocusing_5_10_10um_0_1379.npy,P0/data/particles2SNR_4_class_lim10/train/unclear/HFocusing_5_10_10um_0_1379.npy,10um,unclear,-11.741700223712348,-11.888067318632322,-15.991116166405705,-8.400793066665283,11,-10.0,median_snr_below_threshold,symlinked
train,HFocusing_5_10_10um_0_1382.npy,P0/data/dataset_particles2SNR_c1/train/10um/HFocusing_5_10_10um_0_1382.npy,P0/data/particles2SNR_4_class_lim10/train/unclear/HFocusing_5_10_10um_0_1382.npy,10um,unclear,-10.856309317010847,-9.13787116764563,-15.431763433069452,5.358175381885348,6,-10.0,median_snr_below_threshold,symlinked
train,HFocusing_5_10_10um_0_1386.npy,P0/data/dataset_particles2SNR_c1/train/10um/HFocusing_5_10_10um_0_1386.npy,P0/data/particles2SNR_4_class_lim10/train/unclear/HFocusing_5_10_10um_0_1386.npy,10um,unclear,-12.79060911451017,-7.108558961583444,-14.929623610726978,6.394555840486814,3,-10.0,median_snr_below_threshold,symlinked
train,HFocusing_5_10_10um_0_1390.npy,P0/data/dataset_particles2SNR_c1/train/10um/HFocusing_5_10_10um_0_1390.npy,P0/data/particles2SNR_4_class_lim10/train/unclear/HFocusing_5_10_10um_0_1390.npy,10um,unclear,-11.799582632983945,-8.838557530151249,-18.008116347073774,6.25305149243667,4,-10.0,median_snr_below_threshold,symlinked
train,HFocusing_5_10_10um_0_1392.npy,P0/data/dataset_particles2SNR_c1/train/10um/HFocusing_5_10_10um_0_1392.npy,P0/data/particles2SNR_4_class_lim10/train/unclear/HFocusing_5_10_10um_0_1392.npy,10um,unclear,-11.743076912729332,-12.357769779190683,-18.579998592915473,-9.193707260079172,9,-10.0,median_snr_below_threshold,symlinked
train,HFocusing_5_10_10um_0_1393.npy,P0/data/dataset_particles2SNR_c1/train/10um/HFocusing_5_10_10um_0_1393.npy,P0/data/particles2SNR_4_class_lim10/train/10um/HFocusing_5_10_10um_0_1393.npy,10um,10um,-4.34226808910397,-4.34226808910397,-14.043717528480169,5.3591813502722285,2,-10.0,median_snr_at_or_above_threshold,symlinked
train,HFocusing_5_10_10um_0_1396.npy,P0/data/dataset_particles2SNR_c1/train/10um/HFocusing_5_10_10um_0_1396.npy,P0/data/particles2SNR_4_class_lim10/train/unclear/HFocusing_5_10_10um_0_1396.npy,10um,unclear,-11.830075362447758,-12.249746588081706,-15.982000623291725,-9.146352733923527,7,-10.0,median_snr_below_threshold,symlinked
train,HFocusing_5_10_10um_0_1397.npy,P0/data/dataset_particles2SNR_c1/train/10um/HFocusing_5_10_10um_0_1397.npy,P0/data/particles2SNR_4_class_lim10/train/10um/HFocusing_5_10_10um_0_1397.npy,10um,10um,-5.436176925850988,-3.050713911187701,-9.136490466075774,9.527099220149491,6,-10.0,median_snr_at_or_above_threshold,symlinked
train,HFocusing_5_10_10um_0_14.npy,P0/data/dataset_particles2SNR_c1/train/10um/HFocusing_5_10_10um_0_14.npy,P0/data/particles2SNR_4_class_lim10/train/10um/HFocusing_5_10_10um_0_14.npy,10um,10um,-5.141698702439089,-5.527399156061642,-10.334003798000865,-2.4395643633134014,15,-10.0,median_snr_at_or_above_threshold,symlinked
train,HFocusing_5_10_10um_0_140.npy,P0/data/dataset_particles2SNR_c1/train/10um/HFocusing_5_10_10um_0_140.npy,P0/data/particles2SNR_4_class_lim10/train/10um/HFocusing_5_10_10um_0_140.npy,10um,10um,-6.568823950223037,-6.258125661813154,-8.128081181773089,-3.443968200272697,9,-10.0,median_snr_at_or_above_threshold,symlinked
train,HFocusing_5_10_10um_0_1400.npy,P0/data/dataset_particles2SNR_c1/train/10um/HFocusing_5_10_10um_0_1400.npy,P0/data/particles2SNR_4_class_lim10/train/unclear/HFocusing_5_10_10um_0_1400.npy,10um,unclear,-12.232660169777194,-10.102218230213092,-17.842413430242956,8.610007382468126,7,-10.0,median_snr_below_threshold,symlinked
train,HFocusing_5_10_10um_0_1403.npy,P0/data/dataset_particles2SNR_c1/train/10um/HFocusing_5_10_10um_0_1403.npy,P0/data/particles2SNR_4_class_lim10/train/unclear/HFocusing_5_10_10um_0_1403.npy,10um,unclear,-12.537719712315361,-11.798393363593286,-13.054729960292144,-10.186655089084233,5,-10.0,median_snr_below_threshold,symlinked
train,HFocusing_5_10_10um_0_1404.npy,P0/data/dataset_particles2SNR_c1/train/10um/HFocusing_5_10_10um_0_1404.npy,P0/data/particles2SNR_4_class_lim10/train/unclear/HFocusing_5_10_10um_0_1404.npy,10um,unclear,-13.23394501645687,-12.128980496542836,-16.93734259147471,-3.9953551537773557,6,-10.0,median_snr_below_threshold,symlinked
train,HFocusing_5_10_10um_0_1406.npy,P0/data/dataset_particles2SNR_c1/train/10um/HFocusing_5_10_10um_0_1406.npy,P0/data/particles2SNR_4_class_lim10/train/unclear/HFocusing_5_10_10um_0_1406.npy,10um,unclear,-12.834358736365619,-11.571260696329082,-15.34519488513241,-2.8847063028770497,6,-10.0,median_snr_below_threshold,symlinked
train,HFocusing_5_10_10um_0_1407.npy,P0/data/dataset_particles2SNR_c1/train/10um/HFocusing_5_10_10um_0_1407.npy,P0/data/particles2SNR_4_class_lim10/train/unclear/HFocusing_5_10_10um_0_1407.npy,10um,unclear,-13.258012825073152,-12.158749653892004,-17.951619835634126,5.600503230551064,13,-10.0,median_snr_below_threshold,symlinked
train,HFocusing_5_10_10um_0_141.npy,P0/data/dataset_particles2SNR_c1/train/10um/HFocusing_5_10_10um_0_141.npy,P0/data/particles2SNR_4_class_lim10/train/10um/HFocusing_5_10_10um_0_141.npy,10um,10um,-8.605506104504821,-4.508588999028214,-9.946964022910823,11.887885351584629,5,-10.0,median_snr_at_or_above_threshold,symlinked
train,HFocusing_5_10_10um_0_1410.npy,P0/data/dataset_particles2SNR_c1/train/10um/HFocusing_5_10_10um_0_1410.npy,P0/data/particles2SNR_4_class_lim10/train/unclear/HFocusing_5_10_10um_0_1410.npy,10um,unclear,-12.889390830942888,-12.282858325742005,-13.401161119522953,-9.951490521559297,4,-10.0,median_snr_below_threshold,symlinked
train,HFocusing_5_10_10um_0_1413.npy,P0/data/dataset_particles2SNR_c1/train/10um/HFocusing_5_10_10um_0_1413.npy,P0/data/particles2SNR_4_class_lim10/train/10um/HFocusing_5_10_10um_0_1413.npy,10um,10um,-8.371387833307393,-8.647567358081853,-12.883088925268884,-1.5396096869691147,5,-10.0,median_snr_at_or_above_threshold,symlinked
train,HFocusing_5_10_10um_0_1414.npy,P0/data/dataset_particles2SNR_c1/train/10um/HFocusing_5_10_10um_0_1414.npy,P0/data/particles2SNR_4_class_lim10/train/10um/HFocusing_5_10_10um_0_1414.npy,10um,10um,-9.8741196245259,-7.362836599658564,-14.434981290570153,11.470506557421743,10,-10.0,median_snr_at_or_above_threshold,symlinked
train,HFocusing_5_10_10um_0_1416.npy,P0/data/dataset_particles2SNR_c1/train/10um/HFocusing_5_10_10um_0_1416.npy,P0/data/particles2SNR_4_class_lim10/train/unclear/HFocusing_5_10_10um_0_1416.npy,10um,unclear,-14.09745746085192,-14.003452518488105,-16.59856332877049,-11.236842307865428,12,-10.0,median_snr_below_threshold,symlinked
train,HFocusing_5_10_10um_0_1417.npy,P0/data/dataset_particles2SNR_c1/train/10um/HFocusing_5_10_10um_0_1417.npy,P0/data/particles2SNR_4_class_lim10/train/10um/HFocusing_5_10_10um_0_1417.npy,10um,10um,-9.585704661253175,-6.335671376164014,-15.579562433555393,14.333386974413946,7,-10.0,median_snr_at_or_above_threshold,symlinked
train,HFocusing_5_10_10um_0_1421.npy,P0/data/dataset_particles2SNR_c1/train/10um/HFocusing_5_10_10um_0_1421.npy,P0/data/particles2SNR_4_class_lim10/train/unclear/HFocusing_5_10_10um_0_1421.npy,10um,unclear,-12.035335572241598,-10.275573527822969,-16.120978225968017,6.662271704209636,10,-10.0,median_snr_below_threshold,symlinked
train,HFocusing_5_10_10um_0_1424.npy,P0/data/dataset_particles2SNR_c1/train/10um/HFocusing_5_10_10um_0_1424.npy,P0/data/particles2SNR_4_class_lim10/train/unclear/HFocusing_5_10_10um_0_1424.npy,10um,unclear,-12.626439239273692,-11.50610258001974,-17.397134930362895,4.659179799426028,11,-10.0,median_snr_below_threshold,symlinked
train,HFocusing_5_10_10um_0_1427.npy,P0/data/dataset_particles2SNR_c1/train/10um/HFocusing_5_10_10um_0_1427.npy,P0/data/particles2SNR_4_class_lim10/train/unclear/HFocusing_5_10_10um_0_1427.npy,10um,unclear,-13.473996986646984,-11.655554417939952,-18.787254270763224,2.2008381095606633,7,-10.0,median_snr_below_threshold,symlinked
train,HFocusing_5_10_10um_0_1430.npy,P0/data/dataset_particles2SNR_c1/train/10um/HFocusing_5_10_10um_0_1430.npy,P0/data/particles2SNR_4_class_lim10/train/unclear/HFocusing_5_10_10um_0_1430.npy,10um,unclear,-13.312708165632367,-12.375548750129202,-16.87315733598159,-7.097952112947255,15,-10.0,median_snr_below_threshold,symlinked
train,HFocusing_5_10_10um_0_1431.npy,P0/data/dataset_particles2SNR_c1/train/10um/HFocusing_5_10_10um_0_1431.npy,P0/data/particles2SNR_4_class_lim10/train/10um/HFocusing_5_10_10um_0_1431.npy,10um,10um,-2.509513066457534,-2.509513066457534,-5.039383551189474,0.02035741827440618,2,-10.0,median_snr_at_or_above_threshold,symlinked
train,HFocusing_5_10_10um_0_1434.npy,P0/data/dataset_particles2SNR_c1/train/10um/HFocusing_5_10_10um_0_1434.npy,P0/data/particles2SNR_4_class_lim10/train/unclear/HFocusing_5_10_10um_0_1434.npy,10um,unclear,-10.368023633799485,-8.89561375859376,-13.190868633842632,2.3349510921241383,6,-10.0,median_snr_below_threshold,symlinked
train,HFocusing_5_10_10um_0_1436.npy,P0/data/dataset_particles2SNR_c1/train/10um/HFocusing_5_10_10um_0_1436.npy,P0/data/particles2SNR_4_class_lim10/train/unclear/HFocusing_5_10_10um_0_1436.npy,10um,unclear,-10.444590799710431,-9.150206419010475,-16.74340585449214,3.369505454487909,6,-10.0,median_snr_below_threshold,symlinked
train,HFocusing_5_10_10um_0_1439.npy,P0/data/dataset_particles2SNR_c1/train/10um/HFocusing_5_10_10um_0_1439.npy,P0/data/particles2SNR_4_class_lim10/train/10um/HFocusing_5_10_10um_0_1439.npy,10um,10um,-7.755199819213113,-7.411600551870792,-11.827948936733204,0.026080374455385823,14,-10.0,median_snr_at_or_above_threshold,symlinked
train,HFocusing_5_10_10um_0_144.npy,P0/data/dataset_particles2SNR_c1/train/10um/HFocusing_5_10_10um_0_144.npy,P0/data/particles2SNR_4_class_lim10/train/unclear/HFocusing_5_10_10um_0_144.npy,10um,unclear,-13.640630071120443,-10.68117832480262,-15.405502024069262,6.067145747217898,7,-10.0,median_snr_below_threshold,symlinked
train,HFocusing_5_10_10um_0_1446.npy,P0/data/dataset_particles2SNR_c1/train/10um/HFocusing_5_10_10um_0_1446.npy,P0/data/particles2SNR_4_class_lim10/train/10um/HFocusing_5_10_10um_0_1446.npy,10um,10um,0.6286559967723991,-1.8933489522877058,-11.20517240236627,4.896469548730753,3,-10.0,median_snr_at_or_above_threshold,symlinked
train,HFocusing_5_10_10um_0_1449.npy,P0/data/dataset_particles2SNR_c1/train/10um/HFocusing_5_10_10um_0_1449.npy,P0/data/particles2SNR_4_class_lim10/train/unclear/HFocusing_5_10_10um_0_1449.npy,10um,unclear,-13.086520592897601,-13.675390617508054,-20.720546457904817,-10.41116556086772,7,-10.0,median_snr_below_threshold,symlinked
train,HFocusing_5_10_10um_0_1452.npy,P0/data/dataset_particles2SNR_c1/train/10um/HFocusing_5_10_10um_0_1452.npy,P0/data/particles2SNR_4_class_lim10/train/10um/HFocusing_5_10_10um_0_1452.npy,10um,10um,-8.281557507491863,-8.002910197220638,-8.908737334654404,-6.634183745976507,6,-10.0,median_snr_at_or_above_threshold,symlinked
train,HFocusing_5_10_10um_0_1456.npy,P0/data/dataset_particles2SNR_c1/train/10um/HFocusing_5_10_10um_0_1456.npy,P0/data/particles2SNR_4_class_lim10/train/unclear/HFocusing_5_10_10um_0_1456.npy,10um,unclear,-11.336818131622922,-11.709217788678803,-18.957770663469876,-1.5347723337589645,9,-10.0,median_snr_below_threshold,symlinked
train,HFocusing_5_10_10um_0_1463.npy,P0/data/dataset_particles2SNR_c1/train/10um/HFocusing_5_10_10um_0_1463.npy,P0/data/particles2SNR_4_class_lim10/train/unclear/HFocusing_5_10_10um_0_1463.npy,10um,unclear,-11.691921633901261,-9.835025125345144,-17.517784982822743,5.576980993947056,7,-10.0,median_snr_below_threshold,symlinked
train,HFocusing_5_10_10um_0_1469.npy,P0/data/dataset_particles2SNR_c1/train/10um/HFocusing_5_10_10um_0_1469.npy,P0/data/particles2SNR_4_class_lim10/train/unclear/HFocusing_5_10_10um_0_1469.npy,10um,unclear,-12.517869481505434,-10.185400914972158,-17.36016704900033,4.339394816511428,6,-10.0,median_snr_below_threshold,symlinked
train,HFocusing_5_10_10um_0_147.npy,P0/data/dataset_particles2SNR_c1/train/10um/HFocusing_5_10_10um_0_147.npy,P0/data/particles2SNR_4_class_lim10/train/unclear/HFocusing_5_10_10um_0_147.npy,10um,unclear,-10.404460878197344,-7.618180912930744,-14.418342890795481,2.47027417812326,9,-10.0,median_snr_below_threshold,symlinked
train,HFocusing_5_10_10um_0_1472.npy,P0/data/dataset_particles2SNR_c1/train/10um/HFocusing_5_10_10um_0_1472.npy,P0/data/particles2SNR_4_class_lim10/train/unclear/HFocusing_5_10_10um_0_1472.npy,10um,unclear,-10.408121496227187,-10.866530898577714,-15.675268155133377,-7.651607034678525,8,-10.0,median_snr_below_threshold,symlinked
train,HFocusing_5_10_10um_0_1476.npy,P0/data/dataset_particles2SNR_c1/train/10um/HFocusing_5_10_10um_0_1476.npy,P0/data/particles2SNR_4_class_lim10/train/unclear/HFocusing_5_10_10um_0_1476.npy,10um,unclear,-13.795584153979297,-12.640513725167375,-20.42366980198795,9.044521202918553,17,-10.0,median_snr_below_threshold,symlinked
train,HFocusing_5_10_10um_0_1482.npy,P0/data/dataset_particles2SNR_c1/train/10um/HFocusing_5_10_10um_0_1482.npy,P0/data/particles2SNR_4_class_lim10/train/unclear/HFocusing_5_10_10um_0_1482.npy,10um,unclear,-11.49311895819645,-11.880978125326811,-15.748441279209136,-9.183142657787977,7,-10.0,median_snr_below_threshold,symlinked
train,HFocusing_5_10_10um_0_1485.npy,P0/data/dataset_particles2SNR_c1/train/10um/HFocusing_5_10_10um_0_1485.npy,P0/data/particles2SNR_4_class_lim10/train/10um/HFocusing_5_10_10um_0_1485.npy,10um,10um,-9.200014988564709,-9.200014988564709,-11.343161912808611,-7.056868064320806,2,-10.0,median_snr_at_or_above_threshold,symlinked
train,HFocusing_5_10_10um_0_1489.npy,P0/data/dataset_particles2SNR_c1/train/10um/HFocusing_5_10_10um_0_1489.npy,P0/data/particles2SNR_4_class_lim10/train/unclear/HFocusing_5_10_10um_0_1489.npy,10um,unclear,-13.369987912291881,-12.950290329810093,-14.20345856641841,-10.627304432677562,5,-10.0,median_snr_below_threshold,symlinked
train,HFocusing_5_10_10um_0_149.npy,P0/data/dataset_particles2SNR_c1/train/10um/HFocusing_5_10_10um_0_149.npy,P0/data/particles2SNR_4_class_lim10/train/unclear/HFocusing_5_10_10um_0_149.npy,10um,unclear,-14.039099813243698,-13.392672780694511,-16.503993093010614,-9.257615149830064,13,-10.0,median_snr_below_threshold,symlinked
train,HFocusing_5_10_10um_0_1490.npy,P0/data/dataset_particles2SNR_c1/train/10um/HFocusing_5_10_10um_0_1490.npy,P0/data/particles2SNR_4_class_lim10/train/10um/HFocusing_5_10_10um_0_1490.npy,10um,10um,-3.4584436394994764,3.187416354467951,-5.879335280270926,25.545887977141682,4,-10.0,median_snr_at_or_above_threshold,symlinked
train,HFocusing_5_10_10um_0_1493.npy,P0/data/dataset_particles2SNR_c1/train/10um/HFocusing_5_10_10um_0_1493.npy,P0/data/particles2SNR_4_class_lim10/train/10um/HFocusing_5_10_10um_0_1493.npy,10um,10um,-8.78476087969366,-8.978769856438932,-11.384613095877178,-6.960944570491225,4,-10.0,median_snr_at_or_above_threshold,symlinked
train,HFocusing_5_10_10um_0_1494.npy,P0/data/dataset_particles2SNR_c1/train/10um/HFocusing_5_10_10um_0_1494.npy,P0/data/particles2SNR_4_class_lim10/train/unclear/HFocusing_5_10_10um_0_1494.npy,10um,unclear,-13.924754338428171,-12.933273101370363,-21.71016180265074,0.4364626864167425,7,-10.0,median_snr_below_threshold,symlinked
train,HFocusing_5_10_10um_0_1497.npy,P0/data/dataset_particles2SNR_c1/train/10um/HFocusing_5_10_10um_0_1497.npy,P0/data/particles2SNR_4_class_lim10/train/unclear/HFocusing_5_10_10um_0_1497.npy,10um,unclear,-11.206137863196204,-10.115975843442204,-14.129808905938537,3.0665790057796745,10,-10.0,median_snr_below_threshold,symlinked
train,HFocusing_5_10_10um_0_15.npy,P0/data/dataset_particles2SNR_c1/train/10um/HFocusing_5_10_10um_0_15.npy,P0/data/particles2SNR_4_class_lim10/train/10um/HFocusing_5_10_10um_0_15.npy,10um,10um,-0.8428497127016338,1.0135693225631057,-3.9398234587116203,12.191177987388768,11,-10.0,median_snr_at_or_above_threshold,symlinked
train,HFocusing_5_10_10um_0_150.npy,P0/data/dataset_particles2SNR_c1/train/10um/HFocusing_5_10_10um_0_150.npy,P0/data/particles2SNR_4_class_lim10/train/unclear/HFocusing_5_10_10um_0_150.npy,10um,unclear,-13.263463347574103,-9.797543819845512,-16.98614716290146,9.757450976980756,8,-10.0,median_snr_below_threshold,symlinked
train,HFocusing_5_10_10um_0_1500.npy,P0/data/dataset_particles2SNR_c1/train/10um/HFocusing_5_10_10um_0_1500.npy,P0/data/particles2SNR_4_class_lim10/train/10um/HFocusing_5_10_10um_0_1500.npy,10um,10um,-7.301976476459528,-5.001600447315646,-10.451586736843696,5.7165155994140635,9,-10.0,median_snr_at_or_above_threshold,symlinked
train,HFocusing_5_10_10um_0_1501.npy,P0/data/dataset_particles2SNR_c1/train/10um/HFocusing_5_10_10um_0_1501.npy,P0/data/particles2SNR_4_class_lim10/train/unclear/HFocusing_5_10_10um_0_1501.npy,10um,unclear,-13.330464259089073,-9.860022599544283,-14.690023847410478,1.9590526526288419,8,-10.0,median_snr_below_threshold,symlinked
train,HFocusing_5_10_10um_0_1505.npy,P0/data/dataset_particles2SNR_c1/train/10um/HFocusing_5_10_10um_0_1505.npy,P0/data/particles2SNR_4_class_lim10/train/10um/HFocusing_5_10_10um_0_1505.npy,10um,10um,-9.489344834050836,-9.184883013506452,-16.945143595761152,1.2445082384024544,7,-10.0,median_snr_at_or_above_threshold,symlinked
train,HFocusing_5_10_10um_0_1507.npy,P0/data/dataset_particles2SNR_c1/train/10um/HFocusing_5_10_10um_0_1507.npy,P0/data/particles2SNR_4_class_lim10/train/unclear/HFocusing_5_10_10um_0_1507.npy,10um,unclear,-11.575562439152495,-10.853179315664823,-13.903994317910414,-6.743596241069713,5,-10.0,median_snr_below_threshold,symlinked
train,HFocusing_5_10_10um_0_1508.npy,P0/data/dataset_particles2SNR_c1/train/10um/HFocusing_5_10_10um_0_1508.npy,P0/data/particles2SNR_4_class_lim10/train/unclear/HFocusing_5_10_10um_0_1508.npy,10um,unclear,-10.675874782005078,-8.708866036947295,-15.710331709633829,5.90132170151276,11,-10.0,median_snr_below_threshold,symlinked
train,HFocusing_5_10_10um_0_1510.npy,P0/data/dataset_particles2SNR_c1/train/10um/HFocusing_5_10_10um_0_1510.npy,P0/data/particles2SNR_4_class_lim10/train/unclear/HFocusing_5_10_10um_0_1510.npy,10um,unclear,-10.503360905670242,-10.503360905670242,-11.869608916069401,-9.137112895271084,2,-10.0,median_snr_below_threshold,symlinked
train,HFocusing_5_10_10um_0_1511.npy,P0/data/dataset_particles2SNR_c1/train/10um/HFocusing_5_10_10um_0_1511.npy,P0/data/particles2SNR_4_class_lim10/train/unclear/HFocusing_5_10_10um_0_1511.npy,10um,unclear,-12.990565889586971,-8.973342384691755,-15.404220775305035,8.596317988600738,6,-10.0,median_snr_below_threshold,symlinked
train,HFocusing_5_10_10um_0_1514.npy,P0/data/dataset_particles2SNR_c1/train/10um/HFocusing_5_10_10um_0_1514.npy,P0/data/particles2SNR_4_class_lim10/train/10um/HFocusing_5_10_10um_0_1514.npy,10um,10um,-8.963533546189264,-6.191481215854093,-10.47906474831941,3.0682143787013465,6,-10.0,median_snr_at_or_above_threshold,symlinked
train,HFocusing_5_10_10um_0_1517.npy,P0/data/dataset_particles2SNR_c1/train/10um/HFocusing_5_10_10um_0_1517.npy,P0/data/particles2SNR_4_class_lim10/train/unclear/HFocusing_5_10_10um_0_1517.npy,10um,unclear,-10.54659372390233,-7.96202000141668,-14.228508796915857,8.596083010026787,10,-10.0,median_snr_below_threshold,symlinked
train,HFocusing_5_10_10um_0_1519.npy,P0/data/dataset_particles2SNR_c1/train/10um/HFocusing_5_10_10um_0_1519.npy,P0/data/particles2SNR_4_class_lim10/train/unclear/HFocusing_5_10_10um_0_1519.npy,10um,unclear,-12.83084516114725,-13.615927465954844,-18.958423612039613,-9.806084895560844,11,-10.0,median_snr_below_threshold,symlinked
train,HFocusing_5_10_10um_0_1520.npy,P0/data/dataset_particles2SNR_c1/train/10um/HFocusing_5_10_10um_0_1520.npy,P0/data/particles2SNR_4_class_lim10/train/unclear/HFocusing_5_10_10um_0_1520.npy,10um,unclear,-11.45657846591159,-9.269846361818804,-16.785599548926818,6.090334199616375,10,-10.0,median_snr_below_threshold,symlinked
train,HFocusing_5_10_10um_0_1522.npy,P0/data/dataset_particles2SNR_c1/train/10um/HFocusing_5_10_10um_0_1522.npy,P0/data/particles2SNR_4_class_lim10/train/unclear/HFocusing_5_10_10um_0_1522.npy,10um,unclear,-12.560034865875613,-13.560237948562321,-16.78174480484468,-11.281295872815868,7,-10.0,median_snr_below_threshold,symlinked
train,HFocusing_5_10_10um_0_1523.npy,P0/data/dataset_particles2SNR_c1/train/10um/HFocusing_5_10_10um_0_1523.npy,P0/data/particles2SNR_4_class_lim10/train/unclear/HFocusing_5_10_10um_0_1523.npy,10um,unclear,-11.602365157154539,-9.265883243858351,-17.66710354318124,12.567407195326378,7,-10.0,median_snr_below_threshold,symlinked
train,HFocusing_5_10_10um_0_1525.npy,P0/data/dataset_particles2SNR_c1/train/10um/HFocusing_5_10_10um_0_1525.npy,P0/data/particles2SNR_4_class_lim10/train/unclear/HFocusing_5_10_10um_0_1525.npy,10um,unclear,-13.93379796635108,-13.704436256534533,-16.233892938398643,-9.146641322569437,17,-10.0,median_snr_below_threshold,symlinked
train,HFocusing_5_10_10um_0_1526.npy,P0/data/dataset_particles2SNR_c1/train/10um/HFocusing_5_10_10um_0_1526.npy,P0/data/particles2SNR_4_class_lim10/train/10um/HFocusing_5_10_10um_0_1526.npy,10um,10um,-7.98884341890892,-7.8735293157791775,-12.0227273050037,0.7270098812956185,10,-10.0,median_snr_at_or_above_threshold,symlinked
train,HFocusing_5_10_10um_0_1529.npy,P0/data/dataset_particles2SNR_c1/train/10um/HFocusing_5_10_10um_0_1529.npy,P0/data/particles2SNR_4_class_lim10/train/10um/HFocusing_5_10_10um_0_1529.npy,10um,10um,5.13287884916749,-0.5574681110747639,-14.893492453125813,9.508166534335489,7,-10.0,median_snr_at_or_above_threshold,symlinked
train,HFocusing_5_10_10um_0_1532.npy,P0/data/dataset_particles2SNR_c1/train/10um/HFocusing_5_10_10um_0_1532.npy,P0/data/particles2SNR_4_class_lim10/train/unclear/HFocusing_5_10_10um_0_1532.npy,10um,unclear,-11.6155554993322,-12.046470946328748,-17.403820275785876,-8.584652009153508,6,-10.0,median_snr_below_threshold,symlinked
train,HFocusing_5_10_10um_0_1533.npy,P0/data/dataset_particles2SNR_c1/train/10um/HFocusing_5_10_10um_0_1533.npy,P0/data/particles2SNR_4_class_lim10/train/unclear/HFocusing_5_10_10um_0_1533.npy,10um,unclear,-12.0817568888726,-8.421115226691965,-13.804362610469823,7.002983698739161,6,-10.0,median_snr_below_threshold,symlinked
train,HFocusing_5_10_10um_0_1536.npy,P0/data/dataset_particles2SNR_c1/train/10um/HFocusing_5_10_10um_0_1536.npy,P0/data/particles2SNR_4_class_lim10/train/unclear/HFocusing_5_10_10um_0_1536.npy,10um,unclear,-11.301790763049652,-11.426124168838623,-14.606236912638996,-7.344655496317354,11,-10.0,median_snr_below_threshold,symlinked
train,HFocusing_5_10_10um_0_1537.npy,P0/data/dataset_particles2SNR_c1/train/10um/HFocusing_5_10_10um_0_1537.npy,P0/data/particles2SNR_4_class_lim10/train/unclear/HFocusing_5_10_10um_0_1537.npy,10um,unclear,-11.575502779772505,-11.161064627936783,-13.778720659277097,-6.361112532514842,7,-10.0,median_snr_below_threshold,symlinked
train,HFocusing_5_10_10um_0_1538.npy,P0/data/dataset_particles2SNR_c1/train/10um/HFocusing_5_10_10um_0_1538.npy,P0/data/particles2SNR_4_class_lim10/train/unclear/HFocusing_5_10_10um_0_1538.npy,10um,unclear,-12.611404557769173,-9.44906560674011,-15.264966981463195,3.7614519851143973,8,-10.0,median_snr_below_threshold,symlinked
train,HFocusing_5_10_10um_0_1541.npy,P0/data/dataset_particles2SNR_c1/train/10um/HFocusing_5_10_10um_0_1541.npy,P0/data/particles2SNR_4_class_lim10/train/10um/HFocusing_5_10_10um_0_1541.npy,10um,10um,-9.507536512414791,-6.541741192597491,-16.677366527902752,6.2815561123622725,6,-10.0,median_snr_at_or_above_threshold,symlinked
train,HFocusing_5_10_10um_0_1544.npy,P0/data/dataset_particles2SNR_c1/train/10um/HFocusing_5_10_10um_0_1544.npy,P0/data/particles2SNR_4_class_lim10/train/unclear/HFocusing_5_10_10um_0_1544.npy,10um,unclear,-12.817720159461008,-10.430576839117723,-16.977681712889062,6.347909335191961,8,-10.0,median_snr_below_threshold,symlinked
train,HFocusing_5_10_10um_0_1547.npy,P0/data/dataset_particles2SNR_c1/train/10um/HFocusing_5_10_10um_0_1547.npy,P0/data/particles2SNR_4_class_lim10/train/unclear/HFocusing_5_10_10um_0_1547.npy,10um,unclear,-12.539878805234093,-9.745771455977787,-19.329228013517014,15.58491524486069,11,-10.0,median_snr_below_threshold,symlinked
train,HFocusing_5_10_10um_0_1550.npy,P0/data/dataset_particles2SNR_c1/train/10um/HFocusing_5_10_10um_0_1550.npy,P0/data/particles2SNR_4_class_lim10/train/unclear/HFocusing_5_10_10um_0_1550.npy,10um,unclear,-11.889406321072332,-9.575223646820106,-18.14765194817191,9.6779377710774,7,-10.0,median_snr_below_threshold,symlinked
train,HFocusing_5_10_10um_0_1557.npy,P0/data/dataset_particles2SNR_c1/train/10um/HFocusing_5_10_10um_0_1557.npy,P0/data/particles2SNR_4_class_lim10/train/unclear/HFocusing_5_10_10um_0_1557.npy,10um,unclear,-12.563041490715946,-6.652319478432958,-13.053781353783108,5.659864409200182,3,-10.0,median_snr_below_threshold,symlinked
train,HFocusing_5_10_10um_0_1560.npy,P0/data/dataset_particles2SNR_c1/train/10um/HFocusing_5_10_10um_0_1560.npy,P0/data/particles2SNR_4_class_lim10/train/unclear/HFocusing_5_10_10um_0_1560.npy,10um,unclear,-13.515482527952205,-12.116806686116753,-17.16286681213434,4.779935795665821,13,-10.0,median_snr_below_threshold,symlinked
train,HFocusing_5_10_10um_0_1562.npy,P0/data/dataset_particles2SNR_c1/train/10um/HFocusing_5_10_10um_0_1562.npy,P0/data/particles2SNR_4_class_lim10/train/unclear/HFocusing_5_10_10um_0_1562.npy,10um,unclear,-10.282286868543085,-10.11821486592794,-12.98825517405711,-7.419863907056548,8,-10.0,median_snr_below_threshold,symlinked
train,HFocusing_5_10_10um_0_1563.npy,P0/data/dataset_particles2SNR_c1/train/10um/HFocusing_5_10_10um_0_1563.npy,P0/data/particles2SNR_4_class_lim10/train/unclear/HFocusing_5_10_10um_0_1563.npy,10um,unclear,-11.736466434949701,-10.19894623046834,-17.777851304870786,10.301361317051336,10,-10.0,median_snr_below_threshold,symlinked
train,HFocusing_5_10_10um_0_1565.npy,P0/data/dataset_particles2SNR_c1/train/10um/HFocusing_5_10_10um_0_1565.npy,P0/data/particles2SNR_4_class_lim10/train/unclear/HFocusing_5_10_10um_0_1565.npy,10um,unclear,-11.351240408053025,-7.007555390425448,-17.030919410124675,12.429002422934106,8,-10.0,median_snr_below_threshold,symlinked
train,HFocusing_5_10_10um_0_1568.npy,P0/data/dataset_particles2SNR_c1/train/10um/HFocusing_5_10_10um_0_1568.npy,P0/data/particles2SNR_4_class_lim10/train/10um/HFocusing_5_10_10um_0_1568.npy,10um,10um,-8.892532273199606,-4.458561854099376,-14.415684724617776,21.584383146637876,8,-10.0,median_snr_at_or_above_threshold,symlinked
train,HFocusing_5_10_10um_0_1571.npy,P0/data/dataset_particles2SNR_c1/train/10um/HFocusing_5_10_10um_0_1571.npy,P0/data/particles2SNR_4_class_lim10/train/unclear/HFocusing_5_10_10um_0_1571.npy,10um,unclear,-11.743819579262588,-11.401490197639411,-14.944705489235464,-3.7336197234113344,8,-10.0,median_snr_below_threshold,symlinked
train,HFocusing_5_10_10um_0_1574.npy,P0/data/dataset_particles2SNR_c1/train/10um/HFocusing_5_10_10um_0_1574.npy,P0/data/particles2SNR_4_class_lim10/train/unclear/HFocusing_5_10_10um_0_1574.npy,10um,unclear,-11.707476301307347,-11.509751431602186,-16.886323210025246,-6.029990394988603,15,-10.0,median_snr_below_threshold,symlinked
train,HFocusing_5_10_10um_0_1575.npy,P0/data/dataset_particles2SNR_c1/train/10um/HFocusing_5_10_10um_0_1575.npy,P0/data/particles2SNR_4_class_lim10/train/unclear/HFocusing_5_10_10um_0_1575.npy,10um,unclear,-11.249898559705699,-7.959159801382818,-15.807617748109807,3.1800369036670495,3,-10.0,median_snr_below_threshold,symlinked
train,HFocusing_5_10_10um_0_1578.npy,P0/data/dataset_particles2SNR_c1/train/10um/HFocusing_5_10_10um_0_1578.npy,P0/data/particles2SNR_4_class_lim10/train/unclear/HFocusing_5_10_10um_0_1578.npy,10um,unclear,,,,,0,-10.0,missing_snr,symlinked
train,HFocusing_5_10_10um_0_1579.npy,P0/data/dataset_particles2SNR_c1/train/10um/HFocusing_5_10_10um_0_1579.npy,P0/data/particles2SNR_4_class_lim10/train/10um/HFocusing_5_10_10um_0_1579.npy,10um,10um,-9.69475239730545,-4.046420396067479,-11.72530548902466,19.21646608660613,5,-10.0,median_snr_at_or_above_threshold,symlinked
train,HFocusing_5_10_10um_0_1586.npy,P0/data/dataset_particles2SNR_c1/train/10um/HFocusing_5_10_10um_0_1586.npy,P0/data/particles2SNR_4_class_lim10/train/unclear/HFocusing_5_10_10um_0_1586.npy,10um,unclear,-13.936162814257818,-10.576291017769337,-18.2696659259612,5.375047462714515,10,-10.0,median_snr_below_threshold,symlinked
train,HFocusing_5_10_10um_0_1589.npy,P0/data/dataset_particles2SNR_c1/train/10um/HFocusing_5_10_10um_0_1589.npy,P0/data/particles2SNR_4_class_lim10/train/unclear/HFocusing_5_10_10um_0_1589.npy,10um,unclear,-13.94614530275028,-13.596028477751346,-17.892195877441562,-9.677758318814496,14,-10.0,median_snr_below_threshold,symlinked
train,HFocusing_5_10_10um_0_1590.npy,P0/data/dataset_particles2SNR_c1/train/10um/HFocusing_5_10_10um_0_1590.npy,P0/data/particles2SNR_4_class_lim10/train/unclear/HFocusing_5_10_10um_0_1590.npy,10um,unclear,-11.605829740819914,-9.870213508434437,-15.031361126500133,7.740195564612571,10,-10.0,median_snr_below_threshold,symlinked
train,HFocusing_5_10_10um_0_1593.npy,P0/data/dataset_particles2SNR_c1/train/10um/HFocusing_5_10_10um_0_1593.npy,P0/data/particles2SNR_4_class_lim10/train/10um/HFocusing_5_10_10um_0_1593.npy,10um,10um,-6.164749775464632,-6.630494118098771,-15.603726517319046,0.12906894774097255,12,-10.0,median_snr_at_or_above_threshold,symlinked
train,HFocusing_5_10_10um_0_1594.npy,P0/data/dataset_particles2SNR_c1/train/10um/HFocusing_5_10_10um_0_1594.npy,P0/data/particles2SNR_4_class_lim10/train/unclear/HFocusing_5_10_10um_0_1594.npy,10um,unclear,-10.043582206792815,-8.205986186824376,-13.51786604657846,2.2119027547507204,6,-10.0,median_snr_below_threshold,symlinked
train,HFocusing_5_10_10um_0_1597.npy,P0/data/dataset_particles2SNR_c1/train/10um/HFocusing_5_10_10um_0_1597.npy,P0/data/particles2SNR_4_class_lim10/train/10um/HFocusing_5_10_10um_0_1597.npy,10um,10um,1.7458626589452242,0.4850886972302845,-5.172827827072211,5.624876608578453,5,-10.0,median_snr_at_or_above_threshold,symlinked
train,HFocusing_5_10_10um_0_160.npy,P0/data/dataset_particles2SNR_c1/train/10um/HFocusing_5_10_10um_0_160.npy,P0/data/particles2SNR_4_class_lim10/train/10um/HFocusing_5_10_10um_0_160.npy,10um,10um,-8.615571565036708,-6.214138501511418,-11.22595928109159,3.600548405119333,4,-10.0,median_snr_at_or_above_threshold,symlinked
train,HFocusing_5_10_10um_0_1601.npy,P0/data/dataset_particles2SNR_c1/train/10um/HFocusing_5_10_10um_0_1601.npy,P0/data/particles2SNR_4_class_lim10/train/10um/HFocusing_5_10_10um_0_1601.npy,10um,10um,-8.742800923097533,-6.630122921644102,-13.587080292655042,1.770552079494059,6,-10.0,median_snr_at_or_above_threshold,symlinked
train,HFocusing_5_10_10um_0_1610.npy,P0/data/dataset_particles2SNR_c1/train/10um/HFocusing_5_10_10um_0_1610.npy,P0/data/particles2SNR_4_class_lim10/train/unclear/HFocusing_5_10_10um_0_1610.npy,10um,unclear,-12.990610965511301,-13.766322120120956,-20.012216711289046,-10.784968703214442,7,-10.0,median_snr_below_threshold,symlinked
train,HFocusing_5_10_10um_0_1611.npy,P0/data/dataset_particles2SNR_c1/train/10um/HFocusing_5_10_10um_0_1611.npy,P0/data/particles2SNR_4_class_lim10/train/unclear/HFocusing_5_10_10um_0_1611.npy,10um,unclear,-12.008160764345426,-10.176068676251624,-16.10181323376319,4.554062093849313,6,-10.0,median_snr_below_threshold,symlinked
train,HFocusing_5_10_10um_0_1614.npy,P0/data/dataset_particles2SNR_c1/train/10um/HFocusing_5_10_10um_0_1614.npy,P0/data/particles2SNR_4_class_lim10/train/10um/HFocusing_5_10_10um_0_1614.npy,10um,10um,-0.8465914071440237,0.473938981359205,-5.171725158055088,19.335889401420086,10,-10.0,median_snr_at_or_above_threshold,symlinked
train,HFocusing_5_10_10um_0_1617.npy,P0/data/dataset_particles2SNR_c1/train/10um/HFocusing_5_10_10um_0_1617.npy,P0/data/particles2SNR_4_class_lim10/train/unclear/HFocusing_5_10_10um_0_1617.npy,10um,unclear,-11.885042174331701,-10.173988417904006,-15.02742548458832,5.545570183130852,9,-10.0,median_snr_below_threshold,symlinked
train,HFocusing_5_10_10um_0_1621.npy,P0/data/dataset_particles2SNR_c1/train/10um/HFocusing_5_10_10um_0_1621.npy,P0/data/particles2SNR_4_class_lim10/train/unclear/HFocusing_5_10_10um_0_1621.npy,10um,unclear,-12.242706732131477,-9.40573113793438,-14.760471686928618,14.209559598739778,8,-10.0,median_snr_below_threshold,symlinked
train,HFocusing_5_10_10um_0_1627.npy,P0/data/dataset_particles2SNR_c1/train/10um/HFocusing_5_10_10um_0_1627.npy,P0/data/particles2SNR_4_class_lim10/train/unclear/HFocusing_5_10_10um_0_1627.npy,10um,unclear,-11.001471226684522,-9.845133060908308,-13.72031131453831,0.39305003627921353,8,-10.0,median_snr_below_threshold,symlinked
train,HFocusing_5_10_10um_0_1628.npy,P0/data/dataset_particles2SNR_c1/train/10um/HFocusing_5_10_10um_0_1628.npy,P0/data/particles2SNR_4_class_lim10/train/10um/HFocusing_5_10_10um_0_1628.npy,10um,10um,5.333750998130054,5.333750998130054,5.333750998130054,5.333750998130054,1,-10.0,median_snr_at_or_above_threshold,symlinked
train,HFocusing_5_10_10um_0_163.npy,P0/data/dataset_particles2SNR_c1/train/10um/HFocusing_5_10_10um_0_163.npy,P0/data/particles2SNR_4_class_lim10/train/10um/HFocusing_5_10_10um_0_163.npy,10um,10um,-1.6104946752243436,-2.1656330223555513,-3.6652335638012423,-1.2211708280410682,3,-10.0,median_snr_at_or_above_threshold,symlinked
train,HFocusing_5_10_10um_0_1634.npy,P0/data/dataset_particles2SNR_c1/train/10um/HFocusing_5_10_10um_0_1634.npy,P0/data/particles2SNR_4_class_lim10/train/10um/HFocusing_5_10_10um_0_1634.npy,10um,10um,-6.196493153373298,-6.464952791517958,-16.174520635324257,3.669265232787148,8,-10.0,median_snr_at_or_above_threshold,symlinked
train,HFocusing_5_10_10um_0_1637.npy,P0/data/dataset_particles2SNR_c1/train/10um/HFocusing_5_10_10um_0_1637.npy,P0/data/particles2SNR_4_class_lim10/train/unclear/HFocusing_5_10_10um_0_1637.npy,10um,unclear,-11.880197972494884,-12.949770159760776,-19.3976627350846,-6.57575910453276,11,-10.0,median_snr_below_threshold,symlinked
train,HFocusing_5_10_10um_0_1638.npy,P0/data/dataset_particles2SNR_c1/train/10um/HFocusing_5_10_10um_0_1638.npy,P0/data/particles2SNR_4_class_lim10/train/10um/HFocusing_5_10_10um_0_1638.npy,10um,10um,-9.052668977672731,-5.204272287415422,-16.94894643207955,9.351054725183321,12,-10.0,median_snr_at_or_above_threshold,symlinked
train,HFocusing_5_10_10um_0_164.npy,P0/data/dataset_particles2SNR_c1/train/10um/HFocusing_5_10_10um_0_164.npy,P0/data/particles2SNR_4_class_lim10/train/unclear/HFocusing_5_10_10um_0_164.npy,10um,unclear,-10.165028053132751,-8.82123683437799,-12.43881615600807,1.5626311336229624,6,-10.0,median_snr_below_threshold,symlinked
train,HFocusing_5_10_10um_0_1641.npy,P0/data/dataset_particles2SNR_c1/train/10um/HFocusing_5_10_10um_0_1641.npy,P0/data/particles2SNR_4_class_lim10/train/10um/HFocusing_5_10_10um_0_1641.npy,10um,10um,-7.436557372371045,-1.3214065384500575,-12.434106646952312,16.532933042686498,7,-10.0,median_snr_at_or_above_threshold,symlinked
train,HFocusing_5_10_10um_0_1643.npy,P0/data/dataset_particles2SNR_c1/train/10um/HFocusing_5_10_10um_0_1643.npy,P0/data/particles2SNR_4_class_lim10/train/10um/HFocusing_5_10_10um_0_1643.npy,10um,10um,-4.1901185497676146,-3.9786202801159227,-5.642751815990332,-1.4124654528424267,6,-10.0,median_snr_at_or_above_threshold,symlinked
train,HFocusing_5_10_10um_0_1647.npy,P0/data/dataset_particles2SNR_c1/train/10um/HFocusing_5_10_10um_0_1647.npy,P0/data/particles2SNR_4_class_lim10/train/10um/HFocusing_5_10_10um_0_1647.npy,10um,10um,-8.158183032774064,-4.918962371688556,-12.46930963512787,11.853086960655624,8,-10.0,median_snr_at_or_above_threshold,symlinked
train,HFocusing_5_10_10um_0_1656.npy,P0/data/dataset_particles2SNR_c1/train/10um/HFocusing_5_10_10um_0_1656.npy,P0/data/particles2SNR_4_class_lim10/train/unclear/HFocusing_5_10_10um_0_1656.npy,10um,unclear,-12.372229440960496,-11.370759442651124,-15.63734511097415,1.1671636754566495,13,-10.0,median_snr_below_threshold,symlinked
train,HFocusing_5_10_10um_0_1658.npy,P0/data/dataset_particles2SNR_c1/train/10um/HFocusing_5_10_10um_0_1658.npy,P0/data/particles2SNR_4_class_lim10/train/unclear/HFocusing_5_10_10um_0_1658.npy,10um,unclear,-11.86041925770587,-9.355959145394081,-15.654016564368856,18.70346501454796,11,-10.0,median_snr_below_threshold,symlinked
train,HFocusing_5_10_10um_0_1661.npy,P0/data/dataset_particles2SNR_c1/train/10um/HFocusing_5_10_10um_0_1661.npy,P0/data/particles2SNR_4_class_lim10/train/unclear/HFocusing_5_10_10um_0_1661.npy,10um,unclear,-11.74829208229815,-9.725950720059123,-15.682440532191894,9.549073731673863,12,-10.0,median_snr_below_threshold,symlinked
train,HFocusing_5_10_10um_0_1663.npy,P0/data/dataset_particles2SNR_c1/train/10um/HFocusing_5_10_10um_0_1663.npy,P0/data/particles2SNR_4_class_lim10/train/unclear/HFocusing_5_10_10um_0_1663.npy,10um,unclear,-12.498007915348493,-12.157466312060953,-15.243581498631674,-9.427074479307565,10,-10.0,median_snr_below_threshold,symlinked
train,HFocusing_5_10_10um_0_1664.npy,P0/data/dataset_particles2SNR_c1/train/10um/HFocusing_5_10_10um_0_1664.npy,P0/data/particles2SNR_4_class_lim10/train/10um/HFocusing_5_10_10um_0_1664.npy,10um,10um,-0.07285165669666098,3.36772812854179,-3.717193473607706,23.69017069190681,9,-10.0,median_snr_at_or_above_threshold,symlinked
train,HFocusing_5_10_10um_0_1671.npy,P0/data/dataset_particles2SNR_c1/train/10um/HFocusing_5_10_10um_0_1671.npy,P0/data/particles2SNR_4_class_lim10/train/unclear/HFocusing_5_10_10um_0_1671.npy,10um,unclear,-11.968779659970172,-10.02386339137284,-13.915922302166932,0.9427521067159259,6,-10.0,median_snr_below_threshold,symlinked
train,HFocusing_5_10_10um_0_1674.npy,P0/data/dataset_particles2SNR_c1/train/10um/HFocusing_5_10_10um_0_1674.npy,P0/data/particles2SNR_4_class_lim10/train/unclear/HFocusing_5_10_10um_0_1674.npy,10um,unclear,-10.708020469201811,-10.432804872713003,-18.058311982490483,8.099209593384124,15,-10.0,median_snr_below_threshold,symlinked
train,HFocusing_5_10_10um_0_1677.npy,P0/data/dataset_particles2SNR_c1/train/10um/HFocusing_5_10_10um_0_1677.npy,P0/data/particles2SNR_4_class_lim10/train/unclear/HFocusing_5_10_10um_0_1677.npy,10um,unclear,-14.791580223823152,-11.613193270888265,-19.466946428194667,10.716146613601115,10,-10.0,median_snr_below_threshold,symlinked
train,HFocusing_5_10_10um_0_1680.npy,P0/data/dataset_particles2SNR_c1/train/10um/HFocusing_5_10_10um_0_1680.npy,P0/data/particles2SNR_4_class_lim10/train/unclear/HFocusing_5_10_10um_0_1680.npy,10um,unclear,-11.987077935165955,-9.166391892770703,-15.15204722047679,13.177882281382445,11,-10.0,median_snr_below_threshold,symlinked
train,HFocusing_5_10_10um_0_1683.npy,P0/data/dataset_particles2SNR_c1/train/10um/HFocusing_5_10_10um_0_1683.npy,P0/data/particles2SNR_4_class_lim10/train/10um/HFocusing_5_10_10um_0_1683.npy,10um,10um,1.1567128520054832,0.864362016426028,-3.654444748863251,4.5896835019607245,6,-10.0,median_snr_at_or_above_threshold,symlinked
train,HFocusing_5_10_10um_0_1684.npy,P0/data/dataset_particles2SNR_c1/train/10um/HFocusing_5_10_10um_0_1684.npy,P0/data/particles2SNR_4_class_lim10/train/10um/HFocusing_5_10_10um_0_1684.npy,10um,10um,11.380100506560707,11.380100506560707,-0.804221977933972,23.564422991055384,2,-10.0,median_snr_at_or_above_threshold,symlinked
train,HFocusing_5_10_10um_0_1687.npy,P0/data/dataset_particles2SNR_c1/train/10um/HFocusing_5_10_10um_0_1687.npy,P0/data/particles2SNR_4_class_lim10/train/unclear/HFocusing_5_10_10um_0_1687.npy,10um,unclear,-11.09580978556736,-9.55101611112209,-16.048504867286635,4.233414541760547,8,-10.0,median_snr_below_threshold,symlinked
train,HFocusing_5_10_10um_0_169.npy,P0/data/dataset_particles2SNR_c1/train/10um/HFocusing_5_10_10um_0_169.npy,P0/data/particles2SNR_4_class_lim10/train/unclear/HFocusing_5_10_10um_0_169.npy,10um,unclear,-12.580262257574466,-10.206320149315896,-17.2230829106821,4.354881256645099,8,-10.0,median_snr_below_threshold,symlinked
train,HFocusing_5_10_10um_0_1692.npy,P0/data/dataset_particles2SNR_c1/train/10um/HFocusing_5_10_10um_0_1692.npy,P0/data/particles2SNR_4_class_lim10/train/unclear/HFocusing_5_10_10um_0_1692.npy,10um,unclear,-11.533786390254608,-8.185407334095805,-14.043496526180117,2.957160264622109,7,-10.0,median_snr_below_threshold,symlinked
train,HFocusing_5_10_10um_0_1695.npy,P0/data/dataset_particles2SNR_c1/train/10um/HFocusing_5_10_10um_0_1695.npy,P0/data/particles2SNR_4_class_lim10/train/10um/HFocusing_5_10_10um_0_1695.npy,10um,10um,1.2319854957546243,0.1401509765241348,-3.0720831227505014,2.2605505565682815,3,-10.0,median_snr_at_or_above_threshold,symlinked
train,HFocusing_5_10_10um_0_1698.npy,P0/data/dataset_particles2SNR_c1/train/10um/HFocusing_5_10_10um_0_1698.npy,P0/data/particles2SNR_4_class_lim10/train/unclear/HFocusing_5_10_10um_0_1698.npy,10um,unclear,-12.922738374046904,-10.64488706935177,-15.288075857992121,9.290284373363146,12,-10.0,median_snr_below_threshold,symlinked
train,HFocusing_5_10_10um_0_1701.npy,P0/data/dataset_particles2SNR_c1/train/10um/HFocusing_5_10_10um_0_1701.npy,P0/data/particles2SNR_4_class_lim10/train/unclear/HFocusing_5_10_10um_0_1701.npy,10um,unclear,-12.32879623726034,-12.05925592079141,-16.144935717901944,-0.9853064453116303,14,-10.0,median_snr_below_threshold,symlinked
train,HFocusing_5_10_10um_0_1704.npy,P0/data/dataset_particles2SNR_c1/train/10um/HFocusing_5_10_10um_0_1704.npy,P0/data/particles2SNR_4_class_lim10/train/unclear/HFocusing_5_10_10um_0_1704.npy,10um,unclear,-12.828922909389357,-11.451121916311159,-17.228510907155716,9.409918647521376,11,-10.0,median_snr_below_threshold,symlinked
train,HFocusing_5_10_10um_0_1706.npy,P0/data/dataset_particles2SNR_c1/train/10um/HFocusing_5_10_10um_0_1706.npy,P0/data/particles2SNR_4_class_lim10/train/unclear/HFocusing_5_10_10um_0_1706.npy,10um,unclear,-10.793954553103939,-11.473261702207036,-14.405610512130583,-9.899527190489689,4,-10.0,median_snr_below_threshold,symlinked
train,HFocusing_5_10_10um_0_1707.npy,P0/data/dataset_particles2SNR_c1/train/10um/HFocusing_5_10_10um_0_1707.npy,P0/data/particles2SNR_4_class_lim10/train/unclear/HFocusing_5_10_10um_0_1707.npy,10um,unclear,-14.112019272558832,-12.22150916487597,-16.012555921614087,5.211407253204151,13,-10.0,median_snr_below_threshold,symlinked
train,HFocusing_5_10_10um_0_1710.npy,P0/data/dataset_particles2SNR_c1/train/10um/HFocusing_5_10_10um_0_1710.npy,P0/data/particles2SNR_4_class_lim10/train/unclear/HFocusing_5_10_10um_0_1710.npy,10um,unclear,-10.447445873017564,-9.76553811454732,-15.858835312391346,0.5353870618980956,9,-10.0,median_snr_below_threshold,symlinked
train,HFocusing_5_10_10um_0_1712.npy,P0/data/dataset_particles2SNR_c1/train/10um/HFocusing_5_10_10um_0_1712.npy,P0/data/particles2SNR_4_class_lim10/train/unclear/HFocusing_5_10_10um_0_1712.npy,10um,unclear,-11.666515512578608,-9.253071895715477,-15.744167256679722,5.743615262913573,12,-10.0,median_snr_below_threshold,symlinked
train,HFocusing_5_10_10um_0_1716.npy,P0/data/dataset_particles2SNR_c1/train/10um/HFocusing_5_10_10um_0_1716.npy,P0/data/particles2SNR_4_class_lim10/train/10um/HFocusing_5_10_10um_0_1716.npy,10um,10um,-4.730927447425477,-5.49479658323317,-18.097238603280857,10.08633168014211,9,-10.0,median_snr_at_or_above_threshold,symlinked
train,HFocusing_5_10_10um_0_172.npy,P0/data/dataset_particles2SNR_c1/train/10um/HFocusing_5_10_10um_0_172.npy,P0/data/particles2SNR_4_class_lim10/train/unclear/HFocusing_5_10_10um_0_172.npy,10um,unclear,-12.183596680503568,-9.730890822018761,-17.341691839040568,16.181528955335743,8,-10.0,median_snr_below_threshold,symlinked
train,HFocusing_5_10_10um_0_1724.npy,P0/data/dataset_particles2SNR_c1/train/10um/HFocusing_5_10_10um_0_1724.npy,P0/data/particles2SNR_4_class_lim10/train/unclear/HFocusing_5_10_10um_0_1724.npy,10um,unclear,-11.75328633575516,-11.408299073862207,-17.179779251043165,0.22749585216751425,13,-10.0,median_snr_below_threshold,symlinked
train,HFocusing_5_10_10um_0_1727.npy,P0/data/dataset_particles2SNR_c1/train/10um/HFocusing_5_10_10um_0_1727.npy,P0/data/particles2SNR_4_class_lim10/train/10um/HFocusing_5_10_10um_0_1727.npy,10um,10um,-9.145644189002294,-3.6908255326947557,-14.402860171727216,19.581942250672885,7,-10.0,median_snr_at_or_above_threshold,symlinked
train,HFocusing_5_10_10um_0_1729.npy,P0/data/dataset_particles2SNR_c1/train/10um/HFocusing_5_10_10um_0_1729.npy,P0/data/particles2SNR_4_class_lim10/train/unclear/HFocusing_5_10_10um_0_1729.npy,10um,unclear,-12.895884891919863,-12.784092481661938,-14.78347532761958,-10.977084571043854,13,-10.0,median_snr_below_threshold,symlinked
train,HFocusing_5_10_10um_0_1730.npy,P0/data/dataset_particles2SNR_c1/train/10um/HFocusing_5_10_10um_0_1730.npy,P0/data/particles2SNR_4_class_lim10/train/unclear/HFocusing_5_10_10um_0_1730.npy,10um,unclear,-10.559390254311385,-9.28085920367837,-14.632170483586222,5.669973324803079,9,-10.0,median_snr_below_threshold,symlinked
train,HFocusing_5_10_10um_0_1733.npy,P0/data/dataset_particles2SNR_c1/train/10um/HFocusing_5_10_10um_0_1733.npy,P0/data/particles2SNR_4_class_lim10/train/10um/HFocusing_5_10_10um_0_1733.npy,10um,10um,-0.5881526823000598,1.350700603756317,-2.783098251224219,12.225769955825578,5,-10.0,median_snr_at_or_above_threshold,symlinked
train,HFocusing_5_10_10um_0_1736.npy,P0/data/dataset_particles2SNR_c1/train/10um/HFocusing_5_10_10um_0_1736.npy,P0/data/particles2SNR_4_class_lim10/train/unclear/HFocusing_5_10_10um_0_1736.npy,10um,unclear,-11.407341145071566,-9.74316063548839,-16.274368851204493,9.486794986326439,7,-10.0,median_snr_below_threshold,symlinked
train,HFocusing_5_10_10um_0_1739.npy,P0/data/dataset_particles2SNR_c1/train/10um/HFocusing_5_10_10um_0_1739.npy,P0/data/particles2SNR_4_class_lim10/train/10um/HFocusing_5_10_10um_0_1739.npy,10um,10um,-7.232383878664828,-6.074651174844897,-20.39306249926029,5.151981054170691,10,-10.0,median_snr_at_or_above_threshold,symlinked
train,HFocusing_5_10_10um_0_1743.npy,P0/data/dataset_particles2SNR_c1/train/10um/HFocusing_5_10_10um_0_1743.npy,P0/data/particles2SNR_4_class_lim10/train/unclear/HFocusing_5_10_10um_0_1743.npy,10um,unclear,-12.796184759774684,-11.56018080534907,-20.0368936861874,8.252411232168125,12,-10.0,median_snr_below_threshold,symlinked
train,HFocusing_5_10_10um_0_1746.npy,P0/data/dataset_particles2SNR_c1/train/10um/HFocusing_5_10_10um_0_1746.npy,P0/data/particles2SNR_4_class_lim10/train/unclear/HFocusing_5_10_10um_0_1746.npy,10um,unclear,-12.010115558312364,-11.93608334647272,-13.221891846315932,-10.576242634789866,3,-10.0,median_snr_below_threshold,symlinked
train,HFocusing_5_10_10um_0_1747.npy,P0/data/dataset_particles2SNR_c1/train/10um/HFocusing_5_10_10um_0_1747.npy,P0/data/particles2SNR_4_class_lim10/train/unclear/HFocusing_5_10_10um_0_1747.npy,10um,unclear,-10.931672471563072,-7.137764728860574,-15.16701929853028,5.6382474107349285,5,-10.0,median_snr_below_threshold,symlinked
train,HFocusing_5_10_10um_0_175.npy,P0/data/dataset_particles2SNR_c1/train/10um/HFocusing_5_10_10um_0_175.npy,P0/data/particles2SNR_4_class_lim10/train/unclear/HFocusing_5_10_10um_0_175.npy,10um,unclear,-12.654089565721971,-12.33968181936857,-15.932167238786697,-8.813285353957548,12,-10.0,median_snr_below_threshold,symlinked
train,HFocusing_5_10_10um_0_1750.npy,P0/data/dataset_particles2SNR_c1/train/10um/HFocusing_5_10_10um_0_1750.npy,P0/data/particles2SNR_4_class_lim10/train/unclear/HFocusing_5_10_10um_0_1750.npy,10um,unclear,-12.143046582539032,-12.946689105956407,-18.56476097861838,-9.880381476293937,9,-10.0,median_snr_below_threshold,symlinked
train,HFocusing_5_10_10um_0_1751.npy,P0/data/dataset_particles2SNR_c1/train/10um/HFocusing_5_10_10um_0_1751.npy,P0/data/particles2SNR_4_class_lim10/train/10um/HFocusing_5_10_10um_0_1751.npy,10um,10um,-2.781718578423992,-2.781718578423992,-10.454514727121937,4.8910775702739535,2,-10.0,median_snr_at_or_above_threshold,symlinked
train,HFocusing_5_10_10um_0_1754.npy,P0/data/dataset_particles2SNR_c1/train/10um/HFocusing_5_10_10um_0_1754.npy,P0/data/particles2SNR_4_class_lim10/train/unclear/HFocusing_5_10_10um_0_1754.npy,10um,unclear,-10.822892152656982,-8.026637407595853,-15.343742101475542,7.276293653497535,5,-10.0,median_snr_below_threshold,symlinked
train,HFocusing_5_10_10um_0_1757.npy,P0/data/dataset_particles2SNR_c1/train/10um/HFocusing_5_10_10um_0_1757.npy,P0/data/particles2SNR_4_class_lim10/train/unclear/HFocusing_5_10_10um_0_1757.npy,10um,unclear,-12.403215084737948,-10.241619970796979,-14.109399431640195,2.5506999930196503,8,-10.0,median_snr_below_threshold,symlinked
train,HFocusing_5_10_10um_0_176.npy,P0/data/dataset_particles2SNR_c1/train/10um/HFocusing_5_10_10um_0_176.npy,P0/data/particles2SNR_4_class_lim10/train/unclear/HFocusing_5_10_10um_0_176.npy,10um,unclear,-11.666602214583751,-9.442006933084997,-15.616699777347335,2.7517046506932012,10,-10.0,median_snr_below_threshold,symlinked
train,HFocusing_5_10_10um_0_1760.npy,P0/data/dataset_particles2SNR_c1/train/10um/HFocusing_5_10_10um_0_1760.npy,P0/data/particles2SNR_4_class_lim10/train/unclear/HFocusing_5_10_10um_0_1760.npy,10um,unclear,-12.248527207837412,-8.14235489860877,-16.327363159667552,21.1766050893143,8,-10.0,median_snr_below_threshold,symlinked
train,HFocusing_5_10_10um_0_1762.npy,P0/data/dataset_particles2SNR_c1/train/10um/HFocusing_5_10_10um_0_1762.npy,P0/data/particles2SNR_4_class_lim10/train/unclear/HFocusing_5_10_10um_0_1762.npy,10um,unclear,-12.229391220110053,-10.816821026344916,-16.211850588518264,4.034672438990014,11,-10.0,median_snr_below_threshold,symlinked
train,HFocusing_5_10_10um_0_1765.npy,P0/data/dataset_particles2SNR_c1/train/10um/HFocusing_5_10_10um_0_1765.npy,P0/data/particles2SNR_4_class_lim10/train/unclear/HFocusing_5_10_10um_0_1765.npy,10um,unclear,-13.657966345076694,-13.25621056780547,-17.476870946273454,-9.121368018071909,11,-10.0,median_snr_below_threshold,symlinked
train,HFocusing_5_10_10um_0_1766.npy,P0/data/dataset_particles2SNR_c1/train/10um/HFocusing_5_10_10um_0_1766.npy,P0/data/particles2SNR_4_class_lim10/train/10um/HFocusing_5_10_10um_0_1766.npy,10um,10um,-9.04586937163032,-8.501037393098102,-13.574669374907092,3.5372873782595455,9,-10.0,median_snr_at_or_above_threshold,symlinked
train,HFocusing_5_10_10um_0_1768.npy,P0/data/dataset_particles2SNR_c1/train/10um/HFocusing_5_10_10um_0_1768.npy,P0/data/particles2SNR_4_class_lim10/train/10um/HFocusing_5_10_10um_0_1768.npy,10um,10um,-9.376814845167218,-9.279053933546429,-10.817931995937911,-8.09876155118842,5,-10.0,median_snr_at_or_above_threshold,symlinked
train,HFocusing_5_10_10um_0_1771.npy,P0/data/dataset_particles2SNR_c1/train/10um/HFocusing_5_10_10um_0_1771.npy,P0/data/particles2SNR_4_class_lim10/train/unclear/HFocusing_5_10_10um_0_1771.npy,10um,unclear,-11.114763957112796,-11.636511913599417,-16.906790034542265,-7.514143398290134,10,-10.0,median_snr_below_threshold,symlinked
train,HFocusing_5_10_10um_0_1772.npy,P0/data/dataset_particles2SNR_c1/train/10um/HFocusing_5_10_10um_0_1772.npy,P0/data/particles2SNR_4_class_lim10/train/unclear/HFocusing_5_10_10um_0_1772.npy,10um,unclear,-12.126563219615537,-11.586102147423597,-18.79443582176573,4.652826436237081,13,-10.0,median_snr_below_threshold,symlinked
train,HFocusing_5_10_10um_0_1778.npy,P0/data/dataset_particles2SNR_c1/train/10um/HFocusing_5_10_10um_0_1778.npy,P0/data/particles2SNR_4_class_lim10/train/unclear/HFocusing_5_10_10um_0_1778.npy,10um,unclear,-10.337672369052058,-11.055894832595751,-20.228534018643636,-4.949021316315552,5,-10.0,median_snr_below_threshold,symlinked
train,HFocusing_5_10_10um_0_1779.npy,P0/data/dataset_particles2SNR_c1/train/10um/HFocusing_5_10_10um_0_1779.npy,P0/data/particles2SNR_4_class_lim10/train/unclear/HFocusing_5_10_10um_0_1779.npy,10um,unclear,-10.66811452129659,-9.846363336750018,-15.392719900976195,8.388664810973804,14,-10.0,median_snr_below_threshold,symlinked
train,HFocusing_5_10_10um_0_1782.npy,P0/data/dataset_particles2SNR_c1/train/10um/HFocusing_5_10_10um_0_1782.npy,P0/data/particles2SNR_4_class_lim10/train/10um/HFocusing_5_10_10um_0_1782.npy,10um,10um,-4.48351147849081,-5.263998698695265,-11.933136639887149,-1.6604032792629857,6,-10.0,median_snr_at_or_above_threshold,symlinked
train,HFocusing_5_10_10um_0_1783.npy,P0/data/dataset_particles2SNR_c1/train/10um/HFocusing_5_10_10um_0_1783.npy,P0/data/particles2SNR_4_class_lim10/train/unclear/HFocusing_5_10_10um_0_1783.npy,10um,unclear,-10.235254697446134,-5.433070228068928,-16.2256111704082,5.853159904645607,5,-10.0,median_snr_below_threshold,symlinked
train,HFocusing_5_10_10um_0_1786.npy,P0/data/dataset_particles2SNR_c1/train/10um/HFocusing_5_10_10um_0_1786.npy,P0/data/particles2SNR_4_class_lim10/train/10um/HFocusing_5_10_10um_0_1786.npy,10um,10um,-5.625858960516253,-1.3711202577565116,-7.824904597512341,15.321957356352524,5,-10.0,median_snr_at_or_above_threshold,symlinked
train,HFocusing_5_10_10um_0_1788.npy,P0/data/dataset_particles2SNR_c1/train/10um/HFocusing_5_10_10um_0_1788.npy,P0/data/particles2SNR_4_class_lim10/train/unclear/HFocusing_5_10_10um_0_1788.npy,10um,unclear,-12.585995045376727,-12.533500773869962,-18.506296688501077,-8.661095930808052,17,-10.0,median_snr_below_threshold,symlinked
train,HFocusing_5_10_10um_0_179.npy,P0/data/dataset_particles2SNR_c1/train/10um/HFocusing_5_10_10um_0_179.npy,P0/data/particles2SNR_4_class_lim10/train/unclear/HFocusing_5_10_10um_0_179.npy,10um,unclear,-13.956347774184934,-11.887237631720355,-16.415907415885094,9.128102899784153,11,-10.0,median_snr_below_threshold,symlinked
train,HFocusing_5_10_10um_0_1791.npy,P0/data/dataset_particles2SNR_c1/train/10um/HFocusing_5_10_10um_0_1791.npy,P0/data/particles2SNR_4_class_lim10/train/10um/HFocusing_5_10_10um_0_1791.npy,10um,10um,-3.32320122423556,-0.7510142733006768,-5.818382335609673,14.122259277945874,6,-10.0,median_snr_at_or_above_threshold,symlinked
train,HFocusing_5_10_10um_0_1794.npy,P0/data/dataset_particles2SNR_c1/train/10um/HFocusing_5_10_10um_0_1794.npy,P0/data/particles2SNR_4_class_lim10/train/unclear/HFocusing_5_10_10um_0_1794.npy,10um,unclear,-12.475199107449566,-10.200379003680334,-16.24610671003411,5.048366659125701,6,-10.0,median_snr_below_threshold,symlinked
train,HFocusing_5_10_10um_0_1797.npy,P0/data/dataset_particles2SNR_c1/train/10um/HFocusing_5_10_10um_0_1797.npy,P0/data/particles2SNR_4_class_lim10/train/10um/HFocusing_5_10_10um_0_1797.npy,10um,10um,-7.018808225458481,-5.813347809413396,-12.227409591072254,7.086040642639312,8,-10.0,median_snr_at_or_above_threshold,symlinked
train,HFocusing_5_10_10um_0_18.npy,P0/data/dataset_particles2SNR_c1/train/10um/HFocusing_5_10_10um_0_18.npy,P0/data/particles2SNR_4_class_lim10/train/unclear/HFocusing_5_10_10um_0_18.npy,10um,unclear,-13.700844989642757,-13.663629511263467,-18.97781579607078,-9.993485331457427,17,-10.0,median_snr_below_threshold,symlinked
train,HFocusing_5_10_10um_0_1800.npy,P0/data/dataset_particles2SNR_c1/train/10um/HFocusing_5_10_10um_0_1800.npy,P0/data/particles2SNR_4_class_lim10/train/unclear/HFocusing_5_10_10um_0_1800.npy,10um,unclear,-11.956860122595527,-10.933424626373437,-15.823078613589075,3.34064126206642,8,-10.0,median_snr_below_threshold,symlinked
train,HFocusing_5_10_10um_0_1802.npy,P0/data/dataset_particles2SNR_c1/train/10um/HFocusing_5_10_10um_0_1802.npy,P0/data/particles2SNR_4_class_lim10/train/10um/HFocusing_5_10_10um_0_1802.npy,10um,10um,-9.185758231480245,-9.958316654496254,-15.998808217475657,-5.046323285895652,10,-10.0,median_snr_at_or_above_threshold,symlinked
train,HFocusing_5_10_10um_0_1803.npy,P0/data/dataset_particles2SNR_c1/train/10um/HFocusing_5_10_10um_0_1803.npy,P0/data/particles2SNR_4_class_lim10/train/unclear/HFocusing_5_10_10um_0_1803.npy,10um,unclear,-11.991364546299765,-7.304243523603743,-12.60224029957524,7.989863977191827,5,-10.0,median_snr_below_threshold,symlinked
train,HFocusing_5_10_10um_0_1807.npy,P0/data/dataset_particles2SNR_c1/train/10um/HFocusing_5_10_10um_0_1807.npy,P0/data/particles2SNR_4_class_lim10/train/unclear/HFocusing_5_10_10um_0_1807.npy,10um,unclear,-10.627039735665804,-4.286125481747901,-13.988776426922218,8.56049628087807,11,-10.0,median_snr_below_threshold,symlinked
train,HFocusing_5_10_10um_0_1810.npy,P0/data/dataset_particles2SNR_c1/train/10um/HFocusing_5_10_10um_0_1810.npy,P0/data/particles2SNR_4_class_lim10/train/unclear/HFocusing_5_10_10um_0_1810.npy,10um,unclear,-12.312717637314107,-12.527170237442943,-19.49357773586984,-7.648429123954972,10,-10.0,median_snr_below_threshold,symlinked
train,HFocusing_5_10_10um_0_1811.npy,P0/data/dataset_particles2SNR_c1/train/10um/HFocusing_5_10_10um_0_1811.npy,P0/data/particles2SNR_4_class_lim10/train/10um/HFocusing_5_10_10um_0_1811.npy,10um,10um,-9.718738385295925,-6.226495759388968,-12.355012790321318,6.886506523357299,4,-10.0,median_snr_at_or_above_threshold,symlinked
train,HFocusing_5_10_10um_0_1814.npy,P0/data/dataset_particles2SNR_c1/train/10um/HFocusing_5_10_10um_0_1814.npy,P0/data/particles2SNR_4_class_lim10/train/unclear/HFocusing_5_10_10um_0_1814.npy,10um,unclear,-11.389557140664824,-11.389557140664824,-11.389557140664824,-11.389557140664824,1,-10.0,median_snr_below_threshold,symlinked
train,HFocusing_5_10_10um_0_1818.npy,P0/data/dataset_particles2SNR_c1/train/10um/HFocusing_5_10_10um_0_1818.npy,P0/data/particles2SNR_4_class_lim10/train/unclear/HFocusing_5_10_10um_0_1818.npy,10um,unclear,-14.072486047861501,-13.409360969393346,-17.71598989061784,-9.476039407007818,17,-10.0,median_snr_below_threshold,symlinked
train,HFocusing_5_10_10um_0_182.npy,P0/data/dataset_particles2SNR_c1/train/10um/HFocusing_5_10_10um_0_182.npy,P0/data/particles2SNR_4_class_lim10/train/10um/HFocusing_5_10_10um_0_182.npy,10um,10um,-9.685057679497447,-8.832168516101852,-11.400765569499063,-1.9696279178430767,8,-10.0,median_snr_at_or_above_threshold,symlinked
train,HFocusing_5_10_10um_0_1822.npy,P0/data/dataset_particles2SNR_c1/train/10um/HFocusing_5_10_10um_0_1822.npy,P0/data/particles2SNR_4_class_lim10/train/unclear/HFocusing_5_10_10um_0_1822.npy,10um,unclear,-12.429717226417276,-10.454261694497175,-15.334063576974623,6.875479595744495,9,-10.0,median_snr_below_threshold,symlinked
train,HFocusing_5_10_10um_0_1825.npy,P0/data/dataset_particles2SNR_c1/train/10um/HFocusing_5_10_10um_0_1825.npy,P0/data/particles2SNR_4_class_lim10/train/unclear/HFocusing_5_10_10um_0_1825.npy,10um,unclear,-12.27878407928814,-8.231350949269821,-13.388702349385596,5.02086671088259,4,-10.0,median_snr_below_threshold,symlinked
train,HFocusing_5_10_10um_0_1829.npy,P0/data/dataset_particles2SNR_c1/train/10um/HFocusing_5_10_10um_0_1829.npy,P0/data/particles2SNR_4_class_lim10/train/10um/HFocusing_5_10_10um_0_1829.npy,10um,10um,-9.893616404302874,-7.48404866386324,-14.873333615595199,7.809950816126197,9,-10.0,median_snr_at_or_above_threshold,symlinked
train,HFocusing_5_10_10um_0_1832.npy,P0/data/dataset_particles2SNR_c1/train/10um/HFocusing_5_10_10um_0_1832.npy,P0/data/particles2SNR_4_class_lim10/train/unclear/HFocusing_5_10_10um_0_1832.npy,10um,unclear,-11.945660496082006,-12.440330215674436,-15.703569126730281,-9.836964638196923,12,-10.0,median_snr_below_threshold,symlinked
train,HFocusing_5_10_10um_0_1836.npy,P0/data/dataset_particles2SNR_c1/train/10um/HFocusing_5_10_10um_0_1836.npy,P0/data/particles2SNR_4_class_lim10/train/unclear/HFocusing_5_10_10um_0_1836.npy,10um,unclear,-10.354441277832521,-8.87183023250625,-20.160537109560597,7.124536374800385,12,-10.0,median_snr_below_threshold,symlinked
train,HFocusing_5_10_10um_0_1839.npy,P0/data/dataset_particles2SNR_c1/train/10um/HFocusing_5_10_10um_0_1839.npy,P0/data/particles2SNR_4_class_lim10/train/unclear/HFocusing_5_10_10um_0_1839.npy,10um,unclear,-11.345596068840635,-11.149476972328678,-18.10697027401531,0.5246109113517657,17,-10.0,median_snr_below_threshold,symlinked
train,HFocusing_5_10_10um_0_1846.npy,P0/data/dataset_particles2SNR_c1/train/10um/HFocusing_5_10_10um_0_1846.npy,P0/data/particles2SNR_4_class_lim10/train/unclear/HFocusing_5_10_10um_0_1846.npy,10um,unclear,-14.086061193862422,-11.765843546733004,-18.55726246588426,6.157342651657482,11,-10.0,median_snr_below_threshold,symlinked
train,HFocusing_5_10_10um_0_185.npy,P0/data/dataset_particles2SNR_c1/train/10um/HFocusing_5_10_10um_0_185.npy,P0/data/particles2SNR_4_class_lim10/train/unclear/HFocusing_5_10_10um_0_185.npy,10um,unclear,-12.531059832927694,-10.410856473843532,-16.515789016624975,6.181626267142119,12,-10.0,median_snr_below_threshold,symlinked
train,HFocusing_5_10_10um_0_1850.npy,P0/data/dataset_particles2SNR_c1/train/10um/HFocusing_5_10_10um_0_1850.npy,P0/data/particles2SNR_4_class_lim10/train/10um/HFocusing_5_10_10um_0_1850.npy,10um,10um,-3.114853620337662,-1.3933317896682664,-5.007477190529613,10.819715436227115,9,-10.0,median_snr_at_or_above_threshold,symlinked
train,HFocusing_5_10_10um_0_1853.npy,P0/data/dataset_particles2SNR_c1/train/10um/HFocusing_5_10_10um_0_1853.npy,P0/data/particles2SNR_4_class_lim10/train/10um/HFocusing_5_10_10um_0_1853.npy,10um,10um,10.388825144392328,10.388825144392328,-1.56681212930323,22.344462418087886,2,-10.0,median_snr_at_or_above_threshold,symlinked
train,HFocusing_5_10_10um_0_1856.npy,P0/data/dataset_particles2SNR_c1/train/10um/HFocusing_5_10_10um_0_1856.npy,P0/data/particles2SNR_4_class_lim10/train/10um/HFocusing_5_10_10um_0_1856.npy,10um,10um,-9.877304562445094,-7.29827721155533,-14.928672890701261,13.2447140247495,7,-10.0,median_snr_at_or_above_threshold,symlinked
train,HFocusing_5_10_10um_0_1858.npy,P0/data/dataset_particles2SNR_c1/train/10um/HFocusing_5_10_10um_0_1858.npy,P0/data/particles2SNR_4_class_lim10/train/unclear/HFocusing_5_10_10um_0_1858.npy,10um,unclear,,,,,0,-10.0,missing_snr,symlinked
train,HFocusing_5_10_10um_0_1862.npy,P0/data/dataset_particles2SNR_c1/train/10um/HFocusing_5_10_10um_0_1862.npy,P0/data/particles2SNR_4_class_lim10/train/unclear/HFocusing_5_10_10um_0_1862.npy,10um,unclear,-12.763321142124962,-12.443268679182419,-14.457012450602917,-8.441535822599157,7,-10.0,median_snr_below_threshold,symlinked
train,HFocusing_5_10_10um_0_1863.npy,P0/data/dataset_particles2SNR_c1/train/10um/HFocusing_5_10_10um_0_1863.npy,P0/data/particles2SNR_4_class_lim10/train/unclear/HFocusing_5_10_10um_0_1863.npy,10um,unclear,-12.782999980057355,-10.948325576637963,-14.625786208541223,10.127779136253869,11,-10.0,median_snr_below_threshold,symlinked
train,HFocusing_5_10_10um_0_1866.npy,P0/data/dataset_particles2SNR_c1/train/10um/HFocusing_5_10_10um_0_1866.npy,P0/data/particles2SNR_4_class_lim10/train/10um/HFocusing_5_10_10um_0_1866.npy,10um,10um,-9.765555746080999,-8.239502397485023,-12.538891579087569,4.917939746860336,9,-10.0,median_snr_at_or_above_threshold,symlinked
train,HFocusing_5_10_10um_0_1870.npy,P0/data/dataset_particles2SNR_c1/train/10um/HFocusing_5_10_10um_0_1870.npy,P0/data/particles2SNR_4_class_lim10/train/10um/HFocusing_5_10_10um_0_1870.npy,10um,10um,1.5729424213839573,3.6125614890444515,-1.354298191083367,19.335362619579772,7,-10.0,median_snr_at_or_above_threshold,symlinked
train,HFocusing_5_10_10um_0_1873.npy,P0/data/dataset_particles2SNR_c1/train/10um/HFocusing_5_10_10um_0_1873.npy,P0/data/particles2SNR_4_class_lim10/train/10um/HFocusing_5_10_10um_0_1873.npy,10um,10um,-9.739110061849914,-7.586206697915093,-14.090037199299472,6.051871750069968,6,-10.0,median_snr_at_or_above_threshold,symlinked
train,HFocusing_5_10_10um_0_1875.npy,P0/data/dataset_particles2SNR_c1/train/10um/HFocusing_5_10_10um_0_1875.npy,P0/data/particles2SNR_4_class_lim10/train/10um/HFocusing_5_10_10um_0_1875.npy,10um,10um,-5.730202971137166,-7.223054180610404,-10.606626938088944,-5.332332632605103,3,-10.0,median_snr_at_or_above_threshold,symlinked
train,HFocusing_5_10_10um_0_1879.npy,P0/data/dataset_particles2SNR_c1/train/10um/HFocusing_5_10_10um_0_1879.npy,P0/data/particles2SNR_4_class_lim10/train/unclear/HFocusing_5_10_10um_0_1879.npy,10um,unclear,-11.828567435908713,-9.67231965845543,-18.97695071618792,6.633501646264564,5,-10.0,median_snr_below_threshold,symlinked
train,HFocusing_5_10_10um_0_188.npy,P0/data/dataset_particles2SNR_c1/train/10um/HFocusing_5_10_10um_0_188.npy,P0/data/particles2SNR_4_class_lim10/train/unclear/HFocusing_5_10_10um_0_188.npy,10um,unclear,-12.818598444228446,-12.306655940235363,-15.958727036327229,-5.386797698028051,11,-10.0,median_snr_below_threshold,symlinked
train,HFocusing_5_10_10um_0_1881.npy,P0/data/dataset_particles2SNR_c1/train/10um/HFocusing_5_10_10um_0_1881.npy,P0/data/particles2SNR_4_class_lim10/train/10um/HFocusing_5_10_10um_0_1881.npy,10um,10um,-4.584006765011551,-4.584006765011551,-4.584006765011551,-4.584006765011551,1,-10.0,median_snr_at_or_above_threshold,symlinked
train,HFocusing_5_10_10um_0_1882.npy,P0/data/dataset_particles2SNR_c1/train/10um/HFocusing_5_10_10um_0_1882.npy,P0/data/particles2SNR_4_class_lim10/train/unclear/HFocusing_5_10_10um_0_1882.npy,10um,unclear,-13.722762548799237,-12.096811431591014,-18.351438253935683,8.878084999713472,13,-10.0,median_snr_below_threshold,symlinked
train,HFocusing_5_10_10um_0_1886.npy,P0/data/dataset_particles2SNR_c1/train/10um/HFocusing_5_10_10um_0_1886.npy,P0/data/particles2SNR_4_class_lim10/train/10um/HFocusing_5_10_10um_0_1886.npy,10um,10um,-8.33203433073744,-5.228460678066461,-11.95825001717206,15.12528354419774,6,-10.0,median_snr_at_or_above_threshold,symlinked
train,HFocusing_5_10_10um_0_189.npy,P0/data/dataset_particles2SNR_c1/train/10um/HFocusing_5_10_10um_0_189.npy,P0/data/particles2SNR_4_class_lim10/train/unclear/HFocusing_5_10_10um_0_189.npy,10um,unclear,-11.996959039216122,-11.132728771178476,-16.469296609563035,-1.477034976817262,13,-10.0,median_snr_below_threshold,symlinked
train,HFocusing_5_10_10um_0_1891.npy,P0/data/dataset_particles2SNR_c1/train/10um/HFocusing_5_10_10um_0_1891.npy,P0/data/particles2SNR_4_class_lim10/train/10um/HFocusing_5_10_10um_0_1891.npy,10um,10um,-7.21025570110545,-1.8307786574495086,-8.124992520461795,9.842912249218719,3,-10.0,median_snr_at_or_above_threshold,symlinked
train,HFocusing_5_10_10um_0_1894.npy,P0/data/dataset_particles2SNR_c1/train/10um/HFocusing_5_10_10um_0_1894.npy,P0/data/particles2SNR_4_class_lim10/train/unclear/HFocusing_5_10_10um_0_1894.npy,10um,unclear,-13.48395543512343,-13.501044634800964,-18.976505816459827,-10.153755302101825,7,-10.0,median_snr_below_threshold,symlinked
train,HFocusing_5_10_10um_0_1895.npy,P0/data/dataset_particles2SNR_c1/train/10um/HFocusing_5_10_10um_0_1895.npy,P0/data/particles2SNR_4_class_lim10/train/10um/HFocusing_5_10_10um_0_1895.npy,10um,10um,6.993323749937145,9.780185188721788,-3.3467291983557175,23.918394556286017,6,-10.0,median_snr_at_or_above_threshold,symlinked
train,HFocusing_5_10_10um_0_1898.npy,P0/data/dataset_particles2SNR_c1/train/10um/HFocusing_5_10_10um_0_1898.npy,P0/data/particles2SNR_4_class_lim10/train/unclear/HFocusing_5_10_10um_0_1898.npy,10um,unclear,-14.76577787994653,-14.76577787994653,-14.76577787994653,-14.76577787994653,1,-10.0,median_snr_below_threshold,symlinked
train,HFocusing_5_10_10um_0_1899.npy,P0/data/dataset_particles2SNR_c1/train/10um/HFocusing_5_10_10um_0_1899.npy,P0/data/particles2SNR_4_class_lim10/train/unclear/HFocusing_5_10_10um_0_1899.npy,10um,unclear,-12.943624954725598,-11.17283582337926,-18.397971301827415,10.462647004016139,10,-10.0,median_snr_below_threshold,symlinked
train,HFocusing_5_10_10um_0_1902.npy,P0/data/dataset_particles2SNR_c1/train/10um/HFocusing_5_10_10um_0_1902.npy,P0/data/particles2SNR_4_class_lim10/train/unclear/HFocusing_5_10_10um_0_1902.npy,10um,unclear,-13.241635762787592,-12.997444993224562,-14.576636732376462,-9.84888849062597,5,-10.0,median_snr_below_threshold,symlinked
train,HFocusing_5_10_10um_0_1903.npy,P0/data/dataset_particles2SNR_c1/train/10um/HFocusing_5_10_10um_0_1903.npy,P0/data/particles2SNR_4_class_lim10/train/10um/HFocusing_5_10_10um_0_1903.npy,10um,10um,-4.3477685094945775,-2.839715969757508,-11.358267704825876,11.154161944052527,6,-10.0,median_snr_at_or_above_threshold,symlinked
train,HFocusing_5_10_10um_0_1905.npy,P0/data/dataset_particles2SNR_c1/train/10um/HFocusing_5_10_10um_0_1905.npy,P0/data/particles2SNR_4_class_lim10/train/10um/HFocusing_5_10_10um_0_1905.npy,10um,10um,-9.556668423656852,-8.23105441500047,-11.592344181245009,7.1276213562864275,12,-10.0,median_snr_at_or_above_threshold,symlinked
train,HFocusing_5_10_10um_0_1908.npy,P0/data/dataset_particles2SNR_c1/train/10um/HFocusing_5_10_10um_0_1908.npy,P0/data/particles2SNR_4_class_lim10/train/unclear/HFocusing_5_10_10um_0_1908.npy,10um,unclear,-12.442238828861946,-11.488986001689838,-16.409639640098007,7.248995274129351,17,-10.0,median_snr_below_threshold,symlinked
train,HFocusing_5_10_10um_0_1911.npy,P0/data/dataset_particles2SNR_c1/train/10um/HFocusing_5_10_10um_0_1911.npy,P0/data/particles2SNR_4_class_lim10/train/unclear/HFocusing_5_10_10um_0_1911.npy,10um,unclear,-12.149323023990807,-12.72987184370324,-18.299275429620977,-9.381186516506704,18,-10.0,median_snr_below_threshold,symlinked
train,HFocusing_5_10_10um_0_1915.npy,P0/data/dataset_particles2SNR_c1/train/10um/HFocusing_5_10_10um_0_1915.npy,P0/data/particles2SNR_4_class_lim10/train/10um/HFocusing_5_10_10um_0_1915.npy,10um,10um,10.771086114609009,10.640342022764088,7.857557770774196,13.661880088829001,9,-10.0,median_snr_at_or_above_threshold,symlinked
train,HFocusing_5_10_10um_0_1916.npy,P0/data/dataset_particles2SNR_c1/train/10um/HFocusing_5_10_10um_0_1916.npy,P0/data/particles2SNR_4_class_lim10/train/10um/HFocusing_5_10_10um_0_1916.npy,10um,10um,0.5280157893994772,0.7742833809925257,-11.359092242118034,11.653601847825723,6,-10.0,median_snr_at_or_above_threshold,symlinked
train,HFocusing_5_10_10um_0_1919.npy,P0/data/dataset_particles2SNR_c1/train/10um/HFocusing_5_10_10um_0_1919.npy,P0/data/particles2SNR_4_class_lim10/train/unclear/HFocusing_5_10_10um_0_1919.npy,10um,unclear,-12.059619030838027,-10.837073900369043,-16.104503375690303,1.9835882967404475,13,-10.0,median_snr_below_threshold,symlinked
train,HFocusing_5_10_10um_0_192.npy,P0/data/dataset_particles2SNR_c1/train/10um/HFocusing_5_10_10um_0_192.npy,P0/data/particles2SNR_4_class_lim10/train/unclear/HFocusing_5_10_10um_0_192.npy,10um,unclear,-12.836984597915011,-12.899018740744626,-16.843948590347747,-8.14486219795323,13,-10.0,median_snr_below_threshold,symlinked
train,HFocusing_5_10_10um_0_1922.npy,P0/data/dataset_particles2SNR_c1/train/10um/HFocusing_5_10_10um_0_1922.npy,P0/data/particles2SNR_4_class_lim10/train/unclear/HFocusing_5_10_10um_0_1922.npy,10um,unclear,-12.434878176378621,-12.011468979135197,-14.901160067187998,-8.527745258359827,11,-10.0,median_snr_below_threshold,symlinked
train,HFocusing_5_10_10um_0_1923.npy,P0/data/dataset_particles2SNR_c1/train/10um/HFocusing_5_10_10um_0_1923.npy,P0/data/particles2SNR_4_class_lim10/train/unclear/HFocusing_5_10_10um_0_1923.npy,10um,unclear,-10.879221911622393,-10.103828041301892,-14.812016437586859,-1.012180439590493,10,-10.0,median_snr_below_threshold,symlinked
train,HFocusing_5_10_10um_0_1926.npy,P0/data/dataset_particles2SNR_c1/train/10um/HFocusing_5_10_10um_0_1926.npy,P0/data/particles2SNR_4_class_lim10/train/unclear/HFocusing_5_10_10um_0_1926.npy,10um,unclear,-11.09403429596026,-5.634744712422719,-13.064925083347408,22.743021738975916,6,-10.0,median_snr_below_threshold,symlinked
train,HFocusing_5_10_10um_0_193.npy,P0/data/dataset_particles2SNR_c1/train/10um/HFocusing_5_10_10um_0_193.npy,P0/data/particles2SNR_4_class_lim10/train/unclear/HFocusing_5_10_10um_0_193.npy,10um,unclear,-12.89090244528095,-10.418812070269526,-16.51526396405464,18.153186159299143,12,-10.0,median_snr_below_threshold,symlinked
train,HFocusing_5_10_10um_0_1932.npy,P0/data/dataset_particles2SNR_c1/train/10um/HFocusing_5_10_10um_0_1932.npy,P0/data/particles2SNR_4_class_lim10/train/unclear/HFocusing_5_10_10um_0_1932.npy,10um,unclear,-13.78542381264262,-13.88231437724996,-16.77428866280102,-9.341146703401368,8,-10.0,median_snr_below_threshold,symlinked
train,HFocusing_5_10_10um_0_1933.npy,P0/data/dataset_particles2SNR_c1/train/10um/HFocusing_5_10_10um_0_1933.npy,P0/data/particles2SNR_4_class_lim10/train/unclear/HFocusing_5_10_10um_0_1933.npy,10um,unclear,-12.316102845239872,-10.75135180103286,-15.396957346102148,0.40637205775497,8,-10.0,median_snr_below_threshold,symlinked
train,HFocusing_5_10_10um_0_1936.npy,P0/data/dataset_particles2SNR_c1/train/10um/HFocusing_5_10_10um_0_1936.npy,P0/data/particles2SNR_4_class_lim10/train/10um/HFocusing_5_10_10um_0_1936.npy,10um,10um,10.268242260744858,5.015702085313283,-6.709072639082034,11.487936634277025,3,-10.0,median_snr_at_or_above_threshold,symlinked
train,HFocusing_5_10_10um_0_1939.npy,P0/data/dataset_particles2SNR_c1/train/10um/HFocusing_5_10_10um_0_1939.npy,P0/data/particles2SNR_4_class_lim10/train/unclear/HFocusing_5_10_10um_0_1939.npy,10um,unclear,-12.465491824175597,-12.761645753604816,-15.207808878895595,-10.08920732601533,12,-10.0,median_snr_below_threshold,symlinked
train,HFocusing_5_10_10um_0_1940.npy,P0/data/dataset_particles2SNR_c1/train/10um/HFocusing_5_10_10um_0_1940.npy,P0/data/particles2SNR_4_class_lim10/train/unclear/HFocusing_5_10_10um_0_1940.npy,10um,unclear,-11.928746509738701,-10.238569021867983,-13.208795393645419,-0.6604674247251924,9,-10.0,median_snr_below_threshold,symlinked
train,HFocusing_5_10_10um_0_1942.npy,P0/data/dataset_particles2SNR_c1/train/10um/HFocusing_5_10_10um_0_1942.npy,P0/data/particles2SNR_4_class_lim10/train/10um/HFocusing_5_10_10um_0_1942.npy,10um,10um,-9.962926922517987,-8.143507349075316,-18.322040842324764,15.608674930283392,8,-10.0,median_snr_at_or_above_threshold,symlinked
train,HFocusing_5_10_10um_0_1944.npy,P0/data/dataset_particles2SNR_c1/train/10um/HFocusing_5_10_10um_0_1944.npy,P0/data/particles2SNR_4_class_lim10/train/unclear/HFocusing_5_10_10um_0_1944.npy,10um,unclear,-12.581277525157436,-8.47189489972324,-12.965652314876127,0.13124514086384037,3,-10.0,median_snr_below_threshold,symlinked
train,HFocusing_5_10_10um_0_1945.npy,P0/data/dataset_particles2SNR_c1/train/10um/HFocusing_5_10_10um_0_1945.npy,P0/data/particles2SNR_4_class_lim10/train/unclear/HFocusing_5_10_10um_0_1945.npy,10um,unclear,-12.060444389481075,-10.759772805047405,-15.769124573861532,2.791050415863729,8,-10.0,median_snr_below_threshold,symlinked
train,HFocusing_5_10_10um_0_1948.npy,P0/data/dataset_particles2SNR_c1/train/10um/HFocusing_5_10_10um_0_1948.npy,P0/data/particles2SNR_4_class_lim10/train/10um/HFocusing_5_10_10um_0_1948.npy,10um,10um,-1.8941719973685016,0.4120157509527019,-4.841733480243155,15.757054148563379,6,-10.0,median_snr_at_or_above_threshold,symlinked
train,HFocusing_5_10_10um_0_1951.npy,P0/data/dataset_particles2SNR_c1/train/10um/HFocusing_5_10_10um_0_1951.npy,P0/data/particles2SNR_4_class_lim10/train/10um/HFocusing_5_10_10um_0_1951.npy,10um,10um,-9.65884754390356,-3.8840384436807547,-11.415983524263368,15.579210219092037,5,-10.0,median_snr_at_or_above_threshold,symlinked
train,HFocusing_5_10_10um_0_1957.npy,P0/data/dataset_particles2SNR_c1/train/10um/HFocusing_5_10_10um_0_1957.npy,P0/data/particles2SNR_4_class_lim10/train/unclear/HFocusing_5_10_10um_0_1957.npy,10um,unclear,-12.901427759503058,-10.580951832765102,-15.170383128532134,3.2429772803997996,10,-10.0,median_snr_below_threshold,symlinked
train,HFocusing_5_10_10um_0_196.npy,P0/data/dataset_particles2SNR_c1/train/10um/HFocusing_5_10_10um_0_196.npy,P0/data/particles2SNR_4_class_lim10/train/unclear/HFocusing_5_10_10um_0_196.npy,10um,unclear,-11.75247480837494,-12.33464686665632,-15.28170931777212,-10.102341993598206,7,-10.0,median_snr_below_threshold,symlinked
train,HFocusing_5_10_10um_0_1964.npy,P0/data/dataset_particles2SNR_c1/train/10um/HFocusing_5_10_10um_0_1964.npy,P0/data/particles2SNR_4_class_lim10/train/unclear/HFocusing_5_10_10um_0_1964.npy,10um,unclear,-12.083371579538888,-11.344623710369804,-16.935263540474704,3.2941040894927873,13,-10.0,median_snr_below_threshold,symlinked
train,HFocusing_5_10_10um_0_1967.npy,P0/data/dataset_particles2SNR_c1/train/10um/HFocusing_5_10_10um_0_1967.npy,P0/data/particles2SNR_4_class_lim10/train/unclear/HFocusing_5_10_10um_0_1967.npy,10um,unclear,-13.142905584582966,-11.598405013016427,-17.71554907859094,4.971754596308831,12,-10.0,median_snr_below_threshold,symlinked
train,HFocusing_5_10_10um_0_1971.npy,P0/data/dataset_particles2SNR_c1/train/10um/HFocusing_5_10_10um_0_1971.npy,P0/data/particles2SNR_4_class_lim10/train/unclear/HFocusing_5_10_10um_0_1971.npy,10um,unclear,-12.254864673535366,-9.543907032434474,-17.75266774280814,12.52844621164182,9,-10.0,median_snr_below_threshold,symlinked
train,HFocusing_5_10_10um_0_1974.npy,P0/data/dataset_particles2SNR_c1/train/10um/HFocusing_5_10_10um_0_1974.npy,P0/data/particles2SNR_4_class_lim10/train/unclear/HFocusing_5_10_10um_0_1974.npy,10um,unclear,-12.524202911725475,-12.519697369451995,-14.84142662491571,-10.372260674145101,10,-10.0,median_snr_below_threshold,symlinked
train,HFocusing_5_10_10um_0_1975.npy,P0/data/dataset_particles2SNR_c1/train/10um/HFocusing_5_10_10um_0_1975.npy,P0/data/particles2SNR_4_class_lim10/train/unclear/HFocusing_5_10_10um_0_1975.npy,10um,unclear,-13.321396269652254,-12.16330875649984,-16.002746036196566,0.4084997319249553,10,-10.0,median_snr_below_threshold,symlinked
train,HFocusing_5_10_10um_0_1978.npy,P0/data/dataset_particles2SNR_c1/train/10um/HFocusing_5_10_10um_0_1978.npy,P0/data/particles2SNR_4_class_lim10/train/unclear/HFocusing_5_10_10um_0_1978.npy,10um,unclear,-11.791634159975938,-11.63277282177905,-14.881868930302645,-7.503668087438414,16,-10.0,median_snr_below_threshold,symlinked
train,HFocusing_5_10_10um_0_1982.npy,P0/data/dataset_particles2SNR_c1/train/10um/HFocusing_5_10_10um_0_1982.npy,P0/data/particles2SNR_4_class_lim10/train/10um/HFocusing_5_10_10um_0_1982.npy,10um,10um,7.8106509682265015,2.6752786329094094,-10.147856216567686,10.363041147069413,3,-10.0,median_snr_at_or_above_threshold,symlinked
train,HFocusing_5_10_10um_0_199.npy,P0/data/dataset_particles2SNR_c1/train/10um/HFocusing_5_10_10um_0_199.npy,P0/data/particles2SNR_4_class_lim10/train/unclear/HFocusing_5_10_10um_0_199.npy,10um,unclear,-10.015112293410068,-9.926793635074572,-12.859571675935054,-6.174592485054006,12,-10.0,median_snr_below_threshold,symlinked
train,HFocusing_5_10_10um_0_1991.npy,P0/data/dataset_particles2SNR_c1/train/10um/HFocusing_5_10_10um_0_1991.npy,P0/data/particles2SNR_4_class_lim10/train/unclear/HFocusing_5_10_10um_0_1991.npy,10um,unclear,-12.531581386095947,-10.115188131216886,-14.330311295001026,12.5076952414964,11,-10.0,median_snr_below_threshold,symlinked
train,HFocusing_5_10_10um_0_1994.npy,P0/data/dataset_particles2SNR_c1/train/10um/HFocusing_5_10_10um_0_1994.npy,P0/data/particles2SNR_4_class_lim10/train/10um/HFocusing_5_10_10um_0_1994.npy,10um,10um,-3.275186845430629,-1.092289661337037,-14.812321470112927,22.75355654101533,5,-10.0,median_snr_at_or_above_threshold,symlinked
train,HFocusing_5_10_10um_0_1997.npy,P0/data/dataset_particles2SNR_c1/train/10um/HFocusing_5_10_10um_0_1997.npy,P0/data/particles2SNR_4_class_lim10/train/unclear/HFocusing_5_10_10um_0_1997.npy,10um,unclear,-13.625535369262408,-11.214543392124597,-18.55538863403938,21.374898033528726,16,-10.0,median_snr_below_threshold,symlinked
train,HFocusing_5_10_10um_0_200.npy,P0/data/dataset_particles2SNR_c1/train/10um/HFocusing_5_10_10um_0_200.npy,P0/data/particles2SNR_4_class_lim10/train/unclear/HFocusing_5_10_10um_0_200.npy,10um,unclear,-12.305169515723948,-10.256579877594245,-14.615590291682318,3.539575780639244,11,-10.0,median_snr_below_threshold,symlinked
train,HFocusing_5_10_10um_0_2003.npy,P0/data/dataset_particles2SNR_c1/train/10um/HFocusing_5_10_10um_0_2003.npy,P0/data/particles2SNR_4_class_lim10/train/unclear/HFocusing_5_10_10um_0_2003.npy,10um,unclear,-12.871711710886036,-10.262429986032611,-17.750894229003915,6.333678140437659,8,-10.0,median_snr_below_threshold,symlinked
train,HFocusing_5_10_10um_0_2006.npy,P0/data/dataset_particles2SNR_c1/train/10um/HFocusing_5_10_10um_0_2006.npy,P0/data/particles2SNR_4_class_lim10/train/unclear/HFocusing_5_10_10um_0_2006.npy,10um,unclear,-13.7197263753376,-13.319829842942259,-16.31528447082227,-9.709749148564145,9,-10.0,median_snr_below_threshold,symlinked
train,HFocusing_5_10_10um_0_2009.npy,P0/data/dataset_particles2SNR_c1/train/10um/HFocusing_5_10_10um_0_2009.npy,P0/data/particles2SNR_4_class_lim10/train/unclear/HFocusing_5_10_10um_0_2009.npy,10um,unclear,-13.148908562877422,-13.392334116096073,-21.93483565926261,-8.322969353638662,15,-10.0,median_snr_below_threshold,symlinked
train,HFocusing_5_10_10um_0_2010.npy,P0/data/dataset_particles2SNR_c1/train/10um/HFocusing_5_10_10um_0_2010.npy,P0/data/particles2SNR_4_class_lim10/train/unclear/HFocusing_5_10_10um_0_2010.npy,10um,unclear,-14.220019745704215,-9.52785861719842,-17.150320220226373,13.181464113280922,17,-10.0,median_snr_below_threshold,symlinked
train,HFocusing_5_10_10um_0_2016.npy,P0/data/dataset_particles2SNR_c1/train/10um/HFocusing_5_10_10um_0_2016.npy,P0/data/particles2SNR_4_class_lim10/train/unclear/HFocusing_5_10_10um_0_2016.npy,10um,unclear,-13.238029720053882,-12.602341963637658,-14.946323721205763,-8.375119655382376,12,-10.0,median_snr_below_threshold,symlinked
train,HFocusing_5_10_10um_0_2017.npy,P0/data/dataset_particles2SNR_c1/train/10um/HFocusing_5_10_10um_0_2017.npy,P0/data/particles2SNR_4_class_lim10/train/10um/HFocusing_5_10_10um_0_2017.npy,10um,10um,7.3849895889770085,9.220444061885885,3.7788925561129885,18.33290451347654,4,-10.0,median_snr_at_or_above_threshold,symlinked
train,HFocusing_5_10_10um_0_2020.npy,P0/data/dataset_particles2SNR_c1/train/10um/HFocusing_5_10_10um_0_2020.npy,P0/data/particles2SNR_4_class_lim10/train/unclear/HFocusing_5_10_10um_0_2020.npy,10um,unclear,-13.222241545632263,-12.004732893132388,-18.33309312479354,3.519201354780836,11,-10.0,median_snr_below_threshold,symlinked
train,HFocusing_5_10_10um_0_2023.npy,P0/data/dataset_particles2SNR_c1/train/10um/HFocusing_5_10_10um_0_2023.npy,P0/data/particles2SNR_4_class_lim10/train/unclear/HFocusing_5_10_10um_0_2023.npy,10um,unclear,-11.252910634055908,-8.145168355709496,-14.989155415744282,11.170244365000208,12,-10.0,median_snr_below_threshold,symlinked
train,HFocusing_5_10_10um_0_2026.npy,P0/data/dataset_particles2SNR_c1/train/10um/HFocusing_5_10_10um_0_2026.npy,P0/data/particles2SNR_4_class_lim10/train/unclear/HFocusing_5_10_10um_0_2026.npy,10um,unclear,-11.89636205436306,-12.799163236366638,-21.17911397694739,-8.88475778093791,17,-10.0,median_snr_below_threshold,symlinked
train,HFocusing_5_10_10um_0_2027.npy,P0/data/dataset_particles2SNR_c1/train/10um/HFocusing_5_10_10um_0_2027.npy,P0/data/particles2SNR_4_class_lim10/train/unclear/HFocusing_5_10_10um_0_2027.npy,10um,unclear,-13.294014044529776,-11.621284038650236,-16.63869670266797,4.827325057016452,12,-10.0,median_snr_below_threshold,symlinked
train,HFocusing_5_10_10um_0_2029.npy,P0/data/dataset_particles2SNR_c1/train/10um/HFocusing_5_10_10um_0_2029.npy,P0/data/particles2SNR_4_class_lim10/train/unclear/HFocusing_5_10_10um_0_2029.npy,10um,unclear,-12.648744600509836,-12.248205282633634,-14.92340140447687,-9.378951998062071,10,-10.0,median_snr_below_threshold,symlinked
train,HFocusing_5_10_10um_0_203.npy,P0/data/dataset_particles2SNR_c1/train/10um/HFocusing_5_10_10um_0_203.npy,P0/data/particles2SNR_4_class_lim10/train/unclear/HFocusing_5_10_10um_0_203.npy,10um,unclear,-12.88649000339551,-12.975170448845267,-18.694877471969185,-9.991866641627553,12,-10.0,median_snr_below_threshold,symlinked
train,HFocusing_5_10_10um_0_2030.npy,P0/data/dataset_particles2SNR_c1/train/10um/HFocusing_5_10_10um_0_2030.npy,P0/data/particles2SNR_4_class_lim10/train/unclear/HFocusing_5_10_10um_0_2030.npy,10um,unclear,-11.747235542066427,-7.823892707691292,-13.280306350288951,4.657202647138551,6,-10.0,median_snr_below_threshold,symlinked
train,HFocusing_5_10_10um_0_2033.npy,P0/data/dataset_particles2SNR_c1/train/10um/HFocusing_5_10_10um_0_2033.npy,P0/data/particles2SNR_4_class_lim10/train/unclear/HFocusing_5_10_10um_0_2033.npy,10um,unclear,-11.746493563436806,-10.214898590496427,-16.173997560237193,2.6176161010763184,11,-10.0,median_snr_below_threshold,symlinked
train,HFocusing_5_10_10um_0_2036.npy,P0/data/dataset_particles2SNR_c1/train/10um/HFocusing_5_10_10um_0_2036.npy,P0/data/particles2SNR_4_class_lim10/train/unclear/HFocusing_5_10_10um_0_2036.npy,10um,unclear,-13.527582891823021,-12.640695945811009,-15.680373780557746,-3.651398989228251,14,-10.0,median_snr_below_threshold,symlinked
train,HFocusing_5_10_10um_0_2037.npy,P0/data/dataset_particles2SNR_c1/train/10um/HFocusing_5_10_10um_0_2037.npy,P0/data/particles2SNR_4_class_lim10/train/10um/HFocusing_5_10_10um_0_2037.npy,10um,10um,3.54498179495644,5.259637068155628,1.6429782945350575,16.987362778424558,7,-10.0,median_snr_at_or_above_threshold,symlinked
train,HFocusing_5_10_10um_0_204.npy,P0/data/dataset_particles2SNR_c1/train/10um/HFocusing_5_10_10um_0_204.npy,P0/data/particles2SNR_4_class_lim10/train/unclear/HFocusing_5_10_10um_0_204.npy,10um,unclear,-10.781961609641291,-2.251696208884495,-13.847494806195357,17.874367789183164,3,-10.0,median_snr_below_threshold,symlinked
train,HFocusing_5_10_10um_0_2040.npy,P0/data/dataset_particles2SNR_c1/train/10um/HFocusing_5_10_10um_0_2040.npy,P0/data/particles2SNR_4_class_lim10/train/unclear/HFocusing_5_10_10um_0_2040.npy,10um,unclear,-11.325545827092466,-11.893376196502436,-16.6888892955807,-6.899212271183677,19,-10.0,median_snr_below_threshold,symlinked
train,HFocusing_5_10_10um_0_2046.npy,P0/data/dataset_particles2SNR_c1/train/10um/HFocusing_5_10_10um_0_2046.npy,P0/data/particles2SNR_4_class_lim10/train/unclear/HFocusing_5_10_10um_0_2046.npy,10um,unclear,-12.361617636678533,-11.136955772291497,-15.381504392708651,1.021974425635668,13,-10.0,median_snr_below_threshold,symlinked
train,HFocusing_5_10_10um_0_2050.npy,P0/data/dataset_particles2SNR_c1/train/10um/HFocusing_5_10_10um_0_2050.npy,P0/data/particles2SNR_4_class_lim10/train/unclear/HFocusing_5_10_10um_0_2050.npy,10um,unclear,-10.15407886383526,-9.25244143702462,-14.240223398794367,6.832046336440513,10,-10.0,median_snr_below_threshold,symlinked
train,HFocusing_5_10_10um_0_2052.npy,P0/data/dataset_particles2SNR_c1/train/10um/HFocusing_5_10_10um_0_2052.npy,P0/data/particles2SNR_4_class_lim10/train/unclear/HFocusing_5_10_10um_0_2052.npy,10um,unclear,-13.242548206677041,-11.890416390682006,-15.89101157400629,-1.9646580537236578,12,-10.0,median_snr_below_threshold,symlinked
train,HFocusing_5_10_10um_0_2056.npy,P0/data/dataset_particles2SNR_c1/train/10um/HFocusing_5_10_10um_0_2056.npy,P0/data/particles2SNR_4_class_lim10/train/unclear/HFocusing_5_10_10um_0_2056.npy,10um,unclear,-12.10865957055234,-10.291041226165754,-15.870578282054952,9.917688814909432,11,-10.0,median_snr_below_threshold,symlinked
train,HFocusing_5_10_10um_0_2058.npy,P0/data/dataset_particles2SNR_c1/train/10um/HFocusing_5_10_10um_0_2058.npy,P0/data/particles2SNR_4_class_lim10/train/unclear/HFocusing_5_10_10um_0_2058.npy,10um,unclear,-10.626062853277444,-9.114778895268959,-16.33108648567738,4.011362185894947,13,-10.0,median_snr_below_threshold,symlinked
train,HFocusing_5_10_10um_0_2061.npy,P0/data/dataset_particles2SNR_c1/train/10um/HFocusing_5_10_10um_0_2061.npy,P0/data/particles2SNR_4_class_lim10/train/unclear/HFocusing_5_10_10um_0_2061.npy,10um,unclear,-12.915813271605582,-12.910328552319513,-16.155793061962353,-9.332092344885417,12,-10.0,median_snr_below_threshold,symlinked
train,HFocusing_5_10_10um_0_2062.npy,P0/data/dataset_particles2SNR_c1/train/10um/HFocusing_5_10_10um_0_2062.npy,P0/data/particles2SNR_4_class_lim10/train/unclear/HFocusing_5_10_10um_0_2062.npy,10um,unclear,-12.098724284783952,-9.132945625087142,-16.659366234113573,20.22645364666161,12,-10.0,median_snr_below_threshold,symlinked
train,HFocusing_5_10_10um_0_2065.npy,P0/data/dataset_particles2SNR_c1/train/10um/HFocusing_5_10_10um_0_2065.npy,P0/data/particles2SNR_4_class_lim10/train/unclear/HFocusing_5_10_10um_0_2065.npy,10um,unclear,-10.62061578552137,-8.25005263643968,-14.946196792904535,4.978678317294099,8,-10.0,median_snr_below_threshold,symlinked
train,HFocusing_5_10_10um_0_2067.npy,P0/data/dataset_particles2SNR_c1/train/10um/HFocusing_5_10_10um_0_2067.npy,P0/data/particles2SNR_4_class_lim10/train/unclear/HFocusing_5_10_10um_0_2067.npy,10um,unclear,-12.045447113837135,-12.600670641027433,-15.748879425877224,-10.084630532715481,9,-10.0,median_snr_below_threshold,symlinked
train,HFocusing_5_10_10um_0_2068.npy,P0/data/dataset_particles2SNR_c1/train/10um/HFocusing_5_10_10um_0_2068.npy,P0/data/particles2SNR_4_class_lim10/train/10um/HFocusing_5_10_10um_0_2068.npy,10um,10um,-9.723034293908597,-5.8507199368581775,-12.730149040369438,4.901023523703501,3,-10.0,median_snr_at_or_above_threshold,symlinked
train,HFocusing_5_10_10um_0_207.npy,P0/data/dataset_particles2SNR_c1/train/10um/HFocusing_5_10_10um_0_207.npy,P0/data/particles2SNR_4_class_lim10/train/unclear/HFocusing_5_10_10um_0_207.npy,10um,unclear,-13.051965426731709,-11.52669965018839,-17.23335015520473,3.1593841102349125,11,-10.0,median_snr_below_threshold,symlinked
train,HFocusing_5_10_10um_0_2070.npy,P0/data/dataset_particles2SNR_c1/train/10um/HFocusing_5_10_10um_0_2070.npy,P0/data/particles2SNR_4_class_lim10/train/unclear/HFocusing_5_10_10um_0_2070.npy,10um,unclear,,,,,0,-10.0,missing_snr,symlinked
train,HFocusing_5_10_10um_0_2071.npy,P0/data/dataset_particles2SNR_c1/train/10um/HFocusing_5_10_10um_0_2071.npy,P0/data/particles2SNR_4_class_lim10/train/10um/HFocusing_5_10_10um_0_2071.npy,10um,10um,2.6111260418900564,4.714335286352948,-2.254545828508721,17.86700502629756,9,-10.0,median_snr_at_or_above_threshold,symlinked
train,HFocusing_5_10_10um_0_2074.npy,P0/data/dataset_particles2SNR_c1/train/10um/HFocusing_5_10_10um_0_2074.npy,P0/data/particles2SNR_4_class_lim10/train/10um/HFocusing_5_10_10um_0_2074.npy,10um,10um,-5.202826480798032,-5.445375967311246,-5.976175857792432,-5.157125563343275,3,-10.0,median_snr_at_or_above_threshold,symlinked
train,HFocusing_5_10_10um_0_2075.npy,P0/data/dataset_particles2SNR_c1/train/10um/HFocusing_5_10_10um_0_2075.npy,P0/data/particles2SNR_4_class_lim10/train/10um/HFocusing_5_10_10um_0_2075.npy,10um,10um,-9.311174984046488,-8.708682664444138,-17.19460526378811,2.910477482424685,6,-10.0,median_snr_at_or_above_threshold,symlinked
train,HFocusing_5_10_10um_0_2079.npy,P0/data/dataset_particles2SNR_c1/train/10um/HFocusing_5_10_10um_0_2079.npy,P0/data/particles2SNR_4_class_lim10/train/unclear/HFocusing_5_10_10um_0_2079.npy,10um,unclear,-12.415748436342565,-10.478245432999028,-17.276862269338128,3.4715285866728363,10,-10.0,median_snr_below_threshold,symlinked
train,HFocusing_5_10_10um_0_2082.npy,P0/data/dataset_particles2SNR_c1/train/10um/HFocusing_5_10_10um_0_2082.npy,P0/data/particles2SNR_4_class_lim10/train/unclear/HFocusing_5_10_10um_0_2082.npy,10um,unclear,-11.763327703935236,-10.224758205206362,-15.375558495064798,-0.6888165309707754,12,-10.0,median_snr_below_threshold,symlinked
train,HFocusing_5_10_10um_0_2087.npy,P0/data/dataset_particles2SNR_c1/train/10um/HFocusing_5_10_10um_0_2087.npy,P0/data/particles2SNR_4_class_lim10/train/10um/HFocusing_5_10_10um_0_2087.npy,10um,10um,8.586435826684092,9.16091432581635,4.903346008977498,20.240456619412292,7,-10.0,median_snr_at_or_above_threshold,symlinked
train,HFocusing_5_10_10um_0_2091.npy,P0/data/dataset_particles2SNR_c1/train/10um/HFocusing_5_10_10um_0_2091.npy,P0/data/particles2SNR_4_class_lim10/train/unclear/HFocusing_5_10_10um_0_2091.npy,10um,unclear,-12.707683450875518,-11.13120425172227,-17.502277298829373,7.725620852490129,13,-10.0,median_snr_below_threshold,symlinked
train,HFocusing_5_10_10um_0_2094.npy,P0/data/dataset_particles2SNR_c1/train/10um/HFocusing_5_10_10um_0_2094.npy,P0/data/particles2SNR_4_class_lim10/train/10um/HFocusing_5_10_10um_0_2094.npy,10um,10um,-9.060859030729102,-2.4725445804935533,-9.56389041094462,11.20711570019306,3,-10.0,median_snr_at_or_above_threshold,symlinked
train,HFocusing_5_10_10um_0_2099.npy,P0/data/dataset_particles2SNR_c1/train/10um/HFocusing_5_10_10um_0_2099.npy,P0/data/particles2SNR_4_class_lim10/train/unclear/HFocusing_5_10_10um_0_2099.npy,10um,unclear,-13.093688360261517,-12.78137399324569,-15.621151732801465,-9.230378957845826,7,-10.0,median_snr_below_threshold,symlinked
train,HFocusing_5_10_10um_0_210.npy,P0/data/dataset_particles2SNR_c1/train/10um/HFocusing_5_10_10um_0_210.npy,P0/data/particles2SNR_4_class_lim10/train/unclear/HFocusing_5_10_10um_0_210.npy,10um,unclear,-15.263760032367152,-14.234863719021526,-20.468106492801358,-1.8390248566230551,12,-10.0,median_snr_below_threshold,symlinked
train,HFocusing_5_10_10um_0_2100.npy,P0/data/dataset_particles2SNR_c1/train/10um/HFocusing_5_10_10um_0_2100.npy,P0/data/particles2SNR_4_class_lim10/train/unclear/HFocusing_5_10_10um_0_2100.npy,10um,unclear,-13.712631418305174,-12.601148682441657,-15.804401549678857,-3.8402412057028554,14,-10.0,median_snr_below_threshold,symlinked
train,HFocusing_5_10_10um_0_2103.npy,P0/data/dataset_particles2SNR_c1/train/10um/HFocusing_5_10_10um_0_2103.npy,P0/data/particles2SNR_4_class_lim10/train/unclear/HFocusing_5_10_10um_0_2103.npy,10um,unclear,-12.339180495192604,-12.299808206373744,-17.13160233639603,3.990852876290749,18,-10.0,median_snr_below_threshold,symlinked
train,HFocusing_5_10_10um_0_2105.npy,P0/data/dataset_particles2SNR_c1/train/10um/HFocusing_5_10_10um_0_2105.npy,P0/data/particles2SNR_4_class_lim10/train/unclear/HFocusing_5_10_10um_0_2105.npy,10um,unclear,-12.07799866256387,-12.054739954046397,-14.720752608895403,-7.338357569603502,13,-10.0,median_snr_below_threshold,symlinked
train,HFocusing_5_10_10um_0_2106.npy,P0/data/dataset_particles2SNR_c1/train/10um/HFocusing_5_10_10um_0_2106.npy,P0/data/particles2SNR_4_class_lim10/train/10um/HFocusing_5_10_10um_0_2106.npy,10um,10um,-4.858145920647435,-2.8910844279647887,-13.54797729795763,15.827441498314496,9,-10.0,median_snr_at_or_above_threshold,symlinked
train,HFocusing_5_10_10um_0_2109.npy,P0/data/dataset_particles2SNR_c1/train/10um/HFocusing_5_10_10um_0_2109.npy,P0/data/particles2SNR_4_class_lim10/train/unclear/HFocusing_5_10_10um_0_2109.npy,10um,unclear,-11.910380512277872,-11.917287246697281,-15.258963152225988,-6.810761984822794,15,-10.0,median_snr_below_threshold,symlinked
train,HFocusing_5_10_10um_0_213.npy,P0/data/dataset_particles2SNR_c1/train/10um/HFocusing_5_10_10um_0_213.npy,P0/data/particles2SNR_4_class_lim10/train/unclear/HFocusing_5_10_10um_0_213.npy,10um,unclear,-14.450055854231001,-14.349989937888177,-18.51433885045963,-8.60824382635493,7,-10.0,median_snr_below_threshold,symlinked
train,HFocusing_5_10_10um_0_214.npy,P0/data/dataset_particles2SNR_c1/train/10um/HFocusing_5_10_10um_0_214.npy,P0/data/particles2SNR_4_class_lim10/train/unclear/HFocusing_5_10_10um_0_214.npy,10um,unclear,-11.623489879884437,-8.307500849855494,-17.665865865560633,7.68284222590753,4,-10.0,median_snr_below_threshold,symlinked
train,HFocusing_5_10_10um_0_217.npy,P0/data/dataset_particles2SNR_c1/train/10um/HFocusing_5_10_10um_0_217.npy,P0/data/particles2SNR_4_class_lim10/train/unclear/HFocusing_5_10_10um_0_217.npy,10um,unclear,-10.168671694139096,-8.4865455356635,-13.53850323316566,14.736913229528803,12,-10.0,median_snr_below_threshold,symlinked
train,HFocusing_5_10_10um_0_220.npy,P0/data/dataset_particles2SNR_c1/train/10um/HFocusing_5_10_10um_0_220.npy,P0/data/particles2SNR_4_class_lim10/train/unclear/HFocusing_5_10_10um_0_220.npy,10um,unclear,-12.877092960520308,-12.546797241399842,-17.751019010400604,-7.845147374997826,15,-10.0,median_snr_below_threshold,symlinked
train,HFocusing_5_10_10um_0_221.npy,P0/data/dataset_particles2SNR_c1/train/10um/HFocusing_5_10_10um_0_221.npy,P0/data/particles2SNR_4_class_lim10/train/10um/HFocusing_5_10_10um_0_221.npy,10um,10um,-8.687192712629216,-7.599499506834961,-12.088637613758298,5.661002593182653,10,-10.0,median_snr_at_or_above_threshold,symlinked
train,HFocusing_5_10_10um_0_223.npy,P0/data/dataset_particles2SNR_c1/train/10um/HFocusing_5_10_10um_0_223.npy,P0/data/particles2SNR_4_class_lim10/train/unclear/HFocusing_5_10_10um_0_223.npy,10um,unclear,-13.988725555673845,-13.059040011863363,-15.489879027002196,-10.115874679784916,9,-10.0,median_snr_below_threshold,symlinked
train,HFocusing_5_10_10um_0_227.npy,P0/data/dataset_particles2SNR_c1/train/10um/HFocusing_5_10_10um_0_227.npy,P0/data/particles2SNR_4_class_lim10/train/10um/HFocusing_5_10_10um_0_227.npy,10um,10um,-9.868266469396278,-9.873131082231048,-17.437556440681643,1.6603701335159045,9,-10.0,median_snr_at_or_above_threshold,symlinked
train,HFocusing_5_10_10um_0_23.npy,P0/data/dataset_particles2SNR_c1/train/10um/HFocusing_5_10_10um_0_23.npy,P0/data/particles2SNR_4_class_lim10/train/10um/HFocusing_5_10_10um_0_23.npy,10um,10um,-8.11623953350636,-7.470446547698398,-14.675556026507016,0.6248024882067665,9,-10.0,median_snr_at_or_above_threshold,symlinked
train,HFocusing_5_10_10um_0_230.npy,P0/data/dataset_particles2SNR_c1/train/10um/HFocusing_5_10_10um_0_230.npy,P0/data/particles2SNR_4_class_lim10/train/unclear/HFocusing_5_10_10um_0_230.npy,10um,unclear,-12.19987052161839,-11.021350961380417,-19.04352130609036,14.572151020562972,16,-10.0,median_snr_below_threshold,symlinked
train,HFocusing_5_10_10um_0_232.npy,P0/data/dataset_particles2SNR_c1/train/10um/HFocusing_5_10_10um_0_232.npy,P0/data/particles2SNR_4_class_lim10/train/unclear/HFocusing_5_10_10um_0_232.npy,10um,unclear,-13.9640524200524,-13.99886410188449,-19.23047204271962,-9.954342906059853,13,-10.0,median_snr_below_threshold,symlinked
train,HFocusing_5_10_10um_0_233.npy,P0/data/dataset_particles2SNR_c1/train/10um/HFocusing_5_10_10um_0_233.npy,P0/data/particles2SNR_4_class_lim10/train/unclear/HFocusing_5_10_10um_0_233.npy,10um,unclear,-13.34341323423983,-12.72821615194205,-16.690566608137082,3.607844893590113,17,-10.0,median_snr_below_threshold,symlinked
train,HFocusing_5_10_10um_0_236.npy,P0/data/dataset_particles2SNR_c1/train/10um/HFocusing_5_10_10um_0_236.npy,P0/data/particles2SNR_4_class_lim10/train/unclear/HFocusing_5_10_10um_0_236.npy,10um,unclear,-12.098218859171315,-12.460398410438254,-16.698961784955983,-8.527820985520203,8,-10.0,median_snr_below_threshold,symlinked
train,HFocusing_5_10_10um_0_237.npy,P0/data/dataset_particles2SNR_c1/train/10um/HFocusing_5_10_10um_0_237.npy,P0/data/particles2SNR_4_class_lim10/train/10um/HFocusing_5_10_10um_0_237.npy,10um,10um,-9.371316645541853,-7.765284823162366,-14.388305151430998,1.7235460052255127,5,-10.0,median_snr_at_or_above_threshold,symlinked
train,HFocusing_5_10_10um_0_240.npy,P0/data/dataset_particles2SNR_c1/train/10um/HFocusing_5_10_10um_0_240.npy,P0/data/particles2SNR_4_class_lim10/train/10um/HFocusing_5_10_10um_0_240.npy,10um,10um,-9.890141869378319,-7.663154028658807,-13.914793589423413,7.695389419944462,7,-10.0,median_snr_at_or_above_threshold,symlinked
train,HFocusing_5_10_10um_0_243.npy,P0/data/dataset_particles2SNR_c1/train/10um/HFocusing_5_10_10um_0_243.npy,P0/data/particles2SNR_4_class_lim10/train/unclear/HFocusing_5_10_10um_0_243.npy,10um,unclear,-13.414328698227354,-12.14382306999862,-16.515295618070308,2.5923015617609604,12,-10.0,median_snr_below_threshold,symlinked
train,HFocusing_5_10_10um_0_246.npy,P0/data/dataset_particles2SNR_c1/train/10um/HFocusing_5_10_10um_0_246.npy,P0/data/particles2SNR_4_class_lim10/train/unclear/HFocusing_5_10_10um_0_246.npy,10um,unclear,-11.355666147670977,-8.570440518660243,-14.558905186157496,4.937565871737898,9,-10.0,median_snr_below_threshold,symlinked
train,HFocusing_5_10_10um_0_249.npy,P0/data/dataset_particles2SNR_c1/train/10um/HFocusing_5_10_10um_0_249.npy,P0/data/particles2SNR_4_class_lim10/train/10um/HFocusing_5_10_10um_0_249.npy,10um,10um,-9.244158721514912,-6.608372756072828,-15.064625158690124,14.625079491909652,6,-10.0,median_snr_at_or_above_threshold,symlinked
train,HFocusing_5_10_10um_0_251.npy,P0/data/dataset_particles2SNR_c1/train/10um/HFocusing_5_10_10um_0_251.npy,P0/data/particles2SNR_4_class_lim10/train/unclear/HFocusing_5_10_10um_0_251.npy,10um,unclear,-13.527900725022567,-13.491424605876842,-16.835049307040116,-9.98294269928472,14,-10.0,median_snr_below_threshold,symlinked
train,HFocusing_5_10_10um_0_252.npy,P0/data/dataset_particles2SNR_c1/train/10um/HFocusing_5_10_10um_0_252.npy,P0/data/particles2SNR_4_class_lim10/train/unclear/HFocusing_5_10_10um_0_252.npy,10um,unclear,-11.128041026275168,-9.738876066997843,-12.461134750778829,-2.4612480350226402,7,-10.0,median_snr_below_threshold,symlinked
train,HFocusing_5_10_10um_0_254.npy,P0/data/dataset_particles2SNR_c1/train/10um/HFocusing_5_10_10um_0_254.npy,P0/data/particles2SNR_4_class_lim10/train/unclear/HFocusing_5_10_10um_0_254.npy,10um,unclear,-12.875234426973428,-12.464300825467678,-15.174696421031136,-9.428087284040586,11,-10.0,median_snr_below_threshold,symlinked
train,HFocusing_5_10_10um_0_255.npy,P0/data/dataset_particles2SNR_c1/train/10um/HFocusing_5_10_10um_0_255.npy,P0/data/particles2SNR_4_class_lim10/train/10um/HFocusing_5_10_10um_0_255.npy,10um,10um,-9.336738494613417,-6.679445562556301,-11.948998162075304,6.030314060474526,8,-10.0,median_snr_at_or_above_threshold,symlinked
train,HFocusing_5_10_10um_0_258.npy,P0/data/dataset_particles2SNR_c1/train/10um/HFocusing_5_10_10um_0_258.npy,P0/data/particles2SNR_4_class_lim10/train/unclear/HFocusing_5_10_10um_0_258.npy,10um,unclear,-13.577743383855749,-11.22313740505067,-15.852699490227689,3.146029412957432,8,-10.0,median_snr_below_threshold,symlinked
train,HFocusing_5_10_10um_0_26.npy,P0/data/dataset_particles2SNR_c1/train/10um/HFocusing_5_10_10um_0_26.npy,P0/data/particles2SNR_4_class_lim10/train/unclear/HFocusing_5_10_10um_0_26.npy,10um,unclear,-12.423182674229025,-12.110703261785197,-17.312999632498226,-5.007931428550865,13,-10.0,median_snr_below_threshold,symlinked
train,HFocusing_5_10_10um_0_261.npy,P0/data/dataset_particles2SNR_c1/train/10um/HFocusing_5_10_10um_0_261.npy,P0/data/particles2SNR_4_class_lim10/train/unclear/HFocusing_5_10_10um_0_261.npy,10um,unclear,-12.777574475626931,-13.127547474765835,-15.573267427932581,-12.052863639851513,6,-10.0,median_snr_below_threshold,symlinked
train,HFocusing_5_10_10um_0_262.npy,P0/data/dataset_particles2SNR_c1/train/10um/HFocusing_5_10_10um_0_262.npy,P0/data/particles2SNR_4_class_lim10/train/unclear/HFocusing_5_10_10um_0_262.npy,10um,unclear,-13.241844215089646,-10.379626768603508,-17.65074961457871,4.606850556280148,8,-10.0,median_snr_below_threshold,symlinked
train,HFocusing_5_10_10um_0_265.npy,P0/data/dataset_particles2SNR_c1/train/10um/HFocusing_5_10_10um_0_265.npy,P0/data/particles2SNR_4_class_lim10/train/unclear/HFocusing_5_10_10um_0_265.npy,10um,unclear,-13.821345892650974,-12.675503364845286,-20.543531234949842,6.5903691000059785,12,-10.0,median_snr_below_threshold,symlinked
train,HFocusing_5_10_10um_0_268.npy,P0/data/dataset_particles2SNR_c1/train/10um/HFocusing_5_10_10um_0_268.npy,P0/data/particles2SNR_4_class_lim10/train/10um/HFocusing_5_10_10um_0_268.npy,10um,10um,6.827025114537019,6.827025114537019,6.827025114537019,6.827025114537019,1,-10.0,median_snr_at_or_above_threshold,symlinked
train,HFocusing_5_10_10um_0_27.npy,P0/data/dataset_particles2SNR_c1/train/10um/HFocusing_5_10_10um_0_27.npy,P0/data/particles2SNR_4_class_lim10/train/unclear/HFocusing_5_10_10um_0_27.npy,10um,unclear,-13.714439119463155,-13.711469123290822,-20.455677352406614,-4.891330411241299,20,-10.0,median_snr_below_threshold,symlinked
train,HFocusing_5_10_10um_0_271.npy,P0/data/dataset_particles2SNR_c1/train/10um/HFocusing_5_10_10um_0_271.npy,P0/data/particles2SNR_4_class_lim10/train/unclear/HFocusing_5_10_10um_0_271.npy,10um,unclear,-12.670889953985453,-12.0779034112183,-14.767741980970294,-8.61755769237578,9,-10.0,median_snr_below_threshold,symlinked
train,HFocusing_5_10_10um_0_275.npy,P0/data/dataset_particles2SNR_c1/train/10um/HFocusing_5_10_10um_0_275.npy,P0/data/particles2SNR_4_class_lim10/train/unclear/HFocusing_5_10_10um_0_275.npy,10um,unclear,-12.85906346981442,-13.284289331116014,-16.636884907947916,-9.212577449729123,12,-10.0,median_snr_below_threshold,symlinked
train,HFocusing_5_10_10um_0_276.npy,P0/data/dataset_particles2SNR_c1/train/10um/HFocusing_5_10_10um_0_276.npy,P0/data/particles2SNR_4_class_lim10/train/unclear/HFocusing_5_10_10um_0_276.npy,10um,unclear,-12.056609756071254,-11.13864817648442,-14.715870903752155,1.9880749405510665,14,-10.0,median_snr_below_threshold,symlinked
train,HFocusing_5_10_10um_0_278.npy,P0/data/dataset_particles2SNR_c1/train/10um/HFocusing_5_10_10um_0_278.npy,P0/data/particles2SNR_4_class_lim10/train/unclear/HFocusing_5_10_10um_0_278.npy,10um,unclear,-13.237437131942105,-13.237437131942105,-13.237437131942105,-13.237437131942105,1,-10.0,median_snr_below_threshold,symlinked
train,HFocusing_5_10_10um_0_279.npy,P0/data/dataset_particles2SNR_c1/train/10um/HFocusing_5_10_10um_0_279.npy,P0/data/particles2SNR_4_class_lim10/train/unclear/HFocusing_5_10_10um_0_279.npy,10um,unclear,-12.959869674291198,-7.931030028928468,-13.321838967419055,7.517458200287579,4,-10.0,median_snr_below_threshold,symlinked
train,HFocusing_5_10_10um_0_282.npy,P0/data/dataset_particles2SNR_c1/train/10um/HFocusing_5_10_10um_0_282.npy,P0/data/particles2SNR_4_class_lim10/train/10um/HFocusing_5_10_10um_0_282.npy,10um,10um,-1.3581263205404355,-1.3581263205404355,-8.553765207145783,5.8375125660649125,2,-10.0,median_snr_at_or_above_threshold,symlinked
train,HFocusing_5_10_10um_0_285.npy,P0/data/dataset_particles2SNR_c1/train/10um/HFocusing_5_10_10um_0_285.npy,P0/data/particles2SNR_4_class_lim10/train/unclear/HFocusing_5_10_10um_0_285.npy,10um,unclear,-12.543082835772541,-10.546297718666159,-14.685239513546723,-4.74608645475014,7,-10.0,median_snr_below_threshold,symlinked
train,HFocusing_5_10_10um_0_286.npy,P0/data/dataset_particles2SNR_c1/train/10um/HFocusing_5_10_10um_0_286.npy,P0/data/particles2SNR_4_class_lim10/train/unclear/HFocusing_5_10_10um_0_286.npy,10um,unclear,-10.677815504440453,-10.074384309717475,-14.249141823265557,1.3259842204635321,9,-10.0,median_snr_below_threshold,symlinked
train,HFocusing_5_10_10um_0_289.npy,P0/data/dataset_particles2SNR_c1/train/10um/HFocusing_5_10_10um_0_289.npy,P0/data/particles2SNR_4_class_lim10/train/10um/HFocusing_5_10_10um_0_289.npy,10um,10um,-0.10295800353604868,-1.134875402392747,-11.877958791615772,4.070384752306904,5,-10.0,median_snr_at_or_above_threshold,symlinked
train,HFocusing_5_10_10um_0_292.npy,P0/data/dataset_particles2SNR_c1/train/10um/HFocusing_5_10_10um_0_292.npy,P0/data/particles2SNR_4_class_lim10/train/unclear/HFocusing_5_10_10um_0_292.npy,10um,unclear,-13.919928419710438,-11.705572246332313,-15.14388678769954,-7.042666247772672,5,-10.0,median_snr_below_threshold,symlinked
train,HFocusing_5_10_10um_0_298.npy,P0/data/dataset_particles2SNR_c1/train/10um/HFocusing_5_10_10um_0_298.npy,P0/data/particles2SNR_4_class_lim10/train/10um/HFocusing_5_10_10um_0_298.npy,10um,10um,-7.123312465590951,-7.123312465590951,-18.70477577935404,4.4581508481721395,2,-10.0,median_snr_at_or_above_threshold,symlinked
train,HFocusing_5_10_10um_0_30.npy,P0/data/dataset_particles2SNR_c1/train/10um/HFocusing_5_10_10um_0_30.npy,P0/data/particles2SNR_4_class_lim10/train/10um/HFocusing_5_10_10um_0_30.npy,10um,10um,-8.830808323917754,-7.848087076973203,-12.421884808152745,9.456043773028782,11,-10.0,median_snr_at_or_above_threshold,symlinked
train,HFocusing_5_10_10um_0_301.npy,P0/data/dataset_particles2SNR_c1/train/10um/HFocusing_5_10_10um_0_301.npy,P0/data/particles2SNR_4_class_lim10/train/unclear/HFocusing_5_10_10um_0_301.npy,10um,unclear,-11.108511662855996,-8.849061202394918,-13.83998814343257,5.387981170248672,6,-10.0,median_snr_below_threshold,symlinked
train,HFocusing_5_10_10um_0_304.npy,P0/data/dataset_particles2SNR_c1/train/10um/HFocusing_5_10_10um_0_304.npy,P0/data/particles2SNR_4_class_lim10/train/unclear/HFocusing_5_10_10um_0_304.npy,10um,unclear,-10.12295817003018,-5.427330072066326,-11.791428287028062,18.369636249958575,6,-10.0,median_snr_below_threshold,symlinked
train,HFocusing_5_10_10um_0_307.npy,P0/data/dataset_particles2SNR_c1/train/10um/HFocusing_5_10_10um_0_307.npy,P0/data/particles2SNR_4_class_lim10/train/unclear/HFocusing_5_10_10um_0_307.npy,10um,unclear,-10.71010463815394,-10.224416818706313,-15.531002647254155,3.8219121563527514,15,-10.0,median_snr_below_threshold,symlinked
train,HFocusing_5_10_10um_0_310.npy,P0/data/dataset_particles2SNR_c1/train/10um/HFocusing_5_10_10um_0_310.npy,P0/data/particles2SNR_4_class_lim10/train/unclear/HFocusing_5_10_10um_0_310.npy,10um,unclear,-12.664866033938315,-10.74841411343391,-15.952417115554871,7.924873815597932,15,-10.0,median_snr_below_threshold,symlinked
train,HFocusing_5_10_10um_0_313.npy,P0/data/dataset_particles2SNR_c1/train/10um/HFocusing_5_10_10um_0_313.npy,P0/data/particles2SNR_4_class_lim10/train/unclear/HFocusing_5_10_10um_0_313.npy,10um,unclear,-12.432550717912441,-12.84183260964654,-20.333830452421353,-9.559227904561654,15,-10.0,median_snr_below_threshold,symlinked
train,HFocusing_5_10_10um_0_314.npy,P0/data/dataset_particles2SNR_c1/train/10um/HFocusing_5_10_10um_0_314.npy,P0/data/particles2SNR_4_class_lim10/train/unclear/HFocusing_5_10_10um_0_314.npy,10um,unclear,-13.794526785024848,-11.255136141911624,-15.20036947805659,3.4343285894553492,7,-10.0,median_snr_below_threshold,symlinked
train,HFocusing_5_10_10um_0_317.npy,P0/data/dataset_particles2SNR_c1/train/10um/HFocusing_5_10_10um_0_317.npy,P0/data/particles2SNR_4_class_lim10/train/unclear/HFocusing_5_10_10um_0_317.npy,10um,unclear,-14.042716040240663,-14.422781673747979,-20.065214925245066,-10.522808804348179,12,-10.0,median_snr_below_threshold,symlinked
train,HFocusing_5_10_10um_0_318.npy,P0/data/dataset_particles2SNR_c1/train/10um/HFocusing_5_10_10um_0_318.npy,P0/data/particles2SNR_4_class_lim10/train/unclear/HFocusing_5_10_10um_0_318.npy,10um,unclear,-10.635148912876776,-7.320745249011703,-16.22351379115296,8.726973047499975,8,-10.0,median_snr_below_threshold,symlinked
train,HFocusing_5_10_10um_0_32.npy,P0/data/dataset_particles2SNR_c1/train/10um/HFocusing_5_10_10um_0_32.npy,P0/data/particles2SNR_4_class_lim10/train/10um/HFocusing_5_10_10um_0_32.npy,10um,10um,6.753183353110478,6.372598340144879,2.5312880311834727,8.888463174818149,13,-10.0,median_snr_at_or_above_threshold,symlinked
train,HFocusing_5_10_10um_0_321.npy,P0/data/dataset_particles2SNR_c1/train/10um/HFocusing_5_10_10um_0_321.npy,P0/data/particles2SNR_4_class_lim10/train/unclear/HFocusing_5_10_10um_0_321.npy,10um,unclear,-12.3346521289291,-12.74259118810282,-14.648769369074818,-11.59510649201696,8,-10.0,median_snr_below_threshold,symlinked
train,HFocusing_5_10_10um_0_322.npy,P0/data/dataset_particles2SNR_c1/train/10um/HFocusing_5_10_10um_0_322.npy,P0/data/particles2SNR_4_class_lim10/train/unclear/HFocusing_5_10_10um_0_322.npy,10um,unclear,-11.948745029647727,-9.794794394104054,-14.662424090794124,3.4689678547721154,11,-10.0,median_snr_below_threshold,symlinked
train,HFocusing_5_10_10um_0_328.npy,P0/data/dataset_particles2SNR_c1/train/10um/HFocusing_5_10_10um_0_328.npy,P0/data/particles2SNR_4_class_lim10/train/unclear/HFocusing_5_10_10um_0_328.npy,10um,unclear,-11.682003540005315,-10.921730675173778,-13.799749407833485,-6.519791780856269,9,-10.0,median_snr_below_threshold,symlinked
train,HFocusing_5_10_10um_0_329.npy,P0/data/dataset_particles2SNR_c1/train/10um/HFocusing_5_10_10um_0_329.npy,P0/data/particles2SNR_4_class_lim10/train/10um/HFocusing_5_10_10um_0_329.npy,10um,10um,-2.3375544195063656,3.116498517869759,-4.701241375309833,13.638117562412358,5,-10.0,median_snr_at_or_above_threshold,symlinked
train,HFocusing_5_10_10um_0_33.npy,P0/data/dataset_particles2SNR_c1/train/10um/HFocusing_5_10_10um_0_33.npy,P0/data/particles2SNR_4_class_lim10/train/unclear/HFocusing_5_10_10um_0_33.npy,10um,unclear,-12.681633059420786,-9.436788886447744,-16.39001478384772,8.935592989961286,6,-10.0,median_snr_below_threshold,symlinked
train,HFocusing_5_10_10um_0_332.npy,P0/data/dataset_particles2SNR_c1/train/10um/HFocusing_5_10_10um_0_332.npy,P0/data/particles2SNR_4_class_lim10/train/unclear/HFocusing_5_10_10um_0_332.npy,10um,unclear,-10.03292603976314,-7.572310828929974,-14.276372932324154,5.409630356075862,5,-10.0,median_snr_below_threshold,symlinked
train,HFocusing_5_10_10um_0_335.npy,P0/data/dataset_particles2SNR_c1/train/10um/HFocusing_5_10_10um_0_335.npy,P0/data/particles2SNR_4_class_lim10/train/10um/HFocusing_5_10_10um_0_335.npy,10um,10um,-9.819714297072453,-7.7167554859366545,-11.662914943627278,5.359338012722588,6,-10.0,median_snr_at_or_above_threshold,symlinked
train,HFocusing_5_10_10um_0_337.npy,P0/data/dataset_particles2SNR_c1/train/10um/HFocusing_5_10_10um_0_337.npy,P0/data/particles2SNR_4_class_lim10/train/unclear/HFocusing_5_10_10um_0_337.npy,10um,unclear,-12.901480722107726,-13.167834636599615,-22.54800945024406,-2.7832478192984507,13,-10.0,median_snr_below_threshold,symlinked
train,HFocusing_5_10_10um_0_340.npy,P0/data/dataset_particles2SNR_c1/train/10um/HFocusing_5_10_10um_0_340.npy,P0/data/particles2SNR_4_class_lim10/train/10um/HFocusing_5_10_10um_0_340.npy,10um,10um,-3.8992796809107557,-2.9835127799326004,-10.100924051147594,10.960113163980003,10,-10.0,median_snr_at_or_above_threshold,symlinked
train,HFocusing_5_10_10um_0_342.npy,P0/data/dataset_particles2SNR_c1/train/10um/HFocusing_5_10_10um_0_342.npy,P0/data/particles2SNR_4_class_lim10/train/unclear/HFocusing_5_10_10um_0_342.npy,10um,unclear,-10.935013252506995,-10.735153173970474,-13.398569025136256,-8.520096354119065,14,-10.0,median_snr_below_threshold,symlinked
train,HFocusing_5_10_10um_0_343.npy,P0/data/dataset_particles2SNR_c1/train/10um/HFocusing_5_10_10um_0_343.npy,P0/data/particles2SNR_4_class_lim10/train/unclear/HFocusing_5_10_10um_0_343.npy,10um,unclear,-10.766967743422603,-8.66319487379636,-15.858494053467453,6.8914161072623195,8,-10.0,median_snr_below_threshold,symlinked
train,HFocusing_5_10_10um_0_346.npy,P0/data/dataset_particles2SNR_c1/train/10um/HFocusing_5_10_10um_0_346.npy,P0/data/particles2SNR_4_class_lim10/train/unclear/HFocusing_5_10_10um_0_346.npy,10um,unclear,-12.776496904533165,-9.975355810856962,-15.17472668029825,4.24799158897399,5,-10.0,median_snr_below_threshold,symlinked
train,HFocusing_5_10_10um_0_349.npy,P0/data/dataset_particles2SNR_c1/train/10um/HFocusing_5_10_10um_0_349.npy,P0/data/particles2SNR_4_class_lim10/train/unclear/HFocusing_5_10_10um_0_349.npy,10um,unclear,-12.282985254909898,-12.676239187007349,-16.335985693644552,-8.893014424968321,9,-10.0,median_snr_below_threshold,symlinked
train,HFocusing_5_10_10um_0_35.npy,P0/data/dataset_particles2SNR_c1/train/10um/HFocusing_5_10_10um_0_35.npy,P0/data/particles2SNR_4_class_lim10/train/unclear/HFocusing_5_10_10um_0_35.npy,10um,unclear,-13.372553465050768,-12.96595602680513,-17.23791612164868,-4.706548070095816,19,-10.0,median_snr_below_threshold,symlinked
train,HFocusing_5_10_10um_0_350.npy,P0/data/dataset_particles2SNR_c1/train/10um/HFocusing_5_10_10um_0_350.npy,P0/data/particles2SNR_4_class_lim10/train/unclear/HFocusing_5_10_10um_0_350.npy,10um,unclear,-11.851075889509637,-11.342202941012037,-17.862059678340948,3.830203437185597,10,-10.0,median_snr_below_threshold,symlinked
train,HFocusing_5_10_10um_0_36.npy,P0/data/dataset_particles2SNR_c1/train/10um/HFocusing_5_10_10um_0_36.npy,P0/data/particles2SNR_4_class_lim10/train/unclear/HFocusing_5_10_10um_0_36.npy,10um,unclear,-14.80360499907343,-11.826130740647658,-17.64128271562573,7.207874642601984,9,-10.0,median_snr_below_threshold,symlinked
train,HFocusing_5_10_10um_0_361.npy,P0/data/dataset_particles2SNR_c1/train/10um/HFocusing_5_10_10um_0_361.npy,P0/data/particles2SNR_4_class_lim10/train/10um/HFocusing_5_10_10um_0_361.npy,10um,10um,-6.517500414762841,-4.956514355933755,-14.111224697140376,16.585922807989366,11,-10.0,median_snr_at_or_above_threshold,symlinked
train,HFocusing_5_10_10um_0_364.npy,P0/data/dataset_particles2SNR_c1/train/10um/HFocusing_5_10_10um_0_364.npy,P0/data/particles2SNR_4_class_lim10/train/unclear/HFocusing_5_10_10um_0_364.npy,10um,unclear,-12.670179350460629,-13.410038202159958,-17.763791100153178,-9.761274768496387,8,-10.0,median_snr_below_threshold,symlinked
train,HFocusing_5_10_10um_0_371.npy,P0/data/dataset_particles2SNR_c1/train/10um/HFocusing_5_10_10um_0_371.npy,P0/data/particles2SNR_4_class_lim10/train/unclear/HFocusing_5_10_10um_0_371.npy,10um,unclear,-12.195463175315933,-6.784090666034513,-14.787033440246326,17.26491333190593,8,-10.0,median_snr_below_threshold,symlinked
train,HFocusing_5_10_10um_0_374.npy,P0/data/dataset_particles2SNR_c1/train/10um/HFocusing_5_10_10um_0_374.npy,P0/data/particles2SNR_4_class_lim10/train/unclear/HFocusing_5_10_10um_0_374.npy,10um,unclear,-12.924220833240234,-9.570281256315313,-16.144823677253505,20.433000026572646,11,-10.0,median_snr_below_threshold,symlinked
train,HFocusing_5_10_10um_0_377.npy,P0/data/dataset_particles2SNR_c1/train/10um/HFocusing_5_10_10um_0_377.npy,P0/data/particles2SNR_4_class_lim10/train/unclear/HFocusing_5_10_10um_0_377.npy,10um,unclear,-12.00507786832047,-11.355306740998438,-16.26081020176938,-4.492602202763163,12,-10.0,median_snr_below_threshold,symlinked
train,HFocusing_5_10_10um_0_380.npy,P0/data/dataset_particles2SNR_c1/train/10um/HFocusing_5_10_10um_0_380.npy,P0/data/particles2SNR_4_class_lim10/train/unclear/HFocusing_5_10_10um_0_380.npy,10um,unclear,-13.612840244878386,-13.96591966425143,-19.84758681158469,-8.14266840117118,18,-10.0,median_snr_below_threshold,symlinked
train,HFocusing_5_10_10um_0_381.npy,P0/data/dataset_particles2SNR_c1/train/10um/HFocusing_5_10_10um_0_381.npy,P0/data/particles2SNR_4_class_lim10/train/unclear/HFocusing_5_10_10um_0_381.npy,10um,unclear,-12.405698173055162,-8.904759652075104,-16.718856021222486,9.030318215875553,7,-10.0,median_snr_below_threshold,symlinked
train,HFocusing_5_10_10um_0_383.npy,P0/data/dataset_particles2SNR_c1/train/10um/HFocusing_5_10_10um_0_383.npy,P0/data/particles2SNR_4_class_lim10/train/unclear/HFocusing_5_10_10um_0_383.npy,10um,unclear,-10.607499823111718,-11.547692597380674,-16.605182529777977,-7.599092584417332,8,-10.0,median_snr_below_threshold,symlinked
train,HFocusing_5_10_10um_0_386.npy,P0/data/dataset_particles2SNR_c1/train/10um/HFocusing_5_10_10um_0_386.npy,P0/data/particles2SNR_4_class_lim10/train/unclear/HFocusing_5_10_10um_0_386.npy,10um,unclear,-11.84256583698659,-11.354984754999975,-14.168464151809053,-7.551756160655883,6,-10.0,median_snr_below_threshold,symlinked
train,HFocusing_5_10_10um_0_387.npy,P0/data/dataset_particles2SNR_c1/train/10um/HFocusing_5_10_10um_0_387.npy,P0/data/particles2SNR_4_class_lim10/train/unclear/HFocusing_5_10_10um_0_387.npy,10um,unclear,-10.145094508906809,-7.731785094932701,-15.919878971463426,6.893677468748324,10,-10.0,median_snr_below_threshold,symlinked
train,HFocusing_5_10_10um_0_39.npy,P0/data/dataset_particles2SNR_c1/train/10um/HFocusing_5_10_10um_0_39.npy,P0/data/particles2SNR_4_class_lim10/train/unclear/HFocusing_5_10_10um_0_39.npy,10um,unclear,-13.764726006378858,-13.704025320883725,-17.12309164087825,-10.475711123530234,10,-10.0,median_snr_below_threshold,symlinked
train,HFocusing_5_10_10um_0_390.npy,P0/data/dataset_particles2SNR_c1/train/10um/HFocusing_5_10_10um_0_390.npy,P0/data/particles2SNR_4_class_lim10/train/unclear/HFocusing_5_10_10um_0_390.npy,10um,unclear,-12.066647042189551,-13.028469965526506,-17.804604993394776,-10.529034822284489,8,-10.0,median_snr_below_threshold,symlinked
train,HFocusing_5_10_10um_0_395.npy,P0/data/dataset_particles2SNR_c1/train/10um/HFocusing_5_10_10um_0_395.npy,P0/data/particles2SNR_4_class_lim10/train/unclear/HFocusing_5_10_10um_0_395.npy,10um,unclear,-13.44932212742981,-11.923322622815334,-18.771816639826802,5.274545057272223,13,-10.0,median_snr_below_threshold,symlinked
train,HFocusing_5_10_10um_0_399.npy,P0/data/dataset_particles2SNR_c1/train/10um/HFocusing_5_10_10um_0_399.npy,P0/data/particles2SNR_4_class_lim10/train/unclear/HFocusing_5_10_10um_0_399.npy,10um,unclear,-12.492542614270054,-11.354207058938014,-17.23538814691297,6.663372347091411,11,-10.0,median_snr_below_threshold,symlinked
train,HFocusing_5_10_10um_0_4.npy,P0/data/dataset_particles2SNR_c1/train/10um/HFocusing_5_10_10um_0_4.npy,P0/data/particles2SNR_4_class_lim10/train/unclear/HFocusing_5_10_10um_0_4.npy,10um,unclear,-13.294238642721645,-13.328707571434396,-16.304455653929764,-10.56928346776711,16,-10.0,median_snr_below_threshold,symlinked
train,HFocusing_5_10_10um_0_40.npy,P0/data/dataset_particles2SNR_c1/train/10um/HFocusing_5_10_10um_0_40.npy,P0/data/particles2SNR_4_class_lim10/train/unclear/HFocusing_5_10_10um_0_40.npy,10um,unclear,-14.07435404929269,-12.260491096452599,-17.198871865856546,7.561673784024181,14,-10.0,median_snr_below_threshold,symlinked
train,HFocusing_5_10_10um_0_402.npy,P0/data/dataset_particles2SNR_c1/train/10um/HFocusing_5_10_10um_0_402.npy,P0/data/particles2SNR_4_class_lim10/train/unclear/HFocusing_5_10_10um_0_402.npy,10um,unclear,-12.103992598863712,-12.051614228883095,-17.06089916493114,-8.855138635600081,12,-10.0,median_snr_below_threshold,symlinked
train,HFocusing_5_10_10um_0_403.npy,P0/data/dataset_particles2SNR_c1/train/10um/HFocusing_5_10_10um_0_403.npy,P0/data/particles2SNR_4_class_lim10/train/unclear/HFocusing_5_10_10um_0_403.npy,10um,unclear,-11.57857291485196,-10.902989248972533,-16.00508139877518,2.3754330704690454,14,-10.0,median_snr_below_threshold,symlinked
train,HFocusing_5_10_10um_0_406.npy,P0/data/dataset_particles2SNR_c1/train/10um/HFocusing_5_10_10um_0_406.npy,P0/data/particles2SNR_4_class_lim10/train/10um/HFocusing_5_10_10um_0_406.npy,10um,10um,-2.3191366329983363,-0.87489047374473,-6.571859007311853,14.294708123504476,7,-10.0,median_snr_at_or_above_threshold,symlinked
train,HFocusing_5_10_10um_0_410.npy,P0/data/dataset_particles2SNR_c1/train/10um/HFocusing_5_10_10um_0_410.npy,P0/data/particles2SNR_4_class_lim10/train/unclear/HFocusing_5_10_10um_0_410.npy,10um,unclear,-12.650808326222172,-9.853586082083519,-15.50741887045257,11.185795845946485,9,-10.0,median_snr_below_threshold,symlinked
train,HFocusing_5_10_10um_0_413.npy,P0/data/dataset_particles2SNR_c1/train/10um/HFocusing_5_10_10um_0_413.npy,P0/data/particles2SNR_4_class_lim10/train/unclear/HFocusing_5_10_10um_0_413.npy,10um,unclear,-10.312031704078775,-8.54163750117881,-15.373750128265582,3.780797955194615,10,-10.0,median_snr_below_threshold,symlinked
train,HFocusing_5_10_10um_0_416.npy,P0/data/dataset_particles2SNR_c1/train/10um/HFocusing_5_10_10um_0_416.npy,P0/data/particles2SNR_4_class_lim10/train/unclear/HFocusing_5_10_10um_0_416.npy,10um,unclear,-14.158114087514416,-13.10581301356738,-19.526352997734342,2.719542497185812,9,-10.0,median_snr_below_threshold,symlinked
train,HFocusing_5_10_10um_0_419.npy,P0/data/dataset_particles2SNR_c1/train/10um/HFocusing_5_10_10um_0_419.npy,P0/data/particles2SNR_4_class_lim10/train/10um/HFocusing_5_10_10um_0_419.npy,10um,10um,-8.740532944059016,-8.668875438707687,-9.624131336882586,-7.570304529830133,4,-10.0,median_snr_at_or_above_threshold,symlinked
train,HFocusing_5_10_10um_0_42.npy,P0/data/dataset_particles2SNR_c1/train/10um/HFocusing_5_10_10um_0_42.npy,P0/data/particles2SNR_4_class_lim10/train/unclear/HFocusing_5_10_10um_0_42.npy,10um,unclear,-10.512536410355075,-10.425222975063518,-14.428912652305133,-6.858952235895397,13,-10.0,median_snr_below_threshold,symlinked
train,HFocusing_5_10_10um_0_420.npy,P0/data/dataset_particles2SNR_c1/train/10um/HFocusing_5_10_10um_0_420.npy,P0/data/particles2SNR_4_class_lim10/train/unclear/HFocusing_5_10_10um_0_420.npy,10um,unclear,-10.983327617287081,-11.652570644144946,-19.999539253531058,-5.694388946226399,5,-10.0,median_snr_below_threshold,symlinked
train,HFocusing_5_10_10um_0_423.npy,P0/data/dataset_particles2SNR_c1/train/10um/HFocusing_5_10_10um_0_423.npy,P0/data/particles2SNR_4_class_lim10/train/unclear/HFocusing_5_10_10um_0_423.npy,10um,unclear,-12.368032574652599,-11.896233250096342,-14.415085232118521,-9.479955328814732,11,-10.0,median_snr_below_threshold,symlinked
train,HFocusing_5_10_10um_0_424.npy,P0/data/dataset_particles2SNR_c1/train/10um/HFocusing_5_10_10um_0_424.npy,P0/data/particles2SNR_4_class_lim10/train/unclear/HFocusing_5_10_10um_0_424.npy,10um,unclear,-11.867378052504518,-9.41833309051142,-15.782708829274553,5.989180039877308,7,-10.0,median_snr_below_threshold,symlinked
train,HFocusing_5_10_10um_0_427.npy,P0/data/dataset_particles2SNR_c1/train/10um/HFocusing_5_10_10um_0_427.npy,P0/data/particles2SNR_4_class_lim10/train/unclear/HFocusing_5_10_10um_0_427.npy,10um,unclear,-11.197403518755685,-9.586279089370704,-18.25462015163662,3.0598830443836995,10,-10.0,median_snr_below_threshold,symlinked
train,HFocusing_5_10_10um_0_43.npy,P0/data/dataset_particles2SNR_c1/train/10um/HFocusing_5_10_10um_0_43.npy,P0/data/particles2SNR_4_class_lim10/train/10um/HFocusing_5_10_10um_0_43.npy,10um,10um,-8.555475798000412,-6.983968851592858,-14.802910542152008,12.93114360202043,13,-10.0,median_snr_at_or_above_threshold,symlinked
train,HFocusing_5_10_10um_0_430.npy,P0/data/dataset_particles2SNR_c1/train/10um/HFocusing_5_10_10um_0_430.npy,P0/data/particles2SNR_4_class_lim10/train/unclear/HFocusing_5_10_10um_0_430.npy,10um,unclear,-12.727089755940664,-10.598419506222017,-18.342180666185392,13.740346415907894,12,-10.0,median_snr_below_threshold,symlinked
train,HFocusing_5_10_10um_0_436.npy,P0/data/dataset_particles2SNR_c1/train/10um/HFocusing_5_10_10um_0_436.npy,P0/data/particles2SNR_4_class_lim10/train/unclear/HFocusing_5_10_10um_0_436.npy,10um,unclear,-10.724506338062307,-7.6369852905010465,-15.523867650863961,8.470644521827001,9,-10.0,median_snr_below_threshold,symlinked
train,HFocusing_5_10_10um_0_439.npy,P0/data/dataset_particles2SNR_c1/train/10um/HFocusing_5_10_10um_0_439.npy,P0/data/particles2SNR_4_class_lim10/train/unclear/HFocusing_5_10_10um_0_439.npy,10um,unclear,-12.493064250588095,-11.68893624686139,-18.127727846239672,3.106768870975021,11,-10.0,median_snr_below_threshold,symlinked
train,HFocusing_5_10_10um_0_443.npy,P0/data/dataset_particles2SNR_c1/train/10um/HFocusing_5_10_10um_0_443.npy,P0/data/particles2SNR_4_class_lim10/train/10um/HFocusing_5_10_10um_0_443.npy,10um,10um,-8.689091640254256,-5.451728354263009,-14.857053087813256,10.333373323562316,7,-10.0,median_snr_at_or_above_threshold,symlinked
train,HFocusing_5_10_10um_0_446.npy,P0/data/dataset_particles2SNR_c1/train/10um/HFocusing_5_10_10um_0_446.npy,P0/data/particles2SNR_4_class_lim10/train/10um/HFocusing_5_10_10um_0_446.npy,10um,10um,-7.689763593144884,-8.222596657305795,-11.080918216366278,-5.796001913315947,9,-10.0,median_snr_at_or_above_threshold,symlinked
train,HFocusing_5_10_10um_0_447.npy,P0/data/dataset_particles2SNR_c1/train/10um/HFocusing_5_10_10um_0_447.npy,P0/data/particles2SNR_4_class_lim10/train/10um/HFocusing_5_10_10um_0_447.npy,10um,10um,-9.463224871542232,-8.859376715177413,-14.476639667559342,11.125146080746148,14,-10.0,median_snr_at_or_above_threshold,symlinked
train,HFocusing_5_10_10um_0_450.npy,P0/data/dataset_particles2SNR_c1/train/10um/HFocusing_5_10_10um_0_450.npy,P0/data/particles2SNR_4_class_lim10/train/unclear/HFocusing_5_10_10um_0_450.npy,10um,unclear,-12.40897595502622,-10.612513739540265,-15.880754096728973,7.095299189811165,11,-10.0,median_snr_below_threshold,symlinked
train,HFocusing_5_10_10um_0_453.npy,P0/data/dataset_particles2SNR_c1/train/10um/HFocusing_5_10_10um_0_453.npy,P0/data/particles2SNR_4_class_lim10/train/10um/HFocusing_5_10_10um_0_453.npy,10um,10um,-8.495222199955645,-8.808984801617735,-13.494427322822649,-3.5006084465975276,15,-10.0,median_snr_at_or_above_threshold,symlinked
train,HFocusing_5_10_10um_0_454.npy,P0/data/dataset_particles2SNR_c1/train/10um/HFocusing_5_10_10um_0_454.npy,P0/data/particles2SNR_4_class_lim10/train/10um/HFocusing_5_10_10um_0_454.npy,10um,10um,-6.192844855353199,-3.4149999233470987,-14.085735018277536,17.15378261797526,9,-10.0,median_snr_at_or_above_threshold,symlinked
train,HFocusing_5_10_10um_0_457.npy,P0/data/dataset_particles2SNR_c1/train/10um/HFocusing_5_10_10um_0_457.npy,P0/data/particles2SNR_4_class_lim10/train/unclear/HFocusing_5_10_10um_0_457.npy,10um,unclear,-11.108652627364899,-10.78464715158199,-14.364360411889024,-7.524516725959866,5,-10.0,median_snr_below_threshold,symlinked
train,HFocusing_5_10_10um_0_458.npy,P0/data/dataset_particles2SNR_c1/train/10um/HFocusing_5_10_10um_0_458.npy,P0/data/particles2SNR_4_class_lim10/train/unclear/HFocusing_5_10_10um_0_458.npy,10um,unclear,-13.059495206117589,-12.500480177841906,-17.68178066833585,-1.8510075174969423,12,-10.0,median_snr_below_threshold,symlinked
train,HFocusing_5_10_10um_0_46.npy,P0/data/dataset_particles2SNR_c1/train/10um/HFocusing_5_10_10um_0_46.npy,P0/data/particles2SNR_4_class_lim10/train/unclear/HFocusing_5_10_10um_0_46.npy,10um,unclear,-11.998472645019984,-10.797211059826472,-16.428079892481893,2.7328653667831504,12,-10.0,median_snr_below_threshold,symlinked
train,HFocusing_5_10_10um_0_461.npy,P0/data/dataset_particles2SNR_c1/train/10um/HFocusing_5_10_10um_0_461.npy,P0/data/particles2SNR_4_class_lim10/train/unclear/HFocusing_5_10_10um_0_461.npy,10um,unclear,-12.46136525752366,-9.798998140579013,-15.941241781563399,4.190893577480262,9,-10.0,median_snr_below_threshold,symlinked
train,HFocusing_5_10_10um_0_464.npy,P0/data/dataset_particles2SNR_c1/train/10um/HFocusing_5_10_10um_0_464.npy,P0/data/particles2SNR_4_class_lim10/train/unclear/HFocusing_5_10_10um_0_464.npy,10um,unclear,-13.262492788246082,-13.63582668809968,-19.190139520138317,-9.333556956308287,8,-10.0,median_snr_below_threshold,symlinked
train,HFocusing_5_10_10um_0_474.npy,P0/data/dataset_particles2SNR_c1/train/10um/HFocusing_5_10_10um_0_474.npy,P0/data/particles2SNR_4_class_lim10/train/unclear/HFocusing_5_10_10um_0_474.npy,10um,unclear,-12.301417013602505,-12.698431126624854,-16.338653130320665,-10.750642353419305,9,-10.0,median_snr_below_threshold,symlinked
train,HFocusing_5_10_10um_0_475.npy,P0/data/dataset_particles2SNR_c1/train/10um/HFocusing_5_10_10um_0_475.npy,P0/data/particles2SNR_4_class_lim10/train/unclear/HFocusing_5_10_10um_0_475.npy,10um,unclear,-10.959705899231373,-9.24623319646202,-14.69868119761822,9.595658955789169,9,-10.0,median_snr_below_threshold,symlinked
train,HFocusing_5_10_10um_0_478.npy,P0/data/dataset_particles2SNR_c1/train/10um/HFocusing_5_10_10um_0_478.npy,P0/data/particles2SNR_4_class_lim10/train/unclear/HFocusing_5_10_10um_0_478.npy,10um,unclear,-12.071398414310877,-11.333077575307529,-13.739988597819492,-7.309076200904171,7,-10.0,median_snr_below_threshold,symlinked
train,HFocusing_5_10_10um_0_479.npy,P0/data/dataset_particles2SNR_c1/train/10um/HFocusing_5_10_10um_0_479.npy,P0/data/particles2SNR_4_class_lim10/train/10um/HFocusing_5_10_10um_0_479.npy,10um,10um,-3.20003863174147,-1.712512294526015,-9.347738444938813,14.52220422804125,7,-10.0,median_snr_at_or_above_threshold,symlinked
train,HFocusing_5_10_10um_0_482.npy,P0/data/dataset_particles2SNR_c1/train/10um/HFocusing_5_10_10um_0_482.npy,P0/data/particles2SNR_4_class_lim10/train/10um/HFocusing_5_10_10um_0_482.npy,10um,10um,-9.731432009354224,-5.013415903525754,-16.428704549342722,19.168621083481785,7,-10.0,median_snr_at_or_above_threshold,symlinked
train,HFocusing_5_10_10um_0_485.npy,P0/data/dataset_particles2SNR_c1/train/10um/HFocusing_5_10_10um_0_485.npy,P0/data/particles2SNR_4_class_lim10/train/10um/HFocusing_5_10_10um_0_485.npy,10um,10um,-9.945714760752011,-10.051241887129288,-15.820859671033121,-4.5847690503614755,10,-10.0,median_snr_at_or_above_threshold,symlinked
train,HFocusing_5_10_10um_0_486.npy,P0/data/dataset_particles2SNR_c1/train/10um/HFocusing_5_10_10um_0_486.npy,P0/data/particles2SNR_4_class_lim10/train/10um/HFocusing_5_10_10um_0_486.npy,10um,10um,-4.687145520734666,-4.481612746251057,-9.014189847797901,3.245976401843198,10,-10.0,median_snr_at_or_above_threshold,symlinked
train,HFocusing_5_10_10um_0_488.npy,P0/data/dataset_particles2SNR_c1/train/10um/HFocusing_5_10_10um_0_488.npy,P0/data/particles2SNR_4_class_lim10/train/10um/HFocusing_5_10_10um_0_488.npy,10um,10um,-7.557021251802905,-5.658195504016391,-13.552106469919707,11.888001632245935,10,-10.0,median_snr_at_or_above_threshold,symlinked
train,HFocusing_5_10_10um_0_49.npy,P0/data/dataset_particles2SNR_c1/train/10um/HFocusing_5_10_10um_0_49.npy,P0/data/particles2SNR_4_class_lim10/train/unclear/HFocusing_5_10_10um_0_49.npy,10um,unclear,-11.95501523351167,-12.279526118699346,-18.368786562335917,-7.584225492306626,20,-10.0,median_snr_below_threshold,symlinked
train,HFocusing_5_10_10um_0_491.npy,P0/data/dataset_particles2SNR_c1/train/10um/HFocusing_5_10_10um_0_491.npy,P0/data/particles2SNR_4_class_lim10/train/unclear/HFocusing_5_10_10um_0_491.npy,10um,unclear,-12.568710422589342,-10.086158677041222,-17.186027632714282,6.012529533251444,13,-10.0,median_snr_below_threshold,symlinked
train,HFocusing_5_10_10um_0_494.npy,P0/data/dataset_particles2SNR_c1/train/10um/HFocusing_5_10_10um_0_494.npy,P0/data/particles2SNR_4_class_lim10/train/10um/HFocusing_5_10_10um_0_494.npy,10um,10um,-3.193773104215087,-3.9841856314982977,-6.949737191837806,-1.8090465984420017,3,-10.0,median_snr_at_or_above_threshold,symlinked
train,HFocusing_5_10_10um_0_495.npy,P0/data/dataset_particles2SNR_c1/train/10um/HFocusing_5_10_10um_0_495.npy,P0/data/particles2SNR_4_class_lim10/train/10um/HFocusing_5_10_10um_0_495.npy,10um,10um,-8.319655259914963,-3.7422059177472757,-10.01853755530248,21.404858536846632,6,-10.0,median_snr_at_or_above_threshold,symlinked
train,HFocusing_5_10_10um_0_498.npy,P0/data/dataset_particles2SNR_c1/train/10um/HFocusing_5_10_10um_0_498.npy,P0/data/particles2SNR_4_class_lim10/train/10um/HFocusing_5_10_10um_0_498.npy,10um,10um,-2.0726183239679603,-1.6170806043058936,-7.827021254053596,8.56186790809263,9,-10.0,median_snr_at_or_above_threshold,symlinked
train,HFocusing_5_10_10um_0_5.npy,P0/data/dataset_particles2SNR_c1/train/10um/HFocusing_5_10_10um_0_5.npy,P0/data/particles2SNR_4_class_lim10/train/unclear/HFocusing_5_10_10um_0_5.npy,10um,unclear,-11.609016721898232,-10.23425686133895,-16.328817616811442,6.059998391572542,12,-10.0,median_snr_below_threshold,symlinked
train,HFocusing_5_10_10um_0_501.npy,P0/data/dataset_particles2SNR_c1/train/10um/HFocusing_5_10_10um_0_501.npy,P0/data/particles2SNR_4_class_lim10/train/unclear/HFocusing_5_10_10um_0_501.npy,10um,unclear,-12.368983770938359,-10.180558909912776,-14.40369648141875,3.962240591538733,8,-10.0,median_snr_below_threshold,symlinked
train,HFocusing_5_10_10um_0_504.npy,P0/data/dataset_particles2SNR_c1/train/10um/HFocusing_5_10_10um_0_504.npy,P0/data/particles2SNR_4_class_lim10/train/10um/HFocusing_5_10_10um_0_504.npy,10um,10um,-9.389397894699918,-8.893121342145216,-14.700545889046431,6.453015060051142,14,-10.0,median_snr_at_or_above_threshold,symlinked
train,HFocusing_5_10_10um_0_510.npy,P0/data/dataset_particles2SNR_c1/train/10um/HFocusing_5_10_10um_0_510.npy,P0/data/particles2SNR_4_class_lim10/train/unclear/HFocusing_5_10_10um_0_510.npy,10um,unclear,-11.874471306115435,-12.272526016533238,-17.93241868384072,-5.894932927082987,17,-10.0,median_snr_below_threshold,symlinked
train,HFocusing_5_10_10um_0_512.npy,P0/data/dataset_particles2SNR_c1/train/10um/HFocusing_5_10_10um_0_512.npy,P0/data/particles2SNR_4_class_lim10/train/unclear/HFocusing_5_10_10um_0_512.npy,10um,unclear,-14.033045829755233,-14.076026253699492,-18.274942386943966,-8.119714347074332,13,-10.0,median_snr_below_threshold,symlinked
train,HFocusing_5_10_10um_0_513.npy,P0/data/dataset_particles2SNR_c1/train/10um/HFocusing_5_10_10um_0_513.npy,P0/data/particles2SNR_4_class_lim10/train/unclear/HFocusing_5_10_10um_0_513.npy,10um,unclear,-10.713716714477757,-7.222610831191436,-15.41985811560136,7.95684821979113,4,-10.0,median_snr_below_threshold,symlinked
train,HFocusing_5_10_10um_0_516.npy,P0/data/dataset_particles2SNR_c1/train/10um/HFocusing_5_10_10um_0_516.npy,P0/data/particles2SNR_4_class_lim10/train/unclear/HFocusing_5_10_10um_0_516.npy,10um,unclear,-10.652093796029256,-10.673006580215283,-13.31850312122041,-6.934493752236913,5,-10.0,median_snr_below_threshold,symlinked
train,HFocusing_5_10_10um_0_517.npy,P0/data/dataset_particles2SNR_c1/train/10um/HFocusing_5_10_10um_0_517.npy,P0/data/particles2SNR_4_class_lim10/train/unclear/HFocusing_5_10_10um_0_517.npy,10um,unclear,-12.064585722877068,-8.011355603693637,-15.694181534337472,6.3072023901462515,6,-10.0,median_snr_below_threshold,symlinked
train,HFocusing_5_10_10um_0_520.npy,P0/data/dataset_particles2SNR_c1/train/10um/HFocusing_5_10_10um_0_520.npy,P0/data/particles2SNR_4_class_lim10/train/10um/HFocusing_5_10_10um_0_520.npy,10um,10um,-2.133029147561575,-0.9571572930761404,-7.57377207219549,16.20824665047606,12,-10.0,median_snr_at_or_above_threshold,symlinked
train,HFocusing_5_10_10um_0_522.npy,P0/data/dataset_particles2SNR_c1/train/10um/HFocusing_5_10_10um_0_522.npy,P0/data/particles2SNR_4_class_lim10/train/unclear/HFocusing_5_10_10um_0_522.npy,10um,unclear,-11.873507418865152,-11.97866887277004,-13.176229268680098,-10.067005398975128,5,-10.0,median_snr_below_threshold,symlinked
train,HFocusing_5_10_10um_0_523.npy,P0/data/dataset_particles2SNR_c1/train/10um/HFocusing_5_10_10um_0_523.npy,P0/data/particles2SNR_4_class_lim10/train/10um/HFocusing_5_10_10um_0_523.npy,10um,10um,2.128184422207597,3.9045589700849774,-6.087728250036052,17.33240859388704,6,-10.0,median_snr_at_or_above_threshold,symlinked
train,HFocusing_5_10_10um_0_529.npy,P0/data/dataset_particles2SNR_c1/train/10um/HFocusing_5_10_10um_0_529.npy,P0/data/particles2SNR_4_class_lim10/train/unclear/HFocusing_5_10_10um_0_529.npy,10um,unclear,-12.681843216006316,-10.55493660240661,-13.801487427950342,5.333218599161831,8,-10.0,median_snr_below_threshold,symlinked
train,HFocusing_5_10_10um_0_532.npy,P0/data/dataset_particles2SNR_c1/train/10um/HFocusing_5_10_10um_0_532.npy,P0/data/particles2SNR_4_class_lim10/train/unclear/HFocusing_5_10_10um_0_532.npy,10um,unclear,-11.897156505001577,-11.83894961899856,-14.452842488913937,-7.05817489230201,12,-10.0,median_snr_below_threshold,symlinked
train,HFocusing_5_10_10um_0_538.npy,P0/data/dataset_particles2SNR_c1/train/10um/HFocusing_5_10_10um_0_538.npy,P0/data/particles2SNR_4_class_lim10/train/unclear/HFocusing_5_10_10um_0_538.npy,10um,unclear,-10.15086144341646,-9.678462938096933,-17.78780119280489,9.071789640603559,12,-10.0,median_snr_below_threshold,symlinked
train,HFocusing_5_10_10um_0_542.npy,P0/data/dataset_particles2SNR_c1/train/10um/HFocusing_5_10_10um_0_542.npy,P0/data/particles2SNR_4_class_lim10/train/unclear/HFocusing_5_10_10um_0_542.npy,10um,unclear,-12.67469011541395,-10.713675183758278,-14.724717257070349,6.745404924092706,10,-10.0,median_snr_below_threshold,symlinked
train,HFocusing_5_10_10um_0_548.npy,P0/data/dataset_particles2SNR_c1/train/10um/HFocusing_5_10_10um_0_548.npy,P0/data/particles2SNR_4_class_lim10/train/10um/HFocusing_5_10_10um_0_548.npy,10um,10um,-3.572803935958302,-3.7347915465198542,-10.484487850217828,2.8529171466165684,3,-10.0,median_snr_at_or_above_threshold,symlinked
train,HFocusing_5_10_10um_0_55.npy,P0/data/dataset_particles2SNR_c1/train/10um/HFocusing_5_10_10um_0_55.npy,P0/data/particles2SNR_4_class_lim10/train/unclear/HFocusing_5_10_10um_0_55.npy,10um,unclear,-14.072634212448573,-12.958393567436683,-25.19894780366431,7.972673146178493,17,-10.0,median_snr_below_threshold,symlinked
train,HFocusing_5_10_10um_0_553.npy,P0/data/dataset_particles2SNR_c1/train/10um/HFocusing_5_10_10um_0_553.npy,P0/data/particles2SNR_4_class_lim10/train/unclear/HFocusing_5_10_10um_0_553.npy,10um,unclear,-11.490571948676124,-11.443953139752868,-13.468069193673706,-8.224113404818036,8,-10.0,median_snr_below_threshold,symlinked
train,HFocusing_5_10_10um_0_554.npy,P0/data/dataset_particles2SNR_c1/train/10um/HFocusing_5_10_10um_0_554.npy,P0/data/particles2SNR_4_class_lim10/train/10um/HFocusing_5_10_10um_0_554.npy,10um,10um,7.51549901388488,7.51549901388488,0.5924690229034996,14.438529004866261,2,-10.0,median_snr_at_or_above_threshold,symlinked
train,HFocusing_5_10_10um_0_557.npy,P0/data/dataset_particles2SNR_c1/train/10um/HFocusing_5_10_10um_0_557.npy,P0/data/particles2SNR_4_class_lim10/train/unclear/HFocusing_5_10_10um_0_557.npy,10um,unclear,-12.888037938600922,-11.830275956252073,-16.823860829133032,3.7609509601553626,13,-10.0,median_snr_below_threshold,symlinked
train,HFocusing_5_10_10um_0_560.npy,P0/data/dataset_particles2SNR_c1/train/10um/HFocusing_5_10_10um_0_560.npy,P0/data/particles2SNR_4_class_lim10/train/unclear/HFocusing_5_10_10um_0_560.npy,10um,unclear,-11.310731422608615,-9.294017186571592,-14.372641758214776,1.1648098637163853,7,-10.0,median_snr_below_threshold,symlinked
train,HFocusing_5_10_10um_0_562.npy,P0/data/dataset_particles2SNR_c1/train/10um/HFocusing_5_10_10um_0_562.npy,P0/data/particles2SNR_4_class_lim10/train/unclear/HFocusing_5_10_10um_0_562.npy,10um,unclear,,,,,0,-10.0,missing_snr,symlinked
train,HFocusing_5_10_10um_0_563.npy,P0/data/dataset_particles2SNR_c1/train/10um/HFocusing_5_10_10um_0_563.npy,P0/data/particles2SNR_4_class_lim10/train/unclear/HFocusing_5_10_10um_0_563.npy,10um,unclear,-11.056017315345379,-10.496388463877995,-17.29042527587829,3.2338751580910623,10,-10.0,median_snr_below_threshold,symlinked
train,HFocusing_5_10_10um_0_569.npy,P0/data/dataset_particles2SNR_c1/train/10um/HFocusing_5_10_10um_0_569.npy,P0/data/particles2SNR_4_class_lim10/train/unclear/HFocusing_5_10_10um_0_569.npy,10um,unclear,-12.931367103294438,-10.127441619607131,-15.684636781838881,11.268663515877899,12,-10.0,median_snr_below_threshold,symlinked
train,HFocusing_5_10_10um_0_572.npy,P0/data/dataset_particles2SNR_c1/train/10um/HFocusing_5_10_10um_0_572.npy,P0/data/particles2SNR_4_class_lim10/train/unclear/HFocusing_5_10_10um_0_572.npy,10um,unclear,-13.255861070922986,-11.444330661634634,-15.321227122115719,6.274218748891975,10,-10.0,median_snr_below_threshold,symlinked
train,HFocusing_5_10_10um_0_574.npy,P0/data/dataset_particles2SNR_c1/train/10um/HFocusing_5_10_10um_0_574.npy,P0/data/particles2SNR_4_class_lim10/train/unclear/HFocusing_5_10_10um_0_574.npy,10um,unclear,-11.411174891411466,-8.547555161134756,-17.57206975719365,11.81939628496865,13,-10.0,median_snr_below_threshold,symlinked
train,HFocusing_5_10_10um_0_577.npy,P0/data/dataset_particles2SNR_c1/train/10um/HFocusing_5_10_10um_0_577.npy,P0/data/particles2SNR_4_class_lim10/train/unclear/HFocusing_5_10_10um_0_577.npy,10um,unclear,-12.695953435041009,-13.516736607788712,-20.95777848739771,-9.440848250095764,13,-10.0,median_snr_below_threshold,symlinked
train,HFocusing_5_10_10um_0_578.npy,P0/data/dataset_particles2SNR_c1/train/10um/HFocusing_5_10_10um_0_578.npy,P0/data/particles2SNR_4_class_lim10/train/10um/HFocusing_5_10_10um_0_578.npy,10um,10um,4.355326942276794,2.7986407558051116,-5.727938762000284,10.547434654855628,6,-10.0,median_snr_at_or_above_threshold,symlinked
train,HFocusing_5_10_10um_0_58.npy,P0/data/dataset_particles2SNR_c1/train/10um/HFocusing_5_10_10um_0_58.npy,P0/data/particles2SNR_4_class_lim10/train/unclear/HFocusing_5_10_10um_0_58.npy,10um,unclear,-12.853251246092885,-12.598872141302904,-18.86294036581733,-7.11409143063891,6,-10.0,median_snr_below_threshold,symlinked
train,HFocusing_5_10_10um_0_581.npy,P0/data/dataset_particles2SNR_c1/train/10um/HFocusing_5_10_10um_0_581.npy,P0/data/particles2SNR_4_class_lim10/train/10um/HFocusing_5_10_10um_0_581.npy,10um,10um,-4.89133999924295,-3.24029795956978,-15.397448342200699,18.428288190706283,9,-10.0,median_snr_at_or_above_threshold,symlinked
train,HFocusing_5_10_10um_0_584.npy,P0/data/dataset_particles2SNR_c1/train/10um/HFocusing_5_10_10um_0_584.npy,P0/data/particles2SNR_4_class_lim10/train/unclear/HFocusing_5_10_10um_0_584.npy,10um,unclear,-14.018235659411953,-10.982366892312708,-20.48822942245041,3.2767528724948436,8,-10.0,median_snr_below_threshold,symlinked
train,HFocusing_5_10_10um_0_587.npy,P0/data/dataset_particles2SNR_c1/train/10um/HFocusing_5_10_10um_0_587.npy,P0/data/particles2SNR_4_class_lim10/train/10um/HFocusing_5_10_10um_0_587.npy,10um,10um,-8.65689826997684,-9.604273196731908,-13.46148767869445,-5.765280545742862,11,-10.0,median_snr_at_or_above_threshold,symlinked
train,HFocusing_5_10_10um_0_588.npy,P0/data/dataset_particles2SNR_c1/train/10um/HFocusing_5_10_10um_0_588.npy,P0/data/particles2SNR_4_class_lim10/train/unclear/HFocusing_5_10_10um_0_588.npy,10um,unclear,-12.796277002693117,-10.926713679936626,-17.830394140369034,13.638846146769692,16,-10.0,median_snr_below_threshold,symlinked
train,HFocusing_5_10_10um_0_59.npy,P0/data/dataset_particles2SNR_c1/train/10um/HFocusing_5_10_10um_0_59.npy,P0/data/particles2SNR_4_class_lim10/train/unclear/HFocusing_5_10_10um_0_59.npy,10um,unclear,-11.834543979905527,-11.246149505424235,-20.272286659129005,-1.373935906044744,10,-10.0,median_snr_below_threshold,symlinked
train,HFocusing_5_10_10um_0_594.npy,P0/data/dataset_particles2SNR_c1/train/10um/HFocusing_5_10_10um_0_594.npy,P0/data/particles2SNR_4_class_lim10/train/unclear/HFocusing_5_10_10um_0_594.npy,10um,unclear,-14.510137684935733,-13.3682823498911,-18.001661242604598,-6.838357448174138,9,-10.0,median_snr_below_threshold,symlinked
train,HFocusing_5_10_10um_0_595.npy,P0/data/dataset_particles2SNR_c1/train/10um/HFocusing_5_10_10um_0_595.npy,P0/data/particles2SNR_4_class_lim10/train/unclear/HFocusing_5_10_10um_0_595.npy,10um,unclear,-11.722926259017237,-10.790518668403992,-14.980999733453073,4.712894329486877,13,-10.0,median_snr_below_threshold,symlinked
train,HFocusing_5_10_10um_0_598.npy,P0/data/dataset_particles2SNR_c1/train/10um/HFocusing_5_10_10um_0_598.npy,P0/data/particles2SNR_4_class_lim10/train/unclear/HFocusing_5_10_10um_0_598.npy,10um,unclear,-12.112279565430502,-11.72762973815436,-15.93363110969497,-0.5043132776720352,8,-10.0,median_snr_below_threshold,symlinked
train,HFocusing_5_10_10um_0_601.npy,P0/data/dataset_particles2SNR_c1/train/10um/HFocusing_5_10_10um_0_601.npy,P0/data/particles2SNR_4_class_lim10/train/unclear/HFocusing_5_10_10um_0_601.npy,10um,unclear,-12.236219629626847,-11.169031578362635,-16.31966005902109,5.287852232096736,12,-10.0,median_snr_below_threshold,symlinked
train,HFocusing_5_10_10um_0_604.npy,P0/data/dataset_particles2SNR_c1/train/10um/HFocusing_5_10_10um_0_604.npy,P0/data/particles2SNR_4_class_lim10/train/unclear/HFocusing_5_10_10um_0_604.npy,10um,unclear,-11.909692792535658,-8.704457084035766,-14.369569229098628,7.811471368227801,10,-10.0,median_snr_below_threshold,symlinked
train,HFocusing_5_10_10um_0_607.npy,P0/data/dataset_particles2SNR_c1/train/10um/HFocusing_5_10_10um_0_607.npy,P0/data/particles2SNR_4_class_lim10/train/unclear/HFocusing_5_10_10um_0_607.npy,10um,unclear,-12.33931252938191,-10.631330229541106,-14.95689431938741,3.110495760964472,9,-10.0,median_snr_below_threshold,symlinked
train,HFocusing_5_10_10um_0_613.npy,P0/data/dataset_particles2SNR_c1/train/10um/HFocusing_5_10_10um_0_613.npy,P0/data/particles2SNR_4_class_lim10/train/10um/HFocusing_5_10_10um_0_613.npy,10um,10um,-9.730211585793455,-6.429667547873215,-14.862763188318759,5.684456754267413,11,-10.0,median_snr_at_or_above_threshold,symlinked
train,HFocusing_5_10_10um_0_618.npy,P0/data/dataset_particles2SNR_c1/train/10um/HFocusing_5_10_10um_0_618.npy,P0/data/particles2SNR_4_class_lim10/train/unclear/HFocusing_5_10_10um_0_618.npy,10um,unclear,-13.19228800427998,-13.145062135074003,-16.29191538734205,-8.722463178298653,15,-10.0,median_snr_below_threshold,symlinked
train,HFocusing_5_10_10um_0_619.npy,P0/data/dataset_particles2SNR_c1/train/10um/HFocusing_5_10_10um_0_619.npy,P0/data/particles2SNR_4_class_lim10/train/unclear/HFocusing_5_10_10um_0_619.npy,10um,unclear,-13.853534754793593,-11.834316842617849,-14.796164487341631,-6.098348779712652,7,-10.0,median_snr_below_threshold,symlinked
train,HFocusing_5_10_10um_0_62.npy,P0/data/dataset_particles2SNR_c1/train/10um/HFocusing_5_10_10um_0_62.npy,P0/data/particles2SNR_4_class_lim10/train/unclear/HFocusing_5_10_10um_0_62.npy,10um,unclear,-13.074649368336944,-12.8606425997073,-17.176130100855257,-8.64489721775114,9,-10.0,median_snr_below_threshold,symlinked
train,HFocusing_5_10_10um_0_622.npy,P0/data/dataset_particles2SNR_c1/train/10um/HFocusing_5_10_10um_0_622.npy,P0/data/particles2SNR_4_class_lim10/train/unclear/HFocusing_5_10_10um_0_622.npy,10um,unclear,-12.048606477945965,-10.47775643325712,-15.75521126556681,5.687992985363129,9,-10.0,median_snr_below_threshold,symlinked
train,HFocusing_5_10_10um_0_625.npy,P0/data/dataset_particles2SNR_c1/train/10um/HFocusing_5_10_10um_0_625.npy,P0/data/particles2SNR_4_class_lim10/train/unclear/HFocusing_5_10_10um_0_625.npy,10um,unclear,-10.092240389537983,-7.986792549398821,-14.921150892347939,6.907414397247957,7,-10.0,median_snr_below_threshold,symlinked
train,HFocusing_5_10_10um_0_627.npy,P0/data/dataset_particles2SNR_c1/train/10um/HFocusing_5_10_10um_0_627.npy,P0/data/particles2SNR_4_class_lim10/train/unclear/HFocusing_5_10_10um_0_627.npy,10um,unclear,-13.959856392497228,-13.261338312845375,-16.36527000730203,-8.51882043934442,13,-10.0,median_snr_below_threshold,symlinked
train,HFocusing_5_10_10um_0_628.npy,P0/data/dataset_particles2SNR_c1/train/10um/HFocusing_5_10_10um_0_628.npy,P0/data/particles2SNR_4_class_lim10/train/unclear/HFocusing_5_10_10um_0_628.npy,10um,unclear,-12.544877004464475,-10.714281403170514,-14.981715326815435,3.0325387747299297,10,-10.0,median_snr_below_threshold,symlinked
train,HFocusing_5_10_10um_0_63.npy,P0/data/dataset_particles2SNR_c1/train/10um/HFocusing_5_10_10um_0_63.npy,P0/data/particles2SNR_4_class_lim10/train/unclear/HFocusing_5_10_10um_0_63.npy,10um,unclear,-13.004664445243723,-10.614106871533906,-16.638202462640702,1.282120019579895,10,-10.0,median_snr_below_threshold,symlinked
train,HFocusing_5_10_10um_0_631.npy,P0/data/dataset_particles2SNR_c1/train/10um/HFocusing_5_10_10um_0_631.npy,P0/data/particles2SNR_4_class_lim10/train/unclear/HFocusing_5_10_10um_0_631.npy,10um,unclear,-13.859410779644712,-13.603877925869932,-17.566044794259202,-9.08891419901027,15,-10.0,median_snr_below_threshold,symlinked
train,HFocusing_5_10_10um_0_634.npy,P0/data/dataset_particles2SNR_c1/train/10um/HFocusing_5_10_10um_0_634.npy,P0/data/particles2SNR_4_class_lim10/train/unclear/HFocusing_5_10_10um_0_634.npy,10um,unclear,-13.182835910571377,-13.006264207254455,-15.534150982003887,-8.613779134224977,12,-10.0,median_snr_below_threshold,symlinked
train,HFocusing_5_10_10um_0_635.npy,P0/data/dataset_particles2SNR_c1/train/10um/HFocusing_5_10_10um_0_635.npy,P0/data/particles2SNR_4_class_lim10/train/unclear/HFocusing_5_10_10um_0_635.npy,10um,unclear,-12.0986990226797,-11.033164122218897,-13.02248032622238,-3.0498794437425696,8,-10.0,median_snr_below_threshold,symlinked
train,HFocusing_5_10_10um_0_638.npy,P0/data/dataset_particles2SNR_c1/train/10um/HFocusing_5_10_10um_0_638.npy,P0/data/particles2SNR_4_class_lim10/train/unclear/HFocusing_5_10_10um_0_638.npy,10um,unclear,-11.765883013674632,-12.830135022619356,-17.855941979279887,-9.647533585729072,11,-10.0,median_snr_below_threshold,symlinked
train,HFocusing_5_10_10um_0_639.npy,P0/data/dataset_particles2SNR_c1/train/10um/HFocusing_5_10_10um_0_639.npy,P0/data/particles2SNR_4_class_lim10/train/unclear/HFocusing_5_10_10um_0_639.npy,10um,unclear,-12.880795465055106,-11.95376099087254,-19.54837453727197,8.856603479129506,15,-10.0,median_snr_below_threshold,symlinked
train,HFocusing_5_10_10um_0_641.npy,P0/data/dataset_particles2SNR_c1/train/10um/HFocusing_5_10_10um_0_641.npy,P0/data/particles2SNR_4_class_lim10/train/unclear/HFocusing_5_10_10um_0_641.npy,10um,unclear,-13.789237116239583,-13.789237116239583,-15.71459338497143,-11.863880847507735,2,-10.0,median_snr_below_threshold,symlinked
train,HFocusing_5_10_10um_0_645.npy,P0/data/dataset_particles2SNR_c1/train/10um/HFocusing_5_10_10um_0_645.npy,P0/data/particles2SNR_4_class_lim10/train/unclear/HFocusing_5_10_10um_0_645.npy,10um,unclear,-12.344799904957776,-10.281181186708803,-16.838553954147613,7.200865757608616,8,-10.0,median_snr_below_threshold,symlinked
train,HFocusing_5_10_10um_0_647.npy,P0/data/dataset_particles2SNR_c1/train/10um/HFocusing_5_10_10um_0_647.npy,P0/data/particles2SNR_4_class_lim10/train/unclear/HFocusing_5_10_10um_0_647.npy,10um,unclear,-14.290617985924758,-14.227465046005287,-15.897298247218059,-12.84592998899016,5,-10.0,median_snr_below_threshold,symlinked
train,HFocusing_5_10_10um_0_648.npy,P0/data/dataset_particles2SNR_c1/train/10um/HFocusing_5_10_10um_0_648.npy,P0/data/particles2SNR_4_class_lim10/train/10um/HFocusing_5_10_10um_0_648.npy,10um,10um,5.490565427138272,6.536113023186127,-2.887663029866899,18.703499492782598,7,-10.0,median_snr_at_or_above_threshold,symlinked
train,HFocusing_5_10_10um_0_650.npy,P0/data/dataset_particles2SNR_c1/train/10um/HFocusing_5_10_10um_0_650.npy,P0/data/particles2SNR_4_class_lim10/train/unclear/HFocusing_5_10_10um_0_650.npy,10um,unclear,-12.620066734227038,-11.571290022224133,-16.52520846341254,3.366283381998756,15,-10.0,median_snr_below_threshold,symlinked
train,HFocusing_5_10_10um_0_653.npy,P0/data/dataset_particles2SNR_c1/train/10um/HFocusing_5_10_10um_0_653.npy,P0/data/particles2SNR_4_class_lim10/train/10um/HFocusing_5_10_10um_0_653.npy,10um,10um,-5.930456006361887,-6.166654618701711,-14.874540749520577,0.5974556230639039,6,-10.0,median_snr_at_or_above_threshold,symlinked
train,HFocusing_5_10_10um_0_656.npy,P0/data/dataset_particles2SNR_c1/train/10um/HFocusing_5_10_10um_0_656.npy,P0/data/particles2SNR_4_class_lim10/train/unclear/HFocusing_5_10_10um_0_656.npy,10um,unclear,-12.850948431194984,-10.187448204622372,-15.798173779131165,6.129763103410058,7,-10.0,median_snr_below_threshold,symlinked
train,HFocusing_5_10_10um_0_658.npy,P0/data/dataset_particles2SNR_c1/train/10um/HFocusing_5_10_10um_0_658.npy,P0/data/particles2SNR_4_class_lim10/train/unclear/HFocusing_5_10_10um_0_658.npy,10um,unclear,-12.268924481568083,-10.170123584297853,-16.00464901512783,5.3365304727512,6,-10.0,median_snr_below_threshold,symlinked
train,HFocusing_5_10_10um_0_66.npy,P0/data/dataset_particles2SNR_c1/train/10um/HFocusing_5_10_10um_0_66.npy,P0/data/particles2SNR_4_class_lim10/train/unclear/HFocusing_5_10_10um_0_66.npy,10um,unclear,-11.171525751110945,-9.947480163755259,-15.12191531016137,8.479676185721347,12,-10.0,median_snr_below_threshold,symlinked
train,HFocusing_5_10_10um_0_660.npy,P0/data/dataset_particles2SNR_c1/train/10um/HFocusing_5_10_10um_0_660.npy,P0/data/particles2SNR_4_class_lim10/train/unclear/HFocusing_5_10_10um_0_660.npy,10um,unclear,-13.456611685783011,-13.456611685783011,-15.129186443905905,-11.784036927660118,2,-10.0,median_snr_below_threshold,symlinked
train,HFocusing_5_10_10um_0_663.npy,P0/data/dataset_particles2SNR_c1/train/10um/HFocusing_5_10_10um_0_663.npy,P0/data/particles2SNR_4_class_lim10/train/10um/HFocusing_5_10_10um_0_663.npy,10um,10um,1.7978984692166713,4.047030198679827,-4.419146987898234,20.6273503651059,10,-10.0,median_snr_at_or_above_threshold,symlinked
train,HFocusing_5_10_10um_0_665.npy,P0/data/dataset_particles2SNR_c1/train/10um/HFocusing_5_10_10um_0_665.npy,P0/data/particles2SNR_4_class_lim10/train/10um/HFocusing_5_10_10um_0_665.npy,10um,10um,-0.7498907896346967,-0.7640891225717129,-4.786818136125274,3.2302432251078157,4,-10.0,median_snr_at_or_above_threshold,symlinked
train,HFocusing_5_10_10um_0_666.npy,P0/data/dataset_particles2SNR_c1/train/10um/HFocusing_5_10_10um_0_666.npy,P0/data/particles2SNR_4_class_lim10/train/10um/HFocusing_5_10_10um_0_666.npy,10um,10um,-0.47997256986883163,0.4101418389074887,-14.378786703432773,12.336373968042164,8,-10.0,median_snr_at_or_above_threshold,symlinked
train,HFocusing_5_10_10um_0_669.npy,P0/data/dataset_particles2SNR_c1/train/10um/HFocusing_5_10_10um_0_669.npy,P0/data/particles2SNR_4_class_lim10/train/10um/HFocusing_5_10_10um_0_669.npy,10um,10um,0.11366521451248435,1.3346974235765126,-7.62746545090864,12.738924716189722,4,-10.0,median_snr_at_or_above_threshold,symlinked
train,HFocusing_5_10_10um_0_672.npy,P0/data/dataset_particles2SNR_c1/train/10um/HFocusing_5_10_10um_0_672.npy,P0/data/particles2SNR_4_class_lim10/train/unclear/HFocusing_5_10_10um_0_672.npy,10um,unclear,-11.242422029801165,-12.894290821239222,-17.522753712860943,-9.871798814493296,7,-10.0,median_snr_below_threshold,symlinked
train,HFocusing_5_10_10um_0_673.npy,P0/data/dataset_particles2SNR_c1/train/10um/HFocusing_5_10_10um_0_673.npy,P0/data/particles2SNR_4_class_lim10/train/10um/HFocusing_5_10_10um_0_673.npy,10um,10um,-7.8316689595113544,-4.439864646622372,-12.035411982142769,18.48778276160244,6,-10.0,median_snr_at_or_above_threshold,symlinked
train,HFocusing_5_10_10um_0_676.npy,P0/data/dataset_particles2SNR_c1/train/10um/HFocusing_5_10_10um_0_676.npy,P0/data/particles2SNR_4_class_lim10/train/unclear/HFocusing_5_10_10um_0_676.npy,10um,unclear,-12.189676972442005,-12.121412883872962,-16.213385788808292,-8.322523712019725,8,-10.0,median_snr_below_threshold,symlinked
train,HFocusing_5_10_10um_0_68.npy,P0/data/dataset_particles2SNR_c1/train/10um/HFocusing_5_10_10um_0_68.npy,P0/data/particles2SNR_4_class_lim10/train/unclear/HFocusing_5_10_10um_0_68.npy,10um,unclear,-11.611958762382425,-11.862325961179845,-15.677521537419217,-8.505449346216958,16,-10.0,median_snr_below_threshold,symlinked
train,HFocusing_5_10_10um_0_680.npy,P0/data/dataset_particles2SNR_c1/train/10um/HFocusing_5_10_10um_0_680.npy,P0/data/particles2SNR_4_class_lim10/train/unclear/HFocusing_5_10_10um_0_680.npy,10um,unclear,-12.048263559164274,-10.653431476566102,-15.139171523808905,1.5876397768849744,7,-10.0,median_snr_below_threshold,symlinked
train,HFocusing_5_10_10um_0_683.npy,P0/data/dataset_particles2SNR_c1/train/10um/HFocusing_5_10_10um_0_683.npy,P0/data/particles2SNR_4_class_lim10/train/unclear/HFocusing_5_10_10um_0_683.npy,10um,unclear,-12.419835446806049,-9.282437825587612,-15.022385877819023,10.582344509469666,15,-10.0,median_snr_below_threshold,symlinked
train,HFocusing_5_10_10um_0_685.npy,P0/data/dataset_particles2SNR_c1/train/10um/HFocusing_5_10_10um_0_685.npy,P0/data/particles2SNR_4_class_lim10/train/10um/HFocusing_5_10_10um_0_685.npy,10um,10um,-9.837244916202373,-9.96380890125092,-10.864809268141865,-9.189372519408522,3,-10.0,median_snr_at_or_above_threshold,symlinked
train,HFocusing_5_10_10um_0_686.npy,P0/data/dataset_particles2SNR_c1/train/10um/HFocusing_5_10_10um_0_686.npy,P0/data/particles2SNR_4_class_lim10/train/10um/HFocusing_5_10_10um_0_686.npy,10um,10um,-9.558108174316368,-2.2231343568971007,-12.71269230483539,15.601397408460457,3,-10.0,median_snr_at_or_above_threshold,symlinked
train,HFocusing_5_10_10um_0_69.npy,P0/data/dataset_particles2SNR_c1/train/10um/HFocusing_5_10_10um_0_69.npy,P0/data/particles2SNR_4_class_lim10/train/unclear/HFocusing_5_10_10um_0_69.npy,10um,unclear,-13.951393043643701,-12.135413946620767,-18.69308264658286,10.201778405167172,15,-10.0,median_snr_below_threshold,symlinked
train,HFocusing_5_10_10um_0_695.npy,P0/data/dataset_particles2SNR_c1/train/10um/HFocusing_5_10_10um_0_695.npy,P0/data/particles2SNR_4_class_lim10/train/10um/HFocusing_5_10_10um_0_695.npy,10um,10um,-9.306799652228973,-4.584070275195386,-11.500780164846397,12.629915734290837,9,-10.0,median_snr_at_or_above_threshold,symlinked
train,HFocusing_5_10_10um_0_701.npy,P0/data/dataset_particles2SNR_c1/train/10um/HFocusing_5_10_10um_0_701.npy,P0/data/particles2SNR_4_class_lim10/train/10um/HFocusing_5_10_10um_0_701.npy,10um,10um,-8.185073697505894,-6.321842538605871,-12.251478222995328,6.133659334002816,8,-10.0,median_snr_at_or_above_threshold,symlinked
train,HFocusing_5_10_10um_0_704.npy,P0/data/dataset_particles2SNR_c1/train/10um/HFocusing_5_10_10um_0_704.npy,P0/data/particles2SNR_4_class_lim10/train/unclear/HFocusing_5_10_10um_0_704.npy,10um,unclear,-12.330151564168103,-11.297411925403143,-18.11597440535127,3.426634052395748,14,-10.0,median_snr_below_threshold,symlinked
train,HFocusing_5_10_10um_0_707.npy,P0/data/dataset_particles2SNR_c1/train/10um/HFocusing_5_10_10um_0_707.npy,P0/data/particles2SNR_4_class_lim10/train/10um/HFocusing_5_10_10um_0_707.npy,10um,10um,-3.222281324659569,0.24575446698723788,-9.002891280911932,23.215993071981984,7,-10.0,median_snr_at_or_above_threshold,symlinked
train,HFocusing_5_10_10um_0_710.npy,P0/data/dataset_particles2SNR_c1/train/10um/HFocusing_5_10_10um_0_710.npy,P0/data/particles2SNR_4_class_lim10/train/10um/HFocusing_5_10_10um_0_710.npy,10um,10um,-0.5058750892371796,-3.851646241932232,-15.825216618071014,4.564185708942247,5,-10.0,median_snr_at_or_above_threshold,symlinked
train,HFocusing_5_10_10um_0_713.npy,P0/data/dataset_particles2SNR_c1/train/10um/HFocusing_5_10_10um_0_713.npy,P0/data/particles2SNR_4_class_lim10/train/10um/HFocusing_5_10_10um_0_713.npy,10um,10um,-9.235412393560111,-10.422548693267396,-15.268612411881417,-7.950757574067953,4,-10.0,median_snr_at_or_above_threshold,symlinked
train,HFocusing_5_10_10um_0_714.npy,P0/data/dataset_particles2SNR_c1/train/10um/HFocusing_5_10_10um_0_714.npy,P0/data/particles2SNR_4_class_lim10/train/10um/HFocusing_5_10_10um_0_714.npy,10um,10um,-3.5228425948772157,-3.0120212261197477,-12.879539516174404,9.28289292068787,6,-10.0,median_snr_at_or_above_threshold,symlinked
train,HFocusing_5_10_10um_0_718.npy,P0/data/dataset_particles2SNR_c1/train/10um/HFocusing_5_10_10um_0_718.npy,P0/data/particles2SNR_4_class_lim10/train/10um/HFocusing_5_10_10um_0_718.npy,10um,10um,-1.160868679357979,-2.3729615766435925,-11.98533717485879,8.980623083106599,5,-10.0,median_snr_at_or_above_threshold,symlinked
train,HFocusing_5_10_10um_0_72.npy,P0/data/dataset_particles2SNR_c1/train/10um/HFocusing_5_10_10um_0_72.npy,P0/data/particles2SNR_4_class_lim10/train/unclear/HFocusing_5_10_10um_0_72.npy,10um,unclear,-12.599209750831445,-12.405514755300555,-14.203732171765024,-10.696305189923919,5,-10.0,median_snr_below_threshold,symlinked
train,HFocusing_5_10_10um_0_721.npy,P0/data/dataset_particles2SNR_c1/train/10um/HFocusing_5_10_10um_0_721.npy,P0/data/particles2SNR_4_class_lim10/train/10um/HFocusing_5_10_10um_0_721.npy,10um,10um,-5.609145131987516,-7.395174241684698,-12.97143985110041,-4.091480482550799,5,-10.0,median_snr_at_or_above_threshold,symlinked
train,HFocusing_5_10_10um_0_722.npy,P0/data/dataset_particles2SNR_c1/train/10um/HFocusing_5_10_10um_0_722.npy,P0/data/particles2SNR_4_class_lim10/train/10um/HFocusing_5_10_10um_0_722.npy,10um,10um,1.359408845633904,1.359408845633904,-7.774168646139565,10.492986337407373,2,-10.0,median_snr_at_or_above_threshold,symlinked
train,HFocusing_5_10_10um_0_725.npy,P0/data/dataset_particles2SNR_c1/train/10um/HFocusing_5_10_10um_0_725.npy,P0/data/particles2SNR_4_class_lim10/train/unclear/HFocusing_5_10_10um_0_725.npy,10um,unclear,-12.685992570976422,-11.838742483339411,-17.85789515564483,7.10479928276261,12,-10.0,median_snr_below_threshold,symlinked
train,HFocusing_5_10_10um_0_728.npy,P0/data/dataset_particles2SNR_c1/train/10um/HFocusing_5_10_10um_0_728.npy,P0/data/particles2SNR_4_class_lim10/train/10um/HFocusing_5_10_10um_0_728.npy,10um,10um,2.3931973930931028,3.340587343099975,-4.379505893693413,21.5845895754833,10,-10.0,median_snr_at_or_above_threshold,symlinked
train,HFocusing_5_10_10um_0_731.npy,P0/data/dataset_particles2SNR_c1/train/10um/HFocusing_5_10_10um_0_731.npy,P0/data/particles2SNR_4_class_lim10/train/10um/HFocusing_5_10_10um_0_731.npy,10um,10um,-7.3049594470114565,-4.951548150510801,-10.998099607915364,14.89645201543568,7,-10.0,median_snr_at_or_above_threshold,symlinked
train,HFocusing_5_10_10um_0_734.npy,P0/data/dataset_particles2SNR_c1/train/10um/HFocusing_5_10_10um_0_734.npy,P0/data/particles2SNR_4_class_lim10/train/10um/HFocusing_5_10_10um_0_734.npy,10um,10um,-7.73561968466451,-2.8113751355788117,-9.100614428422265,11.407631677030832,7,-10.0,median_snr_at_or_above_threshold,symlinked
train,HFocusing_5_10_10um_0_737.npy,P0/data/dataset_particles2SNR_c1/train/10um/HFocusing_5_10_10um_0_737.npy,P0/data/particles2SNR_4_class_lim10/train/10um/HFocusing_5_10_10um_0_737.npy,10um,10um,4.424611498129604,4.424611498129604,4.424611498129604,4.424611498129604,1,-10.0,median_snr_at_or_above_threshold,symlinked
train,HFocusing_5_10_10um_0_740.npy,P0/data/dataset_particles2SNR_c1/train/10um/HFocusing_5_10_10um_0_740.npy,P0/data/particles2SNR_4_class_lim10/train/10um/HFocusing_5_10_10um_0_740.npy,10um,10um,-1.4767020256532963,-1.7067473558147601,-4.071203214092657,0.8292369390286298,6,-10.0,median_snr_at_or_above_threshold,symlinked
train,HFocusing_5_10_10um_0_741.npy,P0/data/dataset_particles2SNR_c1/train/10um/HFocusing_5_10_10um_0_741.npy,P0/data/particles2SNR_4_class_lim10/train/10um/HFocusing_5_10_10um_0_741.npy,10um,10um,-6.10545288946078,-5.433730923556415,-13.722996517292486,6.423921611710451,6,-10.0,median_snr_at_or_above_threshold,symlinked
train,HFocusing_5_10_10um_0_744.npy,P0/data/dataset_particles2SNR_c1/train/10um/HFocusing_5_10_10um_0_744.npy,P0/data/particles2SNR_4_class_lim10/train/10um/HFocusing_5_10_10um_0_744.npy,10um,10um,-8.318868188754156,-8.621938024020341,-12.24160550957918,-3.9317103534385773,10,-10.0,median_snr_at_or_above_threshold,symlinked
train,HFocusing_5_10_10um_0_745.npy,P0/data/dataset_particles2SNR_c1/train/10um/HFocusing_5_10_10um_0_745.npy,P0/data/particles2SNR_4_class_lim10/train/unclear/HFocusing_5_10_10um_0_745.npy,10um,unclear,-10.375714014727142,-10.21674682193147,-14.861192662650158,-4.680932528980426,7,-10.0,median_snr_below_threshold,symlinked
train,HFocusing_5_10_10um_0_748.npy,P0/data/dataset_particles2SNR_c1/train/10um/HFocusing_5_10_10um_0_748.npy,P0/data/particles2SNR_4_class_lim10/train/unclear/HFocusing_5_10_10um_0_748.npy,10um,unclear,-12.735011893815859,-12.1193657399874,-14.31407162817929,-8.815573540356965,11,-10.0,median_snr_below_threshold,symlinked
train,HFocusing_5_10_10um_0_749.npy,P0/data/dataset_particles2SNR_c1/train/10um/HFocusing_5_10_10um_0_749.npy,P0/data/particles2SNR_4_class_lim10/train/10um/HFocusing_5_10_10um_0_749.npy,10um,10um,-6.901352458757289,-6.7155822117033335,-9.088625251467432,-4.030929698638353,7,-10.0,median_snr_at_or_above_threshold,symlinked
train,HFocusing_5_10_10um_0_75.npy,P0/data/dataset_particles2SNR_c1/train/10um/HFocusing_5_10_10um_0_75.npy,P0/data/particles2SNR_4_class_lim10/train/unclear/HFocusing_5_10_10um_0_75.npy,10um,unclear,-12.209597124580434,-12.633035423040164,-14.091622892192353,-11.597886252347704,3,-10.0,median_snr_below_threshold,symlinked
train,HFocusing_5_10_10um_0_753.npy,P0/data/dataset_particles2SNR_c1/train/10um/HFocusing_5_10_10um_0_753.npy,P0/data/particles2SNR_4_class_lim10/train/10um/HFocusing_5_10_10um_0_753.npy,10um,10um,0.8327770664209686,2.421946840575539,-5.3722439212132445,18.61806928283939,8,-10.0,median_snr_at_or_above_threshold,symlinked
train,HFocusing_5_10_10um_0_756.npy,P0/data/dataset_particles2SNR_c1/train/10um/HFocusing_5_10_10um_0_756.npy,P0/data/particles2SNR_4_class_lim10/train/10um/HFocusing_5_10_10um_0_756.npy,10um,10um,-8.858560282929052,-8.141443809960187,-10.743347229333724,-3.9220145122722254,9,-10.0,median_snr_at_or_above_threshold,symlinked
train,HFocusing_5_10_10um_0_76.npy,P0/data/dataset_particles2SNR_c1/train/10um/HFocusing_5_10_10um_0_76.npy,P0/data/particles2SNR_4_class_lim10/train/10um/HFocusing_5_10_10um_0_76.npy,10um,10um,0.4788801151348749,1.240694987487143,-5.893631156653257,10.442744828315861,6,-10.0,median_snr_at_or_above_threshold,symlinked
train,HFocusing_5_10_10um_0_761.npy,P0/data/dataset_particles2SNR_c1/train/10um/HFocusing_5_10_10um_0_761.npy,P0/data/particles2SNR_4_class_lim10/train/10um/HFocusing_5_10_10um_0_761.npy,10um,10um,7.443371637677823,3.632583031585046,-10.65385949863823,14.108236955715544,3,-10.0,median_snr_at_or_above_threshold,symlinked
train,HFocusing_5_10_10um_0_765.npy,P0/data/dataset_particles2SNR_c1/train/10um/HFocusing_5_10_10um_0_765.npy,P0/data/particles2SNR_4_class_lim10/train/unclear/HFocusing_5_10_10um_0_765.npy,10um,unclear,-11.205267545875339,-9.432415799941767,-15.033191258555936,7.319151469983494,9,-10.0,median_snr_below_threshold,symlinked
train,HFocusing_5_10_10um_0_768.npy,P0/data/dataset_particles2SNR_c1/train/10um/HFocusing_5_10_10um_0_768.npy,P0/data/particles2SNR_4_class_lim10/train/10um/HFocusing_5_10_10um_0_768.npy,10um,10um,-7.867223027575539,-7.907364995246146,-12.223357188467972,-4.655406378014356,11,-10.0,median_snr_at_or_above_threshold,symlinked
train,HFocusing_5_10_10um_0_769.npy,P0/data/dataset_particles2SNR_c1/train/10um/HFocusing_5_10_10um_0_769.npy,P0/data/particles2SNR_4_class_lim10/train/10um/HFocusing_5_10_10um_0_769.npy,10um,10um,-6.507491278649395,-1.766197900153578,-11.003437635935523,30.49575963927472,7,-10.0,median_snr_at_or_above_threshold,symlinked
train,HFocusing_5_10_10um_0_772.npy,P0/data/dataset_particles2SNR_c1/train/10um/HFocusing_5_10_10um_0_772.npy,P0/data/particles2SNR_4_class_lim10/train/10um/HFocusing_5_10_10um_0_772.npy,10um,10um,9.936249727478687,12.034873954347708,0.9490045902488452,26.933377136394746,7,-10.0,median_snr_at_or_above_threshold,symlinked
train,HFocusing_5_10_10um_0_778.npy,P0/data/dataset_particles2SNR_c1/train/10um/HFocusing_5_10_10um_0_778.npy,P0/data/particles2SNR_4_class_lim10/train/10um/HFocusing_5_10_10um_0_778.npy,10um,10um,-9.36364258797855,-7.996127560656595,-11.806385455970712,1.1511898203004247,7,-10.0,median_snr_at_or_above_threshold,symlinked
train,HFocusing_5_10_10um_0_779.npy,P0/data/dataset_particles2SNR_c1/train/10um/HFocusing_5_10_10um_0_779.npy,P0/data/particles2SNR_4_class_lim10/train/10um/HFocusing_5_10_10um_0_779.npy,10um,10um,-9.253467831406182,-6.963242605197195,-18.383973258720804,12.454878993626657,6,-10.0,median_snr_at_or_above_threshold,symlinked
train,HFocusing_5_10_10um_0_782.npy,P0/data/dataset_particles2SNR_c1/train/10um/HFocusing_5_10_10um_0_782.npy,P0/data/particles2SNR_4_class_lim10/train/10um/HFocusing_5_10_10um_0_782.npy,10um,10um,-2.4966855809059263,-0.863731782430827,-10.345651215335305,11.477033803809642,5,-10.0,median_snr_at_or_above_threshold,symlinked
train,HFocusing_5_10_10um_0_785.npy,P0/data/dataset_particles2SNR_c1/train/10um/HFocusing_5_10_10um_0_785.npy,P0/data/particles2SNR_4_class_lim10/train/unclear/HFocusing_5_10_10um_0_785.npy,10um,unclear,-10.854442488074003,-10.182784676856762,-16.233714351371766,5.302685886225338,12,-10.0,median_snr_below_threshold,symlinked
train,HFocusing_5_10_10um_0_79.npy,P0/data/dataset_particles2SNR_c1/train/10um/HFocusing_5_10_10um_0_79.npy,P0/data/particles2SNR_4_class_lim10/train/unclear/HFocusing_5_10_10um_0_79.npy,10um,unclear,-11.407112027273406,-11.39477157957667,-18.149256019195516,5.3168564755383905,12,-10.0,median_snr_below_threshold,symlinked
train,HFocusing_5_10_10um_0_791.npy,P0/data/dataset_particles2SNR_c1/train/10um/HFocusing_5_10_10um_0_791.npy,P0/data/particles2SNR_4_class_lim10/train/unclear/HFocusing_5_10_10um_0_791.npy,10um,unclear,-10.443872686863562,-8.747753327311708,-13.80141431620075,6.16534036038178,8,-10.0,median_snr_below_threshold,symlinked
train,HFocusing_5_10_10um_0_793.npy,P0/data/dataset_particles2SNR_c1/train/10um/HFocusing_5_10_10um_0_793.npy,P0/data/particles2SNR_4_class_lim10/train/unclear/HFocusing_5_10_10um_0_793.npy,10um,unclear,-10.689462369040372,-11.059275526862418,-13.159120477226566,-9.324505132753893,5,-10.0,median_snr_below_threshold,symlinked
train,HFocusing_5_10_10um_0_794.npy,P0/data/dataset_particles2SNR_c1/train/10um/HFocusing_5_10_10um_0_794.npy,P0/data/particles2SNR_4_class_lim10/train/unclear/HFocusing_5_10_10um_0_794.npy,10um,unclear,-12.537014147383186,-8.760055280545979,-14.336257724678745,12.113133113162105,7,-10.0,median_snr_below_threshold,symlinked
train,HFocusing_5_10_10um_0_797.npy,P0/data/dataset_particles2SNR_c1/train/10um/HFocusing_5_10_10um_0_797.npy,P0/data/particles2SNR_4_class_lim10/train/unclear/HFocusing_5_10_10um_0_797.npy,10um,unclear,-12.271304363517672,-10.296264849098858,-16.02960069005936,5.57402960978936,7,-10.0,median_snr_below_threshold,symlinked
train,HFocusing_5_10_10um_0_8.npy,P0/data/dataset_particles2SNR_c1/train/10um/HFocusing_5_10_10um_0_8.npy,P0/data/particles2SNR_4_class_lim10/train/unclear/HFocusing_5_10_10um_0_8.npy,10um,unclear,-11.48896303619874,-10.522784494244707,-18.445847301129092,11.676088419858957,13,-10.0,median_snr_below_threshold,symlinked
train,HFocusing_5_10_10um_0_800.npy,P0/data/dataset_particles2SNR_c1/train/10um/HFocusing_5_10_10um_0_800.npy,P0/data/particles2SNR_4_class_lim10/train/10um/HFocusing_5_10_10um_0_800.npy,10um,10um,-4.76265515759963,-1.0772066374974973,-7.609680413561084,19.00042894269705,7,-10.0,median_snr_at_or_above_threshold,symlinked
train,HFocusing_5_10_10um_0_803.npy,P0/data/dataset_particles2SNR_c1/train/10um/HFocusing_5_10_10um_0_803.npy,P0/data/particles2SNR_4_class_lim10/train/unclear/HFocusing_5_10_10um_0_803.npy,10um,unclear,-10.054262254716317,-8.397162973036027,-12.658799480337795,4.667570589428363,6,-10.0,median_snr_below_threshold,symlinked
train,HFocusing_5_10_10um_0_806.npy,P0/data/dataset_particles2SNR_c1/train/10um/HFocusing_5_10_10um_0_806.npy,P0/data/particles2SNR_4_class_lim10/train/10um/HFocusing_5_10_10um_0_806.npy,10um,10um,-9.631907037904494,-7.606574274721311,-18.542946794319572,16.98877463861119,9,-10.0,median_snr_at_or_above_threshold,symlinked
train,HFocusing_5_10_10um_0_813.npy,P0/data/dataset_particles2SNR_c1/train/10um/HFocusing_5_10_10um_0_813.npy,P0/data/particles2SNR_4_class_lim10/train/unclear/HFocusing_5_10_10um_0_813.npy,10um,unclear,-13.120522218515898,-8.555686746343687,-13.990109701543803,7.7666882028147946,5,-10.0,median_snr_below_threshold,symlinked
train,HFocusing_5_10_10um_0_815.npy,P0/data/dataset_particles2SNR_c1/train/10um/HFocusing_5_10_10um_0_815.npy,P0/data/particles2SNR_4_class_lim10/train/unclear/HFocusing_5_10_10um_0_815.npy,10um,unclear,-12.130145293155367,-12.38258816681335,-16.841035231612288,-8.745513744163679,13,-10.0,median_snr_below_threshold,symlinked
train,HFocusing_5_10_10um_0_816.npy,P0/data/dataset_particles2SNR_c1/train/10um/HFocusing_5_10_10um_0_816.npy,P0/data/particles2SNR_4_class_lim10/train/10um/HFocusing_5_10_10um_0_816.npy,10um,10um,-1.989801435948316,0.7606466558537734,-5.125496673280619,12.147686168592344,4,-10.0,median_snr_at_or_above_threshold,symlinked
train,HFocusing_5_10_10um_0_819.npy,P0/data/dataset_particles2SNR_c1/train/10um/HFocusing_5_10_10um_0_819.npy,P0/data/particles2SNR_4_class_lim10/train/unclear/HFocusing_5_10_10um_0_819.npy,10um,unclear,-11.874429970544844,-8.714993285704537,-12.711974727583844,1.6008615258553862,4,-10.0,median_snr_below_threshold,symlinked
train,HFocusing_5_10_10um_0_82.npy,P0/data/dataset_particles2SNR_c1/train/10um/HFocusing_5_10_10um_0_82.npy,P0/data/particles2SNR_4_class_lim10/train/unclear/HFocusing_5_10_10um_0_82.npy,10um,unclear,-12.710377430659877,-11.542000783624589,-17.10007686365269,7.453121543527683,10,-10.0,median_snr_below_threshold,symlinked
train,HFocusing_5_10_10um_0_823.npy,P0/data/dataset_particles2SNR_c1/train/10um/HFocusing_5_10_10um_0_823.npy,P0/data/particles2SNR_4_class_lim10/train/unclear/HFocusing_5_10_10um_0_823.npy,10um,unclear,-10.35206647877157,-7.061851548033772,-14.02814689127651,7.185362452124222,8,-10.0,median_snr_below_threshold,symlinked
train,HFocusing_5_10_10um_0_827.npy,P0/data/dataset_particles2SNR_c1/train/10um/HFocusing_5_10_10um_0_827.npy,P0/data/particles2SNR_4_class_lim10/train/unclear/HFocusing_5_10_10um_0_827.npy,10um,unclear,-12.165789117624504,-10.689541928047877,-16.011021514485794,2.7334122185840433,13,-10.0,median_snr_below_threshold,symlinked
train,HFocusing_5_10_10um_0_830.npy,P0/data/dataset_particles2SNR_c1/train/10um/HFocusing_5_10_10um_0_830.npy,P0/data/particles2SNR_4_class_lim10/train/10um/HFocusing_5_10_10um_0_830.npy,10um,10um,11.343739298700449,13.17844688808483,-1.1711167253209807,34.166171235733046,5,-10.0,median_snr_at_or_above_threshold,symlinked
train,HFocusing_5_10_10um_0_832.npy,P0/data/dataset_particles2SNR_c1/train/10um/HFocusing_5_10_10um_0_832.npy,P0/data/particles2SNR_4_class_lim10/train/unclear/HFocusing_5_10_10um_0_832.npy,10um,unclear,-12.865229512591437,-12.865229512591437,-13.007883476349695,-12.722575548833177,2,-10.0,median_snr_below_threshold,symlinked
train,HFocusing_5_10_10um_0_833.npy,P0/data/dataset_particles2SNR_c1/train/10um/HFocusing_5_10_10um_0_833.npy,P0/data/particles2SNR_4_class_lim10/train/10um/HFocusing_5_10_10um_0_833.npy,10um,10um,2.527995786830852,5.628468295416219,-2.116713071255853,24.325726189620312,6,-10.0,median_snr_at_or_above_threshold,symlinked
train,HFocusing_5_10_10um_0_837.npy,P0/data/dataset_particles2SNR_c1/train/10um/HFocusing_5_10_10um_0_837.npy,P0/data/particles2SNR_4_class_lim10/train/10um/HFocusing_5_10_10um_0_837.npy,10um,10um,-1.9710787125620828,-0.8114615168166885,-6.73956112379876,7.435872481656171,4,-10.0,median_snr_at_or_above_threshold,symlinked
train,HFocusing_5_10_10um_0_840.npy,P0/data/dataset_particles2SNR_c1/train/10um/HFocusing_5_10_10um_0_840.npy,P0/data/particles2SNR_4_class_lim10/train/unclear/HFocusing_5_10_10um_0_840.npy,10um,unclear,-12.444193302121016,-11.402821719032275,-18.4798014185897,2.9727840977617115,11,-10.0,median_snr_below_threshold,symlinked
train,HFocusing_5_10_10um_0_843.npy,P0/data/dataset_particles2SNR_c1/train/10um/HFocusing_5_10_10um_0_843.npy,P0/data/particles2SNR_4_class_lim10/train/unclear/HFocusing_5_10_10um_0_843.npy,10um,unclear,-12.490224221250944,-8.843776808412844,-15.427177374151368,7.261027788121889,5,-10.0,median_snr_below_threshold,symlinked
train,HFocusing_5_10_10um_0_846.npy,P0/data/dataset_particles2SNR_c1/train/10um/HFocusing_5_10_10um_0_846.npy,P0/data/particles2SNR_4_class_lim10/train/unclear/HFocusing_5_10_10um_0_846.npy,10um,unclear,-12.801071803148254,-12.837757292456496,-14.860517298956303,-10.503075701146567,11,-10.0,median_snr_below_threshold,symlinked
train,HFocusing_5_10_10um_0_850.npy,P0/data/dataset_particles2SNR_c1/train/10um/HFocusing_5_10_10um_0_850.npy,P0/data/particles2SNR_4_class_lim10/train/unclear/HFocusing_5_10_10um_0_850.npy,10um,unclear,-11.898467333508991,-9.65234904603984,-15.01229619003629,11.327280991224406,10,-10.0,median_snr_below_threshold,symlinked
train,HFocusing_5_10_10um_0_853.npy,P0/data/dataset_particles2SNR_c1/train/10um/HFocusing_5_10_10um_0_853.npy,P0/data/particles2SNR_4_class_lim10/train/10um/HFocusing_5_10_10um_0_853.npy,10um,10um,-6.705631708192358,-1.6882385099956503,-15.059578439703357,14.70270072590868,8,-10.0,median_snr_at_or_above_threshold,symlinked
train,HFocusing_5_10_10um_0_857.npy,P0/data/dataset_particles2SNR_c1/train/10um/HFocusing_5_10_10um_0_857.npy,P0/data/particles2SNR_4_class_lim10/train/unclear/HFocusing_5_10_10um_0_857.npy,10um,unclear,-10.049408741442228,-8.790184232717115,-15.767851693796679,11.056082812102186,9,-10.0,median_snr_below_threshold,symlinked
train,HFocusing_5_10_10um_0_860.npy,P0/data/dataset_particles2SNR_c1/train/10um/HFocusing_5_10_10um_0_860.npy,P0/data/particles2SNR_4_class_lim10/train/unclear/HFocusing_5_10_10um_0_860.npy,10um,unclear,-10.681233851429807,-9.250591309258233,-15.070056732930453,10.854085137137679,12,-10.0,median_snr_below_threshold,symlinked
train,HFocusing_5_10_10um_0_863.npy,P0/data/dataset_particles2SNR_c1/train/10um/HFocusing_5_10_10um_0_863.npy,P0/data/particles2SNR_4_class_lim10/train/unclear/HFocusing_5_10_10um_0_863.npy,10um,unclear,-11.53537979942,-9.738311329712783,-18.4957790313505,8.561635950124383,11,-10.0,median_snr_below_threshold,symlinked
train,HFocusing_5_10_10um_0_866.npy,P0/data/dataset_particles2SNR_c1/train/10um/HFocusing_5_10_10um_0_866.npy,P0/data/particles2SNR_4_class_lim10/train/unclear/HFocusing_5_10_10um_0_866.npy,10um,unclear,-11.957893638270644,-11.934061144924442,-15.195596478320766,-7.317906954189396,19,-10.0,median_snr_below_threshold,symlinked
train,HFocusing_5_10_10um_0_867.npy,P0/data/dataset_particles2SNR_c1/train/10um/HFocusing_5_10_10um_0_867.npy,P0/data/particles2SNR_4_class_lim10/train/unclear/HFocusing_5_10_10um_0_867.npy,10um,unclear,-11.70275512072907,-7.6031900995116635,-14.78968697793686,3.9553781412660802,8,-10.0,median_snr_below_threshold,symlinked
train,HFocusing_5_10_10um_0_879.npy,P0/data/dataset_particles2SNR_c1/train/10um/HFocusing_5_10_10um_0_879.npy,P0/data/particles2SNR_4_class_lim10/train/unclear/HFocusing_5_10_10um_0_879.npy,10um,unclear,-12.339484830966406,-8.088244960049163,-13.095558281619526,6.731310494551533,5,-10.0,median_snr_below_threshold,symlinked
train,HFocusing_5_10_10um_0_882.npy,P0/data/dataset_particles2SNR_c1/train/10um/HFocusing_5_10_10um_0_882.npy,P0/data/particles2SNR_4_class_lim10/train/10um/HFocusing_5_10_10um_0_882.npy,10um,10um,-9.439786623441336,-9.033514708180212,-13.165389977667786,0.9221855471734802,7,-10.0,median_snr_at_or_above_threshold,symlinked
train,HFocusing_5_10_10um_0_885.npy,P0/data/dataset_particles2SNR_c1/train/10um/HFocusing_5_10_10um_0_885.npy,P0/data/particles2SNR_4_class_lim10/train/10um/HFocusing_5_10_10um_0_885.npy,10um,10um,-3.8040973111047247,-2.4319829313043098,-9.694406868906286,15.538601454344402,13,-10.0,median_snr_at_or_above_threshold,symlinked
train,HFocusing_5_10_10um_0_895.npy,P0/data/dataset_particles2SNR_c1/train/10um/HFocusing_5_10_10um_0_895.npy,P0/data/particles2SNR_4_class_lim10/train/10um/HFocusing_5_10_10um_0_895.npy,10um,10um,2.9314404435420114,1.6909119654048899,-10.770192898577617,12.911488351250275,3,-10.0,median_snr_at_or_above_threshold,symlinked
train,HFocusing_5_10_10um_0_898.npy,P0/data/dataset_particles2SNR_c1/train/10um/HFocusing_5_10_10um_0_898.npy,P0/data/particles2SNR_4_class_lim10/train/10um/HFocusing_5_10_10um_0_898.npy,10um,10um,-3.1476446338324955,-3.224505046482479,-9.191997914495875,3.0731819344465254,12,-10.0,median_snr_at_or_above_threshold,symlinked
train,HFocusing_5_10_10um_0_899.npy,P0/data/dataset_particles2SNR_c1/train/10um/HFocusing_5_10_10um_0_899.npy,P0/data/particles2SNR_4_class_lim10/train/unclear/HFocusing_5_10_10um_0_899.npy,10um,unclear,-12.971998721288191,-10.340849522138951,-19.63191994013494,10.2285171054068,12,-10.0,median_snr_below_threshold,symlinked
train,HFocusing_5_10_10um_0_90.npy,P0/data/dataset_particles2SNR_c1/train/10um/HFocusing_5_10_10um_0_90.npy,P0/data/particles2SNR_4_class_lim10/train/10um/HFocusing_5_10_10um_0_90.npy,10um,10um,17.002370294748207,17.00803807976567,15.202171583489186,18.81957236105961,3,-10.0,median_snr_at_or_above_threshold,symlinked
train,HFocusing_5_10_10um_0_905.npy,P0/data/dataset_particles2SNR_c1/train/10um/HFocusing_5_10_10um_0_905.npy,P0/data/particles2SNR_4_class_lim10/train/unclear/HFocusing_5_10_10um_0_905.npy,10um,unclear,-10.763821481487124,-9.91669408798103,-17.820354634008496,2.0479620925743234,7,-10.0,median_snr_below_threshold,symlinked
train,HFocusing_5_10_10um_0_908.npy,P0/data/dataset_particles2SNR_c1/train/10um/HFocusing_5_10_10um_0_908.npy,P0/data/particles2SNR_4_class_lim10/train/unclear/HFocusing_5_10_10um_0_908.npy,10um,unclear,-10.140014878425571,-10.316020366864986,-13.948765880249802,-7.566153485354379,7,-10.0,median_snr_below_threshold,symlinked
train,HFocusing_5_10_10um_0_909.npy,P0/data/dataset_particles2SNR_c1/train/10um/HFocusing_5_10_10um_0_909.npy,P0/data/particles2SNR_4_class_lim10/train/10um/HFocusing_5_10_10um_0_909.npy,10um,10um,-8.04285705129636,-5.950695980070761,-12.02706158955878,10.804033132747826,8,-10.0,median_snr_at_or_above_threshold,symlinked
train,HFocusing_5_10_10um_0_912.npy,P0/data/dataset_particles2SNR_c1/train/10um/HFocusing_5_10_10um_0_912.npy,P0/data/particles2SNR_4_class_lim10/train/unclear/HFocusing_5_10_10um_0_912.npy,10um,unclear,-12.227138654972451,-12.364404066685651,-14.428536009588665,-10.794566193395683,6,-10.0,median_snr_below_threshold,symlinked
train,HFocusing_5_10_10um_0_913.npy,P0/data/dataset_particles2SNR_c1/train/10um/HFocusing_5_10_10um_0_913.npy,P0/data/particles2SNR_4_class_lim10/train/unclear/HFocusing_5_10_10um_0_913.npy,10um,unclear,-11.661398333898214,-10.97505404166906,-16.167932570694767,3.9715360507191306,9,-10.0,median_snr_below_threshold,symlinked
train,HFocusing_5_10_10um_0_916.npy,P0/data/dataset_particles2SNR_c1/train/10um/HFocusing_5_10_10um_0_916.npy,P0/data/particles2SNR_4_class_lim10/train/unclear/HFocusing_5_10_10um_0_916.npy,10um,unclear,-15.313020774158412,-14.37823679083298,-17.588878453475893,-8.800646068724127,9,-10.0,median_snr_below_threshold,symlinked
train,HFocusing_5_10_10um_0_917.npy,P0/data/dataset_particles2SNR_c1/train/10um/HFocusing_5_10_10um_0_917.npy,P0/data/particles2SNR_4_class_lim10/train/10um/HFocusing_5_10_10um_0_917.npy,10um,10um,1.1955575547970874,3.4767254074157514,-1.9800834372974316,16.366605307809145,6,-10.0,median_snr_at_or_above_threshold,symlinked
train,HFocusing_5_10_10um_0_923.npy,P0/data/dataset_particles2SNR_c1/train/10um/HFocusing_5_10_10um_0_923.npy,P0/data/particles2SNR_4_class_lim10/train/unclear/HFocusing_5_10_10um_0_923.npy,10um,unclear,-12.435701835803279,-10.880048177769407,-15.475359898645728,9.416162675910885,13,-10.0,median_snr_below_threshold,symlinked
train,HFocusing_5_10_10um_0_926.npy,P0/data/dataset_particles2SNR_c1/train/10um/HFocusing_5_10_10um_0_926.npy,P0/data/particles2SNR_4_class_lim10/train/unclear/HFocusing_5_10_10um_0_926.npy,10um,unclear,-11.560912497565006,-11.784811463629117,-15.470328529358817,-8.046279798047141,14,-10.0,median_snr_below_threshold,symlinked
train,HFocusing_5_10_10um_0_927.npy,P0/data/dataset_particles2SNR_c1/train/10um/HFocusing_5_10_10um_0_927.npy,P0/data/particles2SNR_4_class_lim10/train/unclear/HFocusing_5_10_10um_0_927.npy,10um,unclear,-11.256609720758119,-8.999525722889622,-15.556288385515165,13.406465133184398,11,-10.0,median_snr_below_threshold,symlinked
train,HFocusing_5_10_10um_0_93.npy,P0/data/dataset_particles2SNR_c1/train/10um/HFocusing_5_10_10um_0_93.npy,P0/data/particles2SNR_4_class_lim10/train/10um/HFocusing_5_10_10um_0_93.npy,10um,10um,1.5816800727350162,-0.4419104066423834,-12.67732052516905,5.122096325832991,7,-10.0,median_snr_at_or_above_threshold,symlinked
train,HFocusing_5_10_10um_0_930.npy,P0/data/dataset_particles2SNR_c1/train/10um/HFocusing_5_10_10um_0_930.npy,P0/data/particles2SNR_4_class_lim10/train/10um/HFocusing_5_10_10um_0_930.npy,10um,10um,-3.1593014493851763,-1.8474023168483296,-10.85492203150511,9.783915662882144,4,-10.0,median_snr_at_or_above_threshold,symlinked
train,HFocusing_5_10_10um_0_932.npy,P0/data/dataset_particles2SNR_c1/train/10um/HFocusing_5_10_10um_0_932.npy,P0/data/particles2SNR_4_class_lim10/train/unclear/HFocusing_5_10_10um_0_932.npy,10um,unclear,-14.029525908988065,-13.575577712270954,-18.380022711234307,-9.774229226467721,11,-10.0,median_snr_below_threshold,symlinked
train,HFocusing_5_10_10um_0_936.npy,P0/data/dataset_particles2SNR_c1/train/10um/HFocusing_5_10_10um_0_936.npy,P0/data/particles2SNR_4_class_lim10/train/10um/HFocusing_5_10_10um_0_936.npy,10um,10um,-0.3956569918269901,-0.3956569918269901,-3.206300667350775,2.4149866836967946,2,-10.0,median_snr_at_or_above_threshold,symlinked
train,HFocusing_5_10_10um_0_939.npy,P0/data/dataset_particles2SNR_c1/train/10um/HFocusing_5_10_10um_0_939.npy,P0/data/particles2SNR_4_class_lim10/train/unclear/HFocusing_5_10_10um_0_939.npy,10um,unclear,-10.767048308583458,-6.953545638296989,-13.902993934379282,8.33499618473868,8,-10.0,median_snr_below_threshold,symlinked
train,HFocusing_5_10_10um_0_942.npy,P0/data/dataset_particles2SNR_c1/train/10um/HFocusing_5_10_10um_0_942.npy,P0/data/particles2SNR_4_class_lim10/train/unclear/HFocusing_5_10_10um_0_942.npy,10um,unclear,-13.306663089629165,-13.906018981143076,-20.23014222374846,-10.834462581642509,11,-10.0,median_snr_below_threshold,symlinked
train,HFocusing_5_10_10um_0_948.npy,P0/data/dataset_particles2SNR_c1/train/10um/HFocusing_5_10_10um_0_948.npy,P0/data/particles2SNR_4_class_lim10/train/unclear/HFocusing_5_10_10um_0_948.npy,10um,unclear,-10.719480092292251,-10.100456035349003,-14.03433787746894,-5.91825860409471,10,-10.0,median_snr_below_threshold,symlinked
train,HFocusing_5_10_10um_0_949.npy,P0/data/dataset_particles2SNR_c1/train/10um/HFocusing_5_10_10um_0_949.npy,P0/data/particles2SNR_4_class_lim10/train/unclear/HFocusing_5_10_10um_0_949.npy,10um,unclear,-13.569202763038305,-11.331268450651974,-16.239467950467017,-2.40927493664215,7,-10.0,median_snr_below_threshold,symlinked
train,HFocusing_5_10_10um_0_952.npy,P0/data/dataset_particles2SNR_c1/train/10um/HFocusing_5_10_10um_0_952.npy,P0/data/particles2SNR_4_class_lim10/train/unclear/HFocusing_5_10_10um_0_952.npy,10um,unclear,-10.244653847532778,-8.068385163512167,-12.526922783937732,4.852733474830174,6,-10.0,median_snr_below_threshold,symlinked
train,HFocusing_5_10_10um_0_955.npy,P0/data/dataset_particles2SNR_c1/train/10um/HFocusing_5_10_10um_0_955.npy,P0/data/particles2SNR_4_class_lim10/train/unclear/HFocusing_5_10_10um_0_955.npy,10um,unclear,-11.78888261721186,-11.862541583011495,-13.719410032441004,-10.222315491295042,8,-10.0,median_snr_below_threshold,symlinked
train,HFocusing_5_10_10um_0_956.npy,P0/data/dataset_particles2SNR_c1/train/10um/HFocusing_5_10_10um_0_956.npy,P0/data/particles2SNR_4_class_lim10/train/unclear/HFocusing_5_10_10um_0_956.npy,10um,unclear,-10.790979356729578,-9.299036231659507,-14.704018053832137,3.0067984946758983,5,-10.0,median_snr_below_threshold,symlinked
train,HFocusing_5_10_10um_0_959.npy,P0/data/dataset_particles2SNR_c1/train/10um/HFocusing_5_10_10um_0_959.npy,P0/data/particles2SNR_4_class_lim10/train/unclear/HFocusing_5_10_10um_0_959.npy,10um,unclear,-13.056232326339163,-10.513086647082323,-14.975537997150447,3.009553286854863,6,-10.0,median_snr_below_threshold,symlinked
train,HFocusing_5_10_10um_0_96.npy,P0/data/dataset_particles2SNR_c1/train/10um/HFocusing_5_10_10um_0_96.npy,P0/data/particles2SNR_4_class_lim10/train/unclear/HFocusing_5_10_10um_0_96.npy,10um,unclear,-13.198764767855014,-12.083596354776544,-14.984170525470411,-7.988465536196574,9,-10.0,median_snr_below_threshold,symlinked
train,HFocusing_5_10_10um_0_961.npy,P0/data/dataset_particles2SNR_c1/train/10um/HFocusing_5_10_10um_0_961.npy,P0/data/particles2SNR_4_class_lim10/train/unclear/HFocusing_5_10_10um_0_961.npy,10um,unclear,-12.462063119332583,-12.197331728042732,-15.703418604065607,-9.357764451800223,6,-10.0,median_snr_below_threshold,symlinked
train,HFocusing_5_10_10um_0_962.npy,P0/data/dataset_particles2SNR_c1/train/10um/HFocusing_5_10_10um_0_962.npy,P0/data/particles2SNR_4_class_lim10/train/unclear/HFocusing_5_10_10um_0_962.npy,10um,unclear,-11.308633427503732,-9.244649314591145,-16.11736353312303,6.0826637165554756,14,-10.0,median_snr_below_threshold,symlinked
train,HFocusing_5_10_10um_0_965.npy,P0/data/dataset_particles2SNR_c1/train/10um/HFocusing_5_10_10um_0_965.npy,P0/data/particles2SNR_4_class_lim10/train/unclear/HFocusing_5_10_10um_0_965.npy,10um,unclear,-12.519804170387939,-12.8491372075904,-15.494393611208121,-10.808932287222559,13,-10.0,median_snr_below_threshold,symlinked
train,HFocusing_5_10_10um_0_969.npy,P0/data/dataset_particles2SNR_c1/train/10um/HFocusing_5_10_10um_0_969.npy,P0/data/particles2SNR_4_class_lim10/train/unclear/HFocusing_5_10_10um_0_969.npy,10um,unclear,-12.132299406152786,-7.521873968723547,-16.2712144742348,8.929913387528627,16,-10.0,median_snr_below_threshold,symlinked
train,HFocusing_5_10_10um_0_97.npy,P0/data/dataset_particles2SNR_c1/train/10um/HFocusing_5_10_10um_0_97.npy,P0/data/particles2SNR_4_class_lim10/train/10um/HFocusing_5_10_10um_0_97.npy,10um,10um,-6.943997704193516,-0.17632990436322724,-8.085386530400335,14.50039452150417,3,-10.0,median_snr_at_or_above_threshold,symlinked
train,HFocusing_5_10_10um_0_972.npy,P0/data/dataset_particles2SNR_c1/train/10um/HFocusing_5_10_10um_0_972.npy,P0/data/particles2SNR_4_class_lim10/train/10um/HFocusing_5_10_10um_0_972.npy,10um,10um,-5.316367904950948,-4.113348825751766,-11.25914353928173,8.811739106773599,10,-10.0,median_snr_at_or_above_threshold,symlinked
train,HFocusing_5_10_10um_0_975.npy,P0/data/dataset_particles2SNR_c1/train/10um/HFocusing_5_10_10um_0_975.npy,P0/data/particles2SNR_4_class_lim10/train/unclear/HFocusing_5_10_10um_0_975.npy,10um,unclear,-12.935733350467629,-11.230530693875387,-18.411748750150164,6.465030163982007,11,-10.0,median_snr_below_threshold,symlinked
train,HFocusing_5_10_10um_0_978.npy,P0/data/dataset_particles2SNR_c1/train/10um/HFocusing_5_10_10um_0_978.npy,P0/data/particles2SNR_4_class_lim10/train/unclear/HFocusing_5_10_10um_0_978.npy,10um,unclear,-12.684722218297662,-12.533937723631592,-16.17389613931213,-9.095504571165753,10,-10.0,median_snr_below_threshold,symlinked
train,HFocusing_5_10_10um_0_979.npy,P0/data/dataset_particles2SNR_c1/train/10um/HFocusing_5_10_10um_0_979.npy,P0/data/particles2SNR_4_class_lim10/train/unclear/HFocusing_5_10_10um_0_979.npy,10um,unclear,-13.518913465604417,-11.822088239048174,-17.31363404763397,5.910211394046425,10,-10.0,median_snr_below_threshold,symlinked
train,HFocusing_5_10_10um_0_982.npy,P0/data/dataset_particles2SNR_c1/train/10um/HFocusing_5_10_10um_0_982.npy,P0/data/particles2SNR_4_class_lim10/train/unclear/HFocusing_5_10_10um_0_982.npy,10um,unclear,-11.546618999199785,-10.457680181664717,-16.56552522910228,8.24689837349846,11,-10.0,median_snr_below_threshold,symlinked
train,HFocusing_5_10_10um_0_985.npy,P0/data/dataset_particles2SNR_c1/train/10um/HFocusing_5_10_10um_0_985.npy,P0/data/particles2SNR_4_class_lim10/train/unclear/HFocusing_5_10_10um_0_985.npy,10um,unclear,-13.111841032911073,-10.441977744207602,-14.842571709985751,8.668694177423648,9,-10.0,median_snr_below_threshold,symlinked
train,HFocusing_5_10_10um_0_988.npy,P0/data/dataset_particles2SNR_c1/train/10um/HFocusing_5_10_10um_0_988.npy,P0/data/particles2SNR_4_class_lim10/train/unclear/HFocusing_5_10_10um_0_988.npy,10um,unclear,-11.337692742526677,-12.121841751274093,-17.39405797972024,1.5600093680765088,11,-10.0,median_snr_below_threshold,symlinked
train,HFocusing_5_10_10um_0_991.npy,P0/data/dataset_particles2SNR_c1/train/10um/HFocusing_5_10_10um_0_991.npy,P0/data/particles2SNR_4_class_lim10/train/unclear/HFocusing_5_10_10um_0_991.npy,10um,unclear,-13.592937693909512,-12.062467293582646,-17.968519527452315,6.330349612621146,13,-10.0,median_snr_below_threshold,symlinked
train,HFocusing_5_10_10um_0_994.npy,P0/data/dataset_particles2SNR_c1/train/10um/HFocusing_5_10_10um_0_994.npy,P0/data/particles2SNR_4_class_lim10/train/unclear/HFocusing_5_10_10um_0_994.npy,10um,unclear,-12.83606096832371,-11.396032870513952,-17.823187674639072,5.798742702643449,8,-10.0,median_snr_below_threshold,symlinked
train,HFocusing_5_10_10um_0_997.npy,P0/data/dataset_particles2SNR_c1/train/10um/HFocusing_5_10_10um_0_997.npy,P0/data/particles2SNR_4_class_lim10/train/unclear/HFocusing_5_10_10um_0_997.npy,10um,unclear,-11.718328252707646,-10.662250600927857,-14.864366040872532,-0.17133773332429464,12,-10.0,median_snr_below_threshold,symlinked
train,HFocusing_5_10_10um_0_999.npy,P0/data/dataset_particles2SNR_c1/train/10um/HFocusing_5_10_10um_0_999.npy,P0/data/particles2SNR_4_class_lim10/train/unclear/HFocusing_5_10_10um_0_999.npy,10um,unclear,-14.006255644522035,-14.347898956658387,-22.44695817627764,-8.207866295168833,7,-10.0,median_snr_below_threshold,symlinked
train,HFocusing_5_10_10um_Calib_75.2792_0_1.npy,P0/data/dataset_particles2SNR_c1/train/10um/HFocusing_5_10_10um_Calib_75.2792_0_1.npy,P0/data/particles2SNR_4_class_lim10/train/unclear/HFocusing_5_10_10um_Calib_75.2792_0_1.npy,10um,unclear,-13.854492609339864,-14.067952613570853,-19.58714570281422,-7.5720679456287385,12,-10.0,median_snr_below_threshold,symlinked
train,HFocusing_5_10_10um_Calib_75.2897_0_1.npy,P0/data/dataset_particles2SNR_c1/train/10um/HFocusing_5_10_10um_Calib_75.2897_0_1.npy,P0/data/particles2SNR_4_class_lim10/train/unclear/HFocusing_5_10_10um_Calib_75.2897_0_1.npy,10um,unclear,-12.853112964625968,-11.807319432186784,-19.83331932668765,11.105629201012219,14,-10.0,median_snr_below_threshold,symlinked
train,HFocusing_5_10_10um_Calib_75.3004_0_1.npy,P0/data/dataset_particles2SNR_c1/train/10um/HFocusing_5_10_10um_Calib_75.3004_0_1.npy,P0/data/particles2SNR_4_class_lim10/train/unclear/HFocusing_5_10_10um_Calib_75.3004_0_1.npy,10um,unclear,-12.265358681935663,-10.66468969915618,-16.78100546407355,2.3547553163458472,11,-10.0,median_snr_below_threshold,symlinked
train,HFocusing_5_10_10um_Calib_75.3004_0_4.npy,P0/data/dataset_particles2SNR_c1/train/10um/HFocusing_5_10_10um_Calib_75.3004_0_4.npy,P0/data/particles2SNR_4_class_lim10/train/unclear/HFocusing_5_10_10um_Calib_75.3004_0_4.npy,10um,unclear,-12.365532961562598,-10.690112117188399,-14.771524672008292,7.921924069257585,12,-10.0,median_snr_below_threshold,symlinked
train,HFocusing_5_10_10um_Calib_75.3004_0_6.npy,P0/data/dataset_particles2SNR_c1/train/10um/HFocusing_5_10_10um_Calib_75.3004_0_6.npy,P0/data/particles2SNR_4_class_lim10/train/unclear/HFocusing_5_10_10um_Calib_75.3004_0_6.npy,10um,unclear,-14.439069318638486,-14.447545985892477,-18.14034844112041,-8.762970697186043,13,-10.0,median_snr_below_threshold,symlinked
train,HFocusing_5_10_10um_Calib_75.311_0_1.npy,P0/data/dataset_particles2SNR_c1/train/10um/HFocusing_5_10_10um_Calib_75.311_0_1.npy,P0/data/particles2SNR_4_class_lim10/train/unclear/HFocusing_5_10_10um_Calib_75.311_0_1.npy,10um,unclear,-10.860377253683339,-9.540688298888096,-18.257653542837897,12.640999098322274,11,-10.0,median_snr_below_threshold,symlinked
train,HFocusing_5_10_10um_Calib_75.311_0_2.npy,P0/data/dataset_particles2SNR_c1/train/10um/HFocusing_5_10_10um_Calib_75.311_0_2.npy,P0/data/particles2SNR_4_class_lim10/train/unclear/HFocusing_5_10_10um_Calib_75.311_0_2.npy,10um,unclear,-13.369706654278932,-14.221994933514043,-20.892813918374728,-10.044091347363777,14,-10.0,median_snr_below_threshold,symlinked
train,HFocusing_5_10_10um_Calib_75.311_0_3.npy,P0/data/dataset_particles2SNR_c1/train/10um/HFocusing_5_10_10um_Calib_75.311_0_3.npy,P0/data/particles2SNR_4_class_lim10/train/unclear/HFocusing_5_10_10um_Calib_75.311_0_3.npy,10um,unclear,-11.938907715026463,-10.456097897151375,-15.921836898218464,11.324023406594259,14,-10.0,median_snr_below_threshold,symlinked
train,HFocusing_5_10_10um_Calib_75.311_0_7.npy,P0/data/dataset_particles2SNR_c1/train/10um/HFocusing_5_10_10um_Calib_75.311_0_7.npy,P0/data/particles2SNR_4_class_lim10/train/unclear/HFocusing_5_10_10um_Calib_75.311_0_7.npy,10um,unclear,-12.736296412782789,-10.430141239305133,-16.318640536545324,7.238652145086768,15,-10.0,median_snr_below_threshold,symlinked
train,HFocusing_5_10_10um_Calib_75.311_0_9.npy,P0/data/dataset_particles2SNR_c1/train/10um/HFocusing_5_10_10um_Calib_75.311_0_9.npy,P0/data/particles2SNR_4_class_lim10/train/unclear/HFocusing_5_10_10um_Calib_75.311_0_9.npy,10um,unclear,-12.724277648153137,-12.751241650030085,-16.506273056948096,-10.00272404520919,22,-10.0,median_snr_below_threshold,symlinked
