class,split,source_path,staged_path,action
2um,test,P0/C1_HF_5_10_2um_doublet2/HFocusing_5_10_2um2_0_1.npy,particles2SNR_pipeline/output/p0_c1_particles2SNR_staging/test/2um/HFocusing_5_10_2um2_0_1.npy,symlinked
2um,train,P0/C1_HF_5_10_2um_doublet2/HFocusing_5_10_2um2_0_10.npy,particles2SNR_pipeline/output/p0_c1_particles2SNR_staging/train/2um/HFocusing_5_10_2um2_0_10.npy,symlinked
2um,test,P0/C1_HF_5_10_2um_doublet2/HFocusing_5_10_2um2_0_100.npy,particles2SNR_pipeline/output/p0_c1_particles2SNR_staging/test/2um/HFocusing_5_10_2um2_0_100.npy,symlinked
2um,train,P0/C1_HF_5_10_2um_doublet2/HFocusing_5_10_2um2_0_1000.npy,particles2SNR_pipeline/output/p0_c1_particles2SNR_staging/train/2um/HFocusing_5_10_2um2_0_1000.npy,symlinked
2um,train,P0/C1_HF_5_10_2um_doublet2/HFocusing_5_10_2um2_0_1001.npy,particles2SNR_pipeline/output/p0_c1_particles2SNR_staging/train/2um/HFocusing_5_10_2um2_0_1001.npy,symlinked
2um,train,P0/C1_HF_5_10_2um_doublet2/HFocusing_5_10_2um2_0_1004.npy,particles2SNR_pipeline/output/p0_c1_particles2SNR_staging/train/2um/HFocusing_5_10_2um2_0_1004.npy,symlinked
2um,train,P0/C1_HF_5_10_2um_doublet2/HFocusing_5_10_2um2_0_1005.npy,particles2SNR_pipeline/output/p0_c1_particles2SNR_staging/train/2um/HFocusing_5_10_2um2_0_1005.npy,symlinked
2um,train,P0/C1_HF_5_10_2um_doublet2/HFocusing_5_10_2um2_0_1008.npy,particles2SNR_pipeline/output/p0_c1_particles2SNR_staging/train/2um/HFocusing_5_10_2um2_0_1008.npy,symlinked
2um,train,P0/C1_HF_5_10_2um_doublet2/HFocusing_5_10_2um2_0_1009.npy,particles2SNR_pipeline/output/p0_c1_particles2SNR_staging/train/2um/HFocusing_5_10_2um2_0_1009.npy,symlinked
2um,train,P0/C1_HF_5_10_2um_doublet2/HFocusing_5_10_2um2_0_1011.npy,particles2SNR_pipeline/output/p0_c1_particles2SNR_staging/train/2um/HFocusing_5_10_2um2_0_1011.npy,symlinked
2um,test,P0/C1_HF_5_10_2um_doublet2/HFocusing_5_10_2um2_0_1014.npy,particles2SNR_pipeline/output/p0_c1_particles2SNR_staging/test/2um/HFocusing_5_10_2um2_0_1014.npy,symlinked
2um,train,P0/C1_HF_5_10_2um_doublet2/HFocusing_5_10_2um2_0_1015.npy,particles2SNR_pipeline/output/p0_c1_particles2SNR_staging/train/2um/HFocusing_5_10_2um2_0_1015.npy,symlinked
2um,train,P0/C1_HF_5_10_2um_doublet2/HFocusing_5_10_2um2_0_1018.npy,particles2SNR_pipeline/output/p0_c1_particles2SNR_staging/train/2um/HFocusing_5_10_2um2_0_1018.npy,symlinked
2um,train,P0/C1_HF_5_10_2um_doublet2/HFocusing_5_10_2um2_0_1019.npy,particles2SNR_pipeline/output/p0_c1_particles2SNR_staging/train/2um/HFocusing_5_10_2um2_0_1019.npy,symlinked
2um,test,P0/C1_HF_5_10_2um_doublet2/HFocusing_5_10_2um2_0_102.npy,particles2SNR_pipeline/output/p0_c1_particles2SNR_staging/test/2um/HFocusing_5_10_2um2_0_102.npy,symlinked
2um,train,P0/C1_HF_5_10_2um_doublet2/HFocusing_5_10_2um2_0_1022.npy,particles2SNR_pipeline/output/p0_c1_particles2SNR_staging/train/2um/HFocusing_5_10_2um2_0_1022.npy,symlinked
2um,train,P0/C1_HF_5_10_2um_doublet2/HFocusing_5_10_2um2_0_1023.npy,particles2SNR_pipeline/output/p0_c1_particles2SNR_staging/train/2um/HFocusing_5_10_2um2_0_1023.npy,symlinked
2um,train,P0/C1_HF_5_10_2um_doublet2/HFocusing_5_10_2um2_0_1026.npy,particles2SNR_pipeline/output/p0_c1_particles2SNR_staging/train/2um/HFocusing_5_10_2um2_0_1026.npy,symlinked
2um,train,P0/C1_HF_5_10_2um_doublet2/HFocusing_5_10_2um2_0_1027.npy,particles2SNR_pipeline/output/p0_c1_particles2SNR_staging/train/2um/HFocusing_5_10_2um2_0_1027.npy,symlinked
2um,train,P0/C1_HF_5_10_2um_doublet2/HFocusing_5_10_2um2_0_1030.npy,particles2SNR_pipeline/output/p0_c1_particles2SNR_staging/train/2um/HFocusing_5_10_2um2_0_1030.npy,symlinked
2um,test,P0/C1_HF_5_10_2um_doublet2/HFocusing_5_10_2um2_0_1033.npy,particles2SNR_pipeline/output/p0_c1_particles2SNR_staging/test/2um/HFocusing_5_10_2um2_0_1033.npy,symlinked
2um,test,P0/C1_HF_5_10_2um_doublet2/HFocusing_5_10_2um2_0_1034.npy,particles2SNR_pipeline/output/p0_c1_particles2SNR_staging/test/2um/HFocusing_5_10_2um2_0_1034.npy,symlinked
2um,train,P0/C1_HF_5_10_2um_doublet2/HFocusing_5_10_2um2_0_1037.npy,particles2SNR_pipeline/output/p0_c1_particles2SNR_staging/train/2um/HFocusing_5_10_2um2_0_1037.npy,symlinked
2um,train,P0/C1_HF_5_10_2um_doublet2/HFocusing_5_10_2um2_0_1040.npy,particles2SNR_pipeline/output/p0_c1_particles2SNR_staging/train/2um/HFocusing_5_10_2um2_0_1040.npy,symlinked
2um,train,P0/C1_HF_5_10_2um_doublet2/HFocusing_5_10_2um2_0_1041.npy,particles2SNR_pipeline/output/p0_c1_particles2SNR_staging/train/2um/HFocusing_5_10_2um2_0_1041.npy,symlinked
2um,test,P0/C1_HF_5_10_2um_doublet2/HFocusing_5_10_2um2_0_1044.npy,particles2SNR_pipeline/output/p0_c1_particles2SNR_staging/test/2um/HFocusing_5_10_2um2_0_1044.npy,symlinked
2um,train,P0/C1_HF_5_10_2um_doublet2/HFocusing_5_10_2um2_0_1047.npy,particles2SNR_pipeline/output/p0_c1_particles2SNR_staging/train/2um/HFocusing_5_10_2um2_0_1047.npy,symlinked
2um,train,P0/C1_HF_5_10_2um_doublet2/HFocusing_5_10_2um2_0_1048.npy,particles2SNR_pipeline/output/p0_c1_particles2SNR_staging/train/2um/HFocusing_5_10_2um2_0_1048.npy,symlinked
2um,train,P0/C1_HF_5_10_2um_doublet2/HFocusing_5_10_2um2_0_105.npy,particles2SNR_pipeline/output/p0_c1_particles2SNR_staging/train/2um/HFocusing_5_10_2um2_0_105.npy,symlinked
2um,train,P0/C1_HF_5_10_2um_doublet2/HFocusing_5_10_2um2_0_1051.npy,particles2SNR_pipeline/output/p0_c1_particles2SNR_staging/train/2um/HFocusing_5_10_2um2_0_1051.npy,symlinked
2um,test,P0/C1_HF_5_10_2um_doublet2/HFocusing_5_10_2um2_0_1052.npy,particles2SNR_pipeline/output/p0_c1_particles2SNR_staging/test/2um/HFocusing_5_10_2um2_0_1052.npy,symlinked
2um,train,P0/C1_HF_5_10_2um_doublet2/HFocusing_5_10_2um2_0_1055.npy,particles2SNR_pipeline/output/p0_c1_particles2SNR_staging/train/2um/HFocusing_5_10_2um2_0_1055.npy,symlinked
2um,train,P0/C1_HF_5_10_2um_doublet2/HFocusing_5_10_2um2_0_1056.npy,particles2SNR_pipeline/output/p0_c1_particles2SNR_staging/train/2um/HFocusing_5_10_2um2_0_1056.npy,symlinked
2um,train,P0/C1_HF_5_10_2um_doublet2/HFocusing_5_10_2um2_0_1059.npy,particles2SNR_pipeline/output/p0_c1_particles2SNR_staging/train/2um/HFocusing_5_10_2um2_0_1059.npy,symlinked
2um,train,P0/C1_HF_5_10_2um_doublet2/HFocusing_5_10_2um2_0_106.npy,particles2SNR_pipeline/output/p0_c1_particles2SNR_staging/train/2um/HFocusing_5_10_2um2_0_106.npy,symlinked
2um,train,P0/C1_HF_5_10_2um_doublet2/HFocusing_5_10_2um2_0_1062.npy,particles2SNR_pipeline/output/p0_c1_particles2SNR_staging/train/2um/HFocusing_5_10_2um2_0_1062.npy,symlinked
2um,test,P0/C1_HF_5_10_2um_doublet2/HFocusing_5_10_2um2_0_1063.npy,particles2SNR_pipeline/output/p0_c1_particles2SNR_staging/test/2um/HFocusing_5_10_2um2_0_1063.npy,symlinked
2um,train,P0/C1_HF_5_10_2um_doublet2/HFocusing_5_10_2um2_0_1066.npy,particles2SNR_pipeline/output/p0_c1_particles2SNR_staging/train/2um/HFocusing_5_10_2um2_0_1066.npy,symlinked
2um,train,P0/C1_HF_5_10_2um_doublet2/HFocusing_5_10_2um2_0_1067.npy,particles2SNR_pipeline/output/p0_c1_particles2SNR_staging/train/2um/HFocusing_5_10_2um2_0_1067.npy,symlinked
2um,train,P0/C1_HF_5_10_2um_doublet2/HFocusing_5_10_2um2_0_1070.npy,particles2SNR_pipeline/output/p0_c1_particles2SNR_staging/train/2um/HFocusing_5_10_2um2_0_1070.npy,symlinked
2um,train,P0/C1_HF_5_10_2um_doublet2/HFocusing_5_10_2um2_0_1073.npy,particles2SNR_pipeline/output/p0_c1_particles2SNR_staging/train/2um/HFocusing_5_10_2um2_0_1073.npy,symlinked
2um,train,P0/C1_HF_5_10_2um_doublet2/HFocusing_5_10_2um2_0_1074.npy,particles2SNR_pipeline/output/p0_c1_particles2SNR_staging/train/2um/HFocusing_5_10_2um2_0_1074.npy,symlinked
2um,train,P0/C1_HF_5_10_2um_doublet2/HFocusing_5_10_2um2_0_1078.npy,particles2SNR_pipeline/output/p0_c1_particles2SNR_staging/train/2um/HFocusing_5_10_2um2_0_1078.npy,symlinked
2um,train,P0/C1_HF_5_10_2um_doublet2/HFocusing_5_10_2um2_0_1081.npy,particles2SNR_pipeline/output/p0_c1_particles2SNR_staging/train/2um/HFocusing_5_10_2um2_0_1081.npy,symlinked
2um,train,P0/C1_HF_5_10_2um_doublet2/HFocusing_5_10_2um2_0_1082.npy,particles2SNR_pipeline/output/p0_c1_particles2SNR_staging/train/2um/HFocusing_5_10_2um2_0_1082.npy,symlinked
2um,test,P0/C1_HF_5_10_2um_doublet2/HFocusing_5_10_2um2_0_1085.npy,particles2SNR_pipeline/output/p0_c1_particles2SNR_staging/test/2um/HFocusing_5_10_2um2_0_1085.npy,symlinked
2um,train,P0/C1_HF_5_10_2um_doublet2/HFocusing_5_10_2um2_0_1086.npy,particles2SNR_pipeline/output/p0_c1_particles2SNR_staging/train/2um/HFocusing_5_10_2um2_0_1086.npy,symlinked
2um,test,P0/C1_HF_5_10_2um_doublet2/HFocusing_5_10_2um2_0_1089.npy,particles2SNR_pipeline/output/p0_c1_particles2SNR_staging/test/2um/HFocusing_5_10_2um2_0_1089.npy,symlinked
2um,train,P0/C1_HF_5_10_2um_doublet2/HFocusing_5_10_2um2_0_109.npy,particles2SNR_pipeline/output/p0_c1_particles2SNR_staging/train/2um/HFocusing_5_10_2um2_0_109.npy,symlinked
2um,train,P0/C1_HF_5_10_2um_doublet2/HFocusing_5_10_2um2_0_1090.npy,particles2SNR_pipeline/output/p0_c1_particles2SNR_staging/train/2um/HFocusing_5_10_2um2_0_1090.npy,symlinked
2um,train,P0/C1_HF_5_10_2um_doublet2/HFocusing_5_10_2um2_0_1092.npy,particles2SNR_pipeline/output/p0_c1_particles2SNR_staging/train/2um/HFocusing_5_10_2um2_0_1092.npy,symlinked
2um,test,P0/C1_HF_5_10_2um_doublet2/HFocusing_5_10_2um2_0_1096.npy,particles2SNR_pipeline/output/p0_c1_particles2SNR_staging/test/2um/HFocusing_5_10_2um2_0_1096.npy,symlinked
2um,train,P0/C1_HF_5_10_2um_doublet2/HFocusing_5_10_2um2_0_1097.npy,particles2SNR_pipeline/output/p0_c1_particles2SNR_staging/train/2um/HFocusing_5_10_2um2_0_1097.npy,symlinked
2um,train,P0/C1_HF_5_10_2um_doublet2/HFocusing_5_10_2um2_0_11.npy,particles2SNR_pipeline/output/p0_c1_particles2SNR_staging/train/2um/HFocusing_5_10_2um2_0_11.npy,symlinked
2um,train,P0/C1_HF_5_10_2um_doublet2/HFocusing_5_10_2um2_0_1100.npy,particles2SNR_pipeline/output/p0_c1_particles2SNR_staging/train/2um/HFocusing_5_10_2um2_0_1100.npy,symlinked
2um,train,P0/C1_HF_5_10_2um_doublet2/HFocusing_5_10_2um2_0_1101.npy,particles2SNR_pipeline/output/p0_c1_particles2SNR_staging/train/2um/HFocusing_5_10_2um2_0_1101.npy,symlinked
2um,train,P0/C1_HF_5_10_2um_doublet2/HFocusing_5_10_2um2_0_1104.npy,particles2SNR_pipeline/output/p0_c1_particles2SNR_staging/train/2um/HFocusing_5_10_2um2_0_1104.npy,symlinked
2um,train,P0/C1_HF_5_10_2um_doublet2/HFocusing_5_10_2um2_0_1107.npy,particles2SNR_pipeline/output/p0_c1_particles2SNR_staging/train/2um/HFocusing_5_10_2um2_0_1107.npy,symlinked
2um,train,P0/C1_HF_5_10_2um_doublet2/HFocusing_5_10_2um2_0_1108.npy,particles2SNR_pipeline/output/p0_c1_particles2SNR_staging/train/2um/HFocusing_5_10_2um2_0_1108.npy,symlinked
2um,train,P0/C1_HF_5_10_2um_doublet2/HFocusing_5_10_2um2_0_1111.npy,particles2SNR_pipeline/output/p0_c1_particles2SNR_staging/train/2um/HFocusing_5_10_2um2_0_1111.npy,symlinked
2um,test,P0/C1_HF_5_10_2um_doublet2/HFocusing_5_10_2um2_0_1112.npy,particles2SNR_pipeline/output/p0_c1_particles2SNR_staging/test/2um/HFocusing_5_10_2um2_0_1112.npy,symlinked
2um,test,P0/C1_HF_5_10_2um_doublet2/HFocusing_5_10_2um2_0_1115.npy,particles2SNR_pipeline/output/p0_c1_particles2SNR_staging/test/2um/HFocusing_5_10_2um2_0_1115.npy,symlinked
2um,train,P0/C1_HF_5_10_2um_doublet2/HFocusing_5_10_2um2_0_1116.npy,particles2SNR_pipeline/output/p0_c1_particles2SNR_staging/train/2um/HFocusing_5_10_2um2_0_1116.npy,symlinked
2um,train,P0/C1_HF_5_10_2um_doublet2/HFocusing_5_10_2um2_0_1118.npy,particles2SNR_pipeline/output/p0_c1_particles2SNR_staging/train/2um/HFocusing_5_10_2um2_0_1118.npy,symlinked
2um,train,P0/C1_HF_5_10_2um_doublet2/HFocusing_5_10_2um2_0_1119.npy,particles2SNR_pipeline/output/p0_c1_particles2SNR_staging/train/2um/HFocusing_5_10_2um2_0_1119.npy,symlinked
2um,train,P0/C1_HF_5_10_2um_doublet2/HFocusing_5_10_2um2_0_112.npy,particles2SNR_pipeline/output/p0_c1_particles2SNR_staging/train/2um/HFocusing_5_10_2um2_0_112.npy,symlinked
2um,test,P0/C1_HF_5_10_2um_doublet2/HFocusing_5_10_2um2_0_1122.npy,particles2SNR_pipeline/output/p0_c1_particles2SNR_staging/test/2um/HFocusing_5_10_2um2_0_1122.npy,symlinked
2um,train,P0/C1_HF_5_10_2um_doublet2/HFocusing_5_10_2um2_0_1125.npy,particles2SNR_pipeline/output/p0_c1_particles2SNR_staging/train/2um/HFocusing_5_10_2um2_0_1125.npy,symlinked
2um,train,P0/C1_HF_5_10_2um_doublet2/HFocusing_5_10_2um2_0_1128.npy,particles2SNR_pipeline/output/p0_c1_particles2SNR_staging/train/2um/HFocusing_5_10_2um2_0_1128.npy,symlinked
2um,test,P0/C1_HF_5_10_2um_doublet2/HFocusing_5_10_2um2_0_1129.npy,particles2SNR_pipeline/output/p0_c1_particles2SNR_staging/test/2um/HFocusing_5_10_2um2_0_1129.npy,symlinked
2um,train,P0/C1_HF_5_10_2um_doublet2/HFocusing_5_10_2um2_0_113.npy,particles2SNR_pipeline/output/p0_c1_particles2SNR_staging/train/2um/HFocusing_5_10_2um2_0_113.npy,symlinked
2um,train,P0/C1_HF_5_10_2um_doublet2/HFocusing_5_10_2um2_0_1133.npy,particles2SNR_pipeline/output/p0_c1_particles2SNR_staging/train/2um/HFocusing_5_10_2um2_0_1133.npy,symlinked
2um,train,P0/C1_HF_5_10_2um_doublet2/HFocusing_5_10_2um2_0_1136.npy,particles2SNR_pipeline/output/p0_c1_particles2SNR_staging/train/2um/HFocusing_5_10_2um2_0_1136.npy,symlinked
2um,train,P0/C1_HF_5_10_2um_doublet2/HFocusing_5_10_2um2_0_1140.npy,particles2SNR_pipeline/output/p0_c1_particles2SNR_staging/train/2um/HFocusing_5_10_2um2_0_1140.npy,symlinked
2um,train,P0/C1_HF_5_10_2um_doublet2/HFocusing_5_10_2um2_0_1143.npy,particles2SNR_pipeline/output/p0_c1_particles2SNR_staging/train/2um/HFocusing_5_10_2um2_0_1143.npy,symlinked
2um,train,P0/C1_HF_5_10_2um_doublet2/HFocusing_5_10_2um2_0_1146.npy,particles2SNR_pipeline/output/p0_c1_particles2SNR_staging/train/2um/HFocusing_5_10_2um2_0_1146.npy,symlinked
2um,train,P0/C1_HF_5_10_2um_doublet2/HFocusing_5_10_2um2_0_1149.npy,particles2SNR_pipeline/output/p0_c1_particles2SNR_staging/train/2um/HFocusing_5_10_2um2_0_1149.npy,symlinked
2um,test,P0/C1_HF_5_10_2um_doublet2/HFocusing_5_10_2um2_0_1150.npy,particles2SNR_pipeline/output/p0_c1_particles2SNR_staging/test/2um/HFocusing_5_10_2um2_0_1150.npy,symlinked
2um,train,P0/C1_HF_5_10_2um_doublet2/HFocusing_5_10_2um2_0_1153.npy,particles2SNR_pipeline/output/p0_c1_particles2SNR_staging/train/2um/HFocusing_5_10_2um2_0_1153.npy,symlinked
2um,train,P0/C1_HF_5_10_2um_doublet2/HFocusing_5_10_2um2_0_1154.npy,particles2SNR_pipeline/output/p0_c1_particles2SNR_staging/train/2um/HFocusing_5_10_2um2_0_1154.npy,symlinked
2um,test,P0/C1_HF_5_10_2um_doublet2/HFocusing_5_10_2um2_0_1157.npy,particles2SNR_pipeline/output/p0_c1_particles2SNR_staging/test/2um/HFocusing_5_10_2um2_0_1157.npy,symlinked
2um,train,P0/C1_HF_5_10_2um_doublet2/HFocusing_5_10_2um2_0_1158.npy,particles2SNR_pipeline/output/p0_c1_particles2SNR_staging/train/2um/HFocusing_5_10_2um2_0_1158.npy,symlinked
2um,test,P0/C1_HF_5_10_2um_doublet2/HFocusing_5_10_2um2_0_116.npy,particles2SNR_pipeline/output/p0_c1_particles2SNR_staging/test/2um/HFocusing_5_10_2um2_0_116.npy,symlinked
2um,test,P0/C1_HF_5_10_2um_doublet2/HFocusing_5_10_2um2_0_1161.npy,particles2SNR_pipeline/output/p0_c1_particles2SNR_staging/test/2um/HFocusing_5_10_2um2_0_1161.npy,symlinked
2um,train,P0/C1_HF_5_10_2um_doublet2/HFocusing_5_10_2um2_0_1162.npy,particles2SNR_pipeline/output/p0_c1_particles2SNR_staging/train/2um/HFocusing_5_10_2um2_0_1162.npy,symlinked
2um,train,P0/C1_HF_5_10_2um_doublet2/HFocusing_5_10_2um2_0_1165.npy,particles2SNR_pipeline/output/p0_c1_particles2SNR_staging/train/2um/HFocusing_5_10_2um2_0_1165.npy,symlinked
2um,train,P0/C1_HF_5_10_2um_doublet2/HFocusing_5_10_2um2_0_1168.npy,particles2SNR_pipeline/output/p0_c1_particles2SNR_staging/train/2um/HFocusing_5_10_2um2_0_1168.npy,symlinked
2um,train,P0/C1_HF_5_10_2um_doublet2/HFocusing_5_10_2um2_0_1169.npy,particles2SNR_pipeline/output/p0_c1_particles2SNR_staging/train/2um/HFocusing_5_10_2um2_0_1169.npy,symlinked
2um,train,P0/C1_HF_5_10_2um_doublet2/HFocusing_5_10_2um2_0_117.npy,particles2SNR_pipeline/output/p0_c1_particles2SNR_staging/train/2um/HFocusing_5_10_2um2_0_117.npy,symlinked
2um,train,P0/C1_HF_5_10_2um_doublet2/HFocusing_5_10_2um2_0_1172.npy,particles2SNR_pipeline/output/p0_c1_particles2SNR_staging/train/2um/HFocusing_5_10_2um2_0_1172.npy,symlinked
2um,train,P0/C1_HF_5_10_2um_doublet2/HFocusing_5_10_2um2_0_1173.npy,particles2SNR_pipeline/output/p0_c1_particles2SNR_staging/train/2um/HFocusing_5_10_2um2_0_1173.npy,symlinked
2um,train,P0/C1_HF_5_10_2um_doublet2/HFocusing_5_10_2um2_0_1176.npy,particles2SNR_pipeline/output/p0_c1_particles2SNR_staging/train/2um/HFocusing_5_10_2um2_0_1176.npy,symlinked
2um,train,P0/C1_HF_5_10_2um_doublet2/HFocusing_5_10_2um2_0_1179.npy,particles2SNR_pipeline/output/p0_c1_particles2SNR_staging/train/2um/HFocusing_5_10_2um2_0_1179.npy,symlinked
2um,train,P0/C1_HF_5_10_2um_doublet2/HFocusing_5_10_2um2_0_1180.npy,particles2SNR_pipeline/output/p0_c1_particles2SNR_staging/train/2um/HFocusing_5_10_2um2_0_1180.npy,symlinked
2um,train,P0/C1_HF_5_10_2um_doublet2/HFocusing_5_10_2um2_0_1183.npy,particles2SNR_pipeline/output/p0_c1_particles2SNR_staging/train/2um/HFocusing_5_10_2um2_0_1183.npy,symlinked
2um,train,P0/C1_HF_5_10_2um_doublet2/HFocusing_5_10_2um2_0_1185.npy,particles2SNR_pipeline/output/p0_c1_particles2SNR_staging/train/2um/HFocusing_5_10_2um2_0_1185.npy,symlinked
2um,train,P0/C1_HF_5_10_2um_doublet2/HFocusing_5_10_2um2_0_1189.npy,particles2SNR_pipeline/output/p0_c1_particles2SNR_staging/train/2um/HFocusing_5_10_2um2_0_1189.npy,symlinked
2um,test,P0/C1_HF_5_10_2um_doublet2/HFocusing_5_10_2um2_0_1192.npy,particles2SNR_pipeline/output/p0_c1_particles2SNR_staging/test/2um/HFocusing_5_10_2um2_0_1192.npy,symlinked
2um,train,P0/C1_HF_5_10_2um_doublet2/HFocusing_5_10_2um2_0_1195.npy,particles2SNR_pipeline/output/p0_c1_particles2SNR_staging/train/2um/HFocusing_5_10_2um2_0_1195.npy,symlinked
2um,train,P0/C1_HF_5_10_2um_doublet2/HFocusing_5_10_2um2_0_1196.npy,particles2SNR_pipeline/output/p0_c1_particles2SNR_staging/train/2um/HFocusing_5_10_2um2_0_1196.npy,symlinked
2um,test,P0/C1_HF_5_10_2um_doublet2/HFocusing_5_10_2um2_0_1199.npy,particles2SNR_pipeline/output/p0_c1_particles2SNR_staging/test/2um/HFocusing_5_10_2um2_0_1199.npy,symlinked
2um,train,P0/C1_HF_5_10_2um_doublet2/HFocusing_5_10_2um2_0_120.npy,particles2SNR_pipeline/output/p0_c1_particles2SNR_staging/train/2um/HFocusing_5_10_2um2_0_120.npy,symlinked
2um,train,P0/C1_HF_5_10_2um_doublet2/HFocusing_5_10_2um2_0_1200.npy,particles2SNR_pipeline/output/p0_c1_particles2SNR_staging/train/2um/HFocusing_5_10_2um2_0_1200.npy,symlinked
2um,train,P0/C1_HF_5_10_2um_doublet2/HFocusing_5_10_2um2_0_1203.npy,particles2SNR_pipeline/output/p0_c1_particles2SNR_staging/train/2um/HFocusing_5_10_2um2_0_1203.npy,symlinked
2um,train,P0/C1_HF_5_10_2um_doublet2/HFocusing_5_10_2um2_0_1204.npy,particles2SNR_pipeline/output/p0_c1_particles2SNR_staging/train/2um/HFocusing_5_10_2um2_0_1204.npy,symlinked
2um,train,P0/C1_HF_5_10_2um_doublet2/HFocusing_5_10_2um2_0_1207.npy,particles2SNR_pipeline/output/p0_c1_particles2SNR_staging/train/2um/HFocusing_5_10_2um2_0_1207.npy,symlinked
2um,train,P0/C1_HF_5_10_2um_doublet2/HFocusing_5_10_2um2_0_121.npy,particles2SNR_pipeline/output/p0_c1_particles2SNR_staging/train/2um/HFocusing_5_10_2um2_0_121.npy,symlinked
2um,train,P0/C1_HF_5_10_2um_doublet2/HFocusing_5_10_2um2_0_1210.npy,particles2SNR_pipeline/output/p0_c1_particles2SNR_staging/train/2um/HFocusing_5_10_2um2_0_1210.npy,symlinked
2um,train,P0/C1_HF_5_10_2um_doublet2/HFocusing_5_10_2um2_0_1213.npy,particles2SNR_pipeline/output/p0_c1_particles2SNR_staging/train/2um/HFocusing_5_10_2um2_0_1213.npy,symlinked
2um,train,P0/C1_HF_5_10_2um_doublet2/HFocusing_5_10_2um2_0_1216.npy,particles2SNR_pipeline/output/p0_c1_particles2SNR_staging/train/2um/HFocusing_5_10_2um2_0_1216.npy,symlinked
2um,test,P0/C1_HF_5_10_2um_doublet2/HFocusing_5_10_2um2_0_1217.npy,particles2SNR_pipeline/output/p0_c1_particles2SNR_staging/test/2um/HFocusing_5_10_2um2_0_1217.npy,symlinked
2um,test,P0/C1_HF_5_10_2um_doublet2/HFocusing_5_10_2um2_0_1220.npy,particles2SNR_pipeline/output/p0_c1_particles2SNR_staging/test/2um/HFocusing_5_10_2um2_0_1220.npy,symlinked
2um,train,P0/C1_HF_5_10_2um_doublet2/HFocusing_5_10_2um2_0_1223.npy,particles2SNR_pipeline/output/p0_c1_particles2SNR_staging/train/2um/HFocusing_5_10_2um2_0_1223.npy,symlinked
2um,train,P0/C1_HF_5_10_2um_doublet2/HFocusing_5_10_2um2_0_1226.npy,particles2SNR_pipeline/output/p0_c1_particles2SNR_staging/train/2um/HFocusing_5_10_2um2_0_1226.npy,symlinked
2um,train,P0/C1_HF_5_10_2um_doublet2/HFocusing_5_10_2um2_0_1227.npy,particles2SNR_pipeline/output/p0_c1_particles2SNR_staging/train/2um/HFocusing_5_10_2um2_0_1227.npy,symlinked
2um,train,P0/C1_HF_5_10_2um_doublet2/HFocusing_5_10_2um2_0_1229.npy,particles2SNR_pipeline/output/p0_c1_particles2SNR_staging/train/2um/HFocusing_5_10_2um2_0_1229.npy,symlinked
2um,test,P0/C1_HF_5_10_2um_doublet2/HFocusing_5_10_2um2_0_1232.npy,particles2SNR_pipeline/output/p0_c1_particles2SNR_staging/test/2um/HFocusing_5_10_2um2_0_1232.npy,symlinked
2um,train,P0/C1_HF_5_10_2um_doublet2/HFocusing_5_10_2um2_0_1233.npy,particles2SNR_pipeline/output/p0_c1_particles2SNR_staging/train/2um/HFocusing_5_10_2um2_0_1233.npy,symlinked
2um,train,P0/C1_HF_5_10_2um_doublet2/HFocusing_5_10_2um2_0_1236.npy,particles2SNR_pipeline/output/p0_c1_particles2SNR_staging/train/2um/HFocusing_5_10_2um2_0_1236.npy,symlinked
2um,train,P0/C1_HF_5_10_2um_doublet2/HFocusing_5_10_2um2_0_1237.npy,particles2SNR_pipeline/output/p0_c1_particles2SNR_staging/train/2um/HFocusing_5_10_2um2_0_1237.npy,symlinked
2um,train,P0/C1_HF_5_10_2um_doublet2/HFocusing_5_10_2um2_0_124.npy,particles2SNR_pipeline/output/p0_c1_particles2SNR_staging/train/2um/HFocusing_5_10_2um2_0_124.npy,symlinked
2um,train,P0/C1_HF_5_10_2um_doublet2/HFocusing_5_10_2um2_0_1240.npy,particles2SNR_pipeline/output/p0_c1_particles2SNR_staging/train/2um/HFocusing_5_10_2um2_0_1240.npy,symlinked
2um,train,P0/C1_HF_5_10_2um_doublet2/HFocusing_5_10_2um2_0_1243.npy,particles2SNR_pipeline/output/p0_c1_particles2SNR_staging/train/2um/HFocusing_5_10_2um2_0_1243.npy,symlinked
2um,test,P0/C1_HF_5_10_2um_doublet2/HFocusing_5_10_2um2_0_1244.npy,particles2SNR_pipeline/output/p0_c1_particles2SNR_staging/test/2um/HFocusing_5_10_2um2_0_1244.npy,symlinked
2um,train,P0/C1_HF_5_10_2um_doublet2/HFocusing_5_10_2um2_0_1246.npy,particles2SNR_pipeline/output/p0_c1_particles2SNR_staging/train/2um/HFocusing_5_10_2um2_0_1246.npy,symlinked
2um,train,P0/C1_HF_5_10_2um_doublet2/HFocusing_5_10_2um2_0_1247.npy,particles2SNR_pipeline/output/p0_c1_particles2SNR_staging/train/2um/HFocusing_5_10_2um2_0_1247.npy,symlinked
2um,train,P0/C1_HF_5_10_2um_doublet2/HFocusing_5_10_2um2_0_1250.npy,particles2SNR_pipeline/output/p0_c1_particles2SNR_staging/train/2um/HFocusing_5_10_2um2_0_1250.npy,symlinked
2um,test,P0/C1_HF_5_10_2um_doublet2/HFocusing_5_10_2um2_0_1254.npy,particles2SNR_pipeline/output/p0_c1_particles2SNR_staging/test/2um/HFocusing_5_10_2um2_0_1254.npy,symlinked
2um,test,P0/C1_HF_5_10_2um_doublet2/HFocusing_5_10_2um2_0_1257.npy,particles2SNR_pipeline/output/p0_c1_particles2SNR_staging/test/2um/HFocusing_5_10_2um2_0_1257.npy,symlinked
2um,test,P0/C1_HF_5_10_2um_doublet2/HFocusing_5_10_2um2_0_1260.npy,particles2SNR_pipeline/output/p0_c1_particles2SNR_staging/test/2um/HFocusing_5_10_2um2_0_1260.npy,symlinked
2um,test,P0/C1_HF_5_10_2um_doublet2/HFocusing_5_10_2um2_0_1261.npy,particles2SNR_pipeline/output/p0_c1_particles2SNR_staging/test/2um/HFocusing_5_10_2um2_0_1261.npy,symlinked
2um,test,P0/C1_HF_5_10_2um_doublet2/HFocusing_5_10_2um2_0_1263.npy,particles2SNR_pipeline/output/p0_c1_particles2SNR_staging/test/2um/HFocusing_5_10_2um2_0_1263.npy,symlinked
2um,test,P0/C1_HF_5_10_2um_doublet2/HFocusing_5_10_2um2_0_1264.npy,particles2SNR_pipeline/output/p0_c1_particles2SNR_staging/test/2um/HFocusing_5_10_2um2_0_1264.npy,symlinked
2um,test,P0/C1_HF_5_10_2um_doublet2/HFocusing_5_10_2um2_0_1267.npy,particles2SNR_pipeline/output/p0_c1_particles2SNR_staging/test/2um/HFocusing_5_10_2um2_0_1267.npy,symlinked
2um,train,P0/C1_HF_5_10_2um_doublet2/HFocusing_5_10_2um2_0_127.npy,particles2SNR_pipeline/output/p0_c1_particles2SNR_staging/train/2um/HFocusing_5_10_2um2_0_127.npy,symlinked
2um,test,P0/C1_HF_5_10_2um_doublet2/HFocusing_5_10_2um2_0_1270.npy,particles2SNR_pipeline/output/p0_c1_particles2SNR_staging/test/2um/HFocusing_5_10_2um2_0_1270.npy,symlinked
2um,test,P0/C1_HF_5_10_2um_doublet2/HFocusing_5_10_2um2_0_1271.npy,particles2SNR_pipeline/output/p0_c1_particles2SNR_staging/test/2um/HFocusing_5_10_2um2_0_1271.npy,symlinked
2um,train,P0/C1_HF_5_10_2um_doublet2/HFocusing_5_10_2um2_0_1274.npy,particles2SNR_pipeline/output/p0_c1_particles2SNR_staging/train/2um/HFocusing_5_10_2um2_0_1274.npy,symlinked
2um,train,P0/C1_HF_5_10_2um_doublet2/HFocusing_5_10_2um2_0_1277.npy,particles2SNR_pipeline/output/p0_c1_particles2SNR_staging/train/2um/HFocusing_5_10_2um2_0_1277.npy,symlinked
2um,train,P0/C1_HF_5_10_2um_doublet2/HFocusing_5_10_2um2_0_128.npy,particles2SNR_pipeline/output/p0_c1_particles2SNR_staging/train/2um/HFocusing_5_10_2um2_0_128.npy,symlinked
2um,train,P0/C1_HF_5_10_2um_doublet2/HFocusing_5_10_2um2_0_1280.npy,particles2SNR_pipeline/output/p0_c1_particles2SNR_staging/train/2um/HFocusing_5_10_2um2_0_1280.npy,symlinked
2um,train,P0/C1_HF_5_10_2um_doublet2/HFocusing_5_10_2um2_0_1283.npy,particles2SNR_pipeline/output/p0_c1_particles2SNR_staging/train/2um/HFocusing_5_10_2um2_0_1283.npy,symlinked
2um,test,P0/C1_HF_5_10_2um_doublet2/HFocusing_5_10_2um2_0_1284.npy,particles2SNR_pipeline/output/p0_c1_particles2SNR_staging/test/2um/HFocusing_5_10_2um2_0_1284.npy,symlinked
2um,test,P0/C1_HF_5_10_2um_doublet2/HFocusing_5_10_2um2_0_1287.npy,particles2SNR_pipeline/output/p0_c1_particles2SNR_staging/test/2um/HFocusing_5_10_2um2_0_1287.npy,symlinked
2um,train,P0/C1_HF_5_10_2um_doublet2/HFocusing_5_10_2um2_0_1288.npy,particles2SNR_pipeline/output/p0_c1_particles2SNR_staging/train/2um/HFocusing_5_10_2um2_0_1288.npy,symlinked
2um,train,P0/C1_HF_5_10_2um_doublet2/HFocusing_5_10_2um2_0_1291.npy,particles2SNR_pipeline/output/p0_c1_particles2SNR_staging/train/2um/HFocusing_5_10_2um2_0_1291.npy,symlinked
2um,train,P0/C1_HF_5_10_2um_doublet2/HFocusing_5_10_2um2_0_1292.npy,particles2SNR_pipeline/output/p0_c1_particles2SNR_staging/train/2um/HFocusing_5_10_2um2_0_1292.npy,symlinked
2um,train,P0/C1_HF_5_10_2um_doublet2/HFocusing_5_10_2um2_0_1295.npy,particles2SNR_pipeline/output/p0_c1_particles2SNR_staging/train/2um/HFocusing_5_10_2um2_0_1295.npy,symlinked
2um,train,P0/C1_HF_5_10_2um_doublet2/HFocusing_5_10_2um2_0_1296.npy,particles2SNR_pipeline/output/p0_c1_particles2SNR_staging/train/2um/HFocusing_5_10_2um2_0_1296.npy,symlinked
2um,train,P0/C1_HF_5_10_2um_doublet2/HFocusing_5_10_2um2_0_1299.npy,particles2SNR_pipeline/output/p0_c1_particles2SNR_staging/train/2um/HFocusing_5_10_2um2_0_1299.npy,symlinked
2um,test,P0/C1_HF_5_10_2um_doublet2/HFocusing_5_10_2um2_0_13.npy,particles2SNR_pipeline/output/p0_c1_particles2SNR_staging/test/2um/HFocusing_5_10_2um2_0_13.npy,symlinked
2um,test,P0/C1_HF_5_10_2um_doublet2/HFocusing_5_10_2um2_0_1302.npy,particles2SNR_pipeline/output/p0_c1_particles2SNR_staging/test/2um/HFocusing_5_10_2um2_0_1302.npy,symlinked
2um,test,P0/C1_HF_5_10_2um_doublet2/HFocusing_5_10_2um2_0_1305.npy,particles2SNR_pipeline/output/p0_c1_particles2SNR_staging/test/2um/HFocusing_5_10_2um2_0_1305.npy,symlinked
2um,train,P0/C1_HF_5_10_2um_doublet2/HFocusing_5_10_2um2_0_1308.npy,particles2SNR_pipeline/output/p0_c1_particles2SNR_staging/train/2um/HFocusing_5_10_2um2_0_1308.npy,symlinked
2um,train,P0/C1_HF_5_10_2um_doublet2/HFocusing_5_10_2um2_0_1309.npy,particles2SNR_pipeline/output/p0_c1_particles2SNR_staging/train/2um/HFocusing_5_10_2um2_0_1309.npy,symlinked
2um,train,P0/C1_HF_5_10_2um_doublet2/HFocusing_5_10_2um2_0_131.npy,particles2SNR_pipeline/output/p0_c1_particles2SNR_staging/train/2um/HFocusing_5_10_2um2_0_131.npy,symlinked
2um,test,P0/C1_HF_5_10_2um_doublet2/HFocusing_5_10_2um2_0_1312.npy,particles2SNR_pipeline/output/p0_c1_particles2SNR_staging/test/2um/HFocusing_5_10_2um2_0_1312.npy,symlinked
2um,test,P0/C1_HF_5_10_2um_doublet2/HFocusing_5_10_2um2_0_1313.npy,particles2SNR_pipeline/output/p0_c1_particles2SNR_staging/test/2um/HFocusing_5_10_2um2_0_1313.npy,symlinked
2um,test,P0/C1_HF_5_10_2um_doublet2/HFocusing_5_10_2um2_0_1316.npy,particles2SNR_pipeline/output/p0_c1_particles2SNR_staging/test/2um/HFocusing_5_10_2um2_0_1316.npy,symlinked
2um,train,P0/C1_HF_5_10_2um_doublet2/HFocusing_5_10_2um2_0_1317.npy,particles2SNR_pipeline/output/p0_c1_particles2SNR_staging/train/2um/HFocusing_5_10_2um2_0_1317.npy,symlinked
2um,train,P0/C1_HF_5_10_2um_doublet2/HFocusing_5_10_2um2_0_132.npy,particles2SNR_pipeline/output/p0_c1_particles2SNR_staging/train/2um/HFocusing_5_10_2um2_0_132.npy,symlinked
2um,train,P0/C1_HF_5_10_2um_doublet2/HFocusing_5_10_2um2_0_1320.npy,particles2SNR_pipeline/output/p0_c1_particles2SNR_staging/train/2um/HFocusing_5_10_2um2_0_1320.npy,symlinked
2um,train,P0/C1_HF_5_10_2um_doublet2/HFocusing_5_10_2um2_0_1321.npy,particles2SNR_pipeline/output/p0_c1_particles2SNR_staging/train/2um/HFocusing_5_10_2um2_0_1321.npy,symlinked
2um,train,P0/C1_HF_5_10_2um_doublet2/HFocusing_5_10_2um2_0_1324.npy,particles2SNR_pipeline/output/p0_c1_particles2SNR_staging/train/2um/HFocusing_5_10_2um2_0_1324.npy,symlinked
2um,train,P0/C1_HF_5_10_2um_doublet2/HFocusing_5_10_2um2_0_1325.npy,particles2SNR_pipeline/output/p0_c1_particles2SNR_staging/train/2um/HFocusing_5_10_2um2_0_1325.npy,symlinked
2um,train,P0/C1_HF_5_10_2um_doublet2/HFocusing_5_10_2um2_0_1328.npy,particles2SNR_pipeline/output/p0_c1_particles2SNR_staging/train/2um/HFocusing_5_10_2um2_0_1328.npy,symlinked
2um,train,P0/C1_HF_5_10_2um_doublet2/HFocusing_5_10_2um2_0_1331.npy,particles2SNR_pipeline/output/p0_c1_particles2SNR_staging/train/2um/HFocusing_5_10_2um2_0_1331.npy,symlinked
2um,train,P0/C1_HF_5_10_2um_doublet2/HFocusing_5_10_2um2_0_1332.npy,particles2SNR_pipeline/output/p0_c1_particles2SNR_staging/train/2um/HFocusing_5_10_2um2_0_1332.npy,symlinked
2um,train,P0/C1_HF_5_10_2um_doublet2/HFocusing_5_10_2um2_0_1334.npy,particles2SNR_pipeline/output/p0_c1_particles2SNR_staging/train/2um/HFocusing_5_10_2um2_0_1334.npy,symlinked
2um,train,P0/C1_HF_5_10_2um_doublet2/HFocusing_5_10_2um2_0_1337.npy,particles2SNR_pipeline/output/p0_c1_particles2SNR_staging/train/2um/HFocusing_5_10_2um2_0_1337.npy,symlinked
2um,train,P0/C1_HF_5_10_2um_doublet2/HFocusing_5_10_2um2_0_1338.npy,particles2SNR_pipeline/output/p0_c1_particles2SNR_staging/train/2um/HFocusing_5_10_2um2_0_1338.npy,symlinked
2um,test,P0/C1_HF_5_10_2um_doublet2/HFocusing_5_10_2um2_0_134.npy,particles2SNR_pipeline/output/p0_c1_particles2SNR_staging/test/2um/HFocusing_5_10_2um2_0_134.npy,symlinked
2um,train,P0/C1_HF_5_10_2um_doublet2/HFocusing_5_10_2um2_0_1341.npy,particles2SNR_pipeline/output/p0_c1_particles2SNR_staging/train/2um/HFocusing_5_10_2um2_0_1341.npy,symlinked
2um,test,P0/C1_HF_5_10_2um_doublet2/HFocusing_5_10_2um2_0_1342.npy,particles2SNR_pipeline/output/p0_c1_particles2SNR_staging/test/2um/HFocusing_5_10_2um2_0_1342.npy,symlinked
2um,train,P0/C1_HF_5_10_2um_doublet2/HFocusing_5_10_2um2_0_1345.npy,particles2SNR_pipeline/output/p0_c1_particles2SNR_staging/train/2um/HFocusing_5_10_2um2_0_1345.npy,symlinked
2um,train,P0/C1_HF_5_10_2um_doublet2/HFocusing_5_10_2um2_0_1348.npy,particles2SNR_pipeline/output/p0_c1_particles2SNR_staging/train/2um/HFocusing_5_10_2um2_0_1348.npy,symlinked
2um,train,P0/C1_HF_5_10_2um_doublet2/HFocusing_5_10_2um2_0_1352.npy,particles2SNR_pipeline/output/p0_c1_particles2SNR_staging/train/2um/HFocusing_5_10_2um2_0_1352.npy,symlinked
2um,train,P0/C1_HF_5_10_2um_doublet2/HFocusing_5_10_2um2_0_1355.npy,particles2SNR_pipeline/output/p0_c1_particles2SNR_staging/train/2um/HFocusing_5_10_2um2_0_1355.npy,symlinked
2um,train,P0/C1_HF_5_10_2um_doublet2/HFocusing_5_10_2um2_0_1356.npy,particles2SNR_pipeline/output/p0_c1_particles2SNR_staging/train/2um/HFocusing_5_10_2um2_0_1356.npy,symlinked
2um,test,P0/C1_HF_5_10_2um_doublet2/HFocusing_5_10_2um2_0_1359.npy,particles2SNR_pipeline/output/p0_c1_particles2SNR_staging/test/2um/HFocusing_5_10_2um2_0_1359.npy,symlinked
2um,test,P0/C1_HF_5_10_2um_doublet2/HFocusing_5_10_2um2_0_1362.npy,particles2SNR_pipeline/output/p0_c1_particles2SNR_staging/test/2um/HFocusing_5_10_2um2_0_1362.npy,symlinked
2um,train,P0/C1_HF_5_10_2um_doublet2/HFocusing_5_10_2um2_0_1365.npy,particles2SNR_pipeline/output/p0_c1_particles2SNR_staging/train/2um/HFocusing_5_10_2um2_0_1365.npy,symlinked
2um,train,P0/C1_HF_5_10_2um_doublet2/HFocusing_5_10_2um2_0_1366.npy,particles2SNR_pipeline/output/p0_c1_particles2SNR_staging/train/2um/HFocusing_5_10_2um2_0_1366.npy,symlinked
2um,train,P0/C1_HF_5_10_2um_doublet2/HFocusing_5_10_2um2_0_1368.npy,particles2SNR_pipeline/output/p0_c1_particles2SNR_staging/train/2um/HFocusing_5_10_2um2_0_1368.npy,symlinked
2um,test,P0/C1_HF_5_10_2um_doublet2/HFocusing_5_10_2um2_0_1369.npy,particles2SNR_pipeline/output/p0_c1_particles2SNR_staging/test/2um/HFocusing_5_10_2um2_0_1369.npy,symlinked
2um,test,P0/C1_HF_5_10_2um_doublet2/HFocusing_5_10_2um2_0_137.npy,particles2SNR_pipeline/output/p0_c1_particles2SNR_staging/test/2um/HFocusing_5_10_2um2_0_137.npy,symlinked
2um,train,P0/C1_HF_5_10_2um_doublet2/HFocusing_5_10_2um2_0_1373.npy,particles2SNR_pipeline/output/p0_c1_particles2SNR_staging/train/2um/HFocusing_5_10_2um2_0_1373.npy,symlinked
2um,test,P0/C1_HF_5_10_2um_doublet2/HFocusing_5_10_2um2_0_1377.npy,particles2SNR_pipeline/output/p0_c1_particles2SNR_staging/test/2um/HFocusing_5_10_2um2_0_1377.npy,symlinked
2um,train,P0/C1_HF_5_10_2um_doublet2/HFocusing_5_10_2um2_0_138.npy,particles2SNR_pipeline/output/p0_c1_particles2SNR_staging/train/2um/HFocusing_5_10_2um2_0_138.npy,symlinked
2um,train,P0/C1_HF_5_10_2um_doublet2/HFocusing_5_10_2um2_0_1380.npy,particles2SNR_pipeline/output/p0_c1_particles2SNR_staging/train/2um/HFocusing_5_10_2um2_0_1380.npy,symlinked
2um,train,P0/C1_HF_5_10_2um_doublet2/HFocusing_5_10_2um2_0_1383.npy,particles2SNR_pipeline/output/p0_c1_particles2SNR_staging/train/2um/HFocusing_5_10_2um2_0_1383.npy,symlinked
2um,train,P0/C1_HF_5_10_2um_doublet2/HFocusing_5_10_2um2_0_1386.npy,particles2SNR_pipeline/output/p0_c1_particles2SNR_staging/train/2um/HFocusing_5_10_2um2_0_1386.npy,symlinked
2um,train,P0/C1_HF_5_10_2um_doublet2/HFocusing_5_10_2um2_0_1389.npy,particles2SNR_pipeline/output/p0_c1_particles2SNR_staging/train/2um/HFocusing_5_10_2um2_0_1389.npy,symlinked
2um,train,P0/C1_HF_5_10_2um_doublet2/HFocusing_5_10_2um2_0_1393.npy,particles2SNR_pipeline/output/p0_c1_particles2SNR_staging/train/2um/HFocusing_5_10_2um2_0_1393.npy,symlinked
2um,train,P0/C1_HF_5_10_2um_doublet2/HFocusing_5_10_2um2_0_1396.npy,particles2SNR_pipeline/output/p0_c1_particles2SNR_staging/train/2um/HFocusing_5_10_2um2_0_1396.npy,symlinked
2um,train,P0/C1_HF_5_10_2um_doublet2/HFocusing_5_10_2um2_0_14.npy,particles2SNR_pipeline/output/p0_c1_particles2SNR_staging/train/2um/HFocusing_5_10_2um2_0_14.npy,symlinked
2um,train,P0/C1_HF_5_10_2um_doublet2/HFocusing_5_10_2um2_0_1400.npy,particles2SNR_pipeline/output/p0_c1_particles2SNR_staging/train/2um/HFocusing_5_10_2um2_0_1400.npy,symlinked
2um,train,P0/C1_HF_5_10_2um_doublet2/HFocusing_5_10_2um2_0_1403.npy,particles2SNR_pipeline/output/p0_c1_particles2SNR_staging/train/2um/HFocusing_5_10_2um2_0_1403.npy,symlinked
2um,test,P0/C1_HF_5_10_2um_doublet2/HFocusing_5_10_2um2_0_1406.npy,particles2SNR_pipeline/output/p0_c1_particles2SNR_staging/test/2um/HFocusing_5_10_2um2_0_1406.npy,symlinked
2um,train,P0/C1_HF_5_10_2um_doublet2/HFocusing_5_10_2um2_0_1407.npy,particles2SNR_pipeline/output/p0_c1_particles2SNR_staging/train/2um/HFocusing_5_10_2um2_0_1407.npy,symlinked
2um,train,P0/C1_HF_5_10_2um_doublet2/HFocusing_5_10_2um2_0_141.npy,particles2SNR_pipeline/output/p0_c1_particles2SNR_staging/train/2um/HFocusing_5_10_2um2_0_141.npy,symlinked
2um,train,P0/C1_HF_5_10_2um_doublet2/HFocusing_5_10_2um2_0_1410.npy,particles2SNR_pipeline/output/p0_c1_particles2SNR_staging/train/2um/HFocusing_5_10_2um2_0_1410.npy,symlinked
2um,train,P0/C1_HF_5_10_2um_doublet2/HFocusing_5_10_2um2_0_1411.npy,particles2SNR_pipeline/output/p0_c1_particles2SNR_staging/train/2um/HFocusing_5_10_2um2_0_1411.npy,symlinked
2um,test,P0/C1_HF_5_10_2um_doublet2/HFocusing_5_10_2um2_0_1414.npy,particles2SNR_pipeline/output/p0_c1_particles2SNR_staging/test/2um/HFocusing_5_10_2um2_0_1414.npy,symlinked
2um,train,P0/C1_HF_5_10_2um_doublet2/HFocusing_5_10_2um2_0_1415.npy,particles2SNR_pipeline/output/p0_c1_particles2SNR_staging/train/2um/HFocusing_5_10_2um2_0_1415.npy,symlinked
2um,train,P0/C1_HF_5_10_2um_doublet2/HFocusing_5_10_2um2_0_1417.npy,particles2SNR_pipeline/output/p0_c1_particles2SNR_staging/train/2um/HFocusing_5_10_2um2_0_1417.npy,symlinked
2um,train,P0/C1_HF_5_10_2um_doublet2/HFocusing_5_10_2um2_0_1418.npy,particles2SNR_pipeline/output/p0_c1_particles2SNR_staging/train/2um/HFocusing_5_10_2um2_0_1418.npy,symlinked
2um,train,P0/C1_HF_5_10_2um_doublet2/HFocusing_5_10_2um2_0_142.npy,particles2SNR_pipeline/output/p0_c1_particles2SNR_staging/train/2um/HFocusing_5_10_2um2_0_142.npy,symlinked
2um,train,P0/C1_HF_5_10_2um_doublet2/HFocusing_5_10_2um2_0_1421.npy,particles2SNR_pipeline/output/p0_c1_particles2SNR_staging/train/2um/HFocusing_5_10_2um2_0_1421.npy,symlinked
2um,train,P0/C1_HF_5_10_2um_doublet2/HFocusing_5_10_2um2_0_1422.npy,particles2SNR_pipeline/output/p0_c1_particles2SNR_staging/train/2um/HFocusing_5_10_2um2_0_1422.npy,symlinked
2um,train,P0/C1_HF_5_10_2um_doublet2/HFocusing_5_10_2um2_0_1425.npy,particles2SNR_pipeline/output/p0_c1_particles2SNR_staging/train/2um/HFocusing_5_10_2um2_0_1425.npy,symlinked
2um,train,P0/C1_HF_5_10_2um_doublet2/HFocusing_5_10_2um2_0_1428.npy,particles2SNR_pipeline/output/p0_c1_particles2SNR_staging/train/2um/HFocusing_5_10_2um2_0_1428.npy,symlinked
2um,train,P0/C1_HF_5_10_2um_doublet2/HFocusing_5_10_2um2_0_1429.npy,particles2SNR_pipeline/output/p0_c1_particles2SNR_staging/train/2um/HFocusing_5_10_2um2_0_1429.npy,symlinked
2um,test,P0/C1_HF_5_10_2um_doublet2/HFocusing_5_10_2um2_0_1432.npy,particles2SNR_pipeline/output/p0_c1_particles2SNR_staging/test/2um/HFocusing_5_10_2um2_0_1432.npy,symlinked
2um,train,P0/C1_HF_5_10_2um_doublet2/HFocusing_5_10_2um2_0_1435.npy,particles2SNR_pipeline/output/p0_c1_particles2SNR_staging/train/2um/HFocusing_5_10_2um2_0_1435.npy,symlinked
2um,train,P0/C1_HF_5_10_2um_doublet2/HFocusing_5_10_2um2_0_1436.npy,particles2SNR_pipeline/output/p0_c1_particles2SNR_staging/train/2um/HFocusing_5_10_2um2_0_1436.npy,symlinked
2um,train,P0/C1_HF_5_10_2um_doublet2/HFocusing_5_10_2um2_0_1439.npy,particles2SNR_pipeline/output/p0_c1_particles2SNR_staging/train/2um/HFocusing_5_10_2um2_0_1439.npy,symlinked
2um,train,P0/C1_HF_5_10_2um_doublet2/HFocusing_5_10_2um2_0_144.npy,particles2SNR_pipeline/output/p0_c1_particles2SNR_staging/train/2um/HFocusing_5_10_2um2_0_144.npy,symlinked
2um,train,P0/C1_HF_5_10_2um_doublet2/HFocusing_5_10_2um2_0_1440.npy,particles2SNR_pipeline/output/p0_c1_particles2SNR_staging/train/2um/HFocusing_5_10_2um2_0_1440.npy,symlinked
2um,train,P0/C1_HF_5_10_2um_doublet2/HFocusing_5_10_2um2_0_1443.npy,particles2SNR_pipeline/output/p0_c1_particles2SNR_staging/train/2um/HFocusing_5_10_2um2_0_1443.npy,symlinked
2um,test,P0/C1_HF_5_10_2um_doublet2/HFocusing_5_10_2um2_0_1444.npy,particles2SNR_pipeline/output/p0_c1_particles2SNR_staging/test/2um/HFocusing_5_10_2um2_0_1444.npy,symlinked
2um,train,P0/C1_HF_5_10_2um_doublet2/HFocusing_5_10_2um2_0_1447.npy,particles2SNR_pipeline/output/p0_c1_particles2SNR_staging/train/2um/HFocusing_5_10_2um2_0_1447.npy,symlinked
2um,test,P0/C1_HF_5_10_2um_doublet2/HFocusing_5_10_2um2_0_1448.npy,particles2SNR_pipeline/output/p0_c1_particles2SNR_staging/test/2um/HFocusing_5_10_2um2_0_1448.npy,symlinked
2um,test,P0/C1_HF_5_10_2um_doublet2/HFocusing_5_10_2um2_0_145.npy,particles2SNR_pipeline/output/p0_c1_particles2SNR_staging/test/2um/HFocusing_5_10_2um2_0_145.npy,symlinked
2um,train,P0/C1_HF_5_10_2um_doublet2/HFocusing_5_10_2um2_0_1451.npy,particles2SNR_pipeline/output/p0_c1_particles2SNR_staging/train/2um/HFocusing_5_10_2um2_0_1451.npy,symlinked
2um,train,P0/C1_HF_5_10_2um_doublet2/HFocusing_5_10_2um2_0_1452.npy,particles2SNR_pipeline/output/p0_c1_particles2SNR_staging/train/2um/HFocusing_5_10_2um2_0_1452.npy,symlinked
2um,train,P0/C1_HF_5_10_2um_doublet2/HFocusing_5_10_2um2_0_1455.npy,particles2SNR_pipeline/output/p0_c1_particles2SNR_staging/train/2um/HFocusing_5_10_2um2_0_1455.npy,symlinked
2um,train,P0/C1_HF_5_10_2um_doublet2/HFocusing_5_10_2um2_0_1456.npy,particles2SNR_pipeline/output/p0_c1_particles2SNR_staging/train/2um/HFocusing_5_10_2um2_0_1456.npy,symlinked
2um,train,P0/C1_HF_5_10_2um_doublet2/HFocusing_5_10_2um2_0_1459.npy,particles2SNR_pipeline/output/p0_c1_particles2SNR_staging/train/2um/HFocusing_5_10_2um2_0_1459.npy,symlinked
2um,train,P0/C1_HF_5_10_2um_doublet2/HFocusing_5_10_2um2_0_1460.npy,particles2SNR_pipeline/output/p0_c1_particles2SNR_staging/train/2um/HFocusing_5_10_2um2_0_1460.npy,symlinked
2um,train,P0/C1_HF_5_10_2um_doublet2/HFocusing_5_10_2um2_0_1463.npy,particles2SNR_pipeline/output/p0_c1_particles2SNR_staging/train/2um/HFocusing_5_10_2um2_0_1463.npy,symlinked
2um,train,P0/C1_HF_5_10_2um_doublet2/HFocusing_5_10_2um2_0_1466.npy,particles2SNR_pipeline/output/p0_c1_particles2SNR_staging/train/2um/HFocusing_5_10_2um2_0_1466.npy,symlinked
2um,test,P0/C1_HF_5_10_2um_doublet2/HFocusing_5_10_2um2_0_1467.npy,particles2SNR_pipeline/output/p0_c1_particles2SNR_staging/test/2um/HFocusing_5_10_2um2_0_1467.npy,symlinked
2um,train,P0/C1_HF_5_10_2um_doublet2/HFocusing_5_10_2um2_0_1469.npy,particles2SNR_pipeline/output/p0_c1_particles2SNR_staging/train/2um/HFocusing_5_10_2um2_0_1469.npy,symlinked
2um,train,P0/C1_HF_5_10_2um_doublet2/HFocusing_5_10_2um2_0_1470.npy,particles2SNR_pipeline/output/p0_c1_particles2SNR_staging/train/2um/HFocusing_5_10_2um2_0_1470.npy,symlinked
2um,train,P0/C1_HF_5_10_2um_doublet2/HFocusing_5_10_2um2_0_1473.npy,particles2SNR_pipeline/output/p0_c1_particles2SNR_staging/train/2um/HFocusing_5_10_2um2_0_1473.npy,symlinked
2um,test,P0/C1_HF_5_10_2um_doublet2/HFocusing_5_10_2um2_0_1474.npy,particles2SNR_pipeline/output/p0_c1_particles2SNR_staging/test/2um/HFocusing_5_10_2um2_0_1474.npy,symlinked
2um,test,P0/C1_HF_5_10_2um_doublet2/HFocusing_5_10_2um2_0_1476.npy,particles2SNR_pipeline/output/p0_c1_particles2SNR_staging/test/2um/HFocusing_5_10_2um2_0_1476.npy,symlinked
2um,test,P0/C1_HF_5_10_2um_doublet2/HFocusing_5_10_2um2_0_1477.npy,particles2SNR_pipeline/output/p0_c1_particles2SNR_staging/test/2um/HFocusing_5_10_2um2_0_1477.npy,symlinked
2um,train,P0/C1_HF_5_10_2um_doublet2/HFocusing_5_10_2um2_0_148.npy,particles2SNR_pipeline/output/p0_c1_particles2SNR_staging/train/2um/HFocusing_5_10_2um2_0_148.npy,symlinked
2um,train,P0/C1_HF_5_10_2um_doublet2/HFocusing_5_10_2um2_0_1480.npy,particles2SNR_pipeline/output/p0_c1_particles2SNR_staging/train/2um/HFocusing_5_10_2um2_0_1480.npy,symlinked
2um,train,P0/C1_HF_5_10_2um_doublet2/HFocusing_5_10_2um2_0_1484.npy,particles2SNR_pipeline/output/p0_c1_particles2SNR_staging/train/2um/HFocusing_5_10_2um2_0_1484.npy,symlinked
2um,train,P0/C1_HF_5_10_2um_doublet2/HFocusing_5_10_2um2_0_1487.npy,particles2SNR_pipeline/output/p0_c1_particles2SNR_staging/train/2um/HFocusing_5_10_2um2_0_1487.npy,symlinked
2um,train,P0/C1_HF_5_10_2um_doublet2/HFocusing_5_10_2um2_0_149.npy,particles2SNR_pipeline/output/p0_c1_particles2SNR_staging/train/2um/HFocusing_5_10_2um2_0_149.npy,symlinked
2um,train,P0/C1_HF_5_10_2um_doublet2/HFocusing_5_10_2um2_0_1490.npy,particles2SNR_pipeline/output/p0_c1_particles2SNR_staging/train/2um/HFocusing_5_10_2um2_0_1490.npy,symlinked
2um,train,P0/C1_HF_5_10_2um_doublet2/HFocusing_5_10_2um2_0_1491.npy,particles2SNR_pipeline/output/p0_c1_particles2SNR_staging/train/2um/HFocusing_5_10_2um2_0_1491.npy,symlinked
2um,train,P0/C1_HF_5_10_2um_doublet2/HFocusing_5_10_2um2_0_1494.npy,particles2SNR_pipeline/output/p0_c1_particles2SNR_staging/train/2um/HFocusing_5_10_2um2_0_1494.npy,symlinked
2um,train,P0/C1_HF_5_10_2um_doublet2/HFocusing_5_10_2um2_0_1497.npy,particles2SNR_pipeline/output/p0_c1_particles2SNR_staging/train/2um/HFocusing_5_10_2um2_0_1497.npy,symlinked
2um,test,P0/C1_HF_5_10_2um_doublet2/HFocusing_5_10_2um2_0_1498.npy,particles2SNR_pipeline/output/p0_c1_particles2SNR_staging/test/2um/HFocusing_5_10_2um2_0_1498.npy,symlinked
2um,train,P0/C1_HF_5_10_2um_doublet2/HFocusing_5_10_2um2_0_1501.npy,particles2SNR_pipeline/output/p0_c1_particles2SNR_staging/train/2um/HFocusing_5_10_2um2_0_1501.npy,symlinked
2um,train,P0/C1_HF_5_10_2um_doublet2/HFocusing_5_10_2um2_0_1502.npy,particles2SNR_pipeline/output/p0_c1_particles2SNR_staging/train/2um/HFocusing_5_10_2um2_0_1502.npy,symlinked
2um,train,P0/C1_HF_5_10_2um_doublet2/HFocusing_5_10_2um2_0_1505.npy,particles2SNR_pipeline/output/p0_c1_particles2SNR_staging/train/2um/HFocusing_5_10_2um2_0_1505.npy,symlinked
2um,test,P0/C1_HF_5_10_2um_doublet2/HFocusing_5_10_2um2_0_1506.npy,particles2SNR_pipeline/output/p0_c1_particles2SNR_staging/test/2um/HFocusing_5_10_2um2_0_1506.npy,symlinked
2um,train,P0/C1_HF_5_10_2um_doublet2/HFocusing_5_10_2um2_0_1509.npy,particles2SNR_pipeline/output/p0_c1_particles2SNR_staging/train/2um/HFocusing_5_10_2um2_0_1509.npy,symlinked
2um,train,P0/C1_HF_5_10_2um_doublet2/HFocusing_5_10_2um2_0_1510.npy,particles2SNR_pipeline/output/p0_c1_particles2SNR_staging/train/2um/HFocusing_5_10_2um2_0_1510.npy,symlinked
2um,train,P0/C1_HF_5_10_2um_doublet2/HFocusing_5_10_2um2_0_1513.npy,particles2SNR_pipeline/output/p0_c1_particles2SNR_staging/train/2um/HFocusing_5_10_2um2_0_1513.npy,symlinked
2um,train,P0/C1_HF_5_10_2um_doublet2/HFocusing_5_10_2um2_0_1514.npy,particles2SNR_pipeline/output/p0_c1_particles2SNR_staging/train/2um/HFocusing_5_10_2um2_0_1514.npy,symlinked
2um,train,P0/C1_HF_5_10_2um_doublet2/HFocusing_5_10_2um2_0_1517.npy,particles2SNR_pipeline/output/p0_c1_particles2SNR_staging/train/2um/HFocusing_5_10_2um2_0_1517.npy,symlinked
2um,train,P0/C1_HF_5_10_2um_doublet2/HFocusing_5_10_2um2_0_1518.npy,particles2SNR_pipeline/output/p0_c1_particles2SNR_staging/train/2um/HFocusing_5_10_2um2_0_1518.npy,symlinked
2um,train,P0/C1_HF_5_10_2um_doublet2/HFocusing_5_10_2um2_0_152.npy,particles2SNR_pipeline/output/p0_c1_particles2SNR_staging/train/2um/HFocusing_5_10_2um2_0_152.npy,symlinked
2um,train,P0/C1_HF_5_10_2um_doublet2/HFocusing_5_10_2um2_0_1521.npy,particles2SNR_pipeline/output/p0_c1_particles2SNR_staging/train/2um/HFocusing_5_10_2um2_0_1521.npy,symlinked
2um,train,P0/C1_HF_5_10_2um_doublet2/HFocusing_5_10_2um2_0_1522.npy,particles2SNR_pipeline/output/p0_c1_particles2SNR_staging/train/2um/HFocusing_5_10_2um2_0_1522.npy,symlinked
2um,train,P0/C1_HF_5_10_2um_doublet2/HFocusing_5_10_2um2_0_1525.npy,particles2SNR_pipeline/output/p0_c1_particles2SNR_staging/train/2um/HFocusing_5_10_2um2_0_1525.npy,symlinked
2um,train,P0/C1_HF_5_10_2um_doublet2/HFocusing_5_10_2um2_0_1528.npy,particles2SNR_pipeline/output/p0_c1_particles2SNR_staging/train/2um/HFocusing_5_10_2um2_0_1528.npy,symlinked
2um,train,P0/C1_HF_5_10_2um_doublet2/HFocusing_5_10_2um2_0_1529.npy,particles2SNR_pipeline/output/p0_c1_particles2SNR_staging/train/2um/HFocusing_5_10_2um2_0_1529.npy,symlinked
2um,train,P0/C1_HF_5_10_2um_doublet2/HFocusing_5_10_2um2_0_1532.npy,particles2SNR_pipeline/output/p0_c1_particles2SNR_staging/train/2um/HFocusing_5_10_2um2_0_1532.npy,symlinked
2um,train,P0/C1_HF_5_10_2um_doublet2/HFocusing_5_10_2um2_0_1533.npy,particles2SNR_pipeline/output/p0_c1_particles2SNR_staging/train/2um/HFocusing_5_10_2um2_0_1533.npy,symlinked
2um,train,P0/C1_HF_5_10_2um_doublet2/HFocusing_5_10_2um2_0_1536.npy,particles2SNR_pipeline/output/p0_c1_particles2SNR_staging/train/2um/HFocusing_5_10_2um2_0_1536.npy,symlinked
2um,train,P0/C1_HF_5_10_2um_doublet2/HFocusing_5_10_2um2_0_1539.npy,particles2SNR_pipeline/output/p0_c1_particles2SNR_staging/train/2um/HFocusing_5_10_2um2_0_1539.npy,symlinked
2um,train,P0/C1_HF_5_10_2um_doublet2/HFocusing_5_10_2um2_0_1540.npy,particles2SNR_pipeline/output/p0_c1_particles2SNR_staging/train/2um/HFocusing_5_10_2um2_0_1540.npy,symlinked
2um,train,P0/C1_HF_5_10_2um_doublet2/HFocusing_5_10_2um2_0_1542.npy,particles2SNR_pipeline/output/p0_c1_particles2SNR_staging/train/2um/HFocusing_5_10_2um2_0_1542.npy,symlinked
2um,train,P0/C1_HF_5_10_2um_doublet2/HFocusing_5_10_2um2_0_1546.npy,particles2SNR_pipeline/output/p0_c1_particles2SNR_staging/train/2um/HFocusing_5_10_2um2_0_1546.npy,symlinked
2um,train,P0/C1_HF_5_10_2um_doublet2/HFocusing_5_10_2um2_0_1549.npy,particles2SNR_pipeline/output/p0_c1_particles2SNR_staging/train/2um/HFocusing_5_10_2um2_0_1549.npy,symlinked
2um,train,P0/C1_HF_5_10_2um_doublet2/HFocusing_5_10_2um2_0_155.npy,particles2SNR_pipeline/output/p0_c1_particles2SNR_staging/train/2um/HFocusing_5_10_2um2_0_155.npy,symlinked
2um,train,P0/C1_HF_5_10_2um_doublet2/HFocusing_5_10_2um2_0_1550.npy,particles2SNR_pipeline/output/p0_c1_particles2SNR_staging/train/2um/HFocusing_5_10_2um2_0_1550.npy,symlinked
2um,train,P0/C1_HF_5_10_2um_doublet2/HFocusing_5_10_2um2_0_1553.npy,particles2SNR_pipeline/output/p0_c1_particles2SNR_staging/train/2um/HFocusing_5_10_2um2_0_1553.npy,symlinked
2um,train,P0/C1_HF_5_10_2um_doublet2/HFocusing_5_10_2um2_0_1554.npy,particles2SNR_pipeline/output/p0_c1_particles2SNR_staging/train/2um/HFocusing_5_10_2um2_0_1554.npy,symlinked
2um,train,P0/C1_HF_5_10_2um_doublet2/HFocusing_5_10_2um2_0_1557.npy,particles2SNR_pipeline/output/p0_c1_particles2SNR_staging/train/2um/HFocusing_5_10_2um2_0_1557.npy,symlinked
2um,test,P0/C1_HF_5_10_2um_doublet2/HFocusing_5_10_2um2_0_1560.npy,particles2SNR_pipeline/output/p0_c1_particles2SNR_staging/test/2um/HFocusing_5_10_2um2_0_1560.npy,symlinked
2um,train,P0/C1_HF_5_10_2um_doublet2/HFocusing_5_10_2um2_0_1563.npy,particles2SNR_pipeline/output/p0_c1_particles2SNR_staging/train/2um/HFocusing_5_10_2um2_0_1563.npy,symlinked
2um,train,P0/C1_HF_5_10_2um_doublet2/HFocusing_5_10_2um2_0_1564.npy,particles2SNR_pipeline/output/p0_c1_particles2SNR_staging/train/2um/HFocusing_5_10_2um2_0_1564.npy,symlinked
2um,test,P0/C1_HF_5_10_2um_doublet2/HFocusing_5_10_2um2_0_1568.npy,particles2SNR_pipeline/output/p0_c1_particles2SNR_staging/test/2um/HFocusing_5_10_2um2_0_1568.npy,symlinked
2um,train,P0/C1_HF_5_10_2um_doublet2/HFocusing_5_10_2um2_0_1571.npy,particles2SNR_pipeline/output/p0_c1_particles2SNR_staging/train/2um/HFocusing_5_10_2um2_0_1571.npy,symlinked
2um,train,P0/C1_HF_5_10_2um_doublet2/HFocusing_5_10_2um2_0_1572.npy,particles2SNR_pipeline/output/p0_c1_particles2SNR_staging/train/2um/HFocusing_5_10_2um2_0_1572.npy,symlinked
2um,train,P0/C1_HF_5_10_2um_doublet2/HFocusing_5_10_2um2_0_1575.npy,particles2SNR_pipeline/output/p0_c1_particles2SNR_staging/train/2um/HFocusing_5_10_2um2_0_1575.npy,symlinked
2um,train,P0/C1_HF_5_10_2um_doublet2/HFocusing_5_10_2um2_0_1576.npy,particles2SNR_pipeline/output/p0_c1_particles2SNR_staging/train/2um/HFocusing_5_10_2um2_0_1576.npy,symlinked
2um,train,P0/C1_HF_5_10_2um_doublet2/HFocusing_5_10_2um2_0_1579.npy,particles2SNR_pipeline/output/p0_c1_particles2SNR_staging/train/2um/HFocusing_5_10_2um2_0_1579.npy,symlinked
2um,train,P0/C1_HF_5_10_2um_doublet2/HFocusing_5_10_2um2_0_1580.npy,particles2SNR_pipeline/output/p0_c1_particles2SNR_staging/train/2um/HFocusing_5_10_2um2_0_1580.npy,symlinked
2um,train,P0/C1_HF_5_10_2um_doublet2/HFocusing_5_10_2um2_0_1583.npy,particles2SNR_pipeline/output/p0_c1_particles2SNR_staging/train/2um/HFocusing_5_10_2um2_0_1583.npy,symlinked
2um,train,P0/C1_HF_5_10_2um_doublet2/HFocusing_5_10_2um2_0_1584.npy,particles2SNR_pipeline/output/p0_c1_particles2SNR_staging/train/2um/HFocusing_5_10_2um2_0_1584.npy,symlinked
2um,train,P0/C1_HF_5_10_2um_doublet2/HFocusing_5_10_2um2_0_1586.npy,particles2SNR_pipeline/output/p0_c1_particles2SNR_staging/train/2um/HFocusing_5_10_2um2_0_1586.npy,symlinked
2um,train,P0/C1_HF_5_10_2um_doublet2/HFocusing_5_10_2um2_0_1587.npy,particles2SNR_pipeline/output/p0_c1_particles2SNR_staging/train/2um/HFocusing_5_10_2um2_0_1587.npy,symlinked
2um,train,P0/C1_HF_5_10_2um_doublet2/HFocusing_5_10_2um2_0_1589.npy,particles2SNR_pipeline/output/p0_c1_particles2SNR_staging/train/2um/HFocusing_5_10_2um2_0_1589.npy,symlinked
2um,train,P0/C1_HF_5_10_2um_doublet2/HFocusing_5_10_2um2_0_159.npy,particles2SNR_pipeline/output/p0_c1_particles2SNR_staging/train/2um/HFocusing_5_10_2um2_0_159.npy,symlinked
2um,train,P0/C1_HF_5_10_2um_doublet2/HFocusing_5_10_2um2_0_1590.npy,particles2SNR_pipeline/output/p0_c1_particles2SNR_staging/train/2um/HFocusing_5_10_2um2_0_1590.npy,symlinked
2um,train,P0/C1_HF_5_10_2um_doublet2/HFocusing_5_10_2um2_0_1593.npy,particles2SNR_pipeline/output/p0_c1_particles2SNR_staging/train/2um/HFocusing_5_10_2um2_0_1593.npy,symlinked
2um,train,P0/C1_HF_5_10_2um_doublet2/HFocusing_5_10_2um2_0_1596.npy,particles2SNR_pipeline/output/p0_c1_particles2SNR_staging/train/2um/HFocusing_5_10_2um2_0_1596.npy,symlinked
2um,train,P0/C1_HF_5_10_2um_doublet2/HFocusing_5_10_2um2_0_1597.npy,particles2SNR_pipeline/output/p0_c1_particles2SNR_staging/train/2um/HFocusing_5_10_2um2_0_1597.npy,symlinked
2um,train,P0/C1_HF_5_10_2um_doublet2/HFocusing_5_10_2um2_0_16.npy,particles2SNR_pipeline/output/p0_c1_particles2SNR_staging/train/2um/HFocusing_5_10_2um2_0_16.npy,symlinked
2um,train,P0/C1_HF_5_10_2um_doublet2/HFocusing_5_10_2um2_0_1600.npy,particles2SNR_pipeline/output/p0_c1_particles2SNR_staging/train/2um/HFocusing_5_10_2um2_0_1600.npy,symlinked
2um,train,P0/C1_HF_5_10_2um_doublet2/HFocusing_5_10_2um2_0_1601.npy,particles2SNR_pipeline/output/p0_c1_particles2SNR_staging/train/2um/HFocusing_5_10_2um2_0_1601.npy,symlinked
2um,train,P0/C1_HF_5_10_2um_doublet2/HFocusing_5_10_2um2_0_1604.npy,particles2SNR_pipeline/output/p0_c1_particles2SNR_staging/train/2um/HFocusing_5_10_2um2_0_1604.npy,symlinked
2um,train,P0/C1_HF_5_10_2um_doublet2/HFocusing_5_10_2um2_0_1605.npy,particles2SNR_pipeline/output/p0_c1_particles2SNR_staging/train/2um/HFocusing_5_10_2um2_0_1605.npy,symlinked
2um,train,P0/C1_HF_5_10_2um_doublet2/HFocusing_5_10_2um2_0_1607.npy,particles2SNR_pipeline/output/p0_c1_particles2SNR_staging/train/2um/HFocusing_5_10_2um2_0_1607.npy,symlinked
2um,train,P0/C1_HF_5_10_2um_doublet2/HFocusing_5_10_2um2_0_1608.npy,particles2SNR_pipeline/output/p0_c1_particles2SNR_staging/train/2um/HFocusing_5_10_2um2_0_1608.npy,symlinked
2um,test,P0/C1_HF_5_10_2um_doublet2/HFocusing_5_10_2um2_0_1612.npy,particles2SNR_pipeline/output/p0_c1_particles2SNR_staging/test/2um/HFocusing_5_10_2um2_0_1612.npy,symlinked
2um,test,P0/C1_HF_5_10_2um_doublet2/HFocusing_5_10_2um2_0_1615.npy,particles2SNR_pipeline/output/p0_c1_particles2SNR_staging/test/2um/HFocusing_5_10_2um2_0_1615.npy,symlinked
2um,test,P0/C1_HF_5_10_2um_doublet2/HFocusing_5_10_2um2_0_1616.npy,particles2SNR_pipeline/output/p0_c1_particles2SNR_staging/test/2um/HFocusing_5_10_2um2_0_1616.npy,symlinked
2um,train,P0/C1_HF_5_10_2um_doublet2/HFocusing_5_10_2um2_0_1619.npy,particles2SNR_pipeline/output/p0_c1_particles2SNR_staging/train/2um/HFocusing_5_10_2um2_0_1619.npy,symlinked
2um,test,P0/C1_HF_5_10_2um_doublet2/HFocusing_5_10_2um2_0_162.npy,particles2SNR_pipeline/output/p0_c1_particles2SNR_staging/test/2um/HFocusing_5_10_2um2_0_162.npy,symlinked
2um,train,P0/C1_HF_5_10_2um_doublet2/HFocusing_5_10_2um2_0_1620.npy,particles2SNR_pipeline/output/p0_c1_particles2SNR_staging/train/2um/HFocusing_5_10_2um2_0_1620.npy,symlinked
2um,train,P0/C1_HF_5_10_2um_doublet2/HFocusing_5_10_2um2_0_1622.npy,particles2SNR_pipeline/output/p0_c1_particles2SNR_staging/train/2um/HFocusing_5_10_2um2_0_1622.npy,symlinked
2um,test,P0/C1_HF_5_10_2um_doublet2/HFocusing_5_10_2um2_0_1623.npy,particles2SNR_pipeline/output/p0_c1_particles2SNR_staging/test/2um/HFocusing_5_10_2um2_0_1623.npy,symlinked
2um,train,P0/C1_HF_5_10_2um_doublet2/HFocusing_5_10_2um2_0_1626.npy,particles2SNR_pipeline/output/p0_c1_particles2SNR_staging/train/2um/HFocusing_5_10_2um2_0_1626.npy,symlinked
2um,train,P0/C1_HF_5_10_2um_doublet2/HFocusing_5_10_2um2_0_1627.npy,particles2SNR_pipeline/output/p0_c1_particles2SNR_staging/train/2um/HFocusing_5_10_2um2_0_1627.npy,symlinked
2um,train,P0/C1_HF_5_10_2um_doublet2/HFocusing_5_10_2um2_0_1630.npy,particles2SNR_pipeline/output/p0_c1_particles2SNR_staging/train/2um/HFocusing_5_10_2um2_0_1630.npy,symlinked
2um,train,P0/C1_HF_5_10_2um_doublet2/HFocusing_5_10_2um2_0_1634.npy,particles2SNR_pipeline/output/p0_c1_particles2SNR_staging/train/2um/HFocusing_5_10_2um2_0_1634.npy,symlinked
2um,train,P0/C1_HF_5_10_2um_doublet2/HFocusing_5_10_2um2_0_1637.npy,particles2SNR_pipeline/output/p0_c1_particles2SNR_staging/train/2um/HFocusing_5_10_2um2_0_1637.npy,symlinked
2um,train,P0/C1_HF_5_10_2um_doublet2/HFocusing_5_10_2um2_0_1638.npy,particles2SNR_pipeline/output/p0_c1_particles2SNR_staging/train/2um/HFocusing_5_10_2um2_0_1638.npy,symlinked
2um,train,P0/C1_HF_5_10_2um_doublet2/HFocusing_5_10_2um2_0_1641.npy,particles2SNR_pipeline/output/p0_c1_particles2SNR_staging/train/2um/HFocusing_5_10_2um2_0_1641.npy,symlinked
2um,train,P0/C1_HF_5_10_2um_doublet2/HFocusing_5_10_2um2_0_1644.npy,particles2SNR_pipeline/output/p0_c1_particles2SNR_staging/train/2um/HFocusing_5_10_2um2_0_1644.npy,symlinked
2um,train,P0/C1_HF_5_10_2um_doublet2/HFocusing_5_10_2um2_0_1645.npy,particles2SNR_pipeline/output/p0_c1_particles2SNR_staging/train/2um/HFocusing_5_10_2um2_0_1645.npy,symlinked
2um,train,P0/C1_HF_5_10_2um_doublet2/HFocusing_5_10_2um2_0_1648.npy,particles2SNR_pipeline/output/p0_c1_particles2SNR_staging/train/2um/HFocusing_5_10_2um2_0_1648.npy,symlinked
2um,train,P0/C1_HF_5_10_2um_doublet2/HFocusing_5_10_2um2_0_1649.npy,particles2SNR_pipeline/output/p0_c1_particles2SNR_staging/train/2um/HFocusing_5_10_2um2_0_1649.npy,symlinked
2um,train,P0/C1_HF_5_10_2um_doublet2/HFocusing_5_10_2um2_0_165.npy,particles2SNR_pipeline/output/p0_c1_particles2SNR_staging/train/2um/HFocusing_5_10_2um2_0_165.npy,symlinked
2um,train,P0/C1_HF_5_10_2um_doublet2/HFocusing_5_10_2um2_0_1652.npy,particles2SNR_pipeline/output/p0_c1_particles2SNR_staging/train/2um/HFocusing_5_10_2um2_0_1652.npy,symlinked
2um,test,P0/C1_HF_5_10_2um_doublet2/HFocusing_5_10_2um2_0_1653.npy,particles2SNR_pipeline/output/p0_c1_particles2SNR_staging/test/2um/HFocusing_5_10_2um2_0_1653.npy,symlinked
2um,train,P0/C1_HF_5_10_2um_doublet2/HFocusing_5_10_2um2_0_1656.npy,particles2SNR_pipeline/output/p0_c1_particles2SNR_staging/train/2um/HFocusing_5_10_2um2_0_1656.npy,symlinked
2um,test,P0/C1_HF_5_10_2um_doublet2/HFocusing_5_10_2um2_0_1659.npy,particles2SNR_pipeline/output/p0_c1_particles2SNR_staging/test/2um/HFocusing_5_10_2um2_0_1659.npy,symlinked
2um,train,P0/C1_HF_5_10_2um_doublet2/HFocusing_5_10_2um2_0_166.npy,particles2SNR_pipeline/output/p0_c1_particles2SNR_staging/train/2um/HFocusing_5_10_2um2_0_166.npy,symlinked
2um,train,P0/C1_HF_5_10_2um_doublet2/HFocusing_5_10_2um2_0_1660.npy,particles2SNR_pipeline/output/p0_c1_particles2SNR_staging/train/2um/HFocusing_5_10_2um2_0_1660.npy,symlinked
2um,test,P0/C1_HF_5_10_2um_doublet2/HFocusing_5_10_2um2_0_1663.npy,particles2SNR_pipeline/output/p0_c1_particles2SNR_staging/test/2um/HFocusing_5_10_2um2_0_1663.npy,symlinked
2um,test,P0/C1_HF_5_10_2um_doublet2/HFocusing_5_10_2um2_0_1664.npy,particles2SNR_pipeline/output/p0_c1_particles2SNR_staging/test/2um/HFocusing_5_10_2um2_0_1664.npy,symlinked
2um,train,P0/C1_HF_5_10_2um_doublet2/HFocusing_5_10_2um2_0_1667.npy,particles2SNR_pipeline/output/p0_c1_particles2SNR_staging/train/2um/HFocusing_5_10_2um2_0_1667.npy,symlinked
2um,train,P0/C1_HF_5_10_2um_doublet2/HFocusing_5_10_2um2_0_1670.npy,particles2SNR_pipeline/output/p0_c1_particles2SNR_staging/train/2um/HFocusing_5_10_2um2_0_1670.npy,symlinked
2um,train,P0/C1_HF_5_10_2um_doublet2/HFocusing_5_10_2um2_0_1671.npy,particles2SNR_pipeline/output/p0_c1_particles2SNR_staging/train/2um/HFocusing_5_10_2um2_0_1671.npy,symlinked
2um,train,P0/C1_HF_5_10_2um_doublet2/HFocusing_5_10_2um2_0_1673.npy,particles2SNR_pipeline/output/p0_c1_particles2SNR_staging/train/2um/HFocusing_5_10_2um2_0_1673.npy,symlinked
2um,train,P0/C1_HF_5_10_2um_doublet2/HFocusing_5_10_2um2_0_1674.npy,particles2SNR_pipeline/output/p0_c1_particles2SNR_staging/train/2um/HFocusing_5_10_2um2_0_1674.npy,symlinked
2um,train,P0/C1_HF_5_10_2um_doublet2/HFocusing_5_10_2um2_0_1677.npy,particles2SNR_pipeline/output/p0_c1_particles2SNR_staging/train/2um/HFocusing_5_10_2um2_0_1677.npy,symlinked
2um,train,P0/C1_HF_5_10_2um_doublet2/HFocusing_5_10_2um2_0_168.npy,particles2SNR_pipeline/output/p0_c1_particles2SNR_staging/train/2um/HFocusing_5_10_2um2_0_168.npy,symlinked
2um,train,P0/C1_HF_5_10_2um_doublet2/HFocusing_5_10_2um2_0_1680.npy,particles2SNR_pipeline/output/p0_c1_particles2SNR_staging/train/2um/HFocusing_5_10_2um2_0_1680.npy,symlinked
2um,train,P0/C1_HF_5_10_2um_doublet2/HFocusing_5_10_2um2_0_1681.npy,particles2SNR_pipeline/output/p0_c1_particles2SNR_staging/train/2um/HFocusing_5_10_2um2_0_1681.npy,symlinked
2um,train,P0/C1_HF_5_10_2um_doublet2/HFocusing_5_10_2um2_0_1684.npy,particles2SNR_pipeline/output/p0_c1_particles2SNR_staging/train/2um/HFocusing_5_10_2um2_0_1684.npy,symlinked
2um,test,P0/C1_HF_5_10_2um_doublet2/HFocusing_5_10_2um2_0_1685.npy,particles2SNR_pipeline/output/p0_c1_particles2SNR_staging/test/2um/HFocusing_5_10_2um2_0_1685.npy,symlinked
2um,train,P0/C1_HF_5_10_2um_doublet2/HFocusing_5_10_2um2_0_1688.npy,particles2SNR_pipeline/output/p0_c1_particles2SNR_staging/train/2um/HFocusing_5_10_2um2_0_1688.npy,symlinked
2um,train,P0/C1_HF_5_10_2um_doublet2/HFocusing_5_10_2um2_0_1689.npy,particles2SNR_pipeline/output/p0_c1_particles2SNR_staging/train/2um/HFocusing_5_10_2um2_0_1689.npy,symlinked
2um,test,P0/C1_HF_5_10_2um_doublet2/HFocusing_5_10_2um2_0_169.npy,particles2SNR_pipeline/output/p0_c1_particles2SNR_staging/test/2um/HFocusing_5_10_2um2_0_169.npy,symlinked
2um,train,P0/C1_HF_5_10_2um_doublet2/HFocusing_5_10_2um2_0_1692.npy,particles2SNR_pipeline/output/p0_c1_particles2SNR_staging/train/2um/HFocusing_5_10_2um2_0_1692.npy,symlinked
2um,train,P0/C1_HF_5_10_2um_doublet2/HFocusing_5_10_2um2_0_1696.npy,particles2SNR_pipeline/output/p0_c1_particles2SNR_staging/train/2um/HFocusing_5_10_2um2_0_1696.npy,symlinked
2um,train,P0/C1_HF_5_10_2um_doublet2/HFocusing_5_10_2um2_0_1698.npy,particles2SNR_pipeline/output/p0_c1_particles2SNR_staging/train/2um/HFocusing_5_10_2um2_0_1698.npy,symlinked
2um,train,P0/C1_HF_5_10_2um_doublet2/HFocusing_5_10_2um2_0_1699.npy,particles2SNR_pipeline/output/p0_c1_particles2SNR_staging/train/2um/HFocusing_5_10_2um2_0_1699.npy,symlinked
2um,train,P0/C1_HF_5_10_2um_doublet2/HFocusing_5_10_2um2_0_17.npy,particles2SNR_pipeline/output/p0_c1_particles2SNR_staging/train/2um/HFocusing_5_10_2um2_0_17.npy,symlinked
2um,train,P0/C1_HF_5_10_2um_doublet2/HFocusing_5_10_2um2_0_1702.npy,particles2SNR_pipeline/output/p0_c1_particles2SNR_staging/train/2um/HFocusing_5_10_2um2_0_1702.npy,symlinked
2um,train,P0/C1_HF_5_10_2um_doublet2/HFocusing_5_10_2um2_0_1705.npy,particles2SNR_pipeline/output/p0_c1_particles2SNR_staging/train/2um/HFocusing_5_10_2um2_0_1705.npy,symlinked
2um,test,P0/C1_HF_5_10_2um_doublet2/HFocusing_5_10_2um2_0_1706.npy,particles2SNR_pipeline/output/p0_c1_particles2SNR_staging/test/2um/HFocusing_5_10_2um2_0_1706.npy,symlinked
2um,train,P0/C1_HF_5_10_2um_doublet2/HFocusing_5_10_2um2_0_1709.npy,particles2SNR_pipeline/output/p0_c1_particles2SNR_staging/train/2um/HFocusing_5_10_2um2_0_1709.npy,symlinked
2um,train,P0/C1_HF_5_10_2um_doublet2/HFocusing_5_10_2um2_0_171.npy,particles2SNR_pipeline/output/p0_c1_particles2SNR_staging/train/2um/HFocusing_5_10_2um2_0_171.npy,symlinked
2um,train,P0/C1_HF_5_10_2um_doublet2/HFocusing_5_10_2um2_0_1710.npy,particles2SNR_pipeline/output/p0_c1_particles2SNR_staging/train/2um/HFocusing_5_10_2um2_0_1710.npy,symlinked
2um,train,P0/C1_HF_5_10_2um_doublet2/HFocusing_5_10_2um2_0_1713.npy,particles2SNR_pipeline/output/p0_c1_particles2SNR_staging/train/2um/HFocusing_5_10_2um2_0_1713.npy,symlinked
2um,train,P0/C1_HF_5_10_2um_doublet2/HFocusing_5_10_2um2_0_1716.npy,particles2SNR_pipeline/output/p0_c1_particles2SNR_staging/train/2um/HFocusing_5_10_2um2_0_1716.npy,symlinked
2um,train,P0/C1_HF_5_10_2um_doublet2/HFocusing_5_10_2um2_0_1717.npy,particles2SNR_pipeline/output/p0_c1_particles2SNR_staging/train/2um/HFocusing_5_10_2um2_0_1717.npy,symlinked
2um,train,P0/C1_HF_5_10_2um_doublet2/HFocusing_5_10_2um2_0_1719.npy,particles2SNR_pipeline/output/p0_c1_particles2SNR_staging/train/2um/HFocusing_5_10_2um2_0_1719.npy,symlinked
2um,train,P0/C1_HF_5_10_2um_doublet2/HFocusing_5_10_2um2_0_1720.npy,particles2SNR_pipeline/output/p0_c1_particles2SNR_staging/train/2um/HFocusing_5_10_2um2_0_1720.npy,symlinked
2um,test,P0/C1_HF_5_10_2um_doublet2/HFocusing_5_10_2um2_0_1723.npy,particles2SNR_pipeline/output/p0_c1_particles2SNR_staging/test/2um/HFocusing_5_10_2um2_0_1723.npy,symlinked
2um,train,P0/C1_HF_5_10_2um_doublet2/HFocusing_5_10_2um2_0_1724.npy,particles2SNR_pipeline/output/p0_c1_particles2SNR_staging/train/2um/HFocusing_5_10_2um2_0_1724.npy,symlinked
2um,test,P0/C1_HF_5_10_2um_doublet2/HFocusing_5_10_2um2_0_1727.npy,particles2SNR_pipeline/output/p0_c1_particles2SNR_staging/test/2um/HFocusing_5_10_2um2_0_1727.npy,symlinked
2um,train,P0/C1_HF_5_10_2um_doublet2/HFocusing_5_10_2um2_0_1728.npy,particles2SNR_pipeline/output/p0_c1_particles2SNR_staging/train/2um/HFocusing_5_10_2um2_0_1728.npy,symlinked
2um,train,P0/C1_HF_5_10_2um_doublet2/HFocusing_5_10_2um2_0_1730.npy,particles2SNR_pipeline/output/p0_c1_particles2SNR_staging/train/2um/HFocusing_5_10_2um2_0_1730.npy,symlinked
2um,test,P0/C1_HF_5_10_2um_doublet2/HFocusing_5_10_2um2_0_1731.npy,particles2SNR_pipeline/output/p0_c1_particles2SNR_staging/test/2um/HFocusing_5_10_2um2_0_1731.npy,symlinked
2um,test,P0/C1_HF_5_10_2um_doublet2/HFocusing_5_10_2um2_0_1734.npy,particles2SNR_pipeline/output/p0_c1_particles2SNR_staging/test/2um/HFocusing_5_10_2um2_0_1734.npy,symlinked
2um,train,P0/C1_HF_5_10_2um_doublet2/HFocusing_5_10_2um2_0_1737.npy,particles2SNR_pipeline/output/p0_c1_particles2SNR_staging/train/2um/HFocusing_5_10_2um2_0_1737.npy,symlinked
2um,test,P0/C1_HF_5_10_2um_doublet2/HFocusing_5_10_2um2_0_1740.npy,particles2SNR_pipeline/output/p0_c1_particles2SNR_staging/test/2um/HFocusing_5_10_2um2_0_1740.npy,symlinked
2um,train,P0/C1_HF_5_10_2um_doublet2/HFocusing_5_10_2um2_0_1741.npy,particles2SNR_pipeline/output/p0_c1_particles2SNR_staging/train/2um/HFocusing_5_10_2um2_0_1741.npy,symlinked
2um,train,P0/C1_HF_5_10_2um_doublet2/HFocusing_5_10_2um2_0_1744.npy,particles2SNR_pipeline/output/p0_c1_particles2SNR_staging/train/2um/HFocusing_5_10_2um2_0_1744.npy,symlinked
2um,test,P0/C1_HF_5_10_2um_doublet2/HFocusing_5_10_2um2_0_1745.npy,particles2SNR_pipeline/output/p0_c1_particles2SNR_staging/test/2um/HFocusing_5_10_2um2_0_1745.npy,symlinked
2um,train,P0/C1_HF_5_10_2um_doublet2/HFocusing_5_10_2um2_0_1748.npy,particles2SNR_pipeline/output/p0_c1_particles2SNR_staging/train/2um/HFocusing_5_10_2um2_0_1748.npy,symlinked
2um,train,P0/C1_HF_5_10_2um_doublet2/HFocusing_5_10_2um2_0_1749.npy,particles2SNR_pipeline/output/p0_c1_particles2SNR_staging/train/2um/HFocusing_5_10_2um2_0_1749.npy,symlinked
2um,train,P0/C1_HF_5_10_2um_doublet2/HFocusing_5_10_2um2_0_175.npy,particles2SNR_pipeline/output/p0_c1_particles2SNR_staging/train/2um/HFocusing_5_10_2um2_0_175.npy,symlinked
2um,train,P0/C1_HF_5_10_2um_doublet2/HFocusing_5_10_2um2_0_1752.npy,particles2SNR_pipeline/output/p0_c1_particles2SNR_staging/train/2um/HFocusing_5_10_2um2_0_1752.npy,symlinked
2um,test,P0/C1_HF_5_10_2um_doublet2/HFocusing_5_10_2um2_0_1753.npy,particles2SNR_pipeline/output/p0_c1_particles2SNR_staging/test/2um/HFocusing_5_10_2um2_0_1753.npy,symlinked
2um,test,P0/C1_HF_5_10_2um_doublet2/HFocusing_5_10_2um2_0_1756.npy,particles2SNR_pipeline/output/p0_c1_particles2SNR_staging/test/2um/HFocusing_5_10_2um2_0_1756.npy,symlinked
2um,train,P0/C1_HF_5_10_2um_doublet2/HFocusing_5_10_2um2_0_1760.npy,particles2SNR_pipeline/output/p0_c1_particles2SNR_staging/train/2um/HFocusing_5_10_2um2_0_1760.npy,symlinked
2um,train,P0/C1_HF_5_10_2um_doublet2/HFocusing_5_10_2um2_0_1764.npy,particles2SNR_pipeline/output/p0_c1_particles2SNR_staging/train/2um/HFocusing_5_10_2um2_0_1764.npy,symlinked
2um,train,P0/C1_HF_5_10_2um_doublet2/HFocusing_5_10_2um2_0_1767.npy,particles2SNR_pipeline/output/p0_c1_particles2SNR_staging/train/2um/HFocusing_5_10_2um2_0_1767.npy,symlinked
2um,train,P0/C1_HF_5_10_2um_doublet2/HFocusing_5_10_2um2_0_1771.npy,particles2SNR_pipeline/output/p0_c1_particles2SNR_staging/train/2um/HFocusing_5_10_2um2_0_1771.npy,symlinked
2um,train,P0/C1_HF_5_10_2um_doublet2/HFocusing_5_10_2um2_0_1773.npy,particles2SNR_pipeline/output/p0_c1_particles2SNR_staging/train/2um/HFocusing_5_10_2um2_0_1773.npy,symlinked
2um,train,P0/C1_HF_5_10_2um_doublet2/HFocusing_5_10_2um2_0_1774.npy,particles2SNR_pipeline/output/p0_c1_particles2SNR_staging/train/2um/HFocusing_5_10_2um2_0_1774.npy,symlinked
2um,train,P0/C1_HF_5_10_2um_doublet2/HFocusing_5_10_2um2_0_1777.npy,particles2SNR_pipeline/output/p0_c1_particles2SNR_staging/train/2um/HFocusing_5_10_2um2_0_1777.npy,symlinked
2um,test,P0/C1_HF_5_10_2um_doublet2/HFocusing_5_10_2um2_0_178.npy,particles2SNR_pipeline/output/p0_c1_particles2SNR_staging/test/2um/HFocusing_5_10_2um2_0_178.npy,symlinked
2um,train,P0/C1_HF_5_10_2um_doublet2/HFocusing_5_10_2um2_0_1780.npy,particles2SNR_pipeline/output/p0_c1_particles2SNR_staging/train/2um/HFocusing_5_10_2um2_0_1780.npy,symlinked
2um,train,P0/C1_HF_5_10_2um_doublet2/HFocusing_5_10_2um2_0_1781.npy,particles2SNR_pipeline/output/p0_c1_particles2SNR_staging/train/2um/HFocusing_5_10_2um2_0_1781.npy,symlinked
2um,train,P0/C1_HF_5_10_2um_doublet2/HFocusing_5_10_2um2_0_1784.npy,particles2SNR_pipeline/output/p0_c1_particles2SNR_staging/train/2um/HFocusing_5_10_2um2_0_1784.npy,symlinked
2um,train,P0/C1_HF_5_10_2um_doublet2/HFocusing_5_10_2um2_0_1785.npy,particles2SNR_pipeline/output/p0_c1_particles2SNR_staging/train/2um/HFocusing_5_10_2um2_0_1785.npy,symlinked
2um,train,P0/C1_HF_5_10_2um_doublet2/HFocusing_5_10_2um2_0_1789.npy,particles2SNR_pipeline/output/p0_c1_particles2SNR_staging/train/2um/HFocusing_5_10_2um2_0_1789.npy,symlinked
2um,train,P0/C1_HF_5_10_2um_doublet2/HFocusing_5_10_2um2_0_1792.npy,particles2SNR_pipeline/output/p0_c1_particles2SNR_staging/train/2um/HFocusing_5_10_2um2_0_1792.npy,symlinked
2um,test,P0/C1_HF_5_10_2um_doublet2/HFocusing_5_10_2um2_0_1794.npy,particles2SNR_pipeline/output/p0_c1_particles2SNR_staging/test/2um/HFocusing_5_10_2um2_0_1794.npy,symlinked
2um,test,P0/C1_HF_5_10_2um_doublet2/HFocusing_5_10_2um2_0_1795.npy,particles2SNR_pipeline/output/p0_c1_particles2SNR_staging/test/2um/HFocusing_5_10_2um2_0_1795.npy,symlinked
2um,train,P0/C1_HF_5_10_2um_doublet2/HFocusing_5_10_2um2_0_1798.npy,particles2SNR_pipeline/output/p0_c1_particles2SNR_staging/train/2um/HFocusing_5_10_2um2_0_1798.npy,symlinked
2um,train,P0/C1_HF_5_10_2um_doublet2/HFocusing_5_10_2um2_0_1801.npy,particles2SNR_pipeline/output/p0_c1_particles2SNR_staging/train/2um/HFocusing_5_10_2um2_0_1801.npy,symlinked
2um,train,P0/C1_HF_5_10_2um_doublet2/HFocusing_5_10_2um2_0_1802.npy,particles2SNR_pipeline/output/p0_c1_particles2SNR_staging/train/2um/HFocusing_5_10_2um2_0_1802.npy,symlinked
2um,train,P0/C1_HF_5_10_2um_doublet2/HFocusing_5_10_2um2_0_1805.npy,particles2SNR_pipeline/output/p0_c1_particles2SNR_staging/train/2um/HFocusing_5_10_2um2_0_1805.npy,symlinked
2um,train,P0/C1_HF_5_10_2um_doublet2/HFocusing_5_10_2um2_0_1806.npy,particles2SNR_pipeline/output/p0_c1_particles2SNR_staging/train/2um/HFocusing_5_10_2um2_0_1806.npy,symlinked
2um,train,P0/C1_HF_5_10_2um_doublet2/HFocusing_5_10_2um2_0_1809.npy,particles2SNR_pipeline/output/p0_c1_particles2SNR_staging/train/2um/HFocusing_5_10_2um2_0_1809.npy,symlinked
2um,train,P0/C1_HF_5_10_2um_doublet2/HFocusing_5_10_2um2_0_181.npy,particles2SNR_pipeline/output/p0_c1_particles2SNR_staging/train/2um/HFocusing_5_10_2um2_0_181.npy,symlinked
2um,train,P0/C1_HF_5_10_2um_doublet2/HFocusing_5_10_2um2_0_1810.npy,particles2SNR_pipeline/output/p0_c1_particles2SNR_staging/train/2um/HFocusing_5_10_2um2_0_1810.npy,symlinked
2um,train,P0/C1_HF_5_10_2um_doublet2/HFocusing_5_10_2um2_0_1813.npy,particles2SNR_pipeline/output/p0_c1_particles2SNR_staging/train/2um/HFocusing_5_10_2um2_0_1813.npy,symlinked
2um,test,P0/C1_HF_5_10_2um_doublet2/HFocusing_5_10_2um2_0_1816.npy,particles2SNR_pipeline/output/p0_c1_particles2SNR_staging/test/2um/HFocusing_5_10_2um2_0_1816.npy,symlinked
2um,train,P0/C1_HF_5_10_2um_doublet2/HFocusing_5_10_2um2_0_1819.npy,particles2SNR_pipeline/output/p0_c1_particles2SNR_staging/train/2um/HFocusing_5_10_2um2_0_1819.npy,symlinked
2um,test,P0/C1_HF_5_10_2um_doublet2/HFocusing_5_10_2um2_0_182.npy,particles2SNR_pipeline/output/p0_c1_particles2SNR_staging/test/2um/HFocusing_5_10_2um2_0_182.npy,symlinked
2um,train,P0/C1_HF_5_10_2um_doublet2/HFocusing_5_10_2um2_0_1822.npy,particles2SNR_pipeline/output/p0_c1_particles2SNR_staging/train/2um/HFocusing_5_10_2um2_0_1822.npy,symlinked
2um,train,P0/C1_HF_5_10_2um_doublet2/HFocusing_5_10_2um2_0_1823.npy,particles2SNR_pipeline/output/p0_c1_particles2SNR_staging/train/2um/HFocusing_5_10_2um2_0_1823.npy,symlinked
2um,train,P0/C1_HF_5_10_2um_doublet2/HFocusing_5_10_2um2_0_1826.npy,particles2SNR_pipeline/output/p0_c1_particles2SNR_staging/train/2um/HFocusing_5_10_2um2_0_1826.npy,symlinked
2um,train,P0/C1_HF_5_10_2um_doublet2/HFocusing_5_10_2um2_0_1827.npy,particles2SNR_pipeline/output/p0_c1_particles2SNR_staging/train/2um/HFocusing_5_10_2um2_0_1827.npy,symlinked
2um,train,P0/C1_HF_5_10_2um_doublet2/HFocusing_5_10_2um2_0_1830.npy,particles2SNR_pipeline/output/p0_c1_particles2SNR_staging/train/2um/HFocusing_5_10_2um2_0_1830.npy,symlinked
2um,train,P0/C1_HF_5_10_2um_doublet2/HFocusing_5_10_2um2_0_1833.npy,particles2SNR_pipeline/output/p0_c1_particles2SNR_staging/train/2um/HFocusing_5_10_2um2_0_1833.npy,symlinked
2um,train,P0/C1_HF_5_10_2um_doublet2/HFocusing_5_10_2um2_0_1834.npy,particles2SNR_pipeline/output/p0_c1_particles2SNR_staging/train/2um/HFocusing_5_10_2um2_0_1834.npy,symlinked
2um,train,P0/C1_HF_5_10_2um_doublet2/HFocusing_5_10_2um2_0_1837.npy,particles2SNR_pipeline/output/p0_c1_particles2SNR_staging/train/2um/HFocusing_5_10_2um2_0_1837.npy,symlinked
2um,train,P0/C1_HF_5_10_2um_doublet2/HFocusing_5_10_2um2_0_1838.npy,particles2SNR_pipeline/output/p0_c1_particles2SNR_staging/train/2um/HFocusing_5_10_2um2_0_1838.npy,symlinked
2um,train,P0/C1_HF_5_10_2um_doublet2/HFocusing_5_10_2um2_0_1841.npy,particles2SNR_pipeline/output/p0_c1_particles2SNR_staging/train/2um/HFocusing_5_10_2um2_0_1841.npy,symlinked
2um,test,P0/C1_HF_5_10_2um_doublet2/HFocusing_5_10_2um2_0_1844.npy,particles2SNR_pipeline/output/p0_c1_particles2SNR_staging/test/2um/HFocusing_5_10_2um2_0_1844.npy,symlinked
2um,test,P0/C1_HF_5_10_2um_doublet2/HFocusing_5_10_2um2_0_1846.npy,particles2SNR_pipeline/output/p0_c1_particles2SNR_staging/test/2um/HFocusing_5_10_2um2_0_1846.npy,symlinked
2um,train,P0/C1_HF_5_10_2um_doublet2/HFocusing_5_10_2um2_0_1847.npy,particles2SNR_pipeline/output/p0_c1_particles2SNR_staging/train/2um/HFocusing_5_10_2um2_0_1847.npy,symlinked
2um,train,P0/C1_HF_5_10_2um_doublet2/HFocusing_5_10_2um2_0_185.npy,particles2SNR_pipeline/output/p0_c1_particles2SNR_staging/train/2um/HFocusing_5_10_2um2_0_185.npy,symlinked
2um,train,P0/C1_HF_5_10_2um_doublet2/HFocusing_5_10_2um2_0_1850.npy,particles2SNR_pipeline/output/p0_c1_particles2SNR_staging/train/2um/HFocusing_5_10_2um2_0_1850.npy,symlinked
2um,train,P0/C1_HF_5_10_2um_doublet2/HFocusing_5_10_2um2_0_1851.npy,particles2SNR_pipeline/output/p0_c1_particles2SNR_staging/train/2um/HFocusing_5_10_2um2_0_1851.npy,symlinked
2um,test,P0/C1_HF_5_10_2um_doublet2/HFocusing_5_10_2um2_0_1854.npy,particles2SNR_pipeline/output/p0_c1_particles2SNR_staging/test/2um/HFocusing_5_10_2um2_0_1854.npy,symlinked
2um,train,P0/C1_HF_5_10_2um_doublet2/HFocusing_5_10_2um2_0_1855.npy,particles2SNR_pipeline/output/p0_c1_particles2SNR_staging/train/2um/HFocusing_5_10_2um2_0_1855.npy,symlinked
2um,train,P0/C1_HF_5_10_2um_doublet2/HFocusing_5_10_2um2_0_1858.npy,particles2SNR_pipeline/output/p0_c1_particles2SNR_staging/train/2um/HFocusing_5_10_2um2_0_1858.npy,symlinked
2um,train,P0/C1_HF_5_10_2um_doublet2/HFocusing_5_10_2um2_0_1859.npy,particles2SNR_pipeline/output/p0_c1_particles2SNR_staging/train/2um/HFocusing_5_10_2um2_0_1859.npy,symlinked
2um,test,P0/C1_HF_5_10_2um_doublet2/HFocusing_5_10_2um2_0_186.npy,particles2SNR_pipeline/output/p0_c1_particles2SNR_staging/test/2um/HFocusing_5_10_2um2_0_186.npy,symlinked
2um,train,P0/C1_HF_5_10_2um_doublet2/HFocusing_5_10_2um2_0_1863.npy,particles2SNR_pipeline/output/p0_c1_particles2SNR_staging/train/2um/HFocusing_5_10_2um2_0_1863.npy,symlinked
2um,test,P0/C1_HF_5_10_2um_doublet2/HFocusing_5_10_2um2_0_1866.npy,particles2SNR_pipeline/output/p0_c1_particles2SNR_staging/test/2um/HFocusing_5_10_2um2_0_1866.npy,symlinked
2um,train,P0/C1_HF_5_10_2um_doublet2/HFocusing_5_10_2um2_0_1867.npy,particles2SNR_pipeline/output/p0_c1_particles2SNR_staging/train/2um/HFocusing_5_10_2um2_0_1867.npy,symlinked
2um,train,P0/C1_HF_5_10_2um_doublet2/HFocusing_5_10_2um2_0_1870.npy,particles2SNR_pipeline/output/p0_c1_particles2SNR_staging/train/2um/HFocusing_5_10_2um2_0_1870.npy,symlinked
2um,train,P0/C1_HF_5_10_2um_doublet2/HFocusing_5_10_2um2_0_1873.npy,particles2SNR_pipeline/output/p0_c1_particles2SNR_staging/train/2um/HFocusing_5_10_2um2_0_1873.npy,symlinked
2um,train,P0/C1_HF_5_10_2um_doublet2/HFocusing_5_10_2um2_0_1874.npy,particles2SNR_pipeline/output/p0_c1_particles2SNR_staging/train/2um/HFocusing_5_10_2um2_0_1874.npy,symlinked
2um,train,P0/C1_HF_5_10_2um_doublet2/HFocusing_5_10_2um2_0_1877.npy,particles2SNR_pipeline/output/p0_c1_particles2SNR_staging/train/2um/HFocusing_5_10_2um2_0_1877.npy,symlinked
2um,train,P0/C1_HF_5_10_2um_doublet2/HFocusing_5_10_2um2_0_1880.npy,particles2SNR_pipeline/output/p0_c1_particles2SNR_staging/train/2um/HFocusing_5_10_2um2_0_1880.npy,symlinked
2um,train,P0/C1_HF_5_10_2um_doublet2/HFocusing_5_10_2um2_0_1881.npy,particles2SNR_pipeline/output/p0_c1_particles2SNR_staging/train/2um/HFocusing_5_10_2um2_0_1881.npy,symlinked
2um,train,P0/C1_HF_5_10_2um_doublet2/HFocusing_5_10_2um2_0_1884.npy,particles2SNR_pipeline/output/p0_c1_particles2SNR_staging/train/2um/HFocusing_5_10_2um2_0_1884.npy,symlinked
2um,train,P0/C1_HF_5_10_2um_doublet2/HFocusing_5_10_2um2_0_1885.npy,particles2SNR_pipeline/output/p0_c1_particles2SNR_staging/train/2um/HFocusing_5_10_2um2_0_1885.npy,symlinked
2um,train,P0/C1_HF_5_10_2um_doublet2/HFocusing_5_10_2um2_0_1888.npy,particles2SNR_pipeline/output/p0_c1_particles2SNR_staging/train/2um/HFocusing_5_10_2um2_0_1888.npy,symlinked
2um,train,P0/C1_HF_5_10_2um_doublet2/HFocusing_5_10_2um2_0_1889.npy,particles2SNR_pipeline/output/p0_c1_particles2SNR_staging/train/2um/HFocusing_5_10_2um2_0_1889.npy,symlinked
2um,train,P0/C1_HF_5_10_2um_doublet2/HFocusing_5_10_2um2_0_1893.npy,particles2SNR_pipeline/output/p0_c1_particles2SNR_staging/train/2um/HFocusing_5_10_2um2_0_1893.npy,symlinked
2um,train,P0/C1_HF_5_10_2um_doublet2/HFocusing_5_10_2um2_0_1895.npy,particles2SNR_pipeline/output/p0_c1_particles2SNR_staging/train/2um/HFocusing_5_10_2um2_0_1895.npy,symlinked
2um,train,P0/C1_HF_5_10_2um_doublet2/HFocusing_5_10_2um2_0_1896.npy,particles2SNR_pipeline/output/p0_c1_particles2SNR_staging/train/2um/HFocusing_5_10_2um2_0_1896.npy,symlinked
2um,train,P0/C1_HF_5_10_2um_doublet2/HFocusing_5_10_2um2_0_1898.npy,particles2SNR_pipeline/output/p0_c1_particles2SNR_staging/train/2um/HFocusing_5_10_2um2_0_1898.npy,symlinked
2um,test,P0/C1_HF_5_10_2um_doublet2/HFocusing_5_10_2um2_0_1899.npy,particles2SNR_pipeline/output/p0_c1_particles2SNR_staging/test/2um/HFocusing_5_10_2um2_0_1899.npy,symlinked
2um,test,P0/C1_HF_5_10_2um_doublet2/HFocusing_5_10_2um2_0_190.npy,particles2SNR_pipeline/output/p0_c1_particles2SNR_staging/test/2um/HFocusing_5_10_2um2_0_190.npy,symlinked
2um,train,P0/C1_HF_5_10_2um_doublet2/HFocusing_5_10_2um2_0_1902.npy,particles2SNR_pipeline/output/p0_c1_particles2SNR_staging/train/2um/HFocusing_5_10_2um2_0_1902.npy,symlinked
2um,train,P0/C1_HF_5_10_2um_doublet2/HFocusing_5_10_2um2_0_1903.npy,particles2SNR_pipeline/output/p0_c1_particles2SNR_staging/train/2um/HFocusing_5_10_2um2_0_1903.npy,symlinked
2um,train,P0/C1_HF_5_10_2um_doublet2/HFocusing_5_10_2um2_0_1906.npy,particles2SNR_pipeline/output/p0_c1_particles2SNR_staging/train/2um/HFocusing_5_10_2um2_0_1906.npy,symlinked
2um,train,P0/C1_HF_5_10_2um_doublet2/HFocusing_5_10_2um2_0_1907.npy,particles2SNR_pipeline/output/p0_c1_particles2SNR_staging/train/2um/HFocusing_5_10_2um2_0_1907.npy,symlinked
2um,train,P0/C1_HF_5_10_2um_doublet2/HFocusing_5_10_2um2_0_1910.npy,particles2SNR_pipeline/output/p0_c1_particles2SNR_staging/train/2um/HFocusing_5_10_2um2_0_1910.npy,symlinked
2um,train,P0/C1_HF_5_10_2um_doublet2/HFocusing_5_10_2um2_0_1911.npy,particles2SNR_pipeline/output/p0_c1_particles2SNR_staging/train/2um/HFocusing_5_10_2um2_0_1911.npy,symlinked
2um,test,P0/C1_HF_5_10_2um_doublet2/HFocusing_5_10_2um2_0_1914.npy,particles2SNR_pipeline/output/p0_c1_particles2SNR_staging/test/2um/HFocusing_5_10_2um2_0_1914.npy,symlinked
2um,train,P0/C1_HF_5_10_2um_doublet2/HFocusing_5_10_2um2_0_1915.npy,particles2SNR_pipeline/output/p0_c1_particles2SNR_staging/train/2um/HFocusing_5_10_2um2_0_1915.npy,symlinked
2um,train,P0/C1_HF_5_10_2um_doublet2/HFocusing_5_10_2um2_0_1919.npy,particles2SNR_pipeline/output/p0_c1_particles2SNR_staging/train/2um/HFocusing_5_10_2um2_0_1919.npy,symlinked
2um,train,P0/C1_HF_5_10_2um_doublet2/HFocusing_5_10_2um2_0_1921.npy,particles2SNR_pipeline/output/p0_c1_particles2SNR_staging/train/2um/HFocusing_5_10_2um2_0_1921.npy,symlinked
2um,train,P0/C1_HF_5_10_2um_doublet2/HFocusing_5_10_2um2_0_1922.npy,particles2SNR_pipeline/output/p0_c1_particles2SNR_staging/train/2um/HFocusing_5_10_2um2_0_1922.npy,symlinked
2um,train,P0/C1_HF_5_10_2um_doublet2/HFocusing_5_10_2um2_0_1925.npy,particles2SNR_pipeline/output/p0_c1_particles2SNR_staging/train/2um/HFocusing_5_10_2um2_0_1925.npy,symlinked
2um,train,P0/C1_HF_5_10_2um_doublet2/HFocusing_5_10_2um2_0_1928.npy,particles2SNR_pipeline/output/p0_c1_particles2SNR_staging/train/2um/HFocusing_5_10_2um2_0_1928.npy,symlinked
2um,train,P0/C1_HF_5_10_2um_doublet2/HFocusing_5_10_2um2_0_1929.npy,particles2SNR_pipeline/output/p0_c1_particles2SNR_staging/train/2um/HFocusing_5_10_2um2_0_1929.npy,symlinked
2um,test,P0/C1_HF_5_10_2um_doublet2/HFocusing_5_10_2um2_0_193.npy,particles2SNR_pipeline/output/p0_c1_particles2SNR_staging/test/2um/HFocusing_5_10_2um2_0_193.npy,symlinked
2um,train,P0/C1_HF_5_10_2um_doublet2/HFocusing_5_10_2um2_0_1932.npy,particles2SNR_pipeline/output/p0_c1_particles2SNR_staging/train/2um/HFocusing_5_10_2um2_0_1932.npy,symlinked
2um,train,P0/C1_HF_5_10_2um_doublet2/HFocusing_5_10_2um2_0_1935.npy,particles2SNR_pipeline/output/p0_c1_particles2SNR_staging/train/2um/HFocusing_5_10_2um2_0_1935.npy,symlinked
2um,train,P0/C1_HF_5_10_2um_doublet2/HFocusing_5_10_2um2_0_1938.npy,particles2SNR_pipeline/output/p0_c1_particles2SNR_staging/train/2um/HFocusing_5_10_2um2_0_1938.npy,symlinked
2um,train,P0/C1_HF_5_10_2um_doublet2/HFocusing_5_10_2um2_0_194.npy,particles2SNR_pipeline/output/p0_c1_particles2SNR_staging/train/2um/HFocusing_5_10_2um2_0_194.npy,symlinked
2um,test,P0/C1_HF_5_10_2um_doublet2/HFocusing_5_10_2um2_0_1941.npy,particles2SNR_pipeline/output/p0_c1_particles2SNR_staging/test/2um/HFocusing_5_10_2um2_0_1941.npy,symlinked
2um,train,P0/C1_HF_5_10_2um_doublet2/HFocusing_5_10_2um2_0_1942.npy,particles2SNR_pipeline/output/p0_c1_particles2SNR_staging/train/2um/HFocusing_5_10_2um2_0_1942.npy,symlinked
2um,train,P0/C1_HF_5_10_2um_doublet2/HFocusing_5_10_2um2_0_1945.npy,particles2SNR_pipeline/output/p0_c1_particles2SNR_staging/train/2um/HFocusing_5_10_2um2_0_1945.npy,symlinked
2um,test,P0/C1_HF_5_10_2um_doublet2/HFocusing_5_10_2um2_0_1946.npy,particles2SNR_pipeline/output/p0_c1_particles2SNR_staging/test/2um/HFocusing_5_10_2um2_0_1946.npy,symlinked
2um,train,P0/C1_HF_5_10_2um_doublet2/HFocusing_5_10_2um2_0_1949.npy,particles2SNR_pipeline/output/p0_c1_particles2SNR_staging/train/2um/HFocusing_5_10_2um2_0_1949.npy,symlinked
2um,train,P0/C1_HF_5_10_2um_doublet2/HFocusing_5_10_2um2_0_1950.npy,particles2SNR_pipeline/output/p0_c1_particles2SNR_staging/train/2um/HFocusing_5_10_2um2_0_1950.npy,symlinked
2um,train,P0/C1_HF_5_10_2um_doublet2/HFocusing_5_10_2um2_0_1953.npy,particles2SNR_pipeline/output/p0_c1_particles2SNR_staging/train/2um/HFocusing_5_10_2um2_0_1953.npy,symlinked
2um,test,P0/C1_HF_5_10_2um_doublet2/HFocusing_5_10_2um2_0_1954.npy,particles2SNR_pipeline/output/p0_c1_particles2SNR_staging/test/2um/HFocusing_5_10_2um2_0_1954.npy,symlinked
2um,test,P0/C1_HF_5_10_2um_doublet2/HFocusing_5_10_2um2_0_1957.npy,particles2SNR_pipeline/output/p0_c1_particles2SNR_staging/test/2um/HFocusing_5_10_2um2_0_1957.npy,symlinked
2um,train,P0/C1_HF_5_10_2um_doublet2/HFocusing_5_10_2um2_0_1958.npy,particles2SNR_pipeline/output/p0_c1_particles2SNR_staging/train/2um/HFocusing_5_10_2um2_0_1958.npy,symlinked
2um,train,P0/C1_HF_5_10_2um_doublet2/HFocusing_5_10_2um2_0_196.npy,particles2SNR_pipeline/output/p0_c1_particles2SNR_staging/train/2um/HFocusing_5_10_2um2_0_196.npy,symlinked
2um,train,P0/C1_HF_5_10_2um_doublet2/HFocusing_5_10_2um2_0_1961.npy,particles2SNR_pipeline/output/p0_c1_particles2SNR_staging/train/2um/HFocusing_5_10_2um2_0_1961.npy,symlinked
2um,train,P0/C1_HF_5_10_2um_doublet2/HFocusing_5_10_2um2_0_1962.npy,particles2SNR_pipeline/output/p0_c1_particles2SNR_staging/train/2um/HFocusing_5_10_2um2_0_1962.npy,symlinked
2um,train,P0/C1_HF_5_10_2um_doublet2/HFocusing_5_10_2um2_0_1965.npy,particles2SNR_pipeline/output/p0_c1_particles2SNR_staging/train/2um/HFocusing_5_10_2um2_0_1965.npy,symlinked
2um,train,P0/C1_HF_5_10_2um_doublet2/HFocusing_5_10_2um2_0_1968.npy,particles2SNR_pipeline/output/p0_c1_particles2SNR_staging/train/2um/HFocusing_5_10_2um2_0_1968.npy,symlinked
2um,train,P0/C1_HF_5_10_2um_doublet2/HFocusing_5_10_2um2_0_1969.npy,particles2SNR_pipeline/output/p0_c1_particles2SNR_staging/train/2um/HFocusing_5_10_2um2_0_1969.npy,symlinked
2um,train,P0/C1_HF_5_10_2um_doublet2/HFocusing_5_10_2um2_0_197.npy,particles2SNR_pipeline/output/p0_c1_particles2SNR_staging/train/2um/HFocusing_5_10_2um2_0_197.npy,symlinked
2um,train,P0/C1_HF_5_10_2um_doublet2/HFocusing_5_10_2um2_0_1972.npy,particles2SNR_pipeline/output/p0_c1_particles2SNR_staging/train/2um/HFocusing_5_10_2um2_0_1972.npy,symlinked
2um,train,P0/C1_HF_5_10_2um_doublet2/HFocusing_5_10_2um2_0_1973.npy,particles2SNR_pipeline/output/p0_c1_particles2SNR_staging/train/2um/HFocusing_5_10_2um2_0_1973.npy,symlinked
2um,train,P0/C1_HF_5_10_2um_doublet2/HFocusing_5_10_2um2_0_1976.npy,particles2SNR_pipeline/output/p0_c1_particles2SNR_staging/train/2um/HFocusing_5_10_2um2_0_1976.npy,symlinked
2um,train,P0/C1_HF_5_10_2um_doublet2/HFocusing_5_10_2um2_0_1977.npy,particles2SNR_pipeline/output/p0_c1_particles2SNR_staging/train/2um/HFocusing_5_10_2um2_0_1977.npy,symlinked
2um,train,P0/C1_HF_5_10_2um_doublet2/HFocusing_5_10_2um2_0_1979.npy,particles2SNR_pipeline/output/p0_c1_particles2SNR_staging/train/2um/HFocusing_5_10_2um2_0_1979.npy,symlinked
2um,train,P0/C1_HF_5_10_2um_doublet2/HFocusing_5_10_2um2_0_1982.npy,particles2SNR_pipeline/output/p0_c1_particles2SNR_staging/train/2um/HFocusing_5_10_2um2_0_1982.npy,symlinked
2um,train,P0/C1_HF_5_10_2um_doublet2/HFocusing_5_10_2um2_0_1983.npy,particles2SNR_pipeline/output/p0_c1_particles2SNR_staging/train/2um/HFocusing_5_10_2um2_0_1983.npy,symlinked
2um,test,P0/C1_HF_5_10_2um_doublet2/HFocusing_5_10_2um2_0_1986.npy,particles2SNR_pipeline/output/p0_c1_particles2SNR_staging/test/2um/HFocusing_5_10_2um2_0_1986.npy,symlinked
2um,train,P0/C1_HF_5_10_2um_doublet2/HFocusing_5_10_2um2_0_1987.npy,particles2SNR_pipeline/output/p0_c1_particles2SNR_staging/train/2um/HFocusing_5_10_2um2_0_1987.npy,symlinked
2um,train,P0/C1_HF_5_10_2um_doublet2/HFocusing_5_10_2um2_0_1990.npy,particles2SNR_pipeline/output/p0_c1_particles2SNR_staging/train/2um/HFocusing_5_10_2um2_0_1990.npy,symlinked
2um,train,P0/C1_HF_5_10_2um_doublet2/HFocusing_5_10_2um2_0_1993.npy,particles2SNR_pipeline/output/p0_c1_particles2SNR_staging/train/2um/HFocusing_5_10_2um2_0_1993.npy,symlinked
2um,train,P0/C1_HF_5_10_2um_doublet2/HFocusing_5_10_2um2_0_1994.npy,particles2SNR_pipeline/output/p0_c1_particles2SNR_staging/train/2um/HFocusing_5_10_2um2_0_1994.npy,symlinked
2um,train,P0/C1_HF_5_10_2um_doublet2/HFocusing_5_10_2um2_0_1997.npy,particles2SNR_pipeline/output/p0_c1_particles2SNR_staging/train/2um/HFocusing_5_10_2um2_0_1997.npy,symlinked
2um,test,P0/C1_HF_5_10_2um_doublet2/HFocusing_5_10_2um2_0_20.npy,particles2SNR_pipeline/output/p0_c1_particles2SNR_staging/test/2um/HFocusing_5_10_2um2_0_20.npy,symlinked
2um,train,P0/C1_HF_5_10_2um_doublet2/HFocusing_5_10_2um2_0_200.npy,particles2SNR_pipeline/output/p0_c1_particles2SNR_staging/train/2um/HFocusing_5_10_2um2_0_200.npy,symlinked
2um,train,P0/C1_HF_5_10_2um_doublet2/HFocusing_5_10_2um2_0_2000.npy,particles2SNR_pipeline/output/p0_c1_particles2SNR_staging/train/2um/HFocusing_5_10_2um2_0_2000.npy,symlinked
2um,train,P0/C1_HF_5_10_2um_doublet2/HFocusing_5_10_2um2_0_2003.npy,particles2SNR_pipeline/output/p0_c1_particles2SNR_staging/train/2um/HFocusing_5_10_2um2_0_2003.npy,symlinked
2um,train,P0/C1_HF_5_10_2um_doublet2/HFocusing_5_10_2um2_0_2004.npy,particles2SNR_pipeline/output/p0_c1_particles2SNR_staging/train/2um/HFocusing_5_10_2um2_0_2004.npy,symlinked
2um,train,P0/C1_HF_5_10_2um_doublet2/HFocusing_5_10_2um2_0_2007.npy,particles2SNR_pipeline/output/p0_c1_particles2SNR_staging/train/2um/HFocusing_5_10_2um2_0_2007.npy,symlinked
2um,train,P0/C1_HF_5_10_2um_doublet2/HFocusing_5_10_2um2_0_2009.npy,particles2SNR_pipeline/output/p0_c1_particles2SNR_staging/train/2um/HFocusing_5_10_2um2_0_2009.npy,symlinked
2um,train,P0/C1_HF_5_10_2um_doublet2/HFocusing_5_10_2um2_0_201.npy,particles2SNR_pipeline/output/p0_c1_particles2SNR_staging/train/2um/HFocusing_5_10_2um2_0_201.npy,symlinked
2um,train,P0/C1_HF_5_10_2um_doublet2/HFocusing_5_10_2um2_0_2010.npy,particles2SNR_pipeline/output/p0_c1_particles2SNR_staging/train/2um/HFocusing_5_10_2um2_0_2010.npy,symlinked
2um,train,P0/C1_HF_5_10_2um_doublet2/HFocusing_5_10_2um2_0_2013.npy,particles2SNR_pipeline/output/p0_c1_particles2SNR_staging/train/2um/HFocusing_5_10_2um2_0_2013.npy,symlinked
2um,train,P0/C1_HF_5_10_2um_doublet2/HFocusing_5_10_2um2_0_2016.npy,particles2SNR_pipeline/output/p0_c1_particles2SNR_staging/train/2um/HFocusing_5_10_2um2_0_2016.npy,symlinked
2um,test,P0/C1_HF_5_10_2um_doublet2/HFocusing_5_10_2um2_0_2017.npy,particles2SNR_pipeline/output/p0_c1_particles2SNR_staging/test/2um/HFocusing_5_10_2um2_0_2017.npy,symlinked
2um,train,P0/C1_HF_5_10_2um_doublet2/HFocusing_5_10_2um2_0_2019.npy,particles2SNR_pipeline/output/p0_c1_particles2SNR_staging/train/2um/HFocusing_5_10_2um2_0_2019.npy,symlinked
2um,train,P0/C1_HF_5_10_2um_doublet2/HFocusing_5_10_2um2_0_2020.npy,particles2SNR_pipeline/output/p0_c1_particles2SNR_staging/train/2um/HFocusing_5_10_2um2_0_2020.npy,symlinked
2um,train,P0/C1_HF_5_10_2um_doublet2/HFocusing_5_10_2um2_0_2023.npy,particles2SNR_pipeline/output/p0_c1_particles2SNR_staging/train/2um/HFocusing_5_10_2um2_0_2023.npy,symlinked
2um,train,P0/C1_HF_5_10_2um_doublet2/HFocusing_5_10_2um2_0_2024.npy,particles2SNR_pipeline/output/p0_c1_particles2SNR_staging/train/2um/HFocusing_5_10_2um2_0_2024.npy,symlinked
2um,test,P0/C1_HF_5_10_2um_doublet2/HFocusing_5_10_2um2_0_2027.npy,particles2SNR_pipeline/output/p0_c1_particles2SNR_staging/test/2um/HFocusing_5_10_2um2_0_2027.npy,symlinked
2um,train,P0/C1_HF_5_10_2um_doublet2/HFocusing_5_10_2um2_0_2030.npy,particles2SNR_pipeline/output/p0_c1_particles2SNR_staging/train/2um/HFocusing_5_10_2um2_0_2030.npy,symlinked
2um,train,P0/C1_HF_5_10_2um_doublet2/HFocusing_5_10_2um2_0_2031.npy,particles2SNR_pipeline/output/p0_c1_particles2SNR_staging/train/2um/HFocusing_5_10_2um2_0_2031.npy,symlinked
2um,train,P0/C1_HF_5_10_2um_doublet2/HFocusing_5_10_2um2_0_2034.npy,particles2SNR_pipeline/output/p0_c1_particles2SNR_staging/train/2um/HFocusing_5_10_2um2_0_2034.npy,symlinked
2um,test,P0/C1_HF_5_10_2um_doublet2/HFocusing_5_10_2um2_0_2035.npy,particles2SNR_pipeline/output/p0_c1_particles2SNR_staging/test/2um/HFocusing_5_10_2um2_0_2035.npy,symlinked
2um,train,P0/C1_HF_5_10_2um_doublet2/HFocusing_5_10_2um2_0_2038.npy,particles2SNR_pipeline/output/p0_c1_particles2SNR_staging/train/2um/HFocusing_5_10_2um2_0_2038.npy,symlinked
2um,train,P0/C1_HF_5_10_2um_doublet2/HFocusing_5_10_2um2_0_2039.npy,particles2SNR_pipeline/output/p0_c1_particles2SNR_staging/train/2um/HFocusing_5_10_2um2_0_2039.npy,symlinked
2um,train,P0/C1_HF_5_10_2um_doublet2/HFocusing_5_10_2um2_0_204.npy,particles2SNR_pipeline/output/p0_c1_particles2SNR_staging/train/2um/HFocusing_5_10_2um2_0_204.npy,symlinked
2um,train,P0/C1_HF_5_10_2um_doublet2/HFocusing_5_10_2um2_0_2041.npy,particles2SNR_pipeline/output/p0_c1_particles2SNR_staging/train/2um/HFocusing_5_10_2um2_0_2041.npy,symlinked
2um,train,P0/C1_HF_5_10_2um_doublet2/HFocusing_5_10_2um2_0_2042.npy,particles2SNR_pipeline/output/p0_c1_particles2SNR_staging/train/2um/HFocusing_5_10_2um2_0_2042.npy,symlinked
2um,train,P0/C1_HF_5_10_2um_doublet2/HFocusing_5_10_2um2_0_2045.npy,particles2SNR_pipeline/output/p0_c1_particles2SNR_staging/train/2um/HFocusing_5_10_2um2_0_2045.npy,symlinked
2um,train,P0/C1_HF_5_10_2um_doublet2/HFocusing_5_10_2um2_0_2049.npy,particles2SNR_pipeline/output/p0_c1_particles2SNR_staging/train/2um/HFocusing_5_10_2um2_0_2049.npy,symlinked
2um,train,P0/C1_HF_5_10_2um_doublet2/HFocusing_5_10_2um2_0_205.npy,particles2SNR_pipeline/output/p0_c1_particles2SNR_staging/train/2um/HFocusing_5_10_2um2_0_205.npy,symlinked
2um,train,P0/C1_HF_5_10_2um_doublet2/HFocusing_5_10_2um2_0_2051.npy,particles2SNR_pipeline/output/p0_c1_particles2SNR_staging/train/2um/HFocusing_5_10_2um2_0_2051.npy,symlinked
2um,train,P0/C1_HF_5_10_2um_doublet2/HFocusing_5_10_2um2_0_2052.npy,particles2SNR_pipeline/output/p0_c1_particles2SNR_staging/train/2um/HFocusing_5_10_2um2_0_2052.npy,symlinked
2um,train,P0/C1_HF_5_10_2um_doublet2/HFocusing_5_10_2um2_0_2055.npy,particles2SNR_pipeline/output/p0_c1_particles2SNR_staging/train/2um/HFocusing_5_10_2um2_0_2055.npy,symlinked
2um,train,P0/C1_HF_5_10_2um_doublet2/HFocusing_5_10_2um2_0_2056.npy,particles2SNR_pipeline/output/p0_c1_particles2SNR_staging/train/2um/HFocusing_5_10_2um2_0_2056.npy,symlinked
2um,test,P0/C1_HF_5_10_2um_doublet2/HFocusing_5_10_2um2_0_2059.npy,particles2SNR_pipeline/output/p0_c1_particles2SNR_staging/test/2um/HFocusing_5_10_2um2_0_2059.npy,symlinked
2um,train,P0/C1_HF_5_10_2um_doublet2/HFocusing_5_10_2um2_0_2062.npy,particles2SNR_pipeline/output/p0_c1_particles2SNR_staging/train/2um/HFocusing_5_10_2um2_0_2062.npy,symlinked
2um,train,P0/C1_HF_5_10_2um_doublet2/HFocusing_5_10_2um2_0_2063.npy,particles2SNR_pipeline/output/p0_c1_particles2SNR_staging/train/2um/HFocusing_5_10_2um2_0_2063.npy,symlinked
2um,train,P0/C1_HF_5_10_2um_doublet2/HFocusing_5_10_2um2_0_2067.npy,particles2SNR_pipeline/output/p0_c1_particles2SNR_staging/train/2um/HFocusing_5_10_2um2_0_2067.npy,symlinked
2um,train,P0/C1_HF_5_10_2um_doublet2/HFocusing_5_10_2um2_0_2070.npy,particles2SNR_pipeline/output/p0_c1_particles2SNR_staging/train/2um/HFocusing_5_10_2um2_0_2070.npy,symlinked
2um,train,P0/C1_HF_5_10_2um_doublet2/HFocusing_5_10_2um2_0_2071.npy,particles2SNR_pipeline/output/p0_c1_particles2SNR_staging/train/2um/HFocusing_5_10_2um2_0_2071.npy,symlinked
2um,train,P0/C1_HF_5_10_2um_doublet2/HFocusing_5_10_2um2_0_2074.npy,particles2SNR_pipeline/output/p0_c1_particles2SNR_staging/train/2um/HFocusing_5_10_2um2_0_2074.npy,symlinked
2um,train,P0/C1_HF_5_10_2um_doublet2/HFocusing_5_10_2um2_0_2075.npy,particles2SNR_pipeline/output/p0_c1_particles2SNR_staging/train/2um/HFocusing_5_10_2um2_0_2075.npy,symlinked
2um,test,P0/C1_HF_5_10_2um_doublet2/HFocusing_5_10_2um2_0_2077.npy,particles2SNR_pipeline/output/p0_c1_particles2SNR_staging/test/2um/HFocusing_5_10_2um2_0_2077.npy,symlinked
2um,train,P0/C1_HF_5_10_2um_doublet2/HFocusing_5_10_2um2_0_2078.npy,particles2SNR_pipeline/output/p0_c1_particles2SNR_staging/train/2um/HFocusing_5_10_2um2_0_2078.npy,symlinked
2um,train,P0/C1_HF_5_10_2um_doublet2/HFocusing_5_10_2um2_0_208.npy,particles2SNR_pipeline/output/p0_c1_particles2SNR_staging/train/2um/HFocusing_5_10_2um2_0_208.npy,symlinked
2um,test,P0/C1_HF_5_10_2um_doublet2/HFocusing_5_10_2um2_0_2081.npy,particles2SNR_pipeline/output/p0_c1_particles2SNR_staging/test/2um/HFocusing_5_10_2um2_0_2081.npy,symlinked
2um,train,P0/C1_HF_5_10_2um_doublet2/HFocusing_5_10_2um2_0_2084.npy,particles2SNR_pipeline/output/p0_c1_particles2SNR_staging/train/2um/HFocusing_5_10_2um2_0_2084.npy,symlinked
2um,train,P0/C1_HF_5_10_2um_doublet2/HFocusing_5_10_2um2_0_2085.npy,particles2SNR_pipeline/output/p0_c1_particles2SNR_staging/train/2um/HFocusing_5_10_2um2_0_2085.npy,symlinked
2um,train,P0/C1_HF_5_10_2um_doublet2/HFocusing_5_10_2um2_0_2088.npy,particles2SNR_pipeline/output/p0_c1_particles2SNR_staging/train/2um/HFocusing_5_10_2um2_0_2088.npy,symlinked
2um,train,P0/C1_HF_5_10_2um_doublet2/HFocusing_5_10_2um2_0_2091.npy,particles2SNR_pipeline/output/p0_c1_particles2SNR_staging/train/2um/HFocusing_5_10_2um2_0_2091.npy,symlinked
2um,train,P0/C1_HF_5_10_2um_doublet2/HFocusing_5_10_2um2_0_2092.npy,particles2SNR_pipeline/output/p0_c1_particles2SNR_staging/train/2um/HFocusing_5_10_2um2_0_2092.npy,symlinked
2um,train,P0/C1_HF_5_10_2um_doublet2/HFocusing_5_10_2um2_0_2095.npy,particles2SNR_pipeline/output/p0_c1_particles2SNR_staging/train/2um/HFocusing_5_10_2um2_0_2095.npy,symlinked
2um,train,P0/C1_HF_5_10_2um_doublet2/HFocusing_5_10_2um2_0_2098.npy,particles2SNR_pipeline/output/p0_c1_particles2SNR_staging/train/2um/HFocusing_5_10_2um2_0_2098.npy,symlinked
2um,test,P0/C1_HF_5_10_2um_doublet2/HFocusing_5_10_2um2_0_2099.npy,particles2SNR_pipeline/output/p0_c1_particles2SNR_staging/test/2um/HFocusing_5_10_2um2_0_2099.npy,symlinked
2um,train,P0/C1_HF_5_10_2um_doublet2/HFocusing_5_10_2um2_0_21.npy,particles2SNR_pipeline/output/p0_c1_particles2SNR_staging/train/2um/HFocusing_5_10_2um2_0_21.npy,symlinked
2um,train,P0/C1_HF_5_10_2um_doublet2/HFocusing_5_10_2um2_0_2102.npy,particles2SNR_pipeline/output/p0_c1_particles2SNR_staging/train/2um/HFocusing_5_10_2um2_0_2102.npy,symlinked
2um,train,P0/C1_HF_5_10_2um_doublet2/HFocusing_5_10_2um2_0_2103.npy,particles2SNR_pipeline/output/p0_c1_particles2SNR_staging/train/2um/HFocusing_5_10_2um2_0_2103.npy,symlinked
2um,train,P0/C1_HF_5_10_2um_doublet2/HFocusing_5_10_2um2_0_2107.npy,particles2SNR_pipeline/output/p0_c1_particles2SNR_staging/train/2um/HFocusing_5_10_2um2_0_2107.npy,symlinked
2um,train,P0/C1_HF_5_10_2um_doublet2/HFocusing_5_10_2um2_0_2109.npy,particles2SNR_pipeline/output/p0_c1_particles2SNR_staging/train/2um/HFocusing_5_10_2um2_0_2109.npy,symlinked
2um,test,P0/C1_HF_5_10_2um_doublet2/HFocusing_5_10_2um2_0_211.npy,particles2SNR_pipeline/output/p0_c1_particles2SNR_staging/test/2um/HFocusing_5_10_2um2_0_211.npy,symlinked
2um,test,P0/C1_HF_5_10_2um_doublet2/HFocusing_5_10_2um2_0_2110.npy,particles2SNR_pipeline/output/p0_c1_particles2SNR_staging/test/2um/HFocusing_5_10_2um2_0_2110.npy,symlinked
2um,test,P0/C1_HF_5_10_2um_doublet2/HFocusing_5_10_2um2_0_2112.npy,particles2SNR_pipeline/output/p0_c1_particles2SNR_staging/test/2um/HFocusing_5_10_2um2_0_2112.npy,symlinked
2um,train,P0/C1_HF_5_10_2um_doublet2/HFocusing_5_10_2um2_0_2113.npy,particles2SNR_pipeline/output/p0_c1_particles2SNR_staging/train/2um/HFocusing_5_10_2um2_0_2113.npy,symlinked
2um,train,P0/C1_HF_5_10_2um_doublet2/HFocusing_5_10_2um2_0_2116.npy,particles2SNR_pipeline/output/p0_c1_particles2SNR_staging/train/2um/HFocusing_5_10_2um2_0_2116.npy,symlinked
2um,train,P0/C1_HF_5_10_2um_doublet2/HFocusing_5_10_2um2_0_2117.npy,particles2SNR_pipeline/output/p0_c1_particles2SNR_staging/train/2um/HFocusing_5_10_2um2_0_2117.npy,symlinked
2um,train,P0/C1_HF_5_10_2um_doublet2/HFocusing_5_10_2um2_0_212.npy,particles2SNR_pipeline/output/p0_c1_particles2SNR_staging/train/2um/HFocusing_5_10_2um2_0_212.npy,symlinked
2um,train,P0/C1_HF_5_10_2um_doublet2/HFocusing_5_10_2um2_0_2120.npy,particles2SNR_pipeline/output/p0_c1_particles2SNR_staging/train/2um/HFocusing_5_10_2um2_0_2120.npy,symlinked
2um,train,P0/C1_HF_5_10_2um_doublet2/HFocusing_5_10_2um2_0_2123.npy,particles2SNR_pipeline/output/p0_c1_particles2SNR_staging/train/2um/HFocusing_5_10_2um2_0_2123.npy,symlinked
2um,train,P0/C1_HF_5_10_2um_doublet2/HFocusing_5_10_2um2_0_2126.npy,particles2SNR_pipeline/output/p0_c1_particles2SNR_staging/train/2um/HFocusing_5_10_2um2_0_2126.npy,symlinked
2um,train,P0/C1_HF_5_10_2um_doublet2/HFocusing_5_10_2um2_0_2127.npy,particles2SNR_pipeline/output/p0_c1_particles2SNR_staging/train/2um/HFocusing_5_10_2um2_0_2127.npy,symlinked
2um,test,P0/C1_HF_5_10_2um_doublet2/HFocusing_5_10_2um2_0_2130.npy,particles2SNR_pipeline/output/p0_c1_particles2SNR_staging/test/2um/HFocusing_5_10_2um2_0_2130.npy,symlinked
2um,train,P0/C1_HF_5_10_2um_doublet2/HFocusing_5_10_2um2_0_2133.npy,particles2SNR_pipeline/output/p0_c1_particles2SNR_staging/train/2um/HFocusing_5_10_2um2_0_2133.npy,symlinked
2um,train,P0/C1_HF_5_10_2um_doublet2/HFocusing_5_10_2um2_0_2134.npy,particles2SNR_pipeline/output/p0_c1_particles2SNR_staging/train/2um/HFocusing_5_10_2um2_0_2134.npy,symlinked
2um,train,P0/C1_HF_5_10_2um_doublet2/HFocusing_5_10_2um2_0_2137.npy,particles2SNR_pipeline/output/p0_c1_particles2SNR_staging/train/2um/HFocusing_5_10_2um2_0_2137.npy,symlinked
2um,train,P0/C1_HF_5_10_2um_doublet2/HFocusing_5_10_2um2_0_2138.npy,particles2SNR_pipeline/output/p0_c1_particles2SNR_staging/train/2um/HFocusing_5_10_2um2_0_2138.npy,symlinked
2um,train,P0/C1_HF_5_10_2um_doublet2/HFocusing_5_10_2um2_0_2141.npy,particles2SNR_pipeline/output/p0_c1_particles2SNR_staging/train/2um/HFocusing_5_10_2um2_0_2141.npy,symlinked
2um,test,P0/C1_HF_5_10_2um_doublet2/HFocusing_5_10_2um2_0_2142.npy,particles2SNR_pipeline/output/p0_c1_particles2SNR_staging/test/2um/HFocusing_5_10_2um2_0_2142.npy,symlinked
2um,train,P0/C1_HF_5_10_2um_doublet2/HFocusing_5_10_2um2_0_2145.npy,particles2SNR_pipeline/output/p0_c1_particles2SNR_staging/train/2um/HFocusing_5_10_2um2_0_2145.npy,symlinked
2um,train,P0/C1_HF_5_10_2um_doublet2/HFocusing_5_10_2um2_0_2146.npy,particles2SNR_pipeline/output/p0_c1_particles2SNR_staging/train/2um/HFocusing_5_10_2um2_0_2146.npy,symlinked
2um,train,P0/C1_HF_5_10_2um_doublet2/HFocusing_5_10_2um2_0_2149.npy,particles2SNR_pipeline/output/p0_c1_particles2SNR_staging/train/2um/HFocusing_5_10_2um2_0_2149.npy,symlinked
2um,train,P0/C1_HF_5_10_2um_doublet2/HFocusing_5_10_2um2_0_215.npy,particles2SNR_pipeline/output/p0_c1_particles2SNR_staging/train/2um/HFocusing_5_10_2um2_0_215.npy,symlinked
2um,test,P0/C1_HF_5_10_2um_doublet2/HFocusing_5_10_2um2_0_2150.npy,particles2SNR_pipeline/output/p0_c1_particles2SNR_staging/test/2um/HFocusing_5_10_2um2_0_2150.npy,symlinked
2um,train,P0/C1_HF_5_10_2um_doublet2/HFocusing_5_10_2um2_0_2153.npy,particles2SNR_pipeline/output/p0_c1_particles2SNR_staging/train/2um/HFocusing_5_10_2um2_0_2153.npy,symlinked
2um,train,P0/C1_HF_5_10_2um_doublet2/HFocusing_5_10_2um2_0_2154.npy,particles2SNR_pipeline/output/p0_c1_particles2SNR_staging/train/2um/HFocusing_5_10_2um2_0_2154.npy,symlinked
2um,train,P0/C1_HF_5_10_2um_doublet2/HFocusing_5_10_2um2_0_2157.npy,particles2SNR_pipeline/output/p0_c1_particles2SNR_staging/train/2um/HFocusing_5_10_2um2_0_2157.npy,symlinked
2um,train,P0/C1_HF_5_10_2um_doublet2/HFocusing_5_10_2um2_0_2158.npy,particles2SNR_pipeline/output/p0_c1_particles2SNR_staging/train/2um/HFocusing_5_10_2um2_0_2158.npy,symlinked
2um,test,P0/C1_HF_5_10_2um_doublet2/HFocusing_5_10_2um2_0_216.npy,particles2SNR_pipeline/output/p0_c1_particles2SNR_staging/test/2um/HFocusing_5_10_2um2_0_216.npy,symlinked
2um,train,P0/C1_HF_5_10_2um_doublet2/HFocusing_5_10_2um2_0_2161.npy,particles2SNR_pipeline/output/p0_c1_particles2SNR_staging/train/2um/HFocusing_5_10_2um2_0_2161.npy,symlinked
2um,train,P0/C1_HF_5_10_2um_doublet2/HFocusing_5_10_2um2_0_2162.npy,particles2SNR_pipeline/output/p0_c1_particles2SNR_staging/train/2um/HFocusing_5_10_2um2_0_2162.npy,symlinked
2um,test,P0/C1_HF_5_10_2um_doublet2/HFocusing_5_10_2um2_0_2165.npy,particles2SNR_pipeline/output/p0_c1_particles2SNR_staging/test/2um/HFocusing_5_10_2um2_0_2165.npy,symlinked
2um,train,P0/C1_HF_5_10_2um_doublet2/HFocusing_5_10_2um2_0_2168.npy,particles2SNR_pipeline/output/p0_c1_particles2SNR_staging/train/2um/HFocusing_5_10_2um2_0_2168.npy,symlinked
2um,train,P0/C1_HF_5_10_2um_doublet2/HFocusing_5_10_2um2_0_2169.npy,particles2SNR_pipeline/output/p0_c1_particles2SNR_staging/train/2um/HFocusing_5_10_2um2_0_2169.npy,symlinked
2um,train,P0/C1_HF_5_10_2um_doublet2/HFocusing_5_10_2um2_0_2172.npy,particles2SNR_pipeline/output/p0_c1_particles2SNR_staging/train/2um/HFocusing_5_10_2um2_0_2172.npy,symlinked
2um,train,P0/C1_HF_5_10_2um_doublet2/HFocusing_5_10_2um2_0_2174.npy,particles2SNR_pipeline/output/p0_c1_particles2SNR_staging/train/2um/HFocusing_5_10_2um2_0_2174.npy,symlinked
2um,train,P0/C1_HF_5_10_2um_doublet2/HFocusing_5_10_2um2_0_2175.npy,particles2SNR_pipeline/output/p0_c1_particles2SNR_staging/train/2um/HFocusing_5_10_2um2_0_2175.npy,symlinked
2um,train,P0/C1_HF_5_10_2um_doublet2/HFocusing_5_10_2um2_0_2177.npy,particles2SNR_pipeline/output/p0_c1_particles2SNR_staging/train/2um/HFocusing_5_10_2um2_0_2177.npy,symlinked
2um,test,P0/C1_HF_5_10_2um_doublet2/HFocusing_5_10_2um2_0_2178.npy,particles2SNR_pipeline/output/p0_c1_particles2SNR_staging/test/2um/HFocusing_5_10_2um2_0_2178.npy,symlinked
2um,train,P0/C1_HF_5_10_2um_doublet2/HFocusing_5_10_2um2_0_2180.npy,particles2SNR_pipeline/output/p0_c1_particles2SNR_staging/train/2um/HFocusing_5_10_2um2_0_2180.npy,symlinked
2um,train,P0/C1_HF_5_10_2um_doublet2/HFocusing_5_10_2um2_0_2183.npy,particles2SNR_pipeline/output/p0_c1_particles2SNR_staging/train/2um/HFocusing_5_10_2um2_0_2183.npy,symlinked
2um,train,P0/C1_HF_5_10_2um_doublet2/HFocusing_5_10_2um2_0_2184.npy,particles2SNR_pipeline/output/p0_c1_particles2SNR_staging/train/2um/HFocusing_5_10_2um2_0_2184.npy,symlinked
2um,train,P0/C1_HF_5_10_2um_doublet2/HFocusing_5_10_2um2_0_2187.npy,particles2SNR_pipeline/output/p0_c1_particles2SNR_staging/train/2um/HFocusing_5_10_2um2_0_2187.npy,symlinked
2um,train,P0/C1_HF_5_10_2um_doublet2/HFocusing_5_10_2um2_0_2188.npy,particles2SNR_pipeline/output/p0_c1_particles2SNR_staging/train/2um/HFocusing_5_10_2um2_0_2188.npy,symlinked
2um,test,P0/C1_HF_5_10_2um_doublet2/HFocusing_5_10_2um2_0_219.npy,particles2SNR_pipeline/output/p0_c1_particles2SNR_staging/test/2um/HFocusing_5_10_2um2_0_219.npy,symlinked
2um,train,P0/C1_HF_5_10_2um_doublet2/HFocusing_5_10_2um2_0_2191.npy,particles2SNR_pipeline/output/p0_c1_particles2SNR_staging/train/2um/HFocusing_5_10_2um2_0_2191.npy,symlinked
2um,test,P0/C1_HF_5_10_2um_doublet2/HFocusing_5_10_2um2_0_2194.npy,particles2SNR_pipeline/output/p0_c1_particles2SNR_staging/test/2um/HFocusing_5_10_2um2_0_2194.npy,symlinked
2um,test,P0/C1_HF_5_10_2um_doublet2/HFocusing_5_10_2um2_0_2195.npy,particles2SNR_pipeline/output/p0_c1_particles2SNR_staging/test/2um/HFocusing_5_10_2um2_0_2195.npy,symlinked
2um,train,P0/C1_HF_5_10_2um_doublet2/HFocusing_5_10_2um2_0_2198.npy,particles2SNR_pipeline/output/p0_c1_particles2SNR_staging/train/2um/HFocusing_5_10_2um2_0_2198.npy,symlinked
2um,train,P0/C1_HF_5_10_2um_doublet2/HFocusing_5_10_2um2_0_220.npy,particles2SNR_pipeline/output/p0_c1_particles2SNR_staging/train/2um/HFocusing_5_10_2um2_0_220.npy,symlinked
2um,train,P0/C1_HF_5_10_2um_doublet2/HFocusing_5_10_2um2_0_2200.npy,particles2SNR_pipeline/output/p0_c1_particles2SNR_staging/train/2um/HFocusing_5_10_2um2_0_2200.npy,symlinked
2um,train,P0/C1_HF_5_10_2um_doublet2/HFocusing_5_10_2um2_0_2201.npy,particles2SNR_pipeline/output/p0_c1_particles2SNR_staging/train/2um/HFocusing_5_10_2um2_0_2201.npy,symlinked
2um,train,P0/C1_HF_5_10_2um_doublet2/HFocusing_5_10_2um2_0_2204.npy,particles2SNR_pipeline/output/p0_c1_particles2SNR_staging/train/2um/HFocusing_5_10_2um2_0_2204.npy,symlinked
2um,train,P0/C1_HF_5_10_2um_doublet2/HFocusing_5_10_2um2_0_2205.npy,particles2SNR_pipeline/output/p0_c1_particles2SNR_staging/train/2um/HFocusing_5_10_2um2_0_2205.npy,symlinked
2um,train,P0/C1_HF_5_10_2um_doublet2/HFocusing_5_10_2um2_0_2208.npy,particles2SNR_pipeline/output/p0_c1_particles2SNR_staging/train/2um/HFocusing_5_10_2um2_0_2208.npy,symlinked
2um,train,P0/C1_HF_5_10_2um_doublet2/HFocusing_5_10_2um2_0_2209.npy,particles2SNR_pipeline/output/p0_c1_particles2SNR_staging/train/2um/HFocusing_5_10_2um2_0_2209.npy,symlinked
2um,train,P0/C1_HF_5_10_2um_doublet2/HFocusing_5_10_2um2_0_2212.npy,particles2SNR_pipeline/output/p0_c1_particles2SNR_staging/train/2um/HFocusing_5_10_2um2_0_2212.npy,symlinked
2um,test,P0/C1_HF_5_10_2um_doublet2/HFocusing_5_10_2um2_0_2213.npy,particles2SNR_pipeline/output/p0_c1_particles2SNR_staging/test/2um/HFocusing_5_10_2um2_0_2213.npy,symlinked
2um,test,P0/C1_HF_5_10_2um_doublet2/HFocusing_5_10_2um2_0_2216.npy,particles2SNR_pipeline/output/p0_c1_particles2SNR_staging/test/2um/HFocusing_5_10_2um2_0_2216.npy,symlinked
2um,test,P0/C1_HF_5_10_2um_doublet2/HFocusing_5_10_2um2_0_2219.npy,particles2SNR_pipeline/output/p0_c1_particles2SNR_staging/test/2um/HFocusing_5_10_2um2_0_2219.npy,symlinked
2um,train,P0/C1_HF_5_10_2um_doublet2/HFocusing_5_10_2um2_0_2222.npy,particles2SNR_pipeline/output/p0_c1_particles2SNR_staging/train/2um/HFocusing_5_10_2um2_0_2222.npy,symlinked
2um,train,P0/C1_HF_5_10_2um_doublet2/HFocusing_5_10_2um2_0_2223.npy,particles2SNR_pipeline/output/p0_c1_particles2SNR_staging/train/2um/HFocusing_5_10_2um2_0_2223.npy,symlinked
2um,train,P0/C1_HF_5_10_2um_doublet2/HFocusing_5_10_2um2_0_2225.npy,particles2SNR_pipeline/output/p0_c1_particles2SNR_staging/train/2um/HFocusing_5_10_2um2_0_2225.npy,symlinked
2um,test,P0/C1_HF_5_10_2um_doublet2/HFocusing_5_10_2um2_0_2226.npy,particles2SNR_pipeline/output/p0_c1_particles2SNR_staging/test/2um/HFocusing_5_10_2um2_0_2226.npy,symlinked
2um,test,P0/C1_HF_5_10_2um_doublet2/HFocusing_5_10_2um2_0_2229.npy,particles2SNR_pipeline/output/p0_c1_particles2SNR_staging/test/2um/HFocusing_5_10_2um2_0_2229.npy,symlinked
2um,train,P0/C1_HF_5_10_2um_doublet2/HFocusing_5_10_2um2_0_223.npy,particles2SNR_pipeline/output/p0_c1_particles2SNR_staging/train/2um/HFocusing_5_10_2um2_0_223.npy,symlinked
2um,train,P0/C1_HF_5_10_2um_doublet2/HFocusing_5_10_2um2_0_2232.npy,particles2SNR_pipeline/output/p0_c1_particles2SNR_staging/train/2um/HFocusing_5_10_2um2_0_2232.npy,symlinked
2um,train,P0/C1_HF_5_10_2um_doublet2/HFocusing_5_10_2um2_0_2233.npy,particles2SNR_pipeline/output/p0_c1_particles2SNR_staging/train/2um/HFocusing_5_10_2um2_0_2233.npy,symlinked
2um,train,P0/C1_HF_5_10_2um_doublet2/HFocusing_5_10_2um2_0_2235.npy,particles2SNR_pipeline/output/p0_c1_particles2SNR_staging/train/2um/HFocusing_5_10_2um2_0_2235.npy,symlinked
2um,train,P0/C1_HF_5_10_2um_doublet2/HFocusing_5_10_2um2_0_2236.npy,particles2SNR_pipeline/output/p0_c1_particles2SNR_staging/train/2um/HFocusing_5_10_2um2_0_2236.npy,symlinked
2um,train,P0/C1_HF_5_10_2um_doublet2/HFocusing_5_10_2um2_0_2239.npy,particles2SNR_pipeline/output/p0_c1_particles2SNR_staging/train/2um/HFocusing_5_10_2um2_0_2239.npy,symlinked
2um,train,P0/C1_HF_5_10_2um_doublet2/HFocusing_5_10_2um2_0_2242.npy,particles2SNR_pipeline/output/p0_c1_particles2SNR_staging/train/2um/HFocusing_5_10_2um2_0_2242.npy,symlinked
2um,test,P0/C1_HF_5_10_2um_doublet2/HFocusing_5_10_2um2_0_2243.npy,particles2SNR_pipeline/output/p0_c1_particles2SNR_staging/test/2um/HFocusing_5_10_2um2_0_2243.npy,symlinked
2um,train,P0/C1_HF_5_10_2um_doublet2/HFocusing_5_10_2um2_0_2245.npy,particles2SNR_pipeline/output/p0_c1_particles2SNR_staging/train/2um/HFocusing_5_10_2um2_0_2245.npy,symlinked
2um,test,P0/C1_HF_5_10_2um_doublet2/HFocusing_5_10_2um2_0_2248.npy,particles2SNR_pipeline/output/p0_c1_particles2SNR_staging/test/2um/HFocusing_5_10_2um2_0_2248.npy,symlinked
2um,train,P0/C1_HF_5_10_2um_doublet2/HFocusing_5_10_2um2_0_2249.npy,particles2SNR_pipeline/output/p0_c1_particles2SNR_staging/train/2um/HFocusing_5_10_2um2_0_2249.npy,symlinked
2um,train,P0/C1_HF_5_10_2um_doublet2/HFocusing_5_10_2um2_0_2253.npy,particles2SNR_pipeline/output/p0_c1_particles2SNR_staging/train/2um/HFocusing_5_10_2um2_0_2253.npy,symlinked
2um,test,P0/C1_HF_5_10_2um_doublet2/HFocusing_5_10_2um2_0_2255.npy,particles2SNR_pipeline/output/p0_c1_particles2SNR_staging/test/2um/HFocusing_5_10_2um2_0_2255.npy,symlinked
2um,train,P0/C1_HF_5_10_2um_doublet2/HFocusing_5_10_2um2_0_2258.npy,particles2SNR_pipeline/output/p0_c1_particles2SNR_staging/train/2um/HFocusing_5_10_2um2_0_2258.npy,symlinked
2um,train,P0/C1_HF_5_10_2um_doublet2/HFocusing_5_10_2um2_0_226.npy,particles2SNR_pipeline/output/p0_c1_particles2SNR_staging/train/2um/HFocusing_5_10_2um2_0_226.npy,symlinked
2um,train,P0/C1_HF_5_10_2um_doublet2/HFocusing_5_10_2um2_0_2261.npy,particles2SNR_pipeline/output/p0_c1_particles2SNR_staging/train/2um/HFocusing_5_10_2um2_0_2261.npy,symlinked
2um,test,P0/C1_HF_5_10_2um_doublet2/HFocusing_5_10_2um2_0_2262.npy,particles2SNR_pipeline/output/p0_c1_particles2SNR_staging/test/2um/HFocusing_5_10_2um2_0_2262.npy,symlinked
2um,train,P0/C1_HF_5_10_2um_doublet2/HFocusing_5_10_2um2_0_2264.npy,particles2SNR_pipeline/output/p0_c1_particles2SNR_staging/train/2um/HFocusing_5_10_2um2_0_2264.npy,symlinked
2um,train,P0/C1_HF_5_10_2um_doublet2/HFocusing_5_10_2um2_0_2265.npy,particles2SNR_pipeline/output/p0_c1_particles2SNR_staging/train/2um/HFocusing_5_10_2um2_0_2265.npy,symlinked
2um,train,P0/C1_HF_5_10_2um_doublet2/HFocusing_5_10_2um2_0_2268.npy,particles2SNR_pipeline/output/p0_c1_particles2SNR_staging/train/2um/HFocusing_5_10_2um2_0_2268.npy,symlinked
2um,test,P0/C1_HF_5_10_2um_doublet2/HFocusing_5_10_2um2_0_2270.npy,particles2SNR_pipeline/output/p0_c1_particles2SNR_staging/test/2um/HFocusing_5_10_2um2_0_2270.npy,symlinked
2um,train,P0/C1_HF_5_10_2um_doublet2/HFocusing_5_10_2um2_0_2271.npy,particles2SNR_pipeline/output/p0_c1_particles2SNR_staging/train/2um/HFocusing_5_10_2um2_0_2271.npy,symlinked
2um,train,P0/C1_HF_5_10_2um_doublet2/HFocusing_5_10_2um2_0_2273.npy,particles2SNR_pipeline/output/p0_c1_particles2SNR_staging/train/2um/HFocusing_5_10_2um2_0_2273.npy,symlinked
2um,test,P0/C1_HF_5_10_2um_doublet2/HFocusing_5_10_2um2_0_2274.npy,particles2SNR_pipeline/output/p0_c1_particles2SNR_staging/test/2um/HFocusing_5_10_2um2_0_2274.npy,symlinked
2um,train,P0/C1_HF_5_10_2um_doublet2/HFocusing_5_10_2um2_0_2277.npy,particles2SNR_pipeline/output/p0_c1_particles2SNR_staging/train/2um/HFocusing_5_10_2um2_0_2277.npy,symlinked
2um,train,P0/C1_HF_5_10_2um_doublet2/HFocusing_5_10_2um2_0_2278.npy,particles2SNR_pipeline/output/p0_c1_particles2SNR_staging/train/2um/HFocusing_5_10_2um2_0_2278.npy,symlinked
2um,test,P0/C1_HF_5_10_2um_doublet2/HFocusing_5_10_2um2_0_2280.npy,particles2SNR_pipeline/output/p0_c1_particles2SNR_staging/test/2um/HFocusing_5_10_2um2_0_2280.npy,symlinked
2um,train,P0/C1_HF_5_10_2um_doublet2/HFocusing_5_10_2um2_0_2281.npy,particles2SNR_pipeline/output/p0_c1_particles2SNR_staging/train/2um/HFocusing_5_10_2um2_0_2281.npy,symlinked
2um,train,P0/C1_HF_5_10_2um_doublet2/HFocusing_5_10_2um2_0_2284.npy,particles2SNR_pipeline/output/p0_c1_particles2SNR_staging/train/2um/HFocusing_5_10_2um2_0_2284.npy,symlinked
2um,train,P0/C1_HF_5_10_2um_doublet2/HFocusing_5_10_2um2_0_2286.npy,particles2SNR_pipeline/output/p0_c1_particles2SNR_staging/train/2um/HFocusing_5_10_2um2_0_2286.npy,symlinked
2um,train,P0/C1_HF_5_10_2um_doublet2/HFocusing_5_10_2um2_0_2287.npy,particles2SNR_pipeline/output/p0_c1_particles2SNR_staging/train/2um/HFocusing_5_10_2um2_0_2287.npy,symlinked
2um,test,P0/C1_HF_5_10_2um_doublet2/HFocusing_5_10_2um2_0_229.npy,particles2SNR_pipeline/output/p0_c1_particles2SNR_staging/test/2um/HFocusing_5_10_2um2_0_229.npy,symlinked
2um,train,P0/C1_HF_5_10_2um_doublet2/HFocusing_5_10_2um2_0_2290.npy,particles2SNR_pipeline/output/p0_c1_particles2SNR_staging/train/2um/HFocusing_5_10_2um2_0_2290.npy,symlinked
2um,train,P0/C1_HF_5_10_2um_doublet2/HFocusing_5_10_2um2_0_2293.npy,particles2SNR_pipeline/output/p0_c1_particles2SNR_staging/train/2um/HFocusing_5_10_2um2_0_2293.npy,symlinked
2um,train,P0/C1_HF_5_10_2um_doublet2/HFocusing_5_10_2um2_0_2296.npy,particles2SNR_pipeline/output/p0_c1_particles2SNR_staging/train/2um/HFocusing_5_10_2um2_0_2296.npy,symlinked
2um,train,P0/C1_HF_5_10_2um_doublet2/HFocusing_5_10_2um2_0_2297.npy,particles2SNR_pipeline/output/p0_c1_particles2SNR_staging/train/2um/HFocusing_5_10_2um2_0_2297.npy,symlinked
2um,test,P0/C1_HF_5_10_2um_doublet2/HFocusing_5_10_2um2_0_230.npy,particles2SNR_pipeline/output/p0_c1_particles2SNR_staging/test/2um/HFocusing_5_10_2um2_0_230.npy,symlinked
2um,train,P0/C1_HF_5_10_2um_doublet2/HFocusing_5_10_2um2_0_2300.npy,particles2SNR_pipeline/output/p0_c1_particles2SNR_staging/train/2um/HFocusing_5_10_2um2_0_2300.npy,symlinked
2um,train,P0/C1_HF_5_10_2um_doublet2/HFocusing_5_10_2um2_0_2301.npy,particles2SNR_pipeline/output/p0_c1_particles2SNR_staging/train/2um/HFocusing_5_10_2um2_0_2301.npy,symlinked
2um,train,P0/C1_HF_5_10_2um_doublet2/HFocusing_5_10_2um2_0_2304.npy,particles2SNR_pipeline/output/p0_c1_particles2SNR_staging/train/2um/HFocusing_5_10_2um2_0_2304.npy,symlinked
2um,test,P0/C1_HF_5_10_2um_doublet2/HFocusing_5_10_2um2_0_2305.npy,particles2SNR_pipeline/output/p0_c1_particles2SNR_staging/test/2um/HFocusing_5_10_2um2_0_2305.npy,symlinked
2um,train,P0/C1_HF_5_10_2um_doublet2/HFocusing_5_10_2um2_0_2308.npy,particles2SNR_pipeline/output/p0_c1_particles2SNR_staging/train/2um/HFocusing_5_10_2um2_0_2308.npy,symlinked
2um,train,P0/C1_HF_5_10_2um_doublet2/HFocusing_5_10_2um2_0_2311.npy,particles2SNR_pipeline/output/p0_c1_particles2SNR_staging/train/2um/HFocusing_5_10_2um2_0_2311.npy,symlinked
2um,test,P0/C1_HF_5_10_2um_doublet2/HFocusing_5_10_2um2_0_2312.npy,particles2SNR_pipeline/output/p0_c1_particles2SNR_staging/test/2um/HFocusing_5_10_2um2_0_2312.npy,symlinked
2um,train,P0/C1_HF_5_10_2um_doublet2/HFocusing_5_10_2um2_0_2314.npy,particles2SNR_pipeline/output/p0_c1_particles2SNR_staging/train/2um/HFocusing_5_10_2um2_0_2314.npy,symlinked
2um,train,P0/C1_HF_5_10_2um_doublet2/HFocusing_5_10_2um2_0_2317.npy,particles2SNR_pipeline/output/p0_c1_particles2SNR_staging/train/2um/HFocusing_5_10_2um2_0_2317.npy,symlinked
2um,train,P0/C1_HF_5_10_2um_doublet2/HFocusing_5_10_2um2_0_2318.npy,particles2SNR_pipeline/output/p0_c1_particles2SNR_staging/train/2um/HFocusing_5_10_2um2_0_2318.npy,symlinked
2um,train,P0/C1_HF_5_10_2um_doublet2/HFocusing_5_10_2um2_0_232.npy,particles2SNR_pipeline/output/p0_c1_particles2SNR_staging/train/2um/HFocusing_5_10_2um2_0_232.npy,symlinked
2um,train,P0/C1_HF_5_10_2um_doublet2/HFocusing_5_10_2um2_0_2320.npy,particles2SNR_pipeline/output/p0_c1_particles2SNR_staging/train/2um/HFocusing_5_10_2um2_0_2320.npy,symlinked
2um,train,P0/C1_HF_5_10_2um_doublet2/HFocusing_5_10_2um2_0_2323.npy,particles2SNR_pipeline/output/p0_c1_particles2SNR_staging/train/2um/HFocusing_5_10_2um2_0_2323.npy,symlinked
2um,train,P0/C1_HF_5_10_2um_doublet2/HFocusing_5_10_2um2_0_2324.npy,particles2SNR_pipeline/output/p0_c1_particles2SNR_staging/train/2um/HFocusing_5_10_2um2_0_2324.npy,symlinked
2um,train,P0/C1_HF_5_10_2um_doublet2/HFocusing_5_10_2um2_0_2326.npy,particles2SNR_pipeline/output/p0_c1_particles2SNR_staging/train/2um/HFocusing_5_10_2um2_0_2326.npy,symlinked
2um,train,P0/C1_HF_5_10_2um_doublet2/HFocusing_5_10_2um2_0_2327.npy,particles2SNR_pipeline/output/p0_c1_particles2SNR_staging/train/2um/HFocusing_5_10_2um2_0_2327.npy,symlinked
2um,train,P0/C1_HF_5_10_2um_doublet2/HFocusing_5_10_2um2_0_233.npy,particles2SNR_pipeline/output/p0_c1_particles2SNR_staging/train/2um/HFocusing_5_10_2um2_0_233.npy,symlinked
2um,test,P0/C1_HF_5_10_2um_doublet2/HFocusing_5_10_2um2_0_2330.npy,particles2SNR_pipeline/output/p0_c1_particles2SNR_staging/test/2um/HFocusing_5_10_2um2_0_2330.npy,symlinked
2um,train,P0/C1_HF_5_10_2um_doublet2/HFocusing_5_10_2um2_0_2332.npy,particles2SNR_pipeline/output/p0_c1_particles2SNR_staging/train/2um/HFocusing_5_10_2um2_0_2332.npy,symlinked
2um,test,P0/C1_HF_5_10_2um_doublet2/HFocusing_5_10_2um2_0_2333.npy,particles2SNR_pipeline/output/p0_c1_particles2SNR_staging/test/2um/HFocusing_5_10_2um2_0_2333.npy,symlinked
2um,test,P0/C1_HF_5_10_2um_doublet2/HFocusing_5_10_2um2_0_2336.npy,particles2SNR_pipeline/output/p0_c1_particles2SNR_staging/test/2um/HFocusing_5_10_2um2_0_2336.npy,symlinked
2um,train,P0/C1_HF_5_10_2um_doublet2/HFocusing_5_10_2um2_0_2337.npy,particles2SNR_pipeline/output/p0_c1_particles2SNR_staging/train/2um/HFocusing_5_10_2um2_0_2337.npy,symlinked
2um,train,P0/C1_HF_5_10_2um_doublet2/HFocusing_5_10_2um2_0_2340.npy,particles2SNR_pipeline/output/p0_c1_particles2SNR_staging/train/2um/HFocusing_5_10_2um2_0_2340.npy,symlinked
2um,train,P0/C1_HF_5_10_2um_doublet2/HFocusing_5_10_2um2_0_2341.npy,particles2SNR_pipeline/output/p0_c1_particles2SNR_staging/train/2um/HFocusing_5_10_2um2_0_2341.npy,symlinked
2um,train,P0/C1_HF_5_10_2um_doublet2/HFocusing_5_10_2um2_0_2344.npy,particles2SNR_pipeline/output/p0_c1_particles2SNR_staging/train/2um/HFocusing_5_10_2um2_0_2344.npy,symlinked
2um,train,P0/C1_HF_5_10_2um_doublet2/HFocusing_5_10_2um2_0_2345.npy,particles2SNR_pipeline/output/p0_c1_particles2SNR_staging/train/2um/HFocusing_5_10_2um2_0_2345.npy,symlinked
2um,train,P0/C1_HF_5_10_2um_doublet2/HFocusing_5_10_2um2_0_2348.npy,particles2SNR_pipeline/output/p0_c1_particles2SNR_staging/train/2um/HFocusing_5_10_2um2_0_2348.npy,symlinked
2um,test,P0/C1_HF_5_10_2um_doublet2/HFocusing_5_10_2um2_0_2349.npy,particles2SNR_pipeline/output/p0_c1_particles2SNR_staging/test/2um/HFocusing_5_10_2um2_0_2349.npy,symlinked
2um,test,P0/C1_HF_5_10_2um_doublet2/HFocusing_5_10_2um2_0_2352.npy,particles2SNR_pipeline/output/p0_c1_particles2SNR_staging/test/2um/HFocusing_5_10_2um2_0_2352.npy,symlinked
2um,test,P0/C1_HF_5_10_2um_doublet2/HFocusing_5_10_2um2_0_2353.npy,particles2SNR_pipeline/output/p0_c1_particles2SNR_staging/test/2um/HFocusing_5_10_2um2_0_2353.npy,symlinked
2um,train,P0/C1_HF_5_10_2um_doublet2/HFocusing_5_10_2um2_0_2356.npy,particles2SNR_pipeline/output/p0_c1_particles2SNR_staging/train/2um/HFocusing_5_10_2um2_0_2356.npy,symlinked
2um,train,P0/C1_HF_5_10_2um_doublet2/HFocusing_5_10_2um2_0_2357.npy,particles2SNR_pipeline/output/p0_c1_particles2SNR_staging/train/2um/HFocusing_5_10_2um2_0_2357.npy,symlinked
2um,train,P0/C1_HF_5_10_2um_doublet2/HFocusing_5_10_2um2_0_2359.npy,particles2SNR_pipeline/output/p0_c1_particles2SNR_staging/train/2um/HFocusing_5_10_2um2_0_2359.npy,symlinked
2um,train,P0/C1_HF_5_10_2um_doublet2/HFocusing_5_10_2um2_0_236.npy,particles2SNR_pipeline/output/p0_c1_particles2SNR_staging/train/2um/HFocusing_5_10_2um2_0_236.npy,symlinked
2um,test,P0/C1_HF_5_10_2um_doublet2/HFocusing_5_10_2um2_0_2363.npy,particles2SNR_pipeline/output/p0_c1_particles2SNR_staging/test/2um/HFocusing_5_10_2um2_0_2363.npy,symlinked
2um,test,P0/C1_HF_5_10_2um_doublet2/HFocusing_5_10_2um2_0_2366.npy,particles2SNR_pipeline/output/p0_c1_particles2SNR_staging/test/2um/HFocusing_5_10_2um2_0_2366.npy,symlinked
2um,train,P0/C1_HF_5_10_2um_doublet2/HFocusing_5_10_2um2_0_2367.npy,particles2SNR_pipeline/output/p0_c1_particles2SNR_staging/train/2um/HFocusing_5_10_2um2_0_2367.npy,symlinked
2um,test,P0/C1_HF_5_10_2um_doublet2/HFocusing_5_10_2um2_0_2369.npy,particles2SNR_pipeline/output/p0_c1_particles2SNR_staging/test/2um/HFocusing_5_10_2um2_0_2369.npy,symlinked
2um,train,P0/C1_HF_5_10_2um_doublet2/HFocusing_5_10_2um2_0_237.npy,particles2SNR_pipeline/output/p0_c1_particles2SNR_staging/train/2um/HFocusing_5_10_2um2_0_237.npy,symlinked
2um,train,P0/C1_HF_5_10_2um_doublet2/HFocusing_5_10_2um2_0_2370.npy,particles2SNR_pipeline/output/p0_c1_particles2SNR_staging/train/2um/HFocusing_5_10_2um2_0_2370.npy,symlinked
2um,train,P0/C1_HF_5_10_2um_doublet2/HFocusing_5_10_2um2_0_2373.npy,particles2SNR_pipeline/output/p0_c1_particles2SNR_staging/train/2um/HFocusing_5_10_2um2_0_2373.npy,symlinked
2um,train,P0/C1_HF_5_10_2um_doublet2/HFocusing_5_10_2um2_0_2375.npy,particles2SNR_pipeline/output/p0_c1_particles2SNR_staging/train/2um/HFocusing_5_10_2um2_0_2375.npy,symlinked
2um,train,P0/C1_HF_5_10_2um_doublet2/HFocusing_5_10_2um2_0_2376.npy,particles2SNR_pipeline/output/p0_c1_particles2SNR_staging/train/2um/HFocusing_5_10_2um2_0_2376.npy,symlinked
2um,train,P0/C1_HF_5_10_2um_doublet2/HFocusing_5_10_2um2_0_2379.npy,particles2SNR_pipeline/output/p0_c1_particles2SNR_staging/train/2um/HFocusing_5_10_2um2_0_2379.npy,symlinked
2um,train,P0/C1_HF_5_10_2um_doublet2/HFocusing_5_10_2um2_0_2382.npy,particles2SNR_pipeline/output/p0_c1_particles2SNR_staging/train/2um/HFocusing_5_10_2um2_0_2382.npy,symlinked
2um,train,P0/C1_HF_5_10_2um_doublet2/HFocusing_5_10_2um2_0_2383.npy,particles2SNR_pipeline/output/p0_c1_particles2SNR_staging/train/2um/HFocusing_5_10_2um2_0_2383.npy,symlinked
2um,test,P0/C1_HF_5_10_2um_doublet2/HFocusing_5_10_2um2_0_2386.npy,particles2SNR_pipeline/output/p0_c1_particles2SNR_staging/test/2um/HFocusing_5_10_2um2_0_2386.npy,symlinked
2um,train,P0/C1_HF_5_10_2um_doublet2/HFocusing_5_10_2um2_0_2387.npy,particles2SNR_pipeline/output/p0_c1_particles2SNR_staging/train/2um/HFocusing_5_10_2um2_0_2387.npy,symlinked
2um,train,P0/C1_HF_5_10_2um_doublet2/HFocusing_5_10_2um2_0_2390.npy,particles2SNR_pipeline/output/p0_c1_particles2SNR_staging/train/2um/HFocusing_5_10_2um2_0_2390.npy,symlinked
2um,train,P0/C1_HF_5_10_2um_doublet2/HFocusing_5_10_2um2_0_2391.npy,particles2SNR_pipeline/output/p0_c1_particles2SNR_staging/train/2um/HFocusing_5_10_2um2_0_2391.npy,symlinked
2um,train,P0/C1_HF_5_10_2um_doublet2/HFocusing_5_10_2um2_0_2394.npy,particles2SNR_pipeline/output/p0_c1_particles2SNR_staging/train/2um/HFocusing_5_10_2um2_0_2394.npy,symlinked
2um,train,P0/C1_HF_5_10_2um_doublet2/HFocusing_5_10_2um2_0_2397.npy,particles2SNR_pipeline/output/p0_c1_particles2SNR_staging/train/2um/HFocusing_5_10_2um2_0_2397.npy,symlinked
2um,train,P0/C1_HF_5_10_2um_doublet2/HFocusing_5_10_2um2_0_2398.npy,particles2SNR_pipeline/output/p0_c1_particles2SNR_staging/train/2um/HFocusing_5_10_2um2_0_2398.npy,symlinked
2um,train,P0/C1_HF_5_10_2um_doublet2/HFocusing_5_10_2um2_0_24.npy,particles2SNR_pipeline/output/p0_c1_particles2SNR_staging/train/2um/HFocusing_5_10_2um2_0_24.npy,symlinked
2um,test,P0/C1_HF_5_10_2um_doublet2/HFocusing_5_10_2um2_0_240.npy,particles2SNR_pipeline/output/p0_c1_particles2SNR_staging/test/2um/HFocusing_5_10_2um2_0_240.npy,symlinked
2um,test,P0/C1_HF_5_10_2um_doublet2/HFocusing_5_10_2um2_0_2401.npy,particles2SNR_pipeline/output/p0_c1_particles2SNR_staging/test/2um/HFocusing_5_10_2um2_0_2401.npy,symlinked
2um,train,P0/C1_HF_5_10_2um_doublet2/HFocusing_5_10_2um2_0_2404.npy,particles2SNR_pipeline/output/p0_c1_particles2SNR_staging/train/2um/HFocusing_5_10_2um2_0_2404.npy,symlinked
2um,train,P0/C1_HF_5_10_2um_doublet2/HFocusing_5_10_2um2_0_2405.npy,particles2SNR_pipeline/output/p0_c1_particles2SNR_staging/train/2um/HFocusing_5_10_2um2_0_2405.npy,symlinked
2um,train,P0/C1_HF_5_10_2um_doublet2/HFocusing_5_10_2um2_0_2408.npy,particles2SNR_pipeline/output/p0_c1_particles2SNR_staging/train/2um/HFocusing_5_10_2um2_0_2408.npy,symlinked
2um,test,P0/C1_HF_5_10_2um_doublet2/HFocusing_5_10_2um2_0_241.npy,particles2SNR_pipeline/output/p0_c1_particles2SNR_staging/test/2um/HFocusing_5_10_2um2_0_241.npy,symlinked
2um,train,P0/C1_HF_5_10_2um_doublet2/HFocusing_5_10_2um2_0_2411.npy,particles2SNR_pipeline/output/p0_c1_particles2SNR_staging/train/2um/HFocusing_5_10_2um2_0_2411.npy,symlinked
2um,train,P0/C1_HF_5_10_2um_doublet2/HFocusing_5_10_2um2_0_2414.npy,particles2SNR_pipeline/output/p0_c1_particles2SNR_staging/train/2um/HFocusing_5_10_2um2_0_2414.npy,symlinked
2um,train,P0/C1_HF_5_10_2um_doublet2/HFocusing_5_10_2um2_0_2417.npy,particles2SNR_pipeline/output/p0_c1_particles2SNR_staging/train/2um/HFocusing_5_10_2um2_0_2417.npy,symlinked
2um,train,P0/C1_HF_5_10_2um_doublet2/HFocusing_5_10_2um2_0_2418.npy,particles2SNR_pipeline/output/p0_c1_particles2SNR_staging/train/2um/HFocusing_5_10_2um2_0_2418.npy,symlinked
2um,train,P0/C1_HF_5_10_2um_doublet2/HFocusing_5_10_2um2_0_2421.npy,particles2SNR_pipeline/output/p0_c1_particles2SNR_staging/train/2um/HFocusing_5_10_2um2_0_2421.npy,symlinked
2um,train,P0/C1_HF_5_10_2um_doublet2/HFocusing_5_10_2um2_0_2422.npy,particles2SNR_pipeline/output/p0_c1_particles2SNR_staging/train/2um/HFocusing_5_10_2um2_0_2422.npy,symlinked
2um,train,P0/C1_HF_5_10_2um_doublet2/HFocusing_5_10_2um2_0_2425.npy,particles2SNR_pipeline/output/p0_c1_particles2SNR_staging/train/2um/HFocusing_5_10_2um2_0_2425.npy,symlinked
2um,train,P0/C1_HF_5_10_2um_doublet2/HFocusing_5_10_2um2_0_2426.npy,particles2SNR_pipeline/output/p0_c1_particles2SNR_staging/train/2um/HFocusing_5_10_2um2_0_2426.npy,symlinked
2um,train,P0/C1_HF_5_10_2um_doublet2/HFocusing_5_10_2um2_0_2429.npy,particles2SNR_pipeline/output/p0_c1_particles2SNR_staging/train/2um/HFocusing_5_10_2um2_0_2429.npy,symlinked
2um,test,P0/C1_HF_5_10_2um_doublet2/HFocusing_5_10_2um2_0_243.npy,particles2SNR_pipeline/output/p0_c1_particles2SNR_staging/test/2um/HFocusing_5_10_2um2_0_243.npy,symlinked
2um,train,P0/C1_HF_5_10_2um_doublet2/HFocusing_5_10_2um2_0_2430.npy,particles2SNR_pipeline/output/p0_c1_particles2SNR_staging/train/2um/HFocusing_5_10_2um2_0_2430.npy,symlinked
2um,train,P0/C1_HF_5_10_2um_doublet2/HFocusing_5_10_2um2_0_2433.npy,particles2SNR_pipeline/output/p0_c1_particles2SNR_staging/train/2um/HFocusing_5_10_2um2_0_2433.npy,symlinked
2um,test,P0/C1_HF_5_10_2um_doublet2/HFocusing_5_10_2um2_0_2434.npy,particles2SNR_pipeline/output/p0_c1_particles2SNR_staging/test/2um/HFocusing_5_10_2um2_0_2434.npy,symlinked
2um,train,P0/C1_HF_5_10_2um_doublet2/HFocusing_5_10_2um2_0_2437.npy,particles2SNR_pipeline/output/p0_c1_particles2SNR_staging/train/2um/HFocusing_5_10_2um2_0_2437.npy,symlinked
2um,train,P0/C1_HF_5_10_2um_doublet2/HFocusing_5_10_2um2_0_2438.npy,particles2SNR_pipeline/output/p0_c1_particles2SNR_staging/train/2um/HFocusing_5_10_2um2_0_2438.npy,symlinked
2um,train,P0/C1_HF_5_10_2um_doublet2/HFocusing_5_10_2um2_0_244.npy,particles2SNR_pipeline/output/p0_c1_particles2SNR_staging/train/2um/HFocusing_5_10_2um2_0_244.npy,symlinked
2um,train,P0/C1_HF_5_10_2um_doublet2/HFocusing_5_10_2um2_0_2441.npy,particles2SNR_pipeline/output/p0_c1_particles2SNR_staging/train/2um/HFocusing_5_10_2um2_0_2441.npy,symlinked
2um,test,P0/C1_HF_5_10_2um_doublet2/HFocusing_5_10_2um2_0_2442.npy,particles2SNR_pipeline/output/p0_c1_particles2SNR_staging/test/2um/HFocusing_5_10_2um2_0_2442.npy,symlinked
2um,train,P0/C1_HF_5_10_2um_doublet2/HFocusing_5_10_2um2_0_2445.npy,particles2SNR_pipeline/output/p0_c1_particles2SNR_staging/train/2um/HFocusing_5_10_2um2_0_2445.npy,symlinked
2um,test,P0/C1_HF_5_10_2um_doublet2/HFocusing_5_10_2um2_0_2446.npy,particles2SNR_pipeline/output/p0_c1_particles2SNR_staging/test/2um/HFocusing_5_10_2um2_0_2446.npy,symlinked
2um,train,P0/C1_HF_5_10_2um_doublet2/HFocusing_5_10_2um2_0_2449.npy,particles2SNR_pipeline/output/p0_c1_particles2SNR_staging/train/2um/HFocusing_5_10_2um2_0_2449.npy,symlinked
2um,train,P0/C1_HF_5_10_2um_doublet2/HFocusing_5_10_2um2_0_2450.npy,particles2SNR_pipeline/output/p0_c1_particles2SNR_staging/train/2um/HFocusing_5_10_2um2_0_2450.npy,symlinked
2um,train,P0/C1_HF_5_10_2um_doublet2/HFocusing_5_10_2um2_0_2453.npy,particles2SNR_pipeline/output/p0_c1_particles2SNR_staging/train/2um/HFocusing_5_10_2um2_0_2453.npy,symlinked
2um,test,P0/C1_HF_5_10_2um_doublet2/HFocusing_5_10_2um2_0_2454.npy,particles2SNR_pipeline/output/p0_c1_particles2SNR_staging/test/2um/HFocusing_5_10_2um2_0_2454.npy,symlinked
2um,train,P0/C1_HF_5_10_2um_doublet2/HFocusing_5_10_2um2_0_2457.npy,particles2SNR_pipeline/output/p0_c1_particles2SNR_staging/train/2um/HFocusing_5_10_2um2_0_2457.npy,symlinked
2um,train,P0/C1_HF_5_10_2um_doublet2/HFocusing_5_10_2um2_0_2458.npy,particles2SNR_pipeline/output/p0_c1_particles2SNR_staging/train/2um/HFocusing_5_10_2um2_0_2458.npy,symlinked
2um,train,P0/C1_HF_5_10_2um_doublet2/HFocusing_5_10_2um2_0_2460.npy,particles2SNR_pipeline/output/p0_c1_particles2SNR_staging/train/2um/HFocusing_5_10_2um2_0_2460.npy,symlinked
2um,train,P0/C1_HF_5_10_2um_doublet2/HFocusing_5_10_2um2_0_2461.npy,particles2SNR_pipeline/output/p0_c1_particles2SNR_staging/train/2um/HFocusing_5_10_2um2_0_2461.npy,symlinked
2um,test,P0/C1_HF_5_10_2um_doublet2/HFocusing_5_10_2um2_0_2464.npy,particles2SNR_pipeline/output/p0_c1_particles2SNR_staging/test/2um/HFocusing_5_10_2um2_0_2464.npy,symlinked
2um,train,P0/C1_HF_5_10_2um_doublet2/HFocusing_5_10_2um2_0_2465.npy,particles2SNR_pipeline/output/p0_c1_particles2SNR_staging/train/2um/HFocusing_5_10_2um2_0_2465.npy,symlinked
2um,train,P0/C1_HF_5_10_2um_doublet2/HFocusing_5_10_2um2_0_2468.npy,particles2SNR_pipeline/output/p0_c1_particles2SNR_staging/train/2um/HFocusing_5_10_2um2_0_2468.npy,symlinked
2um,train,P0/C1_HF_5_10_2um_doublet2/HFocusing_5_10_2um2_0_2469.npy,particles2SNR_pipeline/output/p0_c1_particles2SNR_staging/train/2um/HFocusing_5_10_2um2_0_2469.npy,symlinked
2um,train,P0/C1_HF_5_10_2um_doublet2/HFocusing_5_10_2um2_0_247.npy,particles2SNR_pipeline/output/p0_c1_particles2SNR_staging/train/2um/HFocusing_5_10_2um2_0_247.npy,symlinked
2um,train,P0/C1_HF_5_10_2um_doublet2/HFocusing_5_10_2um2_0_2472.npy,particles2SNR_pipeline/output/p0_c1_particles2SNR_staging/train/2um/HFocusing_5_10_2um2_0_2472.npy,symlinked
2um,train,P0/C1_HF_5_10_2um_doublet2/HFocusing_5_10_2um2_0_2475.npy,particles2SNR_pipeline/output/p0_c1_particles2SNR_staging/train/2um/HFocusing_5_10_2um2_0_2475.npy,symlinked
2um,train,P0/C1_HF_5_10_2um_doublet2/HFocusing_5_10_2um2_0_2476.npy,particles2SNR_pipeline/output/p0_c1_particles2SNR_staging/train/2um/HFocusing_5_10_2um2_0_2476.npy,symlinked
2um,train,P0/C1_HF_5_10_2um_doublet2/HFocusing_5_10_2um2_0_2479.npy,particles2SNR_pipeline/output/p0_c1_particles2SNR_staging/train/2um/HFocusing_5_10_2um2_0_2479.npy,symlinked
2um,train,P0/C1_HF_5_10_2um_doublet2/HFocusing_5_10_2um2_0_2480.npy,particles2SNR_pipeline/output/p0_c1_particles2SNR_staging/train/2um/HFocusing_5_10_2um2_0_2480.npy,symlinked
2um,train,P0/C1_HF_5_10_2um_doublet2/HFocusing_5_10_2um2_0_2483.npy,particles2SNR_pipeline/output/p0_c1_particles2SNR_staging/train/2um/HFocusing_5_10_2um2_0_2483.npy,symlinked
2um,test,P0/C1_HF_5_10_2um_doublet2/HFocusing_5_10_2um2_0_2486.npy,particles2SNR_pipeline/output/p0_c1_particles2SNR_staging/test/2um/HFocusing_5_10_2um2_0_2486.npy,symlinked
2um,train,P0/C1_HF_5_10_2um_doublet2/HFocusing_5_10_2um2_0_2487.npy,particles2SNR_pipeline/output/p0_c1_particles2SNR_staging/train/2um/HFocusing_5_10_2um2_0_2487.npy,symlinked
2um,train,P0/C1_HF_5_10_2um_doublet2/HFocusing_5_10_2um2_0_2490.npy,particles2SNR_pipeline/output/p0_c1_particles2SNR_staging/train/2um/HFocusing_5_10_2um2_0_2490.npy,symlinked
2um,test,P0/C1_HF_5_10_2um_doublet2/HFocusing_5_10_2um2_0_2491.npy,particles2SNR_pipeline/output/p0_c1_particles2SNR_staging/test/2um/HFocusing_5_10_2um2_0_2491.npy,symlinked
2um,train,P0/C1_HF_5_10_2um_doublet2/HFocusing_5_10_2um2_0_2493.npy,particles2SNR_pipeline/output/p0_c1_particles2SNR_staging/train/2um/HFocusing_5_10_2um2_0_2493.npy,symlinked
2um,test,P0/C1_HF_5_10_2um_doublet2/HFocusing_5_10_2um2_0_2496.npy,particles2SNR_pipeline/output/p0_c1_particles2SNR_staging/test/2um/HFocusing_5_10_2um2_0_2496.npy,symlinked
2um,train,P0/C1_HF_5_10_2um_doublet2/HFocusing_5_10_2um2_0_2497.npy,particles2SNR_pipeline/output/p0_c1_particles2SNR_staging/train/2um/HFocusing_5_10_2um2_0_2497.npy,symlinked
2um,train,P0/C1_HF_5_10_2um_doublet2/HFocusing_5_10_2um2_0_25.npy,particles2SNR_pipeline/output/p0_c1_particles2SNR_staging/train/2um/HFocusing_5_10_2um2_0_25.npy,symlinked
2um,train,P0/C1_HF_5_10_2um_doublet2/HFocusing_5_10_2um2_0_250.npy,particles2SNR_pipeline/output/p0_c1_particles2SNR_staging/train/2um/HFocusing_5_10_2um2_0_250.npy,symlinked
2um,test,P0/C1_HF_5_10_2um_doublet2/HFocusing_5_10_2um2_0_2500.npy,particles2SNR_pipeline/output/p0_c1_particles2SNR_staging/test/2um/HFocusing_5_10_2um2_0_2500.npy,symlinked
2um,train,P0/C1_HF_5_10_2um_doublet2/HFocusing_5_10_2um2_0_2501.npy,particles2SNR_pipeline/output/p0_c1_particles2SNR_staging/train/2um/HFocusing_5_10_2um2_0_2501.npy,symlinked
2um,train,P0/C1_HF_5_10_2um_doublet2/HFocusing_5_10_2um2_0_2503.npy,particles2SNR_pipeline/output/p0_c1_particles2SNR_staging/train/2um/HFocusing_5_10_2um2_0_2503.npy,symlinked
2um,train,P0/C1_HF_5_10_2um_doublet2/HFocusing_5_10_2um2_0_2506.npy,particles2SNR_pipeline/output/p0_c1_particles2SNR_staging/train/2um/HFocusing_5_10_2um2_0_2506.npy,symlinked
2um,train,P0/C1_HF_5_10_2um_doublet2/HFocusing_5_10_2um2_0_2509.npy,particles2SNR_pipeline/output/p0_c1_particles2SNR_staging/train/2um/HFocusing_5_10_2um2_0_2509.npy,symlinked
2um,train,P0/C1_HF_5_10_2um_doublet2/HFocusing_5_10_2um2_0_2510.npy,particles2SNR_pipeline/output/p0_c1_particles2SNR_staging/train/2um/HFocusing_5_10_2um2_0_2510.npy,symlinked
2um,test,P0/C1_HF_5_10_2um_doublet2/HFocusing_5_10_2um2_0_2513.npy,particles2SNR_pipeline/output/p0_c1_particles2SNR_staging/test/2um/HFocusing_5_10_2um2_0_2513.npy,symlinked
2um,train,P0/C1_HF_5_10_2um_doublet2/HFocusing_5_10_2um2_0_2514.npy,particles2SNR_pipeline/output/p0_c1_particles2SNR_staging/train/2um/HFocusing_5_10_2um2_0_2514.npy,symlinked
2um,test,P0/C1_HF_5_10_2um_doublet2/HFocusing_5_10_2um2_0_2517.npy,particles2SNR_pipeline/output/p0_c1_particles2SNR_staging/test/2um/HFocusing_5_10_2um2_0_2517.npy,symlinked
2um,train,P0/C1_HF_5_10_2um_doublet2/HFocusing_5_10_2um2_0_2518.npy,particles2SNR_pipeline/output/p0_c1_particles2SNR_staging/train/2um/HFocusing_5_10_2um2_0_2518.npy,symlinked
2um,train,P0/C1_HF_5_10_2um_doublet2/HFocusing_5_10_2um2_0_2521.npy,particles2SNR_pipeline/output/p0_c1_particles2SNR_staging/train/2um/HFocusing_5_10_2um2_0_2521.npy,symlinked
2um,train,P0/C1_HF_5_10_2um_doublet2/HFocusing_5_10_2um2_0_2524.npy,particles2SNR_pipeline/output/p0_c1_particles2SNR_staging/train/2um/HFocusing_5_10_2um2_0_2524.npy,symlinked
2um,test,P0/C1_HF_5_10_2um_doublet2/HFocusing_5_10_2um2_0_2527.npy,particles2SNR_pipeline/output/p0_c1_particles2SNR_staging/test/2um/HFocusing_5_10_2um2_0_2527.npy,symlinked
2um,train,P0/C1_HF_5_10_2um_doublet2/HFocusing_5_10_2um2_0_2528.npy,particles2SNR_pipeline/output/p0_c1_particles2SNR_staging/train/2um/HFocusing_5_10_2um2_0_2528.npy,symlinked
2um,train,P0/C1_HF_5_10_2um_doublet2/HFocusing_5_10_2um2_0_253.npy,particles2SNR_pipeline/output/p0_c1_particles2SNR_staging/train/2um/HFocusing_5_10_2um2_0_253.npy,symlinked
2um,train,P0/C1_HF_5_10_2um_doublet2/HFocusing_5_10_2um2_0_2531.npy,particles2SNR_pipeline/output/p0_c1_particles2SNR_staging/train/2um/HFocusing_5_10_2um2_0_2531.npy,symlinked
2um,train,P0/C1_HF_5_10_2um_doublet2/HFocusing_5_10_2um2_0_2532.npy,particles2SNR_pipeline/output/p0_c1_particles2SNR_staging/train/2um/HFocusing_5_10_2um2_0_2532.npy,symlinked
2um,train,P0/C1_HF_5_10_2um_doublet2/HFocusing_5_10_2um2_0_2534.npy,particles2SNR_pipeline/output/p0_c1_particles2SNR_staging/train/2um/HFocusing_5_10_2um2_0_2534.npy,symlinked
2um,test,P0/C1_HF_5_10_2um_doublet2/HFocusing_5_10_2um2_0_2535.npy,particles2SNR_pipeline/output/p0_c1_particles2SNR_staging/test/2um/HFocusing_5_10_2um2_0_2535.npy,symlinked
2um,train,P0/C1_HF_5_10_2um_doublet2/HFocusing_5_10_2um2_0_2538.npy,particles2SNR_pipeline/output/p0_c1_particles2SNR_staging/train/2um/HFocusing_5_10_2um2_0_2538.npy,symlinked
2um,train,P0/C1_HF_5_10_2um_doublet2/HFocusing_5_10_2um2_0_254.npy,particles2SNR_pipeline/output/p0_c1_particles2SNR_staging/train/2um/HFocusing_5_10_2um2_0_254.npy,symlinked
2um,train,P0/C1_HF_5_10_2um_doublet2/HFocusing_5_10_2um2_0_2541.npy,particles2SNR_pipeline/output/p0_c1_particles2SNR_staging/train/2um/HFocusing_5_10_2um2_0_2541.npy,symlinked
2um,test,P0/C1_HF_5_10_2um_doublet2/HFocusing_5_10_2um2_0_2542.npy,particles2SNR_pipeline/output/p0_c1_particles2SNR_staging/test/2um/HFocusing_5_10_2um2_0_2542.npy,symlinked
2um,train,P0/C1_HF_5_10_2um_doublet2/HFocusing_5_10_2um2_0_2545.npy,particles2SNR_pipeline/output/p0_c1_particles2SNR_staging/train/2um/HFocusing_5_10_2um2_0_2545.npy,symlinked
2um,test,P0/C1_HF_5_10_2um_doublet2/HFocusing_5_10_2um2_0_2546.npy,particles2SNR_pipeline/output/p0_c1_particles2SNR_staging/test/2um/HFocusing_5_10_2um2_0_2546.npy,symlinked
2um,train,P0/C1_HF_5_10_2um_doublet2/HFocusing_5_10_2um2_0_2549.npy,particles2SNR_pipeline/output/p0_c1_particles2SNR_staging/train/2um/HFocusing_5_10_2um2_0_2549.npy,symlinked
2um,test,P0/C1_HF_5_10_2um_doublet2/HFocusing_5_10_2um2_0_2550.npy,particles2SNR_pipeline/output/p0_c1_particles2SNR_staging/test/2um/HFocusing_5_10_2um2_0_2550.npy,symlinked
2um,train,P0/C1_HF_5_10_2um_doublet2/HFocusing_5_10_2um2_0_2553.npy,particles2SNR_pipeline/output/p0_c1_particles2SNR_staging/train/2um/HFocusing_5_10_2um2_0_2553.npy,symlinked
2um,train,P0/C1_HF_5_10_2um_doublet2/HFocusing_5_10_2um2_0_2556.npy,particles2SNR_pipeline/output/p0_c1_particles2SNR_staging/train/2um/HFocusing_5_10_2um2_0_2556.npy,symlinked
2um,train,P0/C1_HF_5_10_2um_doublet2/HFocusing_5_10_2um2_0_2557.npy,particles2SNR_pipeline/output/p0_c1_particles2SNR_staging/train/2um/HFocusing_5_10_2um2_0_2557.npy,symlinked
2um,train,P0/C1_HF_5_10_2um_doublet2/HFocusing_5_10_2um2_0_2559.npy,particles2SNR_pipeline/output/p0_c1_particles2SNR_staging/train/2um/HFocusing_5_10_2um2_0_2559.npy,symlinked
2um,train,P0/C1_HF_5_10_2um_doublet2/HFocusing_5_10_2um2_0_2560.npy,particles2SNR_pipeline/output/p0_c1_particles2SNR_staging/train/2um/HFocusing_5_10_2um2_0_2560.npy,symlinked
2um,train,P0/C1_HF_5_10_2um_doublet2/HFocusing_5_10_2um2_0_2563.npy,particles2SNR_pipeline/output/p0_c1_particles2SNR_staging/train/2um/HFocusing_5_10_2um2_0_2563.npy,symlinked
2um,train,P0/C1_HF_5_10_2um_doublet2/HFocusing_5_10_2um2_0_2564.npy,particles2SNR_pipeline/output/p0_c1_particles2SNR_staging/train/2um/HFocusing_5_10_2um2_0_2564.npy,symlinked
2um,train,P0/C1_HF_5_10_2um_doublet2/HFocusing_5_10_2um2_0_2567.npy,particles2SNR_pipeline/output/p0_c1_particles2SNR_staging/train/2um/HFocusing_5_10_2um2_0_2567.npy,symlinked
2um,train,P0/C1_HF_5_10_2um_doublet2/HFocusing_5_10_2um2_0_2568.npy,particles2SNR_pipeline/output/p0_c1_particles2SNR_staging/train/2um/HFocusing_5_10_2um2_0_2568.npy,symlinked
2um,train,P0/C1_HF_5_10_2um_doublet2/HFocusing_5_10_2um2_0_257.npy,particles2SNR_pipeline/output/p0_c1_particles2SNR_staging/train/2um/HFocusing_5_10_2um2_0_257.npy,symlinked
2um,train,P0/C1_HF_5_10_2um_doublet2/HFocusing_5_10_2um2_0_2571.npy,particles2SNR_pipeline/output/p0_c1_particles2SNR_staging/train/2um/HFocusing_5_10_2um2_0_2571.npy,symlinked
2um,test,P0/C1_HF_5_10_2um_doublet2/HFocusing_5_10_2um2_0_2572.npy,particles2SNR_pipeline/output/p0_c1_particles2SNR_staging/test/2um/HFocusing_5_10_2um2_0_2572.npy,symlinked
2um,test,P0/C1_HF_5_10_2um_doublet2/HFocusing_5_10_2um2_0_2575.npy,particles2SNR_pipeline/output/p0_c1_particles2SNR_staging/test/2um/HFocusing_5_10_2um2_0_2575.npy,symlinked
2um,train,P0/C1_HF_5_10_2um_doublet2/HFocusing_5_10_2um2_0_2576.npy,particles2SNR_pipeline/output/p0_c1_particles2SNR_staging/train/2um/HFocusing_5_10_2um2_0_2576.npy,symlinked
2um,train,P0/C1_HF_5_10_2um_doublet2/HFocusing_5_10_2um2_0_258.npy,particles2SNR_pipeline/output/p0_c1_particles2SNR_staging/train/2um/HFocusing_5_10_2um2_0_258.npy,symlinked
2um,train,P0/C1_HF_5_10_2um_doublet2/HFocusing_5_10_2um2_0_2580.npy,particles2SNR_pipeline/output/p0_c1_particles2SNR_staging/train/2um/HFocusing_5_10_2um2_0_2580.npy,symlinked
2um,train,P0/C1_HF_5_10_2um_doublet2/HFocusing_5_10_2um2_0_2583.npy,particles2SNR_pipeline/output/p0_c1_particles2SNR_staging/train/2um/HFocusing_5_10_2um2_0_2583.npy,symlinked
2um,train,P0/C1_HF_5_10_2um_doublet2/HFocusing_5_10_2um2_0_2584.npy,particles2SNR_pipeline/output/p0_c1_particles2SNR_staging/train/2um/HFocusing_5_10_2um2_0_2584.npy,symlinked
2um,test,P0/C1_HF_5_10_2um_doublet2/HFocusing_5_10_2um2_0_2587.npy,particles2SNR_pipeline/output/p0_c1_particles2SNR_staging/test/2um/HFocusing_5_10_2um2_0_2587.npy,symlinked
2um,train,P0/C1_HF_5_10_2um_doublet2/HFocusing_5_10_2um2_0_2588.npy,particles2SNR_pipeline/output/p0_c1_particles2SNR_staging/train/2um/HFocusing_5_10_2um2_0_2588.npy,symlinked
2um,test,P0/C1_HF_5_10_2um_doublet2/HFocusing_5_10_2um2_0_2591.npy,particles2SNR_pipeline/output/p0_c1_particles2SNR_staging/test/2um/HFocusing_5_10_2um2_0_2591.npy,symlinked
2um,train,P0/C1_HF_5_10_2um_doublet2/HFocusing_5_10_2um2_0_2594.npy,particles2SNR_pipeline/output/p0_c1_particles2SNR_staging/train/2um/HFocusing_5_10_2um2_0_2594.npy,symlinked
2um,train,P0/C1_HF_5_10_2um_doublet2/HFocusing_5_10_2um2_0_2595.npy,particles2SNR_pipeline/output/p0_c1_particles2SNR_staging/train/2um/HFocusing_5_10_2um2_0_2595.npy,symlinked
2um,train,P0/C1_HF_5_10_2um_doublet2/HFocusing_5_10_2um2_0_2598.npy,particles2SNR_pipeline/output/p0_c1_particles2SNR_staging/train/2um/HFocusing_5_10_2um2_0_2598.npy,symlinked
2um,train,P0/C1_HF_5_10_2um_doublet2/HFocusing_5_10_2um2_0_2599.npy,particles2SNR_pipeline/output/p0_c1_particles2SNR_staging/train/2um/HFocusing_5_10_2um2_0_2599.npy,symlinked
2um,test,P0/C1_HF_5_10_2um_doublet2/HFocusing_5_10_2um2_0_2602.npy,particles2SNR_pipeline/output/p0_c1_particles2SNR_staging/test/2um/HFocusing_5_10_2um2_0_2602.npy,symlinked
2um,train,P0/C1_HF_5_10_2um_doublet2/HFocusing_5_10_2um2_0_2605.npy,particles2SNR_pipeline/output/p0_c1_particles2SNR_staging/train/2um/HFocusing_5_10_2um2_0_2605.npy,symlinked
2um,train,P0/C1_HF_5_10_2um_doublet2/HFocusing_5_10_2um2_0_2606.npy,particles2SNR_pipeline/output/p0_c1_particles2SNR_staging/train/2um/HFocusing_5_10_2um2_0_2606.npy,symlinked
2um,train,P0/C1_HF_5_10_2um_doublet2/HFocusing_5_10_2um2_0_2608.npy,particles2SNR_pipeline/output/p0_c1_particles2SNR_staging/train/2um/HFocusing_5_10_2um2_0_2608.npy,symlinked
2um,train,P0/C1_HF_5_10_2um_doublet2/HFocusing_5_10_2um2_0_2609.npy,particles2SNR_pipeline/output/p0_c1_particles2SNR_staging/train/2um/HFocusing_5_10_2um2_0_2609.npy,symlinked
2um,train,P0/C1_HF_5_10_2um_doublet2/HFocusing_5_10_2um2_0_261.npy,particles2SNR_pipeline/output/p0_c1_particles2SNR_staging/train/2um/HFocusing_5_10_2um2_0_261.npy,symlinked
2um,train,P0/C1_HF_5_10_2um_doublet2/HFocusing_5_10_2um2_0_2612.npy,particles2SNR_pipeline/output/p0_c1_particles2SNR_staging/train/2um/HFocusing_5_10_2um2_0_2612.npy,symlinked
2um,test,P0/C1_HF_5_10_2um_doublet2/HFocusing_5_10_2um2_0_2615.npy,particles2SNR_pipeline/output/p0_c1_particles2SNR_staging/test/2um/HFocusing_5_10_2um2_0_2615.npy,symlinked
2um,train,P0/C1_HF_5_10_2um_doublet2/HFocusing_5_10_2um2_0_2616.npy,particles2SNR_pipeline/output/p0_c1_particles2SNR_staging/train/2um/HFocusing_5_10_2um2_0_2616.npy,symlinked
2um,train,P0/C1_HF_5_10_2um_doublet2/HFocusing_5_10_2um2_0_2619.npy,particles2SNR_pipeline/output/p0_c1_particles2SNR_staging/train/2um/HFocusing_5_10_2um2_0_2619.npy,symlinked
2um,test,P0/C1_HF_5_10_2um_doublet2/HFocusing_5_10_2um2_0_2622.npy,particles2SNR_pipeline/output/p0_c1_particles2SNR_staging/test/2um/HFocusing_5_10_2um2_0_2622.npy,symlinked
2um,train,P0/C1_HF_5_10_2um_doublet2/HFocusing_5_10_2um2_0_2623.npy,particles2SNR_pipeline/output/p0_c1_particles2SNR_staging/train/2um/HFocusing_5_10_2um2_0_2623.npy,symlinked
2um,train,P0/C1_HF_5_10_2um_doublet2/HFocusing_5_10_2um2_0_2626.npy,particles2SNR_pipeline/output/p0_c1_particles2SNR_staging/train/2um/HFocusing_5_10_2um2_0_2626.npy,symlinked
2um,train,P0/C1_HF_5_10_2um_doublet2/HFocusing_5_10_2um2_0_2627.npy,particles2SNR_pipeline/output/p0_c1_particles2SNR_staging/train/2um/HFocusing_5_10_2um2_0_2627.npy,symlinked
2um,train,P0/C1_HF_5_10_2um_doublet2/HFocusing_5_10_2um2_0_263.npy,particles2SNR_pipeline/output/p0_c1_particles2SNR_staging/train/2um/HFocusing_5_10_2um2_0_263.npy,symlinked
2um,train,P0/C1_HF_5_10_2um_doublet2/HFocusing_5_10_2um2_0_2630.npy,particles2SNR_pipeline/output/p0_c1_particles2SNR_staging/train/2um/HFocusing_5_10_2um2_0_2630.npy,symlinked
2um,train,P0/C1_HF_5_10_2um_doublet2/HFocusing_5_10_2um2_0_2633.npy,particles2SNR_pipeline/output/p0_c1_particles2SNR_staging/train/2um/HFocusing_5_10_2um2_0_2633.npy,symlinked
2um,train,P0/C1_HF_5_10_2um_doublet2/HFocusing_5_10_2um2_0_264.npy,particles2SNR_pipeline/output/p0_c1_particles2SNR_staging/train/2um/HFocusing_5_10_2um2_0_264.npy,symlinked
2um,train,P0/C1_HF_5_10_2um_doublet2/HFocusing_5_10_2um2_0_266.npy,particles2SNR_pipeline/output/p0_c1_particles2SNR_staging/train/2um/HFocusing_5_10_2um2_0_266.npy,symlinked
2um,train,P0/C1_HF_5_10_2um_doublet2/HFocusing_5_10_2um2_0_267.npy,particles2SNR_pipeline/output/p0_c1_particles2SNR_staging/train/2um/HFocusing_5_10_2um2_0_267.npy,symlinked
2um,train,P0/C1_HF_5_10_2um_doublet2/HFocusing_5_10_2um2_0_270.npy,particles2SNR_pipeline/output/p0_c1_particles2SNR_staging/train/2um/HFocusing_5_10_2um2_0_270.npy,symlinked
2um,train,P0/C1_HF_5_10_2um_doublet2/HFocusing_5_10_2um2_0_273.npy,particles2SNR_pipeline/output/p0_c1_particles2SNR_staging/train/2um/HFocusing_5_10_2um2_0_273.npy,symlinked
2um,train,P0/C1_HF_5_10_2um_doublet2/HFocusing_5_10_2um2_0_274.npy,particles2SNR_pipeline/output/p0_c1_particles2SNR_staging/train/2um/HFocusing_5_10_2um2_0_274.npy,symlinked
2um,train,P0/C1_HF_5_10_2um_doublet2/HFocusing_5_10_2um2_0_277.npy,particles2SNR_pipeline/output/p0_c1_particles2SNR_staging/train/2um/HFocusing_5_10_2um2_0_277.npy,symlinked
2um,train,P0/C1_HF_5_10_2um_doublet2/HFocusing_5_10_2um2_0_28.npy,particles2SNR_pipeline/output/p0_c1_particles2SNR_staging/train/2um/HFocusing_5_10_2um2_0_28.npy,symlinked
2um,train,P0/C1_HF_5_10_2um_doublet2/HFocusing_5_10_2um2_0_281.npy,particles2SNR_pipeline/output/p0_c1_particles2SNR_staging/train/2um/HFocusing_5_10_2um2_0_281.npy,symlinked
2um,train,P0/C1_HF_5_10_2um_doublet2/HFocusing_5_10_2um2_0_284.npy,particles2SNR_pipeline/output/p0_c1_particles2SNR_staging/train/2um/HFocusing_5_10_2um2_0_284.npy,symlinked
2um,train,P0/C1_HF_5_10_2um_doublet2/HFocusing_5_10_2um2_0_285.npy,particles2SNR_pipeline/output/p0_c1_particles2SNR_staging/train/2um/HFocusing_5_10_2um2_0_285.npy,symlinked
2um,test,P0/C1_HF_5_10_2um_doublet2/HFocusing_5_10_2um2_0_288.npy,particles2SNR_pipeline/output/p0_c1_particles2SNR_staging/test/2um/HFocusing_5_10_2um2_0_288.npy,symlinked
2um,train,P0/C1_HF_5_10_2um_doublet2/HFocusing_5_10_2um2_0_289.npy,particles2SNR_pipeline/output/p0_c1_particles2SNR_staging/train/2um/HFocusing_5_10_2um2_0_289.npy,symlinked
2um,train,P0/C1_HF_5_10_2um_doublet2/HFocusing_5_10_2um2_0_291.npy,particles2SNR_pipeline/output/p0_c1_particles2SNR_staging/train/2um/HFocusing_5_10_2um2_0_291.npy,symlinked
2um,train,P0/C1_HF_5_10_2um_doublet2/HFocusing_5_10_2um2_0_292.npy,particles2SNR_pipeline/output/p0_c1_particles2SNR_staging/train/2um/HFocusing_5_10_2um2_0_292.npy,symlinked
2um,test,P0/C1_HF_5_10_2um_doublet2/HFocusing_5_10_2um2_0_295.npy,particles2SNR_pipeline/output/p0_c1_particles2SNR_staging/test/2um/HFocusing_5_10_2um2_0_295.npy,symlinked
2um,train,P0/C1_HF_5_10_2um_doublet2/HFocusing_5_10_2um2_0_296.npy,particles2SNR_pipeline/output/p0_c1_particles2SNR_staging/train/2um/HFocusing_5_10_2um2_0_296.npy,symlinked
2um,train,P0/C1_HF_5_10_2um_doublet2/HFocusing_5_10_2um2_0_299.npy,particles2SNR_pipeline/output/p0_c1_particles2SNR_staging/train/2um/HFocusing_5_10_2um2_0_299.npy,symlinked
2um,train,P0/C1_HF_5_10_2um_doublet2/HFocusing_5_10_2um2_0_3.npy,particles2SNR_pipeline/output/p0_c1_particles2SNR_staging/train/2um/HFocusing_5_10_2um2_0_3.npy,symlinked
2um,train,P0/C1_HF_5_10_2um_doublet2/HFocusing_5_10_2um2_0_300.npy,particles2SNR_pipeline/output/p0_c1_particles2SNR_staging/train/2um/HFocusing_5_10_2um2_0_300.npy,symlinked
2um,train,P0/C1_HF_5_10_2um_doublet2/HFocusing_5_10_2um2_0_303.npy,particles2SNR_pipeline/output/p0_c1_particles2SNR_staging/train/2um/HFocusing_5_10_2um2_0_303.npy,symlinked
2um,train,P0/C1_HF_5_10_2um_doublet2/HFocusing_5_10_2um2_0_305.npy,particles2SNR_pipeline/output/p0_c1_particles2SNR_staging/train/2um/HFocusing_5_10_2um2_0_305.npy,symlinked
2um,train,P0/C1_HF_5_10_2um_doublet2/HFocusing_5_10_2um2_0_306.npy,particles2SNR_pipeline/output/p0_c1_particles2SNR_staging/train/2um/HFocusing_5_10_2um2_0_306.npy,symlinked
2um,train,P0/C1_HF_5_10_2um_doublet2/HFocusing_5_10_2um2_0_309.npy,particles2SNR_pipeline/output/p0_c1_particles2SNR_staging/train/2um/HFocusing_5_10_2um2_0_309.npy,symlinked
2um,train,P0/C1_HF_5_10_2um_doublet2/HFocusing_5_10_2um2_0_31.npy,particles2SNR_pipeline/output/p0_c1_particles2SNR_staging/train/2um/HFocusing_5_10_2um2_0_31.npy,symlinked
2um,train,P0/C1_HF_5_10_2um_doublet2/HFocusing_5_10_2um2_0_310.npy,particles2SNR_pipeline/output/p0_c1_particles2SNR_staging/train/2um/HFocusing_5_10_2um2_0_310.npy,symlinked
2um,train,P0/C1_HF_5_10_2um_doublet2/HFocusing_5_10_2um2_0_313.npy,particles2SNR_pipeline/output/p0_c1_particles2SNR_staging/train/2um/HFocusing_5_10_2um2_0_313.npy,symlinked
2um,train,P0/C1_HF_5_10_2um_doublet2/HFocusing_5_10_2um2_0_314.npy,particles2SNR_pipeline/output/p0_c1_particles2SNR_staging/train/2um/HFocusing_5_10_2um2_0_314.npy,symlinked
2um,train,P0/C1_HF_5_10_2um_doublet2/HFocusing_5_10_2um2_0_317.npy,particles2SNR_pipeline/output/p0_c1_particles2SNR_staging/train/2um/HFocusing_5_10_2um2_0_317.npy,symlinked
2um,test,P0/C1_HF_5_10_2um_doublet2/HFocusing_5_10_2um2_0_32.npy,particles2SNR_pipeline/output/p0_c1_particles2SNR_staging/test/2um/HFocusing_5_10_2um2_0_32.npy,symlinked
2um,train,P0/C1_HF_5_10_2um_doublet2/HFocusing_5_10_2um2_0_320.npy,particles2SNR_pipeline/output/p0_c1_particles2SNR_staging/train/2um/HFocusing_5_10_2um2_0_320.npy,symlinked
2um,train,P0/C1_HF_5_10_2um_doublet2/HFocusing_5_10_2um2_0_323.npy,particles2SNR_pipeline/output/p0_c1_particles2SNR_staging/train/2um/HFocusing_5_10_2um2_0_323.npy,symlinked
2um,train,P0/C1_HF_5_10_2um_doublet2/HFocusing_5_10_2um2_0_327.npy,particles2SNR_pipeline/output/p0_c1_particles2SNR_staging/train/2um/HFocusing_5_10_2um2_0_327.npy,symlinked
2um,train,P0/C1_HF_5_10_2um_doublet2/HFocusing_5_10_2um2_0_330.npy,particles2SNR_pipeline/output/p0_c1_particles2SNR_staging/train/2um/HFocusing_5_10_2um2_0_330.npy,symlinked
2um,train,P0/C1_HF_5_10_2um_doublet2/HFocusing_5_10_2um2_0_333.npy,particles2SNR_pipeline/output/p0_c1_particles2SNR_staging/train/2um/HFocusing_5_10_2um2_0_333.npy,symlinked
2um,train,P0/C1_HF_5_10_2um_doublet2/HFocusing_5_10_2um2_0_334.npy,particles2SNR_pipeline/output/p0_c1_particles2SNR_staging/train/2um/HFocusing_5_10_2um2_0_334.npy,symlinked
2um,train,P0/C1_HF_5_10_2um_doublet2/HFocusing_5_10_2um2_0_336.npy,particles2SNR_pipeline/output/p0_c1_particles2SNR_staging/train/2um/HFocusing_5_10_2um2_0_336.npy,symlinked
2um,train,P0/C1_HF_5_10_2um_doublet2/HFocusing_5_10_2um2_0_339.npy,particles2SNR_pipeline/output/p0_c1_particles2SNR_staging/train/2um/HFocusing_5_10_2um2_0_339.npy,symlinked
2um,train,P0/C1_HF_5_10_2um_doublet2/HFocusing_5_10_2um2_0_340.npy,particles2SNR_pipeline/output/p0_c1_particles2SNR_staging/train/2um/HFocusing_5_10_2um2_0_340.npy,symlinked
2um,train,P0/C1_HF_5_10_2um_doublet2/HFocusing_5_10_2um2_0_343.npy,particles2SNR_pipeline/output/p0_c1_particles2SNR_staging/train/2um/HFocusing_5_10_2um2_0_343.npy,symlinked
2um,train,P0/C1_HF_5_10_2um_doublet2/HFocusing_5_10_2um2_0_346.npy,particles2SNR_pipeline/output/p0_c1_particles2SNR_staging/train/2um/HFocusing_5_10_2um2_0_346.npy,symlinked
2um,train,P0/C1_HF_5_10_2um_doublet2/HFocusing_5_10_2um2_0_347.npy,particles2SNR_pipeline/output/p0_c1_particles2SNR_staging/train/2um/HFocusing_5_10_2um2_0_347.npy,symlinked
2um,train,P0/C1_HF_5_10_2um_doublet2/HFocusing_5_10_2um2_0_35.npy,particles2SNR_pipeline/output/p0_c1_particles2SNR_staging/train/2um/HFocusing_5_10_2um2_0_35.npy,symlinked
2um,train,P0/C1_HF_5_10_2um_doublet2/HFocusing_5_10_2um2_0_350.npy,particles2SNR_pipeline/output/p0_c1_particles2SNR_staging/train/2um/HFocusing_5_10_2um2_0_350.npy,symlinked
2um,train,P0/C1_HF_5_10_2um_doublet2/HFocusing_5_10_2um2_0_351.npy,particles2SNR_pipeline/output/p0_c1_particles2SNR_staging/train/2um/HFocusing_5_10_2um2_0_351.npy,symlinked
2um,train,P0/C1_HF_5_10_2um_doublet2/HFocusing_5_10_2um2_0_353.npy,particles2SNR_pipeline/output/p0_c1_particles2SNR_staging/train/2um/HFocusing_5_10_2um2_0_353.npy,symlinked
2um,test,P0/C1_HF_5_10_2um_doublet2/HFocusing_5_10_2um2_0_356.npy,particles2SNR_pipeline/output/p0_c1_particles2SNR_staging/test/2um/HFocusing_5_10_2um2_0_356.npy,symlinked
2um,train,P0/C1_HF_5_10_2um_doublet2/HFocusing_5_10_2um2_0_357.npy,particles2SNR_pipeline/output/p0_c1_particles2SNR_staging/train/2um/HFocusing_5_10_2um2_0_357.npy,symlinked
2um,train,P0/C1_HF_5_10_2um_doublet2/HFocusing_5_10_2um2_0_36.npy,particles2SNR_pipeline/output/p0_c1_particles2SNR_staging/train/2um/HFocusing_5_10_2um2_0_36.npy,symlinked
2um,train,P0/C1_HF_5_10_2um_doublet2/HFocusing_5_10_2um2_0_360.npy,particles2SNR_pipeline/output/p0_c1_particles2SNR_staging/train/2um/HFocusing_5_10_2um2_0_360.npy,symlinked
2um,train,P0/C1_HF_5_10_2um_doublet2/HFocusing_5_10_2um2_0_363.npy,particles2SNR_pipeline/output/p0_c1_particles2SNR_staging/train/2um/HFocusing_5_10_2um2_0_363.npy,symlinked
2um,train,P0/C1_HF_5_10_2um_doublet2/HFocusing_5_10_2um2_0_364.npy,particles2SNR_pipeline/output/p0_c1_particles2SNR_staging/train/2um/HFocusing_5_10_2um2_0_364.npy,symlinked
2um,train,P0/C1_HF_5_10_2um_doublet2/HFocusing_5_10_2um2_0_367.npy,particles2SNR_pipeline/output/p0_c1_particles2SNR_staging/train/2um/HFocusing_5_10_2um2_0_367.npy,symlinked
2um,train,P0/C1_HF_5_10_2um_doublet2/HFocusing_5_10_2um2_0_368.npy,particles2SNR_pipeline/output/p0_c1_particles2SNR_staging/train/2um/HFocusing_5_10_2um2_0_368.npy,symlinked
2um,train,P0/C1_HF_5_10_2um_doublet2/HFocusing_5_10_2um2_0_371.npy,particles2SNR_pipeline/output/p0_c1_particles2SNR_staging/train/2um/HFocusing_5_10_2um2_0_371.npy,symlinked
2um,train,P0/C1_HF_5_10_2um_doublet2/HFocusing_5_10_2um2_0_372.npy,particles2SNR_pipeline/output/p0_c1_particles2SNR_staging/train/2um/HFocusing_5_10_2um2_0_372.npy,symlinked
2um,train,P0/C1_HF_5_10_2um_doublet2/HFocusing_5_10_2um2_0_374.npy,particles2SNR_pipeline/output/p0_c1_particles2SNR_staging/train/2um/HFocusing_5_10_2um2_0_374.npy,symlinked
2um,train,P0/C1_HF_5_10_2um_doublet2/HFocusing_5_10_2um2_0_378.npy,particles2SNR_pipeline/output/p0_c1_particles2SNR_staging/train/2um/HFocusing_5_10_2um2_0_378.npy,symlinked
2um,train,P0/C1_HF_5_10_2um_doublet2/HFocusing_5_10_2um2_0_379.npy,particles2SNR_pipeline/output/p0_c1_particles2SNR_staging/train/2um/HFocusing_5_10_2um2_0_379.npy,symlinked
2um,train,P0/C1_HF_5_10_2um_doublet2/HFocusing_5_10_2um2_0_382.npy,particles2SNR_pipeline/output/p0_c1_particles2SNR_staging/train/2um/HFocusing_5_10_2um2_0_382.npy,symlinked
2um,train,P0/C1_HF_5_10_2um_doublet2/HFocusing_5_10_2um2_0_385.npy,particles2SNR_pipeline/output/p0_c1_particles2SNR_staging/train/2um/HFocusing_5_10_2um2_0_385.npy,symlinked
2um,test,P0/C1_HF_5_10_2um_doublet2/HFocusing_5_10_2um2_0_388.npy,particles2SNR_pipeline/output/p0_c1_particles2SNR_staging/test/2um/HFocusing_5_10_2um2_0_388.npy,symlinked
2um,train,P0/C1_HF_5_10_2um_doublet2/HFocusing_5_10_2um2_0_39.npy,particles2SNR_pipeline/output/p0_c1_particles2SNR_staging/train/2um/HFocusing_5_10_2um2_0_39.npy,symlinked
2um,train,P0/C1_HF_5_10_2um_doublet2/HFocusing_5_10_2um2_0_391.npy,particles2SNR_pipeline/output/p0_c1_particles2SNR_staging/train/2um/HFocusing_5_10_2um2_0_391.npy,symlinked
2um,train,P0/C1_HF_5_10_2um_doublet2/HFocusing_5_10_2um2_0_394.npy,particles2SNR_pipeline/output/p0_c1_particles2SNR_staging/train/2um/HFocusing_5_10_2um2_0_394.npy,symlinked
2um,train,P0/C1_HF_5_10_2um_doublet2/HFocusing_5_10_2um2_0_397.npy,particles2SNR_pipeline/output/p0_c1_particles2SNR_staging/train/2um/HFocusing_5_10_2um2_0_397.npy,symlinked
2um,train,P0/C1_HF_5_10_2um_doublet2/HFocusing_5_10_2um2_0_398.npy,particles2SNR_pipeline/output/p0_c1_particles2SNR_staging/train/2um/HFocusing_5_10_2um2_0_398.npy,symlinked
2um,train,P0/C1_HF_5_10_2um_doublet2/HFocusing_5_10_2um2_0_40.npy,particles2SNR_pipeline/output/p0_c1_particles2SNR_staging/train/2um/HFocusing_5_10_2um2_0_40.npy,symlinked
2um,train,P0/C1_HF_5_10_2um_doublet2/HFocusing_5_10_2um2_0_401.npy,particles2SNR_pipeline/output/p0_c1_particles2SNR_staging/train/2um/HFocusing_5_10_2um2_0_401.npy,symlinked
2um,test,P0/C1_HF_5_10_2um_doublet2/HFocusing_5_10_2um2_0_402.npy,particles2SNR_pipeline/output/p0_c1_particles2SNR_staging/test/2um/HFocusing_5_10_2um2_0_402.npy,symlinked
2um,test,P0/C1_HF_5_10_2um_doublet2/HFocusing_5_10_2um2_0_405.npy,particles2SNR_pipeline/output/p0_c1_particles2SNR_staging/test/2um/HFocusing_5_10_2um2_0_405.npy,symlinked
2um,train,P0/C1_HF_5_10_2um_doublet2/HFocusing_5_10_2um2_0_406.npy,particles2SNR_pipeline/output/p0_c1_particles2SNR_staging/train/2um/HFocusing_5_10_2um2_0_406.npy,symlinked
2um,train,P0/C1_HF_5_10_2um_doublet2/HFocusing_5_10_2um2_0_409.npy,particles2SNR_pipeline/output/p0_c1_particles2SNR_staging/train/2um/HFocusing_5_10_2um2_0_409.npy,symlinked
2um,test,P0/C1_HF_5_10_2um_doublet2/HFocusing_5_10_2um2_0_410.npy,particles2SNR_pipeline/output/p0_c1_particles2SNR_staging/test/2um/HFocusing_5_10_2um2_0_410.npy,symlinked
2um,train,P0/C1_HF_5_10_2um_doublet2/HFocusing_5_10_2um2_0_413.npy,particles2SNR_pipeline/output/p0_c1_particles2SNR_staging/train/2um/HFocusing_5_10_2um2_0_413.npy,symlinked
2um,train,P0/C1_HF_5_10_2um_doublet2/HFocusing_5_10_2um2_0_414.npy,particles2SNR_pipeline/output/p0_c1_particles2SNR_staging/train/2um/HFocusing_5_10_2um2_0_414.npy,symlinked
2um,train,P0/C1_HF_5_10_2um_doublet2/HFocusing_5_10_2um2_0_417.npy,particles2SNR_pipeline/output/p0_c1_particles2SNR_staging/train/2um/HFocusing_5_10_2um2_0_417.npy,symlinked
2um,train,P0/C1_HF_5_10_2um_doublet2/HFocusing_5_10_2um2_0_418.npy,particles2SNR_pipeline/output/p0_c1_particles2SNR_staging/train/2um/HFocusing_5_10_2um2_0_418.npy,symlinked
2um,test,P0/C1_HF_5_10_2um_doublet2/HFocusing_5_10_2um2_0_421.npy,particles2SNR_pipeline/output/p0_c1_particles2SNR_staging/test/2um/HFocusing_5_10_2um2_0_421.npy,symlinked
2um,train,P0/C1_HF_5_10_2um_doublet2/HFocusing_5_10_2um2_0_423.npy,particles2SNR_pipeline/output/p0_c1_particles2SNR_staging/train/2um/HFocusing_5_10_2um2_0_423.npy,symlinked
2um,test,P0/C1_HF_5_10_2um_doublet2/HFocusing_5_10_2um2_0_424.npy,particles2SNR_pipeline/output/p0_c1_particles2SNR_staging/test/2um/HFocusing_5_10_2um2_0_424.npy,symlinked
2um,test,P0/C1_HF_5_10_2um_doublet2/HFocusing_5_10_2um2_0_428.npy,particles2SNR_pipeline/output/p0_c1_particles2SNR_staging/test/2um/HFocusing_5_10_2um2_0_428.npy,symlinked
2um,train,P0/C1_HF_5_10_2um_doublet2/HFocusing_5_10_2um2_0_43.npy,particles2SNR_pipeline/output/p0_c1_particles2SNR_staging/train/2um/HFocusing_5_10_2um2_0_43.npy,symlinked
2um,train,P0/C1_HF_5_10_2um_doublet2/HFocusing_5_10_2um2_0_431.npy,particles2SNR_pipeline/output/p0_c1_particles2SNR_staging/train/2um/HFocusing_5_10_2um2_0_431.npy,symlinked
2um,train,P0/C1_HF_5_10_2um_doublet2/HFocusing_5_10_2um2_0_432.npy,particles2SNR_pipeline/output/p0_c1_particles2SNR_staging/train/2um/HFocusing_5_10_2um2_0_432.npy,symlinked
2um,train,P0/C1_HF_5_10_2um_doublet2/HFocusing_5_10_2um2_0_435.npy,particles2SNR_pipeline/output/p0_c1_particles2SNR_staging/train/2um/HFocusing_5_10_2um2_0_435.npy,symlinked
2um,train,P0/C1_HF_5_10_2um_doublet2/HFocusing_5_10_2um2_0_438.npy,particles2SNR_pipeline/output/p0_c1_particles2SNR_staging/train/2um/HFocusing_5_10_2um2_0_438.npy,symlinked
2um,test,P0/C1_HF_5_10_2um_doublet2/HFocusing_5_10_2um2_0_439.npy,particles2SNR_pipeline/output/p0_c1_particles2SNR_staging/test/2um/HFocusing_5_10_2um2_0_439.npy,symlinked
2um,train,P0/C1_HF_5_10_2um_doublet2/HFocusing_5_10_2um2_0_441.npy,particles2SNR_pipeline/output/p0_c1_particles2SNR_staging/train/2um/HFocusing_5_10_2um2_0_441.npy,symlinked
2um,train,P0/C1_HF_5_10_2um_doublet2/HFocusing_5_10_2um2_0_442.npy,particles2SNR_pipeline/output/p0_c1_particles2SNR_staging/train/2um/HFocusing_5_10_2um2_0_442.npy,symlinked
2um,train,P0/C1_HF_5_10_2um_doublet2/HFocusing_5_10_2um2_0_445.npy,particles2SNR_pipeline/output/p0_c1_particles2SNR_staging/train/2um/HFocusing_5_10_2um2_0_445.npy,symlinked
2um,train,P0/C1_HF_5_10_2um_doublet2/HFocusing_5_10_2um2_0_446.npy,particles2SNR_pipeline/output/p0_c1_particles2SNR_staging/train/2um/HFocusing_5_10_2um2_0_446.npy,symlinked
2um,train,P0/C1_HF_5_10_2um_doublet2/HFocusing_5_10_2um2_0_449.npy,particles2SNR_pipeline/output/p0_c1_particles2SNR_staging/train/2um/HFocusing_5_10_2um2_0_449.npy,symlinked
2um,train,P0/C1_HF_5_10_2um_doublet2/HFocusing_5_10_2um2_0_450.npy,particles2SNR_pipeline/output/p0_c1_particles2SNR_staging/train/2um/HFocusing_5_10_2um2_0_450.npy,symlinked
2um,train,P0/C1_HF_5_10_2um_doublet2/HFocusing_5_10_2um2_0_452.npy,particles2SNR_pipeline/output/p0_c1_particles2SNR_staging/train/2um/HFocusing_5_10_2um2_0_452.npy,symlinked
2um,test,P0/C1_HF_5_10_2um_doublet2/HFocusing_5_10_2um2_0_453.npy,particles2SNR_pipeline/output/p0_c1_particles2SNR_staging/test/2um/HFocusing_5_10_2um2_0_453.npy,symlinked
2um,train,P0/C1_HF_5_10_2um_doublet2/HFocusing_5_10_2um2_0_456.npy,particles2SNR_pipeline/output/p0_c1_particles2SNR_staging/train/2um/HFocusing_5_10_2um2_0_456.npy,symlinked
2um,train,P0/C1_HF_5_10_2um_doublet2/HFocusing_5_10_2um2_0_459.npy,particles2SNR_pipeline/output/p0_c1_particles2SNR_staging/train/2um/HFocusing_5_10_2um2_0_459.npy,symlinked
2um,train,P0/C1_HF_5_10_2um_doublet2/HFocusing_5_10_2um2_0_46.npy,particles2SNR_pipeline/output/p0_c1_particles2SNR_staging/train/2um/HFocusing_5_10_2um2_0_46.npy,symlinked
2um,test,P0/C1_HF_5_10_2um_doublet2/HFocusing_5_10_2um2_0_460.npy,particles2SNR_pipeline/output/p0_c1_particles2SNR_staging/test/2um/HFocusing_5_10_2um2_0_460.npy,symlinked
2um,train,P0/C1_HF_5_10_2um_doublet2/HFocusing_5_10_2um2_0_463.npy,particles2SNR_pipeline/output/p0_c1_particles2SNR_staging/train/2um/HFocusing_5_10_2um2_0_463.npy,symlinked
2um,train,P0/C1_HF_5_10_2um_doublet2/HFocusing_5_10_2um2_0_464.npy,particles2SNR_pipeline/output/p0_c1_particles2SNR_staging/train/2um/HFocusing_5_10_2um2_0_464.npy,symlinked
2um,test,P0/C1_HF_5_10_2um_doublet2/HFocusing_5_10_2um2_0_467.npy,particles2SNR_pipeline/output/p0_c1_particles2SNR_staging/test/2um/HFocusing_5_10_2um2_0_467.npy,symlinked
2um,train,P0/C1_HF_5_10_2um_doublet2/HFocusing_5_10_2um2_0_468.npy,particles2SNR_pipeline/output/p0_c1_particles2SNR_staging/train/2um/HFocusing_5_10_2um2_0_468.npy,symlinked
2um,train,P0/C1_HF_5_10_2um_doublet2/HFocusing_5_10_2um2_0_47.npy,particles2SNR_pipeline/output/p0_c1_particles2SNR_staging/train/2um/HFocusing_5_10_2um2_0_47.npy,symlinked
2um,train,P0/C1_HF_5_10_2um_doublet2/HFocusing_5_10_2um2_0_471.npy,particles2SNR_pipeline/output/p0_c1_particles2SNR_staging/train/2um/HFocusing_5_10_2um2_0_471.npy,symlinked
2um,train,P0/C1_HF_5_10_2um_doublet2/HFocusing_5_10_2um2_0_474.npy,particles2SNR_pipeline/output/p0_c1_particles2SNR_staging/train/2um/HFocusing_5_10_2um2_0_474.npy,symlinked
2um,test,P0/C1_HF_5_10_2um_doublet2/HFocusing_5_10_2um2_0_475.npy,particles2SNR_pipeline/output/p0_c1_particles2SNR_staging/test/2um/HFocusing_5_10_2um2_0_475.npy,symlinked
2um,train,P0/C1_HF_5_10_2um_doublet2/HFocusing_5_10_2um2_0_478.npy,particles2SNR_pipeline/output/p0_c1_particles2SNR_staging/train/2um/HFocusing_5_10_2um2_0_478.npy,symlinked
2um,train,P0/C1_HF_5_10_2um_doublet2/HFocusing_5_10_2um2_0_479.npy,particles2SNR_pipeline/output/p0_c1_particles2SNR_staging/train/2um/HFocusing_5_10_2um2_0_479.npy,symlinked
2um,train,P0/C1_HF_5_10_2um_doublet2/HFocusing_5_10_2um2_0_482.npy,particles2SNR_pipeline/output/p0_c1_particles2SNR_staging/train/2um/HFocusing_5_10_2um2_0_482.npy,symlinked
2um,train,P0/C1_HF_5_10_2um_doublet2/HFocusing_5_10_2um2_0_483.npy,particles2SNR_pipeline/output/p0_c1_particles2SNR_staging/train/2um/HFocusing_5_10_2um2_0_483.npy,symlinked
2um,train,P0/C1_HF_5_10_2um_doublet2/HFocusing_5_10_2um2_0_486.npy,particles2SNR_pipeline/output/p0_c1_particles2SNR_staging/train/2um/HFocusing_5_10_2um2_0_486.npy,symlinked
2um,test,P0/C1_HF_5_10_2um_doublet2/HFocusing_5_10_2um2_0_487.npy,particles2SNR_pipeline/output/p0_c1_particles2SNR_staging/test/2um/HFocusing_5_10_2um2_0_487.npy,symlinked
2um,train,P0/C1_HF_5_10_2um_doublet2/HFocusing_5_10_2um2_0_490.npy,particles2SNR_pipeline/output/p0_c1_particles2SNR_staging/train/2um/HFocusing_5_10_2um2_0_490.npy,symlinked
2um,train,P0/C1_HF_5_10_2um_doublet2/HFocusing_5_10_2um2_0_493.npy,particles2SNR_pipeline/output/p0_c1_particles2SNR_staging/train/2um/HFocusing_5_10_2um2_0_493.npy,symlinked
2um,train,P0/C1_HF_5_10_2um_doublet2/HFocusing_5_10_2um2_0_496.npy,particles2SNR_pipeline/output/p0_c1_particles2SNR_staging/train/2um/HFocusing_5_10_2um2_0_496.npy,symlinked
2um,train,P0/C1_HF_5_10_2um_doublet2/HFocusing_5_10_2um2_0_497.npy,particles2SNR_pipeline/output/p0_c1_particles2SNR_staging/train/2um/HFocusing_5_10_2um2_0_497.npy,symlinked
2um,train,P0/C1_HF_5_10_2um_doublet2/HFocusing_5_10_2um2_0_50.npy,particles2SNR_pipeline/output/p0_c1_particles2SNR_staging/train/2um/HFocusing_5_10_2um2_0_50.npy,symlinked
2um,train,P0/C1_HF_5_10_2um_doublet2/HFocusing_5_10_2um2_0_500.npy,particles2SNR_pipeline/output/p0_c1_particles2SNR_staging/train/2um/HFocusing_5_10_2um2_0_500.npy,symlinked
2um,train,P0/C1_HF_5_10_2um_doublet2/HFocusing_5_10_2um2_0_501.npy,particles2SNR_pipeline/output/p0_c1_particles2SNR_staging/train/2um/HFocusing_5_10_2um2_0_501.npy,symlinked
2um,test,P0/C1_HF_5_10_2um_doublet2/HFocusing_5_10_2um2_0_504.npy,particles2SNR_pipeline/output/p0_c1_particles2SNR_staging/test/2um/HFocusing_5_10_2um2_0_504.npy,symlinked
2um,train,P0/C1_HF_5_10_2um_doublet2/HFocusing_5_10_2um2_0_505.npy,particles2SNR_pipeline/output/p0_c1_particles2SNR_staging/train/2um/HFocusing_5_10_2um2_0_505.npy,symlinked
2um,test,P0/C1_HF_5_10_2um_doublet2/HFocusing_5_10_2um2_0_507.npy,particles2SNR_pipeline/output/p0_c1_particles2SNR_staging/test/2um/HFocusing_5_10_2um2_0_507.npy,symlinked
2um,train,P0/C1_HF_5_10_2um_doublet2/HFocusing_5_10_2um2_0_510.npy,particles2SNR_pipeline/output/p0_c1_particles2SNR_staging/train/2um/HFocusing_5_10_2um2_0_510.npy,symlinked
2um,train,P0/C1_HF_5_10_2um_doublet2/HFocusing_5_10_2um2_0_513.npy,particles2SNR_pipeline/output/p0_c1_particles2SNR_staging/train/2um/HFocusing_5_10_2um2_0_513.npy,symlinked
2um,train,P0/C1_HF_5_10_2um_doublet2/HFocusing_5_10_2um2_0_514.npy,particles2SNR_pipeline/output/p0_c1_particles2SNR_staging/train/2um/HFocusing_5_10_2um2_0_514.npy,symlinked
2um,train,P0/C1_HF_5_10_2um_doublet2/HFocusing_5_10_2um2_0_516.npy,particles2SNR_pipeline/output/p0_c1_particles2SNR_staging/train/2um/HFocusing_5_10_2um2_0_516.npy,symlinked
2um,train,P0/C1_HF_5_10_2um_doublet2/HFocusing_5_10_2um2_0_519.npy,particles2SNR_pipeline/output/p0_c1_particles2SNR_staging/train/2um/HFocusing_5_10_2um2_0_519.npy,symlinked
2um,train,P0/C1_HF_5_10_2um_doublet2/HFocusing_5_10_2um2_0_522.npy,particles2SNR_pipeline/output/p0_c1_particles2SNR_staging/train/2um/HFocusing_5_10_2um2_0_522.npy,symlinked
2um,train,P0/C1_HF_5_10_2um_doublet2/HFocusing_5_10_2um2_0_523.npy,particles2SNR_pipeline/output/p0_c1_particles2SNR_staging/train/2um/HFocusing_5_10_2um2_0_523.npy,symlinked
2um,train,P0/C1_HF_5_10_2um_doublet2/HFocusing_5_10_2um2_0_525.npy,particles2SNR_pipeline/output/p0_c1_particles2SNR_staging/train/2um/HFocusing_5_10_2um2_0_525.npy,symlinked
2um,train,P0/C1_HF_5_10_2um_doublet2/HFocusing_5_10_2um2_0_526.npy,particles2SNR_pipeline/output/p0_c1_particles2SNR_staging/train/2um/HFocusing_5_10_2um2_0_526.npy,symlinked
2um,train,P0/C1_HF_5_10_2um_doublet2/HFocusing_5_10_2um2_0_528.npy,particles2SNR_pipeline/output/p0_c1_particles2SNR_staging/train/2um/HFocusing_5_10_2um2_0_528.npy,symlinked
2um,train,P0/C1_HF_5_10_2um_doublet2/HFocusing_5_10_2um2_0_529.npy,particles2SNR_pipeline/output/p0_c1_particles2SNR_staging/train/2um/HFocusing_5_10_2um2_0_529.npy,symlinked
2um,train,P0/C1_HF_5_10_2um_doublet2/HFocusing_5_10_2um2_0_531.npy,particles2SNR_pipeline/output/p0_c1_particles2SNR_staging/train/2um/HFocusing_5_10_2um2_0_531.npy,symlinked
2um,train,P0/C1_HF_5_10_2um_doublet2/HFocusing_5_10_2um2_0_532.npy,particles2SNR_pipeline/output/p0_c1_particles2SNR_staging/train/2um/HFocusing_5_10_2um2_0_532.npy,symlinked
2um,train,P0/C1_HF_5_10_2um_doublet2/HFocusing_5_10_2um2_0_535.npy,particles2SNR_pipeline/output/p0_c1_particles2SNR_staging/train/2um/HFocusing_5_10_2um2_0_535.npy,symlinked
2um,train,P0/C1_HF_5_10_2um_doublet2/HFocusing_5_10_2um2_0_536.npy,particles2SNR_pipeline/output/p0_c1_particles2SNR_staging/train/2um/HFocusing_5_10_2um2_0_536.npy,symlinked
2um,train,P0/C1_HF_5_10_2um_doublet2/HFocusing_5_10_2um2_0_54.npy,particles2SNR_pipeline/output/p0_c1_particles2SNR_staging/train/2um/HFocusing_5_10_2um2_0_54.npy,symlinked
2um,train,P0/C1_HF_5_10_2um_doublet2/HFocusing_5_10_2um2_0_540.npy,particles2SNR_pipeline/output/p0_c1_particles2SNR_staging/train/2um/HFocusing_5_10_2um2_0_540.npy,symlinked
2um,train,P0/C1_HF_5_10_2um_doublet2/HFocusing_5_10_2um2_0_543.npy,particles2SNR_pipeline/output/p0_c1_particles2SNR_staging/train/2um/HFocusing_5_10_2um2_0_543.npy,symlinked
2um,train,P0/C1_HF_5_10_2um_doublet2/HFocusing_5_10_2um2_0_544.npy,particles2SNR_pipeline/output/p0_c1_particles2SNR_staging/train/2um/HFocusing_5_10_2um2_0_544.npy,symlinked
2um,train,P0/C1_HF_5_10_2um_doublet2/HFocusing_5_10_2um2_0_547.npy,particles2SNR_pipeline/output/p0_c1_particles2SNR_staging/train/2um/HFocusing_5_10_2um2_0_547.npy,symlinked
2um,train,P0/C1_HF_5_10_2um_doublet2/HFocusing_5_10_2um2_0_551.npy,particles2SNR_pipeline/output/p0_c1_particles2SNR_staging/train/2um/HFocusing_5_10_2um2_0_551.npy,symlinked
2um,train,P0/C1_HF_5_10_2um_doublet2/HFocusing_5_10_2um2_0_554.npy,particles2SNR_pipeline/output/p0_c1_particles2SNR_staging/train/2um/HFocusing_5_10_2um2_0_554.npy,symlinked
2um,train,P0/C1_HF_5_10_2um_doublet2/HFocusing_5_10_2um2_0_555.npy,particles2SNR_pipeline/output/p0_c1_particles2SNR_staging/train/2um/HFocusing_5_10_2um2_0_555.npy,symlinked
2um,train,P0/C1_HF_5_10_2um_doublet2/HFocusing_5_10_2um2_0_558.npy,particles2SNR_pipeline/output/p0_c1_particles2SNR_staging/train/2um/HFocusing_5_10_2um2_0_558.npy,symlinked
2um,test,P0/C1_HF_5_10_2um_doublet2/HFocusing_5_10_2um2_0_561.npy,particles2SNR_pipeline/output/p0_c1_particles2SNR_staging/test/2um/HFocusing_5_10_2um2_0_561.npy,symlinked
2um,train,P0/C1_HF_5_10_2um_doublet2/HFocusing_5_10_2um2_0_564.npy,particles2SNR_pipeline/output/p0_c1_particles2SNR_staging/train/2um/HFocusing_5_10_2um2_0_564.npy,symlinked
2um,train,P0/C1_HF_5_10_2um_doublet2/HFocusing_5_10_2um2_0_567.npy,particles2SNR_pipeline/output/p0_c1_particles2SNR_staging/train/2um/HFocusing_5_10_2um2_0_567.npy,symlinked
2um,train,P0/C1_HF_5_10_2um_doublet2/HFocusing_5_10_2um2_0_568.npy,particles2SNR_pipeline/output/p0_c1_particles2SNR_staging/train/2um/HFocusing_5_10_2um2_0_568.npy,symlinked
2um,train,P0/C1_HF_5_10_2um_doublet2/HFocusing_5_10_2um2_0_57.npy,particles2SNR_pipeline/output/p0_c1_particles2SNR_staging/train/2um/HFocusing_5_10_2um2_0_57.npy,symlinked
2um,train,P0/C1_HF_5_10_2um_doublet2/HFocusing_5_10_2um2_0_571.npy,particles2SNR_pipeline/output/p0_c1_particles2SNR_staging/train/2um/HFocusing_5_10_2um2_0_571.npy,symlinked
2um,train,P0/C1_HF_5_10_2um_doublet2/HFocusing_5_10_2um2_0_572.npy,particles2SNR_pipeline/output/p0_c1_particles2SNR_staging/train/2um/HFocusing_5_10_2um2_0_572.npy,symlinked
2um,train,P0/C1_HF_5_10_2um_doublet2/HFocusing_5_10_2um2_0_575.npy,particles2SNR_pipeline/output/p0_c1_particles2SNR_staging/train/2um/HFocusing_5_10_2um2_0_575.npy,symlinked
2um,train,P0/C1_HF_5_10_2um_doublet2/HFocusing_5_10_2um2_0_576.npy,particles2SNR_pipeline/output/p0_c1_particles2SNR_staging/train/2um/HFocusing_5_10_2um2_0_576.npy,symlinked
2um,train,P0/C1_HF_5_10_2um_doublet2/HFocusing_5_10_2um2_0_579.npy,particles2SNR_pipeline/output/p0_c1_particles2SNR_staging/train/2um/HFocusing_5_10_2um2_0_579.npy,symlinked
2um,train,P0/C1_HF_5_10_2um_doublet2/HFocusing_5_10_2um2_0_58.npy,particles2SNR_pipeline/output/p0_c1_particles2SNR_staging/train/2um/HFocusing_5_10_2um2_0_58.npy,symlinked
2um,train,P0/C1_HF_5_10_2um_doublet2/HFocusing_5_10_2um2_0_580.npy,particles2SNR_pipeline/output/p0_c1_particles2SNR_staging/train/2um/HFocusing_5_10_2um2_0_580.npy,symlinked
2um,train,P0/C1_HF_5_10_2um_doublet2/HFocusing_5_10_2um2_0_583.npy,particles2SNR_pipeline/output/p0_c1_particles2SNR_staging/train/2um/HFocusing_5_10_2um2_0_583.npy,symlinked
2um,train,P0/C1_HF_5_10_2um_doublet2/HFocusing_5_10_2um2_0_584.npy,particles2SNR_pipeline/output/p0_c1_particles2SNR_staging/train/2um/HFocusing_5_10_2um2_0_584.npy,symlinked
2um,test,P0/C1_HF_5_10_2um_doublet2/HFocusing_5_10_2um2_0_587.npy,particles2SNR_pipeline/output/p0_c1_particles2SNR_staging/test/2um/HFocusing_5_10_2um2_0_587.npy,symlinked
2um,train,P0/C1_HF_5_10_2um_doublet2/HFocusing_5_10_2um2_0_588.npy,particles2SNR_pipeline/output/p0_c1_particles2SNR_staging/train/2um/HFocusing_5_10_2um2_0_588.npy,symlinked
2um,train,P0/C1_HF_5_10_2um_doublet2/HFocusing_5_10_2um2_0_591.npy,particles2SNR_pipeline/output/p0_c1_particles2SNR_staging/train/2um/HFocusing_5_10_2um2_0_591.npy,symlinked
2um,train,P0/C1_HF_5_10_2um_doublet2/HFocusing_5_10_2um2_0_594.npy,particles2SNR_pipeline/output/p0_c1_particles2SNR_staging/train/2um/HFocusing_5_10_2um2_0_594.npy,symlinked
2um,test,P0/C1_HF_5_10_2um_doublet2/HFocusing_5_10_2um2_0_595.npy,particles2SNR_pipeline/output/p0_c1_particles2SNR_staging/test/2um/HFocusing_5_10_2um2_0_595.npy,symlinked
2um,train,P0/C1_HF_5_10_2um_doublet2/HFocusing_5_10_2um2_0_598.npy,particles2SNR_pipeline/output/p0_c1_particles2SNR_staging/train/2um/HFocusing_5_10_2um2_0_598.npy,symlinked
2um,train,P0/C1_HF_5_10_2um_doublet2/HFocusing_5_10_2um2_0_599.npy,particles2SNR_pipeline/output/p0_c1_particles2SNR_staging/train/2um/HFocusing_5_10_2um2_0_599.npy,symlinked
2um,train,P0/C1_HF_5_10_2um_doublet2/HFocusing_5_10_2um2_0_6.npy,particles2SNR_pipeline/output/p0_c1_particles2SNR_staging/train/2um/HFocusing_5_10_2um2_0_6.npy,symlinked
2um,train,P0/C1_HF_5_10_2um_doublet2/HFocusing_5_10_2um2_0_602.npy,particles2SNR_pipeline/output/p0_c1_particles2SNR_staging/train/2um/HFocusing_5_10_2um2_0_602.npy,symlinked
2um,train,P0/C1_HF_5_10_2um_doublet2/HFocusing_5_10_2um2_0_605.npy,particles2SNR_pipeline/output/p0_c1_particles2SNR_staging/train/2um/HFocusing_5_10_2um2_0_605.npy,symlinked
2um,test,P0/C1_HF_5_10_2um_doublet2/HFocusing_5_10_2um2_0_606.npy,particles2SNR_pipeline/output/p0_c1_particles2SNR_staging/test/2um/HFocusing_5_10_2um2_0_606.npy,symlinked
2um,train,P0/C1_HF_5_10_2um_doublet2/HFocusing_5_10_2um2_0_608.npy,particles2SNR_pipeline/output/p0_c1_particles2SNR_staging/train/2um/HFocusing_5_10_2um2_0_608.npy,symlinked
2um,train,P0/C1_HF_5_10_2um_doublet2/HFocusing_5_10_2um2_0_609.npy,particles2SNR_pipeline/output/p0_c1_particles2SNR_staging/train/2um/HFocusing_5_10_2um2_0_609.npy,symlinked
2um,train,P0/C1_HF_5_10_2um_doublet2/HFocusing_5_10_2um2_0_61.npy,particles2SNR_pipeline/output/p0_c1_particles2SNR_staging/train/2um/HFocusing_5_10_2um2_0_61.npy,symlinked
2um,train,P0/C1_HF_5_10_2um_doublet2/HFocusing_5_10_2um2_0_612.npy,particles2SNR_pipeline/output/p0_c1_particles2SNR_staging/train/2um/HFocusing_5_10_2um2_0_612.npy,symlinked
2um,train,P0/C1_HF_5_10_2um_doublet2/HFocusing_5_10_2um2_0_613.npy,particles2SNR_pipeline/output/p0_c1_particles2SNR_staging/train/2um/HFocusing_5_10_2um2_0_613.npy,symlinked
2um,test,P0/C1_HF_5_10_2um_doublet2/HFocusing_5_10_2um2_0_616.npy,particles2SNR_pipeline/output/p0_c1_particles2SNR_staging/test/2um/HFocusing_5_10_2um2_0_616.npy,symlinked
2um,train,P0/C1_HF_5_10_2um_doublet2/HFocusing_5_10_2um2_0_617.npy,particles2SNR_pipeline/output/p0_c1_particles2SNR_staging/train/2um/HFocusing_5_10_2um2_0_617.npy,symlinked
2um,train,P0/C1_HF_5_10_2um_doublet2/HFocusing_5_10_2um2_0_619.npy,particles2SNR_pipeline/output/p0_c1_particles2SNR_staging/train/2um/HFocusing_5_10_2um2_0_619.npy,symlinked
2um,train,P0/C1_HF_5_10_2um_doublet2/HFocusing_5_10_2um2_0_620.npy,particles2SNR_pipeline/output/p0_c1_particles2SNR_staging/train/2um/HFocusing_5_10_2um2_0_620.npy,symlinked
2um,test,P0/C1_HF_5_10_2um_doublet2/HFocusing_5_10_2um2_0_623.npy,particles2SNR_pipeline/output/p0_c1_particles2SNR_staging/test/2um/HFocusing_5_10_2um2_0_623.npy,symlinked
2um,train,P0/C1_HF_5_10_2um_doublet2/HFocusing_5_10_2um2_0_626.npy,particles2SNR_pipeline/output/p0_c1_particles2SNR_staging/train/2um/HFocusing_5_10_2um2_0_626.npy,symlinked
2um,train,P0/C1_HF_5_10_2um_doublet2/HFocusing_5_10_2um2_0_627.npy,particles2SNR_pipeline/output/p0_c1_particles2SNR_staging/train/2um/HFocusing_5_10_2um2_0_627.npy,symlinked
2um,train,P0/C1_HF_5_10_2um_doublet2/HFocusing_5_10_2um2_0_629.npy,particles2SNR_pipeline/output/p0_c1_particles2SNR_staging/train/2um/HFocusing_5_10_2um2_0_629.npy,symlinked
2um,train,P0/C1_HF_5_10_2um_doublet2/HFocusing_5_10_2um2_0_630.npy,particles2SNR_pipeline/output/p0_c1_particles2SNR_staging/train/2um/HFocusing_5_10_2um2_0_630.npy,symlinked
2um,test,P0/C1_HF_5_10_2um_doublet2/HFocusing_5_10_2um2_0_633.npy,particles2SNR_pipeline/output/p0_c1_particles2SNR_staging/test/2um/HFocusing_5_10_2um2_0_633.npy,symlinked
2um,train,P0/C1_HF_5_10_2um_doublet2/HFocusing_5_10_2um2_0_636.npy,particles2SNR_pipeline/output/p0_c1_particles2SNR_staging/train/2um/HFocusing_5_10_2um2_0_636.npy,symlinked
2um,train,P0/C1_HF_5_10_2um_doublet2/HFocusing_5_10_2um2_0_637.npy,particles2SNR_pipeline/output/p0_c1_particles2SNR_staging/train/2um/HFocusing_5_10_2um2_0_637.npy,symlinked
2um,test,P0/C1_HF_5_10_2um_doublet2/HFocusing_5_10_2um2_0_64.npy,particles2SNR_pipeline/output/p0_c1_particles2SNR_staging/test/2um/HFocusing_5_10_2um2_0_64.npy,symlinked
2um,train,P0/C1_HF_5_10_2um_doublet2/HFocusing_5_10_2um2_0_640.npy,particles2SNR_pipeline/output/p0_c1_particles2SNR_staging/train/2um/HFocusing_5_10_2um2_0_640.npy,symlinked
2um,train,P0/C1_HF_5_10_2um_doublet2/HFocusing_5_10_2um2_0_641.npy,particles2SNR_pipeline/output/p0_c1_particles2SNR_staging/train/2um/HFocusing_5_10_2um2_0_641.npy,symlinked
2um,train,P0/C1_HF_5_10_2um_doublet2/HFocusing_5_10_2um2_0_644.npy,particles2SNR_pipeline/output/p0_c1_particles2SNR_staging/train/2um/HFocusing_5_10_2um2_0_644.npy,symlinked
2um,train,P0/C1_HF_5_10_2um_doublet2/HFocusing_5_10_2um2_0_645.npy,particles2SNR_pipeline/output/p0_c1_particles2SNR_staging/train/2um/HFocusing_5_10_2um2_0_645.npy,symlinked
2um,train,P0/C1_HF_5_10_2um_doublet2/HFocusing_5_10_2um2_0_648.npy,particles2SNR_pipeline/output/p0_c1_particles2SNR_staging/train/2um/HFocusing_5_10_2um2_0_648.npy,symlinked
2um,train,P0/C1_HF_5_10_2um_doublet2/HFocusing_5_10_2um2_0_649.npy,particles2SNR_pipeline/output/p0_c1_particles2SNR_staging/train/2um/HFocusing_5_10_2um2_0_649.npy,symlinked
2um,train,P0/C1_HF_5_10_2um_doublet2/HFocusing_5_10_2um2_0_65.npy,particles2SNR_pipeline/output/p0_c1_particles2SNR_staging/train/2um/HFocusing_5_10_2um2_0_65.npy,symlinked
2um,train,P0/C1_HF_5_10_2um_doublet2/HFocusing_5_10_2um2_0_652.npy,particles2SNR_pipeline/output/p0_c1_particles2SNR_staging/train/2um/HFocusing_5_10_2um2_0_652.npy,symlinked
2um,train,P0/C1_HF_5_10_2um_doublet2/HFocusing_5_10_2um2_0_653.npy,particles2SNR_pipeline/output/p0_c1_particles2SNR_staging/train/2um/HFocusing_5_10_2um2_0_653.npy,symlinked
2um,train,P0/C1_HF_5_10_2um_doublet2/HFocusing_5_10_2um2_0_656.npy,particles2SNR_pipeline/output/p0_c1_particles2SNR_staging/train/2um/HFocusing_5_10_2um2_0_656.npy,symlinked
2um,train,P0/C1_HF_5_10_2um_doublet2/HFocusing_5_10_2um2_0_657.npy,particles2SNR_pipeline/output/p0_c1_particles2SNR_staging/train/2um/HFocusing_5_10_2um2_0_657.npy,symlinked
2um,train,P0/C1_HF_5_10_2um_doublet2/HFocusing_5_10_2um2_0_660.npy,particles2SNR_pipeline/output/p0_c1_particles2SNR_staging/train/2um/HFocusing_5_10_2um2_0_660.npy,symlinked
2um,train,P0/C1_HF_5_10_2um_doublet2/HFocusing_5_10_2um2_0_661.npy,particles2SNR_pipeline/output/p0_c1_particles2SNR_staging/train/2um/HFocusing_5_10_2um2_0_661.npy,symlinked
2um,train,P0/C1_HF_5_10_2um_doublet2/HFocusing_5_10_2um2_0_664.npy,particles2SNR_pipeline/output/p0_c1_particles2SNR_staging/train/2um/HFocusing_5_10_2um2_0_664.npy,symlinked
2um,train,P0/C1_HF_5_10_2um_doublet2/HFocusing_5_10_2um2_0_665.npy,particles2SNR_pipeline/output/p0_c1_particles2SNR_staging/train/2um/HFocusing_5_10_2um2_0_665.npy,symlinked
2um,test,P0/C1_HF_5_10_2um_doublet2/HFocusing_5_10_2um2_0_668.npy,particles2SNR_pipeline/output/p0_c1_particles2SNR_staging/test/2um/HFocusing_5_10_2um2_0_668.npy,symlinked
2um,test,P0/C1_HF_5_10_2um_doublet2/HFocusing_5_10_2um2_0_669.npy,particles2SNR_pipeline/output/p0_c1_particles2SNR_staging/test/2um/HFocusing_5_10_2um2_0_669.npy,symlinked
2um,train,P0/C1_HF_5_10_2um_doublet2/HFocusing_5_10_2um2_0_672.npy,particles2SNR_pipeline/output/p0_c1_particles2SNR_staging/train/2um/HFocusing_5_10_2um2_0_672.npy,symlinked
2um,train,P0/C1_HF_5_10_2um_doublet2/HFocusing_5_10_2um2_0_673.npy,particles2SNR_pipeline/output/p0_c1_particles2SNR_staging/train/2um/HFocusing_5_10_2um2_0_673.npy,symlinked
2um,test,P0/C1_HF_5_10_2um_doublet2/HFocusing_5_10_2um2_0_675.npy,particles2SNR_pipeline/output/p0_c1_particles2SNR_staging/test/2um/HFocusing_5_10_2um2_0_675.npy,symlinked
2um,train,P0/C1_HF_5_10_2um_doublet2/HFocusing_5_10_2um2_0_676.npy,particles2SNR_pipeline/output/p0_c1_particles2SNR_staging/train/2um/HFocusing_5_10_2um2_0_676.npy,symlinked
2um,train,P0/C1_HF_5_10_2um_doublet2/HFocusing_5_10_2um2_0_679.npy,particles2SNR_pipeline/output/p0_c1_particles2SNR_staging/train/2um/HFocusing_5_10_2um2_0_679.npy,symlinked
2um,train,P0/C1_HF_5_10_2um_doublet2/HFocusing_5_10_2um2_0_68.npy,particles2SNR_pipeline/output/p0_c1_particles2SNR_staging/train/2um/HFocusing_5_10_2um2_0_68.npy,symlinked
2um,train,P0/C1_HF_5_10_2um_doublet2/HFocusing_5_10_2um2_0_680.npy,particles2SNR_pipeline/output/p0_c1_particles2SNR_staging/train/2um/HFocusing_5_10_2um2_0_680.npy,symlinked
2um,test,P0/C1_HF_5_10_2um_doublet2/HFocusing_5_10_2um2_0_682.npy,particles2SNR_pipeline/output/p0_c1_particles2SNR_staging/test/2um/HFocusing_5_10_2um2_0_682.npy,symlinked
2um,train,P0/C1_HF_5_10_2um_doublet2/HFocusing_5_10_2um2_0_683.npy,particles2SNR_pipeline/output/p0_c1_particles2SNR_staging/train/2um/HFocusing_5_10_2um2_0_683.npy,symlinked
2um,test,P0/C1_HF_5_10_2um_doublet2/HFocusing_5_10_2um2_0_686.npy,particles2SNR_pipeline/output/p0_c1_particles2SNR_staging/test/2um/HFocusing_5_10_2um2_0_686.npy,symlinked
2um,train,P0/C1_HF_5_10_2um_doublet2/HFocusing_5_10_2um2_0_687.npy,particles2SNR_pipeline/output/p0_c1_particles2SNR_staging/train/2um/HFocusing_5_10_2um2_0_687.npy,symlinked
2um,test,P0/C1_HF_5_10_2um_doublet2/HFocusing_5_10_2um2_0_69.npy,particles2SNR_pipeline/output/p0_c1_particles2SNR_staging/test/2um/HFocusing_5_10_2um2_0_69.npy,symlinked
2um,test,P0/C1_HF_5_10_2um_doublet2/HFocusing_5_10_2um2_0_690.npy,particles2SNR_pipeline/output/p0_c1_particles2SNR_staging/test/2um/HFocusing_5_10_2um2_0_690.npy,symlinked
2um,train,P0/C1_HF_5_10_2um_doublet2/HFocusing_5_10_2um2_0_691.npy,particles2SNR_pipeline/output/p0_c1_particles2SNR_staging/train/2um/HFocusing_5_10_2um2_0_691.npy,symlinked
2um,train,P0/C1_HF_5_10_2um_doublet2/HFocusing_5_10_2um2_0_694.npy,particles2SNR_pipeline/output/p0_c1_particles2SNR_staging/train/2um/HFocusing_5_10_2um2_0_694.npy,symlinked
2um,test,P0/C1_HF_5_10_2um_doublet2/HFocusing_5_10_2um2_0_697.npy,particles2SNR_pipeline/output/p0_c1_particles2SNR_staging/test/2um/HFocusing_5_10_2um2_0_697.npy,symlinked
2um,train,P0/C1_HF_5_10_2um_doublet2/HFocusing_5_10_2um2_0_698.npy,particles2SNR_pipeline/output/p0_c1_particles2SNR_staging/train/2um/HFocusing_5_10_2um2_0_698.npy,symlinked
2um,train,P0/C1_HF_5_10_2um_doublet2/HFocusing_5_10_2um2_0_7.npy,particles2SNR_pipeline/output/p0_c1_particles2SNR_staging/train/2um/HFocusing_5_10_2um2_0_7.npy,symlinked
2um,test,P0/C1_HF_5_10_2um_doublet2/HFocusing_5_10_2um2_0_701.npy,particles2SNR_pipeline/output/p0_c1_particles2SNR_staging/test/2um/HFocusing_5_10_2um2_0_701.npy,symlinked
2um,train,P0/C1_HF_5_10_2um_doublet2/HFocusing_5_10_2um2_0_702.npy,particles2SNR_pipeline/output/p0_c1_particles2SNR_staging/train/2um/HFocusing_5_10_2um2_0_702.npy,symlinked
2um,train,P0/C1_HF_5_10_2um_doublet2/HFocusing_5_10_2um2_0_706.npy,particles2SNR_pipeline/output/p0_c1_particles2SNR_staging/train/2um/HFocusing_5_10_2um2_0_706.npy,symlinked
2um,train,P0/C1_HF_5_10_2um_doublet2/HFocusing_5_10_2um2_0_709.npy,particles2SNR_pipeline/output/p0_c1_particles2SNR_staging/train/2um/HFocusing_5_10_2um2_0_709.npy,symlinked
2um,train,P0/C1_HF_5_10_2um_doublet2/HFocusing_5_10_2um2_0_712.npy,particles2SNR_pipeline/output/p0_c1_particles2SNR_staging/train/2um/HFocusing_5_10_2um2_0_712.npy,symlinked
2um,test,P0/C1_HF_5_10_2um_doublet2/HFocusing_5_10_2um2_0_713.npy,particles2SNR_pipeline/output/p0_c1_particles2SNR_staging/test/2um/HFocusing_5_10_2um2_0_713.npy,symlinked
2um,train,P0/C1_HF_5_10_2um_doublet2/HFocusing_5_10_2um2_0_716.npy,particles2SNR_pipeline/output/p0_c1_particles2SNR_staging/train/2um/HFocusing_5_10_2um2_0_716.npy,symlinked
2um,train,P0/C1_HF_5_10_2um_doublet2/HFocusing_5_10_2um2_0_717.npy,particles2SNR_pipeline/output/p0_c1_particles2SNR_staging/train/2um/HFocusing_5_10_2um2_0_717.npy,symlinked
2um,train,P0/C1_HF_5_10_2um_doublet2/HFocusing_5_10_2um2_0_72.npy,particles2SNR_pipeline/output/p0_c1_particles2SNR_staging/train/2um/HFocusing_5_10_2um2_0_72.npy,symlinked
2um,train,P0/C1_HF_5_10_2um_doublet2/HFocusing_5_10_2um2_0_720.npy,particles2SNR_pipeline/output/p0_c1_particles2SNR_staging/train/2um/HFocusing_5_10_2um2_0_720.npy,symlinked
2um,train,P0/C1_HF_5_10_2um_doublet2/HFocusing_5_10_2um2_0_721.npy,particles2SNR_pipeline/output/p0_c1_particles2SNR_staging/train/2um/HFocusing_5_10_2um2_0_721.npy,symlinked
2um,train,P0/C1_HF_5_10_2um_doublet2/HFocusing_5_10_2um2_0_724.npy,particles2SNR_pipeline/output/p0_c1_particles2SNR_staging/train/2um/HFocusing_5_10_2um2_0_724.npy,symlinked
2um,train,P0/C1_HF_5_10_2um_doublet2/HFocusing_5_10_2um2_0_725.npy,particles2SNR_pipeline/output/p0_c1_particles2SNR_staging/train/2um/HFocusing_5_10_2um2_0_725.npy,symlinked
2um,train,P0/C1_HF_5_10_2um_doublet2/HFocusing_5_10_2um2_0_728.npy,particles2SNR_pipeline/output/p0_c1_particles2SNR_staging/train/2um/HFocusing_5_10_2um2_0_728.npy,symlinked
2um,train,P0/C1_HF_5_10_2um_doublet2/HFocusing_5_10_2um2_0_729.npy,particles2SNR_pipeline/output/p0_c1_particles2SNR_staging/train/2um/HFocusing_5_10_2um2_0_729.npy,symlinked
2um,test,P0/C1_HF_5_10_2um_doublet2/HFocusing_5_10_2um2_0_73.npy,particles2SNR_pipeline/output/p0_c1_particles2SNR_staging/test/2um/HFocusing_5_10_2um2_0_73.npy,symlinked
2um,train,P0/C1_HF_5_10_2um_doublet2/HFocusing_5_10_2um2_0_732.npy,particles2SNR_pipeline/output/p0_c1_particles2SNR_staging/train/2um/HFocusing_5_10_2um2_0_732.npy,symlinked
2um,train,P0/C1_HF_5_10_2um_doublet2/HFocusing_5_10_2um2_0_733.npy,particles2SNR_pipeline/output/p0_c1_particles2SNR_staging/train/2um/HFocusing_5_10_2um2_0_733.npy,symlinked
2um,train,P0/C1_HF_5_10_2um_doublet2/HFocusing_5_10_2um2_0_736.npy,particles2SNR_pipeline/output/p0_c1_particles2SNR_staging/train/2um/HFocusing_5_10_2um2_0_736.npy,symlinked
2um,train,P0/C1_HF_5_10_2um_doublet2/HFocusing_5_10_2um2_0_739.npy,particles2SNR_pipeline/output/p0_c1_particles2SNR_staging/train/2um/HFocusing_5_10_2um2_0_739.npy,symlinked
2um,train,P0/C1_HF_5_10_2um_doublet2/HFocusing_5_10_2um2_0_740.npy,particles2SNR_pipeline/output/p0_c1_particles2SNR_staging/train/2um/HFocusing_5_10_2um2_0_740.npy,symlinked
2um,train,P0/C1_HF_5_10_2um_doublet2/HFocusing_5_10_2um2_0_743.npy,particles2SNR_pipeline/output/p0_c1_particles2SNR_staging/train/2um/HFocusing_5_10_2um2_0_743.npy,symlinked
2um,train,P0/C1_HF_5_10_2um_doublet2/HFocusing_5_10_2um2_0_746.npy,particles2SNR_pipeline/output/p0_c1_particles2SNR_staging/train/2um/HFocusing_5_10_2um2_0_746.npy,symlinked
2um,train,P0/C1_HF_5_10_2um_doublet2/HFocusing_5_10_2um2_0_747.npy,particles2SNR_pipeline/output/p0_c1_particles2SNR_staging/train/2um/HFocusing_5_10_2um2_0_747.npy,symlinked
2um,train,P0/C1_HF_5_10_2um_doublet2/HFocusing_5_10_2um2_0_75.npy,particles2SNR_pipeline/output/p0_c1_particles2SNR_staging/train/2um/HFocusing_5_10_2um2_0_75.npy,symlinked
2um,train,P0/C1_HF_5_10_2um_doublet2/HFocusing_5_10_2um2_0_750.npy,particles2SNR_pipeline/output/p0_c1_particles2SNR_staging/train/2um/HFocusing_5_10_2um2_0_750.npy,symlinked
2um,train,P0/C1_HF_5_10_2um_doublet2/HFocusing_5_10_2um2_0_753.npy,particles2SNR_pipeline/output/p0_c1_particles2SNR_staging/train/2um/HFocusing_5_10_2um2_0_753.npy,symlinked
2um,train,P0/C1_HF_5_10_2um_doublet2/HFocusing_5_10_2um2_0_754.npy,particles2SNR_pipeline/output/p0_c1_particles2SNR_staging/train/2um/HFocusing_5_10_2um2_0_754.npy,symlinked
2um,train,P0/C1_HF_5_10_2um_doublet2/HFocusing_5_10_2um2_0_757.npy,particles2SNR_pipeline/output/p0_c1_particles2SNR_staging/train/2um/HFocusing_5_10_2um2_0_757.npy,symlinked
2um,train,P0/C1_HF_5_10_2um_doublet2/HFocusing_5_10_2um2_0_758.npy,particles2SNR_pipeline/output/p0_c1_particles2SNR_staging/train/2um/HFocusing_5_10_2um2_0_758.npy,symlinked
2um,test,P0/C1_HF_5_10_2um_doublet2/HFocusing_5_10_2um2_0_76.npy,particles2SNR_pipeline/output/p0_c1_particles2SNR_staging/test/2um/HFocusing_5_10_2um2_0_76.npy,symlinked
2um,train,P0/C1_HF_5_10_2um_doublet2/HFocusing_5_10_2um2_0_761.npy,particles2SNR_pipeline/output/p0_c1_particles2SNR_staging/train/2um/HFocusing_5_10_2um2_0_761.npy,symlinked
2um,train,P0/C1_HF_5_10_2um_doublet2/HFocusing_5_10_2um2_0_762.npy,particles2SNR_pipeline/output/p0_c1_particles2SNR_staging/train/2um/HFocusing_5_10_2um2_0_762.npy,symlinked
2um,train,P0/C1_HF_5_10_2um_doublet2/HFocusing_5_10_2um2_0_765.npy,particles2SNR_pipeline/output/p0_c1_particles2SNR_staging/train/2um/HFocusing_5_10_2um2_0_765.npy,symlinked
2um,train,P0/C1_HF_5_10_2um_doublet2/HFocusing_5_10_2um2_0_768.npy,particles2SNR_pipeline/output/p0_c1_particles2SNR_staging/train/2um/HFocusing_5_10_2um2_0_768.npy,symlinked
2um,test,P0/C1_HF_5_10_2um_doublet2/HFocusing_5_10_2um2_0_772.npy,particles2SNR_pipeline/output/p0_c1_particles2SNR_staging/test/2um/HFocusing_5_10_2um2_0_772.npy,symlinked
2um,train,P0/C1_HF_5_10_2um_doublet2/HFocusing_5_10_2um2_0_773.npy,particles2SNR_pipeline/output/p0_c1_particles2SNR_staging/train/2um/HFocusing_5_10_2um2_0_773.npy,symlinked
2um,train,P0/C1_HF_5_10_2um_doublet2/HFocusing_5_10_2um2_0_776.npy,particles2SNR_pipeline/output/p0_c1_particles2SNR_staging/train/2um/HFocusing_5_10_2um2_0_776.npy,symlinked
2um,train,P0/C1_HF_5_10_2um_doublet2/HFocusing_5_10_2um2_0_777.npy,particles2SNR_pipeline/output/p0_c1_particles2SNR_staging/train/2um/HFocusing_5_10_2um2_0_777.npy,symlinked
2um,train,P0/C1_HF_5_10_2um_doublet2/HFocusing_5_10_2um2_0_78.npy,particles2SNR_pipeline/output/p0_c1_particles2SNR_staging/train/2um/HFocusing_5_10_2um2_0_78.npy,symlinked
2um,train,P0/C1_HF_5_10_2um_doublet2/HFocusing_5_10_2um2_0_780.npy,particles2SNR_pipeline/output/p0_c1_particles2SNR_staging/train/2um/HFocusing_5_10_2um2_0_780.npy,symlinked
2um,test,P0/C1_HF_5_10_2um_doublet2/HFocusing_5_10_2um2_0_781.npy,particles2SNR_pipeline/output/p0_c1_particles2SNR_staging/test/2um/HFocusing_5_10_2um2_0_781.npy,symlinked
2um,train,P0/C1_HF_5_10_2um_doublet2/HFocusing_5_10_2um2_0_784.npy,particles2SNR_pipeline/output/p0_c1_particles2SNR_staging/train/2um/HFocusing_5_10_2um2_0_784.npy,symlinked
2um,test,P0/C1_HF_5_10_2um_doublet2/HFocusing_5_10_2um2_0_785.npy,particles2SNR_pipeline/output/p0_c1_particles2SNR_staging/test/2um/HFocusing_5_10_2um2_0_785.npy,symlinked
2um,train,P0/C1_HF_5_10_2um_doublet2/HFocusing_5_10_2um2_0_788.npy,particles2SNR_pipeline/output/p0_c1_particles2SNR_staging/train/2um/HFocusing_5_10_2um2_0_788.npy,symlinked
2um,train,P0/C1_HF_5_10_2um_doublet2/HFocusing_5_10_2um2_0_791.npy,particles2SNR_pipeline/output/p0_c1_particles2SNR_staging/train/2um/HFocusing_5_10_2um2_0_791.npy,symlinked
2um,train,P0/C1_HF_5_10_2um_doublet2/HFocusing_5_10_2um2_0_794.npy,particles2SNR_pipeline/output/p0_c1_particles2SNR_staging/train/2um/HFocusing_5_10_2um2_0_794.npy,symlinked
2um,test,P0/C1_HF_5_10_2um_doublet2/HFocusing_5_10_2um2_0_797.npy,particles2SNR_pipeline/output/p0_c1_particles2SNR_staging/test/2um/HFocusing_5_10_2um2_0_797.npy,symlinked
2um,train,P0/C1_HF_5_10_2um_doublet2/HFocusing_5_10_2um2_0_800.npy,particles2SNR_pipeline/output/p0_c1_particles2SNR_staging/train/2um/HFocusing_5_10_2um2_0_800.npy,symlinked
2um,train,P0/C1_HF_5_10_2um_doublet2/HFocusing_5_10_2um2_0_801.npy,particles2SNR_pipeline/output/p0_c1_particles2SNR_staging/train/2um/HFocusing_5_10_2um2_0_801.npy,symlinked
2um,test,P0/C1_HF_5_10_2um_doublet2/HFocusing_5_10_2um2_0_804.npy,particles2SNR_pipeline/output/p0_c1_particles2SNR_staging/test/2um/HFocusing_5_10_2um2_0_804.npy,symlinked
2um,train,P0/C1_HF_5_10_2um_doublet2/HFocusing_5_10_2um2_0_805.npy,particles2SNR_pipeline/output/p0_c1_particles2SNR_staging/train/2um/HFocusing_5_10_2um2_0_805.npy,symlinked
2um,train,P0/C1_HF_5_10_2um_doublet2/HFocusing_5_10_2um2_0_808.npy,particles2SNR_pipeline/output/p0_c1_particles2SNR_staging/train/2um/HFocusing_5_10_2um2_0_808.npy,symlinked
2um,train,P0/C1_HF_5_10_2um_doublet2/HFocusing_5_10_2um2_0_81.npy,particles2SNR_pipeline/output/p0_c1_particles2SNR_staging/train/2um/HFocusing_5_10_2um2_0_81.npy,symlinked
2um,train,P0/C1_HF_5_10_2um_doublet2/HFocusing_5_10_2um2_0_811.npy,particles2SNR_pipeline/output/p0_c1_particles2SNR_staging/train/2um/HFocusing_5_10_2um2_0_811.npy,symlinked
2um,train,P0/C1_HF_5_10_2um_doublet2/HFocusing_5_10_2um2_0_812.npy,particles2SNR_pipeline/output/p0_c1_particles2SNR_staging/train/2um/HFocusing_5_10_2um2_0_812.npy,symlinked
2um,train,P0/C1_HF_5_10_2um_doublet2/HFocusing_5_10_2um2_0_814.npy,particles2SNR_pipeline/output/p0_c1_particles2SNR_staging/train/2um/HFocusing_5_10_2um2_0_814.npy,symlinked
2um,train,P0/C1_HF_5_10_2um_doublet2/HFocusing_5_10_2um2_0_815.npy,particles2SNR_pipeline/output/p0_c1_particles2SNR_staging/train/2um/HFocusing_5_10_2um2_0_815.npy,symlinked
2um,train,P0/C1_HF_5_10_2um_doublet2/HFocusing_5_10_2um2_0_818.npy,particles2SNR_pipeline/output/p0_c1_particles2SNR_staging/train/2um/HFocusing_5_10_2um2_0_818.npy,symlinked
2um,train,P0/C1_HF_5_10_2um_doublet2/HFocusing_5_10_2um2_0_821.npy,particles2SNR_pipeline/output/p0_c1_particles2SNR_staging/train/2um/HFocusing_5_10_2um2_0_821.npy,symlinked
2um,test,P0/C1_HF_5_10_2um_doublet2/HFocusing_5_10_2um2_0_824.npy,particles2SNR_pipeline/output/p0_c1_particles2SNR_staging/test/2um/HFocusing_5_10_2um2_0_824.npy,symlinked
2um,test,P0/C1_HF_5_10_2um_doublet2/HFocusing_5_10_2um2_0_825.npy,particles2SNR_pipeline/output/p0_c1_particles2SNR_staging/test/2um/HFocusing_5_10_2um2_0_825.npy,symlinked
2um,train,P0/C1_HF_5_10_2um_doublet2/HFocusing_5_10_2um2_0_828.npy,particles2SNR_pipeline/output/p0_c1_particles2SNR_staging/train/2um/HFocusing_5_10_2um2_0_828.npy,symlinked
2um,train,P0/C1_HF_5_10_2um_doublet2/HFocusing_5_10_2um2_0_829.npy,particles2SNR_pipeline/output/p0_c1_particles2SNR_staging/train/2um/HFocusing_5_10_2um2_0_829.npy,symlinked
2um,train,P0/C1_HF_5_10_2um_doublet2/HFocusing_5_10_2um2_0_832.npy,particles2SNR_pipeline/output/p0_c1_particles2SNR_staging/train/2um/HFocusing_5_10_2um2_0_832.npy,symlinked
2um,train,P0/C1_HF_5_10_2um_doublet2/HFocusing_5_10_2um2_0_835.npy,particles2SNR_pipeline/output/p0_c1_particles2SNR_staging/train/2um/HFocusing_5_10_2um2_0_835.npy,symlinked
2um,train,P0/C1_HF_5_10_2um_doublet2/HFocusing_5_10_2um2_0_836.npy,particles2SNR_pipeline/output/p0_c1_particles2SNR_staging/train/2um/HFocusing_5_10_2um2_0_836.npy,symlinked
2um,train,P0/C1_HF_5_10_2um_doublet2/HFocusing_5_10_2um2_0_839.npy,particles2SNR_pipeline/output/p0_c1_particles2SNR_staging/train/2um/HFocusing_5_10_2um2_0_839.npy,symlinked
2um,train,P0/C1_HF_5_10_2um_doublet2/HFocusing_5_10_2um2_0_84.npy,particles2SNR_pipeline/output/p0_c1_particles2SNR_staging/train/2um/HFocusing_5_10_2um2_0_84.npy,symlinked
2um,train,P0/C1_HF_5_10_2um_doublet2/HFocusing_5_10_2um2_0_842.npy,particles2SNR_pipeline/output/p0_c1_particles2SNR_staging/train/2um/HFocusing_5_10_2um2_0_842.npy,symlinked
2um,test,P0/C1_HF_5_10_2um_doublet2/HFocusing_5_10_2um2_0_843.npy,particles2SNR_pipeline/output/p0_c1_particles2SNR_staging/test/2um/HFocusing_5_10_2um2_0_843.npy,symlinked
2um,train,P0/C1_HF_5_10_2um_doublet2/HFocusing_5_10_2um2_0_846.npy,particles2SNR_pipeline/output/p0_c1_particles2SNR_staging/train/2um/HFocusing_5_10_2um2_0_846.npy,symlinked
2um,train,P0/C1_HF_5_10_2um_doublet2/HFocusing_5_10_2um2_0_847.npy,particles2SNR_pipeline/output/p0_c1_particles2SNR_staging/train/2um/HFocusing_5_10_2um2_0_847.npy,symlinked
2um,train,P0/C1_HF_5_10_2um_doublet2/HFocusing_5_10_2um2_0_850.npy,particles2SNR_pipeline/output/p0_c1_particles2SNR_staging/train/2um/HFocusing_5_10_2um2_0_850.npy,symlinked
2um,train,P0/C1_HF_5_10_2um_doublet2/HFocusing_5_10_2um2_0_853.npy,particles2SNR_pipeline/output/p0_c1_particles2SNR_staging/train/2um/HFocusing_5_10_2um2_0_853.npy,symlinked
2um,train,P0/C1_HF_5_10_2um_doublet2/HFocusing_5_10_2um2_0_857.npy,particles2SNR_pipeline/output/p0_c1_particles2SNR_staging/train/2um/HFocusing_5_10_2um2_0_857.npy,symlinked
2um,train,P0/C1_HF_5_10_2um_doublet2/HFocusing_5_10_2um2_0_859.npy,particles2SNR_pipeline/output/p0_c1_particles2SNR_staging/train/2um/HFocusing_5_10_2um2_0_859.npy,symlinked
2um,train,P0/C1_HF_5_10_2um_doublet2/HFocusing_5_10_2um2_0_862.npy,particles2SNR_pipeline/output/p0_c1_particles2SNR_staging/train/2um/HFocusing_5_10_2um2_0_862.npy,symlinked
2um,test,P0/C1_HF_5_10_2um_doublet2/HFocusing_5_10_2um2_0_863.npy,particles2SNR_pipeline/output/p0_c1_particles2SNR_staging/test/2um/HFocusing_5_10_2um2_0_863.npy,symlinked
2um,train,P0/C1_HF_5_10_2um_doublet2/HFocusing_5_10_2um2_0_867.npy,particles2SNR_pipeline/output/p0_c1_particles2SNR_staging/train/2um/HFocusing_5_10_2um2_0_867.npy,symlinked
2um,train,P0/C1_HF_5_10_2um_doublet2/HFocusing_5_10_2um2_0_869.npy,particles2SNR_pipeline/output/p0_c1_particles2SNR_staging/train/2um/HFocusing_5_10_2um2_0_869.npy,symlinked
2um,train,P0/C1_HF_5_10_2um_doublet2/HFocusing_5_10_2um2_0_87.npy,particles2SNR_pipeline/output/p0_c1_particles2SNR_staging/train/2um/HFocusing_5_10_2um2_0_87.npy,symlinked
2um,test,P0/C1_HF_5_10_2um_doublet2/HFocusing_5_10_2um2_0_870.npy,particles2SNR_pipeline/output/p0_c1_particles2SNR_staging/test/2um/HFocusing_5_10_2um2_0_870.npy,symlinked
2um,test,P0/C1_HF_5_10_2um_doublet2/HFocusing_5_10_2um2_0_872.npy,particles2SNR_pipeline/output/p0_c1_particles2SNR_staging/test/2um/HFocusing_5_10_2um2_0_872.npy,symlinked
2um,train,P0/C1_HF_5_10_2um_doublet2/HFocusing_5_10_2um2_0_873.npy,particles2SNR_pipeline/output/p0_c1_particles2SNR_staging/train/2um/HFocusing_5_10_2um2_0_873.npy,symlinked
2um,train,P0/C1_HF_5_10_2um_doublet2/HFocusing_5_10_2um2_0_876.npy,particles2SNR_pipeline/output/p0_c1_particles2SNR_staging/train/2um/HFocusing_5_10_2um2_0_876.npy,symlinked
2um,train,P0/C1_HF_5_10_2um_doublet2/HFocusing_5_10_2um2_0_877.npy,particles2SNR_pipeline/output/p0_c1_particles2SNR_staging/train/2um/HFocusing_5_10_2um2_0_877.npy,symlinked
2um,train,P0/C1_HF_5_10_2um_doublet2/HFocusing_5_10_2um2_0_879.npy,particles2SNR_pipeline/output/p0_c1_particles2SNR_staging/train/2um/HFocusing_5_10_2um2_0_879.npy,symlinked
2um,test,P0/C1_HF_5_10_2um_doublet2/HFocusing_5_10_2um2_0_88.npy,particles2SNR_pipeline/output/p0_c1_particles2SNR_staging/test/2um/HFocusing_5_10_2um2_0_88.npy,symlinked
2um,train,P0/C1_HF_5_10_2um_doublet2/HFocusing_5_10_2um2_0_880.npy,particles2SNR_pipeline/output/p0_c1_particles2SNR_staging/train/2um/HFocusing_5_10_2um2_0_880.npy,symlinked
2um,train,P0/C1_HF_5_10_2um_doublet2/HFocusing_5_10_2um2_0_883.npy,particles2SNR_pipeline/output/p0_c1_particles2SNR_staging/train/2um/HFocusing_5_10_2um2_0_883.npy,symlinked
2um,train,P0/C1_HF_5_10_2um_doublet2/HFocusing_5_10_2um2_0_886.npy,particles2SNR_pipeline/output/p0_c1_particles2SNR_staging/train/2um/HFocusing_5_10_2um2_0_886.npy,symlinked
2um,train,P0/C1_HF_5_10_2um_doublet2/HFocusing_5_10_2um2_0_887.npy,particles2SNR_pipeline/output/p0_c1_particles2SNR_staging/train/2um/HFocusing_5_10_2um2_0_887.npy,symlinked
2um,test,P0/C1_HF_5_10_2um_doublet2/HFocusing_5_10_2um2_0_889.npy,particles2SNR_pipeline/output/p0_c1_particles2SNR_staging/test/2um/HFocusing_5_10_2um2_0_889.npy,symlinked
2um,train,P0/C1_HF_5_10_2um_doublet2/HFocusing_5_10_2um2_0_892.npy,particles2SNR_pipeline/output/p0_c1_particles2SNR_staging/train/2um/HFocusing_5_10_2um2_0_892.npy,symlinked
2um,test,P0/C1_HF_5_10_2um_doublet2/HFocusing_5_10_2um2_0_895.npy,particles2SNR_pipeline/output/p0_c1_particles2SNR_staging/test/2um/HFocusing_5_10_2um2_0_895.npy,symlinked
2um,test,P0/C1_HF_5_10_2um_doublet2/HFocusing_5_10_2um2_0_899.npy,particles2SNR_pipeline/output/p0_c1_particles2SNR_staging/test/2um/HFocusing_5_10_2um2_0_899.npy,symlinked
2um,train,P0/C1_HF_5_10_2um_doublet2/HFocusing_5_10_2um2_0_900.npy,particles2SNR_pipeline/output/p0_c1_particles2SNR_staging/train/2um/HFocusing_5_10_2um2_0_900.npy,symlinked
2um,train,P0/C1_HF_5_10_2um_doublet2/HFocusing_5_10_2um2_0_903.npy,particles2SNR_pipeline/output/p0_c1_particles2SNR_staging/train/2um/HFocusing_5_10_2um2_0_903.npy,symlinked
2um,train,P0/C1_HF_5_10_2um_doublet2/HFocusing_5_10_2um2_0_904.npy,particles2SNR_pipeline/output/p0_c1_particles2SNR_staging/train/2um/HFocusing_5_10_2um2_0_904.npy,symlinked
2um,train,P0/C1_HF_5_10_2um_doublet2/HFocusing_5_10_2um2_0_906.npy,particles2SNR_pipeline/output/p0_c1_particles2SNR_staging/train/2um/HFocusing_5_10_2um2_0_906.npy,symlinked
2um,train,P0/C1_HF_5_10_2um_doublet2/HFocusing_5_10_2um2_0_909.npy,particles2SNR_pipeline/output/p0_c1_particles2SNR_staging/train/2um/HFocusing_5_10_2um2_0_909.npy,symlinked
2um,train,P0/C1_HF_5_10_2um_doublet2/HFocusing_5_10_2um2_0_91.npy,particles2SNR_pipeline/output/p0_c1_particles2SNR_staging/train/2um/HFocusing_5_10_2um2_0_91.npy,symlinked
2um,test,P0/C1_HF_5_10_2um_doublet2/HFocusing_5_10_2um2_0_910.npy,particles2SNR_pipeline/output/p0_c1_particles2SNR_staging/test/2um/HFocusing_5_10_2um2_0_910.npy,symlinked
2um,train,P0/C1_HF_5_10_2um_doublet2/HFocusing_5_10_2um2_0_913.npy,particles2SNR_pipeline/output/p0_c1_particles2SNR_staging/train/2um/HFocusing_5_10_2um2_0_913.npy,symlinked
2um,train,P0/C1_HF_5_10_2um_doublet2/HFocusing_5_10_2um2_0_914.npy,particles2SNR_pipeline/output/p0_c1_particles2SNR_staging/train/2um/HFocusing_5_10_2um2_0_914.npy,symlinked
2um,test,P0/C1_HF_5_10_2um_doublet2/HFocusing_5_10_2um2_0_917.npy,particles2SNR_pipeline/output/p0_c1_particles2SNR_staging/test/2um/HFocusing_5_10_2um2_0_917.npy,symlinked
2um,test,P0/C1_HF_5_10_2um_doublet2/HFocusing_5_10_2um2_0_920.npy,particles2SNR_pipeline/output/p0_c1_particles2SNR_staging/test/2um/HFocusing_5_10_2um2_0_920.npy,symlinked
2um,test,P0/C1_HF_5_10_2um_doublet2/HFocusing_5_10_2um2_0_923.npy,particles2SNR_pipeline/output/p0_c1_particles2SNR_staging/test/2um/HFocusing_5_10_2um2_0_923.npy,symlinked
2um,train,P0/C1_HF_5_10_2um_doublet2/HFocusing_5_10_2um2_0_924.npy,particles2SNR_pipeline/output/p0_c1_particles2SNR_staging/train/2um/HFocusing_5_10_2um2_0_924.npy,symlinked
2um,test,P0/C1_HF_5_10_2um_doublet2/HFocusing_5_10_2um2_0_927.npy,particles2SNR_pipeline/output/p0_c1_particles2SNR_staging/test/2um/HFocusing_5_10_2um2_0_927.npy,symlinked
2um,train,P0/C1_HF_5_10_2um_doublet2/HFocusing_5_10_2um2_0_928.npy,particles2SNR_pipeline/output/p0_c1_particles2SNR_staging/train/2um/HFocusing_5_10_2um2_0_928.npy,symlinked
2um,train,P0/C1_HF_5_10_2um_doublet2/HFocusing_5_10_2um2_0_931.npy,particles2SNR_pipeline/output/p0_c1_particles2SNR_staging/train/2um/HFocusing_5_10_2um2_0_931.npy,symlinked
2um,train,P0/C1_HF_5_10_2um_doublet2/HFocusing_5_10_2um2_0_934.npy,particles2SNR_pipeline/output/p0_c1_particles2SNR_staging/train/2um/HFocusing_5_10_2um2_0_934.npy,symlinked
2um,train,P0/C1_HF_5_10_2um_doublet2/HFocusing_5_10_2um2_0_935.npy,particles2SNR_pipeline/output/p0_c1_particles2SNR_staging/train/2um/HFocusing_5_10_2um2_0_935.npy,symlinked
2um,train,P0/C1_HF_5_10_2um_doublet2/HFocusing_5_10_2um2_0_938.npy,particles2SNR_pipeline/output/p0_c1_particles2SNR_staging/train/2um/HFocusing_5_10_2um2_0_938.npy,symlinked
2um,train,P0/C1_HF_5_10_2um_doublet2/HFocusing_5_10_2um2_0_94.npy,particles2SNR_pipeline/output/p0_c1_particles2SNR_staging/train/2um/HFocusing_5_10_2um2_0_94.npy,symlinked
2um,train,P0/C1_HF_5_10_2um_doublet2/HFocusing_5_10_2um2_0_941.npy,particles2SNR_pipeline/output/p0_c1_particles2SNR_staging/train/2um/HFocusing_5_10_2um2_0_941.npy,symlinked
2um,train,P0/C1_HF_5_10_2um_doublet2/HFocusing_5_10_2um2_0_945.npy,particles2SNR_pipeline/output/p0_c1_particles2SNR_staging/train/2um/HFocusing_5_10_2um2_0_945.npy,symlinked
2um,train,P0/C1_HF_5_10_2um_doublet2/HFocusing_5_10_2um2_0_948.npy,particles2SNR_pipeline/output/p0_c1_particles2SNR_staging/train/2um/HFocusing_5_10_2um2_0_948.npy,symlinked
2um,test,P0/C1_HF_5_10_2um_doublet2/HFocusing_5_10_2um2_0_949.npy,particles2SNR_pipeline/output/p0_c1_particles2SNR_staging/test/2um/HFocusing_5_10_2um2_0_949.npy,symlinked
2um,train,P0/C1_HF_5_10_2um_doublet2/HFocusing_5_10_2um2_0_95.npy,particles2SNR_pipeline/output/p0_c1_particles2SNR_staging/train/2um/HFocusing_5_10_2um2_0_95.npy,symlinked
2um,train,P0/C1_HF_5_10_2um_doublet2/HFocusing_5_10_2um2_0_952.npy,particles2SNR_pipeline/output/p0_c1_particles2SNR_staging/train/2um/HFocusing_5_10_2um2_0_952.npy,symlinked
2um,train,P0/C1_HF_5_10_2um_doublet2/HFocusing_5_10_2um2_0_953.npy,particles2SNR_pipeline/output/p0_c1_particles2SNR_staging/train/2um/HFocusing_5_10_2um2_0_953.npy,symlinked
2um,train,P0/C1_HF_5_10_2um_doublet2/HFocusing_5_10_2um2_0_956.npy,particles2SNR_pipeline/output/p0_c1_particles2SNR_staging/train/2um/HFocusing_5_10_2um2_0_956.npy,symlinked
2um,train,P0/C1_HF_5_10_2um_doublet2/HFocusing_5_10_2um2_0_959.npy,particles2SNR_pipeline/output/p0_c1_particles2SNR_staging/train/2um/HFocusing_5_10_2um2_0_959.npy,symlinked
2um,test,P0/C1_HF_5_10_2um_doublet2/HFocusing_5_10_2um2_0_960.npy,particles2SNR_pipeline/output/p0_c1_particles2SNR_staging/test/2um/HFocusing_5_10_2um2_0_960.npy,symlinked
2um,train,P0/C1_HF_5_10_2um_doublet2/HFocusing_5_10_2um2_0_963.npy,particles2SNR_pipeline/output/p0_c1_particles2SNR_staging/train/2um/HFocusing_5_10_2um2_0_963.npy,symlinked
2um,train,P0/C1_HF_5_10_2um_doublet2/HFocusing_5_10_2um2_0_964.npy,particles2SNR_pipeline/output/p0_c1_particles2SNR_staging/train/2um/HFocusing_5_10_2um2_0_964.npy,symlinked
2um,train,P0/C1_HF_5_10_2um_doublet2/HFocusing_5_10_2um2_0_967.npy,particles2SNR_pipeline/output/p0_c1_particles2SNR_staging/train/2um/HFocusing_5_10_2um2_0_967.npy,symlinked
2um,test,P0/C1_HF_5_10_2um_doublet2/HFocusing_5_10_2um2_0_968.npy,particles2SNR_pipeline/output/p0_c1_particles2SNR_staging/test/2um/HFocusing_5_10_2um2_0_968.npy,symlinked
2um,train,P0/C1_HF_5_10_2um_doublet2/HFocusing_5_10_2um2_0_971.npy,particles2SNR_pipeline/output/p0_c1_particles2SNR_staging/train/2um/HFocusing_5_10_2um2_0_971.npy,symlinked
2um,train,P0/C1_HF_5_10_2um_doublet2/HFocusing_5_10_2um2_0_974.npy,particles2SNR_pipeline/output/p0_c1_particles2SNR_staging/train/2um/HFocusing_5_10_2um2_0_974.npy,symlinked
2um,train,P0/C1_HF_5_10_2um_doublet2/HFocusing_5_10_2um2_0_977.npy,particles2SNR_pipeline/output/p0_c1_particles2SNR_staging/train/2um/HFocusing_5_10_2um2_0_977.npy,symlinked
2um,train,P0/C1_HF_5_10_2um_doublet2/HFocusing_5_10_2um2_0_980.npy,particles2SNR_pipeline/output/p0_c1_particles2SNR_staging/train/2um/HFocusing_5_10_2um2_0_980.npy,symlinked
2um,train,P0/C1_HF_5_10_2um_doublet2/HFocusing_5_10_2um2_0_983.npy,particles2SNR_pipeline/output/p0_c1_particles2SNR_staging/train/2um/HFocusing_5_10_2um2_0_983.npy,symlinked
2um,test,P0/C1_HF_5_10_2um_doublet2/HFocusing_5_10_2um2_0_986.npy,particles2SNR_pipeline/output/p0_c1_particles2SNR_staging/test/2um/HFocusing_5_10_2um2_0_986.npy,symlinked
2um,train,P0/C1_HF_5_10_2um_doublet2/HFocusing_5_10_2um2_0_987.npy,particles2SNR_pipeline/output/p0_c1_particles2SNR_staging/train/2um/HFocusing_5_10_2um2_0_987.npy,symlinked
2um,train,P0/C1_HF_5_10_2um_doublet2/HFocusing_5_10_2um2_0_990.npy,particles2SNR_pipeline/output/p0_c1_particles2SNR_staging/train/2um/HFocusing_5_10_2um2_0_990.npy,symlinked
2um,train,P0/C1_HF_5_10_2um_doublet2/HFocusing_5_10_2um2_0_991.npy,particles2SNR_pipeline/output/p0_c1_particles2SNR_staging/train/2um/HFocusing_5_10_2um2_0_991.npy,symlinked
2um,test,P0/C1_HF_5_10_2um_doublet2/HFocusing_5_10_2um2_0_994.npy,particles2SNR_pipeline/output/p0_c1_particles2SNR_staging/test/2um/HFocusing_5_10_2um2_0_994.npy,symlinked
2um,train,P0/C1_HF_5_10_2um_doublet2/HFocusing_5_10_2um2_0_997.npy,particles2SNR_pipeline/output/p0_c1_particles2SNR_staging/train/2um/HFocusing_5_10_2um2_0_997.npy,symlinked
4um,train,P0/C1_HF_5_10_4um_doublet/HFocusing_5_10_4um_0_1.npy,particles2SNR_pipeline/output/p0_c1_particles2SNR_staging/train/4um/HFocusing_5_10_4um_0_1.npy,symlinked
4um,test,P0/C1_HF_5_10_4um_doublet/HFocusing_5_10_4um_0_10.npy,particles2SNR_pipeline/output/p0_c1_particles2SNR_staging/test/4um/HFocusing_5_10_4um_0_10.npy,symlinked
4um,train,P0/C1_HF_5_10_4um_doublet/HFocusing_5_10_4um_0_100.npy,particles2SNR_pipeline/output/p0_c1_particles2SNR_staging/train/4um/HFocusing_5_10_4um_0_100.npy,symlinked
4um,train,P0/C1_HF_5_10_4um_doublet/HFocusing_5_10_4um_0_1000.npy,particles2SNR_pipeline/output/p0_c1_particles2SNR_staging/train/4um/HFocusing_5_10_4um_0_1000.npy,symlinked
4um,train,P0/C1_HF_5_10_4um_doublet/HFocusing_5_10_4um_0_1001.npy,particles2SNR_pipeline/output/p0_c1_particles2SNR_staging/train/4um/HFocusing_5_10_4um_0_1001.npy,symlinked
4um,test,P0/C1_HF_5_10_4um_doublet/HFocusing_5_10_4um_0_1004.npy,particles2SNR_pipeline/output/p0_c1_particles2SNR_staging/test/4um/HFocusing_5_10_4um_0_1004.npy,symlinked
4um,train,P0/C1_HF_5_10_4um_doublet/HFocusing_5_10_4um_0_1008.npy,particles2SNR_pipeline/output/p0_c1_particles2SNR_staging/train/4um/HFocusing_5_10_4um_0_1008.npy,symlinked
4um,train,P0/C1_HF_5_10_4um_doublet/HFocusing_5_10_4um_0_101.npy,particles2SNR_pipeline/output/p0_c1_particles2SNR_staging/train/4um/HFocusing_5_10_4um_0_101.npy,symlinked
4um,train,P0/C1_HF_5_10_4um_doublet/HFocusing_5_10_4um_0_1011.npy,particles2SNR_pipeline/output/p0_c1_particles2SNR_staging/train/4um/HFocusing_5_10_4um_0_1011.npy,symlinked
4um,train,P0/C1_HF_5_10_4um_doublet/HFocusing_5_10_4um_0_1014.npy,particles2SNR_pipeline/output/p0_c1_particles2SNR_staging/train/4um/HFocusing_5_10_4um_0_1014.npy,symlinked
4um,train,P0/C1_HF_5_10_4um_doublet/HFocusing_5_10_4um_0_1016.npy,particles2SNR_pipeline/output/p0_c1_particles2SNR_staging/train/4um/HFocusing_5_10_4um_0_1016.npy,symlinked
4um,train,P0/C1_HF_5_10_4um_doublet/HFocusing_5_10_4um_0_1019.npy,particles2SNR_pipeline/output/p0_c1_particles2SNR_staging/train/4um/HFocusing_5_10_4um_0_1019.npy,symlinked
4um,train,P0/C1_HF_5_10_4um_doublet/HFocusing_5_10_4um_0_102.npy,particles2SNR_pipeline/output/p0_c1_particles2SNR_staging/train/4um/HFocusing_5_10_4um_0_102.npy,symlinked
4um,test,P0/C1_HF_5_10_4um_doublet/HFocusing_5_10_4um_0_1023.npy,particles2SNR_pipeline/output/p0_c1_particles2SNR_staging/test/4um/HFocusing_5_10_4um_0_1023.npy,symlinked
4um,train,P0/C1_HF_5_10_4um_doublet/HFocusing_5_10_4um_0_1026.npy,particles2SNR_pipeline/output/p0_c1_particles2SNR_staging/train/4um/HFocusing_5_10_4um_0_1026.npy,symlinked
4um,train,P0/C1_HF_5_10_4um_doublet/HFocusing_5_10_4um_0_1029.npy,particles2SNR_pipeline/output/p0_c1_particles2SNR_staging/train/4um/HFocusing_5_10_4um_0_1029.npy,symlinked
4um,test,P0/C1_HF_5_10_4um_doublet/HFocusing_5_10_4um_0_1032.npy,particles2SNR_pipeline/output/p0_c1_particles2SNR_staging/test/4um/HFocusing_5_10_4um_0_1032.npy,symlinked
4um,train,P0/C1_HF_5_10_4um_doublet/HFocusing_5_10_4um_0_1033.npy,particles2SNR_pipeline/output/p0_c1_particles2SNR_staging/train/4um/HFocusing_5_10_4um_0_1033.npy,symlinked
4um,test,P0/C1_HF_5_10_4um_doublet/HFocusing_5_10_4um_0_1036.npy,particles2SNR_pipeline/output/p0_c1_particles2SNR_staging/test/4um/HFocusing_5_10_4um_0_1036.npy,symlinked
4um,train,P0/C1_HF_5_10_4um_doublet/HFocusing_5_10_4um_0_1039.npy,particles2SNR_pipeline/output/p0_c1_particles2SNR_staging/train/4um/HFocusing_5_10_4um_0_1039.npy,symlinked
4um,train,P0/C1_HF_5_10_4um_doublet/HFocusing_5_10_4um_0_104.npy,particles2SNR_pipeline/output/p0_c1_particles2SNR_staging/train/4um/HFocusing_5_10_4um_0_104.npy,symlinked
4um,train,P0/C1_HF_5_10_4um_doublet/HFocusing_5_10_4um_0_1042.npy,particles2SNR_pipeline/output/p0_c1_particles2SNR_staging/train/4um/HFocusing_5_10_4um_0_1042.npy,symlinked
4um,train,P0/C1_HF_5_10_4um_doublet/HFocusing_5_10_4um_0_1046.npy,particles2SNR_pipeline/output/p0_c1_particles2SNR_staging/train/4um/HFocusing_5_10_4um_0_1046.npy,symlinked
4um,train,P0/C1_HF_5_10_4um_doublet/HFocusing_5_10_4um_0_1049.npy,particles2SNR_pipeline/output/p0_c1_particles2SNR_staging/train/4um/HFocusing_5_10_4um_0_1049.npy,symlinked
4um,train,P0/C1_HF_5_10_4um_doublet/HFocusing_5_10_4um_0_105.npy,particles2SNR_pipeline/output/p0_c1_particles2SNR_staging/train/4um/HFocusing_5_10_4um_0_105.npy,symlinked
4um,train,P0/C1_HF_5_10_4um_doublet/HFocusing_5_10_4um_0_1052.npy,particles2SNR_pipeline/output/p0_c1_particles2SNR_staging/train/4um/HFocusing_5_10_4um_0_1052.npy,symlinked
4um,train,P0/C1_HF_5_10_4um_doublet/HFocusing_5_10_4um_0_1055.npy,particles2SNR_pipeline/output/p0_c1_particles2SNR_staging/train/4um/HFocusing_5_10_4um_0_1055.npy,symlinked
4um,train,P0/C1_HF_5_10_4um_doublet/HFocusing_5_10_4um_0_1058.npy,particles2SNR_pipeline/output/p0_c1_particles2SNR_staging/train/4um/HFocusing_5_10_4um_0_1058.npy,symlinked
4um,test,P0/C1_HF_5_10_4um_doublet/HFocusing_5_10_4um_0_1061.npy,particles2SNR_pipeline/output/p0_c1_particles2SNR_staging/test/4um/HFocusing_5_10_4um_0_1061.npy,symlinked
4um,test,P0/C1_HF_5_10_4um_doublet/HFocusing_5_10_4um_0_1064.npy,particles2SNR_pipeline/output/p0_c1_particles2SNR_staging/test/4um/HFocusing_5_10_4um_0_1064.npy,symlinked
4um,train,P0/C1_HF_5_10_4um_doublet/HFocusing_5_10_4um_0_1066.npy,particles2SNR_pipeline/output/p0_c1_particles2SNR_staging/train/4um/HFocusing_5_10_4um_0_1066.npy,symlinked
4um,train,P0/C1_HF_5_10_4um_doublet/HFocusing_5_10_4um_0_1069.npy,particles2SNR_pipeline/output/p0_c1_particles2SNR_staging/train/4um/HFocusing_5_10_4um_0_1069.npy,symlinked
4um,train,P0/C1_HF_5_10_4um_doublet/HFocusing_5_10_4um_0_1072.npy,particles2SNR_pipeline/output/p0_c1_particles2SNR_staging/train/4um/HFocusing_5_10_4um_0_1072.npy,symlinked
4um,train,P0/C1_HF_5_10_4um_doublet/HFocusing_5_10_4um_0_1075.npy,particles2SNR_pipeline/output/p0_c1_particles2SNR_staging/train/4um/HFocusing_5_10_4um_0_1075.npy,symlinked
4um,test,P0/C1_HF_5_10_4um_doublet/HFocusing_5_10_4um_0_1078.npy,particles2SNR_pipeline/output/p0_c1_particles2SNR_staging/test/4um/HFocusing_5_10_4um_0_1078.npy,symlinked
4um,test,P0/C1_HF_5_10_4um_doublet/HFocusing_5_10_4um_0_108.npy,particles2SNR_pipeline/output/p0_c1_particles2SNR_staging/test/4um/HFocusing_5_10_4um_0_108.npy,symlinked
4um,train,P0/C1_HF_5_10_4um_doublet/HFocusing_5_10_4um_0_1081.npy,particles2SNR_pipeline/output/p0_c1_particles2SNR_staging/train/4um/HFocusing_5_10_4um_0_1081.npy,symlinked
4um,train,P0/C1_HF_5_10_4um_doublet/HFocusing_5_10_4um_0_1084.npy,particles2SNR_pipeline/output/p0_c1_particles2SNR_staging/train/4um/HFocusing_5_10_4um_0_1084.npy,symlinked
4um,test,P0/C1_HF_5_10_4um_doublet/HFocusing_5_10_4um_0_1087.npy,particles2SNR_pipeline/output/p0_c1_particles2SNR_staging/test/4um/HFocusing_5_10_4um_0_1087.npy,symlinked
4um,train,P0/C1_HF_5_10_4um_doublet/HFocusing_5_10_4um_0_109.npy,particles2SNR_pipeline/output/p0_c1_particles2SNR_staging/train/4um/HFocusing_5_10_4um_0_109.npy,symlinked
4um,train,P0/C1_HF_5_10_4um_doublet/HFocusing_5_10_4um_0_1090.npy,particles2SNR_pipeline/output/p0_c1_particles2SNR_staging/train/4um/HFocusing_5_10_4um_0_1090.npy,symlinked
4um,train,P0/C1_HF_5_10_4um_doublet/HFocusing_5_10_4um_0_1093.npy,particles2SNR_pipeline/output/p0_c1_particles2SNR_staging/train/4um/HFocusing_5_10_4um_0_1093.npy,symlinked
4um,train,P0/C1_HF_5_10_4um_doublet/HFocusing_5_10_4um_0_1096.npy,particles2SNR_pipeline/output/p0_c1_particles2SNR_staging/train/4um/HFocusing_5_10_4um_0_1096.npy,symlinked
4um,train,P0/C1_HF_5_10_4um_doublet/HFocusing_5_10_4um_0_1099.npy,particles2SNR_pipeline/output/p0_c1_particles2SNR_staging/train/4um/HFocusing_5_10_4um_0_1099.npy,symlinked
4um,train,P0/C1_HF_5_10_4um_doublet/HFocusing_5_10_4um_0_1102.npy,particles2SNR_pipeline/output/p0_c1_particles2SNR_staging/train/4um/HFocusing_5_10_4um_0_1102.npy,symlinked
4um,train,P0/C1_HF_5_10_4um_doublet/HFocusing_5_10_4um_0_1105.npy,particles2SNR_pipeline/output/p0_c1_particles2SNR_staging/train/4um/HFocusing_5_10_4um_0_1105.npy,symlinked
4um,test,P0/C1_HF_5_10_4um_doublet/HFocusing_5_10_4um_0_1108.npy,particles2SNR_pipeline/output/p0_c1_particles2SNR_staging/test/4um/HFocusing_5_10_4um_0_1108.npy,symlinked
4um,test,P0/C1_HF_5_10_4um_doublet/HFocusing_5_10_4um_0_111.npy,particles2SNR_pipeline/output/p0_c1_particles2SNR_staging/test/4um/HFocusing_5_10_4um_0_111.npy,symlinked
4um,test,P0/C1_HF_5_10_4um_doublet/HFocusing_5_10_4um_0_1111.npy,particles2SNR_pipeline/output/p0_c1_particles2SNR_staging/test/4um/HFocusing_5_10_4um_0_1111.npy,symlinked
4um,train,P0/C1_HF_5_10_4um_doublet/HFocusing_5_10_4um_0_1112.npy,particles2SNR_pipeline/output/p0_c1_particles2SNR_staging/train/4um/HFocusing_5_10_4um_0_1112.npy,symlinked
4um,train,P0/C1_HF_5_10_4um_doublet/HFocusing_5_10_4um_0_1115.npy,particles2SNR_pipeline/output/p0_c1_particles2SNR_staging/train/4um/HFocusing_5_10_4um_0_1115.npy,symlinked
4um,train,P0/C1_HF_5_10_4um_doublet/HFocusing_5_10_4um_0_1118.npy,particles2SNR_pipeline/output/p0_c1_particles2SNR_staging/train/4um/HFocusing_5_10_4um_0_1118.npy,symlinked
4um,train,P0/C1_HF_5_10_4um_doublet/HFocusing_5_10_4um_0_112.npy,particles2SNR_pipeline/output/p0_c1_particles2SNR_staging/train/4um/HFocusing_5_10_4um_0_112.npy,symlinked
4um,train,P0/C1_HF_5_10_4um_doublet/HFocusing_5_10_4um_0_1121.npy,particles2SNR_pipeline/output/p0_c1_particles2SNR_staging/train/4um/HFocusing_5_10_4um_0_1121.npy,symlinked
4um,train,P0/C1_HF_5_10_4um_doublet/HFocusing_5_10_4um_0_1124.npy,particles2SNR_pipeline/output/p0_c1_particles2SNR_staging/train/4um/HFocusing_5_10_4um_0_1124.npy,symlinked
4um,train,P0/C1_HF_5_10_4um_doublet/HFocusing_5_10_4um_0_1127.npy,particles2SNR_pipeline/output/p0_c1_particles2SNR_staging/train/4um/HFocusing_5_10_4um_0_1127.npy,symlinked
4um,train,P0/C1_HF_5_10_4um_doublet/HFocusing_5_10_4um_0_1130.npy,particles2SNR_pipeline/output/p0_c1_particles2SNR_staging/train/4um/HFocusing_5_10_4um_0_1130.npy,symlinked
4um,train,P0/C1_HF_5_10_4um_doublet/HFocusing_5_10_4um_0_1133.npy,particles2SNR_pipeline/output/p0_c1_particles2SNR_staging/train/4um/HFocusing_5_10_4um_0_1133.npy,symlinked
4um,test,P0/C1_HF_5_10_4um_doublet/HFocusing_5_10_4um_0_1136.npy,particles2SNR_pipeline/output/p0_c1_particles2SNR_staging/test/4um/HFocusing_5_10_4um_0_1136.npy,symlinked
4um,train,P0/C1_HF_5_10_4um_doublet/HFocusing_5_10_4um_0_1139.npy,particles2SNR_pipeline/output/p0_c1_particles2SNR_staging/train/4um/HFocusing_5_10_4um_0_1139.npy,symlinked
4um,train,P0/C1_HF_5_10_4um_doublet/HFocusing_5_10_4um_0_1142.npy,particles2SNR_pipeline/output/p0_c1_particles2SNR_staging/train/4um/HFocusing_5_10_4um_0_1142.npy,symlinked
4um,train,P0/C1_HF_5_10_4um_doublet/HFocusing_5_10_4um_0_1145.npy,particles2SNR_pipeline/output/p0_c1_particles2SNR_staging/train/4um/HFocusing_5_10_4um_0_1145.npy,symlinked
4um,train,P0/C1_HF_5_10_4um_doublet/HFocusing_5_10_4um_0_1146.npy,particles2SNR_pipeline/output/p0_c1_particles2SNR_staging/train/4um/HFocusing_5_10_4um_0_1146.npy,symlinked
4um,train,P0/C1_HF_5_10_4um_doublet/HFocusing_5_10_4um_0_1149.npy,particles2SNR_pipeline/output/p0_c1_particles2SNR_staging/train/4um/HFocusing_5_10_4um_0_1149.npy,symlinked
4um,test,P0/C1_HF_5_10_4um_doublet/HFocusing_5_10_4um_0_115.npy,particles2SNR_pipeline/output/p0_c1_particles2SNR_staging/test/4um/HFocusing_5_10_4um_0_115.npy,symlinked
4um,train,P0/C1_HF_5_10_4um_doublet/HFocusing_5_10_4um_0_1152.npy,particles2SNR_pipeline/output/p0_c1_particles2SNR_staging/train/4um/HFocusing_5_10_4um_0_1152.npy,symlinked
4um,train,P0/C1_HF_5_10_4um_doublet/HFocusing_5_10_4um_0_1155.npy,particles2SNR_pipeline/output/p0_c1_particles2SNR_staging/train/4um/HFocusing_5_10_4um_0_1155.npy,symlinked
4um,train,P0/C1_HF_5_10_4um_doublet/HFocusing_5_10_4um_0_1158.npy,particles2SNR_pipeline/output/p0_c1_particles2SNR_staging/train/4um/HFocusing_5_10_4um_0_1158.npy,symlinked
4um,test,P0/C1_HF_5_10_4um_doublet/HFocusing_5_10_4um_0_116.npy,particles2SNR_pipeline/output/p0_c1_particles2SNR_staging/test/4um/HFocusing_5_10_4um_0_116.npy,symlinked
4um,train,P0/C1_HF_5_10_4um_doublet/HFocusing_5_10_4um_0_1162.npy,particles2SNR_pipeline/output/p0_c1_particles2SNR_staging/train/4um/HFocusing_5_10_4um_0_1162.npy,symlinked
4um,test,P0/C1_HF_5_10_4um_doublet/HFocusing_5_10_4um_0_1164.npy,particles2SNR_pipeline/output/p0_c1_particles2SNR_staging/test/4um/HFocusing_5_10_4um_0_1164.npy,symlinked
4um,train,P0/C1_HF_5_10_4um_doublet/HFocusing_5_10_4um_0_1167.npy,particles2SNR_pipeline/output/p0_c1_particles2SNR_staging/train/4um/HFocusing_5_10_4um_0_1167.npy,symlinked
4um,test,P0/C1_HF_5_10_4um_doublet/HFocusing_5_10_4um_0_1171.npy,particles2SNR_pipeline/output/p0_c1_particles2SNR_staging/test/4um/HFocusing_5_10_4um_0_1171.npy,symlinked
4um,test,P0/C1_HF_5_10_4um_doublet/HFocusing_5_10_4um_0_1174.npy,particles2SNR_pipeline/output/p0_c1_particles2SNR_staging/test/4um/HFocusing_5_10_4um_0_1174.npy,symlinked
4um,train,P0/C1_HF_5_10_4um_doublet/HFocusing_5_10_4um_0_1177.npy,particles2SNR_pipeline/output/p0_c1_particles2SNR_staging/train/4um/HFocusing_5_10_4um_0_1177.npy,symlinked
4um,train,P0/C1_HF_5_10_4um_doublet/HFocusing_5_10_4um_0_1180.npy,particles2SNR_pipeline/output/p0_c1_particles2SNR_staging/train/4um/HFocusing_5_10_4um_0_1180.npy,symlinked
4um,train,P0/C1_HF_5_10_4um_doublet/HFocusing_5_10_4um_0_1183.npy,particles2SNR_pipeline/output/p0_c1_particles2SNR_staging/train/4um/HFocusing_5_10_4um_0_1183.npy,symlinked
4um,train,P0/C1_HF_5_10_4um_doublet/HFocusing_5_10_4um_0_1186.npy,particles2SNR_pipeline/output/p0_c1_particles2SNR_staging/train/4um/HFocusing_5_10_4um_0_1186.npy,symlinked
4um,train,P0/C1_HF_5_10_4um_doublet/HFocusing_5_10_4um_0_1189.npy,particles2SNR_pipeline/output/p0_c1_particles2SNR_staging/train/4um/HFocusing_5_10_4um_0_1189.npy,symlinked
4um,train,P0/C1_HF_5_10_4um_doublet/HFocusing_5_10_4um_0_1192.npy,particles2SNR_pipeline/output/p0_c1_particles2SNR_staging/train/4um/HFocusing_5_10_4um_0_1192.npy,symlinked
4um,test,P0/C1_HF_5_10_4um_doublet/HFocusing_5_10_4um_0_1195.npy,particles2SNR_pipeline/output/p0_c1_particles2SNR_staging/test/4um/HFocusing_5_10_4um_0_1195.npy,symlinked
4um,train,P0/C1_HF_5_10_4um_doublet/HFocusing_5_10_4um_0_1197.npy,particles2SNR_pipeline/output/p0_c1_particles2SNR_staging/train/4um/HFocusing_5_10_4um_0_1197.npy,symlinked
4um,train,P0/C1_HF_5_10_4um_doublet/HFocusing_5_10_4um_0_12.npy,particles2SNR_pipeline/output/p0_c1_particles2SNR_staging/train/4um/HFocusing_5_10_4um_0_12.npy,symlinked
4um,train,P0/C1_HF_5_10_4um_doublet/HFocusing_5_10_4um_0_120.npy,particles2SNR_pipeline/output/p0_c1_particles2SNR_staging/train/4um/HFocusing_5_10_4um_0_120.npy,symlinked
4um,train,P0/C1_HF_5_10_4um_doublet/HFocusing_5_10_4um_0_1200.npy,particles2SNR_pipeline/output/p0_c1_particles2SNR_staging/train/4um/HFocusing_5_10_4um_0_1200.npy,symlinked
4um,train,P0/C1_HF_5_10_4um_doublet/HFocusing_5_10_4um_0_1203.npy,particles2SNR_pipeline/output/p0_c1_particles2SNR_staging/train/4um/HFocusing_5_10_4um_0_1203.npy,symlinked
4um,train,P0/C1_HF_5_10_4um_doublet/HFocusing_5_10_4um_0_1207.npy,particles2SNR_pipeline/output/p0_c1_particles2SNR_staging/train/4um/HFocusing_5_10_4um_0_1207.npy,symlinked
4um,train,P0/C1_HF_5_10_4um_doublet/HFocusing_5_10_4um_0_1209.npy,particles2SNR_pipeline/output/p0_c1_particles2SNR_staging/train/4um/HFocusing_5_10_4um_0_1209.npy,symlinked
4um,test,P0/C1_HF_5_10_4um_doublet/HFocusing_5_10_4um_0_1212.npy,particles2SNR_pipeline/output/p0_c1_particles2SNR_staging/test/4um/HFocusing_5_10_4um_0_1212.npy,symlinked
4um,train,P0/C1_HF_5_10_4um_doublet/HFocusing_5_10_4um_0_1215.npy,particles2SNR_pipeline/output/p0_c1_particles2SNR_staging/train/4um/HFocusing_5_10_4um_0_1215.npy,symlinked
4um,train,P0/C1_HF_5_10_4um_doublet/HFocusing_5_10_4um_0_1218.npy,particles2SNR_pipeline/output/p0_c1_particles2SNR_staging/train/4um/HFocusing_5_10_4um_0_1218.npy,symlinked
4um,train,P0/C1_HF_5_10_4um_doublet/HFocusing_5_10_4um_0_1221.npy,particles2SNR_pipeline/output/p0_c1_particles2SNR_staging/train/4um/HFocusing_5_10_4um_0_1221.npy,symlinked
4um,test,P0/C1_HF_5_10_4um_doublet/HFocusing_5_10_4um_0_1224.npy,particles2SNR_pipeline/output/p0_c1_particles2SNR_staging/test/4um/HFocusing_5_10_4um_0_1224.npy,symlinked
4um,train,P0/C1_HF_5_10_4um_doublet/HFocusing_5_10_4um_0_1227.npy,particles2SNR_pipeline/output/p0_c1_particles2SNR_staging/train/4um/HFocusing_5_10_4um_0_1227.npy,symlinked
4um,train,P0/C1_HF_5_10_4um_doublet/HFocusing_5_10_4um_0_123.npy,particles2SNR_pipeline/output/p0_c1_particles2SNR_staging/train/4um/HFocusing_5_10_4um_0_123.npy,symlinked
4um,test,P0/C1_HF_5_10_4um_doublet/HFocusing_5_10_4um_0_1230.npy,particles2SNR_pipeline/output/p0_c1_particles2SNR_staging/test/4um/HFocusing_5_10_4um_0_1230.npy,symlinked
4um,train,P0/C1_HF_5_10_4um_doublet/HFocusing_5_10_4um_0_1231.npy,particles2SNR_pipeline/output/p0_c1_particles2SNR_staging/train/4um/HFocusing_5_10_4um_0_1231.npy,symlinked
4um,train,P0/C1_HF_5_10_4um_doublet/HFocusing_5_10_4um_0_1233.npy,particles2SNR_pipeline/output/p0_c1_particles2SNR_staging/train/4um/HFocusing_5_10_4um_0_1233.npy,symlinked
4um,train,P0/C1_HF_5_10_4um_doublet/HFocusing_5_10_4um_0_1236.npy,particles2SNR_pipeline/output/p0_c1_particles2SNR_staging/train/4um/HFocusing_5_10_4um_0_1236.npy,symlinked
4um,train,P0/C1_HF_5_10_4um_doublet/HFocusing_5_10_4um_0_1239.npy,particles2SNR_pipeline/output/p0_c1_particles2SNR_staging/train/4um/HFocusing_5_10_4um_0_1239.npy,symlinked
4um,train,P0/C1_HF_5_10_4um_doublet/HFocusing_5_10_4um_0_1243.npy,particles2SNR_pipeline/output/p0_c1_particles2SNR_staging/train/4um/HFocusing_5_10_4um_0_1243.npy,symlinked
4um,train,P0/C1_HF_5_10_4um_doublet/HFocusing_5_10_4um_0_1246.npy,particles2SNR_pipeline/output/p0_c1_particles2SNR_staging/train/4um/HFocusing_5_10_4um_0_1246.npy,symlinked
4um,train,P0/C1_HF_5_10_4um_doublet/HFocusing_5_10_4um_0_1249.npy,particles2SNR_pipeline/output/p0_c1_particles2SNR_staging/train/4um/HFocusing_5_10_4um_0_1249.npy,symlinked
4um,train,P0/C1_HF_5_10_4um_doublet/HFocusing_5_10_4um_0_1252.npy,particles2SNR_pipeline/output/p0_c1_particles2SNR_staging/train/4um/HFocusing_5_10_4um_0_1252.npy,symlinked
4um,train,P0/C1_HF_5_10_4um_doublet/HFocusing_5_10_4um_0_1255.npy,particles2SNR_pipeline/output/p0_c1_particles2SNR_staging/train/4um/HFocusing_5_10_4um_0_1255.npy,symlinked
4um,test,P0/C1_HF_5_10_4um_doublet/HFocusing_5_10_4um_0_1258.npy,particles2SNR_pipeline/output/p0_c1_particles2SNR_staging/test/4um/HFocusing_5_10_4um_0_1258.npy,symlinked
4um,train,P0/C1_HF_5_10_4um_doublet/HFocusing_5_10_4um_0_126.npy,particles2SNR_pipeline/output/p0_c1_particles2SNR_staging/train/4um/HFocusing_5_10_4um_0_126.npy,symlinked
4um,test,P0/C1_HF_5_10_4um_doublet/HFocusing_5_10_4um_0_1261.npy,particles2SNR_pipeline/output/p0_c1_particles2SNR_staging/test/4um/HFocusing_5_10_4um_0_1261.npy,symlinked
4um,train,P0/C1_HF_5_10_4um_doublet/HFocusing_5_10_4um_0_1264.npy,particles2SNR_pipeline/output/p0_c1_particles2SNR_staging/train/4um/HFocusing_5_10_4um_0_1264.npy,symlinked
4um,test,P0/C1_HF_5_10_4um_doublet/HFocusing_5_10_4um_0_1267.npy,particles2SNR_pipeline/output/p0_c1_particles2SNR_staging/test/4um/HFocusing_5_10_4um_0_1267.npy,symlinked
4um,train,P0/C1_HF_5_10_4um_doublet/HFocusing_5_10_4um_0_127.npy,particles2SNR_pipeline/output/p0_c1_particles2SNR_staging/train/4um/HFocusing_5_10_4um_0_127.npy,symlinked
4um,test,P0/C1_HF_5_10_4um_doublet/HFocusing_5_10_4um_0_1270.npy,particles2SNR_pipeline/output/p0_c1_particles2SNR_staging/test/4um/HFocusing_5_10_4um_0_1270.npy,symlinked
4um,train,P0/C1_HF_5_10_4um_doublet/HFocusing_5_10_4um_0_1273.npy,particles2SNR_pipeline/output/p0_c1_particles2SNR_staging/train/4um/HFocusing_5_10_4um_0_1273.npy,symlinked
4um,train,P0/C1_HF_5_10_4um_doublet/HFocusing_5_10_4um_0_1276.npy,particles2SNR_pipeline/output/p0_c1_particles2SNR_staging/train/4um/HFocusing_5_10_4um_0_1276.npy,symlinked
4um,test,P0/C1_HF_5_10_4um_doublet/HFocusing_5_10_4um_0_1279.npy,particles2SNR_pipeline/output/p0_c1_particles2SNR_staging/test/4um/HFocusing_5_10_4um_0_1279.npy,symlinked
4um,train,P0/C1_HF_5_10_4um_doublet/HFocusing_5_10_4um_0_1282.npy,particles2SNR_pipeline/output/p0_c1_particles2SNR_staging/train/4um/HFocusing_5_10_4um_0_1282.npy,symlinked
4um,train,P0/C1_HF_5_10_4um_doublet/HFocusing_5_10_4um_0_1285.npy,particles2SNR_pipeline/output/p0_c1_particles2SNR_staging/train/4um/HFocusing_5_10_4um_0_1285.npy,symlinked
4um,train,P0/C1_HF_5_10_4um_doublet/HFocusing_5_10_4um_0_1288.npy,particles2SNR_pipeline/output/p0_c1_particles2SNR_staging/train/4um/HFocusing_5_10_4um_0_1288.npy,symlinked
4um,train,P0/C1_HF_5_10_4um_doublet/HFocusing_5_10_4um_0_1291.npy,particles2SNR_pipeline/output/p0_c1_particles2SNR_staging/train/4um/HFocusing_5_10_4um_0_1291.npy,symlinked
4um,train,P0/C1_HF_5_10_4um_doublet/HFocusing_5_10_4um_0_1294.npy,particles2SNR_pipeline/output/p0_c1_particles2SNR_staging/train/4um/HFocusing_5_10_4um_0_1294.npy,symlinked
4um,test,P0/C1_HF_5_10_4um_doublet/HFocusing_5_10_4um_0_1297.npy,particles2SNR_pipeline/output/p0_c1_particles2SNR_staging/test/4um/HFocusing_5_10_4um_0_1297.npy,symlinked
4um,test,P0/C1_HF_5_10_4um_doublet/HFocusing_5_10_4um_0_130.npy,particles2SNR_pipeline/output/p0_c1_particles2SNR_staging/test/4um/HFocusing_5_10_4um_0_130.npy,symlinked
4um,train,P0/C1_HF_5_10_4um_doublet/HFocusing_5_10_4um_0_1300.npy,particles2SNR_pipeline/output/p0_c1_particles2SNR_staging/train/4um/HFocusing_5_10_4um_0_1300.npy,symlinked
4um,train,P0/C1_HF_5_10_4um_doublet/HFocusing_5_10_4um_0_1303.npy,particles2SNR_pipeline/output/p0_c1_particles2SNR_staging/train/4um/HFocusing_5_10_4um_0_1303.npy,symlinked
4um,test,P0/C1_HF_5_10_4um_doublet/HFocusing_5_10_4um_0_1306.npy,particles2SNR_pipeline/output/p0_c1_particles2SNR_staging/test/4um/HFocusing_5_10_4um_0_1306.npy,symlinked
4um,train,P0/C1_HF_5_10_4um_doublet/HFocusing_5_10_4um_0_1309.npy,particles2SNR_pipeline/output/p0_c1_particles2SNR_staging/train/4um/HFocusing_5_10_4um_0_1309.npy,symlinked
4um,train,P0/C1_HF_5_10_4um_doublet/HFocusing_5_10_4um_0_131.npy,particles2SNR_pipeline/output/p0_c1_particles2SNR_staging/train/4um/HFocusing_5_10_4um_0_131.npy,symlinked
4um,train,P0/C1_HF_5_10_4um_doublet/HFocusing_5_10_4um_0_1312.npy,particles2SNR_pipeline/output/p0_c1_particles2SNR_staging/train/4um/HFocusing_5_10_4um_0_1312.npy,symlinked
4um,train,P0/C1_HF_5_10_4um_doublet/HFocusing_5_10_4um_0_1315.npy,particles2SNR_pipeline/output/p0_c1_particles2SNR_staging/train/4um/HFocusing_5_10_4um_0_1315.npy,symlinked
4um,train,P0/C1_HF_5_10_4um_doublet/HFocusing_5_10_4um_0_1318.npy,particles2SNR_pipeline/output/p0_c1_particles2SNR_staging/train/4um/HFocusing_5_10_4um_0_1318.npy,symlinked
4um,train,P0/C1_HF_5_10_4um_doublet/HFocusing_5_10_4um_0_1320.npy,particles2SNR_pipeline/output/p0_c1_particles2SNR_staging/train/4um/HFocusing_5_10_4um_0_1320.npy,symlinked
4um,test,P0/C1_HF_5_10_4um_doublet/HFocusing_5_10_4um_0_1324.npy,particles2SNR_pipeline/output/p0_c1_particles2SNR_staging/test/4um/HFocusing_5_10_4um_0_1324.npy,symlinked
4um,train,P0/C1_HF_5_10_4um_doublet/HFocusing_5_10_4um_0_1326.npy,particles2SNR_pipeline/output/p0_c1_particles2SNR_staging/train/4um/HFocusing_5_10_4um_0_1326.npy,symlinked
4um,test,P0/C1_HF_5_10_4um_doublet/HFocusing_5_10_4um_0_1329.npy,particles2SNR_pipeline/output/p0_c1_particles2SNR_staging/test/4um/HFocusing_5_10_4um_0_1329.npy,symlinked
4um,train,P0/C1_HF_5_10_4um_doublet/HFocusing_5_10_4um_0_133.npy,particles2SNR_pipeline/output/p0_c1_particles2SNR_staging/train/4um/HFocusing_5_10_4um_0_133.npy,symlinked
4um,train,P0/C1_HF_5_10_4um_doublet/HFocusing_5_10_4um_0_1330.npy,particles2SNR_pipeline/output/p0_c1_particles2SNR_staging/train/4um/HFocusing_5_10_4um_0_1330.npy,symlinked
4um,train,P0/C1_HF_5_10_4um_doublet/HFocusing_5_10_4um_0_1333.npy,particles2SNR_pipeline/output/p0_c1_particles2SNR_staging/train/4um/HFocusing_5_10_4um_0_1333.npy,symlinked
4um,train,P0/C1_HF_5_10_4um_doublet/HFocusing_5_10_4um_0_1336.npy,particles2SNR_pipeline/output/p0_c1_particles2SNR_staging/train/4um/HFocusing_5_10_4um_0_1336.npy,symlinked
4um,train,P0/C1_HF_5_10_4um_doublet/HFocusing_5_10_4um_0_1339.npy,particles2SNR_pipeline/output/p0_c1_particles2SNR_staging/train/4um/HFocusing_5_10_4um_0_1339.npy,symlinked
4um,test,P0/C1_HF_5_10_4um_doublet/HFocusing_5_10_4um_0_134.npy,particles2SNR_pipeline/output/p0_c1_particles2SNR_staging/test/4um/HFocusing_5_10_4um_0_134.npy,symlinked
4um,train,P0/C1_HF_5_10_4um_doublet/HFocusing_5_10_4um_0_1342.npy,particles2SNR_pipeline/output/p0_c1_particles2SNR_staging/train/4um/HFocusing_5_10_4um_0_1342.npy,symlinked
4um,train,P0/C1_HF_5_10_4um_doublet/HFocusing_5_10_4um_0_1345.npy,particles2SNR_pipeline/output/p0_c1_particles2SNR_staging/train/4um/HFocusing_5_10_4um_0_1345.npy,symlinked
4um,train,P0/C1_HF_5_10_4um_doublet/HFocusing_5_10_4um_0_1348.npy,particles2SNR_pipeline/output/p0_c1_particles2SNR_staging/train/4um/HFocusing_5_10_4um_0_1348.npy,symlinked
4um,train,P0/C1_HF_5_10_4um_doublet/HFocusing_5_10_4um_0_1351.npy,particles2SNR_pipeline/output/p0_c1_particles2SNR_staging/train/4um/HFocusing_5_10_4um_0_1351.npy,symlinked
4um,train,P0/C1_HF_5_10_4um_doublet/HFocusing_5_10_4um_0_1354.npy,particles2SNR_pipeline/output/p0_c1_particles2SNR_staging/train/4um/HFocusing_5_10_4um_0_1354.npy,symlinked
4um,train,P0/C1_HF_5_10_4um_doublet/HFocusing_5_10_4um_0_1357.npy,particles2SNR_pipeline/output/p0_c1_particles2SNR_staging/train/4um/HFocusing_5_10_4um_0_1357.npy,symlinked
4um,train,P0/C1_HF_5_10_4um_doublet/HFocusing_5_10_4um_0_1360.npy,particles2SNR_pipeline/output/p0_c1_particles2SNR_staging/train/4um/HFocusing_5_10_4um_0_1360.npy,symlinked
4um,train,P0/C1_HF_5_10_4um_doublet/HFocusing_5_10_4um_0_1363.npy,particles2SNR_pipeline/output/p0_c1_particles2SNR_staging/train/4um/HFocusing_5_10_4um_0_1363.npy,symlinked
4um,train,P0/C1_HF_5_10_4um_doublet/HFocusing_5_10_4um_0_1366.npy,particles2SNR_pipeline/output/p0_c1_particles2SNR_staging/train/4um/HFocusing_5_10_4um_0_1366.npy,symlinked
4um,train,P0/C1_HF_5_10_4um_doublet/HFocusing_5_10_4um_0_1369.npy,particles2SNR_pipeline/output/p0_c1_particles2SNR_staging/train/4um/HFocusing_5_10_4um_0_1369.npy,symlinked
4um,train,P0/C1_HF_5_10_4um_doublet/HFocusing_5_10_4um_0_137.npy,particles2SNR_pipeline/output/p0_c1_particles2SNR_staging/train/4um/HFocusing_5_10_4um_0_137.npy,symlinked
4um,train,P0/C1_HF_5_10_4um_doublet/HFocusing_5_10_4um_0_1372.npy,particles2SNR_pipeline/output/p0_c1_particles2SNR_staging/train/4um/HFocusing_5_10_4um_0_1372.npy,symlinked
4um,train,P0/C1_HF_5_10_4um_doublet/HFocusing_5_10_4um_0_1375.npy,particles2SNR_pipeline/output/p0_c1_particles2SNR_staging/train/4um/HFocusing_5_10_4um_0_1375.npy,symlinked
4um,train,P0/C1_HF_5_10_4um_doublet/HFocusing_5_10_4um_0_1378.npy,particles2SNR_pipeline/output/p0_c1_particles2SNR_staging/train/4um/HFocusing_5_10_4um_0_1378.npy,symlinked
4um,train,P0/C1_HF_5_10_4um_doublet/HFocusing_5_10_4um_0_138.npy,particles2SNR_pipeline/output/p0_c1_particles2SNR_staging/train/4um/HFocusing_5_10_4um_0_138.npy,symlinked
4um,test,P0/C1_HF_5_10_4um_doublet/HFocusing_5_10_4um_0_1381.npy,particles2SNR_pipeline/output/p0_c1_particles2SNR_staging/test/4um/HFocusing_5_10_4um_0_1381.npy,symlinked
4um,train,P0/C1_HF_5_10_4um_doublet/HFocusing_5_10_4um_0_1384.npy,particles2SNR_pipeline/output/p0_c1_particles2SNR_staging/train/4um/HFocusing_5_10_4um_0_1384.npy,symlinked
4um,train,P0/C1_HF_5_10_4um_doublet/HFocusing_5_10_4um_0_1385.npy,particles2SNR_pipeline/output/p0_c1_particles2SNR_staging/train/4um/HFocusing_5_10_4um_0_1385.npy,symlinked
4um,test,P0/C1_HF_5_10_4um_doublet/HFocusing_5_10_4um_0_1388.npy,particles2SNR_pipeline/output/p0_c1_particles2SNR_staging/test/4um/HFocusing_5_10_4um_0_1388.npy,symlinked
4um,test,P0/C1_HF_5_10_4um_doublet/HFocusing_5_10_4um_0_1391.npy,particles2SNR_pipeline/output/p0_c1_particles2SNR_staging/test/4um/HFocusing_5_10_4um_0_1391.npy,symlinked
4um,train,P0/C1_HF_5_10_4um_doublet/HFocusing_5_10_4um_0_1394.npy,particles2SNR_pipeline/output/p0_c1_particles2SNR_staging/train/4um/HFocusing_5_10_4um_0_1394.npy,symlinked
4um,train,P0/C1_HF_5_10_4um_doublet/HFocusing_5_10_4um_0_1397.npy,particles2SNR_pipeline/output/p0_c1_particles2SNR_staging/train/4um/HFocusing_5_10_4um_0_1397.npy,symlinked
4um,train,P0/C1_HF_5_10_4um_doublet/HFocusing_5_10_4um_0_140.npy,particles2SNR_pipeline/output/p0_c1_particles2SNR_staging/train/4um/HFocusing_5_10_4um_0_140.npy,symlinked
4um,train,P0/C1_HF_5_10_4um_doublet/HFocusing_5_10_4um_0_1400.npy,particles2SNR_pipeline/output/p0_c1_particles2SNR_staging/train/4um/HFocusing_5_10_4um_0_1400.npy,symlinked
4um,train,P0/C1_HF_5_10_4um_doublet/HFocusing_5_10_4um_0_1403.npy,particles2SNR_pipeline/output/p0_c1_particles2SNR_staging/train/4um/HFocusing_5_10_4um_0_1403.npy,symlinked
4um,test,P0/C1_HF_5_10_4um_doublet/HFocusing_5_10_4um_0_1407.npy,particles2SNR_pipeline/output/p0_c1_particles2SNR_staging/test/4um/HFocusing_5_10_4um_0_1407.npy,symlinked
4um,test,P0/C1_HF_5_10_4um_doublet/HFocusing_5_10_4um_0_1410.npy,particles2SNR_pipeline/output/p0_c1_particles2SNR_staging/test/4um/HFocusing_5_10_4um_0_1410.npy,symlinked
4um,train,P0/C1_HF_5_10_4um_doublet/HFocusing_5_10_4um_0_1412.npy,particles2SNR_pipeline/output/p0_c1_particles2SNR_staging/train/4um/HFocusing_5_10_4um_0_1412.npy,symlinked
4um,train,P0/C1_HF_5_10_4um_doublet/HFocusing_5_10_4um_0_1416.npy,particles2SNR_pipeline/output/p0_c1_particles2SNR_staging/train/4um/HFocusing_5_10_4um_0_1416.npy,symlinked
4um,train,P0/C1_HF_5_10_4um_doublet/HFocusing_5_10_4um_0_1419.npy,particles2SNR_pipeline/output/p0_c1_particles2SNR_staging/train/4um/HFocusing_5_10_4um_0_1419.npy,symlinked
4um,test,P0/C1_HF_5_10_4um_doublet/HFocusing_5_10_4um_0_1422.npy,particles2SNR_pipeline/output/p0_c1_particles2SNR_staging/test/4um/HFocusing_5_10_4um_0_1422.npy,symlinked
4um,train,P0/C1_HF_5_10_4um_doublet/HFocusing_5_10_4um_0_1425.npy,particles2SNR_pipeline/output/p0_c1_particles2SNR_staging/train/4um/HFocusing_5_10_4um_0_1425.npy,symlinked
4um,train,P0/C1_HF_5_10_4um_doublet/HFocusing_5_10_4um_0_1428.npy,particles2SNR_pipeline/output/p0_c1_particles2SNR_staging/train/4um/HFocusing_5_10_4um_0_1428.npy,symlinked
4um,train,P0/C1_HF_5_10_4um_doublet/HFocusing_5_10_4um_0_143.npy,particles2SNR_pipeline/output/p0_c1_particles2SNR_staging/train/4um/HFocusing_5_10_4um_0_143.npy,symlinked
4um,test,P0/C1_HF_5_10_4um_doublet/HFocusing_5_10_4um_0_1431.npy,particles2SNR_pipeline/output/p0_c1_particles2SNR_staging/test/4um/HFocusing_5_10_4um_0_1431.npy,symlinked
4um,train,P0/C1_HF_5_10_4um_doublet/HFocusing_5_10_4um_0_1432.npy,particles2SNR_pipeline/output/p0_c1_particles2SNR_staging/train/4um/HFocusing_5_10_4um_0_1432.npy,symlinked
4um,train,P0/C1_HF_5_10_4um_doublet/HFocusing_5_10_4um_0_1435.npy,particles2SNR_pipeline/output/p0_c1_particles2SNR_staging/train/4um/HFocusing_5_10_4um_0_1435.npy,symlinked
4um,train,P0/C1_HF_5_10_4um_doublet/HFocusing_5_10_4um_0_1438.npy,particles2SNR_pipeline/output/p0_c1_particles2SNR_staging/train/4um/HFocusing_5_10_4um_0_1438.npy,symlinked
4um,test,P0/C1_HF_5_10_4um_doublet/HFocusing_5_10_4um_0_144.npy,particles2SNR_pipeline/output/p0_c1_particles2SNR_staging/test/4um/HFocusing_5_10_4um_0_144.npy,symlinked
4um,train,P0/C1_HF_5_10_4um_doublet/HFocusing_5_10_4um_0_1441.npy,particles2SNR_pipeline/output/p0_c1_particles2SNR_staging/train/4um/HFocusing_5_10_4um_0_1441.npy,symlinked
4um,test,P0/C1_HF_5_10_4um_doublet/HFocusing_5_10_4um_0_1444.npy,particles2SNR_pipeline/output/p0_c1_particles2SNR_staging/test/4um/HFocusing_5_10_4um_0_1444.npy,symlinked
4um,train,P0/C1_HF_5_10_4um_doublet/HFocusing_5_10_4um_0_1446.npy,particles2SNR_pipeline/output/p0_c1_particles2SNR_staging/train/4um/HFocusing_5_10_4um_0_1446.npy,symlinked
4um,train,P0/C1_HF_5_10_4um_doublet/HFocusing_5_10_4um_0_1449.npy,particles2SNR_pipeline/output/p0_c1_particles2SNR_staging/train/4um/HFocusing_5_10_4um_0_1449.npy,symlinked
4um,test,P0/C1_HF_5_10_4um_doublet/HFocusing_5_10_4um_0_1452.npy,particles2SNR_pipeline/output/p0_c1_particles2SNR_staging/test/4um/HFocusing_5_10_4um_0_1452.npy,symlinked
4um,test,P0/C1_HF_5_10_4um_doublet/HFocusing_5_10_4um_0_1455.npy,particles2SNR_pipeline/output/p0_c1_particles2SNR_staging/test/4um/HFocusing_5_10_4um_0_1455.npy,symlinked
4um,train,P0/C1_HF_5_10_4um_doublet/HFocusing_5_10_4um_0_1458.npy,particles2SNR_pipeline/output/p0_c1_particles2SNR_staging/train/4um/HFocusing_5_10_4um_0_1458.npy,symlinked
4um,train,P0/C1_HF_5_10_4um_doublet/HFocusing_5_10_4um_0_1461.npy,particles2SNR_pipeline/output/p0_c1_particles2SNR_staging/train/4um/HFocusing_5_10_4um_0_1461.npy,symlinked
4um,train,P0/C1_HF_5_10_4um_doublet/HFocusing_5_10_4um_0_1464.npy,particles2SNR_pipeline/output/p0_c1_particles2SNR_staging/train/4um/HFocusing_5_10_4um_0_1464.npy,symlinked
4um,train,P0/C1_HF_5_10_4um_doublet/HFocusing_5_10_4um_0_1467.npy,particles2SNR_pipeline/output/p0_c1_particles2SNR_staging/train/4um/HFocusing_5_10_4um_0_1467.npy,symlinked
4um,train,P0/C1_HF_5_10_4um_doublet/HFocusing_5_10_4um_0_147.npy,particles2SNR_pipeline/output/p0_c1_particles2SNR_staging/train/4um/HFocusing_5_10_4um_0_147.npy,symlinked
4um,train,P0/C1_HF_5_10_4um_doublet/HFocusing_5_10_4um_0_1470.npy,particles2SNR_pipeline/output/p0_c1_particles2SNR_staging/train/4um/HFocusing_5_10_4um_0_1470.npy,symlinked
4um,train,P0/C1_HF_5_10_4um_doublet/HFocusing_5_10_4um_0_1473.npy,particles2SNR_pipeline/output/p0_c1_particles2SNR_staging/train/4um/HFocusing_5_10_4um_0_1473.npy,symlinked
4um,train,P0/C1_HF_5_10_4um_doublet/HFocusing_5_10_4um_0_1476.npy,particles2SNR_pipeline/output/p0_c1_particles2SNR_staging/train/4um/HFocusing_5_10_4um_0_1476.npy,symlinked
4um,train,P0/C1_HF_5_10_4um_doublet/HFocusing_5_10_4um_0_1479.npy,particles2SNR_pipeline/output/p0_c1_particles2SNR_staging/train/4um/HFocusing_5_10_4um_0_1479.npy,symlinked
4um,test,P0/C1_HF_5_10_4um_doublet/HFocusing_5_10_4um_0_148.npy,particles2SNR_pipeline/output/p0_c1_particles2SNR_staging/test/4um/HFocusing_5_10_4um_0_148.npy,symlinked
4um,test,P0/C1_HF_5_10_4um_doublet/HFocusing_5_10_4um_0_1481.npy,particles2SNR_pipeline/output/p0_c1_particles2SNR_staging/test/4um/HFocusing_5_10_4um_0_1481.npy,symlinked
4um,train,P0/C1_HF_5_10_4um_doublet/HFocusing_5_10_4um_0_1484.npy,particles2SNR_pipeline/output/p0_c1_particles2SNR_staging/train/4um/HFocusing_5_10_4um_0_1484.npy,symlinked
4um,train,P0/C1_HF_5_10_4um_doublet/HFocusing_5_10_4um_0_1487.npy,particles2SNR_pipeline/output/p0_c1_particles2SNR_staging/train/4um/HFocusing_5_10_4um_0_1487.npy,symlinked
4um,train,P0/C1_HF_5_10_4um_doublet/HFocusing_5_10_4um_0_1490.npy,particles2SNR_pipeline/output/p0_c1_particles2SNR_staging/train/4um/HFocusing_5_10_4um_0_1490.npy,symlinked
4um,train,P0/C1_HF_5_10_4um_doublet/HFocusing_5_10_4um_0_1493.npy,particles2SNR_pipeline/output/p0_c1_particles2SNR_staging/train/4um/HFocusing_5_10_4um_0_1493.npy,symlinked
4um,train,P0/C1_HF_5_10_4um_doublet/HFocusing_5_10_4um_0_1497.npy,particles2SNR_pipeline/output/p0_c1_particles2SNR_staging/train/4um/HFocusing_5_10_4um_0_1497.npy,symlinked
4um,test,P0/C1_HF_5_10_4um_doublet/HFocusing_5_10_4um_0_15.npy,particles2SNR_pipeline/output/p0_c1_particles2SNR_staging/test/4um/HFocusing_5_10_4um_0_15.npy,symlinked
4um,test,P0/C1_HF_5_10_4um_doublet/HFocusing_5_10_4um_0_1500.npy,particles2SNR_pipeline/output/p0_c1_particles2SNR_staging/test/4um/HFocusing_5_10_4um_0_1500.npy,symlinked
4um,train,P0/C1_HF_5_10_4um_doublet/HFocusing_5_10_4um_0_1502.npy,particles2SNR_pipeline/output/p0_c1_particles2SNR_staging/train/4um/HFocusing_5_10_4um_0_1502.npy,symlinked
4um,train,P0/C1_HF_5_10_4um_doublet/HFocusing_5_10_4um_0_1506.npy,particles2SNR_pipeline/output/p0_c1_particles2SNR_staging/train/4um/HFocusing_5_10_4um_0_1506.npy,symlinked
4um,test,P0/C1_HF_5_10_4um_doublet/HFocusing_5_10_4um_0_1509.npy,particles2SNR_pipeline/output/p0_c1_particles2SNR_staging/test/4um/HFocusing_5_10_4um_0_1509.npy,symlinked
4um,test,P0/C1_HF_5_10_4um_doublet/HFocusing_5_10_4um_0_151.npy,particles2SNR_pipeline/output/p0_c1_particles2SNR_staging/test/4um/HFocusing_5_10_4um_0_151.npy,symlinked
4um,train,P0/C1_HF_5_10_4um_doublet/HFocusing_5_10_4um_0_1512.npy,particles2SNR_pipeline/output/p0_c1_particles2SNR_staging/train/4um/HFocusing_5_10_4um_0_1512.npy,symlinked
4um,test,P0/C1_HF_5_10_4um_doublet/HFocusing_5_10_4um_0_1515.npy,particles2SNR_pipeline/output/p0_c1_particles2SNR_staging/test/4um/HFocusing_5_10_4um_0_1515.npy,symlinked
4um,train,P0/C1_HF_5_10_4um_doublet/HFocusing_5_10_4um_0_1518.npy,particles2SNR_pipeline/output/p0_c1_particles2SNR_staging/train/4um/HFocusing_5_10_4um_0_1518.npy,symlinked
4um,train,P0/C1_HF_5_10_4um_doublet/HFocusing_5_10_4um_0_152.npy,particles2SNR_pipeline/output/p0_c1_particles2SNR_staging/train/4um/HFocusing_5_10_4um_0_152.npy,symlinked
4um,train,P0/C1_HF_5_10_4um_doublet/HFocusing_5_10_4um_0_1521.npy,particles2SNR_pipeline/output/p0_c1_particles2SNR_staging/train/4um/HFocusing_5_10_4um_0_1521.npy,symlinked
4um,train,P0/C1_HF_5_10_4um_doublet/HFocusing_5_10_4um_0_1524.npy,particles2SNR_pipeline/output/p0_c1_particles2SNR_staging/train/4um/HFocusing_5_10_4um_0_1524.npy,symlinked
4um,train,P0/C1_HF_5_10_4um_doublet/HFocusing_5_10_4um_0_1527.npy,particles2SNR_pipeline/output/p0_c1_particles2SNR_staging/train/4um/HFocusing_5_10_4um_0_1527.npy,symlinked
4um,train,P0/C1_HF_5_10_4um_doublet/HFocusing_5_10_4um_0_1530.npy,particles2SNR_pipeline/output/p0_c1_particles2SNR_staging/train/4um/HFocusing_5_10_4um_0_1530.npy,symlinked
4um,train,P0/C1_HF_5_10_4um_doublet/HFocusing_5_10_4um_0_1533.npy,particles2SNR_pipeline/output/p0_c1_particles2SNR_staging/train/4um/HFocusing_5_10_4um_0_1533.npy,symlinked
4um,train,P0/C1_HF_5_10_4um_doublet/HFocusing_5_10_4um_0_1536.npy,particles2SNR_pipeline/output/p0_c1_particles2SNR_staging/train/4um/HFocusing_5_10_4um_0_1536.npy,symlinked
4um,train,P0/C1_HF_5_10_4um_doublet/HFocusing_5_10_4um_0_1539.npy,particles2SNR_pipeline/output/p0_c1_particles2SNR_staging/train/4um/HFocusing_5_10_4um_0_1539.npy,symlinked
4um,train,P0/C1_HF_5_10_4um_doublet/HFocusing_5_10_4um_0_1542.npy,particles2SNR_pipeline/output/p0_c1_particles2SNR_staging/train/4um/HFocusing_5_10_4um_0_1542.npy,symlinked
4um,test,P0/C1_HF_5_10_4um_doublet/HFocusing_5_10_4um_0_1545.npy,particles2SNR_pipeline/output/p0_c1_particles2SNR_staging/test/4um/HFocusing_5_10_4um_0_1545.npy,symlinked
4um,train,P0/C1_HF_5_10_4um_doublet/HFocusing_5_10_4um_0_1548.npy,particles2SNR_pipeline/output/p0_c1_particles2SNR_staging/train/4um/HFocusing_5_10_4um_0_1548.npy,symlinked
4um,train,P0/C1_HF_5_10_4um_doublet/HFocusing_5_10_4um_0_1551.npy,particles2SNR_pipeline/output/p0_c1_particles2SNR_staging/train/4um/HFocusing_5_10_4um_0_1551.npy,symlinked
4um,train,P0/C1_HF_5_10_4um_doublet/HFocusing_5_10_4um_0_1554.npy,particles2SNR_pipeline/output/p0_c1_particles2SNR_staging/train/4um/HFocusing_5_10_4um_0_1554.npy,symlinked
4um,train,P0/C1_HF_5_10_4um_doublet/HFocusing_5_10_4um_0_1557.npy,particles2SNR_pipeline/output/p0_c1_particles2SNR_staging/train/4um/HFocusing_5_10_4um_0_1557.npy,symlinked
4um,train,P0/C1_HF_5_10_4um_doublet/HFocusing_5_10_4um_0_1558.npy,particles2SNR_pipeline/output/p0_c1_particles2SNR_staging/train/4um/HFocusing_5_10_4um_0_1558.npy,symlinked
4um,train,P0/C1_HF_5_10_4um_doublet/HFocusing_5_10_4um_0_156.npy,particles2SNR_pipeline/output/p0_c1_particles2SNR_staging/train/4um/HFocusing_5_10_4um_0_156.npy,symlinked
4um,train,P0/C1_HF_5_10_4um_doublet/HFocusing_5_10_4um_0_1561.npy,particles2SNR_pipeline/output/p0_c1_particles2SNR_staging/train/4um/HFocusing_5_10_4um_0_1561.npy,symlinked
4um,test,P0/C1_HF_5_10_4um_doublet/HFocusing_5_10_4um_0_1564.npy,particles2SNR_pipeline/output/p0_c1_particles2SNR_staging/test/4um/HFocusing_5_10_4um_0_1564.npy,symlinked
4um,train,P0/C1_HF_5_10_4um_doublet/HFocusing_5_10_4um_0_1567.npy,particles2SNR_pipeline/output/p0_c1_particles2SNR_staging/train/4um/HFocusing_5_10_4um_0_1567.npy,symlinked
4um,test,P0/C1_HF_5_10_4um_doublet/HFocusing_5_10_4um_0_1570.npy,particles2SNR_pipeline/output/p0_c1_particles2SNR_staging/test/4um/HFocusing_5_10_4um_0_1570.npy,symlinked
4um,test,P0/C1_HF_5_10_4um_doublet/HFocusing_5_10_4um_0_1572.npy,particles2SNR_pipeline/output/p0_c1_particles2SNR_staging/test/4um/HFocusing_5_10_4um_0_1572.npy,symlinked
4um,train,P0/C1_HF_5_10_4um_doublet/HFocusing_5_10_4um_0_1575.npy,particles2SNR_pipeline/output/p0_c1_particles2SNR_staging/train/4um/HFocusing_5_10_4um_0_1575.npy,symlinked
4um,train,P0/C1_HF_5_10_4um_doublet/HFocusing_5_10_4um_0_1578.npy,particles2SNR_pipeline/output/p0_c1_particles2SNR_staging/train/4um/HFocusing_5_10_4um_0_1578.npy,symlinked
4um,train,P0/C1_HF_5_10_4um_doublet/HFocusing_5_10_4um_0_1581.npy,particles2SNR_pipeline/output/p0_c1_particles2SNR_staging/train/4um/HFocusing_5_10_4um_0_1581.npy,symlinked
4um,test,P0/C1_HF_5_10_4um_doublet/HFocusing_5_10_4um_0_1583.npy,particles2SNR_pipeline/output/p0_c1_particles2SNR_staging/test/4um/HFocusing_5_10_4um_0_1583.npy,symlinked
4um,train,P0/C1_HF_5_10_4um_doublet/HFocusing_5_10_4um_0_1586.npy,particles2SNR_pipeline/output/p0_c1_particles2SNR_staging/train/4um/HFocusing_5_10_4um_0_1586.npy,symlinked
4um,train,P0/C1_HF_5_10_4um_doublet/HFocusing_5_10_4um_0_1589.npy,particles2SNR_pipeline/output/p0_c1_particles2SNR_staging/train/4um/HFocusing_5_10_4um_0_1589.npy,symlinked
4um,train,P0/C1_HF_5_10_4um_doublet/HFocusing_5_10_4um_0_159.npy,particles2SNR_pipeline/output/p0_c1_particles2SNR_staging/train/4um/HFocusing_5_10_4um_0_159.npy,symlinked
4um,train,P0/C1_HF_5_10_4um_doublet/HFocusing_5_10_4um_0_1592.npy,particles2SNR_pipeline/output/p0_c1_particles2SNR_staging/train/4um/HFocusing_5_10_4um_0_1592.npy,symlinked
4um,train,P0/C1_HF_5_10_4um_doublet/HFocusing_5_10_4um_0_1595.npy,particles2SNR_pipeline/output/p0_c1_particles2SNR_staging/train/4um/HFocusing_5_10_4um_0_1595.npy,symlinked
4um,test,P0/C1_HF_5_10_4um_doublet/HFocusing_5_10_4um_0_1598.npy,particles2SNR_pipeline/output/p0_c1_particles2SNR_staging/test/4um/HFocusing_5_10_4um_0_1598.npy,symlinked
4um,train,P0/C1_HF_5_10_4um_doublet/HFocusing_5_10_4um_0_16.npy,particles2SNR_pipeline/output/p0_c1_particles2SNR_staging/train/4um/HFocusing_5_10_4um_0_16.npy,symlinked
4um,train,P0/C1_HF_5_10_4um_doublet/HFocusing_5_10_4um_0_1601.npy,particles2SNR_pipeline/output/p0_c1_particles2SNR_staging/train/4um/HFocusing_5_10_4um_0_1601.npy,symlinked
4um,train,P0/C1_HF_5_10_4um_doublet/HFocusing_5_10_4um_0_1604.npy,particles2SNR_pipeline/output/p0_c1_particles2SNR_staging/train/4um/HFocusing_5_10_4um_0_1604.npy,symlinked
4um,train,P0/C1_HF_5_10_4um_doublet/HFocusing_5_10_4um_0_1607.npy,particles2SNR_pipeline/output/p0_c1_particles2SNR_staging/train/4um/HFocusing_5_10_4um_0_1607.npy,symlinked
4um,train,P0/C1_HF_5_10_4um_doublet/HFocusing_5_10_4um_0_1610.npy,particles2SNR_pipeline/output/p0_c1_particles2SNR_staging/train/4um/HFocusing_5_10_4um_0_1610.npy,symlinked
4um,train,P0/C1_HF_5_10_4um_doublet/HFocusing_5_10_4um_0_1613.npy,particles2SNR_pipeline/output/p0_c1_particles2SNR_staging/train/4um/HFocusing_5_10_4um_0_1613.npy,symlinked
4um,train,P0/C1_HF_5_10_4um_doublet/HFocusing_5_10_4um_0_1616.npy,particles2SNR_pipeline/output/p0_c1_particles2SNR_staging/train/4um/HFocusing_5_10_4um_0_1616.npy,symlinked
4um,train,P0/C1_HF_5_10_4um_doublet/HFocusing_5_10_4um_0_1617.npy,particles2SNR_pipeline/output/p0_c1_particles2SNR_staging/train/4um/HFocusing_5_10_4um_0_1617.npy,symlinked
4um,train,P0/C1_HF_5_10_4um_doublet/HFocusing_5_10_4um_0_162.npy,particles2SNR_pipeline/output/p0_c1_particles2SNR_staging/train/4um/HFocusing_5_10_4um_0_162.npy,symlinked
4um,test,P0/C1_HF_5_10_4um_doublet/HFocusing_5_10_4um_0_1620.npy,particles2SNR_pipeline/output/p0_c1_particles2SNR_staging/test/4um/HFocusing_5_10_4um_0_1620.npy,symlinked
4um,test,P0/C1_HF_5_10_4um_doublet/HFocusing_5_10_4um_0_1623.npy,particles2SNR_pipeline/output/p0_c1_particles2SNR_staging/test/4um/HFocusing_5_10_4um_0_1623.npy,symlinked
4um,test,P0/C1_HF_5_10_4um_doublet/HFocusing_5_10_4um_0_1626.npy,particles2SNR_pipeline/output/p0_c1_particles2SNR_staging/test/4um/HFocusing_5_10_4um_0_1626.npy,symlinked
4um,test,P0/C1_HF_5_10_4um_doublet/HFocusing_5_10_4um_0_163.npy,particles2SNR_pipeline/output/p0_c1_particles2SNR_staging/test/4um/HFocusing_5_10_4um_0_163.npy,symlinked
4um,train,P0/C1_HF_5_10_4um_doublet/HFocusing_5_10_4um_0_1630.npy,particles2SNR_pipeline/output/p0_c1_particles2SNR_staging/train/4um/HFocusing_5_10_4um_0_1630.npy,symlinked
4um,test,P0/C1_HF_5_10_4um_doublet/HFocusing_5_10_4um_0_1633.npy,particles2SNR_pipeline/output/p0_c1_particles2SNR_staging/test/4um/HFocusing_5_10_4um_0_1633.npy,symlinked
4um,train,P0/C1_HF_5_10_4um_doublet/HFocusing_5_10_4um_0_1636.npy,particles2SNR_pipeline/output/p0_c1_particles2SNR_staging/train/4um/HFocusing_5_10_4um_0_1636.npy,symlinked
4um,test,P0/C1_HF_5_10_4um_doublet/HFocusing_5_10_4um_0_1639.npy,particles2SNR_pipeline/output/p0_c1_particles2SNR_staging/test/4um/HFocusing_5_10_4um_0_1639.npy,symlinked
4um,train,P0/C1_HF_5_10_4um_doublet/HFocusing_5_10_4um_0_1642.npy,particles2SNR_pipeline/output/p0_c1_particles2SNR_staging/train/4um/HFocusing_5_10_4um_0_1642.npy,symlinked
4um,train,P0/C1_HF_5_10_4um_doublet/HFocusing_5_10_4um_0_1645.npy,particles2SNR_pipeline/output/p0_c1_particles2SNR_staging/train/4um/HFocusing_5_10_4um_0_1645.npy,symlinked
4um,test,P0/C1_HF_5_10_4um_doublet/HFocusing_5_10_4um_0_1648.npy,particles2SNR_pipeline/output/p0_c1_particles2SNR_staging/test/4um/HFocusing_5_10_4um_0_1648.npy,symlinked
4um,train,P0/C1_HF_5_10_4um_doublet/HFocusing_5_10_4um_0_1651.npy,particles2SNR_pipeline/output/p0_c1_particles2SNR_staging/train/4um/HFocusing_5_10_4um_0_1651.npy,symlinked
4um,train,P0/C1_HF_5_10_4um_doublet/HFocusing_5_10_4um_0_1654.npy,particles2SNR_pipeline/output/p0_c1_particles2SNR_staging/train/4um/HFocusing_5_10_4um_0_1654.npy,symlinked
4um,train,P0/C1_HF_5_10_4um_doublet/HFocusing_5_10_4um_0_1657.npy,particles2SNR_pipeline/output/p0_c1_particles2SNR_staging/train/4um/HFocusing_5_10_4um_0_1657.npy,symlinked
4um,train,P0/C1_HF_5_10_4um_doublet/HFocusing_5_10_4um_0_166.npy,particles2SNR_pipeline/output/p0_c1_particles2SNR_staging/train/4um/HFocusing_5_10_4um_0_166.npy,symlinked
4um,train,P0/C1_HF_5_10_4um_doublet/HFocusing_5_10_4um_0_1660.npy,particles2SNR_pipeline/output/p0_c1_particles2SNR_staging/train/4um/HFocusing_5_10_4um_0_1660.npy,symlinked
4um,test,P0/C1_HF_5_10_4um_doublet/HFocusing_5_10_4um_0_1663.npy,particles2SNR_pipeline/output/p0_c1_particles2SNR_staging/test/4um/HFocusing_5_10_4um_0_1663.npy,symlinked
4um,train,P0/C1_HF_5_10_4um_doublet/HFocusing_5_10_4um_0_1666.npy,particles2SNR_pipeline/output/p0_c1_particles2SNR_staging/train/4um/HFocusing_5_10_4um_0_1666.npy,symlinked
4um,test,P0/C1_HF_5_10_4um_doublet/HFocusing_5_10_4um_0_1669.npy,particles2SNR_pipeline/output/p0_c1_particles2SNR_staging/test/4um/HFocusing_5_10_4um_0_1669.npy,symlinked
4um,train,P0/C1_HF_5_10_4um_doublet/HFocusing_5_10_4um_0_167.npy,particles2SNR_pipeline/output/p0_c1_particles2SNR_staging/train/4um/HFocusing_5_10_4um_0_167.npy,symlinked
4um,train,P0/C1_HF_5_10_4um_doublet/HFocusing_5_10_4um_0_1672.npy,particles2SNR_pipeline/output/p0_c1_particles2SNR_staging/train/4um/HFocusing_5_10_4um_0_1672.npy,symlinked
4um,train,P0/C1_HF_5_10_4um_doublet/HFocusing_5_10_4um_0_1675.npy,particles2SNR_pipeline/output/p0_c1_particles2SNR_staging/train/4um/HFocusing_5_10_4um_0_1675.npy,symlinked
4um,train,P0/C1_HF_5_10_4um_doublet/HFocusing_5_10_4um_0_1678.npy,particles2SNR_pipeline/output/p0_c1_particles2SNR_staging/train/4um/HFocusing_5_10_4um_0_1678.npy,symlinked
4um,train,P0/C1_HF_5_10_4um_doublet/HFocusing_5_10_4um_0_1681.npy,particles2SNR_pipeline/output/p0_c1_particles2SNR_staging/train/4um/HFocusing_5_10_4um_0_1681.npy,symlinked
4um,train,P0/C1_HF_5_10_4um_doublet/HFocusing_5_10_4um_0_1684.npy,particles2SNR_pipeline/output/p0_c1_particles2SNR_staging/train/4um/HFocusing_5_10_4um_0_1684.npy,symlinked
4um,test,P0/C1_HF_5_10_4um_doublet/HFocusing_5_10_4um_0_1687.npy,particles2SNR_pipeline/output/p0_c1_particles2SNR_staging/test/4um/HFocusing_5_10_4um_0_1687.npy,symlinked
4um,train,P0/C1_HF_5_10_4um_doublet/HFocusing_5_10_4um_0_169.npy,particles2SNR_pipeline/output/p0_c1_particles2SNR_staging/train/4um/HFocusing_5_10_4um_0_169.npy,symlinked
4um,train,P0/C1_HF_5_10_4um_doublet/HFocusing_5_10_4um_0_1690.npy,particles2SNR_pipeline/output/p0_c1_particles2SNR_staging/train/4um/HFocusing_5_10_4um_0_1690.npy,symlinked
4um,train,P0/C1_HF_5_10_4um_doublet/HFocusing_5_10_4um_0_1693.npy,particles2SNR_pipeline/output/p0_c1_particles2SNR_staging/train/4um/HFocusing_5_10_4um_0_1693.npy,symlinked
4um,train,P0/C1_HF_5_10_4um_doublet/HFocusing_5_10_4um_0_1695.npy,particles2SNR_pipeline/output/p0_c1_particles2SNR_staging/train/4um/HFocusing_5_10_4um_0_1695.npy,symlinked
4um,test,P0/C1_HF_5_10_4um_doublet/HFocusing_5_10_4um_0_1698.npy,particles2SNR_pipeline/output/p0_c1_particles2SNR_staging/test/4um/HFocusing_5_10_4um_0_1698.npy,symlinked
4um,train,P0/C1_HF_5_10_4um_doublet/HFocusing_5_10_4um_0_1702.npy,particles2SNR_pipeline/output/p0_c1_particles2SNR_staging/train/4um/HFocusing_5_10_4um_0_1702.npy,symlinked
4um,test,P0/C1_HF_5_10_4um_doublet/HFocusing_5_10_4um_0_1704.npy,particles2SNR_pipeline/output/p0_c1_particles2SNR_staging/test/4um/HFocusing_5_10_4um_0_1704.npy,symlinked
4um,train,P0/C1_HF_5_10_4um_doublet/HFocusing_5_10_4um_0_1707.npy,particles2SNR_pipeline/output/p0_c1_particles2SNR_staging/train/4um/HFocusing_5_10_4um_0_1707.npy,symlinked
4um,train,P0/C1_HF_5_10_4um_doublet/HFocusing_5_10_4um_0_1710.npy,particles2SNR_pipeline/output/p0_c1_particles2SNR_staging/train/4um/HFocusing_5_10_4um_0_1710.npy,symlinked
4um,test,P0/C1_HF_5_10_4um_doublet/HFocusing_5_10_4um_0_1713.npy,particles2SNR_pipeline/output/p0_c1_particles2SNR_staging/test/4um/HFocusing_5_10_4um_0_1713.npy,symlinked
4um,train,P0/C1_HF_5_10_4um_doublet/HFocusing_5_10_4um_0_1714.npy,particles2SNR_pipeline/output/p0_c1_particles2SNR_staging/train/4um/HFocusing_5_10_4um_0_1714.npy,symlinked
4um,train,P0/C1_HF_5_10_4um_doublet/HFocusing_5_10_4um_0_1716.npy,particles2SNR_pipeline/output/p0_c1_particles2SNR_staging/train/4um/HFocusing_5_10_4um_0_1716.npy,symlinked
4um,train,P0/C1_HF_5_10_4um_doublet/HFocusing_5_10_4um_0_1719.npy,particles2SNR_pipeline/output/p0_c1_particles2SNR_staging/train/4um/HFocusing_5_10_4um_0_1719.npy,symlinked
4um,train,P0/C1_HF_5_10_4um_doublet/HFocusing_5_10_4um_0_172.npy,particles2SNR_pipeline/output/p0_c1_particles2SNR_staging/train/4um/HFocusing_5_10_4um_0_172.npy,symlinked
4um,train,P0/C1_HF_5_10_4um_doublet/HFocusing_5_10_4um_0_1720.npy,particles2SNR_pipeline/output/p0_c1_particles2SNR_staging/train/4um/HFocusing_5_10_4um_0_1720.npy,symlinked
4um,train,P0/C1_HF_5_10_4um_doublet/HFocusing_5_10_4um_0_1722.npy,particles2SNR_pipeline/output/p0_c1_particles2SNR_staging/train/4um/HFocusing_5_10_4um_0_1722.npy,symlinked
4um,train,P0/C1_HF_5_10_4um_doublet/HFocusing_5_10_4um_0_1725.npy,particles2SNR_pipeline/output/p0_c1_particles2SNR_staging/train/4um/HFocusing_5_10_4um_0_1725.npy,symlinked
4um,train,P0/C1_HF_5_10_4um_doublet/HFocusing_5_10_4um_0_1728.npy,particles2SNR_pipeline/output/p0_c1_particles2SNR_staging/train/4um/HFocusing_5_10_4um_0_1728.npy,symlinked
4um,test,P0/C1_HF_5_10_4um_doublet/HFocusing_5_10_4um_0_1729.npy,particles2SNR_pipeline/output/p0_c1_particles2SNR_staging/test/4um/HFocusing_5_10_4um_0_1729.npy,symlinked
4um,train,P0/C1_HF_5_10_4um_doublet/HFocusing_5_10_4um_0_1732.npy,particles2SNR_pipeline/output/p0_c1_particles2SNR_staging/train/4um/HFocusing_5_10_4um_0_1732.npy,symlinked
4um,train,P0/C1_HF_5_10_4um_doublet/HFocusing_5_10_4um_0_1735.npy,particles2SNR_pipeline/output/p0_c1_particles2SNR_staging/train/4um/HFocusing_5_10_4um_0_1735.npy,symlinked
4um,train,P0/C1_HF_5_10_4um_doublet/HFocusing_5_10_4um_0_1738.npy,particles2SNR_pipeline/output/p0_c1_particles2SNR_staging/train/4um/HFocusing_5_10_4um_0_1738.npy,symlinked
4um,train,P0/C1_HF_5_10_4um_doublet/HFocusing_5_10_4um_0_1741.npy,particles2SNR_pipeline/output/p0_c1_particles2SNR_staging/train/4um/HFocusing_5_10_4um_0_1741.npy,symlinked
4um,test,P0/C1_HF_5_10_4um_doublet/HFocusing_5_10_4um_0_1744.npy,particles2SNR_pipeline/output/p0_c1_particles2SNR_staging/test/4um/HFocusing_5_10_4um_0_1744.npy,symlinked
4um,train,P0/C1_HF_5_10_4um_doublet/HFocusing_5_10_4um_0_1747.npy,particles2SNR_pipeline/output/p0_c1_particles2SNR_staging/train/4um/HFocusing_5_10_4um_0_1747.npy,symlinked
4um,test,P0/C1_HF_5_10_4um_doublet/HFocusing_5_10_4um_0_175.npy,particles2SNR_pipeline/output/p0_c1_particles2SNR_staging/test/4um/HFocusing_5_10_4um_0_175.npy,symlinked
4um,train,P0/C1_HF_5_10_4um_doublet/HFocusing_5_10_4um_0_1750.npy,particles2SNR_pipeline/output/p0_c1_particles2SNR_staging/train/4um/HFocusing_5_10_4um_0_1750.npy,symlinked
4um,test,P0/C1_HF_5_10_4um_doublet/HFocusing_5_10_4um_0_1753.npy,particles2SNR_pipeline/output/p0_c1_particles2SNR_staging/test/4um/HFocusing_5_10_4um_0_1753.npy,symlinked
4um,train,P0/C1_HF_5_10_4um_doublet/HFocusing_5_10_4um_0_1756.npy,particles2SNR_pipeline/output/p0_c1_particles2SNR_staging/train/4um/HFocusing_5_10_4um_0_1756.npy,symlinked
4um,train,P0/C1_HF_5_10_4um_doublet/HFocusing_5_10_4um_0_1759.npy,particles2SNR_pipeline/output/p0_c1_particles2SNR_staging/train/4um/HFocusing_5_10_4um_0_1759.npy,symlinked
4um,train,P0/C1_HF_5_10_4um_doublet/HFocusing_5_10_4um_0_1762.npy,particles2SNR_pipeline/output/p0_c1_particles2SNR_staging/train/4um/HFocusing_5_10_4um_0_1762.npy,symlinked
4um,test,P0/C1_HF_5_10_4um_doublet/HFocusing_5_10_4um_0_1765.npy,particles2SNR_pipeline/output/p0_c1_particles2SNR_staging/test/4um/HFocusing_5_10_4um_0_1765.npy,symlinked
4um,train,P0/C1_HF_5_10_4um_doublet/HFocusing_5_10_4um_0_1766.npy,particles2SNR_pipeline/output/p0_c1_particles2SNR_staging/train/4um/HFocusing_5_10_4um_0_1766.npy,symlinked
4um,train,P0/C1_HF_5_10_4um_doublet/HFocusing_5_10_4um_0_1769.npy,particles2SNR_pipeline/output/p0_c1_particles2SNR_staging/train/4um/HFocusing_5_10_4um_0_1769.npy,symlinked
4um,train,P0/C1_HF_5_10_4um_doublet/HFocusing_5_10_4um_0_1772.npy,particles2SNR_pipeline/output/p0_c1_particles2SNR_staging/train/4um/HFocusing_5_10_4um_0_1772.npy,symlinked
4um,train,P0/C1_HF_5_10_4um_doublet/HFocusing_5_10_4um_0_1775.npy,particles2SNR_pipeline/output/p0_c1_particles2SNR_staging/train/4um/HFocusing_5_10_4um_0_1775.npy,symlinked
4um,train,P0/C1_HF_5_10_4um_doublet/HFocusing_5_10_4um_0_1779.npy,particles2SNR_pipeline/output/p0_c1_particles2SNR_staging/train/4um/HFocusing_5_10_4um_0_1779.npy,symlinked
4um,train,P0/C1_HF_5_10_4um_doublet/HFocusing_5_10_4um_0_178.npy,particles2SNR_pipeline/output/p0_c1_particles2SNR_staging/train/4um/HFocusing_5_10_4um_0_178.npy,symlinked
4um,test,P0/C1_HF_5_10_4um_doublet/HFocusing_5_10_4um_0_1782.npy,particles2SNR_pipeline/output/p0_c1_particles2SNR_staging/test/4um/HFocusing_5_10_4um_0_1782.npy,symlinked
4um,train,P0/C1_HF_5_10_4um_doublet/HFocusing_5_10_4um_0_1785.npy,particles2SNR_pipeline/output/p0_c1_particles2SNR_staging/train/4um/HFocusing_5_10_4um_0_1785.npy,symlinked
4um,train,P0/C1_HF_5_10_4um_doublet/HFocusing_5_10_4um_0_1788.npy,particles2SNR_pipeline/output/p0_c1_particles2SNR_staging/train/4um/HFocusing_5_10_4um_0_1788.npy,symlinked
4um,train,P0/C1_HF_5_10_4um_doublet/HFocusing_5_10_4um_0_1791.npy,particles2SNR_pipeline/output/p0_c1_particles2SNR_staging/train/4um/HFocusing_5_10_4um_0_1791.npy,symlinked
4um,test,P0/C1_HF_5_10_4um_doublet/HFocusing_5_10_4um_0_1794.npy,particles2SNR_pipeline/output/p0_c1_particles2SNR_staging/test/4um/HFocusing_5_10_4um_0_1794.npy,symlinked
4um,train,P0/C1_HF_5_10_4um_doublet/HFocusing_5_10_4um_0_1797.npy,particles2SNR_pipeline/output/p0_c1_particles2SNR_staging/train/4um/HFocusing_5_10_4um_0_1797.npy,symlinked
4um,train,P0/C1_HF_5_10_4um_doublet/HFocusing_5_10_4um_0_1800.npy,particles2SNR_pipeline/output/p0_c1_particles2SNR_staging/train/4um/HFocusing_5_10_4um_0_1800.npy,symlinked
4um,train,P0/C1_HF_5_10_4um_doublet/HFocusing_5_10_4um_0_1803.npy,particles2SNR_pipeline/output/p0_c1_particles2SNR_staging/train/4um/HFocusing_5_10_4um_0_1803.npy,symlinked
4um,train,P0/C1_HF_5_10_4um_doublet/HFocusing_5_10_4um_0_1806.npy,particles2SNR_pipeline/output/p0_c1_particles2SNR_staging/train/4um/HFocusing_5_10_4um_0_1806.npy,symlinked
4um,train,P0/C1_HF_5_10_4um_doublet/HFocusing_5_10_4um_0_1809.npy,particles2SNR_pipeline/output/p0_c1_particles2SNR_staging/train/4um/HFocusing_5_10_4um_0_1809.npy,symlinked
4um,train,P0/C1_HF_5_10_4um_doublet/HFocusing_5_10_4um_0_181.npy,particles2SNR_pipeline/output/p0_c1_particles2SNR_staging/train/4um/HFocusing_5_10_4um_0_181.npy,symlinked
4um,train,P0/C1_HF_5_10_4um_doublet/HFocusing_5_10_4um_0_1812.npy,particles2SNR_pipeline/output/p0_c1_particles2SNR_staging/train/4um/HFocusing_5_10_4um_0_1812.npy,symlinked
4um,test,P0/C1_HF_5_10_4um_doublet/HFocusing_5_10_4um_0_1815.npy,particles2SNR_pipeline/output/p0_c1_particles2SNR_staging/test/4um/HFocusing_5_10_4um_0_1815.npy,symlinked
4um,train,P0/C1_HF_5_10_4um_doublet/HFocusing_5_10_4um_0_1818.npy,particles2SNR_pipeline/output/p0_c1_particles2SNR_staging/train/4um/HFocusing_5_10_4um_0_1818.npy,symlinked
4um,train,P0/C1_HF_5_10_4um_doublet/HFocusing_5_10_4um_0_1821.npy,particles2SNR_pipeline/output/p0_c1_particles2SNR_staging/train/4um/HFocusing_5_10_4um_0_1821.npy,symlinked
4um,train,P0/C1_HF_5_10_4um_doublet/HFocusing_5_10_4um_0_1824.npy,particles2SNR_pipeline/output/p0_c1_particles2SNR_staging/train/4um/HFocusing_5_10_4um_0_1824.npy,symlinked
4um,train,P0/C1_HF_5_10_4um_doublet/HFocusing_5_10_4um_0_1827.npy,particles2SNR_pipeline/output/p0_c1_particles2SNR_staging/train/4um/HFocusing_5_10_4um_0_1827.npy,symlinked
4um,train,P0/C1_HF_5_10_4um_doublet/HFocusing_5_10_4um_0_1830.npy,particles2SNR_pipeline/output/p0_c1_particles2SNR_staging/train/4um/HFocusing_5_10_4um_0_1830.npy,symlinked
4um,train,P0/C1_HF_5_10_4um_doublet/HFocusing_5_10_4um_0_1833.npy,particles2SNR_pipeline/output/p0_c1_particles2SNR_staging/train/4um/HFocusing_5_10_4um_0_1833.npy,symlinked
4um,train,P0/C1_HF_5_10_4um_doublet/HFocusing_5_10_4um_0_1836.npy,particles2SNR_pipeline/output/p0_c1_particles2SNR_staging/train/4um/HFocusing_5_10_4um_0_1836.npy,symlinked
4um,train,P0/C1_HF_5_10_4um_doublet/HFocusing_5_10_4um_0_1839.npy,particles2SNR_pipeline/output/p0_c1_particles2SNR_staging/train/4um/HFocusing_5_10_4um_0_1839.npy,symlinked
4um,train,P0/C1_HF_5_10_4um_doublet/HFocusing_5_10_4um_0_184.npy,particles2SNR_pipeline/output/p0_c1_particles2SNR_staging/train/4um/HFocusing_5_10_4um_0_184.npy,symlinked
4um,train,P0/C1_HF_5_10_4um_doublet/HFocusing_5_10_4um_0_1842.npy,particles2SNR_pipeline/output/p0_c1_particles2SNR_staging/train/4um/HFocusing_5_10_4um_0_1842.npy,symlinked
4um,test,P0/C1_HF_5_10_4um_doublet/HFocusing_5_10_4um_0_1845.npy,particles2SNR_pipeline/output/p0_c1_particles2SNR_staging/test/4um/HFocusing_5_10_4um_0_1845.npy,symlinked
4um,train,P0/C1_HF_5_10_4um_doublet/HFocusing_5_10_4um_0_1848.npy,particles2SNR_pipeline/output/p0_c1_particles2SNR_staging/train/4um/HFocusing_5_10_4um_0_1848.npy,symlinked
4um,train,P0/C1_HF_5_10_4um_doublet/HFocusing_5_10_4um_0_1851.npy,particles2SNR_pipeline/output/p0_c1_particles2SNR_staging/train/4um/HFocusing_5_10_4um_0_1851.npy,symlinked
4um,train,P0/C1_HF_5_10_4um_doublet/HFocusing_5_10_4um_0_1854.npy,particles2SNR_pipeline/output/p0_c1_particles2SNR_staging/train/4um/HFocusing_5_10_4um_0_1854.npy,symlinked
4um,train,P0/C1_HF_5_10_4um_doublet/HFocusing_5_10_4um_0_1857.npy,particles2SNR_pipeline/output/p0_c1_particles2SNR_staging/train/4um/HFocusing_5_10_4um_0_1857.npy,symlinked
4um,test,P0/C1_HF_5_10_4um_doublet/HFocusing_5_10_4um_0_1860.npy,particles2SNR_pipeline/output/p0_c1_particles2SNR_staging/test/4um/HFocusing_5_10_4um_0_1860.npy,symlinked
4um,train,P0/C1_HF_5_10_4um_doublet/HFocusing_5_10_4um_0_1863.npy,particles2SNR_pipeline/output/p0_c1_particles2SNR_staging/train/4um/HFocusing_5_10_4um_0_1863.npy,symlinked
4um,train,P0/C1_HF_5_10_4um_doublet/HFocusing_5_10_4um_0_1866.npy,particles2SNR_pipeline/output/p0_c1_particles2SNR_staging/train/4um/HFocusing_5_10_4um_0_1866.npy,symlinked
4um,train,P0/C1_HF_5_10_4um_doublet/HFocusing_5_10_4um_0_1869.npy,particles2SNR_pipeline/output/p0_c1_particles2SNR_staging/train/4um/HFocusing_5_10_4um_0_1869.npy,symlinked
4um,train,P0/C1_HF_5_10_4um_doublet/HFocusing_5_10_4um_0_187.npy,particles2SNR_pipeline/output/p0_c1_particles2SNR_staging/train/4um/HFocusing_5_10_4um_0_187.npy,symlinked
4um,test,P0/C1_HF_5_10_4um_doublet/HFocusing_5_10_4um_0_1872.npy,particles2SNR_pipeline/output/p0_c1_particles2SNR_staging/test/4um/HFocusing_5_10_4um_0_1872.npy,symlinked
4um,train,P0/C1_HF_5_10_4um_doublet/HFocusing_5_10_4um_0_1875.npy,particles2SNR_pipeline/output/p0_c1_particles2SNR_staging/train/4um/HFocusing_5_10_4um_0_1875.npy,symlinked
4um,train,P0/C1_HF_5_10_4um_doublet/HFocusing_5_10_4um_0_1878.npy,particles2SNR_pipeline/output/p0_c1_particles2SNR_staging/train/4um/HFocusing_5_10_4um_0_1878.npy,symlinked
4um,train,P0/C1_HF_5_10_4um_doublet/HFocusing_5_10_4um_0_1881.npy,particles2SNR_pipeline/output/p0_c1_particles2SNR_staging/train/4um/HFocusing_5_10_4um_0_1881.npy,symlinked
4um,train,P0/C1_HF_5_10_4um_doublet/HFocusing_5_10_4um_0_1884.npy,particles2SNR_pipeline/output/p0_c1_particles2SNR_staging/train/4um/HFocusing_5_10_4um_0_1884.npy,symlinked
4um,train,P0/C1_HF_5_10_4um_doublet/HFocusing_5_10_4um_0_1887.npy,particles2SNR_pipeline/output/p0_c1_particles2SNR_staging/train/4um/HFocusing_5_10_4um_0_1887.npy,symlinked
4um,train,P0/C1_HF_5_10_4um_doublet/HFocusing_5_10_4um_0_1890.npy,particles2SNR_pipeline/output/p0_c1_particles2SNR_staging/train/4um/HFocusing_5_10_4um_0_1890.npy,symlinked
4um,train,P0/C1_HF_5_10_4um_doublet/HFocusing_5_10_4um_0_1893.npy,particles2SNR_pipeline/output/p0_c1_particles2SNR_staging/train/4um/HFocusing_5_10_4um_0_1893.npy,symlinked
4um,train,P0/C1_HF_5_10_4um_doublet/HFocusing_5_10_4um_0_1896.npy,particles2SNR_pipeline/output/p0_c1_particles2SNR_staging/train/4um/HFocusing_5_10_4um_0_1896.npy,symlinked
4um,train,P0/C1_HF_5_10_4um_doublet/HFocusing_5_10_4um_0_1899.npy,particles2SNR_pipeline/output/p0_c1_particles2SNR_staging/train/4um/HFocusing_5_10_4um_0_1899.npy,symlinked
4um,test,P0/C1_HF_5_10_4um_doublet/HFocusing_5_10_4um_0_19.npy,particles2SNR_pipeline/output/p0_c1_particles2SNR_staging/test/4um/HFocusing_5_10_4um_0_19.npy,symlinked
4um,train,P0/C1_HF_5_10_4um_doublet/HFocusing_5_10_4um_0_190.npy,particles2SNR_pipeline/output/p0_c1_particles2SNR_staging/train/4um/HFocusing_5_10_4um_0_190.npy,symlinked
4um,train,P0/C1_HF_5_10_4um_doublet/HFocusing_5_10_4um_0_1902.npy,particles2SNR_pipeline/output/p0_c1_particles2SNR_staging/train/4um/HFocusing_5_10_4um_0_1902.npy,symlinked
4um,train,P0/C1_HF_5_10_4um_doublet/HFocusing_5_10_4um_0_1905.npy,particles2SNR_pipeline/output/p0_c1_particles2SNR_staging/train/4um/HFocusing_5_10_4um_0_1905.npy,symlinked
4um,test,P0/C1_HF_5_10_4um_doublet/HFocusing_5_10_4um_0_1908.npy,particles2SNR_pipeline/output/p0_c1_particles2SNR_staging/test/4um/HFocusing_5_10_4um_0_1908.npy,symlinked
4um,test,P0/C1_HF_5_10_4um_doublet/HFocusing_5_10_4um_0_1911.npy,particles2SNR_pipeline/output/p0_c1_particles2SNR_staging/test/4um/HFocusing_5_10_4um_0_1911.npy,symlinked
4um,train,P0/C1_HF_5_10_4um_doublet/HFocusing_5_10_4um_0_1914.npy,particles2SNR_pipeline/output/p0_c1_particles2SNR_staging/train/4um/HFocusing_5_10_4um_0_1914.npy,symlinked
4um,train,P0/C1_HF_5_10_4um_doublet/HFocusing_5_10_4um_0_1917.npy,particles2SNR_pipeline/output/p0_c1_particles2SNR_staging/train/4um/HFocusing_5_10_4um_0_1917.npy,symlinked
4um,train,P0/C1_HF_5_10_4um_doublet/HFocusing_5_10_4um_0_1918.npy,particles2SNR_pipeline/output/p0_c1_particles2SNR_staging/train/4um/HFocusing_5_10_4um_0_1918.npy,symlinked
4um,train,P0/C1_HF_5_10_4um_doublet/HFocusing_5_10_4um_0_1921.npy,particles2SNR_pipeline/output/p0_c1_particles2SNR_staging/train/4um/HFocusing_5_10_4um_0_1921.npy,symlinked
4um,train,P0/C1_HF_5_10_4um_doublet/HFocusing_5_10_4um_0_1922.npy,particles2SNR_pipeline/output/p0_c1_particles2SNR_staging/train/4um/HFocusing_5_10_4um_0_1922.npy,symlinked
4um,train,P0/C1_HF_5_10_4um_doublet/HFocusing_5_10_4um_0_1925.npy,particles2SNR_pipeline/output/p0_c1_particles2SNR_staging/train/4um/HFocusing_5_10_4um_0_1925.npy,symlinked
4um,train,P0/C1_HF_5_10_4um_doublet/HFocusing_5_10_4um_0_1928.npy,particles2SNR_pipeline/output/p0_c1_particles2SNR_staging/train/4um/HFocusing_5_10_4um_0_1928.npy,symlinked
4um,train,P0/C1_HF_5_10_4um_doublet/HFocusing_5_10_4um_0_193.npy,particles2SNR_pipeline/output/p0_c1_particles2SNR_staging/train/4um/HFocusing_5_10_4um_0_193.npy,symlinked
4um,train,P0/C1_HF_5_10_4um_doublet/HFocusing_5_10_4um_0_1930.npy,particles2SNR_pipeline/output/p0_c1_particles2SNR_staging/train/4um/HFocusing_5_10_4um_0_1930.npy,symlinked
4um,train,P0/C1_HF_5_10_4um_doublet/HFocusing_5_10_4um_0_1933.npy,particles2SNR_pipeline/output/p0_c1_particles2SNR_staging/train/4um/HFocusing_5_10_4um_0_1933.npy,symlinked
4um,train,P0/C1_HF_5_10_4um_doublet/HFocusing_5_10_4um_0_1936.npy,particles2SNR_pipeline/output/p0_c1_particles2SNR_staging/train/4um/HFocusing_5_10_4um_0_1936.npy,symlinked
4um,train,P0/C1_HF_5_10_4um_doublet/HFocusing_5_10_4um_0_1939.npy,particles2SNR_pipeline/output/p0_c1_particles2SNR_staging/train/4um/HFocusing_5_10_4um_0_1939.npy,symlinked
4um,train,P0/C1_HF_5_10_4um_doublet/HFocusing_5_10_4um_0_1942.npy,particles2SNR_pipeline/output/p0_c1_particles2SNR_staging/train/4um/HFocusing_5_10_4um_0_1942.npy,symlinked
4um,train,P0/C1_HF_5_10_4um_doublet/HFocusing_5_10_4um_0_1946.npy,particles2SNR_pipeline/output/p0_c1_particles2SNR_staging/train/4um/HFocusing_5_10_4um_0_1946.npy,symlinked
4um,train,P0/C1_HF_5_10_4um_doublet/HFocusing_5_10_4um_0_1948.npy,particles2SNR_pipeline/output/p0_c1_particles2SNR_staging/train/4um/HFocusing_5_10_4um_0_1948.npy,symlinked
4um,train,P0/C1_HF_5_10_4um_doublet/HFocusing_5_10_4um_0_1951.npy,particles2SNR_pipeline/output/p0_c1_particles2SNR_staging/train/4um/HFocusing_5_10_4um_0_1951.npy,symlinked
4um,test,P0/C1_HF_5_10_4um_doublet/HFocusing_5_10_4um_0_1954.npy,particles2SNR_pipeline/output/p0_c1_particles2SNR_staging/test/4um/HFocusing_5_10_4um_0_1954.npy,symlinked
4um,train,P0/C1_HF_5_10_4um_doublet/HFocusing_5_10_4um_0_1957.npy,particles2SNR_pipeline/output/p0_c1_particles2SNR_staging/train/4um/HFocusing_5_10_4um_0_1957.npy,symlinked
4um,test,P0/C1_HF_5_10_4um_doublet/HFocusing_5_10_4um_0_196.npy,particles2SNR_pipeline/output/p0_c1_particles2SNR_staging/test/4um/HFocusing_5_10_4um_0_196.npy,symlinked
4um,test,P0/C1_HF_5_10_4um_doublet/HFocusing_5_10_4um_0_1960.npy,particles2SNR_pipeline/output/p0_c1_particles2SNR_staging/test/4um/HFocusing_5_10_4um_0_1960.npy,symlinked
4um,train,P0/C1_HF_5_10_4um_doublet/HFocusing_5_10_4um_0_1963.npy,particles2SNR_pipeline/output/p0_c1_particles2SNR_staging/train/4um/HFocusing_5_10_4um_0_1963.npy,symlinked
4um,train,P0/C1_HF_5_10_4um_doublet/HFocusing_5_10_4um_0_1966.npy,particles2SNR_pipeline/output/p0_c1_particles2SNR_staging/train/4um/HFocusing_5_10_4um_0_1966.npy,symlinked
4um,test,P0/C1_HF_5_10_4um_doublet/HFocusing_5_10_4um_0_1969.npy,particles2SNR_pipeline/output/p0_c1_particles2SNR_staging/test/4um/HFocusing_5_10_4um_0_1969.npy,symlinked
4um,train,P0/C1_HF_5_10_4um_doublet/HFocusing_5_10_4um_0_1972.npy,particles2SNR_pipeline/output/p0_c1_particles2SNR_staging/train/4um/HFocusing_5_10_4um_0_1972.npy,symlinked
4um,train,P0/C1_HF_5_10_4um_doublet/HFocusing_5_10_4um_0_1975.npy,particles2SNR_pipeline/output/p0_c1_particles2SNR_staging/train/4um/HFocusing_5_10_4um_0_1975.npy,symlinked
4um,train,P0/C1_HF_5_10_4um_doublet/HFocusing_5_10_4um_0_1978.npy,particles2SNR_pipeline/output/p0_c1_particles2SNR_staging/train/4um/HFocusing_5_10_4um_0_1978.npy,symlinked
4um,train,P0/C1_HF_5_10_4um_doublet/HFocusing_5_10_4um_0_1981.npy,particles2SNR_pipeline/output/p0_c1_particles2SNR_staging/train/4um/HFocusing_5_10_4um_0_1981.npy,symlinked
4um,train,P0/C1_HF_5_10_4um_doublet/HFocusing_5_10_4um_0_1984.npy,particles2SNR_pipeline/output/p0_c1_particles2SNR_staging/train/4um/HFocusing_5_10_4um_0_1984.npy,symlinked
4um,train,P0/C1_HF_5_10_4um_doublet/HFocusing_5_10_4um_0_1987.npy,particles2SNR_pipeline/output/p0_c1_particles2SNR_staging/train/4um/HFocusing_5_10_4um_0_1987.npy,symlinked
4um,train,P0/C1_HF_5_10_4um_doublet/HFocusing_5_10_4um_0_199.npy,particles2SNR_pipeline/output/p0_c1_particles2SNR_staging/train/4um/HFocusing_5_10_4um_0_199.npy,symlinked
4um,train,P0/C1_HF_5_10_4um_doublet/HFocusing_5_10_4um_0_1990.npy,particles2SNR_pipeline/output/p0_c1_particles2SNR_staging/train/4um/HFocusing_5_10_4um_0_1990.npy,symlinked
4um,train,P0/C1_HF_5_10_4um_doublet/HFocusing_5_10_4um_0_1991.npy,particles2SNR_pipeline/output/p0_c1_particles2SNR_staging/train/4um/HFocusing_5_10_4um_0_1991.npy,symlinked
4um,train,P0/C1_HF_5_10_4um_doublet/HFocusing_5_10_4um_0_1994.npy,particles2SNR_pipeline/output/p0_c1_particles2SNR_staging/train/4um/HFocusing_5_10_4um_0_1994.npy,symlinked
4um,train,P0/C1_HF_5_10_4um_doublet/HFocusing_5_10_4um_0_1997.npy,particles2SNR_pipeline/output/p0_c1_particles2SNR_staging/train/4um/HFocusing_5_10_4um_0_1997.npy,symlinked
4um,train,P0/C1_HF_5_10_4um_doublet/HFocusing_5_10_4um_0_20.npy,particles2SNR_pipeline/output/p0_c1_particles2SNR_staging/train/4um/HFocusing_5_10_4um_0_20.npy,symlinked
4um,test,P0/C1_HF_5_10_4um_doublet/HFocusing_5_10_4um_0_2000.npy,particles2SNR_pipeline/output/p0_c1_particles2SNR_staging/test/4um/HFocusing_5_10_4um_0_2000.npy,symlinked
4um,train,P0/C1_HF_5_10_4um_doublet/HFocusing_5_10_4um_0_2003.npy,particles2SNR_pipeline/output/p0_c1_particles2SNR_staging/train/4um/HFocusing_5_10_4um_0_2003.npy,symlinked
4um,train,P0/C1_HF_5_10_4um_doublet/HFocusing_5_10_4um_0_2006.npy,particles2SNR_pipeline/output/p0_c1_particles2SNR_staging/train/4um/HFocusing_5_10_4um_0_2006.npy,symlinked
4um,train,P0/C1_HF_5_10_4um_doublet/HFocusing_5_10_4um_0_2009.npy,particles2SNR_pipeline/output/p0_c1_particles2SNR_staging/train/4um/HFocusing_5_10_4um_0_2009.npy,symlinked
4um,test,P0/C1_HF_5_10_4um_doublet/HFocusing_5_10_4um_0_2012.npy,particles2SNR_pipeline/output/p0_c1_particles2SNR_staging/test/4um/HFocusing_5_10_4um_0_2012.npy,symlinked
4um,test,P0/C1_HF_5_10_4um_doublet/HFocusing_5_10_4um_0_2015.npy,particles2SNR_pipeline/output/p0_c1_particles2SNR_staging/test/4um/HFocusing_5_10_4um_0_2015.npy,symlinked
4um,test,P0/C1_HF_5_10_4um_doublet/HFocusing_5_10_4um_0_2018.npy,particles2SNR_pipeline/output/p0_c1_particles2SNR_staging/test/4um/HFocusing_5_10_4um_0_2018.npy,symlinked
4um,train,P0/C1_HF_5_10_4um_doublet/HFocusing_5_10_4um_0_202.npy,particles2SNR_pipeline/output/p0_c1_particles2SNR_staging/train/4um/HFocusing_5_10_4um_0_202.npy,symlinked
4um,train,P0/C1_HF_5_10_4um_doublet/HFocusing_5_10_4um_0_2021.npy,particles2SNR_pipeline/output/p0_c1_particles2SNR_staging/train/4um/HFocusing_5_10_4um_0_2021.npy,symlinked
4um,train,P0/C1_HF_5_10_4um_doublet/HFocusing_5_10_4um_0_2024.npy,particles2SNR_pipeline/output/p0_c1_particles2SNR_staging/train/4um/HFocusing_5_10_4um_0_2024.npy,symlinked
4um,train,P0/C1_HF_5_10_4um_doublet/HFocusing_5_10_4um_0_2027.npy,particles2SNR_pipeline/output/p0_c1_particles2SNR_staging/train/4um/HFocusing_5_10_4um_0_2027.npy,symlinked
4um,train,P0/C1_HF_5_10_4um_doublet/HFocusing_5_10_4um_0_2030.npy,particles2SNR_pipeline/output/p0_c1_particles2SNR_staging/train/4um/HFocusing_5_10_4um_0_2030.npy,symlinked
4um,train,P0/C1_HF_5_10_4um_doublet/HFocusing_5_10_4um_0_2033.npy,particles2SNR_pipeline/output/p0_c1_particles2SNR_staging/train/4um/HFocusing_5_10_4um_0_2033.npy,symlinked
4um,train,P0/C1_HF_5_10_4um_doublet/HFocusing_5_10_4um_0_2036.npy,particles2SNR_pipeline/output/p0_c1_particles2SNR_staging/train/4um/HFocusing_5_10_4um_0_2036.npy,symlinked
4um,train,P0/C1_HF_5_10_4um_doublet/HFocusing_5_10_4um_0_2039.npy,particles2SNR_pipeline/output/p0_c1_particles2SNR_staging/train/4um/HFocusing_5_10_4um_0_2039.npy,symlinked
4um,train,P0/C1_HF_5_10_4um_doublet/HFocusing_5_10_4um_0_2042.npy,particles2SNR_pipeline/output/p0_c1_particles2SNR_staging/train/4um/HFocusing_5_10_4um_0_2042.npy,symlinked
4um,train,P0/C1_HF_5_10_4um_doublet/HFocusing_5_10_4um_0_2045.npy,particles2SNR_pipeline/output/p0_c1_particles2SNR_staging/train/4um/HFocusing_5_10_4um_0_2045.npy,symlinked
4um,train,P0/C1_HF_5_10_4um_doublet/HFocusing_5_10_4um_0_2048.npy,particles2SNR_pipeline/output/p0_c1_particles2SNR_staging/train/4um/HFocusing_5_10_4um_0_2048.npy,symlinked
4um,train,P0/C1_HF_5_10_4um_doublet/HFocusing_5_10_4um_0_2049.npy,particles2SNR_pipeline/output/p0_c1_particles2SNR_staging/train/4um/HFocusing_5_10_4um_0_2049.npy,symlinked
4um,train,P0/C1_HF_5_10_4um_doublet/HFocusing_5_10_4um_0_205.npy,particles2SNR_pipeline/output/p0_c1_particles2SNR_staging/train/4um/HFocusing_5_10_4um_0_205.npy,symlinked
4um,train,P0/C1_HF_5_10_4um_doublet/HFocusing_5_10_4um_0_2052.npy,particles2SNR_pipeline/output/p0_c1_particles2SNR_staging/train/4um/HFocusing_5_10_4um_0_2052.npy,symlinked
4um,train,P0/C1_HF_5_10_4um_doublet/HFocusing_5_10_4um_0_2055.npy,particles2SNR_pipeline/output/p0_c1_particles2SNR_staging/train/4um/HFocusing_5_10_4um_0_2055.npy,symlinked
4um,train,P0/C1_HF_5_10_4um_doublet/HFocusing_5_10_4um_0_208.npy,particles2SNR_pipeline/output/p0_c1_particles2SNR_staging/train/4um/HFocusing_5_10_4um_0_208.npy,symlinked
4um,train,P0/C1_HF_5_10_4um_doublet/HFocusing_5_10_4um_0_209.npy,particles2SNR_pipeline/output/p0_c1_particles2SNR_staging/train/4um/HFocusing_5_10_4um_0_209.npy,symlinked
4um,train,P0/C1_HF_5_10_4um_doublet/HFocusing_5_10_4um_0_212.npy,particles2SNR_pipeline/output/p0_c1_particles2SNR_staging/train/4um/HFocusing_5_10_4um_0_212.npy,symlinked
4um,train,P0/C1_HF_5_10_4um_doublet/HFocusing_5_10_4um_0_215.npy,particles2SNR_pipeline/output/p0_c1_particles2SNR_staging/train/4um/HFocusing_5_10_4um_0_215.npy,symlinked
4um,train,P0/C1_HF_5_10_4um_doublet/HFocusing_5_10_4um_0_218.npy,particles2SNR_pipeline/output/p0_c1_particles2SNR_staging/train/4um/HFocusing_5_10_4um_0_218.npy,symlinked
4um,train,P0/C1_HF_5_10_4um_doublet/HFocusing_5_10_4um_0_219.npy,particles2SNR_pipeline/output/p0_c1_particles2SNR_staging/train/4um/HFocusing_5_10_4um_0_219.npy,symlinked
4um,train,P0/C1_HF_5_10_4um_doublet/HFocusing_5_10_4um_0_222.npy,particles2SNR_pipeline/output/p0_c1_particles2SNR_staging/train/4um/HFocusing_5_10_4um_0_222.npy,symlinked
4um,train,P0/C1_HF_5_10_4um_doublet/HFocusing_5_10_4um_0_223.npy,particles2SNR_pipeline/output/p0_c1_particles2SNR_staging/train/4um/HFocusing_5_10_4um_0_223.npy,symlinked
4um,train,P0/C1_HF_5_10_4um_doublet/HFocusing_5_10_4um_0_226.npy,particles2SNR_pipeline/output/p0_c1_particles2SNR_staging/train/4um/HFocusing_5_10_4um_0_226.npy,symlinked
4um,train,P0/C1_HF_5_10_4um_doublet/HFocusing_5_10_4um_0_229.npy,particles2SNR_pipeline/output/p0_c1_particles2SNR_staging/train/4um/HFocusing_5_10_4um_0_229.npy,symlinked
4um,train,P0/C1_HF_5_10_4um_doublet/HFocusing_5_10_4um_0_23.npy,particles2SNR_pipeline/output/p0_c1_particles2SNR_staging/train/4um/HFocusing_5_10_4um_0_23.npy,symlinked
4um,train,P0/C1_HF_5_10_4um_doublet/HFocusing_5_10_4um_0_231.npy,particles2SNR_pipeline/output/p0_c1_particles2SNR_staging/train/4um/HFocusing_5_10_4um_0_231.npy,symlinked
4um,train,P0/C1_HF_5_10_4um_doublet/HFocusing_5_10_4um_0_234.npy,particles2SNR_pipeline/output/p0_c1_particles2SNR_staging/train/4um/HFocusing_5_10_4um_0_234.npy,symlinked
4um,train,P0/C1_HF_5_10_4um_doublet/HFocusing_5_10_4um_0_236.npy,particles2SNR_pipeline/output/p0_c1_particles2SNR_staging/train/4um/HFocusing_5_10_4um_0_236.npy,symlinked
4um,train,P0/C1_HF_5_10_4um_doublet/HFocusing_5_10_4um_0_239.npy,particles2SNR_pipeline/output/p0_c1_particles2SNR_staging/train/4um/HFocusing_5_10_4um_0_239.npy,symlinked
4um,test,P0/C1_HF_5_10_4um_doublet/HFocusing_5_10_4um_0_24.npy,particles2SNR_pipeline/output/p0_c1_particles2SNR_staging/test/4um/HFocusing_5_10_4um_0_24.npy,symlinked
4um,test,P0/C1_HF_5_10_4um_doublet/HFocusing_5_10_4um_0_241.npy,particles2SNR_pipeline/output/p0_c1_particles2SNR_staging/test/4um/HFocusing_5_10_4um_0_241.npy,symlinked
4um,train,P0/C1_HF_5_10_4um_doublet/HFocusing_5_10_4um_0_242.npy,particles2SNR_pipeline/output/p0_c1_particles2SNR_staging/train/4um/HFocusing_5_10_4um_0_242.npy,symlinked
4um,test,P0/C1_HF_5_10_4um_doublet/HFocusing_5_10_4um_0_244.npy,particles2SNR_pipeline/output/p0_c1_particles2SNR_staging/test/4um/HFocusing_5_10_4um_0_244.npy,symlinked
4um,train,P0/C1_HF_5_10_4um_doublet/HFocusing_5_10_4um_0_245.npy,particles2SNR_pipeline/output/p0_c1_particles2SNR_staging/train/4um/HFocusing_5_10_4um_0_245.npy,symlinked
4um,train,P0/C1_HF_5_10_4um_doublet/HFocusing_5_10_4um_0_247.npy,particles2SNR_pipeline/output/p0_c1_particles2SNR_staging/train/4um/HFocusing_5_10_4um_0_247.npy,symlinked
4um,train,P0/C1_HF_5_10_4um_doublet/HFocusing_5_10_4um_0_250.npy,particles2SNR_pipeline/output/p0_c1_particles2SNR_staging/train/4um/HFocusing_5_10_4um_0_250.npy,symlinked
4um,train,P0/C1_HF_5_10_4um_doublet/HFocusing_5_10_4um_0_252.npy,particles2SNR_pipeline/output/p0_c1_particles2SNR_staging/train/4um/HFocusing_5_10_4um_0_252.npy,symlinked
4um,train,P0/C1_HF_5_10_4um_doublet/HFocusing_5_10_4um_0_255.npy,particles2SNR_pipeline/output/p0_c1_particles2SNR_staging/train/4um/HFocusing_5_10_4um_0_255.npy,symlinked
4um,train,P0/C1_HF_5_10_4um_doublet/HFocusing_5_10_4um_0_258.npy,particles2SNR_pipeline/output/p0_c1_particles2SNR_staging/train/4um/HFocusing_5_10_4um_0_258.npy,symlinked
4um,train,P0/C1_HF_5_10_4um_doublet/HFocusing_5_10_4um_0_261.npy,particles2SNR_pipeline/output/p0_c1_particles2SNR_staging/train/4um/HFocusing_5_10_4um_0_261.npy,symlinked
4um,train,P0/C1_HF_5_10_4um_doublet/HFocusing_5_10_4um_0_264.npy,particles2SNR_pipeline/output/p0_c1_particles2SNR_staging/train/4um/HFocusing_5_10_4um_0_264.npy,symlinked
4um,train,P0/C1_HF_5_10_4um_doublet/HFocusing_5_10_4um_0_267.npy,particles2SNR_pipeline/output/p0_c1_particles2SNR_staging/train/4um/HFocusing_5_10_4um_0_267.npy,symlinked
4um,train,P0/C1_HF_5_10_4um_doublet/HFocusing_5_10_4um_0_27.npy,particles2SNR_pipeline/output/p0_c1_particles2SNR_staging/train/4um/HFocusing_5_10_4um_0_27.npy,symlinked
4um,train,P0/C1_HF_5_10_4um_doublet/HFocusing_5_10_4um_0_270.npy,particles2SNR_pipeline/output/p0_c1_particles2SNR_staging/train/4um/HFocusing_5_10_4um_0_270.npy,symlinked
4um,train,P0/C1_HF_5_10_4um_doublet/HFocusing_5_10_4um_0_271.npy,particles2SNR_pipeline/output/p0_c1_particles2SNR_staging/train/4um/HFocusing_5_10_4um_0_271.npy,symlinked
4um,train,P0/C1_HF_5_10_4um_doublet/HFocusing_5_10_4um_0_273.npy,particles2SNR_pipeline/output/p0_c1_particles2SNR_staging/train/4um/HFocusing_5_10_4um_0_273.npy,symlinked
4um,train,P0/C1_HF_5_10_4um_doublet/HFocusing_5_10_4um_0_276.npy,particles2SNR_pipeline/output/p0_c1_particles2SNR_staging/train/4um/HFocusing_5_10_4um_0_276.npy,symlinked
4um,train,P0/C1_HF_5_10_4um_doublet/HFocusing_5_10_4um_0_279.npy,particles2SNR_pipeline/output/p0_c1_particles2SNR_staging/train/4um/HFocusing_5_10_4um_0_279.npy,symlinked
4um,train,P0/C1_HF_5_10_4um_doublet/HFocusing_5_10_4um_0_28.npy,particles2SNR_pipeline/output/p0_c1_particles2SNR_staging/train/4um/HFocusing_5_10_4um_0_28.npy,symlinked
4um,test,P0/C1_HF_5_10_4um_doublet/HFocusing_5_10_4um_0_282.npy,particles2SNR_pipeline/output/p0_c1_particles2SNR_staging/test/4um/HFocusing_5_10_4um_0_282.npy,symlinked
4um,train,P0/C1_HF_5_10_4um_doublet/HFocusing_5_10_4um_0_283.npy,particles2SNR_pipeline/output/p0_c1_particles2SNR_staging/train/4um/HFocusing_5_10_4um_0_283.npy,symlinked
4um,train,P0/C1_HF_5_10_4um_doublet/HFocusing_5_10_4um_0_286.npy,particles2SNR_pipeline/output/p0_c1_particles2SNR_staging/train/4um/HFocusing_5_10_4um_0_286.npy,symlinked
4um,train,P0/C1_HF_5_10_4um_doublet/HFocusing_5_10_4um_0_289.npy,particles2SNR_pipeline/output/p0_c1_particles2SNR_staging/train/4um/HFocusing_5_10_4um_0_289.npy,symlinked
4um,test,P0/C1_HF_5_10_4um_doublet/HFocusing_5_10_4um_0_292.npy,particles2SNR_pipeline/output/p0_c1_particles2SNR_staging/test/4um/HFocusing_5_10_4um_0_292.npy,symlinked
4um,train,P0/C1_HF_5_10_4um_doublet/HFocusing_5_10_4um_0_295.npy,particles2SNR_pipeline/output/p0_c1_particles2SNR_staging/train/4um/HFocusing_5_10_4um_0_295.npy,symlinked
4um,test,P0/C1_HF_5_10_4um_doublet/HFocusing_5_10_4um_0_299.npy,particles2SNR_pipeline/output/p0_c1_particles2SNR_staging/test/4um/HFocusing_5_10_4um_0_299.npy,symlinked
4um,train,P0/C1_HF_5_10_4um_doublet/HFocusing_5_10_4um_0_30.npy,particles2SNR_pipeline/output/p0_c1_particles2SNR_staging/train/4um/HFocusing_5_10_4um_0_30.npy,symlinked
4um,train,P0/C1_HF_5_10_4um_doublet/HFocusing_5_10_4um_0_302.npy,particles2SNR_pipeline/output/p0_c1_particles2SNR_staging/train/4um/HFocusing_5_10_4um_0_302.npy,symlinked
4um,train,P0/C1_HF_5_10_4um_doublet/HFocusing_5_10_4um_0_305.npy,particles2SNR_pipeline/output/p0_c1_particles2SNR_staging/train/4um/HFocusing_5_10_4um_0_305.npy,symlinked
4um,train,P0/C1_HF_5_10_4um_doublet/HFocusing_5_10_4um_0_308.npy,particles2SNR_pipeline/output/p0_c1_particles2SNR_staging/train/4um/HFocusing_5_10_4um_0_308.npy,symlinked
4um,train,P0/C1_HF_5_10_4um_doublet/HFocusing_5_10_4um_0_31.npy,particles2SNR_pipeline/output/p0_c1_particles2SNR_staging/train/4um/HFocusing_5_10_4um_0_31.npy,symlinked
4um,train,P0/C1_HF_5_10_4um_doublet/HFocusing_5_10_4um_0_311.npy,particles2SNR_pipeline/output/p0_c1_particles2SNR_staging/train/4um/HFocusing_5_10_4um_0_311.npy,symlinked
4um,train,P0/C1_HF_5_10_4um_doublet/HFocusing_5_10_4um_0_314.npy,particles2SNR_pipeline/output/p0_c1_particles2SNR_staging/train/4um/HFocusing_5_10_4um_0_314.npy,symlinked
4um,train,P0/C1_HF_5_10_4um_doublet/HFocusing_5_10_4um_0_317.npy,particles2SNR_pipeline/output/p0_c1_particles2SNR_staging/train/4um/HFocusing_5_10_4um_0_317.npy,symlinked
4um,train,P0/C1_HF_5_10_4um_doublet/HFocusing_5_10_4um_0_320.npy,particles2SNR_pipeline/output/p0_c1_particles2SNR_staging/train/4um/HFocusing_5_10_4um_0_320.npy,symlinked
4um,train,P0/C1_HF_5_10_4um_doublet/HFocusing_5_10_4um_0_323.npy,particles2SNR_pipeline/output/p0_c1_particles2SNR_staging/train/4um/HFocusing_5_10_4um_0_323.npy,symlinked
4um,test,P0/C1_HF_5_10_4um_doublet/HFocusing_5_10_4um_0_326.npy,particles2SNR_pipeline/output/p0_c1_particles2SNR_staging/test/4um/HFocusing_5_10_4um_0_326.npy,symlinked
4um,train,P0/C1_HF_5_10_4um_doublet/HFocusing_5_10_4um_0_329.npy,particles2SNR_pipeline/output/p0_c1_particles2SNR_staging/train/4um/HFocusing_5_10_4um_0_329.npy,symlinked
4um,train,P0/C1_HF_5_10_4um_doublet/HFocusing_5_10_4um_0_332.npy,particles2SNR_pipeline/output/p0_c1_particles2SNR_staging/train/4um/HFocusing_5_10_4um_0_332.npy,symlinked
4um,test,P0/C1_HF_5_10_4um_doublet/HFocusing_5_10_4um_0_335.npy,particles2SNR_pipeline/output/p0_c1_particles2SNR_staging/test/4um/HFocusing_5_10_4um_0_335.npy,symlinked
4um,train,P0/C1_HF_5_10_4um_doublet/HFocusing_5_10_4um_0_336.npy,particles2SNR_pipeline/output/p0_c1_particles2SNR_staging/train/4um/HFocusing_5_10_4um_0_336.npy,symlinked
4um,train,P0/C1_HF_5_10_4um_doublet/HFocusing_5_10_4um_0_339.npy,particles2SNR_pipeline/output/p0_c1_particles2SNR_staging/train/4um/HFocusing_5_10_4um_0_339.npy,symlinked
4um,test,P0/C1_HF_5_10_4um_doublet/HFocusing_5_10_4um_0_34.npy,particles2SNR_pipeline/output/p0_c1_particles2SNR_staging/test/4um/HFocusing_5_10_4um_0_34.npy,symlinked
4um,train,P0/C1_HF_5_10_4um_doublet/HFocusing_5_10_4um_0_342.npy,particles2SNR_pipeline/output/p0_c1_particles2SNR_staging/train/4um/HFocusing_5_10_4um_0_342.npy,symlinked
4um,test,P0/C1_HF_5_10_4um_doublet/HFocusing_5_10_4um_0_345.npy,particles2SNR_pipeline/output/p0_c1_particles2SNR_staging/test/4um/HFocusing_5_10_4um_0_345.npy,symlinked
4um,train,P0/C1_HF_5_10_4um_doublet/HFocusing_5_10_4um_0_347.npy,particles2SNR_pipeline/output/p0_c1_particles2SNR_staging/train/4um/HFocusing_5_10_4um_0_347.npy,symlinked
4um,test,P0/C1_HF_5_10_4um_doublet/HFocusing_5_10_4um_0_350.npy,particles2SNR_pipeline/output/p0_c1_particles2SNR_staging/test/4um/HFocusing_5_10_4um_0_350.npy,symlinked
4um,train,P0/C1_HF_5_10_4um_doublet/HFocusing_5_10_4um_0_353.npy,particles2SNR_pipeline/output/p0_c1_particles2SNR_staging/train/4um/HFocusing_5_10_4um_0_353.npy,symlinked
4um,test,P0/C1_HF_5_10_4um_doublet/HFocusing_5_10_4um_0_356.npy,particles2SNR_pipeline/output/p0_c1_particles2SNR_staging/test/4um/HFocusing_5_10_4um_0_356.npy,symlinked
4um,train,P0/C1_HF_5_10_4um_doublet/HFocusing_5_10_4um_0_359.npy,particles2SNR_pipeline/output/p0_c1_particles2SNR_staging/train/4um/HFocusing_5_10_4um_0_359.npy,symlinked
4um,test,P0/C1_HF_5_10_4um_doublet/HFocusing_5_10_4um_0_362.npy,particles2SNR_pipeline/output/p0_c1_particles2SNR_staging/test/4um/HFocusing_5_10_4um_0_362.npy,symlinked
4um,train,P0/C1_HF_5_10_4um_doublet/HFocusing_5_10_4um_0_364.npy,particles2SNR_pipeline/output/p0_c1_particles2SNR_staging/train/4um/HFocusing_5_10_4um_0_364.npy,symlinked
4um,train,P0/C1_HF_5_10_4um_doublet/HFocusing_5_10_4um_0_367.npy,particles2SNR_pipeline/output/p0_c1_particles2SNR_staging/train/4um/HFocusing_5_10_4um_0_367.npy,symlinked
4um,train,P0/C1_HF_5_10_4um_doublet/HFocusing_5_10_4um_0_370.npy,particles2SNR_pipeline/output/p0_c1_particles2SNR_staging/train/4um/HFocusing_5_10_4um_0_370.npy,symlinked
4um,train,P0/C1_HF_5_10_4um_doublet/HFocusing_5_10_4um_0_373.npy,particles2SNR_pipeline/output/p0_c1_particles2SNR_staging/train/4um/HFocusing_5_10_4um_0_373.npy,symlinked
4um,train,P0/C1_HF_5_10_4um_doublet/HFocusing_5_10_4um_0_376.npy,particles2SNR_pipeline/output/p0_c1_particles2SNR_staging/train/4um/HFocusing_5_10_4um_0_376.npy,symlinked
4um,train,P0/C1_HF_5_10_4um_doublet/HFocusing_5_10_4um_0_378.npy,particles2SNR_pipeline/output/p0_c1_particles2SNR_staging/train/4um/HFocusing_5_10_4um_0_378.npy,symlinked
4um,train,P0/C1_HF_5_10_4um_doublet/HFocusing_5_10_4um_0_38.npy,particles2SNR_pipeline/output/p0_c1_particles2SNR_staging/train/4um/HFocusing_5_10_4um_0_38.npy,symlinked
4um,train,P0/C1_HF_5_10_4um_doublet/HFocusing_5_10_4um_0_381.npy,particles2SNR_pipeline/output/p0_c1_particles2SNR_staging/train/4um/HFocusing_5_10_4um_0_381.npy,symlinked
4um,train,P0/C1_HF_5_10_4um_doublet/HFocusing_5_10_4um_0_384.npy,particles2SNR_pipeline/output/p0_c1_particles2SNR_staging/train/4um/HFocusing_5_10_4um_0_384.npy,symlinked
4um,train,P0/C1_HF_5_10_4um_doublet/HFocusing_5_10_4um_0_387.npy,particles2SNR_pipeline/output/p0_c1_particles2SNR_staging/train/4um/HFocusing_5_10_4um_0_387.npy,symlinked
4um,train,P0/C1_HF_5_10_4um_doublet/HFocusing_5_10_4um_0_390.npy,particles2SNR_pipeline/output/p0_c1_particles2SNR_staging/train/4um/HFocusing_5_10_4um_0_390.npy,symlinked
4um,test,P0/C1_HF_5_10_4um_doublet/HFocusing_5_10_4um_0_393.npy,particles2SNR_pipeline/output/p0_c1_particles2SNR_staging/test/4um/HFocusing_5_10_4um_0_393.npy,symlinked
4um,train,P0/C1_HF_5_10_4um_doublet/HFocusing_5_10_4um_0_396.npy,particles2SNR_pipeline/output/p0_c1_particles2SNR_staging/train/4um/HFocusing_5_10_4um_0_396.npy,symlinked
4um,train,P0/C1_HF_5_10_4um_doublet/HFocusing_5_10_4um_0_398.npy,particles2SNR_pipeline/output/p0_c1_particles2SNR_staging/train/4um/HFocusing_5_10_4um_0_398.npy,symlinked
4um,train,P0/C1_HF_5_10_4um_doublet/HFocusing_5_10_4um_0_4.npy,particles2SNR_pipeline/output/p0_c1_particles2SNR_staging/train/4um/HFocusing_5_10_4um_0_4.npy,symlinked
4um,train,P0/C1_HF_5_10_4um_doublet/HFocusing_5_10_4um_0_401.npy,particles2SNR_pipeline/output/p0_c1_particles2SNR_staging/train/4um/HFocusing_5_10_4um_0_401.npy,symlinked
4um,train,P0/C1_HF_5_10_4um_doublet/HFocusing_5_10_4um_0_404.npy,particles2SNR_pipeline/output/p0_c1_particles2SNR_staging/train/4um/HFocusing_5_10_4um_0_404.npy,symlinked
4um,train,P0/C1_HF_5_10_4um_doublet/HFocusing_5_10_4um_0_407.npy,particles2SNR_pipeline/output/p0_c1_particles2SNR_staging/train/4um/HFocusing_5_10_4um_0_407.npy,symlinked
4um,train,P0/C1_HF_5_10_4um_doublet/HFocusing_5_10_4um_0_41.npy,particles2SNR_pipeline/output/p0_c1_particles2SNR_staging/train/4um/HFocusing_5_10_4um_0_41.npy,symlinked
4um,train,P0/C1_HF_5_10_4um_doublet/HFocusing_5_10_4um_0_410.npy,particles2SNR_pipeline/output/p0_c1_particles2SNR_staging/train/4um/HFocusing_5_10_4um_0_410.npy,symlinked
4um,train,P0/C1_HF_5_10_4um_doublet/HFocusing_5_10_4um_0_413.npy,particles2SNR_pipeline/output/p0_c1_particles2SNR_staging/train/4um/HFocusing_5_10_4um_0_413.npy,symlinked
4um,train,P0/C1_HF_5_10_4um_doublet/HFocusing_5_10_4um_0_416.npy,particles2SNR_pipeline/output/p0_c1_particles2SNR_staging/train/4um/HFocusing_5_10_4um_0_416.npy,symlinked
4um,train,P0/C1_HF_5_10_4um_doublet/HFocusing_5_10_4um_0_417.npy,particles2SNR_pipeline/output/p0_c1_particles2SNR_staging/train/4um/HFocusing_5_10_4um_0_417.npy,symlinked
4um,train,P0/C1_HF_5_10_4um_doublet/HFocusing_5_10_4um_0_419.npy,particles2SNR_pipeline/output/p0_c1_particles2SNR_staging/train/4um/HFocusing_5_10_4um_0_419.npy,symlinked
4um,train,P0/C1_HF_5_10_4um_doublet/HFocusing_5_10_4um_0_42.npy,particles2SNR_pipeline/output/p0_c1_particles2SNR_staging/train/4um/HFocusing_5_10_4um_0_42.npy,symlinked
4um,train,P0/C1_HF_5_10_4um_doublet/HFocusing_5_10_4um_0_422.npy,particles2SNR_pipeline/output/p0_c1_particles2SNR_staging/train/4um/HFocusing_5_10_4um_0_422.npy,symlinked
4um,train,P0/C1_HF_5_10_4um_doublet/HFocusing_5_10_4um_0_425.npy,particles2SNR_pipeline/output/p0_c1_particles2SNR_staging/train/4um/HFocusing_5_10_4um_0_425.npy,symlinked
4um,test,P0/C1_HF_5_10_4um_doublet/HFocusing_5_10_4um_0_428.npy,particles2SNR_pipeline/output/p0_c1_particles2SNR_staging/test/4um/HFocusing_5_10_4um_0_428.npy,symlinked
4um,train,P0/C1_HF_5_10_4um_doublet/HFocusing_5_10_4um_0_431.npy,particles2SNR_pipeline/output/p0_c1_particles2SNR_staging/train/4um/HFocusing_5_10_4um_0_431.npy,symlinked
4um,test,P0/C1_HF_5_10_4um_doublet/HFocusing_5_10_4um_0_434.npy,particles2SNR_pipeline/output/p0_c1_particles2SNR_staging/test/4um/HFocusing_5_10_4um_0_434.npy,symlinked
4um,train,P0/C1_HF_5_10_4um_doublet/HFocusing_5_10_4um_0_437.npy,particles2SNR_pipeline/output/p0_c1_particles2SNR_staging/train/4um/HFocusing_5_10_4um_0_437.npy,symlinked
4um,train,P0/C1_HF_5_10_4um_doublet/HFocusing_5_10_4um_0_440.npy,particles2SNR_pipeline/output/p0_c1_particles2SNR_staging/train/4um/HFocusing_5_10_4um_0_440.npy,symlinked
4um,train,P0/C1_HF_5_10_4um_doublet/HFocusing_5_10_4um_0_443.npy,particles2SNR_pipeline/output/p0_c1_particles2SNR_staging/train/4um/HFocusing_5_10_4um_0_443.npy,symlinked
4um,train,P0/C1_HF_5_10_4um_doublet/HFocusing_5_10_4um_0_444.npy,particles2SNR_pipeline/output/p0_c1_particles2SNR_staging/train/4um/HFocusing_5_10_4um_0_444.npy,symlinked
4um,train,P0/C1_HF_5_10_4um_doublet/HFocusing_5_10_4um_0_447.npy,particles2SNR_pipeline/output/p0_c1_particles2SNR_staging/train/4um/HFocusing_5_10_4um_0_447.npy,symlinked
4um,train,P0/C1_HF_5_10_4um_doublet/HFocusing_5_10_4um_0_45.npy,particles2SNR_pipeline/output/p0_c1_particles2SNR_staging/train/4um/HFocusing_5_10_4um_0_45.npy,symlinked
4um,test,P0/C1_HF_5_10_4um_doublet/HFocusing_5_10_4um_0_450.npy,particles2SNR_pipeline/output/p0_c1_particles2SNR_staging/test/4um/HFocusing_5_10_4um_0_450.npy,symlinked
4um,train,P0/C1_HF_5_10_4um_doublet/HFocusing_5_10_4um_0_454.npy,particles2SNR_pipeline/output/p0_c1_particles2SNR_staging/train/4um/HFocusing_5_10_4um_0_454.npy,symlinked
4um,train,P0/C1_HF_5_10_4um_doublet/HFocusing_5_10_4um_0_457.npy,particles2SNR_pipeline/output/p0_c1_particles2SNR_staging/train/4um/HFocusing_5_10_4um_0_457.npy,symlinked
4um,train,P0/C1_HF_5_10_4um_doublet/HFocusing_5_10_4um_0_459.npy,particles2SNR_pipeline/output/p0_c1_particles2SNR_staging/train/4um/HFocusing_5_10_4um_0_459.npy,symlinked
4um,train,P0/C1_HF_5_10_4um_doublet/HFocusing_5_10_4um_0_460.npy,particles2SNR_pipeline/output/p0_c1_particles2SNR_staging/train/4um/HFocusing_5_10_4um_0_460.npy,symlinked
4um,train,P0/C1_HF_5_10_4um_doublet/HFocusing_5_10_4um_0_463.npy,particles2SNR_pipeline/output/p0_c1_particles2SNR_staging/train/4um/HFocusing_5_10_4um_0_463.npy,symlinked
4um,train,P0/C1_HF_5_10_4um_doublet/HFocusing_5_10_4um_0_466.npy,particles2SNR_pipeline/output/p0_c1_particles2SNR_staging/train/4um/HFocusing_5_10_4um_0_466.npy,symlinked
4um,train,P0/C1_HF_5_10_4um_doublet/HFocusing_5_10_4um_0_469.npy,particles2SNR_pipeline/output/p0_c1_particles2SNR_staging/train/4um/HFocusing_5_10_4um_0_469.npy,symlinked
4um,train,P0/C1_HF_5_10_4um_doublet/HFocusing_5_10_4um_0_472.npy,particles2SNR_pipeline/output/p0_c1_particles2SNR_staging/train/4um/HFocusing_5_10_4um_0_472.npy,symlinked
4um,train,P0/C1_HF_5_10_4um_doublet/HFocusing_5_10_4um_0_474.npy,particles2SNR_pipeline/output/p0_c1_particles2SNR_staging/train/4um/HFocusing_5_10_4um_0_474.npy,symlinked
4um,train,P0/C1_HF_5_10_4um_doublet/HFocusing_5_10_4um_0_477.npy,particles2SNR_pipeline/output/p0_c1_particles2SNR_staging/train/4um/HFocusing_5_10_4um_0_477.npy,symlinked
4um,train,P0/C1_HF_5_10_4um_doublet/HFocusing_5_10_4um_0_48.npy,particles2SNR_pipeline/output/p0_c1_particles2SNR_staging/train/4um/HFocusing_5_10_4um_0_48.npy,symlinked
4um,train,P0/C1_HF_5_10_4um_doublet/HFocusing_5_10_4um_0_480.npy,particles2SNR_pipeline/output/p0_c1_particles2SNR_staging/train/4um/HFocusing_5_10_4um_0_480.npy,symlinked
4um,train,P0/C1_HF_5_10_4um_doublet/HFocusing_5_10_4um_0_483.npy,particles2SNR_pipeline/output/p0_c1_particles2SNR_staging/train/4um/HFocusing_5_10_4um_0_483.npy,symlinked
4um,train,P0/C1_HF_5_10_4um_doublet/HFocusing_5_10_4um_0_484.npy,particles2SNR_pipeline/output/p0_c1_particles2SNR_staging/train/4um/HFocusing_5_10_4um_0_484.npy,symlinked
4um,train,P0/C1_HF_5_10_4um_doublet/HFocusing_5_10_4um_0_486.npy,particles2SNR_pipeline/output/p0_c1_particles2SNR_staging/train/4um/HFocusing_5_10_4um_0_486.npy,symlinked
4um,train,P0/C1_HF_5_10_4um_doublet/HFocusing_5_10_4um_0_489.npy,particles2SNR_pipeline/output/p0_c1_particles2SNR_staging/train/4um/HFocusing_5_10_4um_0_489.npy,symlinked
4um,test,P0/C1_HF_5_10_4um_doublet/HFocusing_5_10_4um_0_492.npy,particles2SNR_pipeline/output/p0_c1_particles2SNR_staging/test/4um/HFocusing_5_10_4um_0_492.npy,symlinked
4um,train,P0/C1_HF_5_10_4um_doublet/HFocusing_5_10_4um_0_494.npy,particles2SNR_pipeline/output/p0_c1_particles2SNR_staging/train/4um/HFocusing_5_10_4um_0_494.npy,symlinked
4um,train,P0/C1_HF_5_10_4um_doublet/HFocusing_5_10_4um_0_497.npy,particles2SNR_pipeline/output/p0_c1_particles2SNR_staging/train/4um/HFocusing_5_10_4um_0_497.npy,symlinked
4um,train,P0/C1_HF_5_10_4um_doublet/HFocusing_5_10_4um_0_5.npy,particles2SNR_pipeline/output/p0_c1_particles2SNR_staging/train/4um/HFocusing_5_10_4um_0_5.npy,symlinked
4um,train,P0/C1_HF_5_10_4um_doublet/HFocusing_5_10_4um_0_500.npy,particles2SNR_pipeline/output/p0_c1_particles2SNR_staging/train/4um/HFocusing_5_10_4um_0_500.npy,symlinked
4um,test,P0/C1_HF_5_10_4um_doublet/HFocusing_5_10_4um_0_503.npy,particles2SNR_pipeline/output/p0_c1_particles2SNR_staging/test/4um/HFocusing_5_10_4um_0_503.npy,symlinked
4um,train,P0/C1_HF_5_10_4um_doublet/HFocusing_5_10_4um_0_507.npy,particles2SNR_pipeline/output/p0_c1_particles2SNR_staging/train/4um/HFocusing_5_10_4um_0_507.npy,symlinked
4um,train,P0/C1_HF_5_10_4um_doublet/HFocusing_5_10_4um_0_509.npy,particles2SNR_pipeline/output/p0_c1_particles2SNR_staging/train/4um/HFocusing_5_10_4um_0_509.npy,symlinked
4um,train,P0/C1_HF_5_10_4um_doublet/HFocusing_5_10_4um_0_51.npy,particles2SNR_pipeline/output/p0_c1_particles2SNR_staging/train/4um/HFocusing_5_10_4um_0_51.npy,symlinked
4um,train,P0/C1_HF_5_10_4um_doublet/HFocusing_5_10_4um_0_512.npy,particles2SNR_pipeline/output/p0_c1_particles2SNR_staging/train/4um/HFocusing_5_10_4um_0_512.npy,symlinked
4um,train,P0/C1_HF_5_10_4um_doublet/HFocusing_5_10_4um_0_513.npy,particles2SNR_pipeline/output/p0_c1_particles2SNR_staging/train/4um/HFocusing_5_10_4um_0_513.npy,symlinked
4um,test,P0/C1_HF_5_10_4um_doublet/HFocusing_5_10_4um_0_515.npy,particles2SNR_pipeline/output/p0_c1_particles2SNR_staging/test/4um/HFocusing_5_10_4um_0_515.npy,symlinked
4um,train,P0/C1_HF_5_10_4um_doublet/HFocusing_5_10_4um_0_518.npy,particles2SNR_pipeline/output/p0_c1_particles2SNR_staging/train/4um/HFocusing_5_10_4um_0_518.npy,symlinked
4um,train,P0/C1_HF_5_10_4um_doublet/HFocusing_5_10_4um_0_52.npy,particles2SNR_pipeline/output/p0_c1_particles2SNR_staging/train/4um/HFocusing_5_10_4um_0_52.npy,symlinked
4um,test,P0/C1_HF_5_10_4um_doublet/HFocusing_5_10_4um_0_521.npy,particles2SNR_pipeline/output/p0_c1_particles2SNR_staging/test/4um/HFocusing_5_10_4um_0_521.npy,symlinked
4um,train,P0/C1_HF_5_10_4um_doublet/HFocusing_5_10_4um_0_524.npy,particles2SNR_pipeline/output/p0_c1_particles2SNR_staging/train/4um/HFocusing_5_10_4um_0_524.npy,symlinked
4um,train,P0/C1_HF_5_10_4um_doublet/HFocusing_5_10_4um_0_525.npy,particles2SNR_pipeline/output/p0_c1_particles2SNR_staging/train/4um/HFocusing_5_10_4um_0_525.npy,symlinked
4um,train,P0/C1_HF_5_10_4um_doublet/HFocusing_5_10_4um_0_528.npy,particles2SNR_pipeline/output/p0_c1_particles2SNR_staging/train/4um/HFocusing_5_10_4um_0_528.npy,symlinked
4um,train,P0/C1_HF_5_10_4um_doublet/HFocusing_5_10_4um_0_531.npy,particles2SNR_pipeline/output/p0_c1_particles2SNR_staging/train/4um/HFocusing_5_10_4um_0_531.npy,symlinked
4um,train,P0/C1_HF_5_10_4um_doublet/HFocusing_5_10_4um_0_534.npy,particles2SNR_pipeline/output/p0_c1_particles2SNR_staging/train/4um/HFocusing_5_10_4um_0_534.npy,symlinked
4um,train,P0/C1_HF_5_10_4um_doublet/HFocusing_5_10_4um_0_537.npy,particles2SNR_pipeline/output/p0_c1_particles2SNR_staging/train/4um/HFocusing_5_10_4um_0_537.npy,symlinked
4um,train,P0/C1_HF_5_10_4um_doublet/HFocusing_5_10_4um_0_54.npy,particles2SNR_pipeline/output/p0_c1_particles2SNR_staging/train/4um/HFocusing_5_10_4um_0_54.npy,symlinked
4um,train,P0/C1_HF_5_10_4um_doublet/HFocusing_5_10_4um_0_540.npy,particles2SNR_pipeline/output/p0_c1_particles2SNR_staging/train/4um/HFocusing_5_10_4um_0_540.npy,symlinked
4um,train,P0/C1_HF_5_10_4um_doublet/HFocusing_5_10_4um_0_543.npy,particles2SNR_pipeline/output/p0_c1_particles2SNR_staging/train/4um/HFocusing_5_10_4um_0_543.npy,symlinked
4um,train,P0/C1_HF_5_10_4um_doublet/HFocusing_5_10_4um_0_546.npy,particles2SNR_pipeline/output/p0_c1_particles2SNR_staging/train/4um/HFocusing_5_10_4um_0_546.npy,symlinked
4um,train,P0/C1_HF_5_10_4um_doublet/HFocusing_5_10_4um_0_549.npy,particles2SNR_pipeline/output/p0_c1_particles2SNR_staging/train/4um/HFocusing_5_10_4um_0_549.npy,symlinked
4um,test,P0/C1_HF_5_10_4um_doublet/HFocusing_5_10_4um_0_55.npy,particles2SNR_pipeline/output/p0_c1_particles2SNR_staging/test/4um/HFocusing_5_10_4um_0_55.npy,symlinked
4um,train,P0/C1_HF_5_10_4um_doublet/HFocusing_5_10_4um_0_552.npy,particles2SNR_pipeline/output/p0_c1_particles2SNR_staging/train/4um/HFocusing_5_10_4um_0_552.npy,symlinked
4um,train,P0/C1_HF_5_10_4um_doublet/HFocusing_5_10_4um_0_555.npy,particles2SNR_pipeline/output/p0_c1_particles2SNR_staging/train/4um/HFocusing_5_10_4um_0_555.npy,symlinked
4um,train,P0/C1_HF_5_10_4um_doublet/HFocusing_5_10_4um_0_558.npy,particles2SNR_pipeline/output/p0_c1_particles2SNR_staging/train/4um/HFocusing_5_10_4um_0_558.npy,symlinked
4um,train,P0/C1_HF_5_10_4um_doublet/HFocusing_5_10_4um_0_561.npy,particles2SNR_pipeline/output/p0_c1_particles2SNR_staging/train/4um/HFocusing_5_10_4um_0_561.npy,symlinked
4um,train,P0/C1_HF_5_10_4um_doublet/HFocusing_5_10_4um_0_564.npy,particles2SNR_pipeline/output/p0_c1_particles2SNR_staging/train/4um/HFocusing_5_10_4um_0_564.npy,symlinked
4um,train,P0/C1_HF_5_10_4um_doublet/HFocusing_5_10_4um_0_567.npy,particles2SNR_pipeline/output/p0_c1_particles2SNR_staging/train/4um/HFocusing_5_10_4um_0_567.npy,symlinked
4um,train,P0/C1_HF_5_10_4um_doublet/HFocusing_5_10_4um_0_570.npy,particles2SNR_pipeline/output/p0_c1_particles2SNR_staging/train/4um/HFocusing_5_10_4um_0_570.npy,symlinked
4um,train,P0/C1_HF_5_10_4um_doublet/HFocusing_5_10_4um_0_573.npy,particles2SNR_pipeline/output/p0_c1_particles2SNR_staging/train/4um/HFocusing_5_10_4um_0_573.npy,symlinked
4um,train,P0/C1_HF_5_10_4um_doublet/HFocusing_5_10_4um_0_576.npy,particles2SNR_pipeline/output/p0_c1_particles2SNR_staging/train/4um/HFocusing_5_10_4um_0_576.npy,symlinked
4um,train,P0/C1_HF_5_10_4um_doublet/HFocusing_5_10_4um_0_579.npy,particles2SNR_pipeline/output/p0_c1_particles2SNR_staging/train/4um/HFocusing_5_10_4um_0_579.npy,symlinked
4um,train,P0/C1_HF_5_10_4um_doublet/HFocusing_5_10_4um_0_58.npy,particles2SNR_pipeline/output/p0_c1_particles2SNR_staging/train/4um/HFocusing_5_10_4um_0_58.npy,symlinked
4um,train,P0/C1_HF_5_10_4um_doublet/HFocusing_5_10_4um_0_582.npy,particles2SNR_pipeline/output/p0_c1_particles2SNR_staging/train/4um/HFocusing_5_10_4um_0_582.npy,symlinked
4um,train,P0/C1_HF_5_10_4um_doublet/HFocusing_5_10_4um_0_585.npy,particles2SNR_pipeline/output/p0_c1_particles2SNR_staging/train/4um/HFocusing_5_10_4um_0_585.npy,symlinked
4um,train,P0/C1_HF_5_10_4um_doublet/HFocusing_5_10_4um_0_588.npy,particles2SNR_pipeline/output/p0_c1_particles2SNR_staging/train/4um/HFocusing_5_10_4um_0_588.npy,symlinked
4um,test,P0/C1_HF_5_10_4um_doublet/HFocusing_5_10_4um_0_591.npy,particles2SNR_pipeline/output/p0_c1_particles2SNR_staging/test/4um/HFocusing_5_10_4um_0_591.npy,symlinked
4um,train,P0/C1_HF_5_10_4um_doublet/HFocusing_5_10_4um_0_594.npy,particles2SNR_pipeline/output/p0_c1_particles2SNR_staging/train/4um/HFocusing_5_10_4um_0_594.npy,symlinked
4um,train,P0/C1_HF_5_10_4um_doublet/HFocusing_5_10_4um_0_596.npy,particles2SNR_pipeline/output/p0_c1_particles2SNR_staging/train/4um/HFocusing_5_10_4um_0_596.npy,symlinked
4um,train,P0/C1_HF_5_10_4um_doublet/HFocusing_5_10_4um_0_597.npy,particles2SNR_pipeline/output/p0_c1_particles2SNR_staging/train/4um/HFocusing_5_10_4um_0_597.npy,symlinked
4um,train,P0/C1_HF_5_10_4um_doublet/HFocusing_5_10_4um_0_60.npy,particles2SNR_pipeline/output/p0_c1_particles2SNR_staging/train/4um/HFocusing_5_10_4um_0_60.npy,symlinked
4um,test,P0/C1_HF_5_10_4um_doublet/HFocusing_5_10_4um_0_600.npy,particles2SNR_pipeline/output/p0_c1_particles2SNR_staging/test/4um/HFocusing_5_10_4um_0_600.npy,symlinked
4um,train,P0/C1_HF_5_10_4um_doublet/HFocusing_5_10_4um_0_603.npy,particles2SNR_pipeline/output/p0_c1_particles2SNR_staging/train/4um/HFocusing_5_10_4um_0_603.npy,symlinked
4um,test,P0/C1_HF_5_10_4um_doublet/HFocusing_5_10_4um_0_606.npy,particles2SNR_pipeline/output/p0_c1_particles2SNR_staging/test/4um/HFocusing_5_10_4um_0_606.npy,symlinked
4um,train,P0/C1_HF_5_10_4um_doublet/HFocusing_5_10_4um_0_609.npy,particles2SNR_pipeline/output/p0_c1_particles2SNR_staging/train/4um/HFocusing_5_10_4um_0_609.npy,symlinked
4um,train,P0/C1_HF_5_10_4um_doublet/HFocusing_5_10_4um_0_61.npy,particles2SNR_pipeline/output/p0_c1_particles2SNR_staging/train/4um/HFocusing_5_10_4um_0_61.npy,symlinked
4um,test,P0/C1_HF_5_10_4um_doublet/HFocusing_5_10_4um_0_611.npy,particles2SNR_pipeline/output/p0_c1_particles2SNR_staging/test/4um/HFocusing_5_10_4um_0_611.npy,symlinked
4um,test,P0/C1_HF_5_10_4um_doublet/HFocusing_5_10_4um_0_612.npy,particles2SNR_pipeline/output/p0_c1_particles2SNR_staging/test/4um/HFocusing_5_10_4um_0_612.npy,symlinked
4um,test,P0/C1_HF_5_10_4um_doublet/HFocusing_5_10_4um_0_615.npy,particles2SNR_pipeline/output/p0_c1_particles2SNR_staging/test/4um/HFocusing_5_10_4um_0_615.npy,symlinked
4um,train,P0/C1_HF_5_10_4um_doublet/HFocusing_5_10_4um_0_618.npy,particles2SNR_pipeline/output/p0_c1_particles2SNR_staging/train/4um/HFocusing_5_10_4um_0_618.npy,symlinked
4um,train,P0/C1_HF_5_10_4um_doublet/HFocusing_5_10_4um_0_621.npy,particles2SNR_pipeline/output/p0_c1_particles2SNR_staging/train/4um/HFocusing_5_10_4um_0_621.npy,symlinked
4um,train,P0/C1_HF_5_10_4um_doublet/HFocusing_5_10_4um_0_624.npy,particles2SNR_pipeline/output/p0_c1_particles2SNR_staging/train/4um/HFocusing_5_10_4um_0_624.npy,symlinked
4um,train,P0/C1_HF_5_10_4um_doublet/HFocusing_5_10_4um_0_627.npy,particles2SNR_pipeline/output/p0_c1_particles2SNR_staging/train/4um/HFocusing_5_10_4um_0_627.npy,symlinked
4um,train,P0/C1_HF_5_10_4um_doublet/HFocusing_5_10_4um_0_629.npy,particles2SNR_pipeline/output/p0_c1_particles2SNR_staging/train/4um/HFocusing_5_10_4um_0_629.npy,symlinked
4um,train,P0/C1_HF_5_10_4um_doublet/HFocusing_5_10_4um_0_632.npy,particles2SNR_pipeline/output/p0_c1_particles2SNR_staging/train/4um/HFocusing_5_10_4um_0_632.npy,symlinked
4um,train,P0/C1_HF_5_10_4um_doublet/HFocusing_5_10_4um_0_635.npy,particles2SNR_pipeline/output/p0_c1_particles2SNR_staging/train/4um/HFocusing_5_10_4um_0_635.npy,symlinked
4um,test,P0/C1_HF_5_10_4um_doublet/HFocusing_5_10_4um_0_638.npy,particles2SNR_pipeline/output/p0_c1_particles2SNR_staging/test/4um/HFocusing_5_10_4um_0_638.npy,symlinked
4um,train,P0/C1_HF_5_10_4um_doublet/HFocusing_5_10_4um_0_639.npy,particles2SNR_pipeline/output/p0_c1_particles2SNR_staging/train/4um/HFocusing_5_10_4um_0_639.npy,symlinked
4um,train,P0/C1_HF_5_10_4um_doublet/HFocusing_5_10_4um_0_64.npy,particles2SNR_pipeline/output/p0_c1_particles2SNR_staging/train/4um/HFocusing_5_10_4um_0_64.npy,symlinked
4um,train,P0/C1_HF_5_10_4um_doublet/HFocusing_5_10_4um_0_642.npy,particles2SNR_pipeline/output/p0_c1_particles2SNR_staging/train/4um/HFocusing_5_10_4um_0_642.npy,symlinked
4um,train,P0/C1_HF_5_10_4um_doublet/HFocusing_5_10_4um_0_645.npy,particles2SNR_pipeline/output/p0_c1_particles2SNR_staging/train/4um/HFocusing_5_10_4um_0_645.npy,symlinked
4um,train,P0/C1_HF_5_10_4um_doublet/HFocusing_5_10_4um_0_648.npy,particles2SNR_pipeline/output/p0_c1_particles2SNR_staging/train/4um/HFocusing_5_10_4um_0_648.npy,symlinked
4um,test,P0/C1_HF_5_10_4um_doublet/HFocusing_5_10_4um_0_65.npy,particles2SNR_pipeline/output/p0_c1_particles2SNR_staging/test/4um/HFocusing_5_10_4um_0_65.npy,symlinked
4um,test,P0/C1_HF_5_10_4um_doublet/HFocusing_5_10_4um_0_651.npy,particles2SNR_pipeline/output/p0_c1_particles2SNR_staging/test/4um/HFocusing_5_10_4um_0_651.npy,symlinked
4um,test,P0/C1_HF_5_10_4um_doublet/HFocusing_5_10_4um_0_654.npy,particles2SNR_pipeline/output/p0_c1_particles2SNR_staging/test/4um/HFocusing_5_10_4um_0_654.npy,symlinked
4um,train,P0/C1_HF_5_10_4um_doublet/HFocusing_5_10_4um_0_657.npy,particles2SNR_pipeline/output/p0_c1_particles2SNR_staging/train/4um/HFocusing_5_10_4um_0_657.npy,symlinked
4um,train,P0/C1_HF_5_10_4um_doublet/HFocusing_5_10_4um_0_660.npy,particles2SNR_pipeline/output/p0_c1_particles2SNR_staging/train/4um/HFocusing_5_10_4um_0_660.npy,symlinked
4um,train,P0/C1_HF_5_10_4um_doublet/HFocusing_5_10_4um_0_663.npy,particles2SNR_pipeline/output/p0_c1_particles2SNR_staging/train/4um/HFocusing_5_10_4um_0_663.npy,symlinked
4um,train,P0/C1_HF_5_10_4um_doublet/HFocusing_5_10_4um_0_666.npy,particles2SNR_pipeline/output/p0_c1_particles2SNR_staging/train/4um/HFocusing_5_10_4um_0_666.npy,symlinked
4um,train,P0/C1_HF_5_10_4um_doublet/HFocusing_5_10_4um_0_669.npy,particles2SNR_pipeline/output/p0_c1_particles2SNR_staging/train/4um/HFocusing_5_10_4um_0_669.npy,symlinked
4um,train,P0/C1_HF_5_10_4um_doublet/HFocusing_5_10_4um_0_670.npy,particles2SNR_pipeline/output/p0_c1_particles2SNR_staging/train/4um/HFocusing_5_10_4um_0_670.npy,symlinked
4um,train,P0/C1_HF_5_10_4um_doublet/HFocusing_5_10_4um_0_673.npy,particles2SNR_pipeline/output/p0_c1_particles2SNR_staging/train/4um/HFocusing_5_10_4um_0_673.npy,symlinked
4um,train,P0/C1_HF_5_10_4um_doublet/HFocusing_5_10_4um_0_676.npy,particles2SNR_pipeline/output/p0_c1_particles2SNR_staging/train/4um/HFocusing_5_10_4um_0_676.npy,symlinked
4um,train,P0/C1_HF_5_10_4um_doublet/HFocusing_5_10_4um_0_679.npy,particles2SNR_pipeline/output/p0_c1_particles2SNR_staging/train/4um/HFocusing_5_10_4um_0_679.npy,symlinked
4um,train,P0/C1_HF_5_10_4um_doublet/HFocusing_5_10_4um_0_68.npy,particles2SNR_pipeline/output/p0_c1_particles2SNR_staging/train/4um/HFocusing_5_10_4um_0_68.npy,symlinked
4um,train,P0/C1_HF_5_10_4um_doublet/HFocusing_5_10_4um_0_682.npy,particles2SNR_pipeline/output/p0_c1_particles2SNR_staging/train/4um/HFocusing_5_10_4um_0_682.npy,symlinked
4um,train,P0/C1_HF_5_10_4um_doublet/HFocusing_5_10_4um_0_685.npy,particles2SNR_pipeline/output/p0_c1_particles2SNR_staging/train/4um/HFocusing_5_10_4um_0_685.npy,symlinked
4um,train,P0/C1_HF_5_10_4um_doublet/HFocusing_5_10_4um_0_688.npy,particles2SNR_pipeline/output/p0_c1_particles2SNR_staging/train/4um/HFocusing_5_10_4um_0_688.npy,symlinked
4um,train,P0/C1_HF_5_10_4um_doublet/HFocusing_5_10_4um_0_69.npy,particles2SNR_pipeline/output/p0_c1_particles2SNR_staging/train/4um/HFocusing_5_10_4um_0_69.npy,symlinked
4um,train,P0/C1_HF_5_10_4um_doublet/HFocusing_5_10_4um_0_691.npy,particles2SNR_pipeline/output/p0_c1_particles2SNR_staging/train/4um/HFocusing_5_10_4um_0_691.npy,symlinked
4um,train,P0/C1_HF_5_10_4um_doublet/HFocusing_5_10_4um_0_692.npy,particles2SNR_pipeline/output/p0_c1_particles2SNR_staging/train/4um/HFocusing_5_10_4um_0_692.npy,symlinked
4um,train,P0/C1_HF_5_10_4um_doublet/HFocusing_5_10_4um_0_694.npy,particles2SNR_pipeline/output/p0_c1_particles2SNR_staging/train/4um/HFocusing_5_10_4um_0_694.npy,symlinked
4um,train,P0/C1_HF_5_10_4um_doublet/HFocusing_5_10_4um_0_697.npy,particles2SNR_pipeline/output/p0_c1_particles2SNR_staging/train/4um/HFocusing_5_10_4um_0_697.npy,symlinked
4um,test,P0/C1_HF_5_10_4um_doublet/HFocusing_5_10_4um_0_701.npy,particles2SNR_pipeline/output/p0_c1_particles2SNR_staging/test/4um/HFocusing_5_10_4um_0_701.npy,symlinked
4um,train,P0/C1_HF_5_10_4um_doublet/HFocusing_5_10_4um_0_704.npy,particles2SNR_pipeline/output/p0_c1_particles2SNR_staging/train/4um/HFocusing_5_10_4um_0_704.npy,symlinked
4um,train,P0/C1_HF_5_10_4um_doublet/HFocusing_5_10_4um_0_707.npy,particles2SNR_pipeline/output/p0_c1_particles2SNR_staging/train/4um/HFocusing_5_10_4um_0_707.npy,symlinked
4um,train,P0/C1_HF_5_10_4um_doublet/HFocusing_5_10_4um_0_709.npy,particles2SNR_pipeline/output/p0_c1_particles2SNR_staging/train/4um/HFocusing_5_10_4um_0_709.npy,symlinked
4um,train,P0/C1_HF_5_10_4um_doublet/HFocusing_5_10_4um_0_712.npy,particles2SNR_pipeline/output/p0_c1_particles2SNR_staging/train/4um/HFocusing_5_10_4um_0_712.npy,symlinked
4um,train,P0/C1_HF_5_10_4um_doublet/HFocusing_5_10_4um_0_716.npy,particles2SNR_pipeline/output/p0_c1_particles2SNR_staging/train/4um/HFocusing_5_10_4um_0_716.npy,symlinked
4um,train,P0/C1_HF_5_10_4um_doublet/HFocusing_5_10_4um_0_718.npy,particles2SNR_pipeline/output/p0_c1_particles2SNR_staging/train/4um/HFocusing_5_10_4um_0_718.npy,symlinked
4um,train,P0/C1_HF_5_10_4um_doublet/HFocusing_5_10_4um_0_721.npy,particles2SNR_pipeline/output/p0_c1_particles2SNR_staging/train/4um/HFocusing_5_10_4um_0_721.npy,symlinked
4um,train,P0/C1_HF_5_10_4um_doublet/HFocusing_5_10_4um_0_724.npy,particles2SNR_pipeline/output/p0_c1_particles2SNR_staging/train/4um/HFocusing_5_10_4um_0_724.npy,symlinked
4um,train,P0/C1_HF_5_10_4um_doublet/HFocusing_5_10_4um_0_727.npy,particles2SNR_pipeline/output/p0_c1_particles2SNR_staging/train/4um/HFocusing_5_10_4um_0_727.npy,symlinked
4um,test,P0/C1_HF_5_10_4um_doublet/HFocusing_5_10_4um_0_73.npy,particles2SNR_pipeline/output/p0_c1_particles2SNR_staging/test/4um/HFocusing_5_10_4um_0_73.npy,symlinked
4um,train,P0/C1_HF_5_10_4um_doublet/HFocusing_5_10_4um_0_730.npy,particles2SNR_pipeline/output/p0_c1_particles2SNR_staging/train/4um/HFocusing_5_10_4um_0_730.npy,symlinked
4um,train,P0/C1_HF_5_10_4um_doublet/HFocusing_5_10_4um_0_733.npy,particles2SNR_pipeline/output/p0_c1_particles2SNR_staging/train/4um/HFocusing_5_10_4um_0_733.npy,symlinked
4um,train,P0/C1_HF_5_10_4um_doublet/HFocusing_5_10_4um_0_736.npy,particles2SNR_pipeline/output/p0_c1_particles2SNR_staging/train/4um/HFocusing_5_10_4um_0_736.npy,symlinked
4um,train,P0/C1_HF_5_10_4um_doublet/HFocusing_5_10_4um_0_739.npy,particles2SNR_pipeline/output/p0_c1_particles2SNR_staging/train/4um/HFocusing_5_10_4um_0_739.npy,symlinked
4um,train,P0/C1_HF_5_10_4um_doublet/HFocusing_5_10_4um_0_742.npy,particles2SNR_pipeline/output/p0_c1_particles2SNR_staging/train/4um/HFocusing_5_10_4um_0_742.npy,symlinked
4um,train,P0/C1_HF_5_10_4um_doublet/HFocusing_5_10_4um_0_745.npy,particles2SNR_pipeline/output/p0_c1_particles2SNR_staging/train/4um/HFocusing_5_10_4um_0_745.npy,symlinked
4um,train,P0/C1_HF_5_10_4um_doublet/HFocusing_5_10_4um_0_749.npy,particles2SNR_pipeline/output/p0_c1_particles2SNR_staging/train/4um/HFocusing_5_10_4um_0_749.npy,symlinked
4um,train,P0/C1_HF_5_10_4um_doublet/HFocusing_5_10_4um_0_751.npy,particles2SNR_pipeline/output/p0_c1_particles2SNR_staging/train/4um/HFocusing_5_10_4um_0_751.npy,symlinked
4um,train,P0/C1_HF_5_10_4um_doublet/HFocusing_5_10_4um_0_754.npy,particles2SNR_pipeline/output/p0_c1_particles2SNR_staging/train/4um/HFocusing_5_10_4um_0_754.npy,symlinked
4um,train,P0/C1_HF_5_10_4um_doublet/HFocusing_5_10_4um_0_757.npy,particles2SNR_pipeline/output/p0_c1_particles2SNR_staging/train/4um/HFocusing_5_10_4um_0_757.npy,symlinked
4um,train,P0/C1_HF_5_10_4um_doublet/HFocusing_5_10_4um_0_76.npy,particles2SNR_pipeline/output/p0_c1_particles2SNR_staging/train/4um/HFocusing_5_10_4um_0_76.npy,symlinked
4um,test,P0/C1_HF_5_10_4um_doublet/HFocusing_5_10_4um_0_760.npy,particles2SNR_pipeline/output/p0_c1_particles2SNR_staging/test/4um/HFocusing_5_10_4um_0_760.npy,symlinked
4um,train,P0/C1_HF_5_10_4um_doublet/HFocusing_5_10_4um_0_764.npy,particles2SNR_pipeline/output/p0_c1_particles2SNR_staging/train/4um/HFocusing_5_10_4um_0_764.npy,symlinked
4um,train,P0/C1_HF_5_10_4um_doublet/HFocusing_5_10_4um_0_767.npy,particles2SNR_pipeline/output/p0_c1_particles2SNR_staging/train/4um/HFocusing_5_10_4um_0_767.npy,symlinked
4um,train,P0/C1_HF_5_10_4um_doublet/HFocusing_5_10_4um_0_77.npy,particles2SNR_pipeline/output/p0_c1_particles2SNR_staging/train/4um/HFocusing_5_10_4um_0_77.npy,symlinked
4um,train,P0/C1_HF_5_10_4um_doublet/HFocusing_5_10_4um_0_770.npy,particles2SNR_pipeline/output/p0_c1_particles2SNR_staging/train/4um/HFocusing_5_10_4um_0_770.npy,symlinked
4um,test,P0/C1_HF_5_10_4um_doublet/HFocusing_5_10_4um_0_773.npy,particles2SNR_pipeline/output/p0_c1_particles2SNR_staging/test/4um/HFocusing_5_10_4um_0_773.npy,symlinked
4um,train,P0/C1_HF_5_10_4um_doublet/HFocusing_5_10_4um_0_776.npy,particles2SNR_pipeline/output/p0_c1_particles2SNR_staging/train/4um/HFocusing_5_10_4um_0_776.npy,symlinked
4um,train,P0/C1_HF_5_10_4um_doublet/HFocusing_5_10_4um_0_779.npy,particles2SNR_pipeline/output/p0_c1_particles2SNR_staging/train/4um/HFocusing_5_10_4um_0_779.npy,symlinked
4um,test,P0/C1_HF_5_10_4um_doublet/HFocusing_5_10_4um_0_782.npy,particles2SNR_pipeline/output/p0_c1_particles2SNR_staging/test/4um/HFocusing_5_10_4um_0_782.npy,symlinked
4um,test,P0/C1_HF_5_10_4um_doublet/HFocusing_5_10_4um_0_785.npy,particles2SNR_pipeline/output/p0_c1_particles2SNR_staging/test/4um/HFocusing_5_10_4um_0_785.npy,symlinked
4um,test,P0/C1_HF_5_10_4um_doublet/HFocusing_5_10_4um_0_788.npy,particles2SNR_pipeline/output/p0_c1_particles2SNR_staging/test/4um/HFocusing_5_10_4um_0_788.npy,symlinked
4um,train,P0/C1_HF_5_10_4um_doublet/HFocusing_5_10_4um_0_79.npy,particles2SNR_pipeline/output/p0_c1_particles2SNR_staging/train/4um/HFocusing_5_10_4um_0_79.npy,symlinked
4um,test,P0/C1_HF_5_10_4um_doublet/HFocusing_5_10_4um_0_791.npy,particles2SNR_pipeline/output/p0_c1_particles2SNR_staging/test/4um/HFocusing_5_10_4um_0_791.npy,symlinked
4um,test,P0/C1_HF_5_10_4um_doublet/HFocusing_5_10_4um_0_794.npy,particles2SNR_pipeline/output/p0_c1_particles2SNR_staging/test/4um/HFocusing_5_10_4um_0_794.npy,symlinked
4um,train,P0/C1_HF_5_10_4um_doublet/HFocusing_5_10_4um_0_797.npy,particles2SNR_pipeline/output/p0_c1_particles2SNR_staging/train/4um/HFocusing_5_10_4um_0_797.npy,symlinked
4um,test,P0/C1_HF_5_10_4um_doublet/HFocusing_5_10_4um_0_8.npy,particles2SNR_pipeline/output/p0_c1_particles2SNR_staging/test/4um/HFocusing_5_10_4um_0_8.npy,symlinked
4um,train,P0/C1_HF_5_10_4um_doublet/HFocusing_5_10_4um_0_80.npy,particles2SNR_pipeline/output/p0_c1_particles2SNR_staging/train/4um/HFocusing_5_10_4um_0_80.npy,symlinked
4um,train,P0/C1_HF_5_10_4um_doublet/HFocusing_5_10_4um_0_800.npy,particles2SNR_pipeline/output/p0_c1_particles2SNR_staging/train/4um/HFocusing_5_10_4um_0_800.npy,symlinked
4um,train,P0/C1_HF_5_10_4um_doublet/HFocusing_5_10_4um_0_803.npy,particles2SNR_pipeline/output/p0_c1_particles2SNR_staging/train/4um/HFocusing_5_10_4um_0_803.npy,symlinked
4um,test,P0/C1_HF_5_10_4um_doublet/HFocusing_5_10_4um_0_806.npy,particles2SNR_pipeline/output/p0_c1_particles2SNR_staging/test/4um/HFocusing_5_10_4um_0_806.npy,symlinked
4um,train,P0/C1_HF_5_10_4um_doublet/HFocusing_5_10_4um_0_809.npy,particles2SNR_pipeline/output/p0_c1_particles2SNR_staging/train/4um/HFocusing_5_10_4um_0_809.npy,symlinked
4um,train,P0/C1_HF_5_10_4um_doublet/HFocusing_5_10_4um_0_812.npy,particles2SNR_pipeline/output/p0_c1_particles2SNR_staging/train/4um/HFocusing_5_10_4um_0_812.npy,symlinked
4um,train,P0/C1_HF_5_10_4um_doublet/HFocusing_5_10_4um_0_815.npy,particles2SNR_pipeline/output/p0_c1_particles2SNR_staging/train/4um/HFocusing_5_10_4um_0_815.npy,symlinked
4um,train,P0/C1_HF_5_10_4um_doublet/HFocusing_5_10_4um_0_818.npy,particles2SNR_pipeline/output/p0_c1_particles2SNR_staging/train/4um/HFocusing_5_10_4um_0_818.npy,symlinked
4um,train,P0/C1_HF_5_10_4um_doublet/HFocusing_5_10_4um_0_821.npy,particles2SNR_pipeline/output/p0_c1_particles2SNR_staging/train/4um/HFocusing_5_10_4um_0_821.npy,symlinked
4um,train,P0/C1_HF_5_10_4um_doublet/HFocusing_5_10_4um_0_824.npy,particles2SNR_pipeline/output/p0_c1_particles2SNR_staging/train/4um/HFocusing_5_10_4um_0_824.npy,symlinked
4um,train,P0/C1_HF_5_10_4um_doublet/HFocusing_5_10_4um_0_827.npy,particles2SNR_pipeline/output/p0_c1_particles2SNR_staging/train/4um/HFocusing_5_10_4um_0_827.npy,symlinked
4um,train,P0/C1_HF_5_10_4um_doublet/HFocusing_5_10_4um_0_83.npy,particles2SNR_pipeline/output/p0_c1_particles2SNR_staging/train/4um/HFocusing_5_10_4um_0_83.npy,symlinked
4um,train,P0/C1_HF_5_10_4um_doublet/HFocusing_5_10_4um_0_830.npy,particles2SNR_pipeline/output/p0_c1_particles2SNR_staging/train/4um/HFocusing_5_10_4um_0_830.npy,symlinked
4um,train,P0/C1_HF_5_10_4um_doublet/HFocusing_5_10_4um_0_833.npy,particles2SNR_pipeline/output/p0_c1_particles2SNR_staging/train/4um/HFocusing_5_10_4um_0_833.npy,symlinked
4um,train,P0/C1_HF_5_10_4um_doublet/HFocusing_5_10_4um_0_836.npy,particles2SNR_pipeline/output/p0_c1_particles2SNR_staging/train/4um/HFocusing_5_10_4um_0_836.npy,symlinked
4um,train,P0/C1_HF_5_10_4um_doublet/HFocusing_5_10_4um_0_839.npy,particles2SNR_pipeline/output/p0_c1_particles2SNR_staging/train/4um/HFocusing_5_10_4um_0_839.npy,symlinked
4um,train,P0/C1_HF_5_10_4um_doublet/HFocusing_5_10_4um_0_84.npy,particles2SNR_pipeline/output/p0_c1_particles2SNR_staging/train/4um/HFocusing_5_10_4um_0_84.npy,symlinked
4um,train,P0/C1_HF_5_10_4um_doublet/HFocusing_5_10_4um_0_842.npy,particles2SNR_pipeline/output/p0_c1_particles2SNR_staging/train/4um/HFocusing_5_10_4um_0_842.npy,symlinked
4um,train,P0/C1_HF_5_10_4um_doublet/HFocusing_5_10_4um_0_845.npy,particles2SNR_pipeline/output/p0_c1_particles2SNR_staging/train/4um/HFocusing_5_10_4um_0_845.npy,symlinked
4um,train,P0/C1_HF_5_10_4um_doublet/HFocusing_5_10_4um_0_848.npy,particles2SNR_pipeline/output/p0_c1_particles2SNR_staging/train/4um/HFocusing_5_10_4um_0_848.npy,symlinked
4um,train,P0/C1_HF_5_10_4um_doublet/HFocusing_5_10_4um_0_851.npy,particles2SNR_pipeline/output/p0_c1_particles2SNR_staging/train/4um/HFocusing_5_10_4um_0_851.npy,symlinked
4um,train,P0/C1_HF_5_10_4um_doublet/HFocusing_5_10_4um_0_853.npy,particles2SNR_pipeline/output/p0_c1_particles2SNR_staging/train/4um/HFocusing_5_10_4um_0_853.npy,symlinked
4um,train,P0/C1_HF_5_10_4um_doublet/HFocusing_5_10_4um_0_856.npy,particles2SNR_pipeline/output/p0_c1_particles2SNR_staging/train/4um/HFocusing_5_10_4um_0_856.npy,symlinked
4um,train,P0/C1_HF_5_10_4um_doublet/HFocusing_5_10_4um_0_859.npy,particles2SNR_pipeline/output/p0_c1_particles2SNR_staging/train/4um/HFocusing_5_10_4um_0_859.npy,symlinked
4um,test,P0/C1_HF_5_10_4um_doublet/HFocusing_5_10_4um_0_86.npy,particles2SNR_pipeline/output/p0_c1_particles2SNR_staging/test/4um/HFocusing_5_10_4um_0_86.npy,symlinked
4um,train,P0/C1_HF_5_10_4um_doublet/HFocusing_5_10_4um_0_862.npy,particles2SNR_pipeline/output/p0_c1_particles2SNR_staging/train/4um/HFocusing_5_10_4um_0_862.npy,symlinked
4um,train,P0/C1_HF_5_10_4um_doublet/HFocusing_5_10_4um_0_865.npy,particles2SNR_pipeline/output/p0_c1_particles2SNR_staging/train/4um/HFocusing_5_10_4um_0_865.npy,symlinked
4um,train,P0/C1_HF_5_10_4um_doublet/HFocusing_5_10_4um_0_868.npy,particles2SNR_pipeline/output/p0_c1_particles2SNR_staging/train/4um/HFocusing_5_10_4um_0_868.npy,symlinked
4um,test,P0/C1_HF_5_10_4um_doublet/HFocusing_5_10_4um_0_87.npy,particles2SNR_pipeline/output/p0_c1_particles2SNR_staging/test/4um/HFocusing_5_10_4um_0_87.npy,symlinked
4um,test,P0/C1_HF_5_10_4um_doublet/HFocusing_5_10_4um_0_871.npy,particles2SNR_pipeline/output/p0_c1_particles2SNR_staging/test/4um/HFocusing_5_10_4um_0_871.npy,symlinked
4um,train,P0/C1_HF_5_10_4um_doublet/HFocusing_5_10_4um_0_874.npy,particles2SNR_pipeline/output/p0_c1_particles2SNR_staging/train/4um/HFocusing_5_10_4um_0_874.npy,symlinked
4um,train,P0/C1_HF_5_10_4um_doublet/HFocusing_5_10_4um_0_878.npy,particles2SNR_pipeline/output/p0_c1_particles2SNR_staging/train/4um/HFocusing_5_10_4um_0_878.npy,symlinked
4um,train,P0/C1_HF_5_10_4um_doublet/HFocusing_5_10_4um_0_881.npy,particles2SNR_pipeline/output/p0_c1_particles2SNR_staging/train/4um/HFocusing_5_10_4um_0_881.npy,symlinked
4um,train,P0/C1_HF_5_10_4um_doublet/HFocusing_5_10_4um_0_884.npy,particles2SNR_pipeline/output/p0_c1_particles2SNR_staging/train/4um/HFocusing_5_10_4um_0_884.npy,symlinked
4um,train,P0/C1_HF_5_10_4um_doublet/HFocusing_5_10_4um_0_886.npy,particles2SNR_pipeline/output/p0_c1_particles2SNR_staging/train/4um/HFocusing_5_10_4um_0_886.npy,symlinked
4um,train,P0/C1_HF_5_10_4um_doublet/HFocusing_5_10_4um_0_889.npy,particles2SNR_pipeline/output/p0_c1_particles2SNR_staging/train/4um/HFocusing_5_10_4um_0_889.npy,symlinked
4um,train,P0/C1_HF_5_10_4um_doublet/HFocusing_5_10_4um_0_892.npy,particles2SNR_pipeline/output/p0_c1_particles2SNR_staging/train/4um/HFocusing_5_10_4um_0_892.npy,symlinked
4um,train,P0/C1_HF_5_10_4um_doublet/HFocusing_5_10_4um_0_893.npy,particles2SNR_pipeline/output/p0_c1_particles2SNR_staging/train/4um/HFocusing_5_10_4um_0_893.npy,symlinked
4um,test,P0/C1_HF_5_10_4um_doublet/HFocusing_5_10_4um_0_896.npy,particles2SNR_pipeline/output/p0_c1_particles2SNR_staging/test/4um/HFocusing_5_10_4um_0_896.npy,symlinked
4um,train,P0/C1_HF_5_10_4um_doublet/HFocusing_5_10_4um_0_899.npy,particles2SNR_pipeline/output/p0_c1_particles2SNR_staging/train/4um/HFocusing_5_10_4um_0_899.npy,symlinked
4um,train,P0/C1_HF_5_10_4um_doublet/HFocusing_5_10_4um_0_90.npy,particles2SNR_pipeline/output/p0_c1_particles2SNR_staging/train/4um/HFocusing_5_10_4um_0_90.npy,symlinked
4um,train,P0/C1_HF_5_10_4um_doublet/HFocusing_5_10_4um_0_903.npy,particles2SNR_pipeline/output/p0_c1_particles2SNR_staging/train/4um/HFocusing_5_10_4um_0_903.npy,symlinked
4um,train,P0/C1_HF_5_10_4um_doublet/HFocusing_5_10_4um_0_906.npy,particles2SNR_pipeline/output/p0_c1_particles2SNR_staging/train/4um/HFocusing_5_10_4um_0_906.npy,symlinked
4um,test,P0/C1_HF_5_10_4um_doublet/HFocusing_5_10_4um_0_909.npy,particles2SNR_pipeline/output/p0_c1_particles2SNR_staging/test/4um/HFocusing_5_10_4um_0_909.npy,symlinked
4um,train,P0/C1_HF_5_10_4um_doublet/HFocusing_5_10_4um_0_91.npy,particles2SNR_pipeline/output/p0_c1_particles2SNR_staging/train/4um/HFocusing_5_10_4um_0_91.npy,symlinked
4um,train,P0/C1_HF_5_10_4um_doublet/HFocusing_5_10_4um_0_912.npy,particles2SNR_pipeline/output/p0_c1_particles2SNR_staging/train/4um/HFocusing_5_10_4um_0_912.npy,symlinked
4um,train,P0/C1_HF_5_10_4um_doublet/HFocusing_5_10_4um_0_915.npy,particles2SNR_pipeline/output/p0_c1_particles2SNR_staging/train/4um/HFocusing_5_10_4um_0_915.npy,symlinked
4um,test,P0/C1_HF_5_10_4um_doublet/HFocusing_5_10_4um_0_918.npy,particles2SNR_pipeline/output/p0_c1_particles2SNR_staging/test/4um/HFocusing_5_10_4um_0_918.npy,symlinked
4um,train,P0/C1_HF_5_10_4um_doublet/HFocusing_5_10_4um_0_921.npy,particles2SNR_pipeline/output/p0_c1_particles2SNR_staging/train/4um/HFocusing_5_10_4um_0_921.npy,symlinked
4um,train,P0/C1_HF_5_10_4um_doublet/HFocusing_5_10_4um_0_924.npy,particles2SNR_pipeline/output/p0_c1_particles2SNR_staging/train/4um/HFocusing_5_10_4um_0_924.npy,symlinked
4um,test,P0/C1_HF_5_10_4um_doublet/HFocusing_5_10_4um_0_927.npy,particles2SNR_pipeline/output/p0_c1_particles2SNR_staging/test/4um/HFocusing_5_10_4um_0_927.npy,symlinked
4um,test,P0/C1_HF_5_10_4um_doublet/HFocusing_5_10_4um_0_93.npy,particles2SNR_pipeline/output/p0_c1_particles2SNR_staging/test/4um/HFocusing_5_10_4um_0_93.npy,symlinked
4um,train,P0/C1_HF_5_10_4um_doublet/HFocusing_5_10_4um_0_930.npy,particles2SNR_pipeline/output/p0_c1_particles2SNR_staging/train/4um/HFocusing_5_10_4um_0_930.npy,symlinked
4um,train,P0/C1_HF_5_10_4um_doublet/HFocusing_5_10_4um_0_933.npy,particles2SNR_pipeline/output/p0_c1_particles2SNR_staging/train/4um/HFocusing_5_10_4um_0_933.npy,symlinked
4um,test,P0/C1_HF_5_10_4um_doublet/HFocusing_5_10_4um_0_936.npy,particles2SNR_pipeline/output/p0_c1_particles2SNR_staging/test/4um/HFocusing_5_10_4um_0_936.npy,symlinked
4um,train,P0/C1_HF_5_10_4um_doublet/HFocusing_5_10_4um_0_939.npy,particles2SNR_pipeline/output/p0_c1_particles2SNR_staging/train/4um/HFocusing_5_10_4um_0_939.npy,symlinked
4um,test,P0/C1_HF_5_10_4um_doublet/HFocusing_5_10_4um_0_94.npy,particles2SNR_pipeline/output/p0_c1_particles2SNR_staging/test/4um/HFocusing_5_10_4um_0_94.npy,symlinked
4um,train,P0/C1_HF_5_10_4um_doublet/HFocusing_5_10_4um_0_942.npy,particles2SNR_pipeline/output/p0_c1_particles2SNR_staging/train/4um/HFocusing_5_10_4um_0_942.npy,symlinked
4um,test,P0/C1_HF_5_10_4um_doublet/HFocusing_5_10_4um_0_945.npy,particles2SNR_pipeline/output/p0_c1_particles2SNR_staging/test/4um/HFocusing_5_10_4um_0_945.npy,symlinked
4um,train,P0/C1_HF_5_10_4um_doublet/HFocusing_5_10_4um_0_948.npy,particles2SNR_pipeline/output/p0_c1_particles2SNR_staging/train/4um/HFocusing_5_10_4um_0_948.npy,symlinked
4um,train,P0/C1_HF_5_10_4um_doublet/HFocusing_5_10_4um_0_951.npy,particles2SNR_pipeline/output/p0_c1_particles2SNR_staging/train/4um/HFocusing_5_10_4um_0_951.npy,symlinked
4um,train,P0/C1_HF_5_10_4um_doublet/HFocusing_5_10_4um_0_954.npy,particles2SNR_pipeline/output/p0_c1_particles2SNR_staging/train/4um/HFocusing_5_10_4um_0_954.npy,symlinked
4um,train,P0/C1_HF_5_10_4um_doublet/HFocusing_5_10_4um_0_957.npy,particles2SNR_pipeline/output/p0_c1_particles2SNR_staging/train/4um/HFocusing_5_10_4um_0_957.npy,symlinked
4um,train,P0/C1_HF_5_10_4um_doublet/HFocusing_5_10_4um_0_960.npy,particles2SNR_pipeline/output/p0_c1_particles2SNR_staging/train/4um/HFocusing_5_10_4um_0_960.npy,symlinked
4um,train,P0/C1_HF_5_10_4um_doublet/HFocusing_5_10_4um_0_963.npy,particles2SNR_pipeline/output/p0_c1_particles2SNR_staging/train/4um/HFocusing_5_10_4um_0_963.npy,symlinked
4um,train,P0/C1_HF_5_10_4um_doublet/HFocusing_5_10_4um_0_966.npy,particles2SNR_pipeline/output/p0_c1_particles2SNR_staging/train/4um/HFocusing_5_10_4um_0_966.npy,symlinked
4um,train,P0/C1_HF_5_10_4um_doublet/HFocusing_5_10_4um_0_969.npy,particles2SNR_pipeline/output/p0_c1_particles2SNR_staging/train/4um/HFocusing_5_10_4um_0_969.npy,symlinked
4um,test,P0/C1_HF_5_10_4um_doublet/HFocusing_5_10_4um_0_97.npy,particles2SNR_pipeline/output/p0_c1_particles2SNR_staging/test/4um/HFocusing_5_10_4um_0_97.npy,symlinked
4um,train,P0/C1_HF_5_10_4um_doublet/HFocusing_5_10_4um_0_972.npy,particles2SNR_pipeline/output/p0_c1_particles2SNR_staging/train/4um/HFocusing_5_10_4um_0_972.npy,symlinked
4um,train,P0/C1_HF_5_10_4um_doublet/HFocusing_5_10_4um_0_975.npy,particles2SNR_pipeline/output/p0_c1_particles2SNR_staging/train/4um/HFocusing_5_10_4um_0_975.npy,symlinked
4um,train,P0/C1_HF_5_10_4um_doublet/HFocusing_5_10_4um_0_977.npy,particles2SNR_pipeline/output/p0_c1_particles2SNR_staging/train/4um/HFocusing_5_10_4um_0_977.npy,symlinked
4um,train,P0/C1_HF_5_10_4um_doublet/HFocusing_5_10_4um_0_980.npy,particles2SNR_pipeline/output/p0_c1_particles2SNR_staging/train/4um/HFocusing_5_10_4um_0_980.npy,symlinked
4um,train,P0/C1_HF_5_10_4um_doublet/HFocusing_5_10_4um_0_983.npy,particles2SNR_pipeline/output/p0_c1_particles2SNR_staging/train/4um/HFocusing_5_10_4um_0_983.npy,symlinked
4um,test,P0/C1_HF_5_10_4um_doublet/HFocusing_5_10_4um_0_986.npy,particles2SNR_pipeline/output/p0_c1_particles2SNR_staging/test/4um/HFocusing_5_10_4um_0_986.npy,symlinked
4um,train,P0/C1_HF_5_10_4um_doublet/HFocusing_5_10_4um_0_989.npy,particles2SNR_pipeline/output/p0_c1_particles2SNR_staging/train/4um/HFocusing_5_10_4um_0_989.npy,symlinked
4um,train,P0/C1_HF_5_10_4um_doublet/HFocusing_5_10_4um_0_992.npy,particles2SNR_pipeline/output/p0_c1_particles2SNR_staging/train/4um/HFocusing_5_10_4um_0_992.npy,symlinked
4um,train,P0/C1_HF_5_10_4um_doublet/HFocusing_5_10_4um_0_995.npy,particles2SNR_pipeline/output/p0_c1_particles2SNR_staging/train/4um/HFocusing_5_10_4um_0_995.npy,symlinked
10um,train,P0/C1_HF_5_10_10um_doublet/HFocusing_5_10_10um_0_1.npy,particles2SNR_pipeline/output/p0_c1_particles2SNR_staging/train/10um/HFocusing_5_10_10um_0_1.npy,symlinked
10um,train,P0/C1_HF_5_10_10um_doublet/HFocusing_5_10_10um_0_10.npy,particles2SNR_pipeline/output/p0_c1_particles2SNR_staging/train/10um/HFocusing_5_10_10um_0_10.npy,symlinked
10um,train,P0/C1_HF_5_10_10um_doublet/HFocusing_5_10_10um_0_100.npy,particles2SNR_pipeline/output/p0_c1_particles2SNR_staging/train/10um/HFocusing_5_10_10um_0_100.npy,symlinked
10um,train,P0/C1_HF_5_10_10um_doublet/HFocusing_5_10_10um_0_1000.npy,particles2SNR_pipeline/output/p0_c1_particles2SNR_staging/train/10um/HFocusing_5_10_10um_0_1000.npy,symlinked
10um,train,P0/C1_HF_5_10_10um_doublet/HFocusing_5_10_10um_0_1003.npy,particles2SNR_pipeline/output/p0_c1_particles2SNR_staging/train/10um/HFocusing_5_10_10um_0_1003.npy,symlinked
10um,train,P0/C1_HF_5_10_10um_doublet/HFocusing_5_10_10um_0_1006.npy,particles2SNR_pipeline/output/p0_c1_particles2SNR_staging/train/10um/HFocusing_5_10_10um_0_1006.npy,symlinked
10um,train,P0/C1_HF_5_10_10um_doublet/HFocusing_5_10_10um_0_1009.npy,particles2SNR_pipeline/output/p0_c1_particles2SNR_staging/train/10um/HFocusing_5_10_10um_0_1009.npy,symlinked
10um,train,P0/C1_HF_5_10_10um_doublet/HFocusing_5_10_10um_0_101.npy,particles2SNR_pipeline/output/p0_c1_particles2SNR_staging/train/10um/HFocusing_5_10_10um_0_101.npy,symlinked
10um,test,P0/C1_HF_5_10_10um_doublet/HFocusing_5_10_10um_0_1012.npy,particles2SNR_pipeline/output/p0_c1_particles2SNR_staging/test/10um/HFocusing_5_10_10um_0_1012.npy,symlinked
10um,train,P0/C1_HF_5_10_10um_doublet/HFocusing_5_10_10um_0_1013.npy,particles2SNR_pipeline/output/p0_c1_particles2SNR_staging/train/10um/HFocusing_5_10_10um_0_1013.npy,symlinked
10um,train,P0/C1_HF_5_10_10um_doublet/HFocusing_5_10_10um_0_1015.npy,particles2SNR_pipeline/output/p0_c1_particles2SNR_staging/train/10um/HFocusing_5_10_10um_0_1015.npy,symlinked
10um,train,P0/C1_HF_5_10_10um_doublet/HFocusing_5_10_10um_0_1016.npy,particles2SNR_pipeline/output/p0_c1_particles2SNR_staging/train/10um/HFocusing_5_10_10um_0_1016.npy,symlinked
10um,train,P0/C1_HF_5_10_10um_doublet/HFocusing_5_10_10um_0_1019.npy,particles2SNR_pipeline/output/p0_c1_particles2SNR_staging/train/10um/HFocusing_5_10_10um_0_1019.npy,symlinked
10um,test,P0/C1_HF_5_10_10um_doublet/HFocusing_5_10_10um_0_1021.npy,particles2SNR_pipeline/output/p0_c1_particles2SNR_staging/test/10um/HFocusing_5_10_10um_0_1021.npy,symlinked
10um,train,P0/C1_HF_5_10_10um_doublet/HFocusing_5_10_10um_0_1022.npy,particles2SNR_pipeline/output/p0_c1_particles2SNR_staging/train/10um/HFocusing_5_10_10um_0_1022.npy,symlinked
10um,train,P0/C1_HF_5_10_10um_doublet/HFocusing_5_10_10um_0_1025.npy,particles2SNR_pipeline/output/p0_c1_particles2SNR_staging/train/10um/HFocusing_5_10_10um_0_1025.npy,symlinked
10um,train,P0/C1_HF_5_10_10um_doublet/HFocusing_5_10_10um_0_1027.npy,particles2SNR_pipeline/output/p0_c1_particles2SNR_staging/train/10um/HFocusing_5_10_10um_0_1027.npy,symlinked
10um,test,P0/C1_HF_5_10_10um_doublet/HFocusing_5_10_10um_0_1030.npy,particles2SNR_pipeline/output/p0_c1_particles2SNR_staging/test/10um/HFocusing_5_10_10um_0_1030.npy,symlinked
10um,train,P0/C1_HF_5_10_10um_doublet/HFocusing_5_10_10um_0_1033.npy,particles2SNR_pipeline/output/p0_c1_particles2SNR_staging/train/10um/HFocusing_5_10_10um_0_1033.npy,symlinked
10um,train,P0/C1_HF_5_10_10um_doublet/HFocusing_5_10_10um_0_1037.npy,particles2SNR_pipeline/output/p0_c1_particles2SNR_staging/train/10um/HFocusing_5_10_10um_0_1037.npy,symlinked
10um,train,P0/C1_HF_5_10_10um_doublet/HFocusing_5_10_10um_0_1039.npy,particles2SNR_pipeline/output/p0_c1_particles2SNR_staging/train/10um/HFocusing_5_10_10um_0_1039.npy,symlinked
10um,train,P0/C1_HF_5_10_10um_doublet/HFocusing_5_10_10um_0_104.npy,particles2SNR_pipeline/output/p0_c1_particles2SNR_staging/train/10um/HFocusing_5_10_10um_0_104.npy,symlinked
10um,test,P0/C1_HF_5_10_10um_doublet/HFocusing_5_10_10um_0_1040.npy,particles2SNR_pipeline/output/p0_c1_particles2SNR_staging/test/10um/HFocusing_5_10_10um_0_1040.npy,symlinked
10um,train,P0/C1_HF_5_10_10um_doublet/HFocusing_5_10_10um_0_1043.npy,particles2SNR_pipeline/output/p0_c1_particles2SNR_staging/train/10um/HFocusing_5_10_10um_0_1043.npy,symlinked
10um,train,P0/C1_HF_5_10_10um_doublet/HFocusing_5_10_10um_0_1046.npy,particles2SNR_pipeline/output/p0_c1_particles2SNR_staging/train/10um/HFocusing_5_10_10um_0_1046.npy,symlinked
10um,train,P0/C1_HF_5_10_10um_doublet/HFocusing_5_10_10um_0_1048.npy,particles2SNR_pipeline/output/p0_c1_particles2SNR_staging/train/10um/HFocusing_5_10_10um_0_1048.npy,symlinked
10um,train,P0/C1_HF_5_10_10um_doublet/HFocusing_5_10_10um_0_1049.npy,particles2SNR_pipeline/output/p0_c1_particles2SNR_staging/train/10um/HFocusing_5_10_10um_0_1049.npy,symlinked
10um,train,P0/C1_HF_5_10_10um_doublet/HFocusing_5_10_10um_0_1052.npy,particles2SNR_pipeline/output/p0_c1_particles2SNR_staging/train/10um/HFocusing_5_10_10um_0_1052.npy,symlinked
10um,train,P0/C1_HF_5_10_10um_doublet/HFocusing_5_10_10um_0_1055.npy,particles2SNR_pipeline/output/p0_c1_particles2SNR_staging/train/10um/HFocusing_5_10_10um_0_1055.npy,symlinked
10um,train,P0/C1_HF_5_10_10um_doublet/HFocusing_5_10_10um_0_1056.npy,particles2SNR_pipeline/output/p0_c1_particles2SNR_staging/train/10um/HFocusing_5_10_10um_0_1056.npy,symlinked
10um,train,P0/C1_HF_5_10_10um_doublet/HFocusing_5_10_10um_0_1059.npy,particles2SNR_pipeline/output/p0_c1_particles2SNR_staging/train/10um/HFocusing_5_10_10um_0_1059.npy,symlinked
10um,train,P0/C1_HF_5_10_10um_doublet/HFocusing_5_10_10um_0_1062.npy,particles2SNR_pipeline/output/p0_c1_particles2SNR_staging/train/10um/HFocusing_5_10_10um_0_1062.npy,symlinked
10um,train,P0/C1_HF_5_10_10um_doublet/HFocusing_5_10_10um_0_1065.npy,particles2SNR_pipeline/output/p0_c1_particles2SNR_staging/train/10um/HFocusing_5_10_10um_0_1065.npy,symlinked
10um,train,P0/C1_HF_5_10_10um_doublet/HFocusing_5_10_10um_0_1068.npy,particles2SNR_pipeline/output/p0_c1_particles2SNR_staging/train/10um/HFocusing_5_10_10um_0_1068.npy,symlinked
10um,train,P0/C1_HF_5_10_10um_doublet/HFocusing_5_10_10um_0_107.npy,particles2SNR_pipeline/output/p0_c1_particles2SNR_staging/train/10um/HFocusing_5_10_10um_0_107.npy,symlinked
10um,train,P0/C1_HF_5_10_10um_doublet/HFocusing_5_10_10um_0_1070.npy,particles2SNR_pipeline/output/p0_c1_particles2SNR_staging/train/10um/HFocusing_5_10_10um_0_1070.npy,symlinked
10um,train,P0/C1_HF_5_10_10um_doublet/HFocusing_5_10_10um_0_1073.npy,particles2SNR_pipeline/output/p0_c1_particles2SNR_staging/train/10um/HFocusing_5_10_10um_0_1073.npy,symlinked
10um,train,P0/C1_HF_5_10_10um_doublet/HFocusing_5_10_10um_0_1074.npy,particles2SNR_pipeline/output/p0_c1_particles2SNR_staging/train/10um/HFocusing_5_10_10um_0_1074.npy,symlinked
10um,train,P0/C1_HF_5_10_10um_doublet/HFocusing_5_10_10um_0_1077.npy,particles2SNR_pipeline/output/p0_c1_particles2SNR_staging/train/10um/HFocusing_5_10_10um_0_1077.npy,symlinked
10um,train,P0/C1_HF_5_10_10um_doublet/HFocusing_5_10_10um_0_108.npy,particles2SNR_pipeline/output/p0_c1_particles2SNR_staging/train/10um/HFocusing_5_10_10um_0_108.npy,symlinked
10um,test,P0/C1_HF_5_10_10um_doublet/HFocusing_5_10_10um_0_1080.npy,particles2SNR_pipeline/output/p0_c1_particles2SNR_staging/test/10um/HFocusing_5_10_10um_0_1080.npy,symlinked
10um,train,P0/C1_HF_5_10_10um_doublet/HFocusing_5_10_10um_0_1083.npy,particles2SNR_pipeline/output/p0_c1_particles2SNR_staging/train/10um/HFocusing_5_10_10um_0_1083.npy,symlinked
10um,train,P0/C1_HF_5_10_10um_doublet/HFocusing_5_10_10um_0_1084.npy,particles2SNR_pipeline/output/p0_c1_particles2SNR_staging/train/10um/HFocusing_5_10_10um_0_1084.npy,symlinked
10um,train,P0/C1_HF_5_10_10um_doublet/HFocusing_5_10_10um_0_1087.npy,particles2SNR_pipeline/output/p0_c1_particles2SNR_staging/train/10um/HFocusing_5_10_10um_0_1087.npy,symlinked
10um,train,P0/C1_HF_5_10_10um_doublet/HFocusing_5_10_10um_0_1090.npy,particles2SNR_pipeline/output/p0_c1_particles2SNR_staging/train/10um/HFocusing_5_10_10um_0_1090.npy,symlinked
10um,test,P0/C1_HF_5_10_10um_doublet/HFocusing_5_10_10um_0_1091.npy,particles2SNR_pipeline/output/p0_c1_particles2SNR_staging/test/10um/HFocusing_5_10_10um_0_1091.npy,symlinked
10um,train,P0/C1_HF_5_10_10um_doublet/HFocusing_5_10_10um_0_1094.npy,particles2SNR_pipeline/output/p0_c1_particles2SNR_staging/train/10um/HFocusing_5_10_10um_0_1094.npy,symlinked
10um,test,P0/C1_HF_5_10_10um_doublet/HFocusing_5_10_10um_0_1095.npy,particles2SNR_pipeline/output/p0_c1_particles2SNR_staging/test/10um/HFocusing_5_10_10um_0_1095.npy,symlinked
10um,train,P0/C1_HF_5_10_10um_doublet/HFocusing_5_10_10um_0_1098.npy,particles2SNR_pipeline/output/p0_c1_particles2SNR_staging/train/10um/HFocusing_5_10_10um_0_1098.npy,symlinked
10um,train,P0/C1_HF_5_10_10um_doublet/HFocusing_5_10_10um_0_1099.npy,particles2SNR_pipeline/output/p0_c1_particles2SNR_staging/train/10um/HFocusing_5_10_10um_0_1099.npy,symlinked
10um,train,P0/C1_HF_5_10_10um_doublet/HFocusing_5_10_10um_0_11.npy,particles2SNR_pipeline/output/p0_c1_particles2SNR_staging/train/10um/HFocusing_5_10_10um_0_11.npy,symlinked
10um,train,P0/C1_HF_5_10_10um_doublet/HFocusing_5_10_10um_0_1102.npy,particles2SNR_pipeline/output/p0_c1_particles2SNR_staging/train/10um/HFocusing_5_10_10um_0_1102.npy,symlinked
10um,test,P0/C1_HF_5_10_10um_doublet/HFocusing_5_10_10um_0_1105.npy,particles2SNR_pipeline/output/p0_c1_particles2SNR_staging/test/10um/HFocusing_5_10_10um_0_1105.npy,symlinked
10um,train,P0/C1_HF_5_10_10um_doublet/HFocusing_5_10_10um_0_1108.npy,particles2SNR_pipeline/output/p0_c1_particles2SNR_staging/train/10um/HFocusing_5_10_10um_0_1108.npy,symlinked
10um,train,P0/C1_HF_5_10_10um_doublet/HFocusing_5_10_10um_0_111.npy,particles2SNR_pipeline/output/p0_c1_particles2SNR_staging/train/10um/HFocusing_5_10_10um_0_111.npy,symlinked
10um,train,P0/C1_HF_5_10_10um_doublet/HFocusing_5_10_10um_0_1110.npy,particles2SNR_pipeline/output/p0_c1_particles2SNR_staging/train/10um/HFocusing_5_10_10um_0_1110.npy,symlinked
10um,train,P0/C1_HF_5_10_10um_doublet/HFocusing_5_10_10um_0_1111.npy,particles2SNR_pipeline/output/p0_c1_particles2SNR_staging/train/10um/HFocusing_5_10_10um_0_1111.npy,symlinked
10um,test,P0/C1_HF_5_10_10um_doublet/HFocusing_5_10_10um_0_1114.npy,particles2SNR_pipeline/output/p0_c1_particles2SNR_staging/test/10um/HFocusing_5_10_10um_0_1114.npy,symlinked
10um,train,P0/C1_HF_5_10_10um_doublet/HFocusing_5_10_10um_0_1115.npy,particles2SNR_pipeline/output/p0_c1_particles2SNR_staging/train/10um/HFocusing_5_10_10um_0_1115.npy,symlinked
10um,test,P0/C1_HF_5_10_10um_doublet/HFocusing_5_10_10um_0_1118.npy,particles2SNR_pipeline/output/p0_c1_particles2SNR_staging/test/10um/HFocusing_5_10_10um_0_1118.npy,symlinked
10um,train,P0/C1_HF_5_10_10um_doublet/HFocusing_5_10_10um_0_112.npy,particles2SNR_pipeline/output/p0_c1_particles2SNR_staging/train/10um/HFocusing_5_10_10um_0_112.npy,symlinked
10um,train,P0/C1_HF_5_10_10um_doublet/HFocusing_5_10_10um_0_1120.npy,particles2SNR_pipeline/output/p0_c1_particles2SNR_staging/train/10um/HFocusing_5_10_10um_0_1120.npy,symlinked
10um,train,P0/C1_HF_5_10_10um_doublet/HFocusing_5_10_10um_0_1121.npy,particles2SNR_pipeline/output/p0_c1_particles2SNR_staging/train/10um/HFocusing_5_10_10um_0_1121.npy,symlinked
10um,train,P0/C1_HF_5_10_10um_doublet/HFocusing_5_10_10um_0_1123.npy,particles2SNR_pipeline/output/p0_c1_particles2SNR_staging/train/10um/HFocusing_5_10_10um_0_1123.npy,symlinked
10um,train,P0/C1_HF_5_10_10um_doublet/HFocusing_5_10_10um_0_1124.npy,particles2SNR_pipeline/output/p0_c1_particles2SNR_staging/train/10um/HFocusing_5_10_10um_0_1124.npy,symlinked
10um,test,P0/C1_HF_5_10_10um_doublet/HFocusing_5_10_10um_0_1126.npy,particles2SNR_pipeline/output/p0_c1_particles2SNR_staging/test/10um/HFocusing_5_10_10um_0_1126.npy,symlinked
10um,train,P0/C1_HF_5_10_10um_doublet/HFocusing_5_10_10um_0_1130.npy,particles2SNR_pipeline/output/p0_c1_particles2SNR_staging/train/10um/HFocusing_5_10_10um_0_1130.npy,symlinked
10um,train,P0/C1_HF_5_10_10um_doublet/HFocusing_5_10_10um_0_1133.npy,particles2SNR_pipeline/output/p0_c1_particles2SNR_staging/train/10um/HFocusing_5_10_10um_0_1133.npy,symlinked
10um,test,P0/C1_HF_5_10_10um_doublet/HFocusing_5_10_10um_0_1136.npy,particles2SNR_pipeline/output/p0_c1_particles2SNR_staging/test/10um/HFocusing_5_10_10um_0_1136.npy,symlinked
10um,train,P0/C1_HF_5_10_10um_doublet/HFocusing_5_10_10um_0_1137.npy,particles2SNR_pipeline/output/p0_c1_particles2SNR_staging/train/10um/HFocusing_5_10_10um_0_1137.npy,symlinked
10um,test,P0/C1_HF_5_10_10um_doublet/HFocusing_5_10_10um_0_1140.npy,particles2SNR_pipeline/output/p0_c1_particles2SNR_staging/test/10um/HFocusing_5_10_10um_0_1140.npy,symlinked
10um,train,P0/C1_HF_5_10_10um_doublet/HFocusing_5_10_10um_0_1142.npy,particles2SNR_pipeline/output/p0_c1_particles2SNR_staging/train/10um/HFocusing_5_10_10um_0_1142.npy,symlinked
10um,test,P0/C1_HF_5_10_10um_doublet/HFocusing_5_10_10um_0_1145.npy,particles2SNR_pipeline/output/p0_c1_particles2SNR_staging/test/10um/HFocusing_5_10_10um_0_1145.npy,symlinked
10um,train,P0/C1_HF_5_10_10um_doublet/HFocusing_5_10_10um_0_1148.npy,particles2SNR_pipeline/output/p0_c1_particles2SNR_staging/train/10um/HFocusing_5_10_10um_0_1148.npy,symlinked
10um,train,P0/C1_HF_5_10_10um_doublet/HFocusing_5_10_10um_0_1149.npy,particles2SNR_pipeline/output/p0_c1_particles2SNR_staging/train/10um/HFocusing_5_10_10um_0_1149.npy,symlinked
10um,train,P0/C1_HF_5_10_10um_doublet/HFocusing_5_10_10um_0_115.npy,particles2SNR_pipeline/output/p0_c1_particles2SNR_staging/train/10um/HFocusing_5_10_10um_0_115.npy,symlinked
10um,test,P0/C1_HF_5_10_10um_doublet/HFocusing_5_10_10um_0_1152.npy,particles2SNR_pipeline/output/p0_c1_particles2SNR_staging/test/10um/HFocusing_5_10_10um_0_1152.npy,symlinked
10um,train,P0/C1_HF_5_10_10um_doublet/HFocusing_5_10_10um_0_1154.npy,particles2SNR_pipeline/output/p0_c1_particles2SNR_staging/train/10um/HFocusing_5_10_10um_0_1154.npy,symlinked
10um,train,P0/C1_HF_5_10_10um_doublet/HFocusing_5_10_10um_0_1155.npy,particles2SNR_pipeline/output/p0_c1_particles2SNR_staging/train/10um/HFocusing_5_10_10um_0_1155.npy,symlinked
10um,train,P0/C1_HF_5_10_10um_doublet/HFocusing_5_10_10um_0_1158.npy,particles2SNR_pipeline/output/p0_c1_particles2SNR_staging/train/10um/HFocusing_5_10_10um_0_1158.npy,symlinked
10um,test,P0/C1_HF_5_10_10um_doublet/HFocusing_5_10_10um_0_116.npy,particles2SNR_pipeline/output/p0_c1_particles2SNR_staging/test/10um/HFocusing_5_10_10um_0_116.npy,symlinked
10um,train,P0/C1_HF_5_10_10um_doublet/HFocusing_5_10_10um_0_1161.npy,particles2SNR_pipeline/output/p0_c1_particles2SNR_staging/train/10um/HFocusing_5_10_10um_0_1161.npy,symlinked
10um,test,P0/C1_HF_5_10_10um_doublet/HFocusing_5_10_10um_0_1162.npy,particles2SNR_pipeline/output/p0_c1_particles2SNR_staging/test/10um/HFocusing_5_10_10um_0_1162.npy,symlinked
10um,test,P0/C1_HF_5_10_10um_doublet/HFocusing_5_10_10um_0_1164.npy,particles2SNR_pipeline/output/p0_c1_particles2SNR_staging/test/10um/HFocusing_5_10_10um_0_1164.npy,symlinked
10um,train,P0/C1_HF_5_10_10um_doublet/HFocusing_5_10_10um_0_1167.npy,particles2SNR_pipeline/output/p0_c1_particles2SNR_staging/train/10um/HFocusing_5_10_10um_0_1167.npy,symlinked
10um,train,P0/C1_HF_5_10_10um_doublet/HFocusing_5_10_10um_0_1168.npy,particles2SNR_pipeline/output/p0_c1_particles2SNR_staging/train/10um/HFocusing_5_10_10um_0_1168.npy,symlinked
10um,train,P0/C1_HF_5_10_10um_doublet/HFocusing_5_10_10um_0_1171.npy,particles2SNR_pipeline/output/p0_c1_particles2SNR_staging/train/10um/HFocusing_5_10_10um_0_1171.npy,symlinked
10um,train,P0/C1_HF_5_10_10um_doublet/HFocusing_5_10_10um_0_1173.npy,particles2SNR_pipeline/output/p0_c1_particles2SNR_staging/train/10um/HFocusing_5_10_10um_0_1173.npy,symlinked
10um,train,P0/C1_HF_5_10_10um_doublet/HFocusing_5_10_10um_0_1174.npy,particles2SNR_pipeline/output/p0_c1_particles2SNR_staging/train/10um/HFocusing_5_10_10um_0_1174.npy,symlinked
10um,train,P0/C1_HF_5_10_10um_doublet/HFocusing_5_10_10um_0_1177.npy,particles2SNR_pipeline/output/p0_c1_particles2SNR_staging/train/10um/HFocusing_5_10_10um_0_1177.npy,symlinked
10um,test,P0/C1_HF_5_10_10um_doublet/HFocusing_5_10_10um_0_1178.npy,particles2SNR_pipeline/output/p0_c1_particles2SNR_staging/test/10um/HFocusing_5_10_10um_0_1178.npy,symlinked
10um,test,P0/C1_HF_5_10_10um_doublet/HFocusing_5_10_10um_0_1181.npy,particles2SNR_pipeline/output/p0_c1_particles2SNR_staging/test/10um/HFocusing_5_10_10um_0_1181.npy,symlinked
10um,train,P0/C1_HF_5_10_10um_doublet/HFocusing_5_10_10um_0_1184.npy,particles2SNR_pipeline/output/p0_c1_particles2SNR_staging/train/10um/HFocusing_5_10_10um_0_1184.npy,symlinked
10um,train,P0/C1_HF_5_10_10um_doublet/HFocusing_5_10_10um_0_1186.npy,particles2SNR_pipeline/output/p0_c1_particles2SNR_staging/train/10um/HFocusing_5_10_10um_0_1186.npy,symlinked
10um,train,P0/C1_HF_5_10_10um_doublet/HFocusing_5_10_10um_0_1187.npy,particles2SNR_pipeline/output/p0_c1_particles2SNR_staging/train/10um/HFocusing_5_10_10um_0_1187.npy,symlinked
10um,train,P0/C1_HF_5_10_10um_doublet/HFocusing_5_10_10um_0_119.npy,particles2SNR_pipeline/output/p0_c1_particles2SNR_staging/train/10um/HFocusing_5_10_10um_0_119.npy,symlinked
10um,train,P0/C1_HF_5_10_10um_doublet/HFocusing_5_10_10um_0_1190.npy,particles2SNR_pipeline/output/p0_c1_particles2SNR_staging/train/10um/HFocusing_5_10_10um_0_1190.npy,symlinked
10um,train,P0/C1_HF_5_10_10um_doublet/HFocusing_5_10_10um_0_1191.npy,particles2SNR_pipeline/output/p0_c1_particles2SNR_staging/train/10um/HFocusing_5_10_10um_0_1191.npy,symlinked
10um,train,P0/C1_HF_5_10_10um_doublet/HFocusing_5_10_10um_0_1193.npy,particles2SNR_pipeline/output/p0_c1_particles2SNR_staging/train/10um/HFocusing_5_10_10um_0_1193.npy,symlinked
10um,train,P0/C1_HF_5_10_10um_doublet/HFocusing_5_10_10um_0_1194.npy,particles2SNR_pipeline/output/p0_c1_particles2SNR_staging/train/10um/HFocusing_5_10_10um_0_1194.npy,symlinked
10um,test,P0/C1_HF_5_10_10um_doublet/HFocusing_5_10_10um_0_1197.npy,particles2SNR_pipeline/output/p0_c1_particles2SNR_staging/test/10um/HFocusing_5_10_10um_0_1197.npy,symlinked
10um,train,P0/C1_HF_5_10_10um_doublet/HFocusing_5_10_10um_0_1200.npy,particles2SNR_pipeline/output/p0_c1_particles2SNR_staging/train/10um/HFocusing_5_10_10um_0_1200.npy,symlinked
10um,train,P0/C1_HF_5_10_10um_doublet/HFocusing_5_10_10um_0_1201.npy,particles2SNR_pipeline/output/p0_c1_particles2SNR_staging/train/10um/HFocusing_5_10_10um_0_1201.npy,symlinked
10um,train,P0/C1_HF_5_10_10um_doublet/HFocusing_5_10_10um_0_1204.npy,particles2SNR_pipeline/output/p0_c1_particles2SNR_staging/train/10um/HFocusing_5_10_10um_0_1204.npy,symlinked
10um,train,P0/C1_HF_5_10_10um_doublet/HFocusing_5_10_10um_0_1207.npy,particles2SNR_pipeline/output/p0_c1_particles2SNR_staging/train/10um/HFocusing_5_10_10um_0_1207.npy,symlinked
10um,train,P0/C1_HF_5_10_10um_doublet/HFocusing_5_10_10um_0_121.npy,particles2SNR_pipeline/output/p0_c1_particles2SNR_staging/train/10um/HFocusing_5_10_10um_0_121.npy,symlinked
10um,train,P0/C1_HF_5_10_10um_doublet/HFocusing_5_10_10um_0_1210.npy,particles2SNR_pipeline/output/p0_c1_particles2SNR_staging/train/10um/HFocusing_5_10_10um_0_1210.npy,symlinked
10um,test,P0/C1_HF_5_10_10um_doublet/HFocusing_5_10_10um_0_1213.npy,particles2SNR_pipeline/output/p0_c1_particles2SNR_staging/test/10um/HFocusing_5_10_10um_0_1213.npy,symlinked
10um,train,P0/C1_HF_5_10_10um_doublet/HFocusing_5_10_10um_0_1215.npy,particles2SNR_pipeline/output/p0_c1_particles2SNR_staging/train/10um/HFocusing_5_10_10um_0_1215.npy,symlinked
10um,train,P0/C1_HF_5_10_10um_doublet/HFocusing_5_10_10um_0_1216.npy,particles2SNR_pipeline/output/p0_c1_particles2SNR_staging/train/10um/HFocusing_5_10_10um_0_1216.npy,symlinked
10um,train,P0/C1_HF_5_10_10um_doublet/HFocusing_5_10_10um_0_1219.npy,particles2SNR_pipeline/output/p0_c1_particles2SNR_staging/train/10um/HFocusing_5_10_10um_0_1219.npy,symlinked
10um,train,P0/C1_HF_5_10_10um_doublet/HFocusing_5_10_10um_0_122.npy,particles2SNR_pipeline/output/p0_c1_particles2SNR_staging/train/10um/HFocusing_5_10_10um_0_122.npy,symlinked
10um,train,P0/C1_HF_5_10_10um_doublet/HFocusing_5_10_10um_0_1221.npy,particles2SNR_pipeline/output/p0_c1_particles2SNR_staging/train/10um/HFocusing_5_10_10um_0_1221.npy,symlinked
10um,test,P0/C1_HF_5_10_10um_doublet/HFocusing_5_10_10um_0_1224.npy,particles2SNR_pipeline/output/p0_c1_particles2SNR_staging/test/10um/HFocusing_5_10_10um_0_1224.npy,symlinked
10um,train,P0/C1_HF_5_10_10um_doublet/HFocusing_5_10_10um_0_1225.npy,particles2SNR_pipeline/output/p0_c1_particles2SNR_staging/train/10um/HFocusing_5_10_10um_0_1225.npy,symlinked
10um,train,P0/C1_HF_5_10_10um_doublet/HFocusing_5_10_10um_0_1228.npy,particles2SNR_pipeline/output/p0_c1_particles2SNR_staging/train/10um/HFocusing_5_10_10um_0_1228.npy,symlinked
10um,train,P0/C1_HF_5_10_10um_doublet/HFocusing_5_10_10um_0_1231.npy,particles2SNR_pipeline/output/p0_c1_particles2SNR_staging/train/10um/HFocusing_5_10_10um_0_1231.npy,symlinked
10um,train,P0/C1_HF_5_10_10um_doublet/HFocusing_5_10_10um_0_1232.npy,particles2SNR_pipeline/output/p0_c1_particles2SNR_staging/train/10um/HFocusing_5_10_10um_0_1232.npy,symlinked
10um,test,P0/C1_HF_5_10_10um_doublet/HFocusing_5_10_10um_0_1235.npy,particles2SNR_pipeline/output/p0_c1_particles2SNR_staging/test/10um/HFocusing_5_10_10um_0_1235.npy,symlinked
10um,test,P0/C1_HF_5_10_10um_doublet/HFocusing_5_10_10um_0_1238.npy,particles2SNR_pipeline/output/p0_c1_particles2SNR_staging/test/10um/HFocusing_5_10_10um_0_1238.npy,symlinked
10um,train,P0/C1_HF_5_10_10um_doublet/HFocusing_5_10_10um_0_1241.npy,particles2SNR_pipeline/output/p0_c1_particles2SNR_staging/train/10um/HFocusing_5_10_10um_0_1241.npy,symlinked
10um,train,P0/C1_HF_5_10_10um_doublet/HFocusing_5_10_10um_0_1244.npy,particles2SNR_pipeline/output/p0_c1_particles2SNR_staging/train/10um/HFocusing_5_10_10um_0_1244.npy,symlinked
10um,test,P0/C1_HF_5_10_10um_doublet/HFocusing_5_10_10um_0_1245.npy,particles2SNR_pipeline/output/p0_c1_particles2SNR_staging/test/10um/HFocusing_5_10_10um_0_1245.npy,symlinked
10um,train,P0/C1_HF_5_10_10um_doublet/HFocusing_5_10_10um_0_1248.npy,particles2SNR_pipeline/output/p0_c1_particles2SNR_staging/train/10um/HFocusing_5_10_10um_0_1248.npy,symlinked
10um,test,P0/C1_HF_5_10_10um_doublet/HFocusing_5_10_10um_0_125.npy,particles2SNR_pipeline/output/p0_c1_particles2SNR_staging/test/10um/HFocusing_5_10_10um_0_125.npy,symlinked
10um,train,P0/C1_HF_5_10_10um_doublet/HFocusing_5_10_10um_0_1251.npy,particles2SNR_pipeline/output/p0_c1_particles2SNR_staging/train/10um/HFocusing_5_10_10um_0_1251.npy,symlinked
10um,train,P0/C1_HF_5_10_10um_doublet/HFocusing_5_10_10um_0_1254.npy,particles2SNR_pipeline/output/p0_c1_particles2SNR_staging/train/10um/HFocusing_5_10_10um_0_1254.npy,symlinked
10um,train,P0/C1_HF_5_10_10um_doublet/HFocusing_5_10_10um_0_1255.npy,particles2SNR_pipeline/output/p0_c1_particles2SNR_staging/train/10um/HFocusing_5_10_10um_0_1255.npy,symlinked
10um,train,P0/C1_HF_5_10_10um_doublet/HFocusing_5_10_10um_0_1258.npy,particles2SNR_pipeline/output/p0_c1_particles2SNR_staging/train/10um/HFocusing_5_10_10um_0_1258.npy,symlinked
10um,test,P0/C1_HF_5_10_10um_doublet/HFocusing_5_10_10um_0_126.npy,particles2SNR_pipeline/output/p0_c1_particles2SNR_staging/test/10um/HFocusing_5_10_10um_0_126.npy,symlinked
10um,train,P0/C1_HF_5_10_10um_doublet/HFocusing_5_10_10um_0_1261.npy,particles2SNR_pipeline/output/p0_c1_particles2SNR_staging/train/10um/HFocusing_5_10_10um_0_1261.npy,symlinked
10um,test,P0/C1_HF_5_10_10um_doublet/HFocusing_5_10_10um_0_1264.npy,particles2SNR_pipeline/output/p0_c1_particles2SNR_staging/test/10um/HFocusing_5_10_10um_0_1264.npy,symlinked
10um,test,P0/C1_HF_5_10_10um_doublet/HFocusing_5_10_10um_0_1266.npy,particles2SNR_pipeline/output/p0_c1_particles2SNR_staging/test/10um/HFocusing_5_10_10um_0_1266.npy,symlinked
10um,test,P0/C1_HF_5_10_10um_doublet/HFocusing_5_10_10um_0_1269.npy,particles2SNR_pipeline/output/p0_c1_particles2SNR_staging/test/10um/HFocusing_5_10_10um_0_1269.npy,symlinked
10um,train,P0/C1_HF_5_10_10um_doublet/HFocusing_5_10_10um_0_1270.npy,particles2SNR_pipeline/output/p0_c1_particles2SNR_staging/train/10um/HFocusing_5_10_10um_0_1270.npy,symlinked
10um,train,P0/C1_HF_5_10_10um_doublet/HFocusing_5_10_10um_0_1273.npy,particles2SNR_pipeline/output/p0_c1_particles2SNR_staging/train/10um/HFocusing_5_10_10um_0_1273.npy,symlinked
10um,train,P0/C1_HF_5_10_10um_doublet/HFocusing_5_10_10um_0_1275.npy,particles2SNR_pipeline/output/p0_c1_particles2SNR_staging/train/10um/HFocusing_5_10_10um_0_1275.npy,symlinked
10um,test,P0/C1_HF_5_10_10um_doublet/HFocusing_5_10_10um_0_1276.npy,particles2SNR_pipeline/output/p0_c1_particles2SNR_staging/test/10um/HFocusing_5_10_10um_0_1276.npy,symlinked
10um,train,P0/C1_HF_5_10_10um_doublet/HFocusing_5_10_10um_0_1279.npy,particles2SNR_pipeline/output/p0_c1_particles2SNR_staging/train/10um/HFocusing_5_10_10um_0_1279.npy,symlinked
10um,train,P0/C1_HF_5_10_10um_doublet/HFocusing_5_10_10um_0_1280.npy,particles2SNR_pipeline/output/p0_c1_particles2SNR_staging/train/10um/HFocusing_5_10_10um_0_1280.npy,symlinked
10um,train,P0/C1_HF_5_10_10um_doublet/HFocusing_5_10_10um_0_1283.npy,particles2SNR_pipeline/output/p0_c1_particles2SNR_staging/train/10um/HFocusing_5_10_10um_0_1283.npy,symlinked
10um,train,P0/C1_HF_5_10_10um_doublet/HFocusing_5_10_10um_0_1286.npy,particles2SNR_pipeline/output/p0_c1_particles2SNR_staging/train/10um/HFocusing_5_10_10um_0_1286.npy,symlinked
10um,train,P0/C1_HF_5_10_10um_doublet/HFocusing_5_10_10um_0_1289.npy,particles2SNR_pipeline/output/p0_c1_particles2SNR_staging/train/10um/HFocusing_5_10_10um_0_1289.npy,symlinked
10um,train,P0/C1_HF_5_10_10um_doublet/HFocusing_5_10_10um_0_129.npy,particles2SNR_pipeline/output/p0_c1_particles2SNR_staging/train/10um/HFocusing_5_10_10um_0_129.npy,symlinked
10um,train,P0/C1_HF_5_10_10um_doublet/HFocusing_5_10_10um_0_1292.npy,particles2SNR_pipeline/output/p0_c1_particles2SNR_staging/train/10um/HFocusing_5_10_10um_0_1292.npy,symlinked
10um,train,P0/C1_HF_5_10_10um_doublet/HFocusing_5_10_10um_0_1294.npy,particles2SNR_pipeline/output/p0_c1_particles2SNR_staging/train/10um/HFocusing_5_10_10um_0_1294.npy,symlinked
10um,train,P0/C1_HF_5_10_10um_doublet/HFocusing_5_10_10um_0_1298.npy,particles2SNR_pipeline/output/p0_c1_particles2SNR_staging/train/10um/HFocusing_5_10_10um_0_1298.npy,symlinked
10um,test,P0/C1_HF_5_10_10um_doublet/HFocusing_5_10_10um_0_1301.npy,particles2SNR_pipeline/output/p0_c1_particles2SNR_staging/test/10um/HFocusing_5_10_10um_0_1301.npy,symlinked
10um,train,P0/C1_HF_5_10_10um_doublet/HFocusing_5_10_10um_0_1304.npy,particles2SNR_pipeline/output/p0_c1_particles2SNR_staging/train/10um/HFocusing_5_10_10um_0_1304.npy,symlinked
10um,test,P0/C1_HF_5_10_10um_doublet/HFocusing_5_10_10um_0_1305.npy,particles2SNR_pipeline/output/p0_c1_particles2SNR_staging/test/10um/HFocusing_5_10_10um_0_1305.npy,symlinked
10um,train,P0/C1_HF_5_10_10um_doublet/HFocusing_5_10_10um_0_1308.npy,particles2SNR_pipeline/output/p0_c1_particles2SNR_staging/train/10um/HFocusing_5_10_10um_0_1308.npy,symlinked
10um,train,P0/C1_HF_5_10_10um_doublet/HFocusing_5_10_10um_0_1311.npy,particles2SNR_pipeline/output/p0_c1_particles2SNR_staging/train/10um/HFocusing_5_10_10um_0_1311.npy,symlinked
10um,train,P0/C1_HF_5_10_10um_doublet/HFocusing_5_10_10um_0_1314.npy,particles2SNR_pipeline/output/p0_c1_particles2SNR_staging/train/10um/HFocusing_5_10_10um_0_1314.npy,symlinked
10um,train,P0/C1_HF_5_10_10um_doublet/HFocusing_5_10_10um_0_1315.npy,particles2SNR_pipeline/output/p0_c1_particles2SNR_staging/train/10um/HFocusing_5_10_10um_0_1315.npy,symlinked
10um,train,P0/C1_HF_5_10_10um_doublet/HFocusing_5_10_10um_0_1318.npy,particles2SNR_pipeline/output/p0_c1_particles2SNR_staging/train/10um/HFocusing_5_10_10um_0_1318.npy,symlinked
10um,train,P0/C1_HF_5_10_10um_doublet/HFocusing_5_10_10um_0_132.npy,particles2SNR_pipeline/output/p0_c1_particles2SNR_staging/train/10um/HFocusing_5_10_10um_0_132.npy,symlinked
10um,train,P0/C1_HF_5_10_10um_doublet/HFocusing_5_10_10um_0_1321.npy,particles2SNR_pipeline/output/p0_c1_particles2SNR_staging/train/10um/HFocusing_5_10_10um_0_1321.npy,symlinked
10um,train,P0/C1_HF_5_10_10um_doublet/HFocusing_5_10_10um_0_1322.npy,particles2SNR_pipeline/output/p0_c1_particles2SNR_staging/train/10um/HFocusing_5_10_10um_0_1322.npy,symlinked
10um,train,P0/C1_HF_5_10_10um_doublet/HFocusing_5_10_10um_0_1325.npy,particles2SNR_pipeline/output/p0_c1_particles2SNR_staging/train/10um/HFocusing_5_10_10um_0_1325.npy,symlinked
10um,train,P0/C1_HF_5_10_10um_doublet/HFocusing_5_10_10um_0_1328.npy,particles2SNR_pipeline/output/p0_c1_particles2SNR_staging/train/10um/HFocusing_5_10_10um_0_1328.npy,symlinked
10um,train,P0/C1_HF_5_10_10um_doublet/HFocusing_5_10_10um_0_1329.npy,particles2SNR_pipeline/output/p0_c1_particles2SNR_staging/train/10um/HFocusing_5_10_10um_0_1329.npy,symlinked
10um,train,P0/C1_HF_5_10_10um_doublet/HFocusing_5_10_10um_0_133.npy,particles2SNR_pipeline/output/p0_c1_particles2SNR_staging/train/10um/HFocusing_5_10_10um_0_133.npy,symlinked
10um,train,P0/C1_HF_5_10_10um_doublet/HFocusing_5_10_10um_0_1331.npy,particles2SNR_pipeline/output/p0_c1_particles2SNR_staging/train/10um/HFocusing_5_10_10um_0_1331.npy,symlinked
10um,train,P0/C1_HF_5_10_10um_doublet/HFocusing_5_10_10um_0_1332.npy,particles2SNR_pipeline/output/p0_c1_particles2SNR_staging/train/10um/HFocusing_5_10_10um_0_1332.npy,symlinked
10um,train,P0/C1_HF_5_10_10um_doublet/HFocusing_5_10_10um_0_1335.npy,particles2SNR_pipeline/output/p0_c1_particles2SNR_staging/train/10um/HFocusing_5_10_10um_0_1335.npy,symlinked
10um,train,P0/C1_HF_5_10_10um_doublet/HFocusing_5_10_10um_0_1338.npy,particles2SNR_pipeline/output/p0_c1_particles2SNR_staging/train/10um/HFocusing_5_10_10um_0_1338.npy,symlinked
10um,train,P0/C1_HF_5_10_10um_doublet/HFocusing_5_10_10um_0_1340.npy,particles2SNR_pipeline/output/p0_c1_particles2SNR_staging/train/10um/HFocusing_5_10_10um_0_1340.npy,symlinked
10um,train,P0/C1_HF_5_10_10um_doublet/HFocusing_5_10_10um_0_1341.npy,particles2SNR_pipeline/output/p0_c1_particles2SNR_staging/train/10um/HFocusing_5_10_10um_0_1341.npy,symlinked
10um,train,P0/C1_HF_5_10_10um_doublet/HFocusing_5_10_10um_0_1344.npy,particles2SNR_pipeline/output/p0_c1_particles2SNR_staging/train/10um/HFocusing_5_10_10um_0_1344.npy,symlinked
10um,train,P0/C1_HF_5_10_10um_doublet/HFocusing_5_10_10um_0_1346.npy,particles2SNR_pipeline/output/p0_c1_particles2SNR_staging/train/10um/HFocusing_5_10_10um_0_1346.npy,symlinked
10um,train,P0/C1_HF_5_10_10um_doublet/HFocusing_5_10_10um_0_1347.npy,particles2SNR_pipeline/output/p0_c1_particles2SNR_staging/train/10um/HFocusing_5_10_10um_0_1347.npy,symlinked
10um,train,P0/C1_HF_5_10_10um_doublet/HFocusing_5_10_10um_0_1350.npy,particles2SNR_pipeline/output/p0_c1_particles2SNR_staging/train/10um/HFocusing_5_10_10um_0_1350.npy,symlinked
10um,test,P0/C1_HF_5_10_10um_doublet/HFocusing_5_10_10um_0_1353.npy,particles2SNR_pipeline/output/p0_c1_particles2SNR_staging/test/10um/HFocusing_5_10_10um_0_1353.npy,symlinked
10um,test,P0/C1_HF_5_10_10um_doublet/HFocusing_5_10_10um_0_1356.npy,particles2SNR_pipeline/output/p0_c1_particles2SNR_staging/test/10um/HFocusing_5_10_10um_0_1356.npy,symlinked
10um,train,P0/C1_HF_5_10_10um_doublet/HFocusing_5_10_10um_0_1359.npy,particles2SNR_pipeline/output/p0_c1_particles2SNR_staging/train/10um/HFocusing_5_10_10um_0_1359.npy,symlinked
10um,test,P0/C1_HF_5_10_10um_doublet/HFocusing_5_10_10um_0_136.npy,particles2SNR_pipeline/output/p0_c1_particles2SNR_staging/test/10um/HFocusing_5_10_10um_0_136.npy,symlinked
10um,train,P0/C1_HF_5_10_10um_doublet/HFocusing_5_10_10um_0_1361.npy,particles2SNR_pipeline/output/p0_c1_particles2SNR_staging/train/10um/HFocusing_5_10_10um_0_1361.npy,symlinked
10um,train,P0/C1_HF_5_10_10um_doublet/HFocusing_5_10_10um_0_1362.npy,particles2SNR_pipeline/output/p0_c1_particles2SNR_staging/train/10um/HFocusing_5_10_10um_0_1362.npy,symlinked
10um,train,P0/C1_HF_5_10_10um_doublet/HFocusing_5_10_10um_0_1365.npy,particles2SNR_pipeline/output/p0_c1_particles2SNR_staging/train/10um/HFocusing_5_10_10um_0_1365.npy,symlinked
10um,train,P0/C1_HF_5_10_10um_doublet/HFocusing_5_10_10um_0_1366.npy,particles2SNR_pipeline/output/p0_c1_particles2SNR_staging/train/10um/HFocusing_5_10_10um_0_1366.npy,symlinked
10um,train,P0/C1_HF_5_10_10um_doublet/HFocusing_5_10_10um_0_1369.npy,particles2SNR_pipeline/output/p0_c1_particles2SNR_staging/train/10um/HFocusing_5_10_10um_0_1369.npy,symlinked
10um,train,P0/C1_HF_5_10_10um_doublet/HFocusing_5_10_10um_0_137.npy,particles2SNR_pipeline/output/p0_c1_particles2SNR_staging/train/10um/HFocusing_5_10_10um_0_137.npy,symlinked
10um,train,P0/C1_HF_5_10_10um_doublet/HFocusing_5_10_10um_0_1371.npy,particles2SNR_pipeline/output/p0_c1_particles2SNR_staging/train/10um/HFocusing_5_10_10um_0_1371.npy,symlinked
10um,train,P0/C1_HF_5_10_10um_doublet/HFocusing_5_10_10um_0_1372.npy,particles2SNR_pipeline/output/p0_c1_particles2SNR_staging/train/10um/HFocusing_5_10_10um_0_1372.npy,symlinked
10um,train,P0/C1_HF_5_10_10um_doublet/HFocusing_5_10_10um_0_1375.npy,particles2SNR_pipeline/output/p0_c1_particles2SNR_staging/train/10um/HFocusing_5_10_10um_0_1375.npy,symlinked
10um,train,P0/C1_HF_5_10_10um_doublet/HFocusing_5_10_10um_0_1376.npy,particles2SNR_pipeline/output/p0_c1_particles2SNR_staging/train/10um/HFocusing_5_10_10um_0_1376.npy,symlinked
10um,train,P0/C1_HF_5_10_10um_doublet/HFocusing_5_10_10um_0_1379.npy,particles2SNR_pipeline/output/p0_c1_particles2SNR_staging/train/10um/HFocusing_5_10_10um_0_1379.npy,symlinked
10um,train,P0/C1_HF_5_10_10um_doublet/HFocusing_5_10_10um_0_1382.npy,particles2SNR_pipeline/output/p0_c1_particles2SNR_staging/train/10um/HFocusing_5_10_10um_0_1382.npy,symlinked
10um,test,P0/C1_HF_5_10_10um_doublet/HFocusing_5_10_10um_0_1385.npy,particles2SNR_pipeline/output/p0_c1_particles2SNR_staging/test/10um/HFocusing_5_10_10um_0_1385.npy,symlinked
10um,train,P0/C1_HF_5_10_10um_doublet/HFocusing_5_10_10um_0_1386.npy,particles2SNR_pipeline/output/p0_c1_particles2SNR_staging/train/10um/HFocusing_5_10_10um_0_1386.npy,symlinked
10um,train,P0/C1_HF_5_10_10um_doublet/HFocusing_5_10_10um_0_1390.npy,particles2SNR_pipeline/output/p0_c1_particles2SNR_staging/train/10um/HFocusing_5_10_10um_0_1390.npy,symlinked
10um,train,P0/C1_HF_5_10_10um_doublet/HFocusing_5_10_10um_0_1392.npy,particles2SNR_pipeline/output/p0_c1_particles2SNR_staging/train/10um/HFocusing_5_10_10um_0_1392.npy,symlinked
10um,train,P0/C1_HF_5_10_10um_doublet/HFocusing_5_10_10um_0_1393.npy,particles2SNR_pipeline/output/p0_c1_particles2SNR_staging/train/10um/HFocusing_5_10_10um_0_1393.npy,symlinked
10um,train,P0/C1_HF_5_10_10um_doublet/HFocusing_5_10_10um_0_1396.npy,particles2SNR_pipeline/output/p0_c1_particles2SNR_staging/train/10um/HFocusing_5_10_10um_0_1396.npy,symlinked
10um,train,P0/C1_HF_5_10_10um_doublet/HFocusing_5_10_10um_0_1397.npy,particles2SNR_pipeline/output/p0_c1_particles2SNR_staging/train/10um/HFocusing_5_10_10um_0_1397.npy,symlinked
10um,train,P0/C1_HF_5_10_10um_doublet/HFocusing_5_10_10um_0_14.npy,particles2SNR_pipeline/output/p0_c1_particles2SNR_staging/train/10um/HFocusing_5_10_10um_0_14.npy,symlinked
10um,train,P0/C1_HF_5_10_10um_doublet/HFocusing_5_10_10um_0_140.npy,particles2SNR_pipeline/output/p0_c1_particles2SNR_staging/train/10um/HFocusing_5_10_10um_0_140.npy,symlinked
10um,train,P0/C1_HF_5_10_10um_doublet/HFocusing_5_10_10um_0_1400.npy,particles2SNR_pipeline/output/p0_c1_particles2SNR_staging/train/10um/HFocusing_5_10_10um_0_1400.npy,symlinked
10um,train,P0/C1_HF_5_10_10um_doublet/HFocusing_5_10_10um_0_1403.npy,particles2SNR_pipeline/output/p0_c1_particles2SNR_staging/train/10um/HFocusing_5_10_10um_0_1403.npy,symlinked
10um,train,P0/C1_HF_5_10_10um_doublet/HFocusing_5_10_10um_0_1404.npy,particles2SNR_pipeline/output/p0_c1_particles2SNR_staging/train/10um/HFocusing_5_10_10um_0_1404.npy,symlinked
10um,train,P0/C1_HF_5_10_10um_doublet/HFocusing_5_10_10um_0_1406.npy,particles2SNR_pipeline/output/p0_c1_particles2SNR_staging/train/10um/HFocusing_5_10_10um_0_1406.npy,symlinked
10um,train,P0/C1_HF_5_10_10um_doublet/HFocusing_5_10_10um_0_1407.npy,particles2SNR_pipeline/output/p0_c1_particles2SNR_staging/train/10um/HFocusing_5_10_10um_0_1407.npy,symlinked
10um,train,P0/C1_HF_5_10_10um_doublet/HFocusing_5_10_10um_0_141.npy,particles2SNR_pipeline/output/p0_c1_particles2SNR_staging/train/10um/HFocusing_5_10_10um_0_141.npy,symlinked
10um,train,P0/C1_HF_5_10_10um_doublet/HFocusing_5_10_10um_0_1410.npy,particles2SNR_pipeline/output/p0_c1_particles2SNR_staging/train/10um/HFocusing_5_10_10um_0_1410.npy,symlinked
10um,test,P0/C1_HF_5_10_10um_doublet/HFocusing_5_10_10um_0_1411.npy,particles2SNR_pipeline/output/p0_c1_particles2SNR_staging/test/10um/HFocusing_5_10_10um_0_1411.npy,symlinked
10um,train,P0/C1_HF_5_10_10um_doublet/HFocusing_5_10_10um_0_1413.npy,particles2SNR_pipeline/output/p0_c1_particles2SNR_staging/train/10um/HFocusing_5_10_10um_0_1413.npy,symlinked
10um,train,P0/C1_HF_5_10_10um_doublet/HFocusing_5_10_10um_0_1414.npy,particles2SNR_pipeline/output/p0_c1_particles2SNR_staging/train/10um/HFocusing_5_10_10um_0_1414.npy,symlinked
10um,train,P0/C1_HF_5_10_10um_doublet/HFocusing_5_10_10um_0_1416.npy,particles2SNR_pipeline/output/p0_c1_particles2SNR_staging/train/10um/HFocusing_5_10_10um_0_1416.npy,symlinked
10um,train,P0/C1_HF_5_10_10um_doublet/HFocusing_5_10_10um_0_1417.npy,particles2SNR_pipeline/output/p0_c1_particles2SNR_staging/train/10um/HFocusing_5_10_10um_0_1417.npy,symlinked
10um,test,P0/C1_HF_5_10_10um_doublet/HFocusing_5_10_10um_0_1420.npy,particles2SNR_pipeline/output/p0_c1_particles2SNR_staging/test/10um/HFocusing_5_10_10um_0_1420.npy,symlinked
10um,train,P0/C1_HF_5_10_10um_doublet/HFocusing_5_10_10um_0_1421.npy,particles2SNR_pipeline/output/p0_c1_particles2SNR_staging/train/10um/HFocusing_5_10_10um_0_1421.npy,symlinked
10um,train,P0/C1_HF_5_10_10um_doublet/HFocusing_5_10_10um_0_1424.npy,particles2SNR_pipeline/output/p0_c1_particles2SNR_staging/train/10um/HFocusing_5_10_10um_0_1424.npy,symlinked
10um,train,P0/C1_HF_5_10_10um_doublet/HFocusing_5_10_10um_0_1427.npy,particles2SNR_pipeline/output/p0_c1_particles2SNR_staging/train/10um/HFocusing_5_10_10um_0_1427.npy,symlinked
10um,train,P0/C1_HF_5_10_10um_doublet/HFocusing_5_10_10um_0_1430.npy,particles2SNR_pipeline/output/p0_c1_particles2SNR_staging/train/10um/HFocusing_5_10_10um_0_1430.npy,symlinked
10um,train,P0/C1_HF_5_10_10um_doublet/HFocusing_5_10_10um_0_1431.npy,particles2SNR_pipeline/output/p0_c1_particles2SNR_staging/train/10um/HFocusing_5_10_10um_0_1431.npy,symlinked
10um,train,P0/C1_HF_5_10_10um_doublet/HFocusing_5_10_10um_0_1434.npy,particles2SNR_pipeline/output/p0_c1_particles2SNR_staging/train/10um/HFocusing_5_10_10um_0_1434.npy,symlinked
10um,train,P0/C1_HF_5_10_10um_doublet/HFocusing_5_10_10um_0_1436.npy,particles2SNR_pipeline/output/p0_c1_particles2SNR_staging/train/10um/HFocusing_5_10_10um_0_1436.npy,symlinked
10um,train,P0/C1_HF_5_10_10um_doublet/HFocusing_5_10_10um_0_1439.npy,particles2SNR_pipeline/output/p0_c1_particles2SNR_staging/train/10um/HFocusing_5_10_10um_0_1439.npy,symlinked
10um,train,P0/C1_HF_5_10_10um_doublet/HFocusing_5_10_10um_0_144.npy,particles2SNR_pipeline/output/p0_c1_particles2SNR_staging/train/10um/HFocusing_5_10_10um_0_144.npy,symlinked
10um,test,P0/C1_HF_5_10_10um_doublet/HFocusing_5_10_10um_0_1442.npy,particles2SNR_pipeline/output/p0_c1_particles2SNR_staging/test/10um/HFocusing_5_10_10um_0_1442.npy,symlinked
10um,test,P0/C1_HF_5_10_10um_doublet/HFocusing_5_10_10um_0_1443.npy,particles2SNR_pipeline/output/p0_c1_particles2SNR_staging/test/10um/HFocusing_5_10_10um_0_1443.npy,symlinked
10um,train,P0/C1_HF_5_10_10um_doublet/HFocusing_5_10_10um_0_1446.npy,particles2SNR_pipeline/output/p0_c1_particles2SNR_staging/train/10um/HFocusing_5_10_10um_0_1446.npy,symlinked
10um,train,P0/C1_HF_5_10_10um_doublet/HFocusing_5_10_10um_0_1449.npy,particles2SNR_pipeline/output/p0_c1_particles2SNR_staging/train/10um/HFocusing_5_10_10um_0_1449.npy,symlinked
10um,test,P0/C1_HF_5_10_10um_doublet/HFocusing_5_10_10um_0_1450.npy,particles2SNR_pipeline/output/p0_c1_particles2SNR_staging/test/10um/HFocusing_5_10_10um_0_1450.npy,symlinked
10um,train,P0/C1_HF_5_10_10um_doublet/HFocusing_5_10_10um_0_1452.npy,particles2SNR_pipeline/output/p0_c1_particles2SNR_staging/train/10um/HFocusing_5_10_10um_0_1452.npy,symlinked
10um,test,P0/C1_HF_5_10_10um_doublet/HFocusing_5_10_10um_0_1453.npy,particles2SNR_pipeline/output/p0_c1_particles2SNR_staging/test/10um/HFocusing_5_10_10um_0_1453.npy,symlinked
10um,train,P0/C1_HF_5_10_10um_doublet/HFocusing_5_10_10um_0_1456.npy,particles2SNR_pipeline/output/p0_c1_particles2SNR_staging/train/10um/HFocusing_5_10_10um_0_1456.npy,symlinked
10um,test,P0/C1_HF_5_10_10um_doublet/HFocusing_5_10_10um_0_1459.npy,particles2SNR_pipeline/output/p0_c1_particles2SNR_staging/test/10um/HFocusing_5_10_10um_0_1459.npy,symlinked
10um,train,P0/C1_HF_5_10_10um_doublet/HFocusing_5_10_10um_0_1463.npy,particles2SNR_pipeline/output/p0_c1_particles2SNR_staging/train/10um/HFocusing_5_10_10um_0_1463.npy,symlinked
10um,test,P0/C1_HF_5_10_10um_doublet/HFocusing_5_10_10um_0_1466.npy,particles2SNR_pipeline/output/p0_c1_particles2SNR_staging/test/10um/HFocusing_5_10_10um_0_1466.npy,symlinked
10um,train,P0/C1_HF_5_10_10um_doublet/HFocusing_5_10_10um_0_1469.npy,particles2SNR_pipeline/output/p0_c1_particles2SNR_staging/train/10um/HFocusing_5_10_10um_0_1469.npy,symlinked
10um,train,P0/C1_HF_5_10_10um_doublet/HFocusing_5_10_10um_0_147.npy,particles2SNR_pipeline/output/p0_c1_particles2SNR_staging/train/10um/HFocusing_5_10_10um_0_147.npy,symlinked
10um,train,P0/C1_HF_5_10_10um_doublet/HFocusing_5_10_10um_0_1472.npy,particles2SNR_pipeline/output/p0_c1_particles2SNR_staging/train/10um/HFocusing_5_10_10um_0_1472.npy,symlinked
10um,test,P0/C1_HF_5_10_10um_doublet/HFocusing_5_10_10um_0_1473.npy,particles2SNR_pipeline/output/p0_c1_particles2SNR_staging/test/10um/HFocusing_5_10_10um_0_1473.npy,symlinked
10um,train,P0/C1_HF_5_10_10um_doublet/HFocusing_5_10_10um_0_1476.npy,particles2SNR_pipeline/output/p0_c1_particles2SNR_staging/train/10um/HFocusing_5_10_10um_0_1476.npy,symlinked
10um,test,P0/C1_HF_5_10_10um_doublet/HFocusing_5_10_10um_0_1480.npy,particles2SNR_pipeline/output/p0_c1_particles2SNR_staging/test/10um/HFocusing_5_10_10um_0_1480.npy,symlinked
10um,train,P0/C1_HF_5_10_10um_doublet/HFocusing_5_10_10um_0_1482.npy,particles2SNR_pipeline/output/p0_c1_particles2SNR_staging/train/10um/HFocusing_5_10_10um_0_1482.npy,symlinked
10um,test,P0/C1_HF_5_10_10um_doublet/HFocusing_5_10_10um_0_1483.npy,particles2SNR_pipeline/output/p0_c1_particles2SNR_staging/test/10um/HFocusing_5_10_10um_0_1483.npy,symlinked
10um,train,P0/C1_HF_5_10_10um_doublet/HFocusing_5_10_10um_0_1485.npy,particles2SNR_pipeline/output/p0_c1_particles2SNR_staging/train/10um/HFocusing_5_10_10um_0_1485.npy,symlinked
10um,test,P0/C1_HF_5_10_10um_doublet/HFocusing_5_10_10um_0_1486.npy,particles2SNR_pipeline/output/p0_c1_particles2SNR_staging/test/10um/HFocusing_5_10_10um_0_1486.npy,symlinked
10um,train,P0/C1_HF_5_10_10um_doublet/HFocusing_5_10_10um_0_1489.npy,particles2SNR_pipeline/output/p0_c1_particles2SNR_staging/train/10um/HFocusing_5_10_10um_0_1489.npy,symlinked
10um,train,P0/C1_HF_5_10_10um_doublet/HFocusing_5_10_10um_0_149.npy,particles2SNR_pipeline/output/p0_c1_particles2SNR_staging/train/10um/HFocusing_5_10_10um_0_149.npy,symlinked
10um,train,P0/C1_HF_5_10_10um_doublet/HFocusing_5_10_10um_0_1490.npy,particles2SNR_pipeline/output/p0_c1_particles2SNR_staging/train/10um/HFocusing_5_10_10um_0_1490.npy,symlinked
10um,train,P0/C1_HF_5_10_10um_doublet/HFocusing_5_10_10um_0_1493.npy,particles2SNR_pipeline/output/p0_c1_particles2SNR_staging/train/10um/HFocusing_5_10_10um_0_1493.npy,symlinked
10um,train,P0/C1_HF_5_10_10um_doublet/HFocusing_5_10_10um_0_1494.npy,particles2SNR_pipeline/output/p0_c1_particles2SNR_staging/train/10um/HFocusing_5_10_10um_0_1494.npy,symlinked
10um,train,P0/C1_HF_5_10_10um_doublet/HFocusing_5_10_10um_0_1497.npy,particles2SNR_pipeline/output/p0_c1_particles2SNR_staging/train/10um/HFocusing_5_10_10um_0_1497.npy,symlinked
10um,train,P0/C1_HF_5_10_10um_doublet/HFocusing_5_10_10um_0_15.npy,particles2SNR_pipeline/output/p0_c1_particles2SNR_staging/train/10um/HFocusing_5_10_10um_0_15.npy,symlinked
10um,train,P0/C1_HF_5_10_10um_doublet/HFocusing_5_10_10um_0_150.npy,particles2SNR_pipeline/output/p0_c1_particles2SNR_staging/train/10um/HFocusing_5_10_10um_0_150.npy,symlinked
10um,train,P0/C1_HF_5_10_10um_doublet/HFocusing_5_10_10um_0_1500.npy,particles2SNR_pipeline/output/p0_c1_particles2SNR_staging/train/10um/HFocusing_5_10_10um_0_1500.npy,symlinked
10um,train,P0/C1_HF_5_10_10um_doublet/HFocusing_5_10_10um_0_1501.npy,particles2SNR_pipeline/output/p0_c1_particles2SNR_staging/train/10um/HFocusing_5_10_10um_0_1501.npy,symlinked
10um,test,P0/C1_HF_5_10_10um_doublet/HFocusing_5_10_10um_0_1504.npy,particles2SNR_pipeline/output/p0_c1_particles2SNR_staging/test/10um/HFocusing_5_10_10um_0_1504.npy,symlinked
10um,train,P0/C1_HF_5_10_10um_doublet/HFocusing_5_10_10um_0_1505.npy,particles2SNR_pipeline/output/p0_c1_particles2SNR_staging/train/10um/HFocusing_5_10_10um_0_1505.npy,symlinked
10um,train,P0/C1_HF_5_10_10um_doublet/HFocusing_5_10_10um_0_1507.npy,particles2SNR_pipeline/output/p0_c1_particles2SNR_staging/train/10um/HFocusing_5_10_10um_0_1507.npy,symlinked
10um,train,P0/C1_HF_5_10_10um_doublet/HFocusing_5_10_10um_0_1508.npy,particles2SNR_pipeline/output/p0_c1_particles2SNR_staging/train/10um/HFocusing_5_10_10um_0_1508.npy,symlinked
10um,train,P0/C1_HF_5_10_10um_doublet/HFocusing_5_10_10um_0_1510.npy,particles2SNR_pipeline/output/p0_c1_particles2SNR_staging/train/10um/HFocusing_5_10_10um_0_1510.npy,symlinked
10um,train,P0/C1_HF_5_10_10um_doublet/HFocusing_5_10_10um_0_1511.npy,particles2SNR_pipeline/output/p0_c1_particles2SNR_staging/train/10um/HFocusing_5_10_10um_0_1511.npy,symlinked
10um,test,P0/C1_HF_5_10_10um_doublet/HFocusing_5_10_10um_0_1513.npy,particles2SNR_pipeline/output/p0_c1_particles2SNR_staging/test/10um/HFocusing_5_10_10um_0_1513.npy,symlinked
10um,train,P0/C1_HF_5_10_10um_doublet/HFocusing_5_10_10um_0_1514.npy,particles2SNR_pipeline/output/p0_c1_particles2SNR_staging/train/10um/HFocusing_5_10_10um_0_1514.npy,symlinked
10um,train,P0/C1_HF_5_10_10um_doublet/HFocusing_5_10_10um_0_1517.npy,particles2SNR_pipeline/output/p0_c1_particles2SNR_staging/train/10um/HFocusing_5_10_10um_0_1517.npy,symlinked
10um,train,P0/C1_HF_5_10_10um_doublet/HFocusing_5_10_10um_0_1519.npy,particles2SNR_pipeline/output/p0_c1_particles2SNR_staging/train/10um/HFocusing_5_10_10um_0_1519.npy,symlinked
10um,train,P0/C1_HF_5_10_10um_doublet/HFocusing_5_10_10um_0_1520.npy,particles2SNR_pipeline/output/p0_c1_particles2SNR_staging/train/10um/HFocusing_5_10_10um_0_1520.npy,symlinked
10um,train,P0/C1_HF_5_10_10um_doublet/HFocusing_5_10_10um_0_1522.npy,particles2SNR_pipeline/output/p0_c1_particles2SNR_staging/train/10um/HFocusing_5_10_10um_0_1522.npy,symlinked
10um,train,P0/C1_HF_5_10_10um_doublet/HFocusing_5_10_10um_0_1523.npy,particles2SNR_pipeline/output/p0_c1_particles2SNR_staging/train/10um/HFocusing_5_10_10um_0_1523.npy,symlinked
10um,train,P0/C1_HF_5_10_10um_doublet/HFocusing_5_10_10um_0_1525.npy,particles2SNR_pipeline/output/p0_c1_particles2SNR_staging/train/10um/HFocusing_5_10_10um_0_1525.npy,symlinked
10um,train,P0/C1_HF_5_10_10um_doublet/HFocusing_5_10_10um_0_1526.npy,particles2SNR_pipeline/output/p0_c1_particles2SNR_staging/train/10um/HFocusing_5_10_10um_0_1526.npy,symlinked
10um,train,P0/C1_HF_5_10_10um_doublet/HFocusing_5_10_10um_0_1529.npy,particles2SNR_pipeline/output/p0_c1_particles2SNR_staging/train/10um/HFocusing_5_10_10um_0_1529.npy,symlinked
10um,train,P0/C1_HF_5_10_10um_doublet/HFocusing_5_10_10um_0_1532.npy,particles2SNR_pipeline/output/p0_c1_particles2SNR_staging/train/10um/HFocusing_5_10_10um_0_1532.npy,symlinked
10um,train,P0/C1_HF_5_10_10um_doublet/HFocusing_5_10_10um_0_1533.npy,particles2SNR_pipeline/output/p0_c1_particles2SNR_staging/train/10um/HFocusing_5_10_10um_0_1533.npy,symlinked
10um,train,P0/C1_HF_5_10_10um_doublet/HFocusing_5_10_10um_0_1536.npy,particles2SNR_pipeline/output/p0_c1_particles2SNR_staging/train/10um/HFocusing_5_10_10um_0_1536.npy,symlinked
10um,train,P0/C1_HF_5_10_10um_doublet/HFocusing_5_10_10um_0_1537.npy,particles2SNR_pipeline/output/p0_c1_particles2SNR_staging/train/10um/HFocusing_5_10_10um_0_1537.npy,symlinked
10um,train,P0/C1_HF_5_10_10um_doublet/HFocusing_5_10_10um_0_1538.npy,particles2SNR_pipeline/output/p0_c1_particles2SNR_staging/train/10um/HFocusing_5_10_10um_0_1538.npy,symlinked
10um,test,P0/C1_HF_5_10_10um_doublet/HFocusing_5_10_10um_0_154.npy,particles2SNR_pipeline/output/p0_c1_particles2SNR_staging/test/10um/HFocusing_5_10_10um_0_154.npy,symlinked
10um,train,P0/C1_HF_5_10_10um_doublet/HFocusing_5_10_10um_0_1541.npy,particles2SNR_pipeline/output/p0_c1_particles2SNR_staging/train/10um/HFocusing_5_10_10um_0_1541.npy,symlinked
10um,train,P0/C1_HF_5_10_10um_doublet/HFocusing_5_10_10um_0_1544.npy,particles2SNR_pipeline/output/p0_c1_particles2SNR_staging/train/10um/HFocusing_5_10_10um_0_1544.npy,symlinked
10um,train,P0/C1_HF_5_10_10um_doublet/HFocusing_5_10_10um_0_1547.npy,particles2SNR_pipeline/output/p0_c1_particles2SNR_staging/train/10um/HFocusing_5_10_10um_0_1547.npy,symlinked
10um,train,P0/C1_HF_5_10_10um_doublet/HFocusing_5_10_10um_0_1550.npy,particles2SNR_pipeline/output/p0_c1_particles2SNR_staging/train/10um/HFocusing_5_10_10um_0_1550.npy,symlinked
10um,test,P0/C1_HF_5_10_10um_doublet/HFocusing_5_10_10um_0_1554.npy,particles2SNR_pipeline/output/p0_c1_particles2SNR_staging/test/10um/HFocusing_5_10_10um_0_1554.npy,symlinked
10um,train,P0/C1_HF_5_10_10um_doublet/HFocusing_5_10_10um_0_1557.npy,particles2SNR_pipeline/output/p0_c1_particles2SNR_staging/train/10um/HFocusing_5_10_10um_0_1557.npy,symlinked
10um,train,P0/C1_HF_5_10_10um_doublet/HFocusing_5_10_10um_0_1560.npy,particles2SNR_pipeline/output/p0_c1_particles2SNR_staging/train/10um/HFocusing_5_10_10um_0_1560.npy,symlinked
10um,train,P0/C1_HF_5_10_10um_doublet/HFocusing_5_10_10um_0_1562.npy,particles2SNR_pipeline/output/p0_c1_particles2SNR_staging/train/10um/HFocusing_5_10_10um_0_1562.npy,symlinked
10um,train,P0/C1_HF_5_10_10um_doublet/HFocusing_5_10_10um_0_1563.npy,particles2SNR_pipeline/output/p0_c1_particles2SNR_staging/train/10um/HFocusing_5_10_10um_0_1563.npy,symlinked
10um,train,P0/C1_HF_5_10_10um_doublet/HFocusing_5_10_10um_0_1565.npy,particles2SNR_pipeline/output/p0_c1_particles2SNR_staging/train/10um/HFocusing_5_10_10um_0_1565.npy,symlinked
10um,train,P0/C1_HF_5_10_10um_doublet/HFocusing_5_10_10um_0_1568.npy,particles2SNR_pipeline/output/p0_c1_particles2SNR_staging/train/10um/HFocusing_5_10_10um_0_1568.npy,symlinked
10um,test,P0/C1_HF_5_10_10um_doublet/HFocusing_5_10_10um_0_157.npy,particles2SNR_pipeline/output/p0_c1_particles2SNR_staging/test/10um/HFocusing_5_10_10um_0_157.npy,symlinked
10um,train,P0/C1_HF_5_10_10um_doublet/HFocusing_5_10_10um_0_1571.npy,particles2SNR_pipeline/output/p0_c1_particles2SNR_staging/train/10um/HFocusing_5_10_10um_0_1571.npy,symlinked
10um,test,P0/C1_HF_5_10_10um_doublet/HFocusing_5_10_10um_0_1572.npy,particles2SNR_pipeline/output/p0_c1_particles2SNR_staging/test/10um/HFocusing_5_10_10um_0_1572.npy,symlinked
10um,train,P0/C1_HF_5_10_10um_doublet/HFocusing_5_10_10um_0_1574.npy,particles2SNR_pipeline/output/p0_c1_particles2SNR_staging/train/10um/HFocusing_5_10_10um_0_1574.npy,symlinked
10um,train,P0/C1_HF_5_10_10um_doublet/HFocusing_5_10_10um_0_1575.npy,particles2SNR_pipeline/output/p0_c1_particles2SNR_staging/train/10um/HFocusing_5_10_10um_0_1575.npy,symlinked
10um,train,P0/C1_HF_5_10_10um_doublet/HFocusing_5_10_10um_0_1578.npy,particles2SNR_pipeline/output/p0_c1_particles2SNR_staging/train/10um/HFocusing_5_10_10um_0_1578.npy,symlinked
10um,train,P0/C1_HF_5_10_10um_doublet/HFocusing_5_10_10um_0_1579.npy,particles2SNR_pipeline/output/p0_c1_particles2SNR_staging/train/10um/HFocusing_5_10_10um_0_1579.npy,symlinked
10um,test,P0/C1_HF_5_10_10um_doublet/HFocusing_5_10_10um_0_1582.npy,particles2SNR_pipeline/output/p0_c1_particles2SNR_staging/test/10um/HFocusing_5_10_10um_0_1582.npy,symlinked
10um,test,P0/C1_HF_5_10_10um_doublet/HFocusing_5_10_10um_0_1585.npy,particles2SNR_pipeline/output/p0_c1_particles2SNR_staging/test/10um/HFocusing_5_10_10um_0_1585.npy,symlinked
10um,train,P0/C1_HF_5_10_10um_doublet/HFocusing_5_10_10um_0_1586.npy,particles2SNR_pipeline/output/p0_c1_particles2SNR_staging/train/10um/HFocusing_5_10_10um_0_1586.npy,symlinked
10um,train,P0/C1_HF_5_10_10um_doublet/HFocusing_5_10_10um_0_1589.npy,particles2SNR_pipeline/output/p0_c1_particles2SNR_staging/train/10um/HFocusing_5_10_10um_0_1589.npy,symlinked
10um,train,P0/C1_HF_5_10_10um_doublet/HFocusing_5_10_10um_0_1590.npy,particles2SNR_pipeline/output/p0_c1_particles2SNR_staging/train/10um/HFocusing_5_10_10um_0_1590.npy,symlinked
10um,train,P0/C1_HF_5_10_10um_doublet/HFocusing_5_10_10um_0_1593.npy,particles2SNR_pipeline/output/p0_c1_particles2SNR_staging/train/10um/HFocusing_5_10_10um_0_1593.npy,symlinked
10um,train,P0/C1_HF_5_10_10um_doublet/HFocusing_5_10_10um_0_1594.npy,particles2SNR_pipeline/output/p0_c1_particles2SNR_staging/train/10um/HFocusing_5_10_10um_0_1594.npy,symlinked
10um,train,P0/C1_HF_5_10_10um_doublet/HFocusing_5_10_10um_0_1597.npy,particles2SNR_pipeline/output/p0_c1_particles2SNR_staging/train/10um/HFocusing_5_10_10um_0_1597.npy,symlinked
10um,test,P0/C1_HF_5_10_10um_doublet/HFocusing_5_10_10um_0_1598.npy,particles2SNR_pipeline/output/p0_c1_particles2SNR_staging/test/10um/HFocusing_5_10_10um_0_1598.npy,symlinked
10um,train,P0/C1_HF_5_10_10um_doublet/HFocusing_5_10_10um_0_160.npy,particles2SNR_pipeline/output/p0_c1_particles2SNR_staging/train/10um/HFocusing_5_10_10um_0_160.npy,symlinked
10um,train,P0/C1_HF_5_10_10um_doublet/HFocusing_5_10_10um_0_1601.npy,particles2SNR_pipeline/output/p0_c1_particles2SNR_staging/train/10um/HFocusing_5_10_10um_0_1601.npy,symlinked
10um,test,P0/C1_HF_5_10_10um_doublet/HFocusing_5_10_10um_0_1603.npy,particles2SNR_pipeline/output/p0_c1_particles2SNR_staging/test/10um/HFocusing_5_10_10um_0_1603.npy,symlinked
10um,test,P0/C1_HF_5_10_10um_doublet/HFocusing_5_10_10um_0_1604.npy,particles2SNR_pipeline/output/p0_c1_particles2SNR_staging/test/10um/HFocusing_5_10_10um_0_1604.npy,symlinked
10um,test,P0/C1_HF_5_10_10um_doublet/HFocusing_5_10_10um_0_1608.npy,particles2SNR_pipeline/output/p0_c1_particles2SNR_staging/test/10um/HFocusing_5_10_10um_0_1608.npy,symlinked
10um,train,P0/C1_HF_5_10_10um_doublet/HFocusing_5_10_10um_0_1610.npy,particles2SNR_pipeline/output/p0_c1_particles2SNR_staging/train/10um/HFocusing_5_10_10um_0_1610.npy,symlinked
10um,train,P0/C1_HF_5_10_10um_doublet/HFocusing_5_10_10um_0_1611.npy,particles2SNR_pipeline/output/p0_c1_particles2SNR_staging/train/10um/HFocusing_5_10_10um_0_1611.npy,symlinked
10um,train,P0/C1_HF_5_10_10um_doublet/HFocusing_5_10_10um_0_1614.npy,particles2SNR_pipeline/output/p0_c1_particles2SNR_staging/train/10um/HFocusing_5_10_10um_0_1614.npy,symlinked
10um,train,P0/C1_HF_5_10_10um_doublet/HFocusing_5_10_10um_0_1617.npy,particles2SNR_pipeline/output/p0_c1_particles2SNR_staging/train/10um/HFocusing_5_10_10um_0_1617.npy,symlinked
10um,test,P0/C1_HF_5_10_10um_doublet/HFocusing_5_10_10um_0_1620.npy,particles2SNR_pipeline/output/p0_c1_particles2SNR_staging/test/10um/HFocusing_5_10_10um_0_1620.npy,symlinked
10um,train,P0/C1_HF_5_10_10um_doublet/HFocusing_5_10_10um_0_1621.npy,particles2SNR_pipeline/output/p0_c1_particles2SNR_staging/train/10um/HFocusing_5_10_10um_0_1621.npy,symlinked
10um,test,P0/C1_HF_5_10_10um_doublet/HFocusing_5_10_10um_0_1624.npy,particles2SNR_pipeline/output/p0_c1_particles2SNR_staging/test/10um/HFocusing_5_10_10um_0_1624.npy,symlinked
10um,train,P0/C1_HF_5_10_10um_doublet/HFocusing_5_10_10um_0_1627.npy,particles2SNR_pipeline/output/p0_c1_particles2SNR_staging/train/10um/HFocusing_5_10_10um_0_1627.npy,symlinked
10um,train,P0/C1_HF_5_10_10um_doublet/HFocusing_5_10_10um_0_1628.npy,particles2SNR_pipeline/output/p0_c1_particles2SNR_staging/train/10um/HFocusing_5_10_10um_0_1628.npy,symlinked
10um,train,P0/C1_HF_5_10_10um_doublet/HFocusing_5_10_10um_0_163.npy,particles2SNR_pipeline/output/p0_c1_particles2SNR_staging/train/10um/HFocusing_5_10_10um_0_163.npy,symlinked
10um,test,P0/C1_HF_5_10_10um_doublet/HFocusing_5_10_10um_0_1631.npy,particles2SNR_pipeline/output/p0_c1_particles2SNR_staging/test/10um/HFocusing_5_10_10um_0_1631.npy,symlinked
10um,train,P0/C1_HF_5_10_10um_doublet/HFocusing_5_10_10um_0_1634.npy,particles2SNR_pipeline/output/p0_c1_particles2SNR_staging/train/10um/HFocusing_5_10_10um_0_1634.npy,symlinked
10um,train,P0/C1_HF_5_10_10um_doublet/HFocusing_5_10_10um_0_1637.npy,particles2SNR_pipeline/output/p0_c1_particles2SNR_staging/train/10um/HFocusing_5_10_10um_0_1637.npy,symlinked
10um,train,P0/C1_HF_5_10_10um_doublet/HFocusing_5_10_10um_0_1638.npy,particles2SNR_pipeline/output/p0_c1_particles2SNR_staging/train/10um/HFocusing_5_10_10um_0_1638.npy,symlinked
10um,train,P0/C1_HF_5_10_10um_doublet/HFocusing_5_10_10um_0_164.npy,particles2SNR_pipeline/output/p0_c1_particles2SNR_staging/train/10um/HFocusing_5_10_10um_0_164.npy,symlinked
10um,train,P0/C1_HF_5_10_10um_doublet/HFocusing_5_10_10um_0_1641.npy,particles2SNR_pipeline/output/p0_c1_particles2SNR_staging/train/10um/HFocusing_5_10_10um_0_1641.npy,symlinked
10um,train,P0/C1_HF_5_10_10um_doublet/HFocusing_5_10_10um_0_1643.npy,particles2SNR_pipeline/output/p0_c1_particles2SNR_staging/train/10um/HFocusing_5_10_10um_0_1643.npy,symlinked
10um,test,P0/C1_HF_5_10_10um_doublet/HFocusing_5_10_10um_0_1644.npy,particles2SNR_pipeline/output/p0_c1_particles2SNR_staging/test/10um/HFocusing_5_10_10um_0_1644.npy,symlinked
10um,train,P0/C1_HF_5_10_10um_doublet/HFocusing_5_10_10um_0_1647.npy,particles2SNR_pipeline/output/p0_c1_particles2SNR_staging/train/10um/HFocusing_5_10_10um_0_1647.npy,symlinked
10um,test,P0/C1_HF_5_10_10um_doublet/HFocusing_5_10_10um_0_1650.npy,particles2SNR_pipeline/output/p0_c1_particles2SNR_staging/test/10um/HFocusing_5_10_10um_0_1650.npy,symlinked
10um,test,P0/C1_HF_5_10_10um_doublet/HFocusing_5_10_10um_0_1653.npy,particles2SNR_pipeline/output/p0_c1_particles2SNR_staging/test/10um/HFocusing_5_10_10um_0_1653.npy,symlinked
10um,test,P0/C1_HF_5_10_10um_doublet/HFocusing_5_10_10um_0_1655.npy,particles2SNR_pipeline/output/p0_c1_particles2SNR_staging/test/10um/HFocusing_5_10_10um_0_1655.npy,symlinked
10um,train,P0/C1_HF_5_10_10um_doublet/HFocusing_5_10_10um_0_1656.npy,particles2SNR_pipeline/output/p0_c1_particles2SNR_staging/train/10um/HFocusing_5_10_10um_0_1656.npy,symlinked
10um,train,P0/C1_HF_5_10_10um_doublet/HFocusing_5_10_10um_0_1658.npy,particles2SNR_pipeline/output/p0_c1_particles2SNR_staging/train/10um/HFocusing_5_10_10um_0_1658.npy,symlinked
10um,test,P0/C1_HF_5_10_10um_doublet/HFocusing_5_10_10um_0_166.npy,particles2SNR_pipeline/output/p0_c1_particles2SNR_staging/test/10um/HFocusing_5_10_10um_0_166.npy,symlinked
10um,train,P0/C1_HF_5_10_10um_doublet/HFocusing_5_10_10um_0_1661.npy,particles2SNR_pipeline/output/p0_c1_particles2SNR_staging/train/10um/HFocusing_5_10_10um_0_1661.npy,symlinked
10um,train,P0/C1_HF_5_10_10um_doublet/HFocusing_5_10_10um_0_1663.npy,particles2SNR_pipeline/output/p0_c1_particles2SNR_staging/train/10um/HFocusing_5_10_10um_0_1663.npy,symlinked
10um,train,P0/C1_HF_5_10_10um_doublet/HFocusing_5_10_10um_0_1664.npy,particles2SNR_pipeline/output/p0_c1_particles2SNR_staging/train/10um/HFocusing_5_10_10um_0_1664.npy,symlinked
10um,test,P0/C1_HF_5_10_10um_doublet/HFocusing_5_10_10um_0_1667.npy,particles2SNR_pipeline/output/p0_c1_particles2SNR_staging/test/10um/HFocusing_5_10_10um_0_1667.npy,symlinked
10um,test,P0/C1_HF_5_10_10um_doublet/HFocusing_5_10_10um_0_1670.npy,particles2SNR_pipeline/output/p0_c1_particles2SNR_staging/test/10um/HFocusing_5_10_10um_0_1670.npy,symlinked
10um,train,P0/C1_HF_5_10_10um_doublet/HFocusing_5_10_10um_0_1671.npy,particles2SNR_pipeline/output/p0_c1_particles2SNR_staging/train/10um/HFocusing_5_10_10um_0_1671.npy,symlinked
10um,test,P0/C1_HF_5_10_10um_doublet/HFocusing_5_10_10um_0_1673.npy,particles2SNR_pipeline/output/p0_c1_particles2SNR_staging/test/10um/HFocusing_5_10_10um_0_1673.npy,symlinked
10um,train,P0/C1_HF_5_10_10um_doublet/HFocusing_5_10_10um_0_1674.npy,particles2SNR_pipeline/output/p0_c1_particles2SNR_staging/train/10um/HFocusing_5_10_10um_0_1674.npy,symlinked
10um,train,P0/C1_HF_5_10_10um_doublet/HFocusing_5_10_10um_0_1677.npy,particles2SNR_pipeline/output/p0_c1_particles2SNR_staging/train/10um/HFocusing_5_10_10um_0_1677.npy,symlinked
10um,train,P0/C1_HF_5_10_10um_doublet/HFocusing_5_10_10um_0_1680.npy,particles2SNR_pipeline/output/p0_c1_particles2SNR_staging/train/10um/HFocusing_5_10_10um_0_1680.npy,symlinked
10um,train,P0/C1_HF_5_10_10um_doublet/HFocusing_5_10_10um_0_1683.npy,particles2SNR_pipeline/output/p0_c1_particles2SNR_staging/train/10um/HFocusing_5_10_10um_0_1683.npy,symlinked
10um,train,P0/C1_HF_5_10_10um_doublet/HFocusing_5_10_10um_0_1684.npy,particles2SNR_pipeline/output/p0_c1_particles2SNR_staging/train/10um/HFocusing_5_10_10um_0_1684.npy,symlinked
10um,train,P0/C1_HF_5_10_10um_doublet/HFocusing_5_10_10um_0_1687.npy,particles2SNR_pipeline/output/p0_c1_particles2SNR_staging/train/10um/HFocusing_5_10_10um_0_1687.npy,symlinked
10um,test,P0/C1_HF_5_10_10um_doublet/HFocusing_5_10_10um_0_1689.npy,particles2SNR_pipeline/output/p0_c1_particles2SNR_staging/test/10um/HFocusing_5_10_10um_0_1689.npy,symlinked
10um,train,P0/C1_HF_5_10_10um_doublet/HFocusing_5_10_10um_0_169.npy,particles2SNR_pipeline/output/p0_c1_particles2SNR_staging/train/10um/HFocusing_5_10_10um_0_169.npy,symlinked
10um,train,P0/C1_HF_5_10_10um_doublet/HFocusing_5_10_10um_0_1692.npy,particles2SNR_pipeline/output/p0_c1_particles2SNR_staging/train/10um/HFocusing_5_10_10um_0_1692.npy,symlinked
10um,train,P0/C1_HF_5_10_10um_doublet/HFocusing_5_10_10um_0_1695.npy,particles2SNR_pipeline/output/p0_c1_particles2SNR_staging/train/10um/HFocusing_5_10_10um_0_1695.npy,symlinked
10um,train,P0/C1_HF_5_10_10um_doublet/HFocusing_5_10_10um_0_1698.npy,particles2SNR_pipeline/output/p0_c1_particles2SNR_staging/train/10um/HFocusing_5_10_10um_0_1698.npy,symlinked
10um,train,P0/C1_HF_5_10_10um_doublet/HFocusing_5_10_10um_0_1701.npy,particles2SNR_pipeline/output/p0_c1_particles2SNR_staging/train/10um/HFocusing_5_10_10um_0_1701.npy,symlinked
10um,train,P0/C1_HF_5_10_10um_doublet/HFocusing_5_10_10um_0_1704.npy,particles2SNR_pipeline/output/p0_c1_particles2SNR_staging/train/10um/HFocusing_5_10_10um_0_1704.npy,symlinked
10um,train,P0/C1_HF_5_10_10um_doublet/HFocusing_5_10_10um_0_1706.npy,particles2SNR_pipeline/output/p0_c1_particles2SNR_staging/train/10um/HFocusing_5_10_10um_0_1706.npy,symlinked
10um,train,P0/C1_HF_5_10_10um_doublet/HFocusing_5_10_10um_0_1707.npy,particles2SNR_pipeline/output/p0_c1_particles2SNR_staging/train/10um/HFocusing_5_10_10um_0_1707.npy,symlinked
10um,train,P0/C1_HF_5_10_10um_doublet/HFocusing_5_10_10um_0_1710.npy,particles2SNR_pipeline/output/p0_c1_particles2SNR_staging/train/10um/HFocusing_5_10_10um_0_1710.npy,symlinked
10um,train,P0/C1_HF_5_10_10um_doublet/HFocusing_5_10_10um_0_1712.npy,particles2SNR_pipeline/output/p0_c1_particles2SNR_staging/train/10um/HFocusing_5_10_10um_0_1712.npy,symlinked
10um,test,P0/C1_HF_5_10_10um_doublet/HFocusing_5_10_10um_0_1715.npy,particles2SNR_pipeline/output/p0_c1_particles2SNR_staging/test/10um/HFocusing_5_10_10um_0_1715.npy,symlinked
10um,train,P0/C1_HF_5_10_10um_doublet/HFocusing_5_10_10um_0_1716.npy,particles2SNR_pipeline/output/p0_c1_particles2SNR_staging/train/10um/HFocusing_5_10_10um_0_1716.npy,symlinked
10um,test,P0/C1_HF_5_10_10um_doublet/HFocusing_5_10_10um_0_1719.npy,particles2SNR_pipeline/output/p0_c1_particles2SNR_staging/test/10um/HFocusing_5_10_10um_0_1719.npy,symlinked
10um,train,P0/C1_HF_5_10_10um_doublet/HFocusing_5_10_10um_0_172.npy,particles2SNR_pipeline/output/p0_c1_particles2SNR_staging/train/10um/HFocusing_5_10_10um_0_172.npy,symlinked
10um,test,P0/C1_HF_5_10_10um_doublet/HFocusing_5_10_10um_0_1720.npy,particles2SNR_pipeline/output/p0_c1_particles2SNR_staging/test/10um/HFocusing_5_10_10um_0_1720.npy,symlinked
10um,train,P0/C1_HF_5_10_10um_doublet/HFocusing_5_10_10um_0_1724.npy,particles2SNR_pipeline/output/p0_c1_particles2SNR_staging/train/10um/HFocusing_5_10_10um_0_1724.npy,symlinked
10um,train,P0/C1_HF_5_10_10um_doublet/HFocusing_5_10_10um_0_1727.npy,particles2SNR_pipeline/output/p0_c1_particles2SNR_staging/train/10um/HFocusing_5_10_10um_0_1727.npy,symlinked
10um,train,P0/C1_HF_5_10_10um_doublet/HFocusing_5_10_10um_0_1729.npy,particles2SNR_pipeline/output/p0_c1_particles2SNR_staging/train/10um/HFocusing_5_10_10um_0_1729.npy,symlinked
10um,train,P0/C1_HF_5_10_10um_doublet/HFocusing_5_10_10um_0_1730.npy,particles2SNR_pipeline/output/p0_c1_particles2SNR_staging/train/10um/HFocusing_5_10_10um_0_1730.npy,symlinked
10um,train,P0/C1_HF_5_10_10um_doublet/HFocusing_5_10_10um_0_1733.npy,particles2SNR_pipeline/output/p0_c1_particles2SNR_staging/train/10um/HFocusing_5_10_10um_0_1733.npy,symlinked
10um,train,P0/C1_HF_5_10_10um_doublet/HFocusing_5_10_10um_0_1736.npy,particles2SNR_pipeline/output/p0_c1_particles2SNR_staging/train/10um/HFocusing_5_10_10um_0_1736.npy,symlinked
10um,train,P0/C1_HF_5_10_10um_doublet/HFocusing_5_10_10um_0_1739.npy,particles2SNR_pipeline/output/p0_c1_particles2SNR_staging/train/10um/HFocusing_5_10_10um_0_1739.npy,symlinked
10um,test,P0/C1_HF_5_10_10um_doublet/HFocusing_5_10_10um_0_1742.npy,particles2SNR_pipeline/output/p0_c1_particles2SNR_staging/test/10um/HFocusing_5_10_10um_0_1742.npy,symlinked
10um,train,P0/C1_HF_5_10_10um_doublet/HFocusing_5_10_10um_0_1743.npy,particles2SNR_pipeline/output/p0_c1_particles2SNR_staging/train/10um/HFocusing_5_10_10um_0_1743.npy,symlinked
10um,train,P0/C1_HF_5_10_10um_doublet/HFocusing_5_10_10um_0_1746.npy,particles2SNR_pipeline/output/p0_c1_particles2SNR_staging/train/10um/HFocusing_5_10_10um_0_1746.npy,symlinked
10um,train,P0/C1_HF_5_10_10um_doublet/HFocusing_5_10_10um_0_1747.npy,particles2SNR_pipeline/output/p0_c1_particles2SNR_staging/train/10um/HFocusing_5_10_10um_0_1747.npy,symlinked
10um,train,P0/C1_HF_5_10_10um_doublet/HFocusing_5_10_10um_0_175.npy,particles2SNR_pipeline/output/p0_c1_particles2SNR_staging/train/10um/HFocusing_5_10_10um_0_175.npy,symlinked
10um,train,P0/C1_HF_5_10_10um_doublet/HFocusing_5_10_10um_0_1750.npy,particles2SNR_pipeline/output/p0_c1_particles2SNR_staging/train/10um/HFocusing_5_10_10um_0_1750.npy,symlinked
10um,train,P0/C1_HF_5_10_10um_doublet/HFocusing_5_10_10um_0_1751.npy,particles2SNR_pipeline/output/p0_c1_particles2SNR_staging/train/10um/HFocusing_5_10_10um_0_1751.npy,symlinked
10um,train,P0/C1_HF_5_10_10um_doublet/HFocusing_5_10_10um_0_1754.npy,particles2SNR_pipeline/output/p0_c1_particles2SNR_staging/train/10um/HFocusing_5_10_10um_0_1754.npy,symlinked
10um,train,P0/C1_HF_5_10_10um_doublet/HFocusing_5_10_10um_0_1757.npy,particles2SNR_pipeline/output/p0_c1_particles2SNR_staging/train/10um/HFocusing_5_10_10um_0_1757.npy,symlinked
10um,train,P0/C1_HF_5_10_10um_doublet/HFocusing_5_10_10um_0_176.npy,particles2SNR_pipeline/output/p0_c1_particles2SNR_staging/train/10um/HFocusing_5_10_10um_0_176.npy,symlinked
10um,train,P0/C1_HF_5_10_10um_doublet/HFocusing_5_10_10um_0_1760.npy,particles2SNR_pipeline/output/p0_c1_particles2SNR_staging/train/10um/HFocusing_5_10_10um_0_1760.npy,symlinked
10um,train,P0/C1_HF_5_10_10um_doublet/HFocusing_5_10_10um_0_1762.npy,particles2SNR_pipeline/output/p0_c1_particles2SNR_staging/train/10um/HFocusing_5_10_10um_0_1762.npy,symlinked
10um,train,P0/C1_HF_5_10_10um_doublet/HFocusing_5_10_10um_0_1765.npy,particles2SNR_pipeline/output/p0_c1_particles2SNR_staging/train/10um/HFocusing_5_10_10um_0_1765.npy,symlinked
10um,train,P0/C1_HF_5_10_10um_doublet/HFocusing_5_10_10um_0_1766.npy,particles2SNR_pipeline/output/p0_c1_particles2SNR_staging/train/10um/HFocusing_5_10_10um_0_1766.npy,symlinked
10um,train,P0/C1_HF_5_10_10um_doublet/HFocusing_5_10_10um_0_1768.npy,particles2SNR_pipeline/output/p0_c1_particles2SNR_staging/train/10um/HFocusing_5_10_10um_0_1768.npy,symlinked
10um,test,P0/C1_HF_5_10_10um_doublet/HFocusing_5_10_10um_0_1769.npy,particles2SNR_pipeline/output/p0_c1_particles2SNR_staging/test/10um/HFocusing_5_10_10um_0_1769.npy,symlinked
10um,train,P0/C1_HF_5_10_10um_doublet/HFocusing_5_10_10um_0_1771.npy,particles2SNR_pipeline/output/p0_c1_particles2SNR_staging/train/10um/HFocusing_5_10_10um_0_1771.npy,symlinked
10um,train,P0/C1_HF_5_10_10um_doublet/HFocusing_5_10_10um_0_1772.npy,particles2SNR_pipeline/output/p0_c1_particles2SNR_staging/train/10um/HFocusing_5_10_10um_0_1772.npy,symlinked
10um,test,P0/C1_HF_5_10_10um_doublet/HFocusing_5_10_10um_0_1775.npy,particles2SNR_pipeline/output/p0_c1_particles2SNR_staging/test/10um/HFocusing_5_10_10um_0_1775.npy,symlinked
10um,train,P0/C1_HF_5_10_10um_doublet/HFocusing_5_10_10um_0_1778.npy,particles2SNR_pipeline/output/p0_c1_particles2SNR_staging/train/10um/HFocusing_5_10_10um_0_1778.npy,symlinked
10um,train,P0/C1_HF_5_10_10um_doublet/HFocusing_5_10_10um_0_1779.npy,particles2SNR_pipeline/output/p0_c1_particles2SNR_staging/train/10um/HFocusing_5_10_10um_0_1779.npy,symlinked
10um,train,P0/C1_HF_5_10_10um_doublet/HFocusing_5_10_10um_0_1782.npy,particles2SNR_pipeline/output/p0_c1_particles2SNR_staging/train/10um/HFocusing_5_10_10um_0_1782.npy,symlinked
10um,train,P0/C1_HF_5_10_10um_doublet/HFocusing_5_10_10um_0_1783.npy,particles2SNR_pipeline/output/p0_c1_particles2SNR_staging/train/10um/HFocusing_5_10_10um_0_1783.npy,symlinked
10um,train,P0/C1_HF_5_10_10um_doublet/HFocusing_5_10_10um_0_1786.npy,particles2SNR_pipeline/output/p0_c1_particles2SNR_staging/train/10um/HFocusing_5_10_10um_0_1786.npy,symlinked
10um,train,P0/C1_HF_5_10_10um_doublet/HFocusing_5_10_10um_0_1788.npy,particles2SNR_pipeline/output/p0_c1_particles2SNR_staging/train/10um/HFocusing_5_10_10um_0_1788.npy,symlinked
10um,train,P0/C1_HF_5_10_10um_doublet/HFocusing_5_10_10um_0_179.npy,particles2SNR_pipeline/output/p0_c1_particles2SNR_staging/train/10um/HFocusing_5_10_10um_0_179.npy,symlinked
10um,train,P0/C1_HF_5_10_10um_doublet/HFocusing_5_10_10um_0_1791.npy,particles2SNR_pipeline/output/p0_c1_particles2SNR_staging/train/10um/HFocusing_5_10_10um_0_1791.npy,symlinked
10um,train,P0/C1_HF_5_10_10um_doublet/HFocusing_5_10_10um_0_1794.npy,particles2SNR_pipeline/output/p0_c1_particles2SNR_staging/train/10um/HFocusing_5_10_10um_0_1794.npy,symlinked
10um,train,P0/C1_HF_5_10_10um_doublet/HFocusing_5_10_10um_0_1797.npy,particles2SNR_pipeline/output/p0_c1_particles2SNR_staging/train/10um/HFocusing_5_10_10um_0_1797.npy,symlinked
10um,train,P0/C1_HF_5_10_10um_doublet/HFocusing_5_10_10um_0_18.npy,particles2SNR_pipeline/output/p0_c1_particles2SNR_staging/train/10um/HFocusing_5_10_10um_0_18.npy,symlinked
10um,train,P0/C1_HF_5_10_10um_doublet/HFocusing_5_10_10um_0_1800.npy,particles2SNR_pipeline/output/p0_c1_particles2SNR_staging/train/10um/HFocusing_5_10_10um_0_1800.npy,symlinked
10um,train,P0/C1_HF_5_10_10um_doublet/HFocusing_5_10_10um_0_1802.npy,particles2SNR_pipeline/output/p0_c1_particles2SNR_staging/train/10um/HFocusing_5_10_10um_0_1802.npy,symlinked
10um,train,P0/C1_HF_5_10_10um_doublet/HFocusing_5_10_10um_0_1803.npy,particles2SNR_pipeline/output/p0_c1_particles2SNR_staging/train/10um/HFocusing_5_10_10um_0_1803.npy,symlinked
10um,test,P0/C1_HF_5_10_10um_doublet/HFocusing_5_10_10um_0_1806.npy,particles2SNR_pipeline/output/p0_c1_particles2SNR_staging/test/10um/HFocusing_5_10_10um_0_1806.npy,symlinked
10um,train,P0/C1_HF_5_10_10um_doublet/HFocusing_5_10_10um_0_1807.npy,particles2SNR_pipeline/output/p0_c1_particles2SNR_staging/train/10um/HFocusing_5_10_10um_0_1807.npy,symlinked
10um,train,P0/C1_HF_5_10_10um_doublet/HFocusing_5_10_10um_0_1810.npy,particles2SNR_pipeline/output/p0_c1_particles2SNR_staging/train/10um/HFocusing_5_10_10um_0_1810.npy,symlinked
10um,train,P0/C1_HF_5_10_10um_doublet/HFocusing_5_10_10um_0_1811.npy,particles2SNR_pipeline/output/p0_c1_particles2SNR_staging/train/10um/HFocusing_5_10_10um_0_1811.npy,symlinked
10um,train,P0/C1_HF_5_10_10um_doublet/HFocusing_5_10_10um_0_1814.npy,particles2SNR_pipeline/output/p0_c1_particles2SNR_staging/train/10um/HFocusing_5_10_10um_0_1814.npy,symlinked
10um,test,P0/C1_HF_5_10_10um_doublet/HFocusing_5_10_10um_0_1815.npy,particles2SNR_pipeline/output/p0_c1_particles2SNR_staging/test/10um/HFocusing_5_10_10um_0_1815.npy,symlinked
10um,train,P0/C1_HF_5_10_10um_doublet/HFocusing_5_10_10um_0_1818.npy,particles2SNR_pipeline/output/p0_c1_particles2SNR_staging/train/10um/HFocusing_5_10_10um_0_1818.npy,symlinked
10um,test,P0/C1_HF_5_10_10um_doublet/HFocusing_5_10_10um_0_1819.npy,particles2SNR_pipeline/output/p0_c1_particles2SNR_staging/test/10um/HFocusing_5_10_10um_0_1819.npy,symlinked
10um,train,P0/C1_HF_5_10_10um_doublet/HFocusing_5_10_10um_0_182.npy,particles2SNR_pipeline/output/p0_c1_particles2SNR_staging/train/10um/HFocusing_5_10_10um_0_182.npy,symlinked
10um,train,P0/C1_HF_5_10_10um_doublet/HFocusing_5_10_10um_0_1822.npy,particles2SNR_pipeline/output/p0_c1_particles2SNR_staging/train/10um/HFocusing_5_10_10um_0_1822.npy,symlinked
10um,train,P0/C1_HF_5_10_10um_doublet/HFocusing_5_10_10um_0_1825.npy,particles2SNR_pipeline/output/p0_c1_particles2SNR_staging/train/10um/HFocusing_5_10_10um_0_1825.npy,symlinked
10um,test,P0/C1_HF_5_10_10um_doublet/HFocusing_5_10_10um_0_1828.npy,particles2SNR_pipeline/output/p0_c1_particles2SNR_staging/test/10um/HFocusing_5_10_10um_0_1828.npy,symlinked
10um,train,P0/C1_HF_5_10_10um_doublet/HFocusing_5_10_10um_0_1829.npy,particles2SNR_pipeline/output/p0_c1_particles2SNR_staging/train/10um/HFocusing_5_10_10um_0_1829.npy,symlinked
10um,train,P0/C1_HF_5_10_10um_doublet/HFocusing_5_10_10um_0_1832.npy,particles2SNR_pipeline/output/p0_c1_particles2SNR_staging/train/10um/HFocusing_5_10_10um_0_1832.npy,symlinked
10um,test,P0/C1_HF_5_10_10um_doublet/HFocusing_5_10_10um_0_1833.npy,particles2SNR_pipeline/output/p0_c1_particles2SNR_staging/test/10um/HFocusing_5_10_10um_0_1833.npy,symlinked
10um,train,P0/C1_HF_5_10_10um_doublet/HFocusing_5_10_10um_0_1836.npy,particles2SNR_pipeline/output/p0_c1_particles2SNR_staging/train/10um/HFocusing_5_10_10um_0_1836.npy,symlinked
10um,test,P0/C1_HF_5_10_10um_doublet/HFocusing_5_10_10um_0_1838.npy,particles2SNR_pipeline/output/p0_c1_particles2SNR_staging/test/10um/HFocusing_5_10_10um_0_1838.npy,symlinked
10um,train,P0/C1_HF_5_10_10um_doublet/HFocusing_5_10_10um_0_1839.npy,particles2SNR_pipeline/output/p0_c1_particles2SNR_staging/train/10um/HFocusing_5_10_10um_0_1839.npy,symlinked
10um,test,P0/C1_HF_5_10_10um_doublet/HFocusing_5_10_10um_0_1842.npy,particles2SNR_pipeline/output/p0_c1_particles2SNR_staging/test/10um/HFocusing_5_10_10um_0_1842.npy,symlinked
10um,test,P0/C1_HF_5_10_10um_doublet/HFocusing_5_10_10um_0_1845.npy,particles2SNR_pipeline/output/p0_c1_particles2SNR_staging/test/10um/HFocusing_5_10_10um_0_1845.npy,symlinked
10um,train,P0/C1_HF_5_10_10um_doublet/HFocusing_5_10_10um_0_1846.npy,particles2SNR_pipeline/output/p0_c1_particles2SNR_staging/train/10um/HFocusing_5_10_10um_0_1846.npy,symlinked
10um,test,P0/C1_HF_5_10_10um_doublet/HFocusing_5_10_10um_0_1849.npy,particles2SNR_pipeline/output/p0_c1_particles2SNR_staging/test/10um/HFocusing_5_10_10um_0_1849.npy,symlinked
10um,train,P0/C1_HF_5_10_10um_doublet/HFocusing_5_10_10um_0_185.npy,particles2SNR_pipeline/output/p0_c1_particles2SNR_staging/train/10um/HFocusing_5_10_10um_0_185.npy,symlinked
10um,train,P0/C1_HF_5_10_10um_doublet/HFocusing_5_10_10um_0_1850.npy,particles2SNR_pipeline/output/p0_c1_particles2SNR_staging/train/10um/HFocusing_5_10_10um_0_1850.npy,symlinked
10um,train,P0/C1_HF_5_10_10um_doublet/HFocusing_5_10_10um_0_1853.npy,particles2SNR_pipeline/output/p0_c1_particles2SNR_staging/train/10um/HFocusing_5_10_10um_0_1853.npy,symlinked
10um,train,P0/C1_HF_5_10_10um_doublet/HFocusing_5_10_10um_0_1856.npy,particles2SNR_pipeline/output/p0_c1_particles2SNR_staging/train/10um/HFocusing_5_10_10um_0_1856.npy,symlinked
10um,train,P0/C1_HF_5_10_10um_doublet/HFocusing_5_10_10um_0_1858.npy,particles2SNR_pipeline/output/p0_c1_particles2SNR_staging/train/10um/HFocusing_5_10_10um_0_1858.npy,symlinked
10um,test,P0/C1_HF_5_10_10um_doublet/HFocusing_5_10_10um_0_1859.npy,particles2SNR_pipeline/output/p0_c1_particles2SNR_staging/test/10um/HFocusing_5_10_10um_0_1859.npy,symlinked
10um,train,P0/C1_HF_5_10_10um_doublet/HFocusing_5_10_10um_0_1862.npy,particles2SNR_pipeline/output/p0_c1_particles2SNR_staging/train/10um/HFocusing_5_10_10um_0_1862.npy,symlinked
10um,train,P0/C1_HF_5_10_10um_doublet/HFocusing_5_10_10um_0_1863.npy,particles2SNR_pipeline/output/p0_c1_particles2SNR_staging/train/10um/HFocusing_5_10_10um_0_1863.npy,symlinked
10um,train,P0/C1_HF_5_10_10um_doublet/HFocusing_5_10_10um_0_1866.npy,particles2SNR_pipeline/output/p0_c1_particles2SNR_staging/train/10um/HFocusing_5_10_10um_0_1866.npy,symlinked
10um,test,P0/C1_HF_5_10_10um_doublet/HFocusing_5_10_10um_0_1869.npy,particles2SNR_pipeline/output/p0_c1_particles2SNR_staging/test/10um/HFocusing_5_10_10um_0_1869.npy,symlinked
10um,train,P0/C1_HF_5_10_10um_doublet/HFocusing_5_10_10um_0_1870.npy,particles2SNR_pipeline/output/p0_c1_particles2SNR_staging/train/10um/HFocusing_5_10_10um_0_1870.npy,symlinked
10um,train,P0/C1_HF_5_10_10um_doublet/HFocusing_5_10_10um_0_1873.npy,particles2SNR_pipeline/output/p0_c1_particles2SNR_staging/train/10um/HFocusing_5_10_10um_0_1873.npy,symlinked
10um,train,P0/C1_HF_5_10_10um_doublet/HFocusing_5_10_10um_0_1875.npy,particles2SNR_pipeline/output/p0_c1_particles2SNR_staging/train/10um/HFocusing_5_10_10um_0_1875.npy,symlinked
10um,test,P0/C1_HF_5_10_10um_doublet/HFocusing_5_10_10um_0_1876.npy,particles2SNR_pipeline/output/p0_c1_particles2SNR_staging/test/10um/HFocusing_5_10_10um_0_1876.npy,symlinked
10um,train,P0/C1_HF_5_10_10um_doublet/HFocusing_5_10_10um_0_1879.npy,particles2SNR_pipeline/output/p0_c1_particles2SNR_staging/train/10um/HFocusing_5_10_10um_0_1879.npy,symlinked
10um,train,P0/C1_HF_5_10_10um_doublet/HFocusing_5_10_10um_0_188.npy,particles2SNR_pipeline/output/p0_c1_particles2SNR_staging/train/10um/HFocusing_5_10_10um_0_188.npy,symlinked
10um,train,P0/C1_HF_5_10_10um_doublet/HFocusing_5_10_10um_0_1881.npy,particles2SNR_pipeline/output/p0_c1_particles2SNR_staging/train/10um/HFocusing_5_10_10um_0_1881.npy,symlinked
10um,train,P0/C1_HF_5_10_10um_doublet/HFocusing_5_10_10um_0_1882.npy,particles2SNR_pipeline/output/p0_c1_particles2SNR_staging/train/10um/HFocusing_5_10_10um_0_1882.npy,symlinked
10um,train,P0/C1_HF_5_10_10um_doublet/HFocusing_5_10_10um_0_1886.npy,particles2SNR_pipeline/output/p0_c1_particles2SNR_staging/train/10um/HFocusing_5_10_10um_0_1886.npy,symlinked
10um,test,P0/C1_HF_5_10_10um_doublet/HFocusing_5_10_10um_0_1889.npy,particles2SNR_pipeline/output/p0_c1_particles2SNR_staging/test/10um/HFocusing_5_10_10um_0_1889.npy,symlinked
10um,train,P0/C1_HF_5_10_10um_doublet/HFocusing_5_10_10um_0_189.npy,particles2SNR_pipeline/output/p0_c1_particles2SNR_staging/train/10um/HFocusing_5_10_10um_0_189.npy,symlinked
10um,train,P0/C1_HF_5_10_10um_doublet/HFocusing_5_10_10um_0_1891.npy,particles2SNR_pipeline/output/p0_c1_particles2SNR_staging/train/10um/HFocusing_5_10_10um_0_1891.npy,symlinked
10um,train,P0/C1_HF_5_10_10um_doublet/HFocusing_5_10_10um_0_1894.npy,particles2SNR_pipeline/output/p0_c1_particles2SNR_staging/train/10um/HFocusing_5_10_10um_0_1894.npy,symlinked
10um,train,P0/C1_HF_5_10_10um_doublet/HFocusing_5_10_10um_0_1895.npy,particles2SNR_pipeline/output/p0_c1_particles2SNR_staging/train/10um/HFocusing_5_10_10um_0_1895.npy,symlinked
10um,train,P0/C1_HF_5_10_10um_doublet/HFocusing_5_10_10um_0_1898.npy,particles2SNR_pipeline/output/p0_c1_particles2SNR_staging/train/10um/HFocusing_5_10_10um_0_1898.npy,symlinked
10um,train,P0/C1_HF_5_10_10um_doublet/HFocusing_5_10_10um_0_1899.npy,particles2SNR_pipeline/output/p0_c1_particles2SNR_staging/train/10um/HFocusing_5_10_10um_0_1899.npy,symlinked
10um,test,P0/C1_HF_5_10_10um_doublet/HFocusing_5_10_10um_0_19.npy,particles2SNR_pipeline/output/p0_c1_particles2SNR_staging/test/10um/HFocusing_5_10_10um_0_19.npy,symlinked
10um,train,P0/C1_HF_5_10_10um_doublet/HFocusing_5_10_10um_0_1902.npy,particles2SNR_pipeline/output/p0_c1_particles2SNR_staging/train/10um/HFocusing_5_10_10um_0_1902.npy,symlinked
10um,train,P0/C1_HF_5_10_10um_doublet/HFocusing_5_10_10um_0_1903.npy,particles2SNR_pipeline/output/p0_c1_particles2SNR_staging/train/10um/HFocusing_5_10_10um_0_1903.npy,symlinked
10um,train,P0/C1_HF_5_10_10um_doublet/HFocusing_5_10_10um_0_1905.npy,particles2SNR_pipeline/output/p0_c1_particles2SNR_staging/train/10um/HFocusing_5_10_10um_0_1905.npy,symlinked
10um,train,P0/C1_HF_5_10_10um_doublet/HFocusing_5_10_10um_0_1908.npy,particles2SNR_pipeline/output/p0_c1_particles2SNR_staging/train/10um/HFocusing_5_10_10um_0_1908.npy,symlinked
10um,train,P0/C1_HF_5_10_10um_doublet/HFocusing_5_10_10um_0_1911.npy,particles2SNR_pipeline/output/p0_c1_particles2SNR_staging/train/10um/HFocusing_5_10_10um_0_1911.npy,symlinked
10um,test,P0/C1_HF_5_10_10um_doublet/HFocusing_5_10_10um_0_1912.npy,particles2SNR_pipeline/output/p0_c1_particles2SNR_staging/test/10um/HFocusing_5_10_10um_0_1912.npy,symlinked
10um,train,P0/C1_HF_5_10_10um_doublet/HFocusing_5_10_10um_0_1915.npy,particles2SNR_pipeline/output/p0_c1_particles2SNR_staging/train/10um/HFocusing_5_10_10um_0_1915.npy,symlinked
10um,train,P0/C1_HF_5_10_10um_doublet/HFocusing_5_10_10um_0_1916.npy,particles2SNR_pipeline/output/p0_c1_particles2SNR_staging/train/10um/HFocusing_5_10_10um_0_1916.npy,symlinked
10um,train,P0/C1_HF_5_10_10um_doublet/HFocusing_5_10_10um_0_1919.npy,particles2SNR_pipeline/output/p0_c1_particles2SNR_staging/train/10um/HFocusing_5_10_10um_0_1919.npy,symlinked
10um,train,P0/C1_HF_5_10_10um_doublet/HFocusing_5_10_10um_0_192.npy,particles2SNR_pipeline/output/p0_c1_particles2SNR_staging/train/10um/HFocusing_5_10_10um_0_192.npy,symlinked
10um,train,P0/C1_HF_5_10_10um_doublet/HFocusing_5_10_10um_0_1922.npy,particles2SNR_pipeline/output/p0_c1_particles2SNR_staging/train/10um/HFocusing_5_10_10um_0_1922.npy,symlinked
10um,train,P0/C1_HF_5_10_10um_doublet/HFocusing_5_10_10um_0_1923.npy,particles2SNR_pipeline/output/p0_c1_particles2SNR_staging/train/10um/HFocusing_5_10_10um_0_1923.npy,symlinked
10um,train,P0/C1_HF_5_10_10um_doublet/HFocusing_5_10_10um_0_1926.npy,particles2SNR_pipeline/output/p0_c1_particles2SNR_staging/train/10um/HFocusing_5_10_10um_0_1926.npy,symlinked
10um,test,P0/C1_HF_5_10_10um_doublet/HFocusing_5_10_10um_0_1929.npy,particles2SNR_pipeline/output/p0_c1_particles2SNR_staging/test/10um/HFocusing_5_10_10um_0_1929.npy,symlinked
10um,train,P0/C1_HF_5_10_10um_doublet/HFocusing_5_10_10um_0_193.npy,particles2SNR_pipeline/output/p0_c1_particles2SNR_staging/train/10um/HFocusing_5_10_10um_0_193.npy,symlinked
10um,train,P0/C1_HF_5_10_10um_doublet/HFocusing_5_10_10um_0_1932.npy,particles2SNR_pipeline/output/p0_c1_particles2SNR_staging/train/10um/HFocusing_5_10_10um_0_1932.npy,symlinked
10um,train,P0/C1_HF_5_10_10um_doublet/HFocusing_5_10_10um_0_1933.npy,particles2SNR_pipeline/output/p0_c1_particles2SNR_staging/train/10um/HFocusing_5_10_10um_0_1933.npy,symlinked
10um,train,P0/C1_HF_5_10_10um_doublet/HFocusing_5_10_10um_0_1936.npy,particles2SNR_pipeline/output/p0_c1_particles2SNR_staging/train/10um/HFocusing_5_10_10um_0_1936.npy,symlinked
10um,train,P0/C1_HF_5_10_10um_doublet/HFocusing_5_10_10um_0_1939.npy,particles2SNR_pipeline/output/p0_c1_particles2SNR_staging/train/10um/HFocusing_5_10_10um_0_1939.npy,symlinked
10um,train,P0/C1_HF_5_10_10um_doublet/HFocusing_5_10_10um_0_1940.npy,particles2SNR_pipeline/output/p0_c1_particles2SNR_staging/train/10um/HFocusing_5_10_10um_0_1940.npy,symlinked
10um,train,P0/C1_HF_5_10_10um_doublet/HFocusing_5_10_10um_0_1942.npy,particles2SNR_pipeline/output/p0_c1_particles2SNR_staging/train/10um/HFocusing_5_10_10um_0_1942.npy,symlinked
10um,train,P0/C1_HF_5_10_10um_doublet/HFocusing_5_10_10um_0_1944.npy,particles2SNR_pipeline/output/p0_c1_particles2SNR_staging/train/10um/HFocusing_5_10_10um_0_1944.npy,symlinked
10um,train,P0/C1_HF_5_10_10um_doublet/HFocusing_5_10_10um_0_1945.npy,particles2SNR_pipeline/output/p0_c1_particles2SNR_staging/train/10um/HFocusing_5_10_10um_0_1945.npy,symlinked
10um,train,P0/C1_HF_5_10_10um_doublet/HFocusing_5_10_10um_0_1948.npy,particles2SNR_pipeline/output/p0_c1_particles2SNR_staging/train/10um/HFocusing_5_10_10um_0_1948.npy,symlinked
10um,train,P0/C1_HF_5_10_10um_doublet/HFocusing_5_10_10um_0_1951.npy,particles2SNR_pipeline/output/p0_c1_particles2SNR_staging/train/10um/HFocusing_5_10_10um_0_1951.npy,symlinked
10um,test,P0/C1_HF_5_10_10um_doublet/HFocusing_5_10_10um_0_1954.npy,particles2SNR_pipeline/output/p0_c1_particles2SNR_staging/test/10um/HFocusing_5_10_10um_0_1954.npy,symlinked
10um,test,P0/C1_HF_5_10_10um_doublet/HFocusing_5_10_10um_0_1956.npy,particles2SNR_pipeline/output/p0_c1_particles2SNR_staging/test/10um/HFocusing_5_10_10um_0_1956.npy,symlinked
10um,train,P0/C1_HF_5_10_10um_doublet/HFocusing_5_10_10um_0_1957.npy,particles2SNR_pipeline/output/p0_c1_particles2SNR_staging/train/10um/HFocusing_5_10_10um_0_1957.npy,symlinked
10um,train,P0/C1_HF_5_10_10um_doublet/HFocusing_5_10_10um_0_196.npy,particles2SNR_pipeline/output/p0_c1_particles2SNR_staging/train/10um/HFocusing_5_10_10um_0_196.npy,symlinked
10um,test,P0/C1_HF_5_10_10um_doublet/HFocusing_5_10_10um_0_1961.npy,particles2SNR_pipeline/output/p0_c1_particles2SNR_staging/test/10um/HFocusing_5_10_10um_0_1961.npy,symlinked
10um,train,P0/C1_HF_5_10_10um_doublet/HFocusing_5_10_10um_0_1964.npy,particles2SNR_pipeline/output/p0_c1_particles2SNR_staging/train/10um/HFocusing_5_10_10um_0_1964.npy,symlinked
10um,train,P0/C1_HF_5_10_10um_doublet/HFocusing_5_10_10um_0_1967.npy,particles2SNR_pipeline/output/p0_c1_particles2SNR_staging/train/10um/HFocusing_5_10_10um_0_1967.npy,symlinked
10um,test,P0/C1_HF_5_10_10um_doublet/HFocusing_5_10_10um_0_197.npy,particles2SNR_pipeline/output/p0_c1_particles2SNR_staging/test/10um/HFocusing_5_10_10um_0_197.npy,symlinked
10um,test,P0/C1_HF_5_10_10um_doublet/HFocusing_5_10_10um_0_1970.npy,particles2SNR_pipeline/output/p0_c1_particles2SNR_staging/test/10um/HFocusing_5_10_10um_0_1970.npy,symlinked
10um,train,P0/C1_HF_5_10_10um_doublet/HFocusing_5_10_10um_0_1971.npy,particles2SNR_pipeline/output/p0_c1_particles2SNR_staging/train/10um/HFocusing_5_10_10um_0_1971.npy,symlinked
10um,train,P0/C1_HF_5_10_10um_doublet/HFocusing_5_10_10um_0_1974.npy,particles2SNR_pipeline/output/p0_c1_particles2SNR_staging/train/10um/HFocusing_5_10_10um_0_1974.npy,symlinked
10um,train,P0/C1_HF_5_10_10um_doublet/HFocusing_5_10_10um_0_1975.npy,particles2SNR_pipeline/output/p0_c1_particles2SNR_staging/train/10um/HFocusing_5_10_10um_0_1975.npy,symlinked
10um,train,P0/C1_HF_5_10_10um_doublet/HFocusing_5_10_10um_0_1978.npy,particles2SNR_pipeline/output/p0_c1_particles2SNR_staging/train/10um/HFocusing_5_10_10um_0_1978.npy,symlinked
10um,test,P0/C1_HF_5_10_10um_doublet/HFocusing_5_10_10um_0_1979.npy,particles2SNR_pipeline/output/p0_c1_particles2SNR_staging/test/10um/HFocusing_5_10_10um_0_1979.npy,symlinked
10um,train,P0/C1_HF_5_10_10um_doublet/HFocusing_5_10_10um_0_1982.npy,particles2SNR_pipeline/output/p0_c1_particles2SNR_staging/train/10um/HFocusing_5_10_10um_0_1982.npy,symlinked
10um,test,P0/C1_HF_5_10_10um_doublet/HFocusing_5_10_10um_0_1985.npy,particles2SNR_pipeline/output/p0_c1_particles2SNR_staging/test/10um/HFocusing_5_10_10um_0_1985.npy,symlinked
10um,test,P0/C1_HF_5_10_10um_doublet/HFocusing_5_10_10um_0_1988.npy,particles2SNR_pipeline/output/p0_c1_particles2SNR_staging/test/10um/HFocusing_5_10_10um_0_1988.npy,symlinked
10um,train,P0/C1_HF_5_10_10um_doublet/HFocusing_5_10_10um_0_199.npy,particles2SNR_pipeline/output/p0_c1_particles2SNR_staging/train/10um/HFocusing_5_10_10um_0_199.npy,symlinked
10um,train,P0/C1_HF_5_10_10um_doublet/HFocusing_5_10_10um_0_1991.npy,particles2SNR_pipeline/output/p0_c1_particles2SNR_staging/train/10um/HFocusing_5_10_10um_0_1991.npy,symlinked
10um,train,P0/C1_HF_5_10_10um_doublet/HFocusing_5_10_10um_0_1994.npy,particles2SNR_pipeline/output/p0_c1_particles2SNR_staging/train/10um/HFocusing_5_10_10um_0_1994.npy,symlinked
10um,train,P0/C1_HF_5_10_10um_doublet/HFocusing_5_10_10um_0_1997.npy,particles2SNR_pipeline/output/p0_c1_particles2SNR_staging/train/10um/HFocusing_5_10_10um_0_1997.npy,symlinked
10um,train,P0/C1_HF_5_10_10um_doublet/HFocusing_5_10_10um_0_200.npy,particles2SNR_pipeline/output/p0_c1_particles2SNR_staging/train/10um/HFocusing_5_10_10um_0_200.npy,symlinked
10um,test,P0/C1_HF_5_10_10um_doublet/HFocusing_5_10_10um_0_2000.npy,particles2SNR_pipeline/output/p0_c1_particles2SNR_staging/test/10um/HFocusing_5_10_10um_0_2000.npy,symlinked
10um,train,P0/C1_HF_5_10_10um_doublet/HFocusing_5_10_10um_0_2003.npy,particles2SNR_pipeline/output/p0_c1_particles2SNR_staging/train/10um/HFocusing_5_10_10um_0_2003.npy,symlinked
10um,train,P0/C1_HF_5_10_10um_doublet/HFocusing_5_10_10um_0_2006.npy,particles2SNR_pipeline/output/p0_c1_particles2SNR_staging/train/10um/HFocusing_5_10_10um_0_2006.npy,symlinked
10um,test,P0/C1_HF_5_10_10um_doublet/HFocusing_5_10_10um_0_2007.npy,particles2SNR_pipeline/output/p0_c1_particles2SNR_staging/test/10um/HFocusing_5_10_10um_0_2007.npy,symlinked
10um,train,P0/C1_HF_5_10_10um_doublet/HFocusing_5_10_10um_0_2009.npy,particles2SNR_pipeline/output/p0_c1_particles2SNR_staging/train/10um/HFocusing_5_10_10um_0_2009.npy,symlinked
10um,train,P0/C1_HF_5_10_10um_doublet/HFocusing_5_10_10um_0_2010.npy,particles2SNR_pipeline/output/p0_c1_particles2SNR_staging/train/10um/HFocusing_5_10_10um_0_2010.npy,symlinked
10um,test,P0/C1_HF_5_10_10um_doublet/HFocusing_5_10_10um_0_2013.npy,particles2SNR_pipeline/output/p0_c1_particles2SNR_staging/test/10um/HFocusing_5_10_10um_0_2013.npy,symlinked
10um,train,P0/C1_HF_5_10_10um_doublet/HFocusing_5_10_10um_0_2016.npy,particles2SNR_pipeline/output/p0_c1_particles2SNR_staging/train/10um/HFocusing_5_10_10um_0_2016.npy,symlinked
10um,train,P0/C1_HF_5_10_10um_doublet/HFocusing_5_10_10um_0_2017.npy,particles2SNR_pipeline/output/p0_c1_particles2SNR_staging/train/10um/HFocusing_5_10_10um_0_2017.npy,symlinked
10um,train,P0/C1_HF_5_10_10um_doublet/HFocusing_5_10_10um_0_2020.npy,particles2SNR_pipeline/output/p0_c1_particles2SNR_staging/train/10um/HFocusing_5_10_10um_0_2020.npy,symlinked
10um,train,P0/C1_HF_5_10_10um_doublet/HFocusing_5_10_10um_0_2023.npy,particles2SNR_pipeline/output/p0_c1_particles2SNR_staging/train/10um/HFocusing_5_10_10um_0_2023.npy,symlinked
10um,train,P0/C1_HF_5_10_10um_doublet/HFocusing_5_10_10um_0_2026.npy,particles2SNR_pipeline/output/p0_c1_particles2SNR_staging/train/10um/HFocusing_5_10_10um_0_2026.npy,symlinked
10um,train,P0/C1_HF_5_10_10um_doublet/HFocusing_5_10_10um_0_2027.npy,particles2SNR_pipeline/output/p0_c1_particles2SNR_staging/train/10um/HFocusing_5_10_10um_0_2027.npy,symlinked
10um,train,P0/C1_HF_5_10_10um_doublet/HFocusing_5_10_10um_0_2029.npy,particles2SNR_pipeline/output/p0_c1_particles2SNR_staging/train/10um/HFocusing_5_10_10um_0_2029.npy,symlinked
10um,train,P0/C1_HF_5_10_10um_doublet/HFocusing_5_10_10um_0_203.npy,particles2SNR_pipeline/output/p0_c1_particles2SNR_staging/train/10um/HFocusing_5_10_10um_0_203.npy,symlinked
10um,train,P0/C1_HF_5_10_10um_doublet/HFocusing_5_10_10um_0_2030.npy,particles2SNR_pipeline/output/p0_c1_particles2SNR_staging/train/10um/HFocusing_5_10_10um_0_2030.npy,symlinked
10um,train,P0/C1_HF_5_10_10um_doublet/HFocusing_5_10_10um_0_2033.npy,particles2SNR_pipeline/output/p0_c1_particles2SNR_staging/train/10um/HFocusing_5_10_10um_0_2033.npy,symlinked
10um,train,P0/C1_HF_5_10_10um_doublet/HFocusing_5_10_10um_0_2036.npy,particles2SNR_pipeline/output/p0_c1_particles2SNR_staging/train/10um/HFocusing_5_10_10um_0_2036.npy,symlinked
10um,train,P0/C1_HF_5_10_10um_doublet/HFocusing_5_10_10um_0_2037.npy,particles2SNR_pipeline/output/p0_c1_particles2SNR_staging/train/10um/HFocusing_5_10_10um_0_2037.npy,symlinked
10um,train,P0/C1_HF_5_10_10um_doublet/HFocusing_5_10_10um_0_204.npy,particles2SNR_pipeline/output/p0_c1_particles2SNR_staging/train/10um/HFocusing_5_10_10um_0_204.npy,symlinked
10um,train,P0/C1_HF_5_10_10um_doublet/HFocusing_5_10_10um_0_2040.npy,particles2SNR_pipeline/output/p0_c1_particles2SNR_staging/train/10um/HFocusing_5_10_10um_0_2040.npy,symlinked
10um,test,P0/C1_HF_5_10_10um_doublet/HFocusing_5_10_10um_0_2044.npy,particles2SNR_pipeline/output/p0_c1_particles2SNR_staging/test/10um/HFocusing_5_10_10um_0_2044.npy,symlinked
10um,train,P0/C1_HF_5_10_10um_doublet/HFocusing_5_10_10um_0_2046.npy,particles2SNR_pipeline/output/p0_c1_particles2SNR_staging/train/10um/HFocusing_5_10_10um_0_2046.npy,symlinked
10um,test,P0/C1_HF_5_10_10um_doublet/HFocusing_5_10_10um_0_2049.npy,particles2SNR_pipeline/output/p0_c1_particles2SNR_staging/test/10um/HFocusing_5_10_10um_0_2049.npy,symlinked
10um,train,P0/C1_HF_5_10_10um_doublet/HFocusing_5_10_10um_0_2050.npy,particles2SNR_pipeline/output/p0_c1_particles2SNR_staging/train/10um/HFocusing_5_10_10um_0_2050.npy,symlinked
10um,train,P0/C1_HF_5_10_10um_doublet/HFocusing_5_10_10um_0_2052.npy,particles2SNR_pipeline/output/p0_c1_particles2SNR_staging/train/10um/HFocusing_5_10_10um_0_2052.npy,symlinked
10um,test,P0/C1_HF_5_10_10um_doublet/HFocusing_5_10_10um_0_2053.npy,particles2SNR_pipeline/output/p0_c1_particles2SNR_staging/test/10um/HFocusing_5_10_10um_0_2053.npy,symlinked
10um,train,P0/C1_HF_5_10_10um_doublet/HFocusing_5_10_10um_0_2056.npy,particles2SNR_pipeline/output/p0_c1_particles2SNR_staging/train/10um/HFocusing_5_10_10um_0_2056.npy,symlinked
10um,train,P0/C1_HF_5_10_10um_doublet/HFocusing_5_10_10um_0_2058.npy,particles2SNR_pipeline/output/p0_c1_particles2SNR_staging/train/10um/HFocusing_5_10_10um_0_2058.npy,symlinked
10um,train,P0/C1_HF_5_10_10um_doublet/HFocusing_5_10_10um_0_2061.npy,particles2SNR_pipeline/output/p0_c1_particles2SNR_staging/train/10um/HFocusing_5_10_10um_0_2061.npy,symlinked
10um,train,P0/C1_HF_5_10_10um_doublet/HFocusing_5_10_10um_0_2062.npy,particles2SNR_pipeline/output/p0_c1_particles2SNR_staging/train/10um/HFocusing_5_10_10um_0_2062.npy,symlinked
10um,train,P0/C1_HF_5_10_10um_doublet/HFocusing_5_10_10um_0_2065.npy,particles2SNR_pipeline/output/p0_c1_particles2SNR_staging/train/10um/HFocusing_5_10_10um_0_2065.npy,symlinked
10um,train,P0/C1_HF_5_10_10um_doublet/HFocusing_5_10_10um_0_2067.npy,particles2SNR_pipeline/output/p0_c1_particles2SNR_staging/train/10um/HFocusing_5_10_10um_0_2067.npy,symlinked
10um,train,P0/C1_HF_5_10_10um_doublet/HFocusing_5_10_10um_0_2068.npy,particles2SNR_pipeline/output/p0_c1_particles2SNR_staging/train/10um/HFocusing_5_10_10um_0_2068.npy,symlinked
10um,train,P0/C1_HF_5_10_10um_doublet/HFocusing_5_10_10um_0_207.npy,particles2SNR_pipeline/output/p0_c1_particles2SNR_staging/train/10um/HFocusing_5_10_10um_0_207.npy,symlinked
10um,train,P0/C1_HF_5_10_10um_doublet/HFocusing_5_10_10um_0_2070.npy,particles2SNR_pipeline/output/p0_c1_particles2SNR_staging/train/10um/HFocusing_5_10_10um_0_2070.npy,symlinked
10um,train,P0/C1_HF_5_10_10um_doublet/HFocusing_5_10_10um_0_2071.npy,particles2SNR_pipeline/output/p0_c1_particles2SNR_staging/train/10um/HFocusing_5_10_10um_0_2071.npy,symlinked
10um,train,P0/C1_HF_5_10_10um_doublet/HFocusing_5_10_10um_0_2074.npy,particles2SNR_pipeline/output/p0_c1_particles2SNR_staging/train/10um/HFocusing_5_10_10um_0_2074.npy,symlinked
10um,train,P0/C1_HF_5_10_10um_doublet/HFocusing_5_10_10um_0_2075.npy,particles2SNR_pipeline/output/p0_c1_particles2SNR_staging/train/10um/HFocusing_5_10_10um_0_2075.npy,symlinked
10um,test,P0/C1_HF_5_10_10um_doublet/HFocusing_5_10_10um_0_2078.npy,particles2SNR_pipeline/output/p0_c1_particles2SNR_staging/test/10um/HFocusing_5_10_10um_0_2078.npy,symlinked
10um,train,P0/C1_HF_5_10_10um_doublet/HFocusing_5_10_10um_0_2079.npy,particles2SNR_pipeline/output/p0_c1_particles2SNR_staging/train/10um/HFocusing_5_10_10um_0_2079.npy,symlinked
10um,train,P0/C1_HF_5_10_10um_doublet/HFocusing_5_10_10um_0_2082.npy,particles2SNR_pipeline/output/p0_c1_particles2SNR_staging/train/10um/HFocusing_5_10_10um_0_2082.npy,symlinked
10um,test,P0/C1_HF_5_10_10um_doublet/HFocusing_5_10_10um_0_2085.npy,particles2SNR_pipeline/output/p0_c1_particles2SNR_staging/test/10um/HFocusing_5_10_10um_0_2085.npy,symlinked
10um,train,P0/C1_HF_5_10_10um_doublet/HFocusing_5_10_10um_0_2087.npy,particles2SNR_pipeline/output/p0_c1_particles2SNR_staging/train/10um/HFocusing_5_10_10um_0_2087.npy,symlinked
10um,test,P0/C1_HF_5_10_10um_doublet/HFocusing_5_10_10um_0_2088.npy,particles2SNR_pipeline/output/p0_c1_particles2SNR_staging/test/10um/HFocusing_5_10_10um_0_2088.npy,symlinked
10um,train,P0/C1_HF_5_10_10um_doublet/HFocusing_5_10_10um_0_2091.npy,particles2SNR_pipeline/output/p0_c1_particles2SNR_staging/train/10um/HFocusing_5_10_10um_0_2091.npy,symlinked
10um,train,P0/C1_HF_5_10_10um_doublet/HFocusing_5_10_10um_0_2094.npy,particles2SNR_pipeline/output/p0_c1_particles2SNR_staging/train/10um/HFocusing_5_10_10um_0_2094.npy,symlinked
10um,test,P0/C1_HF_5_10_10um_doublet/HFocusing_5_10_10um_0_2097.npy,particles2SNR_pipeline/output/p0_c1_particles2SNR_staging/test/10um/HFocusing_5_10_10um_0_2097.npy,symlinked
10um,train,P0/C1_HF_5_10_10um_doublet/HFocusing_5_10_10um_0_2099.npy,particles2SNR_pipeline/output/p0_c1_particles2SNR_staging/train/10um/HFocusing_5_10_10um_0_2099.npy,symlinked
10um,train,P0/C1_HF_5_10_10um_doublet/HFocusing_5_10_10um_0_210.npy,particles2SNR_pipeline/output/p0_c1_particles2SNR_staging/train/10um/HFocusing_5_10_10um_0_210.npy,symlinked
10um,train,P0/C1_HF_5_10_10um_doublet/HFocusing_5_10_10um_0_2100.npy,particles2SNR_pipeline/output/p0_c1_particles2SNR_staging/train/10um/HFocusing_5_10_10um_0_2100.npy,symlinked
10um,train,P0/C1_HF_5_10_10um_doublet/HFocusing_5_10_10um_0_2103.npy,particles2SNR_pipeline/output/p0_c1_particles2SNR_staging/train/10um/HFocusing_5_10_10um_0_2103.npy,symlinked
10um,train,P0/C1_HF_5_10_10um_doublet/HFocusing_5_10_10um_0_2105.npy,particles2SNR_pipeline/output/p0_c1_particles2SNR_staging/train/10um/HFocusing_5_10_10um_0_2105.npy,symlinked
10um,train,P0/C1_HF_5_10_10um_doublet/HFocusing_5_10_10um_0_2106.npy,particles2SNR_pipeline/output/p0_c1_particles2SNR_staging/train/10um/HFocusing_5_10_10um_0_2106.npy,symlinked
10um,train,P0/C1_HF_5_10_10um_doublet/HFocusing_5_10_10um_0_2109.npy,particles2SNR_pipeline/output/p0_c1_particles2SNR_staging/train/10um/HFocusing_5_10_10um_0_2109.npy,symlinked
10um,train,P0/C1_HF_5_10_10um_doublet/HFocusing_5_10_10um_0_213.npy,particles2SNR_pipeline/output/p0_c1_particles2SNR_staging/train/10um/HFocusing_5_10_10um_0_213.npy,symlinked
10um,train,P0/C1_HF_5_10_10um_doublet/HFocusing_5_10_10um_0_214.npy,particles2SNR_pipeline/output/p0_c1_particles2SNR_staging/train/10um/HFocusing_5_10_10um_0_214.npy,symlinked
10um,train,P0/C1_HF_5_10_10um_doublet/HFocusing_5_10_10um_0_217.npy,particles2SNR_pipeline/output/p0_c1_particles2SNR_staging/train/10um/HFocusing_5_10_10um_0_217.npy,symlinked
10um,test,P0/C1_HF_5_10_10um_doublet/HFocusing_5_10_10um_0_22.npy,particles2SNR_pipeline/output/p0_c1_particles2SNR_staging/test/10um/HFocusing_5_10_10um_0_22.npy,symlinked
10um,train,P0/C1_HF_5_10_10um_doublet/HFocusing_5_10_10um_0_220.npy,particles2SNR_pipeline/output/p0_c1_particles2SNR_staging/train/10um/HFocusing_5_10_10um_0_220.npy,symlinked
10um,train,P0/C1_HF_5_10_10um_doublet/HFocusing_5_10_10um_0_221.npy,particles2SNR_pipeline/output/p0_c1_particles2SNR_staging/train/10um/HFocusing_5_10_10um_0_221.npy,symlinked
10um,train,P0/C1_HF_5_10_10um_doublet/HFocusing_5_10_10um_0_223.npy,particles2SNR_pipeline/output/p0_c1_particles2SNR_staging/train/10um/HFocusing_5_10_10um_0_223.npy,symlinked
10um,test,P0/C1_HF_5_10_10um_doublet/HFocusing_5_10_10um_0_224.npy,particles2SNR_pipeline/output/p0_c1_particles2SNR_staging/test/10um/HFocusing_5_10_10um_0_224.npy,symlinked
10um,train,P0/C1_HF_5_10_10um_doublet/HFocusing_5_10_10um_0_227.npy,particles2SNR_pipeline/output/p0_c1_particles2SNR_staging/train/10um/HFocusing_5_10_10um_0_227.npy,symlinked
10um,train,P0/C1_HF_5_10_10um_doublet/HFocusing_5_10_10um_0_23.npy,particles2SNR_pipeline/output/p0_c1_particles2SNR_staging/train/10um/HFocusing_5_10_10um_0_23.npy,symlinked
10um,train,P0/C1_HF_5_10_10um_doublet/HFocusing_5_10_10um_0_230.npy,particles2SNR_pipeline/output/p0_c1_particles2SNR_staging/train/10um/HFocusing_5_10_10um_0_230.npy,symlinked
10um,train,P0/C1_HF_5_10_10um_doublet/HFocusing_5_10_10um_0_232.npy,particles2SNR_pipeline/output/p0_c1_particles2SNR_staging/train/10um/HFocusing_5_10_10um_0_232.npy,symlinked
10um,train,P0/C1_HF_5_10_10um_doublet/HFocusing_5_10_10um_0_233.npy,particles2SNR_pipeline/output/p0_c1_particles2SNR_staging/train/10um/HFocusing_5_10_10um_0_233.npy,symlinked
10um,train,P0/C1_HF_5_10_10um_doublet/HFocusing_5_10_10um_0_236.npy,particles2SNR_pipeline/output/p0_c1_particles2SNR_staging/train/10um/HFocusing_5_10_10um_0_236.npy,symlinked
10um,train,P0/C1_HF_5_10_10um_doublet/HFocusing_5_10_10um_0_237.npy,particles2SNR_pipeline/output/p0_c1_particles2SNR_staging/train/10um/HFocusing_5_10_10um_0_237.npy,symlinked
10um,train,P0/C1_HF_5_10_10um_doublet/HFocusing_5_10_10um_0_240.npy,particles2SNR_pipeline/output/p0_c1_particles2SNR_staging/train/10um/HFocusing_5_10_10um_0_240.npy,symlinked
10um,train,P0/C1_HF_5_10_10um_doublet/HFocusing_5_10_10um_0_243.npy,particles2SNR_pipeline/output/p0_c1_particles2SNR_staging/train/10um/HFocusing_5_10_10um_0_243.npy,symlinked
10um,train,P0/C1_HF_5_10_10um_doublet/HFocusing_5_10_10um_0_246.npy,particles2SNR_pipeline/output/p0_c1_particles2SNR_staging/train/10um/HFocusing_5_10_10um_0_246.npy,symlinked
10um,train,P0/C1_HF_5_10_10um_doublet/HFocusing_5_10_10um_0_249.npy,particles2SNR_pipeline/output/p0_c1_particles2SNR_staging/train/10um/HFocusing_5_10_10um_0_249.npy,symlinked
10um,train,P0/C1_HF_5_10_10um_doublet/HFocusing_5_10_10um_0_251.npy,particles2SNR_pipeline/output/p0_c1_particles2SNR_staging/train/10um/HFocusing_5_10_10um_0_251.npy,symlinked
10um,train,P0/C1_HF_5_10_10um_doublet/HFocusing_5_10_10um_0_252.npy,particles2SNR_pipeline/output/p0_c1_particles2SNR_staging/train/10um/HFocusing_5_10_10um_0_252.npy,symlinked
10um,train,P0/C1_HF_5_10_10um_doublet/HFocusing_5_10_10um_0_254.npy,particles2SNR_pipeline/output/p0_c1_particles2SNR_staging/train/10um/HFocusing_5_10_10um_0_254.npy,symlinked
10um,train,P0/C1_HF_5_10_10um_doublet/HFocusing_5_10_10um_0_255.npy,particles2SNR_pipeline/output/p0_c1_particles2SNR_staging/train/10um/HFocusing_5_10_10um_0_255.npy,symlinked
10um,train,P0/C1_HF_5_10_10um_doublet/HFocusing_5_10_10um_0_258.npy,particles2SNR_pipeline/output/p0_c1_particles2SNR_staging/train/10um/HFocusing_5_10_10um_0_258.npy,symlinked
10um,train,P0/C1_HF_5_10_10um_doublet/HFocusing_5_10_10um_0_26.npy,particles2SNR_pipeline/output/p0_c1_particles2SNR_staging/train/10um/HFocusing_5_10_10um_0_26.npy,symlinked
10um,train,P0/C1_HF_5_10_10um_doublet/HFocusing_5_10_10um_0_261.npy,particles2SNR_pipeline/output/p0_c1_particles2SNR_staging/train/10um/HFocusing_5_10_10um_0_261.npy,symlinked
10um,train,P0/C1_HF_5_10_10um_doublet/HFocusing_5_10_10um_0_262.npy,particles2SNR_pipeline/output/p0_c1_particles2SNR_staging/train/10um/HFocusing_5_10_10um_0_262.npy,symlinked
10um,train,P0/C1_HF_5_10_10um_doublet/HFocusing_5_10_10um_0_265.npy,particles2SNR_pipeline/output/p0_c1_particles2SNR_staging/train/10um/HFocusing_5_10_10um_0_265.npy,symlinked
10um,train,P0/C1_HF_5_10_10um_doublet/HFocusing_5_10_10um_0_268.npy,particles2SNR_pipeline/output/p0_c1_particles2SNR_staging/train/10um/HFocusing_5_10_10um_0_268.npy,symlinked
10um,train,P0/C1_HF_5_10_10um_doublet/HFocusing_5_10_10um_0_27.npy,particles2SNR_pipeline/output/p0_c1_particles2SNR_staging/train/10um/HFocusing_5_10_10um_0_27.npy,symlinked
10um,train,P0/C1_HF_5_10_10um_doublet/HFocusing_5_10_10um_0_271.npy,particles2SNR_pipeline/output/p0_c1_particles2SNR_staging/train/10um/HFocusing_5_10_10um_0_271.npy,symlinked
10um,test,P0/C1_HF_5_10_10um_doublet/HFocusing_5_10_10um_0_272.npy,particles2SNR_pipeline/output/p0_c1_particles2SNR_staging/test/10um/HFocusing_5_10_10um_0_272.npy,symlinked
10um,train,P0/C1_HF_5_10_10um_doublet/HFocusing_5_10_10um_0_275.npy,particles2SNR_pipeline/output/p0_c1_particles2SNR_staging/train/10um/HFocusing_5_10_10um_0_275.npy,symlinked
10um,train,P0/C1_HF_5_10_10um_doublet/HFocusing_5_10_10um_0_276.npy,particles2SNR_pipeline/output/p0_c1_particles2SNR_staging/train/10um/HFocusing_5_10_10um_0_276.npy,symlinked
10um,train,P0/C1_HF_5_10_10um_doublet/HFocusing_5_10_10um_0_278.npy,particles2SNR_pipeline/output/p0_c1_particles2SNR_staging/train/10um/HFocusing_5_10_10um_0_278.npy,symlinked
10um,train,P0/C1_HF_5_10_10um_doublet/HFocusing_5_10_10um_0_279.npy,particles2SNR_pipeline/output/p0_c1_particles2SNR_staging/train/10um/HFocusing_5_10_10um_0_279.npy,symlinked
10um,train,P0/C1_HF_5_10_10um_doublet/HFocusing_5_10_10um_0_282.npy,particles2SNR_pipeline/output/p0_c1_particles2SNR_staging/train/10um/HFocusing_5_10_10um_0_282.npy,symlinked
10um,train,P0/C1_HF_5_10_10um_doublet/HFocusing_5_10_10um_0_285.npy,particles2SNR_pipeline/output/p0_c1_particles2SNR_staging/train/10um/HFocusing_5_10_10um_0_285.npy,symlinked
10um,train,P0/C1_HF_5_10_10um_doublet/HFocusing_5_10_10um_0_286.npy,particles2SNR_pipeline/output/p0_c1_particles2SNR_staging/train/10um/HFocusing_5_10_10um_0_286.npy,symlinked
10um,train,P0/C1_HF_5_10_10um_doublet/HFocusing_5_10_10um_0_289.npy,particles2SNR_pipeline/output/p0_c1_particles2SNR_staging/train/10um/HFocusing_5_10_10um_0_289.npy,symlinked
10um,train,P0/C1_HF_5_10_10um_doublet/HFocusing_5_10_10um_0_292.npy,particles2SNR_pipeline/output/p0_c1_particles2SNR_staging/train/10um/HFocusing_5_10_10um_0_292.npy,symlinked
10um,test,P0/C1_HF_5_10_10um_doublet/HFocusing_5_10_10um_0_295.npy,particles2SNR_pipeline/output/p0_c1_particles2SNR_staging/test/10um/HFocusing_5_10_10um_0_295.npy,symlinked
10um,train,P0/C1_HF_5_10_10um_doublet/HFocusing_5_10_10um_0_298.npy,particles2SNR_pipeline/output/p0_c1_particles2SNR_staging/train/10um/HFocusing_5_10_10um_0_298.npy,symlinked
10um,train,P0/C1_HF_5_10_10um_doublet/HFocusing_5_10_10um_0_30.npy,particles2SNR_pipeline/output/p0_c1_particles2SNR_staging/train/10um/HFocusing_5_10_10um_0_30.npy,symlinked
10um,train,P0/C1_HF_5_10_10um_doublet/HFocusing_5_10_10um_0_301.npy,particles2SNR_pipeline/output/p0_c1_particles2SNR_staging/train/10um/HFocusing_5_10_10um_0_301.npy,symlinked
10um,train,P0/C1_HF_5_10_10um_doublet/HFocusing_5_10_10um_0_304.npy,particles2SNR_pipeline/output/p0_c1_particles2SNR_staging/train/10um/HFocusing_5_10_10um_0_304.npy,symlinked
10um,train,P0/C1_HF_5_10_10um_doublet/HFocusing_5_10_10um_0_307.npy,particles2SNR_pipeline/output/p0_c1_particles2SNR_staging/train/10um/HFocusing_5_10_10um_0_307.npy,symlinked
10um,train,P0/C1_HF_5_10_10um_doublet/HFocusing_5_10_10um_0_310.npy,particles2SNR_pipeline/output/p0_c1_particles2SNR_staging/train/10um/HFocusing_5_10_10um_0_310.npy,symlinked
10um,train,P0/C1_HF_5_10_10um_doublet/HFocusing_5_10_10um_0_313.npy,particles2SNR_pipeline/output/p0_c1_particles2SNR_staging/train/10um/HFocusing_5_10_10um_0_313.npy,symlinked
10um,train,P0/C1_HF_5_10_10um_doublet/HFocusing_5_10_10um_0_314.npy,particles2SNR_pipeline/output/p0_c1_particles2SNR_staging/train/10um/HFocusing_5_10_10um_0_314.npy,symlinked
10um,train,P0/C1_HF_5_10_10um_doublet/HFocusing_5_10_10um_0_317.npy,particles2SNR_pipeline/output/p0_c1_particles2SNR_staging/train/10um/HFocusing_5_10_10um_0_317.npy,symlinked
10um,train,P0/C1_HF_5_10_10um_doublet/HFocusing_5_10_10um_0_318.npy,particles2SNR_pipeline/output/p0_c1_particles2SNR_staging/train/10um/HFocusing_5_10_10um_0_318.npy,symlinked
10um,train,P0/C1_HF_5_10_10um_doublet/HFocusing_5_10_10um_0_32.npy,particles2SNR_pipeline/output/p0_c1_particles2SNR_staging/train/10um/HFocusing_5_10_10um_0_32.npy,symlinked
10um,train,P0/C1_HF_5_10_10um_doublet/HFocusing_5_10_10um_0_321.npy,particles2SNR_pipeline/output/p0_c1_particles2SNR_staging/train/10um/HFocusing_5_10_10um_0_321.npy,symlinked
10um,train,P0/C1_HF_5_10_10um_doublet/HFocusing_5_10_10um_0_322.npy,particles2SNR_pipeline/output/p0_c1_particles2SNR_staging/train/10um/HFocusing_5_10_10um_0_322.npy,symlinked
10um,test,P0/C1_HF_5_10_10um_doublet/HFocusing_5_10_10um_0_324.npy,particles2SNR_pipeline/output/p0_c1_particles2SNR_staging/test/10um/HFocusing_5_10_10um_0_324.npy,symlinked
10um,test,P0/C1_HF_5_10_10um_doublet/HFocusing_5_10_10um_0_325.npy,particles2SNR_pipeline/output/p0_c1_particles2SNR_staging/test/10um/HFocusing_5_10_10um_0_325.npy,symlinked
10um,train,P0/C1_HF_5_10_10um_doublet/HFocusing_5_10_10um_0_328.npy,particles2SNR_pipeline/output/p0_c1_particles2SNR_staging/train/10um/HFocusing_5_10_10um_0_328.npy,symlinked
10um,train,P0/C1_HF_5_10_10um_doublet/HFocusing_5_10_10um_0_329.npy,particles2SNR_pipeline/output/p0_c1_particles2SNR_staging/train/10um/HFocusing_5_10_10um_0_329.npy,symlinked
10um,train,P0/C1_HF_5_10_10um_doublet/HFocusing_5_10_10um_0_33.npy,particles2SNR_pipeline/output/p0_c1_particles2SNR_staging/train/10um/HFocusing_5_10_10um_0_33.npy,symlinked
10um,train,P0/C1_HF_5_10_10um_doublet/HFocusing_5_10_10um_0_332.npy,particles2SNR_pipeline/output/p0_c1_particles2SNR_staging/train/10um/HFocusing_5_10_10um_0_332.npy,symlinked
10um,train,P0/C1_HF_5_10_10um_doublet/HFocusing_5_10_10um_0_335.npy,particles2SNR_pipeline/output/p0_c1_particles2SNR_staging/train/10um/HFocusing_5_10_10um_0_335.npy,symlinked
10um,train,P0/C1_HF_5_10_10um_doublet/HFocusing_5_10_10um_0_337.npy,particles2SNR_pipeline/output/p0_c1_particles2SNR_staging/train/10um/HFocusing_5_10_10um_0_337.npy,symlinked
10um,train,P0/C1_HF_5_10_10um_doublet/HFocusing_5_10_10um_0_340.npy,particles2SNR_pipeline/output/p0_c1_particles2SNR_staging/train/10um/HFocusing_5_10_10um_0_340.npy,symlinked
10um,train,P0/C1_HF_5_10_10um_doublet/HFocusing_5_10_10um_0_342.npy,particles2SNR_pipeline/output/p0_c1_particles2SNR_staging/train/10um/HFocusing_5_10_10um_0_342.npy,symlinked
10um,train,P0/C1_HF_5_10_10um_doublet/HFocusing_5_10_10um_0_343.npy,particles2SNR_pipeline/output/p0_c1_particles2SNR_staging/train/10um/HFocusing_5_10_10um_0_343.npy,symlinked
10um,train,P0/C1_HF_5_10_10um_doublet/HFocusing_5_10_10um_0_346.npy,particles2SNR_pipeline/output/p0_c1_particles2SNR_staging/train/10um/HFocusing_5_10_10um_0_346.npy,symlinked
10um,train,P0/C1_HF_5_10_10um_doublet/HFocusing_5_10_10um_0_349.npy,particles2SNR_pipeline/output/p0_c1_particles2SNR_staging/train/10um/HFocusing_5_10_10um_0_349.npy,symlinked
10um,train,P0/C1_HF_5_10_10um_doublet/HFocusing_5_10_10um_0_35.npy,particles2SNR_pipeline/output/p0_c1_particles2SNR_staging/train/10um/HFocusing_5_10_10um_0_35.npy,symlinked
10um,train,P0/C1_HF_5_10_10um_doublet/HFocusing_5_10_10um_0_350.npy,particles2SNR_pipeline/output/p0_c1_particles2SNR_staging/train/10um/HFocusing_5_10_10um_0_350.npy,symlinked
10um,test,P0/C1_HF_5_10_10um_doublet/HFocusing_5_10_10um_0_353.npy,particles2SNR_pipeline/output/p0_c1_particles2SNR_staging/test/10um/HFocusing_5_10_10um_0_353.npy,symlinked
10um,test,P0/C1_HF_5_10_10um_doublet/HFocusing_5_10_10um_0_354.npy,particles2SNR_pipeline/output/p0_c1_particles2SNR_staging/test/10um/HFocusing_5_10_10um_0_354.npy,symlinked
10um,test,P0/C1_HF_5_10_10um_doublet/HFocusing_5_10_10um_0_358.npy,particles2SNR_pipeline/output/p0_c1_particles2SNR_staging/test/10um/HFocusing_5_10_10um_0_358.npy,symlinked
10um,train,P0/C1_HF_5_10_10um_doublet/HFocusing_5_10_10um_0_36.npy,particles2SNR_pipeline/output/p0_c1_particles2SNR_staging/train/10um/HFocusing_5_10_10um_0_36.npy,symlinked
10um,train,P0/C1_HF_5_10_10um_doublet/HFocusing_5_10_10um_0_361.npy,particles2SNR_pipeline/output/p0_c1_particles2SNR_staging/train/10um/HFocusing_5_10_10um_0_361.npy,symlinked
10um,train,P0/C1_HF_5_10_10um_doublet/HFocusing_5_10_10um_0_364.npy,particles2SNR_pipeline/output/p0_c1_particles2SNR_staging/train/10um/HFocusing_5_10_10um_0_364.npy,symlinked
10um,test,P0/C1_HF_5_10_10um_doublet/HFocusing_5_10_10um_0_365.npy,particles2SNR_pipeline/output/p0_c1_particles2SNR_staging/test/10um/HFocusing_5_10_10um_0_365.npy,symlinked
10um,test,P0/C1_HF_5_10_10um_doublet/HFocusing_5_10_10um_0_368.npy,particles2SNR_pipeline/output/p0_c1_particles2SNR_staging/test/10um/HFocusing_5_10_10um_0_368.npy,symlinked
10um,train,P0/C1_HF_5_10_10um_doublet/HFocusing_5_10_10um_0_371.npy,particles2SNR_pipeline/output/p0_c1_particles2SNR_staging/train/10um/HFocusing_5_10_10um_0_371.npy,symlinked
10um,test,P0/C1_HF_5_10_10um_doublet/HFocusing_5_10_10um_0_373.npy,particles2SNR_pipeline/output/p0_c1_particles2SNR_staging/test/10um/HFocusing_5_10_10um_0_373.npy,symlinked
10um,train,P0/C1_HF_5_10_10um_doublet/HFocusing_5_10_10um_0_374.npy,particles2SNR_pipeline/output/p0_c1_particles2SNR_staging/train/10um/HFocusing_5_10_10um_0_374.npy,symlinked
10um,train,P0/C1_HF_5_10_10um_doublet/HFocusing_5_10_10um_0_377.npy,particles2SNR_pipeline/output/p0_c1_particles2SNR_staging/train/10um/HFocusing_5_10_10um_0_377.npy,symlinked
10um,test,P0/C1_HF_5_10_10um_doublet/HFocusing_5_10_10um_0_378.npy,particles2SNR_pipeline/output/p0_c1_particles2SNR_staging/test/10um/HFocusing_5_10_10um_0_378.npy,symlinked
10um,train,P0/C1_HF_5_10_10um_doublet/HFocusing_5_10_10um_0_380.npy,particles2SNR_pipeline/output/p0_c1_particles2SNR_staging/train/10um/HFocusing_5_10_10um_0_380.npy,symlinked
10um,train,P0/C1_HF_5_10_10um_doublet/HFocusing_5_10_10um_0_381.npy,particles2SNR_pipeline/output/p0_c1_particles2SNR_staging/train/10um/HFocusing_5_10_10um_0_381.npy,symlinked
10um,train,P0/C1_HF_5_10_10um_doublet/HFocusing_5_10_10um_0_383.npy,particles2SNR_pipeline/output/p0_c1_particles2SNR_staging/train/10um/HFocusing_5_10_10um_0_383.npy,symlinked
10um,train,P0/C1_HF_5_10_10um_doublet/HFocusing_5_10_10um_0_386.npy,particles2SNR_pipeline/output/p0_c1_particles2SNR_staging/train/10um/HFocusing_5_10_10um_0_386.npy,symlinked
10um,train,P0/C1_HF_5_10_10um_doublet/HFocusing_5_10_10um_0_387.npy,particles2SNR_pipeline/output/p0_c1_particles2SNR_staging/train/10um/HFocusing_5_10_10um_0_387.npy,symlinked
10um,train,P0/C1_HF_5_10_10um_doublet/HFocusing_5_10_10um_0_39.npy,particles2SNR_pipeline/output/p0_c1_particles2SNR_staging/train/10um/HFocusing_5_10_10um_0_39.npy,symlinked
10um,train,P0/C1_HF_5_10_10um_doublet/HFocusing_5_10_10um_0_390.npy,particles2SNR_pipeline/output/p0_c1_particles2SNR_staging/train/10um/HFocusing_5_10_10um_0_390.npy,symlinked
10um,test,P0/C1_HF_5_10_10um_doublet/HFocusing_5_10_10um_0_391.npy,particles2SNR_pipeline/output/p0_c1_particles2SNR_staging/test/10um/HFocusing_5_10_10um_0_391.npy,symlinked
10um,test,P0/C1_HF_5_10_10um_doublet/HFocusing_5_10_10um_0_394.npy,particles2SNR_pipeline/output/p0_c1_particles2SNR_staging/test/10um/HFocusing_5_10_10um_0_394.npy,symlinked
10um,train,P0/C1_HF_5_10_10um_doublet/HFocusing_5_10_10um_0_395.npy,particles2SNR_pipeline/output/p0_c1_particles2SNR_staging/train/10um/HFocusing_5_10_10um_0_395.npy,symlinked
10um,test,P0/C1_HF_5_10_10um_doublet/HFocusing_5_10_10um_0_398.npy,particles2SNR_pipeline/output/p0_c1_particles2SNR_staging/test/10um/HFocusing_5_10_10um_0_398.npy,symlinked
10um,train,P0/C1_HF_5_10_10um_doublet/HFocusing_5_10_10um_0_399.npy,particles2SNR_pipeline/output/p0_c1_particles2SNR_staging/train/10um/HFocusing_5_10_10um_0_399.npy,symlinked
10um,train,P0/C1_HF_5_10_10um_doublet/HFocusing_5_10_10um_0_4.npy,particles2SNR_pipeline/output/p0_c1_particles2SNR_staging/train/10um/HFocusing_5_10_10um_0_4.npy,symlinked
10um,train,P0/C1_HF_5_10_10um_doublet/HFocusing_5_10_10um_0_40.npy,particles2SNR_pipeline/output/p0_c1_particles2SNR_staging/train/10um/HFocusing_5_10_10um_0_40.npy,symlinked
10um,train,P0/C1_HF_5_10_10um_doublet/HFocusing_5_10_10um_0_402.npy,particles2SNR_pipeline/output/p0_c1_particles2SNR_staging/train/10um/HFocusing_5_10_10um_0_402.npy,symlinked
10um,train,P0/C1_HF_5_10_10um_doublet/HFocusing_5_10_10um_0_403.npy,particles2SNR_pipeline/output/p0_c1_particles2SNR_staging/train/10um/HFocusing_5_10_10um_0_403.npy,symlinked
10um,train,P0/C1_HF_5_10_10um_doublet/HFocusing_5_10_10um_0_406.npy,particles2SNR_pipeline/output/p0_c1_particles2SNR_staging/train/10um/HFocusing_5_10_10um_0_406.npy,symlinked
10um,test,P0/C1_HF_5_10_10um_doublet/HFocusing_5_10_10um_0_409.npy,particles2SNR_pipeline/output/p0_c1_particles2SNR_staging/test/10um/HFocusing_5_10_10um_0_409.npy,symlinked
10um,train,P0/C1_HF_5_10_10um_doublet/HFocusing_5_10_10um_0_410.npy,particles2SNR_pipeline/output/p0_c1_particles2SNR_staging/train/10um/HFocusing_5_10_10um_0_410.npy,symlinked
10um,train,P0/C1_HF_5_10_10um_doublet/HFocusing_5_10_10um_0_413.npy,particles2SNR_pipeline/output/p0_c1_particles2SNR_staging/train/10um/HFocusing_5_10_10um_0_413.npy,symlinked
10um,test,P0/C1_HF_5_10_10um_doublet/HFocusing_5_10_10um_0_415.npy,particles2SNR_pipeline/output/p0_c1_particles2SNR_staging/test/10um/HFocusing_5_10_10um_0_415.npy,symlinked
10um,train,P0/C1_HF_5_10_10um_doublet/HFocusing_5_10_10um_0_416.npy,particles2SNR_pipeline/output/p0_c1_particles2SNR_staging/train/10um/HFocusing_5_10_10um_0_416.npy,symlinked
10um,train,P0/C1_HF_5_10_10um_doublet/HFocusing_5_10_10um_0_419.npy,particles2SNR_pipeline/output/p0_c1_particles2SNR_staging/train/10um/HFocusing_5_10_10um_0_419.npy,symlinked
10um,train,P0/C1_HF_5_10_10um_doublet/HFocusing_5_10_10um_0_42.npy,particles2SNR_pipeline/output/p0_c1_particles2SNR_staging/train/10um/HFocusing_5_10_10um_0_42.npy,symlinked
10um,train,P0/C1_HF_5_10_10um_doublet/HFocusing_5_10_10um_0_420.npy,particles2SNR_pipeline/output/p0_c1_particles2SNR_staging/train/10um/HFocusing_5_10_10um_0_420.npy,symlinked
10um,train,P0/C1_HF_5_10_10um_doublet/HFocusing_5_10_10um_0_423.npy,particles2SNR_pipeline/output/p0_c1_particles2SNR_staging/train/10um/HFocusing_5_10_10um_0_423.npy,symlinked
10um,train,P0/C1_HF_5_10_10um_doublet/HFocusing_5_10_10um_0_424.npy,particles2SNR_pipeline/output/p0_c1_particles2SNR_staging/train/10um/HFocusing_5_10_10um_0_424.npy,symlinked
10um,train,P0/C1_HF_5_10_10um_doublet/HFocusing_5_10_10um_0_427.npy,particles2SNR_pipeline/output/p0_c1_particles2SNR_staging/train/10um/HFocusing_5_10_10um_0_427.npy,symlinked
10um,train,P0/C1_HF_5_10_10um_doublet/HFocusing_5_10_10um_0_43.npy,particles2SNR_pipeline/output/p0_c1_particles2SNR_staging/train/10um/HFocusing_5_10_10um_0_43.npy,symlinked
10um,train,P0/C1_HF_5_10_10um_doublet/HFocusing_5_10_10um_0_430.npy,particles2SNR_pipeline/output/p0_c1_particles2SNR_staging/train/10um/HFocusing_5_10_10um_0_430.npy,symlinked
10um,test,P0/C1_HF_5_10_10um_doublet/HFocusing_5_10_10um_0_432.npy,particles2SNR_pipeline/output/p0_c1_particles2SNR_staging/test/10um/HFocusing_5_10_10um_0_432.npy,symlinked
10um,test,P0/C1_HF_5_10_10um_doublet/HFocusing_5_10_10um_0_433.npy,particles2SNR_pipeline/output/p0_c1_particles2SNR_staging/test/10um/HFocusing_5_10_10um_0_433.npy,symlinked
10um,train,P0/C1_HF_5_10_10um_doublet/HFocusing_5_10_10um_0_436.npy,particles2SNR_pipeline/output/p0_c1_particles2SNR_staging/train/10um/HFocusing_5_10_10um_0_436.npy,symlinked
10um,train,P0/C1_HF_5_10_10um_doublet/HFocusing_5_10_10um_0_439.npy,particles2SNR_pipeline/output/p0_c1_particles2SNR_staging/train/10um/HFocusing_5_10_10um_0_439.npy,symlinked
10um,train,P0/C1_HF_5_10_10um_doublet/HFocusing_5_10_10um_0_443.npy,particles2SNR_pipeline/output/p0_c1_particles2SNR_staging/train/10um/HFocusing_5_10_10um_0_443.npy,symlinked
10um,train,P0/C1_HF_5_10_10um_doublet/HFocusing_5_10_10um_0_446.npy,particles2SNR_pipeline/output/p0_c1_particles2SNR_staging/train/10um/HFocusing_5_10_10um_0_446.npy,symlinked
10um,train,P0/C1_HF_5_10_10um_doublet/HFocusing_5_10_10um_0_447.npy,particles2SNR_pipeline/output/p0_c1_particles2SNR_staging/train/10um/HFocusing_5_10_10um_0_447.npy,symlinked
10um,train,P0/C1_HF_5_10_10um_doublet/HFocusing_5_10_10um_0_450.npy,particles2SNR_pipeline/output/p0_c1_particles2SNR_staging/train/10um/HFocusing_5_10_10um_0_450.npy,symlinked
10um,train,P0/C1_HF_5_10_10um_doublet/HFocusing_5_10_10um_0_453.npy,particles2SNR_pipeline/output/p0_c1_particles2SNR_staging/train/10um/HFocusing_5_10_10um_0_453.npy,symlinked
10um,train,P0/C1_HF_5_10_10um_doublet/HFocusing_5_10_10um_0_454.npy,particles2SNR_pipeline/output/p0_c1_particles2SNR_staging/train/10um/HFocusing_5_10_10um_0_454.npy,symlinked
10um,train,P0/C1_HF_5_10_10um_doublet/HFocusing_5_10_10um_0_457.npy,particles2SNR_pipeline/output/p0_c1_particles2SNR_staging/train/10um/HFocusing_5_10_10um_0_457.npy,symlinked
10um,train,P0/C1_HF_5_10_10um_doublet/HFocusing_5_10_10um_0_458.npy,particles2SNR_pipeline/output/p0_c1_particles2SNR_staging/train/10um/HFocusing_5_10_10um_0_458.npy,symlinked
10um,train,P0/C1_HF_5_10_10um_doublet/HFocusing_5_10_10um_0_46.npy,particles2SNR_pipeline/output/p0_c1_particles2SNR_staging/train/10um/HFocusing_5_10_10um_0_46.npy,symlinked
10um,train,P0/C1_HF_5_10_10um_doublet/HFocusing_5_10_10um_0_461.npy,particles2SNR_pipeline/output/p0_c1_particles2SNR_staging/train/10um/HFocusing_5_10_10um_0_461.npy,symlinked
10um,train,P0/C1_HF_5_10_10um_doublet/HFocusing_5_10_10um_0_464.npy,particles2SNR_pipeline/output/p0_c1_particles2SNR_staging/train/10um/HFocusing_5_10_10um_0_464.npy,symlinked
10um,test,P0/C1_HF_5_10_10um_doublet/HFocusing_5_10_10um_0_465.npy,particles2SNR_pipeline/output/p0_c1_particles2SNR_staging/test/10um/HFocusing_5_10_10um_0_465.npy,symlinked
10um,test,P0/C1_HF_5_10_10um_doublet/HFocusing_5_10_10um_0_468.npy,particles2SNR_pipeline/output/p0_c1_particles2SNR_staging/test/10um/HFocusing_5_10_10um_0_468.npy,symlinked
10um,test,P0/C1_HF_5_10_10um_doublet/HFocusing_5_10_10um_0_471.npy,particles2SNR_pipeline/output/p0_c1_particles2SNR_staging/test/10um/HFocusing_5_10_10um_0_471.npy,symlinked
10um,train,P0/C1_HF_5_10_10um_doublet/HFocusing_5_10_10um_0_474.npy,particles2SNR_pipeline/output/p0_c1_particles2SNR_staging/train/10um/HFocusing_5_10_10um_0_474.npy,symlinked
10um,train,P0/C1_HF_5_10_10um_doublet/HFocusing_5_10_10um_0_475.npy,particles2SNR_pipeline/output/p0_c1_particles2SNR_staging/train/10um/HFocusing_5_10_10um_0_475.npy,symlinked
10um,train,P0/C1_HF_5_10_10um_doublet/HFocusing_5_10_10um_0_478.npy,particles2SNR_pipeline/output/p0_c1_particles2SNR_staging/train/10um/HFocusing_5_10_10um_0_478.npy,symlinked
10um,train,P0/C1_HF_5_10_10um_doublet/HFocusing_5_10_10um_0_479.npy,particles2SNR_pipeline/output/p0_c1_particles2SNR_staging/train/10um/HFocusing_5_10_10um_0_479.npy,symlinked
10um,train,P0/C1_HF_5_10_10um_doublet/HFocusing_5_10_10um_0_482.npy,particles2SNR_pipeline/output/p0_c1_particles2SNR_staging/train/10um/HFocusing_5_10_10um_0_482.npy,symlinked
10um,train,P0/C1_HF_5_10_10um_doublet/HFocusing_5_10_10um_0_485.npy,particles2SNR_pipeline/output/p0_c1_particles2SNR_staging/train/10um/HFocusing_5_10_10um_0_485.npy,symlinked
10um,train,P0/C1_HF_5_10_10um_doublet/HFocusing_5_10_10um_0_486.npy,particles2SNR_pipeline/output/p0_c1_particles2SNR_staging/train/10um/HFocusing_5_10_10um_0_486.npy,symlinked
10um,train,P0/C1_HF_5_10_10um_doublet/HFocusing_5_10_10um_0_488.npy,particles2SNR_pipeline/output/p0_c1_particles2SNR_staging/train/10um/HFocusing_5_10_10um_0_488.npy,symlinked
10um,train,P0/C1_HF_5_10_10um_doublet/HFocusing_5_10_10um_0_49.npy,particles2SNR_pipeline/output/p0_c1_particles2SNR_staging/train/10um/HFocusing_5_10_10um_0_49.npy,symlinked
10um,train,P0/C1_HF_5_10_10um_doublet/HFocusing_5_10_10um_0_491.npy,particles2SNR_pipeline/output/p0_c1_particles2SNR_staging/train/10um/HFocusing_5_10_10um_0_491.npy,symlinked
10um,train,P0/C1_HF_5_10_10um_doublet/HFocusing_5_10_10um_0_494.npy,particles2SNR_pipeline/output/p0_c1_particles2SNR_staging/train/10um/HFocusing_5_10_10um_0_494.npy,symlinked
10um,train,P0/C1_HF_5_10_10um_doublet/HFocusing_5_10_10um_0_495.npy,particles2SNR_pipeline/output/p0_c1_particles2SNR_staging/train/10um/HFocusing_5_10_10um_0_495.npy,symlinked
10um,train,P0/C1_HF_5_10_10um_doublet/HFocusing_5_10_10um_0_498.npy,particles2SNR_pipeline/output/p0_c1_particles2SNR_staging/train/10um/HFocusing_5_10_10um_0_498.npy,symlinked
10um,train,P0/C1_HF_5_10_10um_doublet/HFocusing_5_10_10um_0_5.npy,particles2SNR_pipeline/output/p0_c1_particles2SNR_staging/train/10um/HFocusing_5_10_10um_0_5.npy,symlinked
10um,train,P0/C1_HF_5_10_10um_doublet/HFocusing_5_10_10um_0_501.npy,particles2SNR_pipeline/output/p0_c1_particles2SNR_staging/train/10um/HFocusing_5_10_10um_0_501.npy,symlinked
10um,train,P0/C1_HF_5_10_10um_doublet/HFocusing_5_10_10um_0_504.npy,particles2SNR_pipeline/output/p0_c1_particles2SNR_staging/train/10um/HFocusing_5_10_10um_0_504.npy,symlinked
10um,test,P0/C1_HF_5_10_10um_doublet/HFocusing_5_10_10um_0_507.npy,particles2SNR_pipeline/output/p0_c1_particles2SNR_staging/test/10um/HFocusing_5_10_10um_0_507.npy,symlinked
10um,train,P0/C1_HF_5_10_10um_doublet/HFocusing_5_10_10um_0_510.npy,particles2SNR_pipeline/output/p0_c1_particles2SNR_staging/train/10um/HFocusing_5_10_10um_0_510.npy,symlinked
10um,train,P0/C1_HF_5_10_10um_doublet/HFocusing_5_10_10um_0_512.npy,particles2SNR_pipeline/output/p0_c1_particles2SNR_staging/train/10um/HFocusing_5_10_10um_0_512.npy,symlinked
10um,train,P0/C1_HF_5_10_10um_doublet/HFocusing_5_10_10um_0_513.npy,particles2SNR_pipeline/output/p0_c1_particles2SNR_staging/train/10um/HFocusing_5_10_10um_0_513.npy,symlinked
10um,train,P0/C1_HF_5_10_10um_doublet/HFocusing_5_10_10um_0_516.npy,particles2SNR_pipeline/output/p0_c1_particles2SNR_staging/train/10um/HFocusing_5_10_10um_0_516.npy,symlinked
10um,train,P0/C1_HF_5_10_10um_doublet/HFocusing_5_10_10um_0_517.npy,particles2SNR_pipeline/output/p0_c1_particles2SNR_staging/train/10um/HFocusing_5_10_10um_0_517.npy,symlinked
10um,test,P0/C1_HF_5_10_10um_doublet/HFocusing_5_10_10um_0_52.npy,particles2SNR_pipeline/output/p0_c1_particles2SNR_staging/test/10um/HFocusing_5_10_10um_0_52.npy,symlinked
10um,train,P0/C1_HF_5_10_10um_doublet/HFocusing_5_10_10um_0_520.npy,particles2SNR_pipeline/output/p0_c1_particles2SNR_staging/train/10um/HFocusing_5_10_10um_0_520.npy,symlinked
10um,train,P0/C1_HF_5_10_10um_doublet/HFocusing_5_10_10um_0_522.npy,particles2SNR_pipeline/output/p0_c1_particles2SNR_staging/train/10um/HFocusing_5_10_10um_0_522.npy,symlinked
10um,train,P0/C1_HF_5_10_10um_doublet/HFocusing_5_10_10um_0_523.npy,particles2SNR_pipeline/output/p0_c1_particles2SNR_staging/train/10um/HFocusing_5_10_10um_0_523.npy,symlinked
10um,test,P0/C1_HF_5_10_10um_doublet/HFocusing_5_10_10um_0_526.npy,particles2SNR_pipeline/output/p0_c1_particles2SNR_staging/test/10um/HFocusing_5_10_10um_0_526.npy,symlinked
10um,train,P0/C1_HF_5_10_10um_doublet/HFocusing_5_10_10um_0_529.npy,particles2SNR_pipeline/output/p0_c1_particles2SNR_staging/train/10um/HFocusing_5_10_10um_0_529.npy,symlinked
10um,train,P0/C1_HF_5_10_10um_doublet/HFocusing_5_10_10um_0_532.npy,particles2SNR_pipeline/output/p0_c1_particles2SNR_staging/train/10um/HFocusing_5_10_10um_0_532.npy,symlinked
10um,test,P0/C1_HF_5_10_10um_doublet/HFocusing_5_10_10um_0_535.npy,particles2SNR_pipeline/output/p0_c1_particles2SNR_staging/test/10um/HFocusing_5_10_10um_0_535.npy,symlinked
10um,train,P0/C1_HF_5_10_10um_doublet/HFocusing_5_10_10um_0_538.npy,particles2SNR_pipeline/output/p0_c1_particles2SNR_staging/train/10um/HFocusing_5_10_10um_0_538.npy,symlinked
10um,train,P0/C1_HF_5_10_10um_doublet/HFocusing_5_10_10um_0_542.npy,particles2SNR_pipeline/output/p0_c1_particles2SNR_staging/train/10um/HFocusing_5_10_10um_0_542.npy,symlinked
10um,test,P0/C1_HF_5_10_10um_doublet/HFocusing_5_10_10um_0_545.npy,particles2SNR_pipeline/output/p0_c1_particles2SNR_staging/test/10um/HFocusing_5_10_10um_0_545.npy,symlinked
10um,train,P0/C1_HF_5_10_10um_doublet/HFocusing_5_10_10um_0_548.npy,particles2SNR_pipeline/output/p0_c1_particles2SNR_staging/train/10um/HFocusing_5_10_10um_0_548.npy,symlinked
10um,train,P0/C1_HF_5_10_10um_doublet/HFocusing_5_10_10um_0_55.npy,particles2SNR_pipeline/output/p0_c1_particles2SNR_staging/train/10um/HFocusing_5_10_10um_0_55.npy,symlinked
10um,test,P0/C1_HF_5_10_10um_doublet/HFocusing_5_10_10um_0_550.npy,particles2SNR_pipeline/output/p0_c1_particles2SNR_staging/test/10um/HFocusing_5_10_10um_0_550.npy,symlinked
10um,test,P0/C1_HF_5_10_10um_doublet/HFocusing_5_10_10um_0_551.npy,particles2SNR_pipeline/output/p0_c1_particles2SNR_staging/test/10um/HFocusing_5_10_10um_0_551.npy,symlinked
10um,train,P0/C1_HF_5_10_10um_doublet/HFocusing_5_10_10um_0_553.npy,particles2SNR_pipeline/output/p0_c1_particles2SNR_staging/train/10um/HFocusing_5_10_10um_0_553.npy,symlinked
10um,train,P0/C1_HF_5_10_10um_doublet/HFocusing_5_10_10um_0_554.npy,particles2SNR_pipeline/output/p0_c1_particles2SNR_staging/train/10um/HFocusing_5_10_10um_0_554.npy,symlinked
10um,train,P0/C1_HF_5_10_10um_doublet/HFocusing_5_10_10um_0_557.npy,particles2SNR_pipeline/output/p0_c1_particles2SNR_staging/train/10um/HFocusing_5_10_10um_0_557.npy,symlinked
10um,train,P0/C1_HF_5_10_10um_doublet/HFocusing_5_10_10um_0_560.npy,particles2SNR_pipeline/output/p0_c1_particles2SNR_staging/train/10um/HFocusing_5_10_10um_0_560.npy,symlinked
10um,train,P0/C1_HF_5_10_10um_doublet/HFocusing_5_10_10um_0_562.npy,particles2SNR_pipeline/output/p0_c1_particles2SNR_staging/train/10um/HFocusing_5_10_10um_0_562.npy,symlinked
10um,train,P0/C1_HF_5_10_10um_doublet/HFocusing_5_10_10um_0_563.npy,particles2SNR_pipeline/output/p0_c1_particles2SNR_staging/train/10um/HFocusing_5_10_10um_0_563.npy,symlinked
10um,test,P0/C1_HF_5_10_10um_doublet/HFocusing_5_10_10um_0_566.npy,particles2SNR_pipeline/output/p0_c1_particles2SNR_staging/test/10um/HFocusing_5_10_10um_0_566.npy,symlinked
10um,train,P0/C1_HF_5_10_10um_doublet/HFocusing_5_10_10um_0_569.npy,particles2SNR_pipeline/output/p0_c1_particles2SNR_staging/train/10um/HFocusing_5_10_10um_0_569.npy,symlinked
10um,train,P0/C1_HF_5_10_10um_doublet/HFocusing_5_10_10um_0_572.npy,particles2SNR_pipeline/output/p0_c1_particles2SNR_staging/train/10um/HFocusing_5_10_10um_0_572.npy,symlinked
10um,train,P0/C1_HF_5_10_10um_doublet/HFocusing_5_10_10um_0_574.npy,particles2SNR_pipeline/output/p0_c1_particles2SNR_staging/train/10um/HFocusing_5_10_10um_0_574.npy,symlinked
10um,train,P0/C1_HF_5_10_10um_doublet/HFocusing_5_10_10um_0_577.npy,particles2SNR_pipeline/output/p0_c1_particles2SNR_staging/train/10um/HFocusing_5_10_10um_0_577.npy,symlinked
10um,train,P0/C1_HF_5_10_10um_doublet/HFocusing_5_10_10um_0_578.npy,particles2SNR_pipeline/output/p0_c1_particles2SNR_staging/train/10um/HFocusing_5_10_10um_0_578.npy,symlinked
10um,train,P0/C1_HF_5_10_10um_doublet/HFocusing_5_10_10um_0_58.npy,particles2SNR_pipeline/output/p0_c1_particles2SNR_staging/train/10um/HFocusing_5_10_10um_0_58.npy,symlinked
10um,train,P0/C1_HF_5_10_10um_doublet/HFocusing_5_10_10um_0_581.npy,particles2SNR_pipeline/output/p0_c1_particles2SNR_staging/train/10um/HFocusing_5_10_10um_0_581.npy,symlinked
10um,train,P0/C1_HF_5_10_10um_doublet/HFocusing_5_10_10um_0_584.npy,particles2SNR_pipeline/output/p0_c1_particles2SNR_staging/train/10um/HFocusing_5_10_10um_0_584.npy,symlinked
10um,train,P0/C1_HF_5_10_10um_doublet/HFocusing_5_10_10um_0_587.npy,particles2SNR_pipeline/output/p0_c1_particles2SNR_staging/train/10um/HFocusing_5_10_10um_0_587.npy,symlinked
10um,train,P0/C1_HF_5_10_10um_doublet/HFocusing_5_10_10um_0_588.npy,particles2SNR_pipeline/output/p0_c1_particles2SNR_staging/train/10um/HFocusing_5_10_10um_0_588.npy,symlinked
10um,train,P0/C1_HF_5_10_10um_doublet/HFocusing_5_10_10um_0_59.npy,particles2SNR_pipeline/output/p0_c1_particles2SNR_staging/train/10um/HFocusing_5_10_10um_0_59.npy,symlinked
10um,test,P0/C1_HF_5_10_10um_doublet/HFocusing_5_10_10um_0_591.npy,particles2SNR_pipeline/output/p0_c1_particles2SNR_staging/test/10um/HFocusing_5_10_10um_0_591.npy,symlinked
10um,train,P0/C1_HF_5_10_10um_doublet/HFocusing_5_10_10um_0_594.npy,particles2SNR_pipeline/output/p0_c1_particles2SNR_staging/train/10um/HFocusing_5_10_10um_0_594.npy,symlinked
10um,train,P0/C1_HF_5_10_10um_doublet/HFocusing_5_10_10um_0_595.npy,particles2SNR_pipeline/output/p0_c1_particles2SNR_staging/train/10um/HFocusing_5_10_10um_0_595.npy,symlinked
10um,train,P0/C1_HF_5_10_10um_doublet/HFocusing_5_10_10um_0_598.npy,particles2SNR_pipeline/output/p0_c1_particles2SNR_staging/train/10um/HFocusing_5_10_10um_0_598.npy,symlinked
10um,train,P0/C1_HF_5_10_10um_doublet/HFocusing_5_10_10um_0_601.npy,particles2SNR_pipeline/output/p0_c1_particles2SNR_staging/train/10um/HFocusing_5_10_10um_0_601.npy,symlinked
10um,train,P0/C1_HF_5_10_10um_doublet/HFocusing_5_10_10um_0_604.npy,particles2SNR_pipeline/output/p0_c1_particles2SNR_staging/train/10um/HFocusing_5_10_10um_0_604.npy,symlinked
10um,train,P0/C1_HF_5_10_10um_doublet/HFocusing_5_10_10um_0_607.npy,particles2SNR_pipeline/output/p0_c1_particles2SNR_staging/train/10um/HFocusing_5_10_10um_0_607.npy,symlinked
10um,test,P0/C1_HF_5_10_10um_doublet/HFocusing_5_10_10um_0_609.npy,particles2SNR_pipeline/output/p0_c1_particles2SNR_staging/test/10um/HFocusing_5_10_10um_0_609.npy,symlinked
10um,test,P0/C1_HF_5_10_10um_doublet/HFocusing_5_10_10um_0_610.npy,particles2SNR_pipeline/output/p0_c1_particles2SNR_staging/test/10um/HFocusing_5_10_10um_0_610.npy,symlinked
10um,train,P0/C1_HF_5_10_10um_doublet/HFocusing_5_10_10um_0_613.npy,particles2SNR_pipeline/output/p0_c1_particles2SNR_staging/train/10um/HFocusing_5_10_10um_0_613.npy,symlinked
10um,test,P0/C1_HF_5_10_10um_doublet/HFocusing_5_10_10um_0_616.npy,particles2SNR_pipeline/output/p0_c1_particles2SNR_staging/test/10um/HFocusing_5_10_10um_0_616.npy,symlinked
10um,train,P0/C1_HF_5_10_10um_doublet/HFocusing_5_10_10um_0_618.npy,particles2SNR_pipeline/output/p0_c1_particles2SNR_staging/train/10um/HFocusing_5_10_10um_0_618.npy,symlinked
10um,train,P0/C1_HF_5_10_10um_doublet/HFocusing_5_10_10um_0_619.npy,particles2SNR_pipeline/output/p0_c1_particles2SNR_staging/train/10um/HFocusing_5_10_10um_0_619.npy,symlinked
10um,train,P0/C1_HF_5_10_10um_doublet/HFocusing_5_10_10um_0_62.npy,particles2SNR_pipeline/output/p0_c1_particles2SNR_staging/train/10um/HFocusing_5_10_10um_0_62.npy,symlinked
10um,train,P0/C1_HF_5_10_10um_doublet/HFocusing_5_10_10um_0_622.npy,particles2SNR_pipeline/output/p0_c1_particles2SNR_staging/train/10um/HFocusing_5_10_10um_0_622.npy,symlinked
10um,train,P0/C1_HF_5_10_10um_doublet/HFocusing_5_10_10um_0_625.npy,particles2SNR_pipeline/output/p0_c1_particles2SNR_staging/train/10um/HFocusing_5_10_10um_0_625.npy,symlinked
10um,train,P0/C1_HF_5_10_10um_doublet/HFocusing_5_10_10um_0_627.npy,particles2SNR_pipeline/output/p0_c1_particles2SNR_staging/train/10um/HFocusing_5_10_10um_0_627.npy,symlinked
10um,train,P0/C1_HF_5_10_10um_doublet/HFocusing_5_10_10um_0_628.npy,particles2SNR_pipeline/output/p0_c1_particles2SNR_staging/train/10um/HFocusing_5_10_10um_0_628.npy,symlinked
10um,train,P0/C1_HF_5_10_10um_doublet/HFocusing_5_10_10um_0_63.npy,particles2SNR_pipeline/output/p0_c1_particles2SNR_staging/train/10um/HFocusing_5_10_10um_0_63.npy,symlinked
10um,train,P0/C1_HF_5_10_10um_doublet/HFocusing_5_10_10um_0_631.npy,particles2SNR_pipeline/output/p0_c1_particles2SNR_staging/train/10um/HFocusing_5_10_10um_0_631.npy,symlinked
10um,test,P0/C1_HF_5_10_10um_doublet/HFocusing_5_10_10um_0_632.npy,particles2SNR_pipeline/output/p0_c1_particles2SNR_staging/test/10um/HFocusing_5_10_10um_0_632.npy,symlinked
10um,train,P0/C1_HF_5_10_10um_doublet/HFocusing_5_10_10um_0_634.npy,particles2SNR_pipeline/output/p0_c1_particles2SNR_staging/train/10um/HFocusing_5_10_10um_0_634.npy,symlinked
10um,train,P0/C1_HF_5_10_10um_doublet/HFocusing_5_10_10um_0_635.npy,particles2SNR_pipeline/output/p0_c1_particles2SNR_staging/train/10um/HFocusing_5_10_10um_0_635.npy,symlinked
10um,train,P0/C1_HF_5_10_10um_doublet/HFocusing_5_10_10um_0_638.npy,particles2SNR_pipeline/output/p0_c1_particles2SNR_staging/train/10um/HFocusing_5_10_10um_0_638.npy,symlinked
10um,train,P0/C1_HF_5_10_10um_doublet/HFocusing_5_10_10um_0_639.npy,particles2SNR_pipeline/output/p0_c1_particles2SNR_staging/train/10um/HFocusing_5_10_10um_0_639.npy,symlinked
10um,train,P0/C1_HF_5_10_10um_doublet/HFocusing_5_10_10um_0_641.npy,particles2SNR_pipeline/output/p0_c1_particles2SNR_staging/train/10um/HFocusing_5_10_10um_0_641.npy,symlinked
10um,test,P0/C1_HF_5_10_10um_doublet/HFocusing_5_10_10um_0_642.npy,particles2SNR_pipeline/output/p0_c1_particles2SNR_staging/test/10um/HFocusing_5_10_10um_0_642.npy,symlinked
10um,test,P0/C1_HF_5_10_10um_doublet/HFocusing_5_10_10um_0_644.npy,particles2SNR_pipeline/output/p0_c1_particles2SNR_staging/test/10um/HFocusing_5_10_10um_0_644.npy,symlinked
10um,train,P0/C1_HF_5_10_10um_doublet/HFocusing_5_10_10um_0_645.npy,particles2SNR_pipeline/output/p0_c1_particles2SNR_staging/train/10um/HFocusing_5_10_10um_0_645.npy,symlinked
10um,train,P0/C1_HF_5_10_10um_doublet/HFocusing_5_10_10um_0_647.npy,particles2SNR_pipeline/output/p0_c1_particles2SNR_staging/train/10um/HFocusing_5_10_10um_0_647.npy,symlinked
10um,train,P0/C1_HF_5_10_10um_doublet/HFocusing_5_10_10um_0_648.npy,particles2SNR_pipeline/output/p0_c1_particles2SNR_staging/train/10um/HFocusing_5_10_10um_0_648.npy,symlinked
10um,train,P0/C1_HF_5_10_10um_doublet/HFocusing_5_10_10um_0_650.npy,particles2SNR_pipeline/output/p0_c1_particles2SNR_staging/train/10um/HFocusing_5_10_10um_0_650.npy,symlinked
10um,train,P0/C1_HF_5_10_10um_doublet/HFocusing_5_10_10um_0_653.npy,particles2SNR_pipeline/output/p0_c1_particles2SNR_staging/train/10um/HFocusing_5_10_10um_0_653.npy,symlinked
10um,train,P0/C1_HF_5_10_10um_doublet/HFocusing_5_10_10um_0_656.npy,particles2SNR_pipeline/output/p0_c1_particles2SNR_staging/train/10um/HFocusing_5_10_10um_0_656.npy,symlinked
10um,train,P0/C1_HF_5_10_10um_doublet/HFocusing_5_10_10um_0_658.npy,particles2SNR_pipeline/output/p0_c1_particles2SNR_staging/train/10um/HFocusing_5_10_10um_0_658.npy,symlinked
10um,train,P0/C1_HF_5_10_10um_doublet/HFocusing_5_10_10um_0_66.npy,particles2SNR_pipeline/output/p0_c1_particles2SNR_staging/train/10um/HFocusing_5_10_10um_0_66.npy,symlinked
10um,train,P0/C1_HF_5_10_10um_doublet/HFocusing_5_10_10um_0_660.npy,particles2SNR_pipeline/output/p0_c1_particles2SNR_staging/train/10um/HFocusing_5_10_10um_0_660.npy,symlinked
10um,test,P0/C1_HF_5_10_10um_doublet/HFocusing_5_10_10um_0_661.npy,particles2SNR_pipeline/output/p0_c1_particles2SNR_staging/test/10um/HFocusing_5_10_10um_0_661.npy,symlinked
10um,train,P0/C1_HF_5_10_10um_doublet/HFocusing_5_10_10um_0_663.npy,particles2SNR_pipeline/output/p0_c1_particles2SNR_staging/train/10um/HFocusing_5_10_10um_0_663.npy,symlinked
10um,train,P0/C1_HF_5_10_10um_doublet/HFocusing_5_10_10um_0_665.npy,particles2SNR_pipeline/output/p0_c1_particles2SNR_staging/train/10um/HFocusing_5_10_10um_0_665.npy,symlinked
10um,train,P0/C1_HF_5_10_10um_doublet/HFocusing_5_10_10um_0_666.npy,particles2SNR_pipeline/output/p0_c1_particles2SNR_staging/train/10um/HFocusing_5_10_10um_0_666.npy,symlinked
10um,train,P0/C1_HF_5_10_10um_doublet/HFocusing_5_10_10um_0_669.npy,particles2SNR_pipeline/output/p0_c1_particles2SNR_staging/train/10um/HFocusing_5_10_10um_0_669.npy,symlinked
10um,train,P0/C1_HF_5_10_10um_doublet/HFocusing_5_10_10um_0_672.npy,particles2SNR_pipeline/output/p0_c1_particles2SNR_staging/train/10um/HFocusing_5_10_10um_0_672.npy,symlinked
10um,train,P0/C1_HF_5_10_10um_doublet/HFocusing_5_10_10um_0_673.npy,particles2SNR_pipeline/output/p0_c1_particles2SNR_staging/train/10um/HFocusing_5_10_10um_0_673.npy,symlinked
10um,train,P0/C1_HF_5_10_10um_doublet/HFocusing_5_10_10um_0_676.npy,particles2SNR_pipeline/output/p0_c1_particles2SNR_staging/train/10um/HFocusing_5_10_10um_0_676.npy,symlinked
10um,train,P0/C1_HF_5_10_10um_doublet/HFocusing_5_10_10um_0_68.npy,particles2SNR_pipeline/output/p0_c1_particles2SNR_staging/train/10um/HFocusing_5_10_10um_0_68.npy,symlinked
10um,train,P0/C1_HF_5_10_10um_doublet/HFocusing_5_10_10um_0_680.npy,particles2SNR_pipeline/output/p0_c1_particles2SNR_staging/train/10um/HFocusing_5_10_10um_0_680.npy,symlinked
10um,train,P0/C1_HF_5_10_10um_doublet/HFocusing_5_10_10um_0_683.npy,particles2SNR_pipeline/output/p0_c1_particles2SNR_staging/train/10um/HFocusing_5_10_10um_0_683.npy,symlinked
10um,train,P0/C1_HF_5_10_10um_doublet/HFocusing_5_10_10um_0_685.npy,particles2SNR_pipeline/output/p0_c1_particles2SNR_staging/train/10um/HFocusing_5_10_10um_0_685.npy,symlinked
10um,train,P0/C1_HF_5_10_10um_doublet/HFocusing_5_10_10um_0_686.npy,particles2SNR_pipeline/output/p0_c1_particles2SNR_staging/train/10um/HFocusing_5_10_10um_0_686.npy,symlinked
10um,test,P0/C1_HF_5_10_10um_doublet/HFocusing_5_10_10um_0_689.npy,particles2SNR_pipeline/output/p0_c1_particles2SNR_staging/test/10um/HFocusing_5_10_10um_0_689.npy,symlinked
10um,train,P0/C1_HF_5_10_10um_doublet/HFocusing_5_10_10um_0_69.npy,particles2SNR_pipeline/output/p0_c1_particles2SNR_staging/train/10um/HFocusing_5_10_10um_0_69.npy,symlinked
10um,test,P0/C1_HF_5_10_10um_doublet/HFocusing_5_10_10um_0_692.npy,particles2SNR_pipeline/output/p0_c1_particles2SNR_staging/test/10um/HFocusing_5_10_10um_0_692.npy,symlinked
10um,train,P0/C1_HF_5_10_10um_doublet/HFocusing_5_10_10um_0_695.npy,particles2SNR_pipeline/output/p0_c1_particles2SNR_staging/train/10um/HFocusing_5_10_10um_0_695.npy,symlinked
10um,test,P0/C1_HF_5_10_10um_doublet/HFocusing_5_10_10um_0_698.npy,particles2SNR_pipeline/output/p0_c1_particles2SNR_staging/test/10um/HFocusing_5_10_10um_0_698.npy,symlinked
10um,train,P0/C1_HF_5_10_10um_doublet/HFocusing_5_10_10um_0_701.npy,particles2SNR_pipeline/output/p0_c1_particles2SNR_staging/train/10um/HFocusing_5_10_10um_0_701.npy,symlinked
10um,train,P0/C1_HF_5_10_10um_doublet/HFocusing_5_10_10um_0_704.npy,particles2SNR_pipeline/output/p0_c1_particles2SNR_staging/train/10um/HFocusing_5_10_10um_0_704.npy,symlinked
10um,train,P0/C1_HF_5_10_10um_doublet/HFocusing_5_10_10um_0_707.npy,particles2SNR_pipeline/output/p0_c1_particles2SNR_staging/train/10um/HFocusing_5_10_10um_0_707.npy,symlinked
10um,train,P0/C1_HF_5_10_10um_doublet/HFocusing_5_10_10um_0_710.npy,particles2SNR_pipeline/output/p0_c1_particles2SNR_staging/train/10um/HFocusing_5_10_10um_0_710.npy,symlinked
10um,train,P0/C1_HF_5_10_10um_doublet/HFocusing_5_10_10um_0_713.npy,particles2SNR_pipeline/output/p0_c1_particles2SNR_staging/train/10um/HFocusing_5_10_10um_0_713.npy,symlinked
10um,train,P0/C1_HF_5_10_10um_doublet/HFocusing_5_10_10um_0_714.npy,particles2SNR_pipeline/output/p0_c1_particles2SNR_staging/train/10um/HFocusing_5_10_10um_0_714.npy,symlinked
10um,test,P0/C1_HF_5_10_10um_doublet/HFocusing_5_10_10um_0_717.npy,particles2SNR_pipeline/output/p0_c1_particles2SNR_staging/test/10um/HFocusing_5_10_10um_0_717.npy,symlinked
10um,train,P0/C1_HF_5_10_10um_doublet/HFocusing_5_10_10um_0_718.npy,particles2SNR_pipeline/output/p0_c1_particles2SNR_staging/train/10um/HFocusing_5_10_10um_0_718.npy,symlinked
10um,train,P0/C1_HF_5_10_10um_doublet/HFocusing_5_10_10um_0_72.npy,particles2SNR_pipeline/output/p0_c1_particles2SNR_staging/train/10um/HFocusing_5_10_10um_0_72.npy,symlinked
10um,train,P0/C1_HF_5_10_10um_doublet/HFocusing_5_10_10um_0_721.npy,particles2SNR_pipeline/output/p0_c1_particles2SNR_staging/train/10um/HFocusing_5_10_10um_0_721.npy,symlinked
10um,train,P0/C1_HF_5_10_10um_doublet/HFocusing_5_10_10um_0_722.npy,particles2SNR_pipeline/output/p0_c1_particles2SNR_staging/train/10um/HFocusing_5_10_10um_0_722.npy,symlinked
10um,train,P0/C1_HF_5_10_10um_doublet/HFocusing_5_10_10um_0_725.npy,particles2SNR_pipeline/output/p0_c1_particles2SNR_staging/train/10um/HFocusing_5_10_10um_0_725.npy,symlinked
10um,test,P0/C1_HF_5_10_10um_doublet/HFocusing_5_10_10um_0_727.npy,particles2SNR_pipeline/output/p0_c1_particles2SNR_staging/test/10um/HFocusing_5_10_10um_0_727.npy,symlinked
10um,train,P0/C1_HF_5_10_10um_doublet/HFocusing_5_10_10um_0_728.npy,particles2SNR_pipeline/output/p0_c1_particles2SNR_staging/train/10um/HFocusing_5_10_10um_0_728.npy,symlinked
10um,test,P0/C1_HF_5_10_10um_doublet/HFocusing_5_10_10um_0_73.npy,particles2SNR_pipeline/output/p0_c1_particles2SNR_staging/test/10um/HFocusing_5_10_10um_0_73.npy,symlinked
10um,train,P0/C1_HF_5_10_10um_doublet/HFocusing_5_10_10um_0_731.npy,particles2SNR_pipeline/output/p0_c1_particles2SNR_staging/train/10um/HFocusing_5_10_10um_0_731.npy,symlinked
10um,train,P0/C1_HF_5_10_10um_doublet/HFocusing_5_10_10um_0_734.npy,particles2SNR_pipeline/output/p0_c1_particles2SNR_staging/train/10um/HFocusing_5_10_10um_0_734.npy,symlinked
10um,train,P0/C1_HF_5_10_10um_doublet/HFocusing_5_10_10um_0_737.npy,particles2SNR_pipeline/output/p0_c1_particles2SNR_staging/train/10um/HFocusing_5_10_10um_0_737.npy,symlinked
10um,train,P0/C1_HF_5_10_10um_doublet/HFocusing_5_10_10um_0_740.npy,particles2SNR_pipeline/output/p0_c1_particles2SNR_staging/train/10um/HFocusing_5_10_10um_0_740.npy,symlinked
10um,train,P0/C1_HF_5_10_10um_doublet/HFocusing_5_10_10um_0_741.npy,particles2SNR_pipeline/output/p0_c1_particles2SNR_staging/train/10um/HFocusing_5_10_10um_0_741.npy,symlinked
10um,train,P0/C1_HF_5_10_10um_doublet/HFocusing_5_10_10um_0_744.npy,particles2SNR_pipeline/output/p0_c1_particles2SNR_staging/train/10um/HFocusing_5_10_10um_0_744.npy,symlinked
10um,train,P0/C1_HF_5_10_10um_doublet/HFocusing_5_10_10um_0_745.npy,particles2SNR_pipeline/output/p0_c1_particles2SNR_staging/train/10um/HFocusing_5_10_10um_0_745.npy,symlinked
10um,train,P0/C1_HF_5_10_10um_doublet/HFocusing_5_10_10um_0_748.npy,particles2SNR_pipeline/output/p0_c1_particles2SNR_staging/train/10um/HFocusing_5_10_10um_0_748.npy,symlinked
10um,train,P0/C1_HF_5_10_10um_doublet/HFocusing_5_10_10um_0_749.npy,particles2SNR_pipeline/output/p0_c1_particles2SNR_staging/train/10um/HFocusing_5_10_10um_0_749.npy,symlinked
10um,train,P0/C1_HF_5_10_10um_doublet/HFocusing_5_10_10um_0_75.npy,particles2SNR_pipeline/output/p0_c1_particles2SNR_staging/train/10um/HFocusing_5_10_10um_0_75.npy,symlinked
10um,train,P0/C1_HF_5_10_10um_doublet/HFocusing_5_10_10um_0_753.npy,particles2SNR_pipeline/output/p0_c1_particles2SNR_staging/train/10um/HFocusing_5_10_10um_0_753.npy,symlinked
10um,train,P0/C1_HF_5_10_10um_doublet/HFocusing_5_10_10um_0_756.npy,particles2SNR_pipeline/output/p0_c1_particles2SNR_staging/train/10um/HFocusing_5_10_10um_0_756.npy,symlinked
10um,test,P0/C1_HF_5_10_10um_doublet/HFocusing_5_10_10um_0_757.npy,particles2SNR_pipeline/output/p0_c1_particles2SNR_staging/test/10um/HFocusing_5_10_10um_0_757.npy,symlinked
10um,train,P0/C1_HF_5_10_10um_doublet/HFocusing_5_10_10um_0_76.npy,particles2SNR_pipeline/output/p0_c1_particles2SNR_staging/train/10um/HFocusing_5_10_10um_0_76.npy,symlinked
10um,test,P0/C1_HF_5_10_10um_doublet/HFocusing_5_10_10um_0_760.npy,particles2SNR_pipeline/output/p0_c1_particles2SNR_staging/test/10um/HFocusing_5_10_10um_0_760.npy,symlinked
10um,train,P0/C1_HF_5_10_10um_doublet/HFocusing_5_10_10um_0_761.npy,particles2SNR_pipeline/output/p0_c1_particles2SNR_staging/train/10um/HFocusing_5_10_10um_0_761.npy,symlinked
10um,train,P0/C1_HF_5_10_10um_doublet/HFocusing_5_10_10um_0_765.npy,particles2SNR_pipeline/output/p0_c1_particles2SNR_staging/train/10um/HFocusing_5_10_10um_0_765.npy,symlinked
10um,train,P0/C1_HF_5_10_10um_doublet/HFocusing_5_10_10um_0_768.npy,particles2SNR_pipeline/output/p0_c1_particles2SNR_staging/train/10um/HFocusing_5_10_10um_0_768.npy,symlinked
10um,train,P0/C1_HF_5_10_10um_doublet/HFocusing_5_10_10um_0_769.npy,particles2SNR_pipeline/output/p0_c1_particles2SNR_staging/train/10um/HFocusing_5_10_10um_0_769.npy,symlinked
10um,train,P0/C1_HF_5_10_10um_doublet/HFocusing_5_10_10um_0_772.npy,particles2SNR_pipeline/output/p0_c1_particles2SNR_staging/train/10um/HFocusing_5_10_10um_0_772.npy,symlinked
10um,test,P0/C1_HF_5_10_10um_doublet/HFocusing_5_10_10um_0_775.npy,particles2SNR_pipeline/output/p0_c1_particles2SNR_staging/test/10um/HFocusing_5_10_10um_0_775.npy,symlinked
10um,train,P0/C1_HF_5_10_10um_doublet/HFocusing_5_10_10um_0_778.npy,particles2SNR_pipeline/output/p0_c1_particles2SNR_staging/train/10um/HFocusing_5_10_10um_0_778.npy,symlinked
10um,train,P0/C1_HF_5_10_10um_doublet/HFocusing_5_10_10um_0_779.npy,particles2SNR_pipeline/output/p0_c1_particles2SNR_staging/train/10um/HFocusing_5_10_10um_0_779.npy,symlinked
10um,train,P0/C1_HF_5_10_10um_doublet/HFocusing_5_10_10um_0_782.npy,particles2SNR_pipeline/output/p0_c1_particles2SNR_staging/train/10um/HFocusing_5_10_10um_0_782.npy,symlinked
10um,train,P0/C1_HF_5_10_10um_doublet/HFocusing_5_10_10um_0_785.npy,particles2SNR_pipeline/output/p0_c1_particles2SNR_staging/train/10um/HFocusing_5_10_10um_0_785.npy,symlinked
10um,test,P0/C1_HF_5_10_10um_doublet/HFocusing_5_10_10um_0_788.npy,particles2SNR_pipeline/output/p0_c1_particles2SNR_staging/test/10um/HFocusing_5_10_10um_0_788.npy,symlinked
10um,train,P0/C1_HF_5_10_10um_doublet/HFocusing_5_10_10um_0_79.npy,particles2SNR_pipeline/output/p0_c1_particles2SNR_staging/train/10um/HFocusing_5_10_10um_0_79.npy,symlinked
10um,train,P0/C1_HF_5_10_10um_doublet/HFocusing_5_10_10um_0_791.npy,particles2SNR_pipeline/output/p0_c1_particles2SNR_staging/train/10um/HFocusing_5_10_10um_0_791.npy,symlinked
10um,train,P0/C1_HF_5_10_10um_doublet/HFocusing_5_10_10um_0_793.npy,particles2SNR_pipeline/output/p0_c1_particles2SNR_staging/train/10um/HFocusing_5_10_10um_0_793.npy,symlinked
10um,train,P0/C1_HF_5_10_10um_doublet/HFocusing_5_10_10um_0_794.npy,particles2SNR_pipeline/output/p0_c1_particles2SNR_staging/train/10um/HFocusing_5_10_10um_0_794.npy,symlinked
10um,train,P0/C1_HF_5_10_10um_doublet/HFocusing_5_10_10um_0_797.npy,particles2SNR_pipeline/output/p0_c1_particles2SNR_staging/train/10um/HFocusing_5_10_10um_0_797.npy,symlinked
10um,train,P0/C1_HF_5_10_10um_doublet/HFocusing_5_10_10um_0_8.npy,particles2SNR_pipeline/output/p0_c1_particles2SNR_staging/train/10um/HFocusing_5_10_10um_0_8.npy,symlinked
10um,train,P0/C1_HF_5_10_10um_doublet/HFocusing_5_10_10um_0_800.npy,particles2SNR_pipeline/output/p0_c1_particles2SNR_staging/train/10um/HFocusing_5_10_10um_0_800.npy,symlinked
10um,train,P0/C1_HF_5_10_10um_doublet/HFocusing_5_10_10um_0_803.npy,particles2SNR_pipeline/output/p0_c1_particles2SNR_staging/train/10um/HFocusing_5_10_10um_0_803.npy,symlinked
10um,train,P0/C1_HF_5_10_10um_doublet/HFocusing_5_10_10um_0_806.npy,particles2SNR_pipeline/output/p0_c1_particles2SNR_staging/train/10um/HFocusing_5_10_10um_0_806.npy,symlinked
10um,test,P0/C1_HF_5_10_10um_doublet/HFocusing_5_10_10um_0_810.npy,particles2SNR_pipeline/output/p0_c1_particles2SNR_staging/test/10um/HFocusing_5_10_10um_0_810.npy,symlinked
10um,train,P0/C1_HF_5_10_10um_doublet/HFocusing_5_10_10um_0_813.npy,particles2SNR_pipeline/output/p0_c1_particles2SNR_staging/train/10um/HFocusing_5_10_10um_0_813.npy,symlinked
10um,train,P0/C1_HF_5_10_10um_doublet/HFocusing_5_10_10um_0_815.npy,particles2SNR_pipeline/output/p0_c1_particles2SNR_staging/train/10um/HFocusing_5_10_10um_0_815.npy,symlinked
10um,train,P0/C1_HF_5_10_10um_doublet/HFocusing_5_10_10um_0_816.npy,particles2SNR_pipeline/output/p0_c1_particles2SNR_staging/train/10um/HFocusing_5_10_10um_0_816.npy,symlinked
10um,train,P0/C1_HF_5_10_10um_doublet/HFocusing_5_10_10um_0_819.npy,particles2SNR_pipeline/output/p0_c1_particles2SNR_staging/train/10um/HFocusing_5_10_10um_0_819.npy,symlinked
10um,train,P0/C1_HF_5_10_10um_doublet/HFocusing_5_10_10um_0_82.npy,particles2SNR_pipeline/output/p0_c1_particles2SNR_staging/train/10um/HFocusing_5_10_10um_0_82.npy,symlinked
10um,test,P0/C1_HF_5_10_10um_doublet/HFocusing_5_10_10um_0_822.npy,particles2SNR_pipeline/output/p0_c1_particles2SNR_staging/test/10um/HFocusing_5_10_10um_0_822.npy,symlinked
10um,train,P0/C1_HF_5_10_10um_doublet/HFocusing_5_10_10um_0_823.npy,particles2SNR_pipeline/output/p0_c1_particles2SNR_staging/train/10um/HFocusing_5_10_10um_0_823.npy,symlinked
10um,test,P0/C1_HF_5_10_10um_doublet/HFocusing_5_10_10um_0_826.npy,particles2SNR_pipeline/output/p0_c1_particles2SNR_staging/test/10um/HFocusing_5_10_10um_0_826.npy,symlinked
10um,train,P0/C1_HF_5_10_10um_doublet/HFocusing_5_10_10um_0_827.npy,particles2SNR_pipeline/output/p0_c1_particles2SNR_staging/train/10um/HFocusing_5_10_10um_0_827.npy,symlinked
10um,train,P0/C1_HF_5_10_10um_doublet/HFocusing_5_10_10um_0_830.npy,particles2SNR_pipeline/output/p0_c1_particles2SNR_staging/train/10um/HFocusing_5_10_10um_0_830.npy,symlinked
10um,train,P0/C1_HF_5_10_10um_doublet/HFocusing_5_10_10um_0_832.npy,particles2SNR_pipeline/output/p0_c1_particles2SNR_staging/train/10um/HFocusing_5_10_10um_0_832.npy,symlinked
10um,train,P0/C1_HF_5_10_10um_doublet/HFocusing_5_10_10um_0_833.npy,particles2SNR_pipeline/output/p0_c1_particles2SNR_staging/train/10um/HFocusing_5_10_10um_0_833.npy,symlinked
10um,test,P0/C1_HF_5_10_10um_doublet/HFocusing_5_10_10um_0_836.npy,particles2SNR_pipeline/output/p0_c1_particles2SNR_staging/test/10um/HFocusing_5_10_10um_0_836.npy,symlinked
10um,train,P0/C1_HF_5_10_10um_doublet/HFocusing_5_10_10um_0_837.npy,particles2SNR_pipeline/output/p0_c1_particles2SNR_staging/train/10um/HFocusing_5_10_10um_0_837.npy,symlinked
10um,train,P0/C1_HF_5_10_10um_doublet/HFocusing_5_10_10um_0_840.npy,particles2SNR_pipeline/output/p0_c1_particles2SNR_staging/train/10um/HFocusing_5_10_10um_0_840.npy,symlinked
10um,train,P0/C1_HF_5_10_10um_doublet/HFocusing_5_10_10um_0_843.npy,particles2SNR_pipeline/output/p0_c1_particles2SNR_staging/train/10um/HFocusing_5_10_10um_0_843.npy,symlinked
10um,train,P0/C1_HF_5_10_10um_doublet/HFocusing_5_10_10um_0_846.npy,particles2SNR_pipeline/output/p0_c1_particles2SNR_staging/train/10um/HFocusing_5_10_10um_0_846.npy,symlinked
10um,test,P0/C1_HF_5_10_10um_doublet/HFocusing_5_10_10um_0_847.npy,particles2SNR_pipeline/output/p0_c1_particles2SNR_staging/test/10um/HFocusing_5_10_10um_0_847.npy,symlinked
10um,test,P0/C1_HF_5_10_10um_doublet/HFocusing_5_10_10um_0_85.npy,particles2SNR_pipeline/output/p0_c1_particles2SNR_staging/test/10um/HFocusing_5_10_10um_0_85.npy,symlinked
10um,train,P0/C1_HF_5_10_10um_doublet/HFocusing_5_10_10um_0_850.npy,particles2SNR_pipeline/output/p0_c1_particles2SNR_staging/train/10um/HFocusing_5_10_10um_0_850.npy,symlinked
10um,train,P0/C1_HF_5_10_10um_doublet/HFocusing_5_10_10um_0_853.npy,particles2SNR_pipeline/output/p0_c1_particles2SNR_staging/train/10um/HFocusing_5_10_10um_0_853.npy,symlinked
10um,train,P0/C1_HF_5_10_10um_doublet/HFocusing_5_10_10um_0_857.npy,particles2SNR_pipeline/output/p0_c1_particles2SNR_staging/train/10um/HFocusing_5_10_10um_0_857.npy,symlinked
10um,test,P0/C1_HF_5_10_10um_doublet/HFocusing_5_10_10um_0_86.npy,particles2SNR_pipeline/output/p0_c1_particles2SNR_staging/test/10um/HFocusing_5_10_10um_0_86.npy,symlinked
10um,train,P0/C1_HF_5_10_10um_doublet/HFocusing_5_10_10um_0_860.npy,particles2SNR_pipeline/output/p0_c1_particles2SNR_staging/train/10um/HFocusing_5_10_10um_0_860.npy,symlinked
10um,test,P0/C1_HF_5_10_10um_doublet/HFocusing_5_10_10um_0_862.npy,particles2SNR_pipeline/output/p0_c1_particles2SNR_staging/test/10um/HFocusing_5_10_10um_0_862.npy,symlinked
10um,train,P0/C1_HF_5_10_10um_doublet/HFocusing_5_10_10um_0_863.npy,particles2SNR_pipeline/output/p0_c1_particles2SNR_staging/train/10um/HFocusing_5_10_10um_0_863.npy,symlinked
10um,train,P0/C1_HF_5_10_10um_doublet/HFocusing_5_10_10um_0_866.npy,particles2SNR_pipeline/output/p0_c1_particles2SNR_staging/train/10um/HFocusing_5_10_10um_0_866.npy,symlinked
10um,train,P0/C1_HF_5_10_10um_doublet/HFocusing_5_10_10um_0_867.npy,particles2SNR_pipeline/output/p0_c1_particles2SNR_staging/train/10um/HFocusing_5_10_10um_0_867.npy,symlinked
10um,test,P0/C1_HF_5_10_10um_doublet/HFocusing_5_10_10um_0_870.npy,particles2SNR_pipeline/output/p0_c1_particles2SNR_staging/test/10um/HFocusing_5_10_10um_0_870.npy,symlinked
10um,test,P0/C1_HF_5_10_10um_doublet/HFocusing_5_10_10um_0_873.npy,particles2SNR_pipeline/output/p0_c1_particles2SNR_staging/test/10um/HFocusing_5_10_10um_0_873.npy,symlinked
10um,test,P0/C1_HF_5_10_10um_doublet/HFocusing_5_10_10um_0_876.npy,particles2SNR_pipeline/output/p0_c1_particles2SNR_staging/test/10um/HFocusing_5_10_10um_0_876.npy,symlinked
10um,test,P0/C1_HF_5_10_10um_doublet/HFocusing_5_10_10um_0_878.npy,particles2SNR_pipeline/output/p0_c1_particles2SNR_staging/test/10um/HFocusing_5_10_10um_0_878.npy,symlinked
10um,train,P0/C1_HF_5_10_10um_doublet/HFocusing_5_10_10um_0_879.npy,particles2SNR_pipeline/output/p0_c1_particles2SNR_staging/train/10um/HFocusing_5_10_10um_0_879.npy,symlinked
10um,train,P0/C1_HF_5_10_10um_doublet/HFocusing_5_10_10um_0_882.npy,particles2SNR_pipeline/output/p0_c1_particles2SNR_staging/train/10um/HFocusing_5_10_10um_0_882.npy,symlinked
10um,train,P0/C1_HF_5_10_10um_doublet/HFocusing_5_10_10um_0_885.npy,particles2SNR_pipeline/output/p0_c1_particles2SNR_staging/train/10um/HFocusing_5_10_10um_0_885.npy,symlinked
10um,test,P0/C1_HF_5_10_10um_doublet/HFocusing_5_10_10um_0_888.npy,particles2SNR_pipeline/output/p0_c1_particles2SNR_staging/test/10um/HFocusing_5_10_10um_0_888.npy,symlinked
10um,test,P0/C1_HF_5_10_10um_doublet/HFocusing_5_10_10um_0_889.npy,particles2SNR_pipeline/output/p0_c1_particles2SNR_staging/test/10um/HFocusing_5_10_10um_0_889.npy,symlinked
10um,test,P0/C1_HF_5_10_10um_doublet/HFocusing_5_10_10um_0_89.npy,particles2SNR_pipeline/output/p0_c1_particles2SNR_staging/test/10um/HFocusing_5_10_10um_0_89.npy,symlinked
10um,test,P0/C1_HF_5_10_10um_doublet/HFocusing_5_10_10um_0_891.npy,particles2SNR_pipeline/output/p0_c1_particles2SNR_staging/test/10um/HFocusing_5_10_10um_0_891.npy,symlinked
10um,test,P0/C1_HF_5_10_10um_doublet/HFocusing_5_10_10um_0_892.npy,particles2SNR_pipeline/output/p0_c1_particles2SNR_staging/test/10um/HFocusing_5_10_10um_0_892.npy,symlinked
10um,train,P0/C1_HF_5_10_10um_doublet/HFocusing_5_10_10um_0_895.npy,particles2SNR_pipeline/output/p0_c1_particles2SNR_staging/train/10um/HFocusing_5_10_10um_0_895.npy,symlinked
10um,train,P0/C1_HF_5_10_10um_doublet/HFocusing_5_10_10um_0_898.npy,particles2SNR_pipeline/output/p0_c1_particles2SNR_staging/train/10um/HFocusing_5_10_10um_0_898.npy,symlinked
10um,train,P0/C1_HF_5_10_10um_doublet/HFocusing_5_10_10um_0_899.npy,particles2SNR_pipeline/output/p0_c1_particles2SNR_staging/train/10um/HFocusing_5_10_10um_0_899.npy,symlinked
10um,train,P0/C1_HF_5_10_10um_doublet/HFocusing_5_10_10um_0_90.npy,particles2SNR_pipeline/output/p0_c1_particles2SNR_staging/train/10um/HFocusing_5_10_10um_0_90.npy,symlinked
10um,test,P0/C1_HF_5_10_10um_doublet/HFocusing_5_10_10um_0_902.npy,particles2SNR_pipeline/output/p0_c1_particles2SNR_staging/test/10um/HFocusing_5_10_10um_0_902.npy,symlinked
10um,train,P0/C1_HF_5_10_10um_doublet/HFocusing_5_10_10um_0_905.npy,particles2SNR_pipeline/output/p0_c1_particles2SNR_staging/train/10um/HFocusing_5_10_10um_0_905.npy,symlinked
10um,train,P0/C1_HF_5_10_10um_doublet/HFocusing_5_10_10um_0_908.npy,particles2SNR_pipeline/output/p0_c1_particles2SNR_staging/train/10um/HFocusing_5_10_10um_0_908.npy,symlinked
10um,train,P0/C1_HF_5_10_10um_doublet/HFocusing_5_10_10um_0_909.npy,particles2SNR_pipeline/output/p0_c1_particles2SNR_staging/train/10um/HFocusing_5_10_10um_0_909.npy,symlinked
10um,train,P0/C1_HF_5_10_10um_doublet/HFocusing_5_10_10um_0_912.npy,particles2SNR_pipeline/output/p0_c1_particles2SNR_staging/train/10um/HFocusing_5_10_10um_0_912.npy,symlinked
10um,train,P0/C1_HF_5_10_10um_doublet/HFocusing_5_10_10um_0_913.npy,particles2SNR_pipeline/output/p0_c1_particles2SNR_staging/train/10um/HFocusing_5_10_10um_0_913.npy,symlinked
10um,train,P0/C1_HF_5_10_10um_doublet/HFocusing_5_10_10um_0_916.npy,particles2SNR_pipeline/output/p0_c1_particles2SNR_staging/train/10um/HFocusing_5_10_10um_0_916.npy,symlinked
10um,train,P0/C1_HF_5_10_10um_doublet/HFocusing_5_10_10um_0_917.npy,particles2SNR_pipeline/output/p0_c1_particles2SNR_staging/train/10um/HFocusing_5_10_10um_0_917.npy,symlinked
10um,test,P0/C1_HF_5_10_10um_doublet/HFocusing_5_10_10um_0_920.npy,particles2SNR_pipeline/output/p0_c1_particles2SNR_staging/test/10um/HFocusing_5_10_10um_0_920.npy,symlinked
10um,train,P0/C1_HF_5_10_10um_doublet/HFocusing_5_10_10um_0_923.npy,particles2SNR_pipeline/output/p0_c1_particles2SNR_staging/train/10um/HFocusing_5_10_10um_0_923.npy,symlinked
10um,train,P0/C1_HF_5_10_10um_doublet/HFocusing_5_10_10um_0_926.npy,particles2SNR_pipeline/output/p0_c1_particles2SNR_staging/train/10um/HFocusing_5_10_10um_0_926.npy,symlinked
10um,train,P0/C1_HF_5_10_10um_doublet/HFocusing_5_10_10um_0_927.npy,particles2SNR_pipeline/output/p0_c1_particles2SNR_staging/train/10um/HFocusing_5_10_10um_0_927.npy,symlinked
10um,train,P0/C1_HF_5_10_10um_doublet/HFocusing_5_10_10um_0_93.npy,particles2SNR_pipeline/output/p0_c1_particles2SNR_staging/train/10um/HFocusing_5_10_10um_0_93.npy,symlinked
10um,train,P0/C1_HF_5_10_10um_doublet/HFocusing_5_10_10um_0_930.npy,particles2SNR_pipeline/output/p0_c1_particles2SNR_staging/train/10um/HFocusing_5_10_10um_0_930.npy,symlinked
10um,train,P0/C1_HF_5_10_10um_doublet/HFocusing_5_10_10um_0_932.npy,particles2SNR_pipeline/output/p0_c1_particles2SNR_staging/train/10um/HFocusing_5_10_10um_0_932.npy,symlinked
10um,test,P0/C1_HF_5_10_10um_doublet/HFocusing_5_10_10um_0_933.npy,particles2SNR_pipeline/output/p0_c1_particles2SNR_staging/test/10um/HFocusing_5_10_10um_0_933.npy,symlinked
10um,train,P0/C1_HF_5_10_10um_doublet/HFocusing_5_10_10um_0_936.npy,particles2SNR_pipeline/output/p0_c1_particles2SNR_staging/train/10um/HFocusing_5_10_10um_0_936.npy,symlinked
10um,train,P0/C1_HF_5_10_10um_doublet/HFocusing_5_10_10um_0_939.npy,particles2SNR_pipeline/output/p0_c1_particles2SNR_staging/train/10um/HFocusing_5_10_10um_0_939.npy,symlinked
10um,train,P0/C1_HF_5_10_10um_doublet/HFocusing_5_10_10um_0_942.npy,particles2SNR_pipeline/output/p0_c1_particles2SNR_staging/train/10um/HFocusing_5_10_10um_0_942.npy,symlinked
10um,test,P0/C1_HF_5_10_10um_doublet/HFocusing_5_10_10um_0_943.npy,particles2SNR_pipeline/output/p0_c1_particles2SNR_staging/test/10um/HFocusing_5_10_10um_0_943.npy,symlinked
10um,test,P0/C1_HF_5_10_10um_doublet/HFocusing_5_10_10um_0_945.npy,particles2SNR_pipeline/output/p0_c1_particles2SNR_staging/test/10um/HFocusing_5_10_10um_0_945.npy,symlinked
10um,test,P0/C1_HF_5_10_10um_doublet/HFocusing_5_10_10um_0_946.npy,particles2SNR_pipeline/output/p0_c1_particles2SNR_staging/test/10um/HFocusing_5_10_10um_0_946.npy,symlinked
10um,train,P0/C1_HF_5_10_10um_doublet/HFocusing_5_10_10um_0_948.npy,particles2SNR_pipeline/output/p0_c1_particles2SNR_staging/train/10um/HFocusing_5_10_10um_0_948.npy,symlinked
10um,train,P0/C1_HF_5_10_10um_doublet/HFocusing_5_10_10um_0_949.npy,particles2SNR_pipeline/output/p0_c1_particles2SNR_staging/train/10um/HFocusing_5_10_10um_0_949.npy,symlinked
10um,train,P0/C1_HF_5_10_10um_doublet/HFocusing_5_10_10um_0_952.npy,particles2SNR_pipeline/output/p0_c1_particles2SNR_staging/train/10um/HFocusing_5_10_10um_0_952.npy,symlinked
10um,train,P0/C1_HF_5_10_10um_doublet/HFocusing_5_10_10um_0_955.npy,particles2SNR_pipeline/output/p0_c1_particles2SNR_staging/train/10um/HFocusing_5_10_10um_0_955.npy,symlinked
10um,train,P0/C1_HF_5_10_10um_doublet/HFocusing_5_10_10um_0_956.npy,particles2SNR_pipeline/output/p0_c1_particles2SNR_staging/train/10um/HFocusing_5_10_10um_0_956.npy,symlinked
10um,train,P0/C1_HF_5_10_10um_doublet/HFocusing_5_10_10um_0_959.npy,particles2SNR_pipeline/output/p0_c1_particles2SNR_staging/train/10um/HFocusing_5_10_10um_0_959.npy,symlinked
10um,train,P0/C1_HF_5_10_10um_doublet/HFocusing_5_10_10um_0_96.npy,particles2SNR_pipeline/output/p0_c1_particles2SNR_staging/train/10um/HFocusing_5_10_10um_0_96.npy,symlinked
10um,train,P0/C1_HF_5_10_10um_doublet/HFocusing_5_10_10um_0_961.npy,particles2SNR_pipeline/output/p0_c1_particles2SNR_staging/train/10um/HFocusing_5_10_10um_0_961.npy,symlinked
10um,train,P0/C1_HF_5_10_10um_doublet/HFocusing_5_10_10um_0_962.npy,particles2SNR_pipeline/output/p0_c1_particles2SNR_staging/train/10um/HFocusing_5_10_10um_0_962.npy,symlinked
10um,train,P0/C1_HF_5_10_10um_doublet/HFocusing_5_10_10um_0_965.npy,particles2SNR_pipeline/output/p0_c1_particles2SNR_staging/train/10um/HFocusing_5_10_10um_0_965.npy,symlinked
10um,test,P0/C1_HF_5_10_10um_doublet/HFocusing_5_10_10um_0_966.npy,particles2SNR_pipeline/output/p0_c1_particles2SNR_staging/test/10um/HFocusing_5_10_10um_0_966.npy,symlinked
10um,train,P0/C1_HF_5_10_10um_doublet/HFocusing_5_10_10um_0_969.npy,particles2SNR_pipeline/output/p0_c1_particles2SNR_staging/train/10um/HFocusing_5_10_10um_0_969.npy,symlinked
10um,train,P0/C1_HF_5_10_10um_doublet/HFocusing_5_10_10um_0_97.npy,particles2SNR_pipeline/output/p0_c1_particles2SNR_staging/train/10um/HFocusing_5_10_10um_0_97.npy,symlinked
10um,train,P0/C1_HF_5_10_10um_doublet/HFocusing_5_10_10um_0_972.npy,particles2SNR_pipeline/output/p0_c1_particles2SNR_staging/train/10um/HFocusing_5_10_10um_0_972.npy,symlinked
10um,train,P0/C1_HF_5_10_10um_doublet/HFocusing_5_10_10um_0_975.npy,particles2SNR_pipeline/output/p0_c1_particles2SNR_staging/train/10um/HFocusing_5_10_10um_0_975.npy,symlinked
10um,train,P0/C1_HF_5_10_10um_doublet/HFocusing_5_10_10um_0_978.npy,particles2SNR_pipeline/output/p0_c1_particles2SNR_staging/train/10um/HFocusing_5_10_10um_0_978.npy,symlinked
10um,train,P0/C1_HF_5_10_10um_doublet/HFocusing_5_10_10um_0_979.npy,particles2SNR_pipeline/output/p0_c1_particles2SNR_staging/train/10um/HFocusing_5_10_10um_0_979.npy,symlinked
10um,train,P0/C1_HF_5_10_10um_doublet/HFocusing_5_10_10um_0_982.npy,particles2SNR_pipeline/output/p0_c1_particles2SNR_staging/train/10um/HFocusing_5_10_10um_0_982.npy,symlinked
10um,train,P0/C1_HF_5_10_10um_doublet/HFocusing_5_10_10um_0_985.npy,particles2SNR_pipeline/output/p0_c1_particles2SNR_staging/train/10um/HFocusing_5_10_10um_0_985.npy,symlinked
10um,train,P0/C1_HF_5_10_10um_doublet/HFocusing_5_10_10um_0_988.npy,particles2SNR_pipeline/output/p0_c1_particles2SNR_staging/train/10um/HFocusing_5_10_10um_0_988.npy,symlinked
10um,train,P0/C1_HF_5_10_10um_doublet/HFocusing_5_10_10um_0_991.npy,particles2SNR_pipeline/output/p0_c1_particles2SNR_staging/train/10um/HFocusing_5_10_10um_0_991.npy,symlinked
10um,train,P0/C1_HF_5_10_10um_doublet/HFocusing_5_10_10um_0_994.npy,particles2SNR_pipeline/output/p0_c1_particles2SNR_staging/train/10um/HFocusing_5_10_10um_0_994.npy,symlinked
10um,train,P0/C1_HF_5_10_10um_doublet/HFocusing_5_10_10um_0_997.npy,particles2SNR_pipeline/output/p0_c1_particles2SNR_staging/train/10um/HFocusing_5_10_10um_0_997.npy,symlinked
10um,train,P0/C1_HF_5_10_10um_doublet/HFocusing_5_10_10um_0_999.npy,particles2SNR_pipeline/output/p0_c1_particles2SNR_staging/train/10um/HFocusing_5_10_10um_0_999.npy,symlinked
10um,train,P0/C1_HF_5_10_10um_doublet/HFocusing_5_10_10um_Calib_75.2792_0_1.npy,particles2SNR_pipeline/output/p0_c1_particles2SNR_staging/train/10um/HFocusing_5_10_10um_Calib_75.2792_0_1.npy,symlinked
10um,train,P0/C1_HF_5_10_10um_doublet/HFocusing_5_10_10um_Calib_75.2897_0_1.npy,particles2SNR_pipeline/output/p0_c1_particles2SNR_staging/train/10um/HFocusing_5_10_10um_Calib_75.2897_0_1.npy,symlinked
10um,train,P0/C1_HF_5_10_10um_doublet/HFocusing_5_10_10um_Calib_75.3004_0_1.npy,particles2SNR_pipeline/output/p0_c1_particles2SNR_staging/train/10um/HFocusing_5_10_10um_Calib_75.3004_0_1.npy,symlinked
10um,train,P0/C1_HF_5_10_10um_doublet/HFocusing_5_10_10um_Calib_75.3004_0_4.npy,particles2SNR_pipeline/output/p0_c1_particles2SNR_staging/train/10um/HFocusing_5_10_10um_Calib_75.3004_0_4.npy,symlinked
10um,train,P0/C1_HF_5_10_10um_doublet/HFocusing_5_10_10um_Calib_75.3004_0_6.npy,particles2SNR_pipeline/output/p0_c1_particles2SNR_staging/train/10um/HFocusing_5_10_10um_Calib_75.3004_0_6.npy,symlinked
10um,test,P0/C1_HF_5_10_10um_doublet/HFocusing_5_10_10um_Calib_75.3004_0_7.npy,particles2SNR_pipeline/output/p0_c1_particles2SNR_staging/test/10um/HFocusing_5_10_10um_Calib_75.3004_0_7.npy,symlinked
10um,train,P0/C1_HF_5_10_10um_doublet/HFocusing_5_10_10um_Calib_75.311_0_1.npy,particles2SNR_pipeline/output/p0_c1_particles2SNR_staging/train/10um/HFocusing_5_10_10um_Calib_75.311_0_1.npy,symlinked
10um,train,P0/C1_HF_5_10_10um_doublet/HFocusing_5_10_10um_Calib_75.311_0_2.npy,particles2SNR_pipeline/output/p0_c1_particles2SNR_staging/train/10um/HFocusing_5_10_10um_Calib_75.311_0_2.npy,symlinked
10um,train,P0/C1_HF_5_10_10um_doublet/HFocusing_5_10_10um_Calib_75.311_0_3.npy,particles2SNR_pipeline/output/p0_c1_particles2SNR_staging/train/10um/HFocusing_5_10_10um_Calib_75.311_0_3.npy,symlinked
10um,test,P0/C1_HF_5_10_10um_doublet/HFocusing_5_10_10um_Calib_75.311_0_6.npy,particles2SNR_pipeline/output/p0_c1_particles2SNR_staging/test/10um/HFocusing_5_10_10um_Calib_75.311_0_6.npy,symlinked
10um,train,P0/C1_HF_5_10_10um_doublet/HFocusing_5_10_10um_Calib_75.311_0_7.npy,particles2SNR_pipeline/output/p0_c1_particles2SNR_staging/train/10um/HFocusing_5_10_10um_Calib_75.311_0_7.npy,symlinked
10um,train,P0/C1_HF_5_10_10um_doublet/HFocusing_5_10_10um_Calib_75.311_0_9.npy,particles2SNR_pipeline/output/p0_c1_particles2SNR_staging/train/10um/HFocusing_5_10_10um_Calib_75.311_0_9.npy,symlinked
