filename,path,class,signal_idx,signal_length,num_particles,num_windows,num_valid_windows,noise_floor,noise_floor_N,snr_method,raw_mean,raw_std,raw_rms,raw_kurtosis,filtered_mean,filtered_std,filtered_rms,filtered_kurtosis,inband_energy_ratio,spectral_flatness
HFocusing_5_10_2um2_0_102.npy2318.npy,P0/data/dataset_particles2SNR_clean/train/2um/HFocusing_5_10_2um2_0_102.npy2318.npy,2um,0,2500,1,3,1,3979.806884765625,1,peak_bin_energy_over_lowest_window_energy,0.009272153227632444,0.0693101304741055,0.0699275840553227,0.302986227387402,0.00043328543238149725,0.0542103405986299,0.05421207212499238,0.9696809511096935,0.7939518549904028,0.024920345424500907
HFocusing_5_10_2um2_0_105.npy2331.npy,P0/data/dataset_particles2SNR_clean/train/2um/HFocusing_5_10_2um2_0_105.npy2331.npy,2um,1,2500,1,3,1,3567.94677734375,1,peak_bin_energy_over_lowest_window_energy,-0.04729351463942898,0.06579700458516433,0.08103037911382384,0.517138445583226,0.00020069793130285407,0.05524089331267949,0.05524125789337592,1.794001544989074,0.7878863154604847,0.02359837461403371
HFocusing_5_10_2um2_0_105.npy2332.npy,P0/data/dataset_particles2SNR_clean/train/2um/HFocusing_5_10_2um2_0_105.npy2332.npy,2um,2,2500,2,3,1,5202.50830078125,1,peak_bin_energy_over_lowest_window_energy,-0.0411765505316034,0.06709510698973498,0.07872268856972348,0.4361676433202675,-0.000967924817255729,0.0557477487371348,0.055756150940596445,1.6545937079197923,0.7653627911338766,0.023288722204106917
HFocusing_5_10_2um2_0_1051.npy2333.npy,P0/data/dataset_particles2SNR_clean/train/2um/HFocusing_5_10_2um2_0_1051.npy2333.npy,2um,3,2500,1,3,1,4380.3544921875,1,peak_bin_energy_over_lowest_window_energy,0.07001899411857855,0.06499840274086818,0.09553769882220126,0.3136869180492683,0.001208196365580669,0.053227621930027634,0.05324133239113913,0.6289388175992623,0.7968277837197646,0.027384464929377624
HFocusing_5_10_2um2_0_1051.npy2334.npy,P0/data/dataset_particles2SNR_clean/train/2um/HFocusing_5_10_2um2_0_1051.npy2334.npy,2um,4,2500,1,3,1,4281.22265625,1,peak_bin_energy_over_lowest_window_energy,0.06975955015472539,0.06551994729639163,0.09570401418703181,0.24721554902641563,0.00019354173656738598,0.053156195898482445,0.05315654824009583,0.6496955698850306,0.8107173342290611,0.026644747147066616
HFocusing_5_10_2um2_0_1059.npy2339.npy,P0/data/dataset_particles2SNR_clean/train/2um/HFocusing_5_10_2um2_0_1059.npy2339.npy,2um,5,2500,1,3,1,4748.56494140625,1,peak_bin_energy_over_lowest_window_energy,0.005183077769338977,0.06859903206059997,0.06879456006701577,0.26008693561461094,0.0006801358137453217,0.05647944742082152,0.05648354243216764,0.9116903903104965,0.8298572583510527,0.02139808637769383
HFocusing_5_10_2um2_0_1063.npy2342.npy,P0/data/dataset_particles2SNR_clean/train/2um/HFocusing_5_10_2um2_0_1063.npy2342.npy,2um,6,2500,2,3,1,4258.568359375,1,peak_bin_energy_over_lowest_window_energy,-0.1675551569807432,0.09938138153009923,0.19481116401703638,-0.6312097069368963,0.0007330801720382391,0.059022326640844266,0.05902687903520861,-0.23543601951531112,0.7875882009835483,0.018407005776968313
HFocusing_5_10_2um2_0_1070.npy2344.npy,P0/data/dataset_particles2SNR_clean/train/2um/HFocusing_5_10_2um2_0_1070.npy2344.npy,2um,7,2500,0,3,0,1978.5396728515625,1,peak_bin_energy_over_lowest_window_energy,-0.16706118503355316,0.05493103158856736,0.17586033599478673,0.0771072033943283,-0.0003194993790435669,0.03903729578480088,0.03903860322864077,1.4948671932732776,0.6903418688110203,0.04496783049897167
HFocusing_5_10_2um2_0_1073.npy2345.npy,P0/data/dataset_particles2SNR_clean/train/2um/HFocusing_5_10_2um2_0_1073.npy2345.npy,2um,8,2500,3,3,1,3238.160888671875,1,peak_bin_energy_over_lowest_window_energy,0.03921312620183138,0.0646558561969697,0.07561778234703778,0.05439380813530681,0.000669844013650113,0.051282831251186815,0.05128720573535203,1.036423441624824,0.7768794602051512,0.02943730450696406
HFocusing_5_10_2um2_0_1090.npy2350.npy,P0/data/dataset_particles2SNR_clean/train/2um/HFocusing_5_10_2um2_0_1090.npy2350.npy,2um,9,2500,1,3,1,3064.5927734375,1,peak_bin_energy_over_lowest_window_energy,0.03252806335558208,0.07782479061215525,0.08434911344816003,-0.29921746688870554,-0.0008683958907922482,0.057556056777174784,0.05756260750835139,0.06086575043503473,0.7788856488051468,0.023482428602613566
HFocusing_5_10_2um2_0_1104.npy2355.npy,P0/data/dataset_particles2SNR_clean/train/2um/HFocusing_5_10_2um2_0_1104.npy2355.npy,2um,10,2500,1,3,1,6302.49267578125,1,peak_bin_energy_over_lowest_window_energy,0.020575157854575758,0.08070701796319818,0.0832884137755829,-0.5218904110171754,0.00017962667718491473,0.06809449683440957,0.06809473375287234,-0.5632373390008727,0.8765490702670904,0.016229927061356838
HFocusing_5_10_2um2_0_1108.npy2357.npy,P0/data/dataset_particles2SNR_clean/train/2um/HFocusing_5_10_2um2_0_1108.npy2357.npy,2um,11,2500,1,3,1,6112.888671875,1,peak_bin_energy_over_lowest_window_energy,0.01874030752570243,0.07947023637650223,0.08164996996873324,0.533034544105107,-0.00026476821244161066,0.06680173850576936,0.06680226320716617,1.7490710162808618,0.8738254955443591,0.01742030543161126
HFocusing_5_10_2um2_0_1116.npy2360.npy,P0/data/dataset_particles2SNR_clean/train/2um/HFocusing_5_10_2um2_0_1116.npy2360.npy,2um,12,2500,0,3,0,2324.239013671875,1,peak_bin_energy_over_lowest_window_energy,0.06637898727621783,0.060783611725843824,0.09000454103129701,-0.14577380069317547,-0.0011412746397124235,0.045311901338412876,0.04532627174945358,-0.24496881095072265,0.7513418013686489,0.035716519976365636
HFocusing_5_10_2um2_0_1116.npy2361.npy,P0/data/dataset_particles2SNR_clean/train/2um/HFocusing_5_10_2um2_0_1116.npy2361.npy,2um,13,2500,1,3,1,4506.15966796875,1,peak_bin_energy_over_lowest_window_energy,-0.06933685231524453,0.0863914596025052,0.11077492216759766,-0.8168466760028292,-0.0009254892548890755,0.058318502165936495,0.05832584525953529,-0.36112043546859995,0.8122920528799707,0.021119143936580664
HFocusing_5_10_2um2_0_1119.npy2363.npy,P0/data/dataset_particles2SNR_clean/train/2um/HFocusing_5_10_2um2_0_1119.npy2363.npy,2um,14,2500,1,3,1,3868.5966796875,1,peak_bin_energy_over_lowest_window_energy,0.06999045581225942,0.08499389263630154,0.11010279601481057,-0.32040769769930266,0.00018527539411865193,0.06640675168297137,0.0664070101424201,0.7614914168215701,0.8252325561749186,0.019102303258949058
HFocusing_5_10_2um2_0_1122.npy2366.npy,P0/data/dataset_particles2SNR_clean/train/2um/HFocusing_5_10_2um2_0_1122.npy2366.npy,2um,15,2500,2,3,1,4096.79345703125,1,peak_bin_energy_over_lowest_window_energy,0.19566773348497762,0.06489533703816407,0.20614865193943213,0.054350834913805546,-0.0008493047265510029,0.05229973942182421,0.05230663497214532,0.6073852224421099,0.8120876060644646,0.027418946439341018
HFocusing_5_10_2um2_0_1125.npy2367.npy,P0/data/dataset_particles2SNR_clean/train/2um/HFocusing_5_10_2um2_0_1125.npy2367.npy,2um,16,2500,0,3,0,2022.2037353515625,1,peak_bin_energy_over_lowest_window_energy,0.12457459422177704,0.07658968624804492,0.14623545932876322,-0.21935603371300516,7.265389913033147e-05,0.04986050159011669,0.04986055452366218,0.8618341086590275,0.7725006070839956,0.02784759617047214
HFocusing_5_10_2um2_0_1125.npy2368.npy,P0/data/dataset_particles2SNR_clean/train/2um/HFocusing_5_10_2um2_0_1125.npy2368.npy,2um,17,2500,1,3,1,4066.106689453125,1,peak_bin_energy_over_lowest_window_energy,0.15936911296784897,0.0744963093430069,0.1759210455684253,-0.26139892550226396,0.0008584427684523526,0.05114323836191038,0.05115044236494822,0.669978451392792,0.8032333922999051,0.028065148455796395
HFocusing_5_10_2um2_0_1125.npy2373.npy,P0/data/dataset_particles2SNR_clean/train/2um/HFocusing_5_10_2um2_0_1125.npy2373.npy,2um,18,2500,1,3,1,8404.1201171875,1,peak_bin_energy_over_lowest_window_energy,-0.0587308252751945,0.09029729644689453,0.10771681197994944,-0.6148099658612023,-0.0005469774644912043,0.07369155038771721,0.07369358033704242,0.08649986919788244,0.8576893445042366,0.013909725871305102
HFocusing_5_10_2um2_0_113.npy2375.npy,P0/data/dataset_particles2SNR_clean/train/2um/HFocusing_5_10_2um2_0_113.npy2375.npy,2um,19,2500,1,3,1,6572.09619140625,1,peak_bin_energy_over_lowest_window_energy,0.07823082775598925,0.07588515757276477,0.10898907996322657,0.3530058613718552,4.5536444244017995e-05,0.0674663896737334,0.0674664050411447,0.6319352075884903,0.8540532222977771,0.017287764417224624
HFocusing_5_10_2um2_0_1153.npy2385.npy,P0/data/dataset_particles2SNR_clean/train/2um/HFocusing_5_10_2um2_0_1153.npy2385.npy,2um,20,2500,1,3,1,6626.33984375,1,peak_bin_energy_over_lowest_window_energy,0.004886531657003778,0.07738144873450152,0.07753558408811523,1.7937110306042952,-7.662008995243665e-05,0.06618109591635596,0.06618114026917404,2.3896783522055536,0.8138745454767377,0.01866391952069311
HFocusing_5_10_2um2_0_116.npy2389.npy,P0/data/dataset_particles2SNR_clean/train/2um/HFocusing_5_10_2um2_0_116.npy2389.npy,2um,21,2500,1,3,1,3126.960205078125,1,peak_bin_energy_over_lowest_window_energy,0.11438324709921481,0.06343040873804284,0.13079351654281343,0.08820852062819862,-0.0007800144276918738,0.050718103766312334,0.050724101491873,0.3267879974058987,0.7741498299343192,0.02874676130165653
HFocusing_5_10_2um2_0_1161.npy2390.npy,P0/data/dataset_particles2SNR_clean/train/2um/HFocusing_5_10_2um2_0_1161.npy2390.npy,2um,22,2500,0,3,0,2885.831787109375,1,peak_bin_energy_over_lowest_window_energy,-0.05412452796651719,0.05659846107389879,0.07831251702973119,-0.3945840614214493,-0.0011407286174628358,0.04579809896883789,0.045812303270389806,-0.13644565293657962,0.7213726121206195,0.03403491596625638
HFocusing_5_10_2um2_0_1162.npy2391.npy,P0/data/dataset_particles2SNR_clean/train/2um/HFocusing_5_10_2um2_0_1162.npy2391.npy,2um,23,2500,0,3,0,1950.368896484375,1,peak_bin_energy_over_lowest_window_energy,0.03347611892495222,0.06267062322493355,0.07105109115051736,0.08839979305495671,-2.7325777717261522e-05,0.0440831040941654,0.04408311256337454,-0.09827513762322315,0.6729566963446988,0.032371894536678256
HFocusing_5_10_2um2_0_1162.npy2393.npy,P0/data/dataset_particles2SNR_clean/train/2um/HFocusing_5_10_2um2_0_1162.npy2393.npy,2um,24,2500,2,3,1,3471.801025390625,1,peak_bin_energy_over_lowest_window_energy,0.1723139304379285,0.06184901185896809,0.1830775543066327,0.4687140198568698,-0.00020098064126431966,0.04945690304167823,0.04945731140784064,1.050989334177168,0.7591634661847778,0.030128371414930237
HFocusing_5_10_2um2_0_1179.npy2395.npy,P0/data/dataset_particles2SNR_clean/train/2um/HFocusing_5_10_2um2_0_1179.npy2395.npy,2um,25,2500,2,3,1,3144.87158203125,1,peak_bin_energy_over_lowest_window_energy,-0.05648838046368644,0.0627460981337733,0.08442754265299506,1.0887889587585633,-0.0006265853043368613,0.052574272900066006,0.05257800661982371,2.010312876635723,0.8193366391120008,0.026333221514751134
HFocusing_5_10_2um2_0_1192.npy2403.npy,P0/data/dataset_particles2SNR_clean/train/2um/HFocusing_5_10_2um2_0_1192.npy2403.npy,2um,26,2500,0,3,0,2728.71044921875,1,peak_bin_energy_over_lowest_window_energy,-0.019415208070850468,0.07172923561228291,0.07431038652810798,-0.573842020761588,0.0002806023330112895,0.05038448057964581,0.050385261941861506,-0.09166628356782258,0.6975787334338316,0.025012441498589073
HFocusing_5_10_2um2_0_1216.npy2416.npy,P0/data/dataset_particles2SNR_clean/train/2um/HFocusing_5_10_2um2_0_1216.npy2416.npy,2um,27,2500,1,3,1,3967.15771484375,1,peak_bin_energy_over_lowest_window_energy,-0.0128681121605633,0.0653743051368939,0.06662873316151637,-0.10626105107213446,-0.0005390971969129421,0.051067797304338323,0.05107064271481909,0.8633297358680263,0.7715226948080637,0.02713413640305943
HFocusing_5_10_2um2_0_1223.npy2419.npy,P0/data/dataset_particles2SNR_clean/train/2um/HFocusing_5_10_2um2_0_1223.npy2419.npy,2um,28,2500,0,3,0,2945.091796875,1,peak_bin_energy_over_lowest_window_energy,0.2182298701748523,0.07045501327129614,0.22932113973986654,-0.15179463797061965,-0.0008153876913417033,0.0448074821409892,0.04481490056780509,0.7452964223291421,0.7212675261833114,0.036425376982193905
HFocusing_5_10_2um2_0_1223.npy2420.npy,P0/data/dataset_particles2SNR_clean/train/2um/HFocusing_5_10_2um2_0_1223.npy2420.npy,2um,29,2500,1,3,1,3758.205078125,1,peak_bin_energy_over_lowest_window_energy,0.041174862927638625,0.07261493970637464,0.08347633680073804,-0.452977341670878,0.0009720080012599082,0.057535022856672446,0.05754323291814889,-0.531957881578569,0.7745888550954355,0.022903571593339396
HFocusing_5_10_2um2_0_1223.npy2421.npy,P0/data/dataset_particles2SNR_clean/train/2um/HFocusing_5_10_2um2_0_1223.npy2421.npy,2um,30,2500,0,3,0,2941.9931640625,1,peak_bin_energy_over_lowest_window_energy,0.21803174483191373,0.07038443218700505,0.22911091211187617,-0.14534352054974642,-0.0003142892569883357,0.04421051083946591,0.04421162795491239,0.9139160057332214,0.7208146413858372,0.03641590940379436
HFocusing_5_10_2um2_0_1223.npy2422.npy,P0/data/dataset_particles2SNR_clean/train/2um/HFocusing_5_10_2um2_0_1223.npy2422.npy,2um,31,2500,1,3,1,3388.814453125,1,peak_bin_energy_over_lowest_window_energy,0.035476630661990076,0.07041220081533772,0.07884458983840743,-0.4295274199792556,-0.0002674853136427819,0.056727993990353054,0.05672862461370403,-0.4688231442550901,0.7502177108718056,0.02368857343472772
HFocusing_5_10_2um2_0_1236.npy2426.npy,P0/data/dataset_particles2SNR_clean/train/2um/HFocusing_5_10_2um2_0_1236.npy2426.npy,2um,32,2500,1,3,1,4811.2890625,1,peak_bin_energy_over_lowest_window_energy,0.011558067377382204,0.07164037369423039,0.07256674213817983,0.07066669807945214,-0.0009466369892660923,0.054167003457295554,0.054175274665959144,1.3970527905349845,0.7964204883547453,0.02493516386191287
HFocusing_5_10_2um2_0_1244.npy2431.npy,P0/data/dataset_particles2SNR_clean/train/2um/HFocusing_5_10_2um2_0_1244.npy2431.npy,2um,33,2500,3,3,1,4441.2158203125,1,peak_bin_energy_over_lowest_window_energy,0.051918274801790246,0.06966174032817085,0.08688075347246772,-0.1711585603978274,0.0009418890054300928,0.05858735620380186,0.05859492692929748,-0.24103941390148487,0.8596356466872925,0.021950510689978105
HFocusing_5_10_2um2_0_1250.npy2432.npy,P0/data/dataset_particles2SNR_clean/train/2um/HFocusing_5_10_2um2_0_1250.npy2432.npy,2um,34,2500,1,3,1,3104.046875,1,peak_bin_energy_over_lowest_window_energy,-0.036250271013546664,0.06389691065813585,0.07346357832429194,0.2289160654378124,-0.0008991015113211916,0.04667466816532725,0.046683327129405344,0.32885515760394446,0.7357034320481705,0.03423685834853555
HFocusing_5_10_2um2_0_1254.npy2433.npy,P0/data/dataset_particles2SNR_clean/train/2um/HFocusing_5_10_2um2_0_1254.npy2433.npy,2um,35,2500,1,3,1,3538.791015625,1,peak_bin_energy_over_lowest_window_energy,-0.20916526375177363,0.07523672296542816,0.22228511430801123,0.3568698612229806,-0.0006437030232228894,0.05425861800316732,0.05426243618928051,0.39449634178642823,0.7527291264621707,0.024544981335639354
HFocusing_5_10_2um2_0_1257.npy2434.npy,P0/data/dataset_particles2SNR_clean/train/2um/HFocusing_5_10_2um2_0_1257.npy2434.npy,2um,36,2500,0,3,0,2391.79931640625,1,peak_bin_energy_over_lowest_window_energy,0.0697080875760464,0.05991490543134078,0.09191851481805102,0.23770720606508933,0.0007601611870809311,0.0484253426822693,0.048431308664184956,0.019400491471179393,0.7320294260522016,0.03280087643423254
HFocusing_5_10_2um2_0_1257.npy2435.npy,P0/data/dataset_particles2SNR_clean/train/2um/HFocusing_5_10_2um2_0_1257.npy2435.npy,2um,37,2500,0,3,0,2231.00341796875,1,peak_bin_energy_over_lowest_window_energy,-0.2687284903622768,0.0745127638153372,0.2788676272065091,-0.2872466998478944,0.0008135398194594536,0.05614785114041615,0.05615374461889588,-0.2711029192902479,0.6670818091940269,0.024715581088938177
HFocusing_5_10_2um2_0_1267.npy2436.npy,P0/data/dataset_particles2SNR_clean/train/2um/HFocusing_5_10_2um2_0_1267.npy2436.npy,2um,38,2500,1,3,1,6139.98193359375,1,peak_bin_energy_over_lowest_window_energy,-0.14579309264334733,0.0857689176902481,0.1691506225358577,-0.7245235969025785,-1.3311930560205632e-05,0.06330253122020073,0.063302532619888,-0.17032609602980697,0.8119684903609578,0.01759653612070191
HFocusing_5_10_2um2_0_1271.npy2438.npy,P0/data/dataset_particles2SNR_clean/train/2um/HFocusing_5_10_2um2_0_1271.npy2438.npy,2um,39,2500,0,3,0,2119.67431640625,1,peak_bin_energy_over_lowest_window_energy,0.16349155251116704,0.06784607633205184,0.17701010653679156,0.6551724710259967,0.0006040753751766564,0.04805341257560647,0.04805720931577643,1.5270949236707194,0.748444256970553,0.029708538943455855
HFocusing_5_10_2um2_0_1271.npy2439.npy,P0/data/dataset_particles2SNR_clean/train/2um/HFocusing_5_10_2um2_0_1271.npy2439.npy,2um,40,2500,0,3,0,1882.6434326171875,1,peak_bin_energy_over_lowest_window_energy,0.09764995923640198,0.05334602877585345,0.1112713499739495,-0.20934002311444022,0.0012961092656161913,0.041940082204950664,0.04196010479713362,-0.18700396448999035,0.7422408553764376,0.04401796817513523
HFocusing_5_10_2um2_0_1274.npy2440.npy,P0/data/dataset_particles2SNR_clean/train/2um/HFocusing_5_10_2um2_0_1274.npy2440.npy,2um,41,2500,2,3,1,4189.9541015625,1,peak_bin_energy_over_lowest_window_energy,-0.006953206390704892,0.08063813337143294,0.08093735622529777,0.0366541429309839,0.001778522056412389,0.05891830793693274,0.05894514526961807,0.18310498734244796,0.7835541787465243,0.018366796508466725
HFocusing_5_10_2um2_0_1277.npy2441.npy,P0/data/dataset_particles2SNR_clean/train/2um/HFocusing_5_10_2um2_0_1277.npy2441.npy,2um,42,2500,1,3,1,4797.787109375,1,peak_bin_energy_over_lowest_window_energy,-0.16576725417557572,0.07690113955644978,0.18273633415933047,-0.27945149720915463,0.0009821264713260212,0.06024693366694902,0.06025493829285227,0.4607579529891703,0.8588274009474823,0.021946271834631135
HFocusing_5_10_2um2_0_128.npy2442.npy,P0/data/dataset_particles2SNR_clean/train/2um/HFocusing_5_10_2um2_0_128.npy2442.npy,2um,43,2500,1,3,1,4854.84033203125,1,peak_bin_energy_over_lowest_window_energy,0.037757070231125206,0.07061281024741915,0.08007349950811532,-0.0625422438200176,0.0008832720938344723,0.0628175041213722,0.06282371362495504,0.03729743279294784,0.8490424568008863,0.02068941676086011
HFocusing_5_10_2um2_0_128.npy2443.npy,P0/data/dataset_particles2SNR_clean/train/2um/HFocusing_5_10_2um2_0_128.npy2443.npy,2um,44,2500,1,3,1,9450.81640625,1,peak_bin_energy_over_lowest_window_energy,0.06329263760919523,0.10443435096181167,0.12211671317368383,-0.8493272448464819,-1.399883871632639e-05,0.09716297427050702,0.09716297527895436,-0.9369541731316691,0.8941211163955409,0.011766063378216632
HFocusing_5_10_2um2_0_1288.npy2447.npy,P0/data/dataset_particles2SNR_clean/train/2um/HFocusing_5_10_2um2_0_1288.npy2447.npy,2um,45,2500,1,3,1,3895.849853515625,1,peak_bin_energy_over_lowest_window_energy,0.14452587601839895,0.06984708922159306,0.16051898551764773,-0.003854563308446579,-0.0005349649275613023,0.05955006730053048,0.05955247016683213,-0.3060263665741543,0.8085204044554622,0.02109852972795986
HFocusing_5_10_2um2_0_1292.npy2448.npy,P0/data/dataset_particles2SNR_clean/train/2um/HFocusing_5_10_2um2_0_1292.npy2448.npy,2um,46,2500,1,3,1,4950.54345703125,1,peak_bin_energy_over_lowest_window_energy,0.2707779111929387,0.08705478094198145,0.2844278679645639,-0.4668876513372484,0.00046141891645272806,0.0643262982063945,0.06432795308693144,-0.46455536932141506,0.7987684786959302,0.02001839380951962
HFocusing_5_10_2um2_0_1292.npy2449.npy,P0/data/dataset_particles2SNR_clean/train/2um/HFocusing_5_10_2um2_0_1292.npy2449.npy,2um,47,2500,0,3,0,2429.445556640625,1,peak_bin_energy_over_lowest_window_energy,-0.10660196886379995,0.061893747625086606,0.12326725339974315,0.20939433957814346,0.0005481889625649449,0.045661149727842784,0.04566444027476034,0.6219273166552863,0.728079716671037,0.030758773885623276
HFocusing_5_10_2um2_0_1313.npy2459.npy,P0/data/dataset_particles2SNR_clean/train/2um/HFocusing_5_10_2um2_0_1313.npy2459.npy,2um,48,2500,2,3,1,3278.34423828125,1,peak_bin_energy_over_lowest_window_energy,-0.050952652029709215,0.0585217808687014,0.07759491983954192,0.37784852311173767,-7.037509807036101e-07,0.04520822900675541,0.045208229012233016,1.0981231274717604,0.696979172146355,0.02844991263995495
HFocusing_5_10_2um2_0_1313.npy2461.npy,P0/data/dataset_particles2SNR_clean/train/2um/HFocusing_5_10_2um2_0_1313.npy2461.npy,2um,49,2500,2,3,1,8186.9208984375,1,peak_bin_energy_over_lowest_window_energy,0.13734408442753446,0.08365068355187216,0.1608130417159416,0.5518700620224726,-0.0006764113972909305,0.07212184475074129,0.0721250166213389,1.4063055497156078,0.8581501518163341,0.01423252087972307
HFocusing_5_10_2um2_0_1334.npy2469.npy,P0/data/dataset_particles2SNR_clean/train/2um/HFocusing_5_10_2um2_0_1334.npy2469.npy,2um,50,2500,2,3,1,4236.3779296875,1,peak_bin_energy_over_lowest_window_energy,-0.06523006008979883,0.07475823350591308,0.09921569541278935,-0.3432077954769617,0.0008535414788728156,0.05501179851972014,0.05501841972858217,0.7290278015234475,0.7192247267069005,0.02337727553053973
HFocusing_5_10_2um2_0_1334.npy2470.npy,P0/data/dataset_particles2SNR_clean/train/2um/HFocusing_5_10_2um2_0_1334.npy2470.npy,2um,51,2500,2,3,1,3194.308349609375,1,peak_bin_energy_over_lowest_window_energy,0.12831456861968646,0.06295181366718373,0.14292501308044037,0.5370651673318769,-0.00021700220073133427,0.05243324500793307,0.052433694052746845,1.3712191927377564,0.8061761472795934,0.02548474219914121
HFocusing_5_10_2um2_0_134.npy2479.npy,P0/data/dataset_particles2SNR_clean/train/2um/HFocusing_5_10_2um2_0_134.npy2479.npy,2um,52,2500,1,3,1,5047.8759765625,1,peak_bin_energy_over_lowest_window_energy,-0.047916427027146866,0.07561124953036016,0.08951561335649932,-0.061234220230740544,0.0003803774676960573,0.05714637329190543,0.057147639211394666,1.6876936498794795,0.8329148436797346,0.022535003063273648
HFocusing_5_10_2um2_0_134.npy2480.npy,P0/data/dataset_particles2SNR_clean/train/2um/HFocusing_5_10_2um2_0_134.npy2480.npy,2um,53,2500,1,3,1,7707.1337890625,1,peak_bin_energy_over_lowest_window_energy,-0.10466155569778116,0.0892505118081597,0.13754888258033288,-0.08135946795841908,-3.981652330933301e-05,0.08022928080076613,0.08022929068092094,0.18335247007003241,0.9165392970694153,0.013109079656680895
HFocusing_5_10_2um2_0_1348.npy2482.npy,P0/data/dataset_particles2SNR_clean/train/2um/HFocusing_5_10_2um2_0_1348.npy2482.npy,2um,54,2500,1,3,1,3335.567626953125,1,peak_bin_energy_over_lowest_window_energy,0.017930546347167814,0.06781264586107764,0.0701431353090797,-0.1534038985777233,0.00019905208785823714,0.056382924940944344,0.056383276302728665,-0.5321421680170753,0.7745658079946179,0.029601417699124114
HFocusing_5_10_2um2_0_1365.npy2489.npy,P0/data/dataset_particles2SNR_clean/train/2um/HFocusing_5_10_2um2_0_1365.npy2489.npy,2um,55,2500,1,3,1,4672.056640625,1,peak_bin_energy_over_lowest_window_energy,-0.05869797018093856,0.06564024759641258,0.08805733250491239,0.2313549303925586,0.0003883410992176751,0.05392658332689569,0.05392798158768754,1.025478635992875,0.7845221482760377,0.023955440859653853
HFocusing_5_10_2um2_0_1366.npy2490.npy,P0/data/dataset_particles2SNR_clean/train/2um/HFocusing_5_10_2um2_0_1366.npy2490.npy,2um,56,2500,1,3,1,7909.42626953125,1,peak_bin_energy_over_lowest_window_energy,0.007168709332433397,0.08235639987352196,0.0826678111094056,0.926208237700223,9.99456211337554e-05,0.07381343733637204,0.07381350500103422,1.5960220660008275,0.895721685081259,0.014505004501582418
HFocusing_5_10_2um2_0_1377.npy2493.npy,P0/data/dataset_particles2SNR_clean/train/2um/HFocusing_5_10_2um2_0_1377.npy2493.npy,2um,57,2500,2,3,1,4403.578125,1,peak_bin_energy_over_lowest_window_energy,0.08674410528136457,0.06434350841345991,0.10800290216479115,0.7187554639677138,0.00018675893931972238,0.05401914003624426,0.05401946287364197,1.4724856484403457,0.7845475623101512,0.0259555984461695
HFocusing_5_10_2um2_0_1377.npy2494.npy,P0/data/dataset_particles2SNR_clean/train/2um/HFocusing_5_10_2um2_0_1377.npy2494.npy,2um,58,2500,0,3,0,2652.91845703125,1,peak_bin_energy_over_lowest_window_energy,-0.1981119628279599,0.054276036722276697,0.20541236082043574,-0.004813896242725768,0.00011885667014314923,0.04288823815979101,0.04288840285390669,0.5450736369323179,0.6967532061901457,0.041175834778058494
HFocusing_5_10_2um2_0_1377.npy2495.npy,P0/data/dataset_particles2SNR_clean/train/2um/HFocusing_5_10_2um2_0_1377.npy2495.npy,2um,59,2500,1,3,1,4694.77734375,1,peak_bin_energy_over_lowest_window_energy,0.03883175272588997,0.07074234904930385,0.08069934924631181,0.11038735562586321,0.000245229355290319,0.055730697559472554,0.05573123709287365,1.4553267537056884,0.8263653265313284,0.024932356744598674
HFocusing_5_10_2um2_0_138.npy2496.npy,P0/data/dataset_particles2SNR_clean/train/2um/HFocusing_5_10_2um2_0_138.npy2496.npy,2um,60,2500,0,3,0,2480.841064453125,1,peak_bin_energy_over_lowest_window_energy,-0.007926825066682911,0.05969910546253467,0.06022306658303469,-0.010022149547014081,-0.000709547821036087,0.04653931109287622,0.04654471973392738,-0.2164467060062112,0.7647076219902154,0.03508175810542289
HFocusing_5_10_2um2_0_1380.npy2498.npy,P0/data/dataset_particles2SNR_clean/train/2um/HFocusing_5_10_2um2_0_1380.npy2498.npy,2um,61,2500,1,3,1,16386.78125,1,peak_bin_energy_over_lowest_window_energy,-0.09111276456855535,0.11462679951558644,0.1464269067982775,-0.03680063458281291,-0.00012742223892179112,0.10127313392557806,0.10127321408711704,0.24851385626849387,0.8935389616405295,0.008057185151673878
HFocusing_5_10_2um2_0_1393.npy2500.npy,P0/data/dataset_particles2SNR_clean/train/2um/HFocusing_5_10_2um2_0_1393.npy2500.npy,2um,62,2500,1,3,1,3216.059326171875,1,peak_bin_energy_over_lowest_window_energy,-0.050550346117136796,0.0567495133102465,0.07599897863466437,0.22275576907503236,-0.001299901721132026,0.04781166931583941,0.04782933688910795,-0.22554597111404018,0.7875456946054392,0.033128485522180826
HFocusing_5_10_2um2_0_1393.npy2501.npy,P0/data/dataset_particles2SNR_clean/train/2um/HFocusing_5_10_2um2_0_1393.npy2501.npy,2um,63,2500,1,3,1,4472.6083984375,1,peak_bin_energy_over_lowest_window_energy,0.04181226723657758,0.06326139396403395,0.07583053249012359,0.5453070774036779,0.0006976604462317801,0.05068830425912807,0.050693105238919595,1.1791748864567726,0.7458826326404264,0.025639906994928106
HFocusing_5_10_2um2_0_1400.npy2504.npy,P0/data/dataset_particles2SNR_clean/train/2um/HFocusing_5_10_2um2_0_1400.npy2504.npy,2um,64,2500,2,3,1,3551.83251953125,1,peak_bin_energy_over_lowest_window_energy,-0.2205234115906954,0.06339802239692072,0.22945562600084515,-0.15127294286623094,-0.000293421009646531,0.048957365377880896,0.04895824466453258,0.27901414773993904,0.8008179984390421,0.03322290642943132
HFocusing_5_10_2um2_0_1400.npy2505.npy,P0/data/dataset_particles2SNR_clean/train/2um/HFocusing_5_10_2um2_0_1400.npy2505.npy,2um,65,2500,2,3,1,3239.2734375,1,peak_bin_energy_over_lowest_window_energy,-0.07668456159661133,0.06859810033879947,0.10288936464648073,-0.02259971987510445,-0.00046754324156778623,0.049430953172464626,0.049433164254588505,-0.23454545776007762,0.7677732716059459,0.028712916863133705
HFocusing_5_10_2um2_0_1400.npy2506.npy,P0/data/dataset_particles2SNR_clean/train/2um/HFocusing_5_10_2um2_0_1400.npy2506.npy,2um,66,2500,0,3,0,2656.78759765625,1,peak_bin_energy_over_lowest_window_energy,-0.22935178856775948,0.06030418531194998,0.2371472911196083,-0.10374885219808183,-0.0006312999263342263,0.04934053339015609,0.04934457188812258,0.20202293982815878,0.7809872807825721,0.032202841046508154
HFocusing_5_10_2um2_0_1407.npy2507.npy,P0/data/dataset_particles2SNR_clean/train/2um/HFocusing_5_10_2um2_0_1407.npy2507.npy,2um,67,2500,2,3,1,4189.37255859375,1,peak_bin_energy_over_lowest_window_energy,-0.004063186712930786,0.06989984440718042,0.0700178386870958,0.10394116846101031,-0.000864360177313814,0.053199484951847724,0.053206506347043665,1.070637757233599,0.7367487407388745,0.024531446550735986
HFocusing_5_10_2um2_0_1407.npy2510.npy,P0/data/dataset_particles2SNR_clean/train/2um/HFocusing_5_10_2um2_0_1407.npy2510.npy,2um,68,2500,2,3,1,3485.179443359375,1,peak_bin_energy_over_lowest_window_energy,-0.016165846580783592,0.07088003337604,0.07270016318456222,0.11385375878685222,0.0016321560173206014,0.05693870111368493,0.05696208930313582,0.5077818327719665,0.8037367900668094,0.027161125730590402
HFocusing_5_10_2um2_0_1415.npy2512.npy,P0/data/dataset_particles2SNR_clean/train/2um/HFocusing_5_10_2um2_0_1415.npy2512.npy,2um,69,2500,1,3,1,3468.753173828125,1,peak_bin_energy_over_lowest_window_energy,-0.08711539563404735,0.07265201428991017,0.11343459497374649,-0.027552132844309796,0.0006378236247480896,0.05197678607412524,0.0519806993947914,0.2408994538572653,0.7043868095119296,0.023612875920798974
HFocusing_5_10_2um2_0_1415.npy2513.npy,P0/data/dataset_particles2SNR_clean/train/2um/HFocusing_5_10_2um2_0_1415.npy2513.npy,2um,70,2500,1,3,1,4148.89892578125,1,peak_bin_energy_over_lowest_window_energy,-0.08709491119688267,0.06301617044952378,0.10750144787172083,-0.017982370351611543,0.0001247345174823584,0.054031696797597395,0.054031840774929625,0.2506867112789797,0.8406733271324454,0.02522822584099936
HFocusing_5_10_2um2_0_1418.npy2514.npy,P0/data/dataset_particles2SNR_clean/train/2um/HFocusing_5_10_2um2_0_1418.npy2514.npy,2um,71,2500,0,3,0,1055.6337890625,1,peak_bin_energy_over_lowest_window_energy,0.15334612717709536,0.07234784749750821,0.16955602542444964,-0.46782960175298305,-0.00014179677248851502,0.036103435401910744,0.0361037138552896,-0.3483990752797568,0.5927912712625908,0.048054053548878886
HFocusing_5_10_2um2_0_142.npy2515.npy,P0/data/dataset_particles2SNR_clean/train/2um/HFocusing_5_10_2um2_0_142.npy2515.npy,2um,72,2500,1,3,1,7030.5361328125,1,peak_bin_energy_over_lowest_window_energy,0.009475040567444935,0.08783679123072913,0.08834635412661589,1.1188429438662881,0.0003592251451986282,0.07907902599450706,0.07907984190010034,1.564714673635514,0.8981459090209578,0.012616311378047368
HFocusing_5_10_2um2_0_142.npy2516.npy,P0/data/dataset_particles2SNR_clean/train/2um/HFocusing_5_10_2um2_0_142.npy2516.npy,2um,73,2500,1,3,1,6402.08740234375,1,peak_bin_energy_over_lowest_window_energy,0.00453942343054191,0.08595295925583214,0.08607274580212074,1.3212653929822045,0.0010827762627313613,0.07885438391493683,0.07886181754841429,1.6178927742689666,0.908476947615985,0.012204067342534805
HFocusing_5_10_2um2_0_142.npy2517.npy,P0/data/dataset_particles2SNR_clean/train/2um/HFocusing_5_10_2um2_0_142.npy2517.npy,2um,74,2500,1,3,1,8860.7314453125,1,peak_bin_energy_over_lowest_window_energy,0.007539645931624264,0.08696277525686816,0.0872890058435243,1.2098560401303304,0.0010166275579666887,0.07968309429686578,0.079689579295632,1.4505998651698624,0.9002720308944441,0.012821468431890578
HFocusing_5_10_2um2_0_1425.npy2518.npy,P0/data/dataset_particles2SNR_clean/train/2um/HFocusing_5_10_2um2_0_1425.npy2518.npy,2um,75,2500,1,3,1,4930.76611328125,1,peak_bin_energy_over_lowest_window_energy,-0.18441051200407355,0.07546275434598126,0.19925326655060507,-0.410529459055633,-0.0008503102474796296,0.06290049750505176,0.06290624463358142,-0.4946890514071458,0.8273241794476562,0.019516713686825844
HFocusing_5_10_2um2_0_1429.npy2519.npy,P0/data/dataset_particles2SNR_clean/train/2um/HFocusing_5_10_2um2_0_1429.npy2519.npy,2um,76,2500,1,3,1,3951.83056640625,1,peak_bin_energy_over_lowest_window_energy,-0.05385053108327787,0.07510809493788297,0.0924181022481479,0.06212960293615488,-0.0004197070543876307,0.054193681368189965,0.054195306570296316,0.1484868633280696,0.7236826686479066,0.024503990704849012
HFocusing_5_10_2um2_0_1432.npy2520.npy,P0/data/dataset_particles2SNR_clean/train/2um/HFocusing_5_10_2um2_0_1432.npy2520.npy,2um,77,2500,1,3,1,6944.81884765625,1,peak_bin_energy_over_lowest_window_energy,0.034530767007507054,0.07624767635675127,0.08370234178283557,-0.14035104859960912,0.0009386225915127973,0.0642723827470089,0.06427923612137364,0.6089749280462278,0.8467664283696879,0.01835707695072781
HFocusing_5_10_2um2_0_144.npy2522.npy,P0/data/dataset_particles2SNR_clean/train/2um/HFocusing_5_10_2um2_0_144.npy2522.npy,2um,78,2500,0,3,0,1354.3465576171875,1,peak_bin_energy_over_lowest_window_energy,0.022796216678738775,0.055964176635819485,0.060428938112374694,-0.19060584649037038,0.0005296216800755735,0.03616081089096473,0.03616468917903373,0.5644174351099625,0.5070513934635527,0.03832600680532077
HFocusing_5_10_2um2_0_1440.npy2523.npy,P0/data/dataset_particles2SNR_clean/train/2um/HFocusing_5_10_2um2_0_1440.npy2523.npy,2um,79,2500,1,3,1,3498.69091796875,1,peak_bin_energy_over_lowest_window_energy,-0.19487439273739202,0.08249203823529917,0.21161513489583242,-0.6415760072907304,0.0013511279321721142,0.053953773904811576,0.05397068894558066,-0.24919156370751727,0.7999226053831067,0.024517422374124128
HFocusing_5_10_2um2_0_1447.npy2526.npy,P0/data/dataset_particles2SNR_clean/train/2um/HFocusing_5_10_2um2_0_1447.npy2526.npy,2um,80,2500,0,3,0,2962.31396484375,1,peak_bin_energy_over_lowest_window_energy,0.17459546405903684,0.06183808706578432,0.18522290647202885,0.005022549407475374,0.0003422385388758406,0.0479828004162652,0.04798402091326478,1.2171917481502836,0.7412684093980829,0.02571778700901621
HFocusing_5_10_2um2_0_1448.npy2527.npy,P0/data/dataset_particles2SNR_clean/train/2um/HFocusing_5_10_2um2_0_1448.npy2527.npy,2um,81,2500,1,3,1,3646.974365234375,1,peak_bin_energy_over_lowest_window_energy,-0.12835681428454157,0.0694679208067721,0.1459495248176309,-0.06262653194347179,9.551016353812347e-05,0.05442629346452715,0.054426377267627966,0.44546414127827383,0.7340813089327248,0.02156453840350829
HFocusing_5_10_2um2_0_145.npy2528.npy,P0/data/dataset_particles2SNR_clean/train/2um/HFocusing_5_10_2um2_0_145.npy2528.npy,2um,82,2500,1,3,1,3972.504150390625,1,peak_bin_energy_over_lowest_window_energy,0.03619325683368732,0.07316310669868535,0.08162592738849875,-0.22924849991235563,-0.00011641026315121126,0.061424301162998726,0.06142441147224882,-0.20479683801027226,0.8371533551230317,0.020508829409074607
HFocusing_5_10_2um2_0_1460.npy2532.npy,P0/data/dataset_particles2SNR_clean/train/2um/HFocusing_5_10_2um2_0_1460.npy2532.npy,2um,83,2500,0,3,0,2623.382568359375,1,peak_bin_energy_over_lowest_window_energy,-0.2090286475546288,0.06470440370242102,0.2188141571219813,-0.20046726682305271,-0.0005244916870360661,0.0462450621860299,0.0462480363704184,-0.15335736240265074,0.6995720033932549,0.031098106488255527
HFocusing_5_10_2um2_0_1463.npy2533.npy,P0/data/dataset_particles2SNR_clean/train/2um/HFocusing_5_10_2um2_0_1463.npy2533.npy,2um,84,2500,0,3,0,2923.984375,1,peak_bin_energy_over_lowest_window_energy,0.003751177320206282,0.06551455337163681,0.0656218563801168,0.36565755249036735,0.0005423978067550625,0.05101973898466648,0.05102262205575357,0.514371497193939,0.7582657542734296,0.03086653937332358
HFocusing_5_10_2um2_0_1463.npy2534.npy,P0/data/dataset_particles2SNR_clean/train/2um/HFocusing_5_10_2um2_0_1463.npy2534.npy,2um,85,2500,0,3,0,2510.941162109375,1,peak_bin_energy_over_lowest_window_energy,-0.06286034504233616,0.06402839246122587,0.08972768814591359,1.1327452219034475,-0.0007371085527573472,0.05375322732600738,0.05375828100841743,1.666004241212618,0.8118416134960003,0.022946142652984947
HFocusing_5_10_2um2_0_1466.npy2535.npy,P0/data/dataset_particles2SNR_clean/train/2um/HFocusing_5_10_2um2_0_1466.npy2535.npy,2um,86,2500,0,3,0,1739.2802734375,1,peak_bin_energy_over_lowest_window_energy,0.2680249036126551,0.05554519274906658,0.2737199616288589,-0.23245924687780173,0.00023009448182459736,0.03571139724465776,0.0357121385055042,0.4336943400027806,0.6083416770121882,0.04307181366189101
HFocusing_5_10_2um2_0_1470.npy2540.npy,P0/data/dataset_particles2SNR_clean/train/2um/HFocusing_5_10_2um2_0_1470.npy2540.npy,2um,87,2500,1,3,1,3913.376953125,1,peak_bin_energy_over_lowest_window_energy,-0.11031907763021427,0.06290289782651975,0.1269924149079575,0.22746168476949702,-0.0016955661671097957,0.05037302381917599,0.05040155229072135,0.5335456280226469,0.7205218538558508,0.027318647649261566
HFocusing_5_10_2um2_0_1477.npy2543.npy,P0/data/dataset_particles2SNR_clean/train/2um/HFocusing_5_10_2um2_0_1477.npy2543.npy,2um,88,2500,0,3,0,2283.8056640625,1,peak_bin_energy_over_lowest_window_energy,-0.2467033052956801,0.06349544953963375,0.254743386481482,-0.18005634806849669,-0.0010814479518685693,0.04268937415301975,0.04270307009161181,-0.1603983904330022,0.7078272034482852,0.03441203666210785
HFocusing_5_10_2um2_0_1484.npy2545.npy,P0/data/dataset_particles2SNR_clean/train/2um/HFocusing_5_10_2um2_0_1484.npy2545.npy,2um,89,2500,0,3,0,2578.81494140625,1,peak_bin_energy_over_lowest_window_energy,-0.11378608613598801,0.08263000803735358,0.1406235813311537,-0.5224978960900248,4.651026396603699e-05,0.04981272623328906,0.04981274794665778,-0.30878230475474133,0.7303525980148691,0.03171711156443527
HFocusing_5_10_2um2_0_1484.npy2546.npy,P0/data/dataset_particles2SNR_clean/train/2um/HFocusing_5_10_2um2_0_1484.npy2546.npy,2um,90,2500,0,3,0,1920.575927734375,1,peak_bin_energy_over_lowest_window_energy,-0.0027155323149940557,0.061541264881915525,0.06160114770862525,0.34422839255691784,-0.0013627060763884596,0.04656519785580784,0.04658513302762113,0.3597815264219033,0.6966054182618411,0.032562455797138325
HFocusing_5_10_2um2_0_149.npy2547.npy,P0/data/dataset_particles2SNR_clean/train/2um/HFocusing_5_10_2um2_0_149.npy2547.npy,2um,91,2500,1,3,1,5292.603515625,1,peak_bin_energy_over_lowest_window_energy,0.010998342861836326,0.07471676845257254,0.0755219109510733,1.5602745550535086,0.001001125103141101,0.06405053996823502,0.06405836340162471,1.545331315709701,0.8119697793144991,0.01691180194601681
HFocusing_5_10_2um2_0_1501.npy2551.npy,P0/data/dataset_particles2SNR_clean/train/2um/HFocusing_5_10_2um2_0_1501.npy2551.npy,2um,92,2500,0,3,0,2998.796142578125,1,peak_bin_energy_over_lowest_window_energy,0.04861358766414101,0.06095928782748269,0.07796996651283751,-0.1914099029227554,0.0006574145408806066,0.04818269872087732,0.04818718346101372,-0.27030057401179475,0.7951799981456875,0.03139316620007316
HFocusing_5_10_2um2_0_1501.npy2552.npy,P0/data/dataset_particles2SNR_clean/train/2um/HFocusing_5_10_2um2_0_1501.npy2552.npy,2um,93,2500,0,3,0,1836.0670166015625,1,peak_bin_energy_over_lowest_window_energy,-0.0930770654623919,0.05995875519241033,0.11071762479078831,0.0668937388908577,-0.0006365067877198043,0.041233074465704955,0.04123798698754806,-0.024209962094475124,0.6453574100151568,0.04125988038931368
HFocusing_5_10_2um2_0_1501.npy2553.npy,P0/data/dataset_particles2SNR_clean/train/2um/HFocusing_5_10_2um2_0_1501.npy2553.npy,2um,94,2500,0,3,0,1595.9324951171875,1,peak_bin_energy_over_lowest_window_energy,-0.10057227886025753,0.06065760429578918,0.11744840669012903,-0.1839133550318941,1.168194793577082e-05,0.04017802743450636,0.04017802913279661,0.0538133991876486,0.6135023913461006,0.03408382078959067
HFocusing_5_10_2um2_0_1517.npy2556.npy,P0/data/dataset_particles2SNR_clean/train/2um/HFocusing_5_10_2um2_0_1517.npy2556.npy,2um,95,2500,0,3,0,2339.875,1,peak_bin_energy_over_lowest_window_energy,-0.23499456838856067,0.05730115235436797,0.24187986529114902,0.5289409243345089,-0.0004844219672786331,0.04075107601211729,0.04075395515514713,0.45032750922234355,0.6717422664795529,0.03396113818058427
HFocusing_5_10_2um2_0_1525.npy2560.npy,P0/data/dataset_particles2SNR_clean/train/2um/HFocusing_5_10_2um2_0_1525.npy2560.npy,2um,96,2500,0,3,0,3136.61669921875,1,peak_bin_energy_over_lowest_window_energy,-0.17039634409519377,0.06538146194338453,0.18250931386332567,-0.29289235748835285,-0.0006609809023908561,0.05054287520436264,0.05054719705064862,-0.35987158009121156,0.7549967622249287,0.029859022773539738
HFocusing_5_10_2um2_0_1525.npy2561.npy,P0/data/dataset_particles2SNR_clean/train/2um/HFocusing_5_10_2um2_0_1525.npy2561.npy,2um,97,2500,0,3,0,2479.424072265625,1,peak_bin_energy_over_lowest_window_energy,-0.10914378571238639,0.06143957855453718,0.12524850407326416,-0.03462156312005549,-0.0007004908580496867,0.04417412913442453,0.0441796827990766,0.3032366963777493,0.7031336576354981,0.03385214911546464
HFocusing_5_10_2um2_0_1536.npy2564.npy,P0/data/dataset_particles2SNR_clean/train/2um/HFocusing_5_10_2um2_0_1536.npy2564.npy,2um,98,2500,1,3,1,3427.150390625,1,peak_bin_energy_over_lowest_window_energy,0.012298591989271863,0.06385665257628492,0.06503020408369437,-0.11814709492348818,-0.0012357287634712807,0.05540016688794071,0.055413946951905095,-0.547768753302742,0.7874835584870106,0.02911607608303232
HFocusing_5_10_2um2_0_1539.npy2565.npy,P0/data/dataset_particles2SNR_clean/train/2um/HFocusing_5_10_2um2_0_1539.npy2565.npy,2um,99,2500,2,3,1,3884.69677734375,1,peak_bin_energy_over_lowest_window_energy,-0.03253232689514992,0.068477318994185,0.07581223852284183,0.09193286658032163,0.0008734184188136414,0.05582215374824405,0.055828986277980365,0.647982626160676,0.8051472398467914,0.02396166133402406
HFocusing_5_10_2um2_0_1540.npy2566.npy,P0/data/dataset_particles2SNR_clean/train/2um/HFocusing_5_10_2um2_0_1540.npy2566.npy,2um,100,2500,2,3,1,5077.30322265625,1,peak_bin_energy_over_lowest_window_energy,-0.028765687853892382,0.06855300371168825,0.07434365551681135,0.6920843165606843,-0.0001503032960560357,0.06116345128654843,0.061163635964213155,0.8540263859067476,0.8815394843468807,0.019576871311797694
HFocusing_5_10_2um2_0_1542.npy2567.npy,P0/data/dataset_particles2SNR_clean/train/2um/HFocusing_5_10_2um2_0_1542.npy2567.npy,2um,101,2500,1,3,1,4164.49462890625,1,peak_bin_energy_over_lowest_window_energy,0.017384220412782533,0.06503247166757015,0.06731592300899929,-0.15394426822110763,0.00019173807579565843,0.0552389302706583,0.055239263037592745,-0.33613730430614375,0.8454756763776673,0.025467955674278578
HFocusing_5_10_2um2_0_1549.npy2568.npy,P0/data/dataset_particles2SNR_clean/train/2um/HFocusing_5_10_2um2_0_1549.npy2568.npy,2um,102,2500,0,3,0,2268.99560546875,1,peak_bin_energy_over_lowest_window_energy,0.09446088644255875,0.05616511394100909,0.1098971295872668,0.14197536780718334,-0.0004745426510161332,0.04105946509002291,0.04106220724956761,0.31159084663931225,0.719700544903869,0.04700150006400275
HFocusing_5_10_2um2_0_1549.npy2570.npy,P0/data/dataset_particles2SNR_clean/train/2um/HFocusing_5_10_2um2_0_1549.npy2570.npy,2um,103,2500,0,3,0,1327.13330078125,1,peak_bin_energy_over_lowest_window_energy,0.061195321979891346,0.08419426298343292,0.10408429925568041,-0.3860824608823008,0.0011635342015570488,0.041077145116697605,0.041093620706582026,0.42931643822771237,0.7044837591635887,0.04624131528765562
HFocusing_5_10_2um2_0_155.npy2571.npy,P0/data/dataset_particles2SNR_clean/train/2um/HFocusing_5_10_2um2_0_155.npy2571.npy,2um,104,2500,1,3,1,5797.42431640625,1,peak_bin_energy_over_lowest_window_energy,-0.018404741760715087,0.0695377365262472,0.07193212995923576,0.055458184605110095,0.00018758637749247882,0.0610939487922392,0.06109423677956675,-0.08642231858855975,0.87779686411383,0.01805502243548995
HFocusing_5_10_2um2_0_1550.npy2573.npy,P0/data/dataset_particles2SNR_clean/train/2um/HFocusing_5_10_2um2_0_1550.npy2573.npy,2um,105,2500,2,3,1,10757.171875,1,peak_bin_energy_over_lowest_window_energy,0.11666393863970395,0.08578452021186675,0.144808350888023,0.5187974787844953,0.0012320793001398549,0.07627827410417763,0.07628822399108456,1.2567082291860263,0.8872866069682893,0.013855056720552131
HFocusing_5_10_2um2_0_1553.npy2574.npy,P0/data/dataset_particles2SNR_clean/train/2um/HFocusing_5_10_2um2_0_1553.npy2574.npy,2um,106,2500,2,3,1,3270.550537109375,1,peak_bin_energy_over_lowest_window_energy,0.042101597030710945,0.06514455189976552,0.07756517978292587,0.3724335434864714,-0.0004942397829740916,0.04949917705963605,0.04950164444282911,1.5773282424314363,0.7657906715136605,0.02865522571798904
HFocusing_5_10_2um2_0_1571.npy2578.npy,P0/data/dataset_particles2SNR_clean/train/2um/HFocusing_5_10_2um2_0_1571.npy2578.npy,2um,107,2500,1,3,1,3993.513671875,1,peak_bin_energy_over_lowest_window_energy,-0.24021314509165076,0.06537419514911333,0.24895007625268328,0.41303935407917836,-0.000489579221044926,0.05108873579007584,0.05109108153525286,1.537079796908686,0.7949025143481208,0.02636740304385699
HFocusing_5_10_2um2_0_1571.npy2579.npy,P0/data/dataset_particles2SNR_clean/train/2um/HFocusing_5_10_2um2_0_1571.npy2579.npy,2um,108,2500,1,3,1,3255.98388671875,1,peak_bin_energy_over_lowest_window_energy,-0.24756801135526374,0.06195166167751482,0.2552017410422689,0.7170587677910891,0.00027314787347791685,0.05065919386698925,0.050659930250780916,1.6929021281647643,0.7968569009340055,0.026507775490886905
HFocusing_5_10_2um2_0_1576.npy2584.npy,P0/data/dataset_particles2SNR_clean/train/2um/HFocusing_5_10_2um2_0_1576.npy2584.npy,2um,109,2500,1,3,1,8185.80615234375,1,peak_bin_energy_over_lowest_window_energy,-0.2176489825654274,0.07641786227117128,0.23067459609992036,1.3883920768918356,0.0015126291236893352,0.06633263936531732,0.06634988388863297,1.4326280617384164,0.8499295125361767,0.017008492442856647
HFocusing_5_10_2um2_0_1583.npy2585.npy,P0/data/dataset_particles2SNR_clean/train/2um/HFocusing_5_10_2um2_0_1583.npy2585.npy,2um,110,2500,0,3,0,2515.356201171875,1,peak_bin_energy_over_lowest_window_energy,-0.01050137384658613,0.10732014140416479,0.10783270192142869,-0.5479757686754487,0.0009008095333439371,0.044060650322130475,0.04406985777858172,-0.033869945081921315,0.47706047203708196,0.023143700501134144
HFocusing_5_10_2um2_0_1587.npy2588.npy,P0/data/dataset_particles2SNR_clean/train/2um/HFocusing_5_10_2um2_0_1587.npy2588.npy,2um,111,2500,1,3,1,3108.28955078125,1,peak_bin_energy_over_lowest_window_energy,-0.041478761279847016,0.05931967640468628,0.07238308950346917,0.3891395951122827,-0.0002900384111494051,0.04874294788791896,0.04874381079772411,0.07714790649206016,0.7759673831102434,0.027952419759189103
HFocusing_5_10_2um2_0_159.npy2589.npy,P0/data/dataset_particles2SNR_clean/train/2um/HFocusing_5_10_2um2_0_159.npy2589.npy,2um,112,2500,1,3,1,9904.5419921875,1,peak_bin_energy_over_lowest_window_energy,0.0748898726187591,0.09004568579750837,0.11711839544494095,-0.1703824391686246,0.0008843717970671257,0.08077315705905241,0.08077799833346823,-0.1649234251192615,0.9148204703239119,0.011954768949307568
HFocusing_5_10_2um2_0_1590.npy2590.npy,P0/data/dataset_particles2SNR_clean/train/2um/HFocusing_5_10_2um2_0_1590.npy2590.npy,2um,113,2500,1,3,1,5438.984375,1,peak_bin_energy_over_lowest_window_energy,-0.2023212976715315,0.06935551399684742,0.21387869181678515,0.8773738481263407,0.00015444587877821414,0.05716138949864858,0.057161598148981835,0.871411051565349,0.8152986651449403,0.02329148316196112
HFocusing_5_10_2um2_0_1593.npy2591.npy,P0/data/dataset_particles2SNR_clean/train/2um/HFocusing_5_10_2um2_0_1593.npy2591.npy,2um,114,2500,0,3,0,3679.427490234375,1,peak_bin_energy_over_lowest_window_energy,-0.1724293879728946,0.07532090081916021,0.1881625146965165,-0.2843259575383814,-0.00041858902364694375,0.05999611378358179,0.05999757400014779,-0.6439705457015488,0.7678891064981563,0.022090034227360174
HFocusing_5_10_2um2_0_1597.npy2592.npy,P0/data/dataset_particles2SNR_clean/train/2um/HFocusing_5_10_2um2_0_1597.npy2592.npy,2um,115,2500,1,3,1,4267.9189453125,1,peak_bin_energy_over_lowest_window_energy,0.20064972152651464,0.07389534265815459,0.21382430267683314,-0.6273807626860304,-0.0007693272733155693,0.06286905718623183,0.06287376413051117,-0.6269681909556399,0.8492512146419616,0.022054740815051568
HFocusing_5_10_2um2_0_1597.npy2593.npy,P0/data/dataset_particles2SNR_clean/train/2um/HFocusing_5_10_2um2_0_1597.npy2593.npy,2um,116,2500,1,3,1,3968.01611328125,1,peak_bin_energy_over_lowest_window_energy,-0.11260254783412499,0.07368740577066929,0.13457030708127138,-0.18296150858619953,-0.00011467272152875046,0.05045338372382269,0.05045351404031595,2.0281029095512064,0.8117430831692309,0.028740102235118668
HFocusing_5_10_2um2_0_1601.npy2594.npy,P0/data/dataset_particles2SNR_clean/train/2um/HFocusing_5_10_2um2_0_1601.npy2594.npy,2um,117,2500,0,3,0,2471.79150390625,1,peak_bin_energy_over_lowest_window_energy,-0.1508842593262947,0.06990006647189344,0.16628914277612858,0.32680459335676915,4.044733383922807e-05,0.05317628869075941,0.053176304073429194,-0.15709531716791236,0.7078221397280814,0.02883980479423328
HFocusing_5_10_2um2_0_1608.npy2595.npy,P0/data/dataset_particles2SNR_clean/train/2um/HFocusing_5_10_2um2_0_1608.npy2595.npy,2um,118,2500,1,3,1,3716.289306640625,1,peak_bin_energy_over_lowest_window_energy,-0.12943626636411704,0.08090495177537549,0.15264127316050036,-0.5995633404029981,0.0010722215602751554,0.056714452163686355,0.05672458676183888,-0.46487516484822367,0.8016692680157952,0.022786349442864205
HFocusing_5_10_2um2_0_1615.npy2597.npy,P0/data/dataset_particles2SNR_clean/train/2um/HFocusing_5_10_2um2_0_1615.npy2597.npy,2um,119,2500,0,3,0,1507.621826171875,1,peak_bin_energy_over_lowest_window_energy,-0.11387754617352343,0.07284227769705293,0.13518170343133545,0.8551178850435739,0.0015145195332592451,0.05966883331455522,0.059688051053261894,2.37312487068247,0.6936068244180269,0.028368604814736995
HFocusing_5_10_2um2_0_1615.npy2598.npy,P0/data/dataset_particles2SNR_clean/train/2um/HFocusing_5_10_2um2_0_1615.npy2598.npy,2um,120,2500,1,3,1,6549.93359375,1,peak_bin_energy_over_lowest_window_energy,-0.10884215616958731,0.0760355335064436,0.13277054385387727,0.621574168308193,-0.0007377789352919839,0.06198528715584255,0.061989677701611096,1.6838466991574466,0.8012488320676333,0.02001596518539415
HFocusing_5_10_2um2_0_1616.npy2599.npy,P0/data/dataset_particles2SNR_clean/train/2um/HFocusing_5_10_2um2_0_1616.npy2599.npy,2um,121,2500,1,3,1,6721.50537109375,1,peak_bin_energy_over_lowest_window_energy,0.09174535182836027,0.08092223980426166,0.12233404463618473,-0.19622124731896928,0.0005235422077019604,0.06628739132421342,0.06628945877749078,0.3135111512387443,0.8585314873952291,0.018214426329741174
HFocusing_5_10_2um2_0_1619.npy2600.npy,P0/data/dataset_particles2SNR_clean/train/2um/HFocusing_5_10_2um2_0_1619.npy2600.npy,2um,122,2500,0,3,0,2385.168701171875,1,peak_bin_energy_over_lowest_window_energy,-0.18240864115847927,0.05818453370543734,0.19146371022155093,-0.04733974772320426,0.0005044027822099584,0.04058556622607626,0.04058870049728032,1.3729662364999626,0.6837904674671857,0.041228124779392396
HFocusing_5_10_2um2_0_1619.npy2601.npy,P0/data/dataset_particles2SNR_clean/train/2um/HFocusing_5_10_2um2_0_1619.npy2601.npy,2um,123,2500,0,3,0,1339.52001953125,1,peak_bin_energy_over_lowest_window_energy,-0.16981227180354416,0.05952832947414567,0.17994396256908204,-0.16950572596700786,0.00018238900026211783,0.04173800487654726,0.04173840338132377,1.030614650159853,0.6281099550191763,0.03951874049523406
HFocusing_5_10_2um2_0_1619.npy2602.npy,P0/data/dataset_particles2SNR_clean/train/2um/HFocusing_5_10_2um2_0_1619.npy2602.npy,2um,124,2500,0,3,0,2326.49658203125,1,peak_bin_energy_over_lowest_window_energy,-0.18695773586411757,0.05486710937273118,0.19484248687172007,0.15775952771378376,-0.0003724475110050276,0.040564977950505746,0.04056668772864592,1.4576496907676715,0.7117921518284784,0.03806364043774585
HFocusing_5_10_2um2_0_162.npy2603.npy,P0/data/dataset_particles2SNR_clean/train/2um/HFocusing_5_10_2um2_0_162.npy2603.npy,2um,125,2500,1,3,1,4263.4814453125,1,peak_bin_energy_over_lowest_window_energy,0.03895490427646311,0.07326673368200876,0.08297890594373249,-0.6074673425561148,-0.00011395770849733532,0.05566908304095131,0.05566919967971212,-0.2221971899687012,0.803665318180978,0.022952042674105978
HFocusing_5_10_2um2_0_1620.npy2604.npy,P0/data/dataset_particles2SNR_clean/train/2um/HFocusing_5_10_2um2_0_1620.npy2604.npy,2um,126,2500,1,3,1,4622.8720703125,1,peak_bin_energy_over_lowest_window_energy,-0.051369838351674205,0.06864670074315575,0.08573931312529579,-0.25864667485295323,-0.000702361738898413,0.058612275378633734,0.05861648349289696,-0.11233668570788868,0.8465201481819513,0.024298664552605334
HFocusing_5_10_2um2_0_1630.npy2607.npy,P0/data/dataset_particles2SNR_clean/train/2um/HFocusing_5_10_2um2_0_1630.npy2607.npy,2um,127,2500,0,3,0,2526.83056640625,1,peak_bin_energy_over_lowest_window_energy,-0.17489243056460088,0.06971297054261955,0.18827442877531161,-0.4072480922951516,0.0006312589749000912,0.04524942750989842,0.04525383053252999,0.08389024798610079,0.7520266697890075,0.03481845669418092
HFocusing_5_10_2um2_0_1634.npy2608.npy,P0/data/dataset_particles2SNR_clean/train/2um/HFocusing_5_10_2um2_0_1634.npy2608.npy,2um,128,2500,1,3,1,5466.37060546875,1,peak_bin_energy_over_lowest_window_energy,0.1359627451319147,0.0863293315916082,0.16105471603420943,0.06407437415615691,0.001192692714955078,0.05593006597129411,0.05594278144198425,1.039955116671587,0.6855732972392061,0.019228875294439337
HFocusing_5_10_2um2_0_1653.npy2611.npy,P0/data/dataset_particles2SNR_clean/train/2um/HFocusing_5_10_2um2_0_1653.npy2611.npy,2um,129,2500,2,3,1,8682.1474609375,1,peak_bin_energy_over_lowest_window_energy,0.02567108165406445,0.11494722410756655,0.1177788977844706,-0.024723547251907174,-0.0019114878646905073,0.09089814675511847,0.09091824277542936,0.2870553451030684,0.9001978120303098,0.010723246876803396
HFocusing_5_10_2um2_0_166.npy2612.npy,P0/data/dataset_particles2SNR_clean/train/2um/HFocusing_5_10_2um2_0_166.npy2612.npy,2um,130,2500,1,3,1,4297.244140625,1,peak_bin_energy_over_lowest_window_energy,-0.0005534141631011949,0.06341480155568421,0.06341721630269441,0.5495644787936254,-0.0005033930907688063,0.04961281257906721,0.04961536633553644,1.5802800037242068,0.8223266629453889,0.03021976883534013
HFocusing_5_10_2um2_0_166.npy2613.npy,P0/data/dataset_particles2SNR_clean/train/2um/HFocusing_5_10_2um2_0_166.npy2613.npy,2um,131,2500,1,3,1,5238.68994140625,1,peak_bin_energy_over_lowest_window_energy,-0.04483575507618611,0.07361688674444722,0.08619565503664622,0.18413516243442363,-3.624199480186343e-05,0.0614306431362565,0.0614306538270291,0.776797737204578,0.845340609699953,0.02044277524466949
HFocusing_5_10_2um2_0_1660.npy2614.npy,P0/data/dataset_particles2SNR_clean/train/2um/HFocusing_5_10_2um2_0_1660.npy2614.npy,2um,132,2500,0,3,0,8062.0126953125,1,peak_bin_energy_over_lowest_window_energy,0.2445541930411907,0.09048920312979081,0.2607586033424257,-0.4047603439386851,-0.0006272763417582418,0.07952439153053936,0.07952686542239328,-0.7246163353581019,0.8746990960511117,0.012464692813262021
HFocusing_5_10_2um2_0_1667.npy2615.npy,P0/data/dataset_particles2SNR_clean/train/2um/HFocusing_5_10_2um2_0_1667.npy2615.npy,2um,133,2500,0,3,0,2633.1669921875,1,peak_bin_energy_over_lowest_window_energy,-0.052538563479729745,0.08367327259974144,0.09880039068781174,-0.43157045620637247,0.0011684084619295353,0.04886387122387133,0.04887783842721555,-0.034799251083174276,0.6796308291029367,0.029283557881250276
HFocusing_5_10_2um2_0_1667.npy2616.npy,P0/data/dataset_particles2SNR_clean/train/2um/HFocusing_5_10_2um2_0_1667.npy2616.npy,2um,134,2500,3,3,1,5078.74609375,1,peak_bin_energy_over_lowest_window_energy,0.0069586718481047935,0.06537865503833318,0.06574794026059656,0.7040197582972958,-0.00017051511673591476,0.057173819453375255,0.05717407372482903,1.366524448745495,0.8382314343153924,0.022338008258668895
HFocusing_5_10_2um2_0_1670.npy2617.npy,P0/data/dataset_particles2SNR_clean/train/2um/HFocusing_5_10_2um2_0_1670.npy2617.npy,2um,135,2500,0,3,0,1996.5999755859375,1,peak_bin_energy_over_lowest_window_energy,-0.04150967717292184,0.05380452051760677,0.06795571886993586,0.3699602928796688,2.390253658152717e-05,0.040387572164846335,0.040387579237952914,0.3939738052888315,0.6465917362006396,0.03823135624800421
HFocusing_5_10_2um2_0_1671.npy2619.npy,P0/data/dataset_particles2SNR_clean/train/2um/HFocusing_5_10_2um2_0_1671.npy2619.npy,2um,136,2500,0,3,0,2278.028076171875,1,peak_bin_energy_over_lowest_window_energy,-0.11152573506068816,0.05192196775117818,0.12301983708321676,0.006132018732399658,-0.0007933660651246656,0.0440488771524988,0.04405602124692176,-0.17176988098923474,0.7246899553349487,0.04335907564717198
HFocusing_5_10_2um2_0_1674.npy2620.npy,P0/data/dataset_particles2SNR_clean/train/2um/HFocusing_5_10_2um2_0_1674.npy2620.npy,2um,137,2500,1,3,1,4646.6123046875,1,peak_bin_energy_over_lowest_window_energy,0.14186953605534805,0.08595304995339727,0.165876134681427,-0.2472163671406329,-0.0006366518140475043,0.05763199218955955,0.057635508579952546,1.043121841027153,0.7554955026965797,0.02017682920659565
HFocusing_5_10_2um2_0_169.npy2622.npy,P0/data/dataset_particles2SNR_clean/train/2um/HFocusing_5_10_2um2_0_169.npy2622.npy,2um,138,2500,0,3,0,2653.859375,1,peak_bin_energy_over_lowest_window_energy,-0.007719943654798206,0.07786922843626169,0.07825096975304502,-0.49472320054528574,-0.0002019824065303819,0.05551808789323079,0.055518455311842456,0.4181272455416081,0.6820821495313982,0.024440938905525858
HFocusing_5_10_2um2_0_1692.npy2623.npy,P0/data/dataset_particles2SNR_clean/train/2um/HFocusing_5_10_2um2_0_1692.npy2623.npy,2um,139,2500,1,3,1,4486.51318359375,1,peak_bin_energy_over_lowest_window_energy,-0.17297964549535652,0.08223380194402864,0.19153160558474142,-0.43935475738161545,0.00011050390722518664,0.06822135280980844,0.06822144230602185,-0.4648716746010906,0.8261920255798979,0.017558125930045514
HFocusing_5_10_2um2_0_1696.npy2624.npy,P0/data/dataset_particles2SNR_clean/train/2um/HFocusing_5_10_2um2_0_1696.npy2624.npy,2um,140,2500,1,3,1,8579.8935546875,1,peak_bin_energy_over_lowest_window_energy,0.07865232327090788,0.09181668487767174,0.12089868311043371,-0.2563663274027559,-0.0008433854084249814,0.08313086043036863,0.08313513850857875,-0.5281812053316379,0.875662353521717,0.011449008616462867
HFocusing_5_10_2um2_0_1696.npy2625.npy,P0/data/dataset_particles2SNR_clean/train/2um/HFocusing_5_10_2um2_0_1696.npy2625.npy,2um,141,2500,3,3,1,3049.2421875,1,peak_bin_energy_over_lowest_window_energy,0.12358287384583036,0.06915652417474197,0.14161691828283124,-0.30010244298048105,-0.00011639185040005576,0.05225314303164563,0.052253272660652134,0.8266565793277079,0.7405104869079812,0.025604409855076414
HFocusing_5_10_2um2_0_1702.npy2627.npy,P0/data/dataset_particles2SNR_clean/train/2um/HFocusing_5_10_2um2_0_1702.npy2627.npy,2um,142,2500,1,3,1,4564.05322265625,1,peak_bin_energy_over_lowest_window_energy,-0.0036000120306124094,0.062090464588622364,0.06219474157395882,0.46418274345704624,-0.00010566953116872249,0.05398376339315901,0.053983866813506344,0.7740685975895798,0.8194981304991154,0.02646329421106232
HFocusing_5_10_2um2_0_1705.npy2628.npy,P0/data/dataset_particles2SNR_clean/train/2um/HFocusing_5_10_2um2_0_1705.npy2628.npy,2um,143,2500,0,3,0,1947.6690673828125,1,peak_bin_energy_over_lowest_window_energy,-0.10248294152723997,0.06392135530652528,0.12078366184339143,-0.21969642581305315,-0.000215979903343519,0.0432199737328041,0.043220513379446615,-0.11675857802586398,0.6261404327553899,0.031020916265876487
HFocusing_5_10_2um2_0_1706.npy2629.npy,P0/data/dataset_particles2SNR_clean/train/2um/HFocusing_5_10_2um2_0_1706.npy2629.npy,2um,144,2500,0,3,0,1273.70947265625,1,peak_bin_energy_over_lowest_window_energy,-0.050887532850097186,0.05538859190872377,0.07521593656400791,1.5906891290742529,-5.678711649881492e-05,0.041642253524046435,0.04164229224403429,1.6478532460534412,0.728058893696871,0.04129273618494163
HFocusing_5_10_2um2_0_171.npy2635.npy,P0/data/dataset_particles2SNR_clean/train/2um/HFocusing_5_10_2um2_0_171.npy2635.npy,2um,145,2500,0,3,0,1904.43603515625,1,peak_bin_energy_over_lowest_window_energy,0.009273376821286499,0.07022603946422677,0.07083566994460284,0.6740940690417689,-0.0007968110310269469,0.04962708766445233,0.04963348403924917,1.4596844469365218,0.7793032842394786,0.02912171636414235
HFocusing_5_10_2um2_0_171.npy2636.npy,P0/data/dataset_particles2SNR_clean/train/2um/HFocusing_5_10_2um2_0_171.npy2636.npy,2um,146,2500,1,3,1,3183.916015625,1,peak_bin_energy_over_lowest_window_energy,0.039921700668081726,0.0696879654479139,0.08031285521323195,0.02050359203531471,-0.00031395539031732706,0.050747816461663285,0.05074878760732883,1.115224369042041,0.7333338484933385,0.025743592237712346
HFocusing_5_10_2um2_0_1717.npy2639.npy,P0/data/dataset_particles2SNR_clean/train/2um/HFocusing_5_10_2um2_0_1717.npy2639.npy,2um,147,2500,1,3,1,9825.3095703125,1,peak_bin_energy_over_lowest_window_energy,-0.07697338028284781,0.08425759689404215,0.11412380955141133,0.5088492746971878,-0.0014175595571065624,0.07688476897875207,0.07689783596444064,0.6382093411033942,0.874632276680843,0.012891491994159844
HFocusing_5_10_2um2_0_1720.npy2640.npy,P0/data/dataset_particles2SNR_clean/train/2um/HFocusing_5_10_2um2_0_1720.npy2640.npy,2um,148,2500,1,3,1,5913.6142578125,1,peak_bin_energy_over_lowest_window_energy,-0.10132794251915377,0.07935334687739441,0.1287023915698889,-0.2899192045371488,0.0011494449633381474,0.06954994522310481,0.0695594429553646,-0.08093263201328682,0.8544497750106719,0.015636724861671714
HFocusing_5_10_2um2_0_1724.npy2641.npy,P0/data/dataset_particles2SNR_clean/train/2um/HFocusing_5_10_2um2_0_1724.npy2641.npy,2um,149,2500,0,3,0,2770.569580078125,1,peak_bin_energy_over_lowest_window_energy,0.061100901587298105,0.06305609292099497,0.0878031379236633,0.022148614761558605,0.00041962762999802185,0.048569646532781195,0.048571459229337165,0.6815848186806894,0.776807834966758,0.03056792502394423
HFocusing_5_10_2um2_0_1724.npy2642.npy,P0/data/dataset_particles2SNR_clean/train/2um/HFocusing_5_10_2um2_0_1724.npy2642.npy,2um,150,2500,2,3,1,3282.711181640625,1,peak_bin_energy_over_lowest_window_energy,0.01953158846505527,0.06705420435891618,0.06984088537651549,0.504067356144601,-0.0005321783577939772,0.05316755982883263,0.05317022317008837,0.910562366973998,0.7691974267223525,0.025593352935374694
HFocusing_5_10_2um2_0_1724.npy2643.npy,P0/data/dataset_particles2SNR_clean/train/2um/HFocusing_5_10_2um2_0_1724.npy2643.npy,2um,151,2500,2,3,1,3885.0791015625,1,peak_bin_energy_over_lowest_window_energy,-0.10838832377431294,0.08169669127481072,0.13572906135333374,0.13527056021550932,-0.00011245365571215267,0.04651603899211329,0.046516174921638676,2.082572522166128,0.7088308325209537,0.028342034073504493
HFocusing_5_10_2um2_0_1734.npy2645.npy,P0/data/dataset_particles2SNR_clean/train/2um/HFocusing_5_10_2um2_0_1734.npy2645.npy,2um,152,2500,1,3,1,6017.8994140625,1,peak_bin_energy_over_lowest_window_energy,0.005746085383401537,0.07374499178028854,0.07396851566651966,0.8150298220465015,0.0002829715607943969,0.06541672136413748,0.06541733338296066,0.825639925563364,0.8716329869934998,0.016337806069355774
HFocusing_5_10_2um2_0_1741.npy2647.npy,P0/data/dataset_particles2SNR_clean/train/2um/HFocusing_5_10_2um2_0_1741.npy2647.npy,2um,153,2500,0,3,0,2995.3017578125,1,peak_bin_energy_over_lowest_window_energy,-0.005846765171320735,0.060633728225128865,0.06091497074978661,0.050327488071806314,0.0010547247277049904,0.050122209763334376,0.0501333058536032,-0.09289557786186231,0.7680656139188244,0.032317835511468225
HFocusing_5_10_2um2_0_1764.npy2653.npy,P0/data/dataset_particles2SNR_clean/train/2um/HFocusing_5_10_2um2_0_1764.npy2653.npy,2um,154,2500,1,3,1,3084.998779296875,1,peak_bin_energy_over_lowest_window_energy,-0.23925472119151442,0.06134603661011041,0.2469942465325828,0.1748848768264164,-0.0002356583933955025,0.04472452842273612,0.04472514927325016,0.6384469765972907,0.6765956556662894,0.031083243586331716
HFocusing_5_10_2um2_0_1781.npy2659.npy,P0/data/dataset_particles2SNR_clean/train/2um/HFocusing_5_10_2um2_0_1781.npy2659.npy,2um,155,2500,1,3,1,3174.8994140625,1,peak_bin_energy_over_lowest_window_energy,0.16147680534907424,0.06784384354422046,0.17515006643617204,-0.34778551859312756,0.0011335647233150403,0.050396706233004025,0.050409453162255695,-0.2598990085112103,0.7361118331350143,0.026981099968142935
HFocusing_5_10_2um2_0_1801.npy2665.npy,P0/data/dataset_particles2SNR_clean/train/2um/HFocusing_5_10_2um2_0_1801.npy2665.npy,2um,156,2500,1,3,1,3617.29443359375,1,peak_bin_energy_over_lowest_window_energy,-0.032340384253863805,0.06606637381153574,0.07355723079543668,-0.09149650400698883,-0.0003296896994224353,0.04959181945945152,0.049592915346818846,0.2571626625138883,0.7274828145016335,0.025550966631476782
HFocusing_5_10_2um2_0_1801.npy2667.npy,P0/data/dataset_particles2SNR_clean/train/2um/HFocusing_5_10_2um2_0_1801.npy2667.npy,2um,157,2500,1,3,1,3268.076904296875,1,peak_bin_energy_over_lowest_window_energy,-0.028024649616923712,0.06911368373037836,0.0745793688960567,-0.25682111036448374,2.259378485585586e-05,0.05031366699375765,0.050313672066724095,0.20800180223588427,0.7153274100921952,0.025828658302607155
HFocusing_5_10_2um2_0_1801.npy2668.npy,P0/data/dataset_particles2SNR_clean/train/2um/HFocusing_5_10_2um2_0_1801.npy2668.npy,2um,158,2500,0,3,0,2155.422119140625,1,peak_bin_energy_over_lowest_window_energy,-0.022311730655225705,0.07102716343298072,0.07444911866615139,-0.43448465925477686,0.0003799798264634269,0.049650215420113046,0.049651669417373576,0.3295829606913512,0.6974685559228045,0.02710029042969881
HFocusing_5_10_2um2_0_1801.npy2669.npy,P0/data/dataset_particles2SNR_clean/train/2um/HFocusing_5_10_2um2_0_1801.npy2669.npy,2um,159,2500,0,3,0,2212.670166015625,1,peak_bin_energy_over_lowest_window_energy,-0.021385769521979386,0.06452900789775126,0.06798046777064179,0.19323209484261916,0.0006758956550202193,0.04899180388305201,0.04899646602207045,0.3363011635620574,0.7077398288237823,0.02600880740788605
HFocusing_5_10_2um2_0_1805.npy2671.npy,P0/data/dataset_particles2SNR_clean/train/2um/HFocusing_5_10_2um2_0_1805.npy2671.npy,2um,160,2500,0,3,0,1101.3349609375,1,peak_bin_energy_over_lowest_window_energy,-0.004157934884777905,0.07396228080847882,0.07407906185217471,-0.11152921852090314,-0.0007218260607913672,0.04552540539298094,0.045531127474040166,2.44025719448814,0.7260638051775044,0.0369546258960591
HFocusing_5_10_2um2_0_1810.npy2673.npy,P0/data/dataset_particles2SNR_clean/train/2um/HFocusing_5_10_2um2_0_1810.npy2673.npy,2um,161,2500,1,3,1,4290.44482421875,1,peak_bin_energy_over_lowest_window_energy,-0.022706112356854605,0.06424314361836729,0.06813772112664374,0.2865478320624488,0.00047224933994042135,0.051167668035868016,0.05116984728986265,1.280247098357588,0.838188997852358,0.02827010614014154
HFocusing_5_10_2um2_0_1813.npy2674.npy,P0/data/dataset_particles2SNR_clean/train/2um/HFocusing_5_10_2um2_0_1813.npy2674.npy,2um,162,2500,2,3,1,3906.19091796875,1,peak_bin_energy_over_lowest_window_energy,-0.17710910450092637,0.06422879212440664,0.18839578720045813,-0.1459172590227924,0.0005310743784976138,0.055465044916656416,0.055467587360567706,-0.3294760240109742,0.8270964256064605,0.025379787442731894
HFocusing_5_10_2um2_0_1823.npy2676.npy,P0/data/dataset_particles2SNR_clean/train/2um/HFocusing_5_10_2um2_0_1823.npy2676.npy,2um,163,2500,2,3,1,3553.818359375,1,peak_bin_energy_over_lowest_window_energy,-0.1531173587174434,0.0694446629481375,0.16812937504370457,0.10273159531603415,0.0001294472430040331,0.04614464147689303,0.04614482304245752,1.4359410188930894,0.7116197399029898,0.028779783781303393
HFocusing_5_10_2um2_0_1823.npy2678.npy,P0/data/dataset_particles2SNR_clean/train/2um/HFocusing_5_10_2um2_0_1823.npy2678.npy,2um,164,2500,0,3,0,1580.525146484375,1,peak_bin_energy_over_lowest_window_energy,-0.14774980382112518,0.0672054004598434,0.16231626652972553,0.24196759136504298,0.0005125988779353972,0.046934609444122616,0.04693740854885348,1.2617505857763192,0.7070201373878814,0.03215401324582481
HFocusing_5_10_2um2_0_1823.npy2679.npy,P0/data/dataset_particles2SNR_clean/train/2um/HFocusing_5_10_2um2_0_1823.npy2679.npy,2um,165,2500,2,3,1,3353.723876953125,1,peak_bin_energy_over_lowest_window_energy,-0.15506634512500067,0.06956332269938485,0.1699547800310558,0.13047090965433528,-0.0002987986731920165,0.04755317715831843,0.047554115894394657,1.054464366437407,0.6880234865854961,0.029891104559881067
HFocusing_5_10_2um2_0_1827.npy2680.npy,P0/data/dataset_particles2SNR_clean/train/2um/HFocusing_5_10_2um2_0_1827.npy2680.npy,2um,166,2500,0,3,0,2308.4931640625,1,peak_bin_energy_over_lowest_window_energy,-0.024136468634024924,0.068661585837356,0.07278037158342814,-0.04288798261990667,-2.7390939739148257e-05,0.04984705874022112,0.04984706626587602,0.07518948249281543,0.7718416689509495,0.034747435639298996
HFocusing_5_10_2um2_0_1834.npy2681.npy,P0/data/dataset_particles2SNR_clean/train/2um/HFocusing_5_10_2um2_0_1834.npy2681.npy,2um,167,2500,1,3,1,6911.7880859375,1,peak_bin_energy_over_lowest_window_energy,0.004077089924171976,0.0770421639977771,0.07714996886396108,0.14272174156538764,0.0013376072427595225,0.06870943354472131,0.06872245230761455,0.02944008540339249,0.8579085569503468,0.015275673671276024
HFocusing_5_10_2um2_0_1838.npy2682.npy,P0/data/dataset_particles2SNR_clean/train/2um/HFocusing_5_10_2um2_0_1838.npy2682.npy,2um,168,2500,0,3,0,1909.2401123046875,1,peak_bin_energy_over_lowest_window_energy,0.022583340779760392,0.05882188862119005,0.06300810949186204,0.43196422514984834,0.0005221798070255547,0.04230735314179098,0.04231057552923473,1.3486464885894565,0.718055584955752,0.03911807617107703
HFocusing_5_10_2um2_0_1880.npy2696.npy,P0/data/dataset_particles2SNR_clean/train/2um/HFocusing_5_10_2um2_0_1880.npy2696.npy,2um,169,2500,0,3,0,2336.1552734375,1,peak_bin_energy_over_lowest_window_energy,-0.10184714782988002,0.05682428478018431,0.11662693025995721,0.07346805053979955,-0.0006185447108697928,0.04075185021791033,0.040756544183018543,0.2316452763035164,0.7336936567342779,0.042352501710965156
HFocusing_5_10_2um2_0_1902.npy2706.npy,P0/data/dataset_particles2SNR_clean/train/2um/HFocusing_5_10_2um2_0_1902.npy2706.npy,2um,170,2500,1,3,1,6101.7568359375,1,peak_bin_energy_over_lowest_window_energy,0.2181492918955182,0.07613665540593191,0.23105389815131366,0.28237798479954224,-0.0008855880811452085,0.05993702649903745,0.05994356856073705,1.3467881121427663,0.8328568599973427,0.019100084121924446
HFocusing_5_10_2um2_0_1906.npy2708.npy,P0/data/dataset_particles2SNR_clean/train/2um/HFocusing_5_10_2um2_0_1906.npy2708.npy,2um,171,2500,0,3,0,2085.361572265625,1,peak_bin_energy_over_lowest_window_energy,-0.017418749815191342,0.059722122805535,0.06221048784187142,0.34190030989078,0.0005618262769113188,0.04182080164899937,0.04182457530364626,0.07614382752217885,0.6792359388338172,0.037937794592351165
HFocusing_5_10_2um2_0_1907.npy2710.npy,P0/data/dataset_particles2SNR_clean/train/2um/HFocusing_5_10_2um2_0_1907.npy2710.npy,2um,172,2500,1,3,1,4954.94384765625,1,peak_bin_energy_over_lowest_window_energy,-0.1925517640378938,0.08700630180517875,0.2112966596705177,-0.6698733640922225,0.00034856701933793185,0.06169659376253269,0.061697578403580464,-0.3518284599637993,0.8721904562546025,0.020394495092194785
HFocusing_5_10_2um2_0_1915.npy2712.npy,P0/data/dataset_particles2SNR_clean/train/2um/HFocusing_5_10_2um2_0_1915.npy2712.npy,2um,173,2500,0,3,0,2652.966064453125,1,peak_bin_energy_over_lowest_window_energy,0.09552725576910594,0.0762302988202499,0.12221503611667747,0.19124449863351067,0.0010388848558522434,0.06450948277352127,0.06451784752648647,-0.004315893311495067,0.8183265612731224,0.023747070622975226
HFocusing_5_10_2um2_0_1932.npy2717.npy,P0/data/dataset_particles2SNR_clean/train/2um/HFocusing_5_10_2um2_0_1932.npy2717.npy,2um,174,2500,1,3,1,4049.86767578125,1,peak_bin_energy_over_lowest_window_energy,-0.11071133710975728,0.07153061257938673,0.13180906152693994,-0.2632217947529347,-0.0004918281535578645,0.05418084379286085,0.05418307603891663,0.2170670504654173,0.7898310764344257,0.026029875060192362
HFocusing_5_10_2um2_0_194.npy2719.npy,P0/data/dataset_particles2SNR_clean/train/2um/HFocusing_5_10_2um2_0_194.npy2719.npy,2um,175,2500,3,3,1,5401.82568359375,1,peak_bin_energy_over_lowest_window_energy,0.033537683324985974,0.10712103647814887,0.11224835258906896,0.5183659097423572,-0.00018681619589037873,0.10141331854683922,0.10141349061625742,0.5646409306244746,0.8703747363700952,0.019192937031368595
HFocusing_5_10_2um2_0_1941.npy2720.npy,P0/data/dataset_particles2SNR_clean/train/2um/HFocusing_5_10_2um2_0_1941.npy2720.npy,2um,176,2500,0,3,0,2733.692138671875,1,peak_bin_energy_over_lowest_window_energy,-0.25678465870573547,0.08265755045585382,0.2697603224975516,-0.8188519861450207,-0.00022680451750384795,0.049436715769053494,0.049437236030337936,0.1657986821759443,0.7508973143871974,0.03218680816811065
HFocusing_5_10_2um2_0_1946.npy2721.npy,P0/data/dataset_particles2SNR_clean/train/2um/HFocusing_5_10_2um2_0_1946.npy2721.npy,2um,177,2500,1,3,1,6442.212890625,1,peak_bin_energy_over_lowest_window_energy,0.0315843268616474,0.0765061232387045,0.08276929742555039,0.11386204359608332,0.0004986796668071438,0.0650150673494596,0.06501697981192955,0.2920321841284226,0.8610895989065646,0.017734893096026785
HFocusing_5_10_2um2_0_1954.npy2723.npy,P0/data/dataset_particles2SNR_clean/train/2um/HFocusing_5_10_2um2_0_1954.npy2723.npy,2um,178,2500,3,3,1,11459.2158203125,1,peak_bin_energy_over_lowest_window_energy,-0.053068919966083705,0.09651603447890725,0.11014379318826918,0.9990591350599693,-0.0001464155779218603,0.07906952716166278,0.07906966272275598,2.9514945158542414,0.8632336540714332,0.012216196738426471
HFocusing_5_10_2um2_0_196.npy2726.npy,P0/data/dataset_particles2SNR_clean/train/2um/HFocusing_5_10_2um2_0_196.npy2726.npy,2um,179,2500,2,3,1,4549.5185546875,1,peak_bin_energy_over_lowest_window_energy,-0.01749965016142218,0.0661313229478498,0.06840752612545617,0.6878522107183422,-0.0017196751135013226,0.05599391143642362,0.05602031239154283,0.8657257685497846,0.8281001525309286,0.023571288662069995
HFocusing_5_10_2um2_0_1961.npy2727.npy,P0/data/dataset_particles2SNR_clean/train/2um/HFocusing_5_10_2um2_0_1961.npy2727.npy,2um,180,2500,2,3,1,4129.72802734375,1,peak_bin_energy_over_lowest_window_energy,-0.23390378612328336,0.07540767289144212,0.2457586179439277,-0.3958775082464383,0.00016102761610712645,0.055940875816030335,0.0559411075771447,0.853781843506745,0.7141256655054908,0.02276574584067481
HFocusing_5_10_2um2_0_1977.npy2730.npy,P0/data/dataset_particles2SNR_clean/train/2um/HFocusing_5_10_2um2_0_1977.npy2730.npy,2um,181,2500,1,3,1,3073.405517578125,1,peak_bin_energy_over_lowest_window_energy,0.006216731272720659,0.06808543245150199,0.06836866138681716,0.12102977991357511,-3.877766796026112e-05,0.05563121748259356,0.05563123099755348,-0.4407756834020269,0.7789933946082394,0.02736374463186815
HFocusing_5_10_2um2_0_1979.npy2731.npy,P0/data/dataset_particles2SNR_clean/train/2um/HFocusing_5_10_2um2_0_1979.npy2731.npy,2um,182,2500,1,3,1,4679.01708984375,1,peak_bin_energy_over_lowest_window_energy,0.03405071831893021,0.07711211370404344,0.08429548919094339,-0.4978115850851319,1.9083876327000393e-05,0.06309438502969156,0.06309438791579884,-0.6060414253023709,0.8588688585122756,0.02126008246658329
HFocusing_5_10_2um2_0_1983.npy2732.npy,P0/data/dataset_particles2SNR_clean/train/2um/HFocusing_5_10_2um2_0_1983.npy2732.npy,2um,183,2500,1,3,1,3795.11328125,1,peak_bin_energy_over_lowest_window_energy,-0.13822670061556036,0.06653481178933338,0.1534063295399045,-0.31062148246402854,-0.00017381943055622847,0.05323942460174826,0.05323970834931083,-0.31950123650127216,0.7672119316219619,0.027205016913507334
HFocusing_5_10_2um2_0_1987.npy2733.npy,P0/data/dataset_particles2SNR_clean/train/2um/HFocusing_5_10_2um2_0_1987.npy2733.npy,2um,184,2500,0,3,0,2060.427001953125,1,peak_bin_energy_over_lowest_window_energy,0.09817625153808533,0.06695399415144461,0.1188335546001258,0.5838449467905074,-0.0002211736449001446,0.04108158850116757,0.041082183870389144,0.4952315164667267,0.4977816443209667,0.02699665365397876
HFocusing_5_10_2um2_0_1987.npy2734.npy,P0/data/dataset_particles2SNR_clean/train/2um/HFocusing_5_10_2um2_0_1987.npy2734.npy,2um,185,2500,1,3,1,5030.43798828125,1,peak_bin_energy_over_lowest_window_energy,0.03519805625291299,0.0736583580692701,0.08163612483113118,0.08790557669436794,-0.001073686705026503,0.061706178554081635,0.06171551891452226,-0.2676118793405853,0.7717170732957584,0.018452114979545253
HFocusing_5_10_2um2_0_1990.npy2735.npy,P0/data/dataset_particles2SNR_clean/train/2um/HFocusing_5_10_2um2_0_1990.npy2735.npy,2um,186,2500,2,3,1,3246.220703125,1,peak_bin_energy_over_lowest_window_energy,-0.021783631237134414,0.06675974228117008,0.07022385477402752,-0.03686092460763035,3.8057911835124705e-05,0.052820155079119815,0.05282016878983747,0.3522784310317113,0.7855298359601338,0.02570784593610597
HFocusing_5_10_2um2_0_1990.npy2736.npy,P0/data/dataset_particles2SNR_clean/train/2um/HFocusing_5_10_2um2_0_1990.npy2736.npy,2um,187,2500,1,3,1,9034.0029296875,1,peak_bin_energy_over_lowest_window_energy,-0.030926457529231562,0.08380579132018176,0.0893300421700853,0.6502014000093945,0.0003510599073089555,0.07424714559106199,0.07424797553791534,1.065768859008501,0.8792808103424915,0.014958047857520205
HFocusing_5_10_2um2_0_2000.npy2738.npy,P0/data/dataset_particles2SNR_clean/train/2um/HFocusing_5_10_2um2_0_2000.npy2738.npy,2um,188,2500,2,3,1,7483.02392578125,1,peak_bin_energy_over_lowest_window_energy,0.08061683346861183,0.08296951057774463,0.11568497535988143,0.09840593912775164,-0.00066752259591449,0.07388912599804838,0.07389214117327719,0.4137110949980163,0.8860912714730055,0.014241869044339434
HFocusing_5_10_2um2_0_2004.npy2739.npy,P0/data/dataset_particles2SNR_clean/train/2um/HFocusing_5_10_2um2_0_2004.npy2739.npy,2um,189,2500,0,3,0,2828.359130859375,1,peak_bin_energy_over_lowest_window_energy,0.01854018987476537,0.05809464192199166,0.0609813583042948,-0.028145990530104914,0.000501072350768376,0.04889228642867422,0.04889485397998675,-0.562830272135924,0.8040175677712321,0.03097305334325839
HFocusing_5_10_2um2_0_2007.npy2740.npy,P0/data/dataset_particles2SNR_clean/train/2um/HFocusing_5_10_2um2_0_2007.npy2740.npy,2um,190,2500,1,3,1,3930.9833984375,1,peak_bin_energy_over_lowest_window_energy,-0.18533074171619376,0.08352699358599293,0.20328365030810772,-0.8781707872180928,-0.00041492641841262766,0.04937174399191185,0.04937348750833366,0.4702335951407841,0.7813314458672156,0.02785687355883071
HFocusing_5_10_2um2_0_2007.npy2741.npy,P0/data/dataset_particles2SNR_clean/train/2um/HFocusing_5_10_2um2_0_2007.npy2741.npy,2um,191,2500,1,3,1,3824.355224609375,1,peak_bin_energy_over_lowest_window_energy,-0.1920007340785554,0.08256981457301212,0.20900252669603242,-0.7945836005664986,-0.00042345686765036703,0.04958201847224119,0.049583826712955775,0.4290367690267227,0.7537779596991175,0.0282192366742361
HFocusing_5_10_2um2_0_201.npy2742.npy,P0/data/dataset_particles2SNR_clean/train/2um/HFocusing_5_10_2um2_0_201.npy2742.npy,2um,192,2500,0,3,0,2034.551513671875,1,peak_bin_energy_over_lowest_window_energy,-0.08276983435395861,0.05550872864397364,0.09965974330015127,-0.11818990450656264,0.0016038786146920338,0.04276272919717334,0.04279279653167631,0.36647989078914467,0.7524977038686307,0.04273290972440958
HFocusing_5_10_2um2_0_201.npy2743.npy,P0/data/dataset_particles2SNR_clean/train/2um/HFocusing_5_10_2um2_0_201.npy2743.npy,2um,193,2500,1,3,1,3809.3876953125,1,peak_bin_energy_over_lowest_window_energy,0.002514759473182173,0.07222153751951751,0.07226530631562449,-0.5936754176372561,0.0005758759325969943,0.04955583471568249,0.04955918065765198,0.6755068055385021,0.7575427147303095,0.029828944229168913
HFocusing_5_10_2um2_0_2013.npy2745.npy,P0/data/dataset_particles2SNR_clean/train/2um/HFocusing_5_10_2um2_0_2013.npy2745.npy,2um,194,2500,1,3,1,3923.333251953125,1,peak_bin_energy_over_lowest_window_energy,-0.08860655426542986,0.07183996416192913,0.11407060054886985,-0.5317279629011593,0.001482123113143922,0.058444312062599105,0.05846310205072071,-0.41869596616445914,0.8328578233178571,0.024221090260786633
HFocusing_5_10_2um2_0_2016.npy2746.npy,P0/data/dataset_particles2SNR_clean/train/2um/HFocusing_5_10_2um2_0_2016.npy2746.npy,2um,195,2500,0,3,0,2335.3447265625,1,peak_bin_energy_over_lowest_window_energy,0.26820872987548444,0.05573585830827799,0.2739386951176869,-0.12949405004158354,-0.0012225680502647497,0.041718669821787936,0.04173657969140365,0.8946920784611447,0.6962261452619278,0.039482767529709036
HFocusing_5_10_2um2_0_2016.npy2748.npy,P0/data/dataset_particles2SNR_clean/train/2um/HFocusing_5_10_2um2_0_2016.npy2748.npy,2um,196,2500,0,3,0,2354.996337890625,1,peak_bin_energy_over_lowest_window_energy,0.26856060197207204,0.05591441030207603,0.27431955491913185,-0.121531762610815,-0.0005885033834120424,0.04034430048401285,0.04034859251295648,1.1730563903820075,0.6963644455826767,0.03932223393516696
HFocusing_5_10_2um2_0_2024.npy2751.npy,P0/data/dataset_particles2SNR_clean/train/2um/HFocusing_5_10_2um2_0_2024.npy2751.npy,2um,197,2500,1,3,1,3174.23974609375,1,peak_bin_energy_over_lowest_window_energy,0.22593956152774003,0.0706341726701415,0.2367231966076472,-0.16422990040088115,-0.0006811276426018563,0.04988174316118701,0.049886393291799946,0.4862879856979867,0.7324894410825027,0.028860668024680094
HFocusing_5_10_2um2_0_2035.npy2755.npy,P0/data/dataset_particles2SNR_clean/train/2um/HFocusing_5_10_2um2_0_2035.npy2755.npy,2um,198,2500,1,3,1,4131.8671875,1,peak_bin_energy_over_lowest_window_energy,-0.08218957582336597,0.10507864416621919,0.1334040772759054,-0.8698391890236175,0.00040428206048581926,0.05257283136618277,0.052574385796141467,1.1992958027806786,0.753383381166217,0.024408814306242022
HFocusing_5_10_2um2_0_2039.npy2756.npy,P0/data/dataset_particles2SNR_clean/train/2um/HFocusing_5_10_2um2_0_2039.npy2756.npy,2um,199,2500,0,3,0,2799.21484375,1,peak_bin_energy_over_lowest_window_energy,0.13051564846578773,0.08816290381092798,0.15750248284652535,-0.8857783975604234,-0.0003075585466769794,0.04722707053549818,0.04722807198716199,-0.39085497895172283,0.6896404633850463,0.029544523219491328
HFocusing_5_10_2um2_0_204.npy2757.npy,P0/data/dataset_particles2SNR_clean/train/2um/HFocusing_5_10_2um2_0_204.npy2757.npy,2um,200,2500,1,3,1,4137.9658203125,1,peak_bin_energy_over_lowest_window_energy,0.05307398547771511,0.06826356193542905,0.08646827061183121,0.3297742800536323,-0.0010922972311135522,0.05478127779467395,0.054792166502688464,0.468012627638279,0.770199815075893,0.02487698279293476
HFocusing_5_10_2um2_0_2041.npy2758.npy,P0/data/dataset_particles2SNR_clean/train/2um/HFocusing_5_10_2um2_0_2041.npy2758.npy,2um,201,2500,0,3,0,629.446533203125,1,peak_bin_energy_over_lowest_window_energy,0.32906353624327256,0.059131242374855106,0.3343341363213177,-0.1390091654022525,0.0005238710057843789,0.030476253076983505,0.03048075528006234,-0.006328291033678379,0.42772091752380853,0.06089779096301694
HFocusing_5_10_2um2_0_2045.npy2759.npy,P0/data/dataset_particles2SNR_clean/train/2um/HFocusing_5_10_2um2_0_2045.npy2759.npy,2um,202,2500,2,3,1,4031.702392578125,1,peak_bin_energy_over_lowest_window_energy,-0.2500617871701726,0.09419600895741288,0.26721486767439734,-0.45687309746816673,-0.0012572134407495578,0.06163429212874938,0.061647113086077426,-0.26036603809690106,0.7322965693788157,0.02365321129553937
HFocusing_5_10_2um2_0_2052.npy2764.npy,P0/data/dataset_particles2SNR_clean/train/2um/HFocusing_5_10_2um2_0_2052.npy2764.npy,2um,203,2500,1,3,1,4573.705078125,1,peak_bin_energy_over_lowest_window_energy,-0.1501219058903904,0.09000728964389328,0.1750368498836829,-0.43972952795162934,-0.000815534171654017,0.05689864392779216,0.056904488195631944,0.506669326821819,0.7344088380403108,0.018838487910038386
HFocusing_5_10_2um2_0_2059.npy2765.npy,P0/data/dataset_particles2SNR_clean/train/2um/HFocusing_5_10_2um2_0_2059.npy2765.npy,2um,204,2500,0,3,0,2663.28271484375,1,peak_bin_energy_over_lowest_window_energy,0.22233324323301157,0.06517732499731724,0.23168978126001888,0.2854441849777416,-0.001565192365139927,0.0489653132422577,0.04899032280004195,-0.2810467957567355,0.7474172678490211,0.03160995795241796
HFocusing_5_10_2um2_0_2059.npy2766.npy,P0/data/dataset_particles2SNR_clean/train/2um/HFocusing_5_10_2um2_0_2059.npy2766.npy,2um,205,2500,0,3,0,2230.616455078125,1,peak_bin_energy_over_lowest_window_energy,0.21503094474772844,0.06840949067401814,0.22565053869507873,-0.016449218957639733,9.003827018365768e-05,0.0478358708459398,0.04783595558238103,-0.2788670215986291,0.6839364844583122,0.03342532741380029
HFocusing_5_10_2um2_0_2067.npy2768.npy,P0/data/dataset_particles2SNR_clean/train/2um/HFocusing_5_10_2um2_0_2067.npy2768.npy,2um,206,2500,0,3,0,2811.494384765625,1,peak_bin_energy_over_lowest_window_energy,0.12764264246949314,0.06381785375890668,0.14270726202610734,0.4498373590032352,-0.0003947311854013102,0.04542445816145506,0.04542617320411779,0.07355128661262267,0.6420413585136,0.02609526291205812
HFocusing_5_10_2um2_0_2077.npy2770.npy,P0/data/dataset_particles2SNR_clean/train/2um/HFocusing_5_10_2um2_0_2077.npy2770.npy,2um,207,2500,2,3,1,8093.7705078125,1,peak_bin_energy_over_lowest_window_energy,-0.13655667792917947,0.08103727299922993,0.15879158007339486,0.3325487701482195,0.0004962305653027873,0.06853766898278181,0.06853946537847602,1.0930190720515842,0.8071041185352192,0.016899221146956748
HFocusing_5_10_2um2_0_2077.npy2772.npy,P0/data/dataset_particles2SNR_clean/train/2um/HFocusing_5_10_2um2_0_2077.npy2772.npy,2um,208,2500,3,3,1,6192.1943359375,1,peak_bin_energy_over_lowest_window_energy,-0.1522169721348753,0.08123889562333175,0.17253916879366263,0.45323198982361124,-0.0006529482571891039,0.06888143338522652,0.06888452806421748,1.031785991009622,0.8414444084606824,0.018316383735074295
HFocusing_5_10_2um2_0_2081.npy2775.npy,P0/data/dataset_particles2SNR_clean/train/2um/HFocusing_5_10_2um2_0_2081.npy2775.npy,2um,209,2500,0,3,0,2461.397216796875,1,peak_bin_energy_over_lowest_window_energy,-0.15695717020656486,0.07426558179596464,0.17364023127934863,1.0059640218500885,2.6505042921845146e-05,0.06357123696444954,0.06357124248988291,0.902423895708492,0.8178077747323806,0.02426787626927244
HFocusing_5_10_2um2_0_2095.npy2781.npy,P0/data/dataset_particles2SNR_clean/train/2um/HFocusing_5_10_2um2_0_2095.npy2781.npy,2um,210,2500,1,3,1,7718.1943359375,1,peak_bin_energy_over_lowest_window_energy,0.08441638535073806,0.08065454498672295,0.11675308022788787,-0.21214097552259759,0.00014989438339658214,0.0703834592369921,0.0703836188504932,0.31485033774925775,0.8933726668144049,0.015807108062037944
HFocusing_5_10_2um2_0_2112.npy2791.npy,P0/data/dataset_particles2SNR_clean/train/2um/HFocusing_5_10_2um2_0_2112.npy2791.npy,2um,211,2500,1,3,1,6136.3173828125,1,peak_bin_energy_over_lowest_window_energy,-0.02327936356414461,0.07005994832731126,0.07382631731013777,0.7974346256889375,-0.0003351054952196762,0.06141327258509653,0.06141418684069907,1.5460968700971556,0.8458987623636091,0.020400876090026738
HFocusing_5_10_2um2_0_2113.npy2793.npy,P0/data/dataset_particles2SNR_clean/train/2um/HFocusing_5_10_2um2_0_2113.npy2793.npy,2um,212,2500,1,3,1,3971.7265625,1,peak_bin_energy_over_lowest_window_energy,-0.13103898198544825,0.07361387815637706,0.15030042533873467,0.11916973032757294,-0.00023585997454182085,0.05386588949461412,0.05386640586649132,0.23375485203644208,0.7320543667282844,0.023179688351142678
HFocusing_5_10_2um2_0_2172.npy2809.npy,P0/data/dataset_particles2SNR_clean/train/2um/HFocusing_5_10_2um2_0_2172.npy2809.npy,2um,213,2500,1,3,1,5308.833984375,1,peak_bin_energy_over_lowest_window_energy,0.07116568459339939,0.0761251267258549,0.10420935458333226,-0.5872993963178326,-0.00016304301675813652,0.058942121784114815,0.058942347284772566,0.038642067191215546,0.807436282189115,0.021000536944019512
HFocusing_5_10_2um2_0_2180.npy2811.npy,P0/data/dataset_particles2SNR_clean/train/2um/HFocusing_5_10_2um2_0_2180.npy2811.npy,2um,214,2500,1,3,1,3477.843017578125,1,peak_bin_energy_over_lowest_window_energy,-0.11505908504966175,0.07029894787289234,0.13483521470484236,-0.3723636767773759,-0.0006843553627939209,0.054063056237530674,0.05406738750859884,-0.2024500383482266,0.816132700704432,0.02410762512322366
HFocusing_5_10_2um2_0_219.npy2816.npy,P0/data/dataset_particles2SNR_clean/train/2um/HFocusing_5_10_2um2_0_219.npy2816.npy,2um,215,2500,0,3,0,1914.6812744140625,1,peak_bin_energy_over_lowest_window_energy,-0.01853896933675764,0.05319529924949736,0.0563332339415448,-0.019981990320058873,-0.0001877957296219412,0.043016299848277914,0.04301670977507483,0.27349682602678405,0.7440646248148918,0.04095834673075494
HFocusing_5_10_2um2_0_2222.npy2827.npy,P0/data/dataset_particles2SNR_clean/train/2um/HFocusing_5_10_2um2_0_2222.npy2827.npy,2um,216,2500,0,3,0,2675.635498046875,1,peak_bin_energy_over_lowest_window_energy,0.03412305015540634,0.08002889698315742,0.08700003967958406,-0.8121765368152443,-0.0005389155296471392,0.04545974437733883,0.04546293862918547,-0.11853971443679301,0.6454946250269922,0.027966346758174103
HFocusing_5_10_2um2_0_223.npy2833.npy,P0/data/dataset_particles2SNR_clean/train/2um/HFocusing_5_10_2um2_0_223.npy2833.npy,2um,217,2500,1,3,1,5309.34814453125,1,peak_bin_energy_over_lowest_window_energy,-0.03447596911878277,0.07986310712367847,0.08698682846343697,-0.2981111453509384,0.00023561211130685962,0.055595513596232604,0.05559601285250481,1.9954510350567105,0.7935068878780843,0.021667557314559487
HFocusing_5_10_2um2_0_2239.npy2837.npy,P0/data/dataset_particles2SNR_clean/train/2um/HFocusing_5_10_2um2_0_2239.npy2837.npy,2um,218,2500,1,3,1,4241.2470703125,1,peak_bin_energy_over_lowest_window_energy,-0.32795453955360404,0.0688217389010931,0.3350979136896956,-0.10412161249299823,-0.0005508008739220797,0.05952132659949551,0.0595238750567075,-0.2772187162953266,0.8311963781867863,0.025380133054188948
HFocusing_5_10_2um2_0_2253.npy2842.npy,P0/data/dataset_particles2SNR_clean/train/2um/HFocusing_5_10_2um2_0_2253.npy2842.npy,2um,219,2500,1,3,1,4840.34326171875,1,peak_bin_energy_over_lowest_window_energy,-0.08528769979985057,0.0953187200799351,0.12790484797233628,-0.6241772322214367,0.0009134632232356633,0.061583205196531016,0.061589979520521435,-0.33779830576867687,0.8200551386757918,0.019046023796154922
HFocusing_5_10_2um2_0_2255.npy2843.npy,P0/data/dataset_particles2SNR_clean/train/2um/HFocusing_5_10_2um2_0_2255.npy2843.npy,2um,220,2500,0,3,0,1551.4979248046875,1,peak_bin_energy_over_lowest_window_energy,-0.23854034711788671,0.055571311860557956,0.24492788306974214,-0.1296279697745275,-0.00023695174084992319,0.03311812170727909,0.03311896936116283,0.3885122949200852,0.5732793049681767,0.047575005344475056
HFocusing_5_10_2um2_0_2255.npy2844.npy,P0/data/dataset_particles2SNR_clean/train/2um/HFocusing_5_10_2um2_0_2255.npy2844.npy,2um,221,2500,0,3,0,2308.12841796875,1,peak_bin_energy_over_lowest_window_energy,0.3164624837038551,0.061431783431433996,0.32236992354681504,0.2452082244000362,-0.0010491501447680769,0.05074286476330383,0.05075370962218632,0.49976321023667003,0.7847561205650055,0.03156482068795027
HFocusing_5_10_2um2_0_2255.npy2845.npy,P0/data/dataset_particles2SNR_clean/train/2um/HFocusing_5_10_2um2_0_2255.npy2845.npy,2um,222,2500,2,3,1,4070.8896484375,1,peak_bin_energy_over_lowest_window_energy,-0.18612613964735045,0.07116863104510601,0.1992684468370731,0.08051447656330435,5.999445054300194e-05,0.05816727339662063,0.058167304336124305,0.20849950525100924,0.8112348794333528,0.020886096343533344
HFocusing_5_10_2um2_0_226.npy2846.npy,P0/data/dataset_particles2SNR_clean/train/2um/HFocusing_5_10_2um2_0_226.npy2846.npy,2um,223,2500,2,3,1,4956.61474609375,1,peak_bin_energy_over_lowest_window_energy,-0.014642033451529323,0.07648843250822242,0.0778772717239157,0.20783831101257944,0.0006907256985516275,0.05553476034990636,0.05553905570958307,0.8849103061078387,0.7913532205091487,0.022627101912664437
HFocusing_5_10_2um2_0_229.npy2861.npy,P0/data/dataset_particles2SNR_clean/train/2um/HFocusing_5_10_2um2_0_229.npy2861.npy,2um,224,2500,0,3,0,2612.214111328125,1,peak_bin_energy_over_lowest_window_energy,0.01956398830604145,0.05905407408370107,0.06221039546829919,-0.1181791564950525,-0.00036648817384900224,0.04566579422847296,0.045667264819548865,0.40891322781656125,0.7528870164732425,0.03550676466746367
HFocusing_5_10_2um2_0_229.npy2862.npy,P0/data/dataset_particles2SNR_clean/train/2um/HFocusing_5_10_2um2_0_229.npy2862.npy,2um,225,2500,0,3,0,1802.161865234375,1,peak_bin_energy_over_lowest_window_energy,-0.008097511065838489,0.05523980463032848,0.05583015046601824,-0.017964193080130197,-0.0006874726501083731,0.04555032715839824,0.04555551473621783,0.029157729330012483,0.7496746452881513,0.04127990557268768
HFocusing_5_10_2um2_0_229.npy2863.npy,P0/data/dataset_particles2SNR_clean/train/2um/HFocusing_5_10_2um2_0_229.npy2863.npy,2um,226,2500,0,3,0,2796.33447265625,1,peak_bin_energy_over_lowest_window_energy,0.01979135597804124,0.05902736609558482,0.06225694916739613,-0.11153533058954723,0.0007118428279206449,0.04495434592617268,0.04495998151536164,0.4731981969829535,0.7652336836780319,0.03578791636383211
HFocusing_5_10_2um2_0_230.npy2866.npy,P0/data/dataset_particles2SNR_clean/train/2um/HFocusing_5_10_2um2_0_230.npy2866.npy,2um,227,2500,1,3,1,6768.59765625,1,peak_bin_energy_over_lowest_window_energy,-0.06621212153067081,0.07615886941346679,0.10091688871506993,0.9796664383579436,0.0005219232114318051,0.06497972417871264,0.0649818202128888,2.068900513412186,0.8501657423439285,0.017814644466345418
HFocusing_5_10_2um2_0_244.npy2920.npy,P0/data/dataset_particles2SNR_clean/train/2um/HFocusing_5_10_2um2_0_244.npy2920.npy,2um,228,2500,2,3,1,5075.048828125,1,peak_bin_energy_over_lowest_window_energy,0.01410935355827379,0.06242102818433434,0.06399577030884021,1.3786119271426065,-0.0005524285649098008,0.054135523194022345,0.05413834176265338,1.701041641145717,0.8426001339175132,0.0249943442254999
HFocusing_5_10_2um2_0_244.npy2921.npy,P0/data/dataset_particles2SNR_clean/train/2um/HFocusing_5_10_2um2_0_244.npy2921.npy,2um,229,2500,3,3,1,3963.572509765625,1,peak_bin_energy_over_lowest_window_energy,0.011784018930572059,0.06743191990172838,0.06845383059982249,0.6866974207003778,-0.0016194762736443892,0.05994355500516306,0.05996542745664292,0.5877822702582756,0.8476626973106672,0.02515938080665708
HFocusing_5_10_2um2_0_247.npy2935.npy,P0/data/dataset_particles2SNR_clean/train/2um/HFocusing_5_10_2um2_0_247.npy2935.npy,2um,230,2500,1,3,1,4061.772216796875,1,peak_bin_energy_over_lowest_window_energy,0.025801974244221357,0.0769356614101705,0.08114701394087068,-0.10588529720859041,-0.0002738941003400364,0.05831867128635632,0.05831931445571255,1.4417169560270988,0.8453436438100786,0.023010037901802383
HFocusing_5_10_2um2_0_254.npy2959.npy,P0/data/dataset_particles2SNR_clean/train/2um/HFocusing_5_10_2um2_0_254.npy2959.npy,2um,231,2500,1,3,1,4689.63818359375,1,peak_bin_energy_over_lowest_window_energy,-0.09647341291869888,0.06744963898173463,0.11771394649296281,0.12193068202849311,-0.0007873248514839794,0.0557079485496659,0.05571351193412589,0.347327992113883,0.7873718482427501,0.023038497435528556
HFocusing_5_10_2um2_0_254.npy2960.npy,P0/data/dataset_particles2SNR_clean/train/2um/HFocusing_5_10_2um2_0_254.npy2960.npy,2um,232,2500,2,3,1,4388.5009765625,1,peak_bin_energy_over_lowest_window_energy,-0.0356833994136994,0.07255071668038628,0.08085116872720692,-0.12501133921545549,0.0007229454227212563,0.06006044701914952,0.06006479789547534,-0.49159060160264767,0.8081001414654295,0.02123710108364525
HFocusing_5_10_2um2_0_254.npy2961.npy,P0/data/dataset_particles2SNR_clean/train/2um/HFocusing_5_10_2um2_0_254.npy2961.npy,2um,233,2500,0,3,0,2436.627197265625,1,peak_bin_energy_over_lowest_window_energy,-0.04100553956406477,0.055987889470979824,0.06939811267141734,0.6266432749599922,-0.00039875594469785785,0.0434064951931896,0.043408326750288634,0.7687831224336845,0.6920827837810846,0.03453414745956914
HFocusing_5_10_2um2_0_254.npy2962.npy,P0/data/dataset_particles2SNR_clean/train/2um/HFocusing_5_10_2um2_0_254.npy2962.npy,2um,234,2500,1,3,1,4403.37060546875,1,peak_bin_energy_over_lowest_window_energy,-0.03752713895536492,0.07252480473896737,0.08165863984050073,-0.10464959545097541,-8.933417152259696e-05,0.059379616470973735,0.05937968367071466,-0.4600485621723722,0.8203093425264579,0.021973568918960282
HFocusing_5_10_2um2_0_261.npy2982.npy,P0/data/dataset_particles2SNR_clean/train/2um/HFocusing_5_10_2um2_0_261.npy2982.npy,2um,235,2500,0,3,0,2736.98779296875,1,peak_bin_energy_over_lowest_window_energy,0.024599246883615603,0.06561960760142176,0.0700789258551074,0.6654234366896077,0.0007964209048126476,0.05284239696140785,0.052848398300086905,1.0319277350676206,0.7570950450304916,0.024779186362019232
HFocusing_5_10_2um2_0_266.npy2993.npy,P0/data/dataset_particles2SNR_clean/train/2um/HFocusing_5_10_2um2_0_266.npy2993.npy,2um,236,2500,3,3,1,3259.56396484375,1,peak_bin_energy_over_lowest_window_energy,-0.05208324388794636,0.06409248938717438,0.08258638804147062,-0.2877258120866415,-0.0010100479025471427,0.049914674744522054,0.04992489310571298,0.505136634020201,0.7235906707337951,0.029339145050979298
HFocusing_5_10_2um2_0_266.npy2994.npy,P0/data/dataset_particles2SNR_clean/train/2um/HFocusing_5_10_2um2_0_266.npy2994.npy,2um,237,2500,0,3,0,1216.175537109375,1,peak_bin_energy_over_lowest_window_energy,-0.07558662610983546,0.06604404949044221,0.10037506921424284,0.09360614066226969,-0.00010107736563191213,0.04551997212019301,0.04552008434149691,0.884181962684941,0.7199692892550252,0.037034749125490866
HFocusing_5_10_2um2_0_266.npy2995.npy,P0/data/dataset_particles2SNR_clean/train/2um/HFocusing_5_10_2um2_0_266.npy2995.npy,2um,238,2500,2,3,1,3064.525634765625,1,peak_bin_energy_over_lowest_window_energy,-0.04911561246710788,0.06586140658870764,0.08215879907753147,-0.36765300343800966,0.0004769400587030841,0.05038256330738817,0.05038482070269351,0.39268555377658254,0.7236745053321223,0.028009711165374058
HFocusing_5_10_2um2_0_270.npy2996.npy,P0/data/dataset_particles2SNR_clean/train/2um/HFocusing_5_10_2um2_0_270.npy2996.npy,2um,239,2500,1,3,1,3838.378173828125,1,peak_bin_energy_over_lowest_window_energy,0.044326770691115486,0.07459978427409591,0.08677551736316175,-0.39667868490703473,-6.294998863259487e-05,0.05710806567288832,0.05710810036763606,-0.5174613192278628,0.7305506883352558,0.02002461535493886
HFocusing_5_10_2um2_0_277.npy2998.npy,P0/data/dataset_particles2SNR_clean/train/2um/HFocusing_5_10_2um2_0_277.npy2998.npy,2um,240,2500,0,3,0,2885.10009765625,1,peak_bin_energy_over_lowest_window_energy,0.015069902761581306,0.05523149593934649,0.057250503167584156,0.6252249181882537,0.00013384574813362198,0.04541693149327255,0.04541712871757643,1.0246818933453845,0.767621360874541,0.0346227747198961
HFocusing_5_10_2um2_0_277.npy2999.npy,P0/data/dataset_particles2SNR_clean/train/2um/HFocusing_5_10_2um2_0_277.npy2999.npy,2um,241,2500,1,3,1,3594.095703125,1,peak_bin_energy_over_lowest_window_energy,0.027712059285239603,0.06071189053321816,0.06673748483383307,0.4554783426946942,-0.0004038065257325659,0.04707715195288602,0.04707888375594035,0.6046015153426656,0.7017197542181429,0.027548934817419875
HFocusing_5_10_2um2_0_277.npy3000.npy,P0/data/dataset_particles2SNR_clean/train/2um/HFocusing_5_10_2um2_0_277.npy3000.npy,2um,242,2500,1,3,1,5847.66162109375,1,peak_bin_energy_over_lowest_window_energy,0.015124326176422547,0.07122656572189937,0.0728146201447681,-0.0028588161985765304,0.0003522122272572323,0.060216056095721136,0.060217086156472775,0.37575144526645277,0.8377043840323374,0.021193933424632744
HFocusing_5_10_2um2_0_281.npy3002.npy,P0/data/dataset_particles2SNR_clean/train/2um/HFocusing_5_10_2um2_0_281.npy3002.npy,2um,243,2500,0,3,0,2188.83251953125,1,peak_bin_energy_over_lowest_window_energy,0.04519263895800707,0.05852143152429786,0.0739400606142696,0.13567869805234967,0.001047391423823062,0.0475759710785508,0.047587498913704215,-0.16926655517208378,0.6880686690715957,0.03597126125297696
HFocusing_5_10_2um2_0_295.npy3007.npy,P0/data/dataset_particles2SNR_clean/train/2um/HFocusing_5_10_2um2_0_295.npy3007.npy,2um,244,2500,2,3,1,3522.957763671875,1,peak_bin_energy_over_lowest_window_energy,0.0766529741919853,0.0738422011040692,0.1064347176271491,-0.3286944481805474,0.00010564525015277715,0.05034356734986951,0.05034367819726452,0.039529707346795284,0.7976620159729211,0.028344860385692307
HFocusing_5_10_2um2_0_295.npy3008.npy,P0/data/dataset_particles2SNR_clean/train/2um/HFocusing_5_10_2um2_0_295.npy3008.npy,2um,245,2500,1,3,1,3329.005126953125,1,peak_bin_energy_over_lowest_window_energy,0.04841172572864162,0.06450626613597582,0.08065205241548762,-0.35531972082719854,9.035436091363281e-06,0.050389228204515316,0.050389229014600204,0.17686635477620039,0.7755915018350369,0.026554780468050324
HFocusing_5_10_2um2_0_299.npy3010.npy,P0/data/dataset_particles2SNR_clean/train/2um/HFocusing_5_10_2um2_0_299.npy3010.npy,2um,246,2500,1,3,1,3205.450439453125,1,peak_bin_energy_over_lowest_window_energy,0.020440093684791334,0.06356812449850134,0.06677352680591322,0.3150966057481206,0.0015035638103593546,0.052528499762088926,0.05255001419017504,0.8182888613881052,0.8131960450450788,0.03105060447046707
HFocusing_5_10_2um2_0_306.npy3013.npy,P0/data/dataset_particles2SNR_clean/train/2um/HFocusing_5_10_2um2_0_306.npy3013.npy,2um,247,2500,1,3,1,5680.43505859375,1,peak_bin_energy_over_lowest_window_energy,-0.002523142100450045,0.07474669125156254,0.07478926459803893,0.3119043388177287,-0.0009451610107133348,0.06160979345718244,0.06161704292785279,0.4055721142319184,0.855378531671121,0.019334546428170583
HFocusing_5_10_2um2_0_310.npy3018.npy,P0/data/dataset_particles2SNR_clean/train/2um/HFocusing_5_10_2um2_0_310.npy3018.npy,2um,248,2500,0,3,0,2802.619140625,1,peak_bin_energy_over_lowest_window_energy,0.009232156599453877,0.058977954451069375,0.059696162579425935,-0.11060827567553844,0.0006830418954766346,0.04408217598799731,0.044087467449012575,0.10432630927893527,0.7366290384037267,0.0365917284364581
HFocusing_5_10_2um2_0_320.npy3026.npy,P0/data/dataset_particles2SNR_clean/train/2um/HFocusing_5_10_2um2_0_320.npy3026.npy,2um,249,2500,1,3,1,7917.79052734375,1,peak_bin_energy_over_lowest_window_energy,0.009909549597844637,0.093344380535738,0.09386891152470453,0.7363297321090707,-0.00011651511010032411,0.08235065322807841,0.08235073565465038,0.561797137194056,0.8645529176661355,0.01572460069151386
HFocusing_5_10_2um2_0_330.npy3029.npy,P0/data/dataset_particles2SNR_clean/train/2um/HFocusing_5_10_2um2_0_330.npy3029.npy,2um,250,2500,1,3,1,6880.4345703125,1,peak_bin_energy_over_lowest_window_energy,-0.003870475334245752,0.0851994099108986,0.08528727940600714,0.8505755952051035,-0.0006359406551509836,0.07507456241427622,0.07507725582499622,1.0818293494910893,0.8657532350470565,0.012990012123958927
HFocusing_5_10_2um2_0_343.npy3038.npy,P0/data/dataset_particles2SNR_clean/train/2um/HFocusing_5_10_2um2_0_343.npy3038.npy,2um,251,2500,3,3,1,3509.2421875,1,peak_bin_energy_over_lowest_window_energy,0.05828837036090605,0.06291535472568643,0.08576640355983865,0.5363116478427794,-0.0002664604620252984,0.04654189536620924,0.046542658126250074,1.8461688772828238,0.713603463778606,0.030905102486140427
HFocusing_5_10_2um2_0_343.npy3039.npy,P0/data/dataset_particles2SNR_clean/train/2um/HFocusing_5_10_2um2_0_343.npy3039.npy,2um,252,2500,1,3,1,4284.1162109375,1,peak_bin_energy_over_lowest_window_energy,0.011805015901144054,0.07082511297234342,0.07180219375458854,-0.16273129584866508,-0.0017845062209195814,0.055252957430163244,0.05528176704151137,0.2980801105355342,0.7735223291297307,0.02600614579041603
HFocusing_5_10_2um2_0_357.npy3049.npy,P0/data/dataset_particles2SNR_clean/train/2um/HFocusing_5_10_2um2_0_357.npy3049.npy,2um,253,2500,0,3,0,2747.685302734375,1,peak_bin_energy_over_lowest_window_energy,0.0772183676534976,0.066130912316559,0.10166599169285244,-0.3762277959867397,0.000331198033907439,0.05294497253380563,0.05294600843069378,-0.37128233730383764,0.7815702533257493,0.02682040405928071
HFocusing_5_10_2um2_0_357.npy3051.npy,P0/data/dataset_particles2SNR_clean/train/2um/HFocusing_5_10_2um2_0_357.npy3051.npy,2um,254,2500,0,3,0,1730.67431640625,1,peak_bin_energy_over_lowest_window_energy,0.1237990373141641,0.051909754613456635,0.1342416636664753,0.5891136587157231,-0.0003472422137536966,0.03987074454804453,0.03987225661999124,1.8797108077138622,0.7323632265895943,0.044850066243859475
HFocusing_5_10_2um2_0_368.npy3060.npy,P0/data/dataset_particles2SNR_clean/train/2um/HFocusing_5_10_2um2_0_368.npy3060.npy,2um,255,2500,1,3,1,17962.6015625,1,peak_bin_energy_over_lowest_window_energy,0.12623700749688868,0.1138257111392161,0.1699766883373064,0.1795759039556466,-0.0004182091024552303,0.10653853912002705,0.10653935994121097,0.22099783413371288,0.9383049744667331,0.007131773311296707
HFocusing_5_10_2um2_0_379.npy3063.npy,P0/data/dataset_particles2SNR_clean/train/2um/HFocusing_5_10_2um2_0_379.npy3063.npy,2um,256,2500,0,3,0,2062.201416015625,1,peak_bin_energy_over_lowest_window_energy,-0.04547296079256759,0.05574000237731544,0.07193565199722263,-0.18811310748406251,-0.00027704629835793306,0.04162605552415712,0.04162697746836354,-0.2981664885807951,0.6203510561248345,0.035309824204611824
HFocusing_5_10_2um2_0_379.npy3064.npy,P0/data/dataset_particles2SNR_clean/train/2um/HFocusing_5_10_2um2_0_379.npy3064.npy,2um,257,2500,1,3,1,8726.263671875,1,peak_bin_energy_over_lowest_window_energy,0.016693804949583092,0.08080687143234827,0.08251323284406441,0.3636481613268763,-0.0005564515713245675,0.06918487911858269,0.06918711684269066,0.9429532045225737,0.8713915508310006,0.017382497286024774
HFocusing_5_10_2um2_0_391.npy3073.npy,P0/data/dataset_particles2SNR_clean/train/2um/HFocusing_5_10_2um2_0_391.npy3073.npy,2um,258,2500,0,3,0,2287.153076171875,1,peak_bin_energy_over_lowest_window_energy,-0.12043938979070618,0.05847294234796417,0.13388327602798641,0.07418917262817715,-0.0006127888476592546,0.043285363302503516,0.04328970069660373,1.2341200032162183,0.7599434761887516,0.035369427722620285
HFocusing_5_10_2um2_0_391.npy3074.npy,P0/data/dataset_particles2SNR_clean/train/2um/HFocusing_5_10_2um2_0_391.npy3074.npy,2um,259,2500,0,3,0,2839.4921875,1,peak_bin_energy_over_lowest_window_energy,-0.012974645292340627,0.05918423929729214,0.06058973181704303,0.25363919865721263,-0.0003365491941233983,0.0499030527159196,0.049904187557036885,0.4964078691547593,0.8064996360510236,0.03152408816032343
HFocusing_5_10_2um2_0_406.npy3080.npy,P0/data/dataset_particles2SNR_clean/train/2um/HFocusing_5_10_2um2_0_406.npy3080.npy,2um,260,2500,1,3,1,4209.05517578125,1,peak_bin_energy_over_lowest_window_energy,0.14130479031140503,0.07873737609344962,0.16176099084461457,-0.12903886208403748,-0.0004980181272162425,0.05974600235319911,0.05974807795438702,1.012308081353658,0.7640107996861918,0.019714338665166007
HFocusing_5_10_2um2_0_409.npy3081.npy,P0/data/dataset_particles2SNR_clean/train/2um/HFocusing_5_10_2um2_0_409.npy3081.npy,2um,261,2500,0,3,0,2447.72802734375,1,peak_bin_energy_over_lowest_window_energy,0.06629866597476507,0.07023406722799112,0.09658331796650729,-0.550023294040793,-0.0003429277513998608,0.04110017312881223,0.04110160374804149,0.6671244980091258,0.6245487649130298,0.033480406551193255
HFocusing_5_10_2um2_0_409.npy3082.npy,P0/data/dataset_particles2SNR_clean/train/2um/HFocusing_5_10_2um2_0_409.npy3082.npy,2um,262,2500,2,3,1,4942.72607421875,1,peak_bin_energy_over_lowest_window_energy,-0.11997963327334424,0.0732560089253757,0.14057579892741456,0.4040762047876765,0.0009910169590684544,0.05683325693788213,0.05684189659732062,1.5893300396803873,0.7639740425704089,0.022876112368749726
HFocusing_5_10_2um2_0_417.npy3088.npy,P0/data/dataset_particles2SNR_clean/train/2um/HFocusing_5_10_2um2_0_417.npy3088.npy,2um,263,2500,1,3,1,4317.30712890625,1,peak_bin_energy_over_lowest_window_energy,0.04101693185140407,0.06051886365560576,0.07310897042544455,0.6762335380235172,8.02986130544653e-05,0.04947908701175631,0.04947915216921375,1.3115566037874071,0.7840165699747202,0.027503953857888907
HFocusing_5_10_2um2_0_417.npy3089.npy,P0/data/dataset_particles2SNR_clean/train/2um/HFocusing_5_10_2um2_0_417.npy3089.npy,2um,264,2500,3,3,1,3627.75341796875,1,peak_bin_energy_over_lowest_window_energy,-0.02101283610673454,0.06998994310726636,0.07307620281190635,-0.39117439587748626,-0.0003391176473729246,0.047588972231662266,0.04759018048762457,0.8236599790994705,0.7695035491250489,0.029479262457656807
HFocusing_5_10_2um2_0_438.npy3100.npy,P0/data/dataset_particles2SNR_clean/train/2um/HFocusing_5_10_2um2_0_438.npy3100.npy,2um,265,2500,1,3,1,4695.2001953125,1,peak_bin_energy_over_lowest_window_energy,0.14228092852900523,0.06295160907453448,0.15558524257830145,0.46095700577513865,0.0007912962717332687,0.05415298885208647,0.054158769847586656,0.7254039075967316,0.796105025180346,0.02440214781473711
HFocusing_5_10_2um2_0_439.npy3101.npy,P0/data/dataset_particles2SNR_clean/train/2um/HFocusing_5_10_2um2_0_439.npy3101.npy,2um,266,2500,0,3,0,1717.2392578125,1,peak_bin_energy_over_lowest_window_energy,0.049344643843334236,0.051991269553764374,0.0716797459945115,-0.043174958895532356,-0.0002244298988987185,0.03912702572601577,0.03912766937786889,-0.11098192706081766,0.6858100568779925,0.040674884442236506
HFocusing_5_10_2um2_0_442.npy3102.npy,P0/data/dataset_particles2SNR_clean/train/2um/HFocusing_5_10_2um2_0_442.npy3102.npy,2um,267,2500,1,3,1,4495.25,1,peak_bin_energy_over_lowest_window_energy,-0.024585409365611773,0.07854457431946042,0.08230244533851927,-0.08847723981094502,-0.0017048022689003283,0.05808398445165275,0.058108997586913215,-0.35193459018851536,0.7589285250093041,0.020256726340409925
HFocusing_5_10_2um2_0_442.npy3104.npy,P0/data/dataset_particles2SNR_clean/train/2um/HFocusing_5_10_2um2_0_442.npy3104.npy,2um,268,2500,2,3,1,4031.9208984375,1,peak_bin_energy_over_lowest_window_energy,-0.00831605865356026,0.07548392463459216,0.07594063279806301,-0.689015569944261,-0.0009242923147293258,0.05206553863553215,0.05207374222860461,0.3735406475452856,0.8145671331126805,0.02773629663619426
HFocusing_5_10_2um2_0_449.npy3105.npy,P0/data/dataset_particles2SNR_clean/train/2um/HFocusing_5_10_2um2_0_449.npy3105.npy,2um,269,2500,0,3,0,1662.5281982421875,1,peak_bin_energy_over_lowest_window_energy,0.009173672210308714,0.059045934217655575,0.05975431875151702,0.15418104010378153,0.0002800751638119866,0.03682196889670127,0.03682303403478617,0.6469772710051922,0.5746930548839417,0.04670003678706458
HFocusing_5_10_2um2_0_449.npy3106.npy,P0/data/dataset_particles2SNR_clean/train/2um/HFocusing_5_10_2um2_0_449.npy3106.npy,2um,270,2500,1,3,1,4189.220703125,1,peak_bin_energy_over_lowest_window_energy,-0.013591373811012908,0.06790352597804773,0.06925037387857261,0.506817348588104,-0.001501702795983378,0.058786502594929076,0.05880567998612947,-0.11544798358163932,0.791762356590614,0.02315374340961011
HFocusing_5_10_2um2_0_449.npy3107.npy,P0/data/dataset_particles2SNR_clean/train/2um/HFocusing_5_10_2um2_0_449.npy3107.npy,2um,271,2500,2,3,1,4081.234375,1,peak_bin_energy_over_lowest_window_energy,0.024943969617044218,0.06629691965460834,0.07083419496221877,0.023906524248605177,-0.0010125507845294643,0.05536303842088023,0.055372297065257384,0.039781689957138155,0.7949025187493862,0.02453932896514125
HFocusing_5_10_2um2_0_449.npy3108.npy,P0/data/dataset_particles2SNR_clean/train/2um/HFocusing_5_10_2um2_0_449.npy3108.npy,2um,272,2500,1,3,1,3506.05810546875,1,peak_bin_energy_over_lowest_window_energy,-0.013978478478248315,0.06743543031690263,0.06886897068050808,0.5735663267094226,-0.00037927776504100225,0.057050497512849054,0.057051758238345726,0.17514726277340653,0.7818174860616725,0.023606576790297554
HFocusing_5_10_2um2_0_450.npy3110.npy,P0/data/dataset_particles2SNR_clean/train/2um/HFocusing_5_10_2um2_0_450.npy3110.npy,2um,273,2500,2,3,1,7501.3193359375,1,peak_bin_energy_over_lowest_window_energy,-0.09477556351213035,0.07448033880540629,0.1205393226611547,1.6991937360213205,0.00012308604713747408,0.0679763935887509,0.06797650502569086,2.4771196654721352,0.8871837145466126,0.01852726060608812
HFocusing_5_10_2um2_0_450.npy3111.npy,P0/data/dataset_particles2SNR_clean/train/2um/HFocusing_5_10_2um2_0_450.npy3111.npy,2um,274,2500,1,3,1,3082.7177734375,1,peak_bin_energy_over_lowest_window_energy,0.1666603345329736,0.0699242072654776,0.18073478322765693,1.1207348772960506,-0.0008290003027298471,0.0552806931749973,0.05528690875252585,1.5302624850505628,0.8025257643507776,0.02366333563241461
HFocusing_5_10_2um2_0_450.npy3113.npy,P0/data/dataset_particles2SNR_clean/train/2um/HFocusing_5_10_2um2_0_450.npy3113.npy,2um,275,2500,1,3,1,4993.4658203125,1,peak_bin_energy_over_lowest_window_energy,0.16122270730176252,0.06925638907665987,0.1754685407064397,1.0381064507575442,0.000323674008924592,0.05464483124888447,0.05464578983858788,1.6766041419426578,0.7860818706509345,0.02341758108167057
HFocusing_5_10_2um2_0_453.npy3115.npy,P0/data/dataset_particles2SNR_clean/train/2um/HFocusing_5_10_2um2_0_453.npy3115.npy,2um,276,2500,1,3,1,6003.13330078125,1,peak_bin_energy_over_lowest_window_energy,-0.007175097361715403,0.07280951950180686,0.07316220439703884,0.42951139925555815,-0.0005484754000354948,0.06436990910555601,0.06437224575484365,0.9178544635929677,0.8493646434749094,0.01817504930149834
HFocusing_5_10_2um2_0_456.npy3117.npy,P0/data/dataset_particles2SNR_clean/train/2um/HFocusing_5_10_2um2_0_456.npy3117.npy,2um,277,2500,1,3,1,27976.03125,1,peak_bin_energy_over_lowest_window_energy,0.06942188924900605,0.13891307790669993,0.15529404985515108,2.818634893467041,0.000716664693017684,0.13410118148517283,0.13410309647432261,3.116847754818978,0.9629347896741657,0.0045012772343085185
HFocusing_5_10_2um2_0_468.npy3122.npy,P0/data/dataset_particles2SNR_clean/train/2um/HFocusing_5_10_2um2_0_468.npy3122.npy,2um,278,2500,1,3,1,3682.12744140625,1,peak_bin_energy_over_lowest_window_energy,-0.12204520090646698,0.06921180049309589,0.14030432777286664,0.44701296379885935,-0.00041515630224282036,0.05744756139830798,0.05744906148378455,0.6440929197562038,0.7554492318842064,0.0212558345997607
HFocusing_5_10_2um2_0_482.npy3132.npy,P0/data/dataset_particles2SNR_clean/train/2um/HFocusing_5_10_2um2_0_482.npy3132.npy,2um,279,2500,2,3,1,3662.717529296875,1,peak_bin_energy_over_lowest_window_energy,-0.024623796374119985,0.07245917091200794,0.07652883637642546,-0.08009109392307323,-0.00018519397158429517,0.06085376326381091,0.060854045060086626,0.4119001486462204,0.7982957680796847,0.021669333481302542
HFocusing_5_10_2um2_0_483.npy3134.npy,P0/data/dataset_particles2SNR_clean/train/2um/HFocusing_5_10_2um2_0_483.npy3134.npy,2um,280,2500,2,3,1,3716.46484375,1,peak_bin_energy_over_lowest_window_energy,-0.030357389114635005,0.061203973020760666,0.0683190850888927,0.34848936958426835,0.00011112652487425363,0.04719209674328549,0.04719222758179728,1.9118772712728784,0.7114440946447232,0.031607792344742695
HFocusing_5_10_2um2_0_483.npy3135.npy,P0/data/dataset_particles2SNR_clean/train/2um/HFocusing_5_10_2um2_0_483.npy3135.npy,2um,281,2500,0,3,0,1093.2838134765625,1,peak_bin_energy_over_lowest_window_energy,-0.006729765221977251,0.06987779956077295,0.07020111545693909,0.19971957977990673,0.0003223653007135294,0.05239273697647416,0.052393728701755016,0.11441011291845049,0.6905244384337658,0.0532743327255507
HFocusing_5_10_2um2_0_487.npy3137.npy,P0/data/dataset_particles2SNR_clean/train/2um/HFocusing_5_10_2um2_0_487.npy3137.npy,2um,282,2500,1,3,1,8970.0107421875,1,peak_bin_energy_over_lowest_window_energy,0.11755750002108685,0.08472944156183793,0.14490977909923383,0.24773485430049025,0.00042281647252269785,0.07224674855532597,0.07224798578912722,1.662087489297603,0.9085097375903983,0.014690949864961955
HFocusing_5_10_2um2_0_500.npy3146.npy,P0/data/dataset_particles2SNR_clean/train/2um/HFocusing_5_10_2um2_0_500.npy3146.npy,2um,283,2500,0,3,0,2245.5107421875,1,peak_bin_energy_over_lowest_window_energy,-0.004159413261503501,0.0590843977480606,0.05923062363280502,-0.1354288020030019,-0.0003112513986187007,0.04248390348362411,0.04248504363466078,0.1585939561600207,0.6333603631476374,0.036810389719422125
HFocusing_5_10_2um2_0_501.npy3147.npy,P0/data/dataset_particles2SNR_clean/train/2um/HFocusing_5_10_2um2_0_501.npy3147.npy,2um,284,2500,1,3,1,6273.6201171875,1,peak_bin_energy_over_lowest_window_energy,0.05848481656145255,0.08325526268150325,0.101744348896599,-0.3853629588589529,-0.00017349943931738922,0.07575129287227257,0.07575149156205609,-0.3808580413714724,0.8716707478276365,0.014888466120339916
HFocusing_5_10_2um2_0_513.npy3156.npy,P0/data/dataset_particles2SNR_clean/train/2um/HFocusing_5_10_2um2_0_513.npy3156.npy,2um,285,2500,3,3,1,4627.5390625,1,peak_bin_energy_over_lowest_window_energy,0.01785743933476947,0.07482332665133977,0.0769247577231678,-0.24091962144056955,-0.0003578563494577989,0.05536994318378052,0.05537109958581219,0.7578947170194965,0.7704292530566753,0.02494472020794087
HFocusing_5_10_2um2_0_513.npy3158.npy,P0/data/dataset_particles2SNR_clean/train/2um/HFocusing_5_10_2um2_0_513.npy3158.npy,2um,286,2500,2,3,1,5038.27099609375,1,peak_bin_energy_over_lowest_window_energy,0.026308494309549884,0.08096413804678043,0.08513124292816203,-0.5127253258221693,-0.00023969379732166463,0.0557099597946807,0.05571047543722289,0.6747970948286866,0.8218185971639193,0.024370013871982732
HFocusing_5_10_2um2_0_516.npy3160.npy,P0/data/dataset_particles2SNR_clean/train/2um/HFocusing_5_10_2um2_0_516.npy3160.npy,2um,287,2500,1,3,1,4907.46044921875,1,peak_bin_energy_over_lowest_window_energy,0.021840432210200707,0.0709798458660098,0.07426400876798182,0.4109241288128427,0.00016637260322581885,0.057237786788473424,0.05723802858490016,0.7729188793321544,0.7746079365845038,0.02259243829566878
HFocusing_5_10_2um2_0_519.npy3162.npy,P0/data/dataset_particles2SNR_clean/train/2um/HFocusing_5_10_2um2_0_519.npy3162.npy,2um,288,2500,0,3,0,1680.3250732421875,1,peak_bin_energy_over_lowest_window_energy,0.0804636067301494,0.06109585082116953,0.1010301687397717,0.8299212618876606,-0.00039420811650998206,0.051721517085583944,0.051723019340265464,1.8655279130831772,0.8263841118746419,0.030257240299307236
HFocusing_5_10_2um2_0_519.npy3163.npy,P0/data/dataset_particles2SNR_clean/train/2um/HFocusing_5_10_2um2_0_519.npy3163.npy,2um,289,2500,1,3,1,4720.30126953125,1,peak_bin_energy_over_lowest_window_energy,0.07706578131166114,0.060148453623161166,0.09775976228712072,0.9836781759645481,0.0011372181407387871,0.05254662335801163,0.05255892779945534,1.6448361183512503,0.8350126321935972,0.026684314516885046
HFocusing_5_10_2um2_0_523.npy3165.npy,P0/data/dataset_particles2SNR_clean/train/2um/HFocusing_5_10_2um2_0_523.npy3165.npy,2um,290,2500,1,3,1,5306.29052734375,1,peak_bin_energy_over_lowest_window_energy,0.024575091042666707,0.07506622457232662,0.07898653791183868,-0.4093272280223812,-0.0014533309379422819,0.06551402342420495,0.06553014143157677,-0.5670442019089976,0.8528249118962371,0.01953012086669943
HFocusing_5_10_2um2_0_528.npy3168.npy,P0/data/dataset_particles2SNR_clean/train/2um/HFocusing_5_10_2um2_0_528.npy3168.npy,2um,291,2500,0,3,0,2971.493896484375,1,peak_bin_energy_over_lowest_window_energy,0.08318280763740217,0.06072951185434813,0.10299249048599836,0.9488194574884972,0.0007289034454047215,0.04798409077604264,0.04798962666906487,1.4966727104899809,0.7084560524818725,0.02914706589161674
HFocusing_5_10_2um2_0_528.npy3169.npy,P0/data/dataset_particles2SNR_clean/train/2um/HFocusing_5_10_2um2_0_528.npy3169.npy,2um,292,2500,1,3,1,4544.671875,1,peak_bin_energy_over_lowest_window_energy,-0.1468931484939003,0.0647384419590267,0.16052620640173773,0.40721931017722435,-0.0006226490193495779,0.0516441910356454,0.05164794438820904,1.0947385114924177,0.806965286064459,0.025713160360156948
HFocusing_5_10_2um2_0_535.npy3175.npy,P0/data/dataset_particles2SNR_clean/train/2um/HFocusing_5_10_2um2_0_535.npy3175.npy,2um,293,2500,1,3,1,4543.36474609375,1,peak_bin_energy_over_lowest_window_energy,0.01975998625302569,0.06915050458301711,0.07191835190551599,0.0374611779846461,0.0008502956308022014,0.053827670169484226,0.05383438565205833,1.394015947600086,0.7863024850844423,0.025810058666544535
HFocusing_5_10_2um2_0_543.npy3177.npy,P0/data/dataset_particles2SNR_clean/train/2um/HFocusing_5_10_2um2_0_543.npy3177.npy,2um,294,2500,1,3,1,3666.6796875,1,peak_bin_energy_over_lowest_window_energy,-0.059536784031541404,0.0697698717499968,0.091719483518113,0.701256662018745,0.0001715482683568478,0.05012799592950613,0.05012828946530053,0.31162539149977597,0.6716194991759876,0.02453897440494731
HFocusing_5_10_2um2_0_543.npy3178.npy,P0/data/dataset_particles2SNR_clean/train/2um/HFocusing_5_10_2um2_0_543.npy3178.npy,2um,295,2500,1,3,1,4123.318359375,1,peak_bin_energy_over_lowest_window_energy,-0.0644333059000715,0.07031434122939333,0.09537168076392359,0.47850898972159195,-0.0008145151487782863,0.05232430326934041,0.05233064252949219,-0.021046583672444275,0.7429466175573887,0.023746672909576747
HFocusing_5_10_2um2_0_572.npy3188.npy,P0/data/dataset_particles2SNR_clean/train/2um/HFocusing_5_10_2um2_0_572.npy3188.npy,2um,296,2500,1,3,1,5024.02734375,1,peak_bin_energy_over_lowest_window_energy,-0.11585642176915871,0.08571044741467779,0.1441145074625641,0.38342454450022645,0.0009118911769678093,0.0616048400311817,0.06161158868902926,-0.3102523542229907,0.7438273497373364,0.018404067988437918
HFocusing_5_10_2um2_0_580.npy3193.npy,P0/data/dataset_particles2SNR_clean/train/2um/HFocusing_5_10_2um2_0_580.npy3193.npy,2um,297,2500,2,3,1,3328.7578125,1,peak_bin_energy_over_lowest_window_energy,0.1374198357641094,0.060925655376927436,0.15032014750040304,0.12461025775007828,0.00017101947409777215,0.048869429179671846,0.04886972842166696,0.2509732795979889,0.7131995417081637,0.03173741042374578
HFocusing_5_10_2um2_0_580.npy3194.npy,P0/data/dataset_particles2SNR_clean/train/2um/HFocusing_5_10_2um2_0_580.npy3194.npy,2um,298,2500,1,3,1,7347.2802734375,1,peak_bin_energy_over_lowest_window_energy,-0.08392465228860557,0.09377648021650228,0.12584663485194744,-0.5041505613888586,-0.0008226563303628374,0.06628494968960918,0.06629005444855138,1.0930722427315587,0.8393284464434448,0.0162642926678404
HFocusing_5_10_2um2_0_580.npy3195.npy,P0/data/dataset_particles2SNR_clean/train/2um/HFocusing_5_10_2um2_0_580.npy3195.npy,2um,299,2500,0,3,0,2721.3349609375,1,peak_bin_energy_over_lowest_window_energy,-0.22295599007629388,0.06479598113817099,0.23218073279787596,-0.27537817526151054,-0.0006009099085524823,0.049057732105609146,0.04906141225101364,0.15768174394418644,0.7526018104843064,0.028866004698436473
HFocusing_5_10_2um2_0_580.npy3197.npy,P0/data/dataset_particles2SNR_clean/train/2um/HFocusing_5_10_2um2_0_580.npy3197.npy,2um,300,2500,3,3,1,5821.51953125,1,peak_bin_energy_over_lowest_window_energy,-0.1060870798711414,0.08629895714554157,0.13675517730599437,-0.3729835058616353,-0.00034957381896887226,0.06492651604054123,0.06492745711189962,1.378090770063765,0.8623794171370172,0.021360838259227834
HFocusing_5_10_2um2_0_580.npy3198.npy,P0/data/dataset_particles2SNR_clean/train/2um/HFocusing_5_10_2um2_0_580.npy3198.npy,2um,301,2500,2,3,1,3259.310546875,1,peak_bin_energy_over_lowest_window_energy,0.13936727453668696,0.06096452448659115,0.15211808064020677,0.15872446417816644,0.0005138524209935128,0.04886826581249886,0.04887096733063103,0.24395322359266958,0.7244928841501862,0.029993534142434896
HFocusing_5_10_2um2_0_587.npy3201.npy,P0/data/dataset_particles2SNR_clean/train/2um/HFocusing_5_10_2um2_0_587.npy3201.npy,2um,302,2500,1,3,1,3776.59765625,1,peak_bin_energy_over_lowest_window_energy,0.0716421920795181,0.0689287623588563,0.09941719150268856,0.32465154575717703,-0.0008838471317221549,0.05264781191937059,0.05265523037315166,1.0584786322492041,0.8002749387606944,0.025572267880394583
HFocusing_5_10_2um2_0_588.npy3202.npy,P0/data/dataset_particles2SNR_clean/train/2um/HFocusing_5_10_2um2_0_588.npy3202.npy,2um,303,2500,0,3,0,4327.6044921875,1,peak_bin_energy_over_lowest_window_energy,0.14838082043295345,0.0640527227472803,0.16161565259496474,0.08574068182104133,-0.0006161056172359757,0.05544690996843188,0.05545033283199461,-0.19068811669897734,0.8316249163294901,0.02561359743555627
HFocusing_5_10_2um2_0_602.npy3208.npy,P0/data/dataset_particles2SNR_clean/train/2um/HFocusing_5_10_2um2_0_602.npy3208.npy,2um,304,2500,0,3,0,2507.306884765625,1,peak_bin_energy_over_lowest_window_energy,0.004980573664880636,0.06231245510342306,0.06251118439965297,0.6061330990721676,0.0016906261522328925,0.05088587639284305,0.05091395322555808,1.135950849013228,0.7818708670663859,0.031043524422993678
HFocusing_5_10_2um2_0_602.npy3209.npy,P0/data/dataset_particles2SNR_clean/train/2um/HFocusing_5_10_2um2_0_602.npy3209.npy,2um,305,2500,0,3,0,2978.26904296875,1,peak_bin_energy_over_lowest_window_energy,0.0014827820814809912,0.0658888936406108,0.06590557599994772,0.18371878749837345,-0.0004045285418329664,0.055450671579638476,0.05545214713583311,0.35499798306713615,0.803703806362926,0.025717736676497384
HFocusing_5_10_2um2_0_609.npy3211.npy,P0/data/dataset_particles2SNR_clean/train/2um/HFocusing_5_10_2um2_0_609.npy3211.npy,2um,306,2500,1,3,1,5140.24169921875,1,peak_bin_energy_over_lowest_window_energy,0.05804747521915714,0.06966623297601736,0.09068017091066487,0.24064519537790208,-6.165600023274269e-05,0.05949315029807651,0.059493182246807795,0.3423338590480225,0.8453484078351517,0.019315918404745183
HFocusing_5_10_2um2_0_613.npy3216.npy,P0/data/dataset_particles2SNR_clean/train/2um/HFocusing_5_10_2um2_0_613.npy3216.npy,2um,307,2500,0,3,0,2768.005615234375,1,peak_bin_energy_over_lowest_window_energy,0.02926356803063926,0.06963983315717329,0.07553848539680143,1.4015421280690639,-0.00022692022471682848,0.05906586033105026,0.05906629622242724,3.4327207097397014,0.8463397405144781,0.02094940138463505
HFocusing_5_10_2um2_0_613.npy3217.npy,P0/data/dataset_particles2SNR_clean/train/2um/HFocusing_5_10_2um2_0_613.npy3217.npy,2um,308,2500,2,3,1,5255.4814453125,1,peak_bin_energy_over_lowest_window_energy,0.02322299551432414,0.06896362500294824,0.0727687370661714,1.626528715042535,-0.0006139215629265265,0.060076448225338364,0.060079584977404656,3.100683396755425,0.8268454098900676,0.024377216430974572
HFocusing_5_10_2um2_0_613.npy3218.npy,P0/data/dataset_particles2SNR_clean/train/2um/HFocusing_5_10_2um2_0_613.npy3218.npy,2um,309,2500,3,3,1,3408.1845703125,1,peak_bin_energy_over_lowest_window_energy,0.07247913359490332,0.08275324000379383,0.11000601591637317,-0.30460510318566447,0.0003197043108017216,0.05515511549055582,0.05515604205907904,0.4049688832352478,0.8253598515328561,0.02560798150113838
HFocusing_5_10_2um2_0_627.npy3223.npy,P0/data/dataset_particles2SNR_clean/train/2um/HFocusing_5_10_2um2_0_627.npy3223.npy,2um,310,2500,1,3,1,14476.40234375,1,peak_bin_energy_over_lowest_window_energy,0.07041382166258418,0.09122770335266338,0.1152414861936957,2.033355622023427,-0.0014709922848054938,0.08496498612220443,0.08497771875643845,2.913104235960785,0.9201658649021544,0.010634339505730148
HFocusing_5_10_2um2_0_630.npy3227.npy,P0/data/dataset_particles2SNR_clean/train/2um/HFocusing_5_10_2um2_0_630.npy3227.npy,2um,311,2500,1,3,1,4031.1904296875,1,peak_bin_energy_over_lowest_window_energy,-0.02348592579490041,0.06527381628482587,0.06937045338491574,-0.2594237801893584,-2.268567369479486e-05,0.05480470540443502,0.05480471009965019,-0.18685881422586537,0.8398049147424275,0.021992742545297834
HFocusing_5_10_2um2_0_633.npy3229.npy,P0/data/dataset_particles2SNR_clean/train/2um/HFocusing_5_10_2um2_0_633.npy3229.npy,2um,312,2500,0,3,0,1694.1507568359375,1,peak_bin_energy_over_lowest_window_energy,-0.03128244681960881,0.05931204361799655,0.06705602133414104,0.7201899339354867,-0.00019679559651338425,0.04649230793220127,0.04649272443479122,0.9577155090246077,0.7143082176629834,0.0359938046803329
HFocusing_5_10_2um2_0_633.npy3230.npy,P0/data/dataset_particles2SNR_clean/train/2um/HFocusing_5_10_2um2_0_633.npy3230.npy,2um,313,2500,1,3,1,3299.20166015625,1,peak_bin_energy_over_lowest_window_energy,-0.0375402117853481,0.06074913744473849,0.07141236028285662,0.39814276568600704,0.0010439668998439245,0.04914884733559989,0.04915993349574503,0.6954861474384044,0.7574718992700689,0.03512770296388275
HFocusing_5_10_2um2_0_636.npy3231.npy,P0/data/dataset_particles2SNR_clean/train/2um/HFocusing_5_10_2um2_0_636.npy3231.npy,2um,314,2500,1,3,1,3557.81884765625,1,peak_bin_energy_over_lowest_window_energy,-0.0016881907211392785,0.05958712549379116,0.05961103515729078,0.3320000007186903,0.00023892474534825605,0.04754871984915514,0.04754932012476497,0.5758135803156121,0.7750718293261223,0.02977271502908408
HFocusing_5_10_2um2_0_636.npy3232.npy,P0/data/dataset_particles2SNR_clean/train/2um/HFocusing_5_10_2um2_0_636.npy3232.npy,2um,315,2500,0,3,0,2070.51220703125,1,peak_bin_energy_over_lowest_window_energy,-0.030612066048489612,0.0576259012180076,0.065252149994806,-0.07008269330479733,-0.0001587341201096617,0.03849015878697056,0.03849048609678883,-0.05607515031864274,0.6831160434012026,0.04169694315688901
HFocusing_5_10_2um2_0_637.npy3234.npy,P0/data/dataset_particles2SNR_clean/train/2um/HFocusing_5_10_2um2_0_637.npy3234.npy,2um,316,2500,0,3,0,2803.833984375,1,peak_bin_energy_over_lowest_window_energy,0.08128006957457572,0.05827829730296527,0.10001404724627776,1.0096728983041903,-0.0003288394934103442,0.04438874841893333,0.04438996645202362,1.3662496460131504,0.7016698311910557,0.03380332094979267
HFocusing_5_10_2um2_0_637.npy3236.npy,P0/data/dataset_particles2SNR_clean/train/2um/HFocusing_5_10_2um2_0_637.npy3236.npy,2um,317,2500,0,3,0,1073.72705078125,1,peak_bin_energy_over_lowest_window_energy,0.09215680782873599,0.061121770207747006,0.11058366978225674,1.2199267417129578,0.000251062551104342,0.04433310069105713,0.044333811580868805,1.3145019512980225,0.6138248621257882,0.04413981905647559
HFocusing_5_10_2um2_0_637.npy3237.npy,P0/data/dataset_particles2SNR_clean/train/2um/HFocusing_5_10_2um2_0_637.npy3237.npy,2um,318,2500,0,3,0,2451.32958984375,1,peak_bin_energy_over_lowest_window_energy,0.08513295202834331,0.06040956174035588,0.10438838379207752,0.8789949898558302,-0.0001932885033295121,0.044732459926630365,0.044732877523507374,1.3573466516254733,0.6875828468321992,0.035112481896473036
HFocusing_5_10_2um2_0_641.npy3238.npy,P0/data/dataset_particles2SNR_clean/train/2um/HFocusing_5_10_2um2_0_641.npy3238.npy,2um,319,2500,2,3,1,3217.150634765625,1,peak_bin_energy_over_lowest_window_energy,0.046006007903342666,0.06766962369775652,0.08182744487394433,-0.03341550204692956,0.0004835271615914216,0.0541993894299691,0.05420154622423094,-0.4834794077523523,0.6894503999270163,0.02421467737820643
HFocusing_5_10_2um2_0_660.npy3250.npy,P0/data/dataset_particles2SNR_clean/train/2um/HFocusing_5_10_2um2_0_660.npy3250.npy,2um,320,2500,2,3,1,3145.149658203125,1,peak_bin_energy_over_lowest_window_energy,-0.07771441898137289,0.08513953074274172,0.11527476138646582,-0.7157999905378292,-0.00012792145355200465,0.04583945225098,0.04583963074205719,0.8669135347316281,0.6632986254884496,0.029125894034107137
HFocusing_5_10_2um2_0_661.npy3251.npy,P0/data/dataset_particles2SNR_clean/train/2um/HFocusing_5_10_2um2_0_661.npy3251.npy,2um,321,2500,0,3,0,2724.569580078125,1,peak_bin_energy_over_lowest_window_energy,-0.04445064586368008,0.06849236899916661,0.08165209445455945,-0.1326352965949047,0.0014956493731199027,0.05069404588119779,0.05071610449208713,-0.3794533228966679,0.757428824258178,0.029453939428840774
HFocusing_5_10_2um2_0_661.npy3252.npy,P0/data/dataset_particles2SNR_clean/train/2um/HFocusing_5_10_2um2_0_661.npy3252.npy,2um,322,2500,0,3,0,2449.016357421875,1,peak_bin_energy_over_lowest_window_energy,0.015604055254489163,0.05812534307547186,0.06018340342674595,-0.14554080620206689,-0.0006065668634493042,0.04665377304508975,0.04665771600392134,-0.27180166988156884,0.762591265792922,0.03435473197336505
HFocusing_5_10_2um2_0_664.npy3253.npy,P0/data/dataset_particles2SNR_clean/train/2um/HFocusing_5_10_2um2_0_664.npy3253.npy,2um,323,2500,2,3,1,3183.002685546875,1,peak_bin_energy_over_lowest_window_energy,0.06715660901344786,0.06751686730278654,0.09522886907113406,-0.4011090741454333,0.00013074023702918468,0.04562940507753914,0.04562959237972363,0.7546048805514745,0.6933791745565131,0.03180285152745672
HFocusing_5_10_2um2_0_668.npy3255.npy,P0/data/dataset_particles2SNR_clean/train/2um/HFocusing_5_10_2um2_0_668.npy3255.npy,2um,324,2500,1,3,1,5570.95654296875,1,peak_bin_energy_over_lowest_window_energy,0.01060344511313713,0.07203697165551813,0.07281317417586762,0.0004018061392425665,-0.0006837794951064791,0.05930427626350575,0.05930821812814933,0.3491033414548874,0.8192574023115263,0.01982809616461846
HFocusing_5_10_2um2_0_669.npy3256.npy,P0/data/dataset_particles2SNR_clean/train/2um/HFocusing_5_10_2um2_0_669.npy3256.npy,2um,325,2500,1,3,1,3309.131103515625,1,peak_bin_energy_over_lowest_window_energy,0.15113879508524092,0.06643912158448108,0.165097220620869,-0.42536972696614717,-0.00038500843907618556,0.05096763948101131,0.05096909363295077,-0.34924514213587265,0.8107080461742177,0.030565967750116024
HFocusing_5_10_2um2_0_673.npy3257.npy,P0/data/dataset_particles2SNR_clean/train/2um/HFocusing_5_10_2um2_0_673.npy3257.npy,2um,326,2500,1,3,1,7088.216796875,1,peak_bin_energy_over_lowest_window_energy,-0.17033335450862958,0.08102783279317745,0.18862386207826837,-0.19912697333056917,0.00019454185170629187,0.06999120838298895,0.06999147874879517,-0.28819003337390825,0.885290713839989,0.015971238906571594
HFocusing_5_10_2um2_0_680.npy3259.npy,P0/data/dataset_particles2SNR_clean/train/2um/HFocusing_5_10_2um2_0_680.npy3259.npy,2um,327,2500,0,3,0,3655.86181640625,1,peak_bin_energy_over_lowest_window_energy,0.14414630656440675,0.07371384428835309,0.16190086020749705,-0.301248852825732,0.0003407347109584332,0.05800016699394092,0.05800116784572778,-0.3907315857910554,0.8117698189571181,0.023463978485064537
HFocusing_5_10_2um2_0_680.npy3262.npy,P0/data/dataset_particles2SNR_clean/train/2um/HFocusing_5_10_2um2_0_680.npy3262.npy,2um,328,2500,0,3,0,1755.6512451171875,1,peak_bin_energy_over_lowest_window_energy,0.011125748165875157,0.0649157480291678,0.06586225485387572,0.48353771063734285,0.0005181198487849301,0.04967774709564879,0.049680448917828295,2.2339703094855343,0.7636825959403174,0.02750341963821448
HFocusing_5_10_2um2_0_680.npy3263.npy,P0/data/dataset_particles2SNR_clean/train/2um/HFocusing_5_10_2um2_0_680.npy3263.npy,2um,329,2500,2,3,1,4296.34765625,1,peak_bin_energy_over_lowest_window_energy,0.02345674073233122,0.06433885868729733,0.06848143852875625,0.5869739658689341,2.442405659143887e-06,0.04950077857888127,0.049500778639136336,2.2709609919897353,0.7229229577562256,0.024528861819824756
HFocusing_5_10_2um2_0_69.npy3266.npy,P0/data/dataset_particles2SNR_clean/train/2um/HFocusing_5_10_2um2_0_69.npy3266.npy,2um,330,2500,1,3,1,3500.203857421875,1,peak_bin_energy_over_lowest_window_energy,0.06210878894703975,0.07177627490693386,0.09491751842512355,-0.001003116657646963,0.0003698533615448992,0.05944535280636829,0.059446503360438656,0.1841671460493317,0.7821884708354495,0.02328467305135736
HFocusing_5_10_2um2_0_69.npy3267.npy,P0/data/dataset_particles2SNR_clean/train/2um/HFocusing_5_10_2um2_0_69.npy3267.npy,2um,331,2500,1,3,1,3740.089599609375,1,peak_bin_energy_over_lowest_window_energy,0.03203700262616178,0.06954543762381676,0.0765698206316097,-0.1047872886197263,0.001417440983671807,0.05579759787119527,0.05581559877971218,-0.2833241281784198,0.7623782576121336,0.02559127264864142
HFocusing_5_10_2um2_0_691.npy3268.npy,P0/data/dataset_particles2SNR_clean/train/2um/HFocusing_5_10_2um2_0_691.npy3268.npy,2um,332,2500,1,3,1,4388.1416015625,1,peak_bin_energy_over_lowest_window_energy,-0.08301080000733062,0.08868035891633329,0.12147015672743135,-0.2342523881130072,0.0005803972510512803,0.08084148635541233,0.0808435697945195,-0.09425031817151108,0.8555978156949102,0.018526415900941624
HFocusing_5_10_2um2_0_694.npy3269.npy,P0/data/dataset_particles2SNR_clean/train/2um/HFocusing_5_10_2um2_0_694.npy3269.npy,2um,333,2500,3,3,1,3048.664306640625,1,peak_bin_energy_over_lowest_window_energy,0.21345431507569293,0.06885485959263817,0.22428494446563976,-0.21149582236340958,-0.0010014397031302504,0.04673158428610108,0.046742313286442884,0.7716439073396058,0.7595408642355642,0.03275450602271858
HFocusing_5_10_2um2_0_694.npy3270.npy,P0/data/dataset_particles2SNR_clean/train/2um/HFocusing_5_10_2um2_0_694.npy3270.npy,2um,334,2500,0,3,0,1732.206787109375,1,peak_bin_energy_over_lowest_window_energy,0.05726617493657126,0.09281315691373211,0.10905822705398727,-0.8528493112153437,-9.018876046081549e-05,0.04300736925966513,0.04300746382489559,-0.02733610476702575,0.6575796934245602,0.03676967922871581
HFocusing_5_10_2um2_0_701.npy3272.npy,P0/data/dataset_particles2SNR_clean/train/2um/HFocusing_5_10_2um2_0_701.npy3272.npy,2um,335,2500,1,3,1,5540.59814453125,1,peak_bin_energy_over_lowest_window_energy,-0.0313427357495048,0.06485589576627941,0.0720323142756762,0.7673583343852735,-0.0008702692048539916,0.05623348852637506,0.05624022226427339,1.6643403315020597,0.8562173586156626,0.02613746001600782
HFocusing_5_10_2um2_0_701.npy3273.npy,P0/data/dataset_particles2SNR_clean/train/2um/HFocusing_5_10_2um2_0_701.npy3273.npy,2um,336,2500,0,3,0,1848.4617919921875,1,peak_bin_energy_over_lowest_window_energy,-0.06787389804162437,0.05298975925735551,0.08610912043167852,-0.39041453515971547,0.00017651242099281164,0.03992537091196164,0.03992576109597007,-0.14745454564990235,0.7378340922688869,0.04743366803828025
HFocusing_5_10_2um2_0_706.npy3276.npy,P0/data/dataset_particles2SNR_clean/train/2um/HFocusing_5_10_2um2_0_706.npy3276.npy,2um,337,2500,1,3,1,3685.2734375,1,peak_bin_energy_over_lowest_window_energy,0.025382150963778122,0.0690942092585982,0.07360885368363632,1.093410114581081,0.0007916969538515523,0.055398038341367084,0.05540369514877428,2.625774853416665,0.806059885477545,0.02205495105841615
HFocusing_5_10_2um2_0_706.npy3277.npy,P0/data/dataset_particles2SNR_clean/train/2um/HFocusing_5_10_2um2_0_706.npy3277.npy,2um,338,2500,2,3,1,5928.189453125,1,peak_bin_energy_over_lowest_window_energy,0.16088274928412574,0.07651461188811857,0.17815090471173106,1.1929159197401003,-0.0004945459259071745,0.06655933783573828,0.06656117508581691,1.631161274921343,0.8158003739735894,0.01713339267044005
HFocusing_5_10_2um2_0_72.npy3282.npy,P0/data/dataset_particles2SNR_clean/train/2um/HFocusing_5_10_2um2_0_72.npy3282.npy,2um,339,2500,0,3,0,2530.76025390625,1,peak_bin_energy_over_lowest_window_energy,0.10955416594292483,0.06027571701051301,0.12504110258863427,-0.051359042743832184,0.0009585405371058472,0.04175808374541803,0.04176908375881161,1.5737498599896407,0.6869913996581919,0.041163249899852795
HFocusing_5_10_2um2_0_729.npy3285.npy,P0/data/dataset_particles2SNR_clean/train/2um/HFocusing_5_10_2um2_0_729.npy3285.npy,2um,340,2500,0,3,0,2327.843505859375,1,peak_bin_energy_over_lowest_window_energy,0.17533205831361034,0.05829260790213106,0.18476839234165254,-0.044369002069433616,-0.000647449562963253,0.04378357445410854,0.043788361272318096,0.12660313260435307,0.6627789232617269,0.03572789106375797
HFocusing_5_10_2um2_0_729.npy3287.npy,P0/data/dataset_particles2SNR_clean/train/2um/HFocusing_5_10_2um2_0_729.npy3287.npy,2um,341,2500,0,3,0,2683.579833984375,1,peak_bin_energy_over_lowest_window_energy,0.1715940839428004,0.05924024080504065,0.18153218936268034,-0.10543723129926352,0.000649171674707086,0.04439102754824855,0.04439577401794684,-0.019086222712660028,0.7512118547225963,0.03511653909465443
HFocusing_5_10_2um2_0_736.npy3293.npy,P0/data/dataset_particles2SNR_clean/train/2um/HFocusing_5_10_2um2_0_736.npy3293.npy,2um,342,2500,2,3,1,4909.57080078125,1,peak_bin_energy_over_lowest_window_energy,-0.09596058225584678,0.07965308843828021,0.12471185927824836,-0.3468859463622831,-3.5327664306585404e-06,0.05493951532602396,0.0549395154396074,1.5354918544968692,0.7698171388655751,0.02411949051905024
HFocusing_5_10_2um2_0_739.npy3294.npy,P0/data/dataset_particles2SNR_clean/train/2um/HFocusing_5_10_2um2_0_739.npy3294.npy,2um,343,2500,0,3,0,2685.407958984375,1,peak_bin_energy_over_lowest_window_energy,0.23446951524254228,0.06889854797671192,0.24438282159630625,-0.4479449406908702,-0.0008682611113298382,0.05358553818801231,0.053592572062333164,0.1194112192904071,0.8182959693000136,0.028664591327995915
HFocusing_5_10_2um2_0_743.npy3296.npy,P0/data/dataset_particles2SNR_clean/train/2um/HFocusing_5_10_2um2_0_743.npy3296.npy,2um,344,2500,1,3,1,4964.81201171875,1,peak_bin_energy_over_lowest_window_energy,0.013544603156766798,0.0747033286572758,0.07592129863978395,-0.17211785157991244,0.00010024441272239959,0.057881120945690555,0.0578812077523607,0.22439665296152,0.809082493624786,0.02141742767504293
HFocusing_5_10_2um2_0_76.npy3307.npy,P0/data/dataset_particles2SNR_clean/train/2um/HFocusing_5_10_2um2_0_76.npy3307.npy,2um,345,2500,0,3,0,1920.7078857421875,1,peak_bin_energy_over_lowest_window_energy,-0.008229361056304943,0.06832748960152545,0.06882127736856963,0.21350751285806346,-0.00019134166919880692,0.04184897130018496,0.04184940872363762,0.4165082344126936,0.6249086597623169,0.03287370101393087
HFocusing_5_10_2um2_0_773.npy3311.npy,P0/data/dataset_particles2SNR_clean/train/2um/HFocusing_5_10_2um2_0_773.npy3311.npy,2um,346,2500,2,3,1,3545.980712890625,1,peak_bin_energy_over_lowest_window_energy,0.1482894862753034,0.06733373826645042,0.16286068908342569,-0.31539822730142797,0.0008959014678335789,0.05331780768648352,0.05332533409115134,-0.21186214992079622,0.7920287744539208,0.023923449014599318
HFocusing_5_10_2um2_0_777.npy3312.npy,P0/data/dataset_particles2SNR_clean/train/2um/HFocusing_5_10_2um2_0_777.npy3312.npy,2um,347,2500,1,3,1,7342.02783203125,1,peak_bin_energy_over_lowest_window_energy,0.04666002298288942,0.0886393155842554,0.1001702850750111,-0.04922431667391525,-0.00021115362155648256,0.07488548597047527,0.07488578366343072,-0.1714782742278831,0.8806613322314935,0.013181950293168727
HFocusing_5_10_2um2_0_780.npy3317.npy,P0/data/dataset_particles2SNR_clean/train/2um/HFocusing_5_10_2um2_0_780.npy3317.npy,2um,348,2500,1,3,1,4354.4951171875,1,peak_bin_energy_over_lowest_window_energy,0.015550851136994094,0.06531995594637009,0.06714555544427853,0.2695461993515478,0.000303858770137938,0.054559959775152635,0.05456080590330813,0.14932873661184543,0.8080326213048797,0.023517884563575234
HFocusing_5_10_2um2_0_784.npy3319.npy,P0/data/dataset_particles2SNR_clean/train/2um/HFocusing_5_10_2um2_0_784.npy3319.npy,2um,349,2500,2,3,1,3911.36669921875,1,peak_bin_energy_over_lowest_window_energy,-0.15116315452374807,0.06657898230736302,0.1651758462083809,0.33395634563196275,-0.000360893755728674,0.056310678777320856,0.05631183524504896,0.4926573474017979,0.8409289809192997,0.02768288321154021
HFocusing_5_10_2um2_0_788.npy3321.npy,P0/data/dataset_particles2SNR_clean/train/2um/HFocusing_5_10_2um2_0_788.npy3321.npy,2um,350,2500,1,3,1,3178.98583984375,1,peak_bin_energy_over_lowest_window_energy,-0.03232686010073351,0.07511549630574646,0.08177630261408868,0.22491641003966434,-0.00023151427753705515,0.06041540558053909,0.06041584916494791,0.5325520972946061,0.8150610818904472,0.024158009355961255
HFocusing_5_10_2um2_0_788.npy3322.npy,P0/data/dataset_particles2SNR_clean/train/2um/HFocusing_5_10_2um2_0_788.npy3322.npy,2um,351,2500,1,3,1,4121.72021484375,1,peak_bin_energy_over_lowest_window_energy,0.017937245181576647,0.06693454600910388,0.06929630736301062,-0.07943364546173237,-0.0003734386524004928,0.05500506405561614,0.05500633170999082,-0.2111707440567736,0.7761954618227291,0.022733380674515778
HFocusing_5_10_2um2_0_797.npy3326.npy,P0/data/dataset_particles2SNR_clean/train/2um/HFocusing_5_10_2um2_0_797.npy3326.npy,2um,352,2500,0,3,0,2518.903076171875,1,peak_bin_energy_over_lowest_window_energy,0.16442337489874362,0.05849434409327647,0.17451829274891334,0.22915182578995008,-0.0008634348690159156,0.0436680290641322,0.043676564449587,0.9890988763324158,0.6090698644639486,0.033704487244927035
HFocusing_5_10_2um2_0_797.npy3327.npy,P0/data/dataset_particles2SNR_clean/train/2um/HFocusing_5_10_2um2_0_797.npy3327.npy,2um,353,2500,1,3,1,5088.40771484375,1,peak_bin_energy_over_lowest_window_energy,-0.013345069524115507,0.0677828302850371,0.06908402827031454,-0.0918697574292775,-0.0006825098005506356,0.056903123085519515,0.056907216032008025,0.3444179430775298,0.8422977360305198,0.024736601396482632
HFocusing_5_10_2um2_0_797.npy3328.npy,P0/data/dataset_particles2SNR_clean/train/2um/HFocusing_5_10_2um2_0_797.npy3328.npy,2um,354,2500,0,3,0,1767.328125,1,peak_bin_energy_over_lowest_window_energy,0.18253555103807315,0.06329165194237718,0.19319694769423254,-0.1613199521461488,-0.0005226253317252338,0.045081781675899366,0.04508481092686113,0.767158428283131,0.7199439083946523,0.0328615147775021
HFocusing_5_10_2um2_0_797.npy3329.npy,P0/data/dataset_particles2SNR_clean/train/2um/HFocusing_5_10_2um2_0_797.npy3329.npy,2um,355,2500,0,3,0,2599.10595703125,1,peak_bin_energy_over_lowest_window_energy,0.16382184919071113,0.058579181063592,0.17398022510143274,0.22909720187533633,0.000823800040417564,0.044391543373938115,0.04439918658744574,0.9449094883255271,0.6137134910655225,0.03326566074684584
HFocusing_5_10_2um2_0_800.npy3330.npy,P0/data/dataset_particles2SNR_clean/train/2um/HFocusing_5_10_2um2_0_800.npy3330.npy,2um,356,2500,0,3,0,1686.1314697265625,1,peak_bin_energy_over_lowest_window_energy,-0.014854068541703526,0.06253430168749362,0.06427427354536255,-0.3099008725976353,-0.0009640015122796053,0.04239141654789738,0.04240237606376588,0.7751081304941847,0.6140552291959919,0.03082291336011339
HFocusing_5_10_2um2_0_800.npy3331.npy,P0/data/dataset_particles2SNR_clean/train/2um/HFocusing_5_10_2um2_0_800.npy3331.npy,2um,357,2500,1,3,1,4176.603515625,1,peak_bin_energy_over_lowest_window_energy,0.23239171100036288,0.06922905587830849,0.24248416344058046,0.0036038961793889435,0.00012610273742784866,0.05389993803267631,0.053900085545634635,-0.0678858441907968,0.8290533815098696,0.0251191938860887
HFocusing_5_10_2um2_0_801.npy3332.npy,P0/data/dataset_particles2SNR_clean/train/2um/HFocusing_5_10_2um2_0_801.npy3332.npy,2um,358,2500,1,3,1,3621.305419921875,1,peak_bin_energy_over_lowest_window_energy,-0.029511299706790207,0.07030701924335947,0.07624954927912764,-0.0788136849026495,0.000705097498537649,0.06514769971677692,0.0651515152615024,-0.047995539038617085,0.8684161941270092,0.024427441334094892
HFocusing_5_10_2um2_0_81.npy3333.npy,P0/data/dataset_particles2SNR_clean/train/2um/HFocusing_5_10_2um2_0_81.npy3333.npy,2um,359,2500,2,3,1,6684.43017578125,1,peak_bin_energy_over_lowest_window_energy,-0.07614364632696419,0.07291978263759043,0.10542840971900905,0.06708609177372171,0.0001369250929330798,0.06584606884496882,0.06584621121080127,0.14273047292319774,0.8670550741329749,0.01998972151550235
HFocusing_5_10_2um2_0_811.npy3335.npy,P0/data/dataset_particles2SNR_clean/train/2um/HFocusing_5_10_2um2_0_811.npy3335.npy,2um,360,2500,0,3,0,1892.14453125,1,peak_bin_energy_over_lowest_window_energy,0.022619861176632595,0.05954566654229997,0.06369728819672713,-0.17283027733045264,0.0003854325401568814,0.03934690473018923,0.03934879248578792,0.32995944452394044,0.664705173028609,0.040616783792320504
HFocusing_5_10_2um2_0_812.npy3336.npy,P0/data/dataset_particles2SNR_clean/train/2um/HFocusing_5_10_2um2_0_812.npy3336.npy,2um,361,2500,1,3,1,6101.6953125,1,peak_bin_energy_over_lowest_window_energy,-0.06701158320543293,0.08892352692137673,0.11134606380036731,-0.6453593499658101,0.0002747467822535638,0.07162138965767673,0.07162191663374502,-0.599957933912278,0.8453722682090095,0.015879831081999817
HFocusing_5_10_2um2_0_815.npy3337.npy,P0/data/dataset_particles2SNR_clean/train/2um/HFocusing_5_10_2um2_0_815.npy3337.npy,2um,362,2500,1,3,1,3507.895263671875,1,peak_bin_energy_over_lowest_window_energy,-0.03557667026796921,0.06509202828652014,0.07417999470078804,0.11129381121107862,-0.00014316894652504643,0.0573606525502358,0.057360831220756574,0.11891044733294631,0.844367701451105,0.025015901108095394
HFocusing_5_10_2um2_0_818.npy3338.npy,P0/data/dataset_particles2SNR_clean/train/2um/HFocusing_5_10_2um2_0_818.npy3338.npy,2um,363,2500,0,3,0,2985.0791015625,1,peak_bin_energy_over_lowest_window_energy,0.16440134593741765,0.062324013681492055,0.17581833018034634,-0.13430860519917154,0.0013846465994529862,0.048899892345980786,0.04891949220560131,-0.3807549898006677,0.7966701290990095,0.031774783486609594
HFocusing_5_10_2um2_0_821.npy3339.npy,P0/data/dataset_particles2SNR_clean/train/2um/HFocusing_5_10_2um2_0_821.npy3339.npy,2um,364,2500,1,3,1,5804.4345703125,1,peak_bin_energy_over_lowest_window_energy,0.07215496052920962,0.07035307150468859,0.10077645061776895,1.0422370763700322,-0.0004417916941461643,0.05786670338931515,0.057868389825948954,1.2289948436803693,0.7791888775490486,0.021405349153704036
HFocusing_5_10_2um2_0_828.npy3344.npy,P0/data/dataset_particles2SNR_clean/train/2um/HFocusing_5_10_2um2_0_828.npy3344.npy,2um,365,2500,1,3,1,3781.993896484375,1,peak_bin_energy_over_lowest_window_energy,0.13070701650547836,0.0639959875573817,0.1455328505431263,0.22483469367436815,-0.0001688808885873905,0.05259547327672805,0.05259574440919668,1.0440174756389107,0.8023294279146712,0.023529859533274345
HFocusing_5_10_2um2_0_828.npy3345.npy,P0/data/dataset_particles2SNR_clean/train/2um/HFocusing_5_10_2um2_0_828.npy3345.npy,2um,366,2500,1,3,1,3074.877685546875,1,peak_bin_energy_over_lowest_window_energy,0.12833485768440983,0.06352036075248832,0.14319452478011854,0.2894408831083255,0.0004914685425967892,0.05292815734447711,0.05293043908008027,0.9764248534173219,0.7905423534963538,0.025630616548934962
HFocusing_5_10_2um2_0_832.npy3347.npy,P0/data/dataset_particles2SNR_clean/train/2um/HFocusing_5_10_2um2_0_832.npy3347.npy,2um,367,2500,0,3,0,2078.857177734375,1,peak_bin_energy_over_lowest_window_energy,-0.06999324941127509,0.057265943168064416,0.09043474559082336,0.4474380374859166,-0.001041182204073067,0.03993671843773759,0.039950288358874306,0.5379540028464911,0.5998373404730283,0.036202832959779704
HFocusing_5_10_2um2_0_857.npy3354.npy,P0/data/dataset_particles2SNR_clean/train/2um/HFocusing_5_10_2um2_0_857.npy3354.npy,2um,368,2500,1,3,1,8360.44921875,1,peak_bin_energy_over_lowest_window_energy,0.08817664427971682,0.08893521479049735,0.1252381452524095,0.17863412705572967,0.0006233596391810309,0.07663497237582696,0.07663750758136333,0.015646201758082512,0.8938534181938913,0.013876243051597792
HFocusing_5_10_2um2_0_859.npy3355.npy,P0/data/dataset_particles2SNR_clean/train/2um/HFocusing_5_10_2um2_0_859.npy3355.npy,2um,369,2500,1,3,1,7326.966796875,1,peak_bin_energy_over_lowest_window_energy,-0.0013142304231796046,0.08155897621299187,0.08156956419226832,0.46960975755732504,-0.0005528976181633252,0.07033818294204273,0.07034035595136295,1.3662874354610688,0.8790797159642535,0.015214430693922447
HFocusing_5_10_2um2_0_869.npy3358.npy,P0/data/dataset_particles2SNR_clean/train/2um/HFocusing_5_10_2um2_0_869.npy3358.npy,2um,370,2500,2,3,1,4074.06201171875,1,peak_bin_energy_over_lowest_window_energy,0.13294610227644615,0.0729573075857435,0.15164905156531663,0.2105913110178439,-0.00014103495821766757,0.055917944405685205,0.055918122262972506,0.49312251976847454,0.7624523621085405,0.022116335172888094
HFocusing_5_10_2um2_0_870.npy3359.npy,P0/data/dataset_particles2SNR_clean/train/2um/HFocusing_5_10_2um2_0_870.npy3359.npy,2um,371,2500,0,3,0,3172.450439453125,1,peak_bin_energy_over_lowest_window_energy,0.10470376373689932,0.06359125787467072,0.12250194373460083,-0.07691713800814304,0.0006628590387576706,0.05330865470912132,0.05331277566401496,-0.505011983221245,0.8277830309805115,0.025633036420845343
HFocusing_5_10_2um2_0_895.npy3369.npy,P0/data/dataset_particles2SNR_clean/train/2um/HFocusing_5_10_2um2_0_895.npy3369.npy,2um,372,2500,1,3,1,5562.90576171875,1,peak_bin_energy_over_lowest_window_energy,-0.18701841349842108,0.0716762673272774,0.20028323515820723,-0.3815394123562559,-0.00048146309935335454,0.06311924032092225,0.06312107655455804,-0.5035672685960115,0.8560390362706336,0.019496837753006722
HFocusing_5_10_2um2_0_906.npy3376.npy,P0/data/dataset_particles2SNR_clean/train/2um/HFocusing_5_10_2um2_0_906.npy3376.npy,2um,373,2500,0,3,0,2621.04833984375,1,peak_bin_energy_over_lowest_window_energy,-0.0370877300344992,0.05694558077250164,0.06795806713429542,0.10492684792498252,4.378460296298994e-05,0.044471185816906934,0.04447120737121178,0.1102508128320272,0.632551171220148,0.030877716166151543
HFocusing_5_10_2um2_0_91.npy3377.npy,P0/data/dataset_particles2SNR_clean/train/2um/HFocusing_5_10_2um2_0_91.npy3377.npy,2um,374,2500,1,3,1,3414.842041015625,1,peak_bin_energy_over_lowest_window_energy,-0.00237886401669477,0.07713168486706286,0.07716836012538959,-0.12685865798692264,0.00013215499163496478,0.05392671848123589,0.05392688041316948,-0.3361493387930543,0.6960452537242728,0.0224823668057408
HFocusing_5_10_2um2_0_924.npy3379.npy,P0/data/dataset_particles2SNR_clean/train/2um/HFocusing_5_10_2um2_0_924.npy3379.npy,2um,375,2500,0,3,0,2751.054443359375,1,peak_bin_energy_over_lowest_window_energy,-0.03291840246156982,0.07454432826881593,0.08148912870850243,0.13759443751863865,0.00032752945990433186,0.04608653967267883,0.046087703506993115,-0.2625358025240172,0.6540559044437337,0.030622779928411756
HFocusing_5_10_2um2_0_924.npy3380.npy,P0/data/dataset_particles2SNR_clean/train/2um/HFocusing_5_10_2um2_0_924.npy3380.npy,2um,376,2500,1,3,1,11712.505859375,1,peak_bin_energy_over_lowest_window_energy,0.05141206514796193,0.10851523936829922,0.12007813130598576,-0.5616921153710233,0.0007539290554652329,0.09311195961572752,0.0931150118536294,-0.42562439504404415,0.9157371087831746,0.009721393479092096
HFocusing_5_10_2um2_0_928.npy3381.npy,P0/data/dataset_particles2SNR_clean/train/2um/HFocusing_5_10_2um2_0_928.npy3381.npy,2um,377,2500,1,3,1,8470.9560546875,1,peak_bin_energy_over_lowest_window_energy,-0.014583104244734335,0.09882066490534584,0.09989089418834653,-0.7153732999366302,-0.000730410393429416,0.09141369329141147,0.09141661129422309,-0.9064249490369458,0.8988139048010766,0.011715634426673165
HFocusing_5_10_2um2_0_935.npy3383.npy,P0/data/dataset_particles2SNR_clean/train/2um/HFocusing_5_10_2um2_0_935.npy3383.npy,2um,378,2500,1,3,1,4016.449951171875,1,peak_bin_energy_over_lowest_window_energy,-8.412979016152349e-05,0.0948239013995806,0.09482393872044642,-0.17863691807574256,-0.0006686113370301259,0.07580826037496168,0.07581120881636165,-0.44399458611546283,0.8072345993437241,0.018406291385211153
HFocusing_5_10_2um2_0_935.npy3384.npy,P0/data/dataset_particles2SNR_clean/train/2um/HFocusing_5_10_2um2_0_935.npy3384.npy,2um,379,2500,2,3,1,5070.4892578125,1,peak_bin_energy_over_lowest_window_energy,-0.028061366154785286,0.08107565713270366,0.08579453624778591,0.28045450709003905,-0.000648401452333239,0.0637829885744096,0.06378628423044137,0.4119846476292892,0.7900653572337608,0.01999339001467869
HFocusing_5_10_2um2_0_938.npy3385.npy,P0/data/dataset_particles2SNR_clean/train/2um/HFocusing_5_10_2um2_0_938.npy3385.npy,2um,380,2500,1,3,1,8665.4658203125,1,peak_bin_energy_over_lowest_window_energy,-0.003851860664643173,0.084644065068717,0.08473166221629917,0.03613962792749348,-0.0001756180222602503,0.07459363619190747,0.07459384292299459,0.11742342254315918,0.8816367229649392,0.012821312225086381
HFocusing_5_10_2um2_0_94.npy3386.npy,P0/data/dataset_particles2SNR_clean/train/2um/HFocusing_5_10_2um2_0_94.npy3386.npy,2um,381,2500,0,3,0,635.538818359375,1,peak_bin_energy_over_lowest_window_energy,0.07837214902248357,0.046735307707434635,0.09124901494761996,0.21714725665891477,0.0002498085490451986,0.02925852607439103,0.029259592484465604,0.2605300747657493,0.4822977371629438,0.06244540710317306
HFocusing_5_10_2um2_0_949.npy3392.npy,P0/data/dataset_particles2SNR_clean/train/2um/HFocusing_5_10_2um2_0_949.npy3392.npy,2um,382,2500,0,3,0,1456.757568359375,1,peak_bin_energy_over_lowest_window_energy,-0.12385563750287179,0.050820374467755246,0.13387654537776827,0.6032337319086474,-0.0002389922073883017,0.03883240402572138,0.03883313945191728,1.3512506912500992,0.7270243174230694,0.04109472616993381
HFocusing_5_10_2um2_0_953.npy3394.npy,P0/data/dataset_particles2SNR_clean/train/2um/HFocusing_5_10_2um2_0_953.npy3394.npy,2um,383,2500,0,3,0,1581.632568359375,1,peak_bin_energy_over_lowest_window_energy,0.014356303616563381,0.052784253235758,0.05470174442545302,-0.02203154742129687,0.00021945197395893104,0.04118613735701715,0.04118672200551966,-0.2935259789893987,0.6797512266030261,0.04459116267739415
HFocusing_5_10_2um2_0_960.npy3399.npy,P0/data/dataset_particles2SNR_clean/train/2um/HFocusing_5_10_2um2_0_960.npy3399.npy,2um,384,2500,0,3,0,1534.0391845703125,1,peak_bin_energy_over_lowest_window_energy,0.06187047319585565,0.06414578528244107,0.08912147453324662,0.9730592549703383,0.0012233251560732283,0.05561675581303791,0.05563020808521722,1.0645636884826821,0.8191855980468784,0.03271402914106869
HFocusing_5_10_2um2_0_960.npy3400.npy,P0/data/dataset_particles2SNR_clean/train/2um/HFocusing_5_10_2um2_0_960.npy3400.npy,2um,385,2500,1,3,1,4753.767578125,1,peak_bin_energy_over_lowest_window_energy,0.09221277755412431,0.07378841602593378,0.11810134073693954,-0.2764131288135334,0.0017556102438346208,0.058128136419810315,0.05815464221339803,0.6264739471137459,0.8489908194974813,0.026330467761082065
HFocusing_5_10_2um2_0_964.npy3401.npy,P0/data/dataset_particles2SNR_clean/train/2um/HFocusing_5_10_2um2_0_964.npy3401.npy,2um,386,2500,0,3,0,2379.646240234375,1,peak_bin_energy_over_lowest_window_energy,0.061135102879724505,0.06541973725885214,0.08953905755105838,-0.26226846352724165,0.00036299285163833496,0.040757293354525465,0.04075890976703359,0.8614362252658969,0.5964722632816833,0.03236759758125582
HFocusing_5_10_2um2_0_964.npy3402.npy,P0/data/dataset_particles2SNR_clean/train/2um/HFocusing_5_10_2um2_0_964.npy3402.npy,2um,387,2500,2,3,1,3285.64306640625,1,peak_bin_energy_over_lowest_window_energy,-0.09909812487533891,0.06382903727011825,0.11787529152726796,-0.2699593857419966,0.000410808692210045,0.05029916605865791,0.050300843630877994,0.14052530423454046,0.7316280511799265,0.030145650855606488
HFocusing_5_10_2um2_0_974.npy3405.npy,P0/data/dataset_particles2SNR_clean/train/2um/HFocusing_5_10_2um2_0_974.npy3405.npy,2um,388,2500,1,3,1,9552.7939453125,1,peak_bin_energy_over_lowest_window_energy,0.08436923278578347,0.09663601126381527,0.1282836159212935,-0.2772182166037491,-0.0007842279205277134,0.08502340048302122,0.08502701713648166,-0.28527385207671596,0.8527146636284204,0.009900885208715298
HFocusing_5_10_2um2_0_977.npy3406.npy,P0/data/dataset_particles2SNR_clean/train/2um/HFocusing_5_10_2um2_0_977.npy3406.npy,2um,389,2500,1,3,1,6717.3583984375,1,peak_bin_energy_over_lowest_window_energy,-0.02759845065232206,0.08100623619413289,0.08557852990527648,-0.22056240262986204,0.0006141198420454982,0.07244063348565467,0.07244323655789647,-0.3310403513699609,0.8678261507080169,0.014653794416557538
HFocusing_5_10_2um2_0_983.npy3408.npy,P0/data/dataset_particles2SNR_clean/train/2um/HFocusing_5_10_2um2_0_983.npy3408.npy,2um,390,2500,1,3,1,4131.654296875,1,peak_bin_energy_over_lowest_window_energy,-0.14777363833952942,0.07945017089307121,0.16777776325556457,-0.5734280057719556,0.0017282495080490673,0.06121132796453192,0.06123572092776861,-0.7513512747297781,0.7936735451459045,0.02214384606307634
HFocusing_5_10_2um2_0_983.npy3410.npy,P0/data/dataset_particles2SNR_clean/train/2um/HFocusing_5_10_2um2_0_983.npy3410.npy,2um,391,2500,0,3,0,2503.1826171875,1,peak_bin_energy_over_lowest_window_energy,-0.24672617143403008,0.06616387873845635,0.255443658210987,0.05969858120128535,-0.0010094309922954157,0.05522572200423512,0.05523494656299819,0.6569769950778315,0.7989501955344234,0.02411194788991311
HFocusing_5_10_2um2_0_994.npy3414.npy,P0/data/dataset_particles2SNR_clean/train/2um/HFocusing_5_10_2um2_0_994.npy3414.npy,2um,392,2500,1,3,1,5008.990234375,1,peak_bin_energy_over_lowest_window_energy,0.2328225497380101,0.0699904815914402,0.24311521379771753,-0.13934158120029005,0.0011453044881017383,0.05799342529862784,0.058004733429591705,-0.04653975372349484,0.8136020990923188,0.021977602100911934
HFocusing_5_10_4um_0_1008.npy732.npy,P0/data/dataset_particles2SNR_clean/train/4um/HFocusing_5_10_4um_0_1008.npy732.npy,4um,393,2500,2,3,1,10153.5712890625,1,peak_bin_energy_over_lowest_window_energy,-0.08759080975916322,0.0849623973032152,0.12202769730587935,1.2368163726188541,0.0004047329155787332,0.07358333001367515,0.0735844430884299,2.128099778826728,0.8830780702263719,0.01409793631802011
HFocusing_5_10_4um_0_1008.npy733.npy,P0/data/dataset_particles2SNR_clean/train/4um/HFocusing_5_10_4um_0_1008.npy733.npy,4um,394,2500,1,3,1,26885.8828125,1,peak_bin_energy_over_lowest_window_energy,-0.01958224499267696,0.1381219008784209,0.1395031319405466,1.188890693126659,6.554897503471722e-05,0.13238235960033473,0.13238237582858403,1.224251493980093,0.9590599915504862,0.0047210696366251585
HFocusing_5_10_4um_0_1014.npy737.npy,P0/data/dataset_particles2SNR_clean/train/4um/HFocusing_5_10_4um_0_1014.npy737.npy,4um,395,2500,1,3,1,32260.50390625,1,peak_bin_energy_over_lowest_window_energy,0.006216904873944051,0.131710304466463,0.1318569460015666,2.122424479987255,-0.0004912973455809679,0.12516775978423916,0.12516872397882298,2.8006768517104295,0.9632328773813944,0.005098315506577179
HFocusing_5_10_4um_0_1014.npy739.npy,P0/data/dataset_particles2SNR_clean/train/4um/HFocusing_5_10_4um_0_1014.npy739.npy,4um,396,2500,1,3,1,31589.875,1,peak_bin_energy_over_lowest_window_energy,0.007188982274895653,0.13153211665627487,0.1317284296506592,2.1513882240908933,-0.00018748248317253217,0.12490633565078844,0.1249064763548669,2.8478044604367314,0.962883861548974,0.00514855005191917
HFocusing_5_10_4um_0_1023.npy745.npy,P0/data/dataset_particles2SNR_clean/train/4um/HFocusing_5_10_4um_0_1023.npy745.npy,4um,397,2500,2,3,1,23724.734375,1,peak_bin_energy_over_lowest_window_energy,0.06140244490010456,0.1414203706074612,0.1541751648692553,0.4573030334896617,-0.0007743277146320594,0.13583526345701913,0.1358374704632247,0.7098037461703544,0.9531326982973509,0.005695097490887564
HFocusing_5_10_4um_0_1026.npy749.npy,P0/data/dataset_particles2SNR_clean/train/4um/HFocusing_5_10_4um_0_1026.npy749.npy,4um,398,2500,1,3,1,14897.1865234375,1,peak_bin_energy_over_lowest_window_energy,-0.0002009063568710971,0.09833393861384035,0.0983341438498081,3.2142864723170588,-0.00013759490472037647,0.08349587427201335,0.08349598764495014,3.0757149306564067,0.8273171841139869,0.008645262141564896
HFocusing_5_10_4um_0_1026.npy750.npy,P0/data/dataset_particles2SNR_clean/train/4um/HFocusing_5_10_4um_0_1026.npy750.npy,4um,399,2500,1,3,1,21920.40234375,1,peak_bin_energy_over_lowest_window_energy,0.005977948661935351,0.11801154259276675,0.11816285395727853,2.5232286331140523,0.00028733558464140435,0.11183769859939877,0.1118380677128685,3.1717184372746727,0.9467076724628445,0.006585246506006331
HFocusing_5_10_4um_0_1026.npy751.npy,P0/data/dataset_particles2SNR_clean/train/4um/HFocusing_5_10_4um_0_1026.npy751.npy,4um,400,2500,1,3,1,29704.578125,1,peak_bin_energy_over_lowest_window_energy,-0.0025591647228747918,0.12975988776493844,0.12978512163128803,1.7976070249392198,-0.0015586665374685048,0.12413516495217677,0.12414495003454293,2.258013237911414,0.9621863357511964,0.005257724238986147
HFocusing_5_10_4um_0_1039.npy756.npy,P0/data/dataset_particles2SNR_clean/train/4um/HFocusing_5_10_4um_0_1039.npy756.npy,4um,401,2500,1,3,1,23310.826171875,1,peak_bin_energy_over_lowest_window_energy,0.01912733393427455,0.12377487285208268,0.12524405795478877,1.8214519031434282,-7.43807824117713e-05,0.11745797323536543,0.11745799678634324,2.4693065318082406,0.965292584493455,0.00613498498632197
HFocusing_5_10_4um_0_1042.npy757.npy,P0/data/dataset_particles2SNR_clean/train/4um/HFocusing_5_10_4um_0_1042.npy757.npy,4um,402,2500,1,3,1,16518.341796875,1,peak_bin_energy_over_lowest_window_energy,0.04954577555326433,0.12773518610549464,0.13700752404368088,0.9569453997830566,0.001248676352530318,0.11849306497231099,0.11849964404657798,1.43098663298069,0.9326285885610703,0.0057084083010886955
HFocusing_5_10_4um_0_1042.npy758.npy,P0/data/dataset_particles2SNR_clean/train/4um/HFocusing_5_10_4um_0_1042.npy758.npy,4um,403,2500,1,3,1,24109.556640625,1,peak_bin_energy_over_lowest_window_energy,0.029119720419401612,0.1330377976257957,0.13618742127827477,2.1397504437725985,0.0010364885895938418,0.12516088649966456,0.1251651781366458,2.652429206405718,0.9550224445388145,0.005481119951135535
HFocusing_5_10_4um_0_1042.npy759.npy,P0/data/dataset_particles2SNR_clean/train/4um/HFocusing_5_10_4um_0_1042.npy759.npy,4um,404,2500,1,3,1,21730.888671875,1,peak_bin_energy_over_lowest_window_energy,0.0004100831362909897,0.11299522752102466,0.11299597165698785,1.6869327848291684,-0.00032971178769869615,0.10745855889793439,0.10745906471900721,2.0974785728868195,0.9383917829773781,0.006856648800908691
HFocusing_5_10_4um_0_1049.npy761.npy,P0/data/dataset_particles2SNR_clean/train/4um/HFocusing_5_10_4um_0_1049.npy761.npy,4um,405,2500,2,3,1,11086.48046875,1,peak_bin_energy_over_lowest_window_energy,-0.01991516696736251,0.10036439892513739,0.10232119256020253,1.280846987352513,0.0012292376359167728,0.09351687278065271,0.0935249513222987,1.7850020577894323,0.9131099244619304,0.00917464921362327
HFocusing_5_10_4um_0_1052.npy764.npy,P0/data/dataset_particles2SNR_clean/train/4um/HFocusing_5_10_4um_0_1052.npy764.npy,4um,406,2500,1,3,1,42662.9453125,1,peak_bin_energy_over_lowest_window_energy,0.009771433213454412,0.14963829952153035,0.14995699913888724,2.002040974935441,-0.0005892116398235562,0.1437837264037177,0.14378493366446865,2.508726153967637,0.9672855163520384,0.0038737524632075646
HFocusing_5_10_4um_0_1055.npy767.npy,P0/data/dataset_particles2SNR_clean/train/4um/HFocusing_5_10_4um_0_1055.npy767.npy,4um,407,2500,1,3,1,16393.91015625,1,peak_bin_energy_over_lowest_window_energy,0.007946129648222899,0.11421859510717322,0.11449466557286739,0.3265217388649013,-6.427599960724808e-05,0.10081880437457101,0.10081882486382265,1.1135510867424152,0.9375666930771981,0.007737349383495084
HFocusing_5_10_4um_0_1066.npy773.npy,P0/data/dataset_particles2SNR_clean/train/4um/HFocusing_5_10_4um_0_1066.npy773.npy,4um,408,2500,1,3,1,31436.716796875,1,peak_bin_energy_over_lowest_window_energy,-0.02827129823743828,0.13864773679269815,0.14150074636470114,2.23398895390495,-0.00011581734924463327,0.13336890611214341,0.13336895639993632,2.62321966146921,0.9584883710235649,0.005127953566668999
HFocusing_5_10_4um_0_1069.npy775.npy,P0/data/dataset_particles2SNR_clean/train/4um/HFocusing_5_10_4um_0_1069.npy775.npy,4um,409,2500,1,3,1,27273.47265625,1,peak_bin_energy_over_lowest_window_energy,-0.03403515956215497,0.12237384746030183,0.12701870188542538,2.566601681391088,-0.0006382852752944973,0.11471357415792176,0.11471534990653028,3.051816265198168,0.9113309587906421,0.005661529789965424
HFocusing_5_10_4um_0_1075.npy778.npy,P0/data/dataset_particles2SNR_clean/train/4um/HFocusing_5_10_4um_0_1075.npy778.npy,4um,410,2500,1,3,1,24406.857421875,1,peak_bin_energy_over_lowest_window_energy,0.004487089881049247,0.16869641860639406,0.16875608322731464,1.6697655374910605,0.00016163566616939963,0.1640725482728684,0.16407262789033797,1.9459981569593658,0.9745579065837618,0.0031147599572555543
HFocusing_5_10_4um_0_1075.npy779.npy,P0/data/dataset_particles2SNR_clean/train/4um/HFocusing_5_10_4um_0_1075.npy779.npy,4um,411,2500,1,3,1,11632.34375,1,peak_bin_energy_over_lowest_window_energy,-0.005256072348795207,0.10786040573160972,0.10798839484464634,0.5014077767185281,-0.0003153809446567277,0.1000006206643408,0.10000111798571873,0.9822300662612506,0.9142443712062117,0.007857569348620039
HFocusing_5_10_4um_0_1081.npy782.npy,P0/data/dataset_particles2SNR_clean/train/4um/HFocusing_5_10_4um_0_1081.npy782.npy,4um,412,2500,1,3,1,26874.28125,1,peak_bin_energy_over_lowest_window_energy,-0.03180000529241127,0.13619160938936845,0.1398549062588213,0.19009078954339875,0.0008074729987438097,0.12131848838823606,0.12132117555254016,0.7236495999492201,0.9146428138066804,0.00541310036683606
HFocusing_5_10_4um_0_1084.npy784.npy,P0/data/dataset_particles2SNR_clean/train/4um/HFocusing_5_10_4um_0_1084.npy784.npy,4um,413,2500,1,3,1,56959.5625,1,peak_bin_energy_over_lowest_window_energy,-0.03202534508352378,0.20017748165743993,0.20272307932357744,3.2853108237030684,0.001134917318893498,0.1962914528970476,0.19629473380036097,3.2996890446693525,0.9735236116557683,0.0022475428398761725
HFocusing_5_10_4um_0_1084.npy785.npy,P0/data/dataset_particles2SNR_clean/train/4um/HFocusing_5_10_4um_0_1084.npy785.npy,4um,414,2500,1,3,1,43848.15234375,1,peak_bin_energy_over_lowest_window_energy,-0.0062825308931058945,0.15482847022273244,0.15495588206303873,1.2863416679882702,0.0005042612464312983,0.1519673759160794,0.15196821253875312,1.32015677347332,0.9763213471858703,0.003627256012698935
HFocusing_5_10_4um_0_1084.npy786.npy,P0/data/dataset_particles2SNR_clean/train/4um/HFocusing_5_10_4um_0_1084.npy786.npy,4um,415,2500,1,3,1,45050.59375,1,peak_bin_energy_over_lowest_window_energy,-0.005784769582673738,0.15485529923739996,0.15496330940267541,1.2853497079486598,-0.00018063907668029833,0.15203890041642001,0.15203900772601125,1.3116343993402708,0.9757039090977927,0.0035877303240471315
HFocusing_5_10_4um_0_1084.npy787.npy,P0/data/dataset_particles2SNR_clean/train/4um/HFocusing_5_10_4um_0_1084.npy787.npy,4um,416,2500,1,3,1,29580.359375,1,peak_bin_energy_over_lowest_window_energy,-0.00894497563685865,0.12843326724371062,0.12874438521364098,1.3926734218551662,-0.00014979904112749452,0.12146408440379211,0.1214641767757237,1.8770881642773007,0.9588628762817407,0.005625148716807362
HFocusing_5_10_4um_0_1090.npy794.npy,P0/data/dataset_particles2SNR_clean/train/4um/HFocusing_5_10_4um_0_1090.npy794.npy,4um,417,2500,1,3,1,26455.98828125,1,peak_bin_energy_over_lowest_window_energy,-0.012803729321400309,0.14809105193283298,0.14864351700329456,2.290636894345778,-0.001409016311185134,0.1428990094798043,0.14290595591952907,2.319528525051175,0.9563296212522877,0.004120805339346384
HFocusing_5_10_4um_0_1099.npy800.npy,P0/data/dataset_particles2SNR_clean/train/4um/HFocusing_5_10_4um_0_1099.npy800.npy,4um,418,2500,1,3,1,16227.8994140625,1,peak_bin_energy_over_lowest_window_energy,0.02547173797101041,0.09794179453141712,0.10119982485804084,1.9591476425642442,-0.0006148215878176547,0.09215689736317659,0.0921589482209509,2.2076897114636447,0.9326308035229293,0.009663961455824646
HFocusing_5_10_4um_0_1099.npy801.npy,P0/data/dataset_particles2SNR_clean/train/4um/HFocusing_5_10_4um_0_1099.npy801.npy,4um,419,2500,1,3,1,14625.4697265625,1,peak_bin_energy_over_lowest_window_energy,0.07969904437061329,0.11470146853430187,0.1396723471468652,1.2960355551871938,-0.0015499765193720094,0.10197889318953428,0.1019906715507504,2.5405373006014766,0.8992076408264114,0.007530318129387941
HFocusing_5_10_4um_0_1099.npy802.npy,P0/data/dataset_particles2SNR_clean/train/4um/HFocusing_5_10_4um_0_1099.npy802.npy,4um,420,2500,1,3,1,36732.58984375,1,peak_bin_energy_over_lowest_window_energy,0.06001659575047718,0.14487324845590965,0.15681278609744778,2.3553930500728617,0.00029783219276446974,0.14144142007069016,0.1414417336419081,2.5966034626083303,0.9641514317049489,0.003977178386895299
HFocusing_5_10_4um_0_1105.npy806.npy,P0/data/dataset_particles2SNR_clean/train/4um/HFocusing_5_10_4um_0_1105.npy806.npy,4um,421,2500,1,3,1,11938.068359375,1,peak_bin_energy_over_lowest_window_energy,0.006265540505442046,0.11601639067189642,0.11618545477967296,1.3069716206089712,-0.0014886387849894764,0.11164340052696727,0.11165332474519964,1.3110094634403628,0.9456023958237852,0.007004081714492526
HFocusing_5_10_4um_0_1112.npy810.npy,P0/data/dataset_particles2SNR_clean/train/4um/HFocusing_5_10_4um_0_1112.npy810.npy,4um,422,2500,1,3,1,29355.072265625,1,peak_bin_energy_over_lowest_window_energy,-0.03762551745754024,0.1448245372530064,0.14963230317847517,1.0664867027894527,0.0006038456474030652,0.1405230642238363,0.1405243616189816,1.211632312629888,0.9731830541613774,0.0043754130439554485
HFocusing_5_10_4um_0_1115.npy812.npy,P0/data/dataset_particles2SNR_clean/train/4um/HFocusing_5_10_4um_0_1115.npy812.npy,4um,423,2500,1,3,1,33655.30078125,1,peak_bin_energy_over_lowest_window_energy,-0.0012176986862173945,0.1377200876089852,0.13772547085095396,0.9886041278203233,-0.0007937351335649734,0.1315100578406774,0.13151245313171134,1.2284813763456564,0.9382113703157671,0.00452525436106017
HFocusing_5_10_4um_0_112.npy816.npy,P0/data/dataset_particles2SNR_clean/train/4um/HFocusing_5_10_4um_0_112.npy816.npy,4um,424,2500,1,3,1,34222.6171875,1,peak_bin_energy_over_lowest_window_energy,-0.0032799918638090324,0.16015961469191806,0.1601931974988024,1.6158715862953583,-0.0005184115085809694,0.15113595165214683,0.15113684075132802,2.2802633118882856,0.9574479170605842,0.0038087454349343473
HFocusing_5_10_4um_0_1121.npy819.npy,P0/data/dataset_particles2SNR_clean/train/4um/HFocusing_5_10_4um_0_1121.npy819.npy,4um,425,2500,1,3,1,20072.326171875,1,peak_bin_energy_over_lowest_window_energy,-0.029722712333850793,0.13045091213153975,0.13379417066685512,2.383379014824958,-9.61499348963943e-05,0.12495544313649108,0.12495548012891167,2.544876525713904,0.9486205619372704,0.005320685273228176
HFocusing_5_10_4um_0_1124.npy820.npy,P0/data/dataset_particles2SNR_clean/train/4um/HFocusing_5_10_4um_0_1124.npy820.npy,4um,426,2500,1,3,1,22189.669921875,1,peak_bin_energy_over_lowest_window_energy,-0.09591950257509961,0.12411609603705527,0.15686094564847577,1.844261041810606,-0.00017294380581623977,0.11605987469819833,0.11606000355213447,2.6091824311837684,0.9473572904471621,0.006092989051050962
HFocusing_5_10_4um_0_1130.npy824.npy,P0/data/dataset_particles2SNR_clean/train/4um/HFocusing_5_10_4um_0_1130.npy824.npy,4um,427,2500,1,3,1,21954.375,1,peak_bin_energy_over_lowest_window_energy,0.03451052808246436,0.12237656200573875,0.1271495162274516,1.1261800250118323,9.114166349902266e-05,0.11418495972407429,0.11418499609839856,1.7032662207358165,0.9461595504195532,0.006186965890342044
HFocusing_5_10_4um_0_1133.npy826.npy,P0/data/dataset_particles2SNR_clean/train/4um/HFocusing_5_10_4um_0_1133.npy826.npy,4um,428,2500,1,3,1,20357.125,1,peak_bin_energy_over_lowest_window_energy,0.0024174199713138736,0.12435361095829159,0.12437710592260877,2.1138721579867656,0.0003730375301370692,0.11855613271208797,0.11855671959296572,2.4308256571218827,0.9471919045846963,0.005988984026189288
HFocusing_5_10_4um_0_1133.npy827.npy,P0/data/dataset_particles2SNR_clean/train/4um/HFocusing_5_10_4um_0_1133.npy827.npy,4um,429,2500,1,3,1,18950.251953125,1,peak_bin_energy_over_lowest_window_energy,-0.058945062583790536,0.11895314924797784,0.13275681571587455,2.3414007966939456,0.00017307288952554654,0.10790706986081101,0.1079072086571191,2.5417573638440976,0.8964821391227604,0.006601343010796474
HFocusing_5_10_4um_0_1133.npy828.npy,P0/data/dataset_particles2SNR_clean/train/4um/HFocusing_5_10_4um_0_1133.npy828.npy,4um,430,2500,1,3,1,26476.3046875,1,peak_bin_energy_over_lowest_window_energy,-0.015368658555534773,0.12381766357870923,0.12476782229359874,2.2699923428783295,-0.0008642977926139661,0.11685013385086299,0.11685333025480665,2.8510559402666473,0.950879976907921,0.005707354020288529
HFocusing_5_10_4um_0_1133.npy829.npy,P0/data/dataset_particles2SNR_clean/train/4um/HFocusing_5_10_4um_0_1133.npy829.npy,4um,431,2500,1,3,1,20792.029296875,1,peak_bin_energy_over_lowest_window_energy,-0.059379315575492364,0.11885728580295947,0.13286443281277463,2.353819234810989,-0.0005638829125348343,0.10791003393023377,0.1079115072027226,2.5435564005840154,0.887225042157813,0.006486286194710682
HFocusing_5_10_4um_0_1133.npy830.npy,P0/data/dataset_particles2SNR_clean/train/4um/HFocusing_5_10_4um_0_1133.npy830.npy,4um,432,2500,1,3,1,47699.8515625,1,peak_bin_energy_over_lowest_window_energy,-0.022180960799400636,0.1885435656508127,0.18984380730038805,0.7802059290612178,0.000734742465149067,0.1847700542166971,0.18477151507126655,0.9142356261972844,0.9847223059720757,0.002557883862500237
HFocusing_5_10_4um_0_1136.npy833.npy,P0/data/dataset_particles2SNR_clean/train/4um/HFocusing_5_10_4um_0_1136.npy833.npy,4um,433,2500,1,3,1,25983.408203125,1,peak_bin_energy_over_lowest_window_energy,0.053788464092099,0.13886978513553824,0.1489228528231231,2.657425662627869,-1.4194152627548751e-05,0.1325320872779858,0.13253208803808084,3.3213543767268643,0.945444974401075,0.004672364845815862
HFocusing_5_10_4um_0_1139.npy836.npy,P0/data/dataset_particles2SNR_clean/train/4um/HFocusing_5_10_4um_0_1139.npy836.npy,4um,434,2500,1,3,1,13932.857421875,1,peak_bin_energy_over_lowest_window_energy,0.004942242797265978,0.09122640329665897,0.09136017963156484,1.5047494529010068,-0.001051760151176347,0.08385898840363444,0.0838655837366944,2.245752249040608,0.9219221014912528,0.010843339785817523
HFocusing_5_10_4um_0_1139.npy838.npy,P0/data/dataset_particles2SNR_clean/train/4um/HFocusing_5_10_4um_0_1139.npy838.npy,4um,435,2500,1,3,1,16535.0625,1,peak_bin_energy_over_lowest_window_energy,0.0679465241599485,0.10581057931492281,0.12574819617146815,2.03246732978923,-0.00020346820998229847,0.09896897425730898,0.09896918341007145,2.322395754829534,0.9307646386694268,0.008316063561988971
HFocusing_5_10_4um_0_1139.npy840.npy,P0/data/dataset_particles2SNR_clean/train/4um/HFocusing_5_10_4um_0_1139.npy840.npy,4um,436,2500,1,3,1,18887.34765625,1,peak_bin_energy_over_lowest_window_energy,0.020850309284919818,0.10971426296847249,0.11167790692877418,1.7263112879832967,0.0004663379871563018,0.10395581779146278,0.10395686376478504,1.9785550018073552,0.9415723575895809,0.007718521912972164
HFocusing_5_10_4um_0_1142.npy841.npy,P0/data/dataset_particles2SNR_clean/train/4um/HFocusing_5_10_4um_0_1142.npy841.npy,4um,437,2500,1,3,1,12910.197265625,1,peak_bin_energy_over_lowest_window_energy,0.03555372176055219,0.10001026120902072,0.10614197792637611,2.2401410513625883,-0.0013906475917886151,0.09072544835293522,0.0907361057108231,3.4055363131883762,0.9266185781388935,0.009974086131731253
HFocusing_5_10_4um_0_1142.npy842.npy,P0/data/dataset_particles2SNR_clean/train/4um/HFocusing_5_10_4um_0_1142.npy842.npy,4um,438,2500,1,3,1,47293.52734375,1,peak_bin_energy_over_lowest_window_energy,0.05662983499011792,0.17239812202270105,0.18146087922183696,0.3701478617235008,0.0001236927592640141,0.16663051731197429,0.16663056322162165,0.4135668090522491,0.9735345030224659,0.003676758992443999
HFocusing_5_10_4um_0_1158.npy861.npy,P0/data/dataset_particles2SNR_clean/train/4um/HFocusing_5_10_4um_0_1158.npy861.npy,4um,439,2500,1,3,1,15838.6953125,1,peak_bin_energy_over_lowest_window_energy,-0.03322861230349124,0.11185167445415188,0.1166830654114525,1.1126271542905677,0.0002813060542014137,0.10229471783075478,0.10229510461977087,2.109791870319725,0.9383581271077044,0.007367145228389482
HFocusing_5_10_4um_0_1158.npy862.npy,P0/data/dataset_particles2SNR_clean/train/4um/HFocusing_5_10_4um_0_1158.npy862.npy,4um,440,2500,1,3,1,33089.88671875,1,peak_bin_energy_over_lowest_window_energy,-0.020572485450923324,0.13668080028501117,0.13822036146740307,2.3151744572968074,0.00020430676389786049,0.1321359260451574,0.13213608399322677,2.6531283294765995,0.9577401977372811,0.004974416684661896
HFocusing_5_10_4um_0_116.npy864.npy,P0/data/dataset_particles2SNR_clean/train/4um/HFocusing_5_10_4um_0_116.npy864.npy,4um,441,2500,1,3,1,20865.41015625,1,peak_bin_energy_over_lowest_window_energy,-0.025247039460476142,0.11075319205977711,0.11359437729460342,2.2110155506874953,0.00023766094154890788,0.1043239725058459,0.10432424321375941,2.437360767121648,0.9362873983411432,0.007986562079180136
HFocusing_5_10_4um_0_1164.npy869.npy,P0/data/dataset_particles2SNR_clean/train/4um/HFocusing_5_10_4um_0_1164.npy869.npy,4um,442,2500,1,3,1,26758.7734375,1,peak_bin_energy_over_lowest_window_energy,0.007374291594178072,0.12792049722816126,0.12813287551450636,2.4952484780765305,-0.0007132263338879509,0.1234324776282071,0.12343453821860881,2.9253021840797553,0.9598209339898537,0.00557126112366909
HFocusing_5_10_4um_0_1164.npy870.npy,P0/data/dataset_particles2SNR_clean/train/4um/HFocusing_5_10_4um_0_1164.npy870.npy,4um,443,2500,1,3,1,42110.23828125,1,peak_bin_energy_over_lowest_window_energy,-0.01102099247503496,0.16106766037251444,0.16144427364577052,1.7968910512299425,0.0008472770262816551,0.15690859227259887,0.1569108798245932,2.036685491026125,0.9706723472628365,0.0036343470442061067
HFocusing_5_10_4um_0_1167.npy872.npy,P0/data/dataset_particles2SNR_clean/train/4um/HFocusing_5_10_4um_0_1167.npy872.npy,4um,444,2500,1,3,1,27821.0,1,peak_bin_energy_over_lowest_window_energy,0.015155674194327904,0.13352704171912183,0.1343843939248331,0.5874509026657844,-0.0002807018821733931,0.12513337945815103,0.12513369429599797,0.7817281483201977,0.9502285125445359,0.005238014206629625
HFocusing_5_10_4um_0_1177.npy878.npy,P0/data/dataset_particles2SNR_clean/train/4um/HFocusing_5_10_4um_0_1177.npy878.npy,4um,445,2500,1,3,1,19492.509765625,1,peak_bin_energy_over_lowest_window_energy,0.02700307833201989,0.12631827754853991,0.12917226282075872,1.666555280926521,0.00013928320969015443,0.11676273299463731,0.11676281606825634,2.015010377991258,0.9383728627177755,0.005840651555639737
HFocusing_5_10_4um_0_1177.npy879.npy,P0/data/dataset_particles2SNR_clean/train/4um/HFocusing_5_10_4um_0_1177.npy879.npy,4um,446,2500,1,3,1,20600.306640625,1,peak_bin_energy_over_lowest_window_energy,0.00636943285421558,0.11919803168584002,0.11936808799952725,1.0672232106793746,-0.00012390396311793436,0.11075523620818388,0.11075530551500765,1.662542787605406,0.9250238150558594,0.006901711588456974
HFocusing_5_10_4um_0_1177.npy880.npy,P0/data/dataset_particles2SNR_clean/train/4um/HFocusing_5_10_4um_0_1177.npy880.npy,4um,447,2500,1,3,1,32704.67578125,1,peak_bin_energy_over_lowest_window_energy,0.06941815424724516,0.13709947464520617,0.1536722033651039,1.44644500886326,0.0005821606395815391,0.13275357271468397,0.13275484917517386,1.5709355347716967,0.9531897269168061,0.004712857278636825
HFocusing_5_10_4um_0_1197.npy894.npy,P0/data/dataset_particles2SNR_clean/train/4um/HFocusing_5_10_4um_0_1197.npy894.npy,4um,448,2500,1,3,1,17129.04296875,1,peak_bin_energy_over_lowest_window_energy,0.05310585331320103,0.12030172864874304,0.13150185387286004,2.399400476197485,-0.0007901860544211421,0.11567639880852508,0.1156790976594715,2.8109664738608213,0.9602149328096464,0.0056559435909982626
HFocusing_5_10_4um_0_1203.npy900.npy,P0/data/dataset_particles2SNR_clean/train/4um/HFocusing_5_10_4um_0_1203.npy900.npy,4um,449,2500,2,3,1,25456.53125,1,peak_bin_energy_over_lowest_window_energy,0.0419492462272716,0.13335170757922854,0.1397941957784097,1.701024284121738,-0.003537963557034937,0.1273075048943046,0.12735665663224793,2.084155436916994,0.9282267869961828,0.005375025521321338
HFocusing_5_10_4um_0_1203.npy901.npy,P0/data/dataset_particles2SNR_clean/train/4um/HFocusing_5_10_4um_0_1203.npy901.npy,4um,450,2500,1,3,1,13133.7021484375,1,peak_bin_energy_over_lowest_window_energy,0.055197448802614464,0.10162321121727376,0.11564616471127732,1.349142007164672,0.0027793653114587947,0.094674225567941,0.09471501390183033,1.9159049467215787,0.9008677630860098,0.009570175531176048
HFocusing_5_10_4um_0_1203.npy902.npy,P0/data/dataset_particles2SNR_clean/train/4um/HFocusing_5_10_4um_0_1203.npy902.npy,4um,451,2500,1,3,1,6448.1533203125,1,peak_bin_energy_over_lowest_window_energy,0.051024387542490265,0.08598093085280581,0.09998104117482079,1.0243394210417067,-0.00021770559537095743,0.07894959283380211,0.07894989299770705,1.5349731520267582,0.8931935580578868,0.01253439045852337
HFocusing_5_10_4um_0_1215.npy912.npy,P0/data/dataset_particles2SNR_clean/train/4um/HFocusing_5_10_4um_0_1215.npy912.npy,4um,452,2500,1,3,1,27397.73046875,1,peak_bin_energy_over_lowest_window_energy,-0.0007270811574937597,0.12350624422820954,0.1235083843727531,1.9566332301963412,-0.001021433151287311,0.11669457560146244,0.11669904584223464,2.454702564599022,0.9513086375025026,0.005681253330409281
HFocusing_5_10_4um_0_1227.npy923.npy,P0/data/dataset_particles2SNR_clean/train/4um/HFocusing_5_10_4um_0_1227.npy923.npy,4um,453,2500,1,3,1,10131.875,1,peak_bin_energy_over_lowest_window_energy,0.009402193266836114,0.08586443560014294,0.08637767384664877,1.1418935062506748,0.0010681874569377602,0.07828879988003676,0.07829608681856078,1.0667708065314718,0.8896829008463809,0.011786309882093166
HFocusing_5_10_4um_0_1230.npy925.npy,P0/data/dataset_particles2SNR_clean/train/4um/HFocusing_5_10_4um_0_1230.npy925.npy,4um,454,2500,1,3,1,10975.599609375,1,peak_bin_energy_over_lowest_window_energy,0.06783284400459128,0.09392903866804833,0.11586181006205165,1.3920472821715304,0.000789713399898152,0.08331969565947141,0.08332343807141492,2.518496295560979,0.9022482021668065,0.01149855021312926
HFocusing_5_10_4um_0_1236.npy934.npy,P0/data/dataset_particles2SNR_clean/train/4um/HFocusing_5_10_4um_0_1236.npy934.npy,4um,455,2500,3,3,1,72313.9375,1,peak_bin_energy_over_lowest_window_energy,-0.013439098343361827,0.19969503040874362,0.20014673250950557,1.890168034786356,-0.0003088205492800547,0.19524350438164564,0.19524374861530736,2.143610361097342,0.9752599928022352,0.002367235309896857
HFocusing_5_10_4um_0_1246.npy939.npy,P0/data/dataset_particles2SNR_clean/train/4um/HFocusing_5_10_4um_0_1246.npy939.npy,4um,456,2500,1,3,1,46205.37890625,1,peak_bin_energy_over_lowest_window_energy,-0.023136273821713637,0.15503244665953625,0.15674931158890384,1.8273205677802844,0.0003895956690546898,0.15017991063331937,0.1501804159756429,2.2697335319219176,0.9799664050242867,0.0038920081593333457
HFocusing_5_10_4um_0_1249.npy941.npy,P0/data/dataset_particles2SNR_clean/train/4um/HFocusing_5_10_4um_0_1249.npy941.npy,4um,457,2500,1,3,1,31275.47265625,1,peak_bin_energy_over_lowest_window_energy,0.019346904331816548,0.1329936122539374,0.1343934656431447,2.1475754160855294,-0.001448349888181023,0.126166425964324,0.126174738985305,2.5027563175288963,0.9537727507789279,0.004687965719740547
HFocusing_5_10_4um_0_1249.npy942.npy,P0/data/dataset_particles2SNR_clean/train/4um/HFocusing_5_10_4um_0_1249.npy942.npy,4um,458,2500,2,3,1,13233.357421875,1,peak_bin_energy_over_lowest_window_energy,-0.015018385512347165,0.09110850319697031,0.09233802715127624,1.0998965573309585,-0.0005493067018048761,0.08483296462537046,0.08483474303009353,1.7110949672796867,0.9314349397589737,0.011260598015458312
HFocusing_5_10_4um_0_1252.npy943.npy,P0/data/dataset_particles2SNR_clean/train/4um/HFocusing_5_10_4um_0_1252.npy943.npy,4um,459,2500,1,3,1,17618.857421875,1,peak_bin_energy_over_lowest_window_energy,-0.026852524337527207,0.10597621468829231,0.10932527677969314,2.0246067334633056,-0.00028023459578091253,0.09914286657114345,0.09914326262218844,2.5313653918277508,0.9259839962999565,0.008050602473739378
HFocusing_5_10_4um_0_1252.npy944.npy,P0/data/dataset_particles2SNR_clean/train/4um/HFocusing_5_10_4um_0_1252.npy944.npy,4um,460,2500,1,3,1,41665.796875,1,peak_bin_energy_over_lowest_window_energy,-0.005840029948863034,0.14733559630172252,0.14745129327133,2.0521241757335495,-7.089120224292244e-06,0.14270299380170423,0.1427029939777889,2.462032791690434,0.9736003965998025,0.003807157957388646
HFocusing_5_10_4um_0_1255.npy946.npy,P0/data/dataset_particles2SNR_clean/train/4um/HFocusing_5_10_4um_0_1255.npy946.npy,4um,461,2500,1,3,1,31378.27734375,1,peak_bin_energy_over_lowest_window_energy,0.006836854122434398,0.12676312226714795,0.1269473581497754,1.9736464226487156,-0.0005350708685570139,0.12138815366850275,0.12138933294108843,2.4809235290526095,0.9675750769598792,0.005334612536117875
HFocusing_5_10_4um_0_1264.npy954.npy,P0/data/dataset_particles2SNR_clean/train/4um/HFocusing_5_10_4um_0_1264.npy954.npy,4um,462,2500,1,3,1,29412.447265625,1,peak_bin_energy_over_lowest_window_energy,-0.07255345228185865,0.14931156471507162,0.16600586373884194,0.8760784375400053,-0.000576869416682048,0.14178809203435605,0.14178926553539561,1.1682756939175016,0.9655186556117044,0.004349153679715287
HFocusing_5_10_4um_0_1264.npy955.npy,P0/data/dataset_particles2SNR_clean/train/4um/HFocusing_5_10_4um_0_1264.npy955.npy,4um,463,2500,2,3,1,20431.42578125,1,peak_bin_energy_over_lowest_window_energy,-0.07548120373858179,0.12401814339459127,0.1451823405544445,0.9006575214335162,-0.0005105725936386564,0.11702581883849499,0.11702693262319415,1.5150204206837525,0.9504890401594734,0.00634551462233753
HFocusing_5_10_4um_0_1273.npy960.npy,P0/data/dataset_particles2SNR_clean/train/4um/HFocusing_5_10_4um_0_1273.npy960.npy,4um,464,2500,2,3,1,12759.6220703125,1,peak_bin_energy_over_lowest_window_energy,-0.0036544478070744874,0.09919399905713278,0.09926129375401617,0.9093297476887838,-0.00013171382995026128,0.080839902692198,0.08084000999391973,1.5504194210225721,0.8514635560513165,0.011028076102783533
HFocusing_5_10_4um_0_1273.npy961.npy,P0/data/dataset_particles2SNR_clean/train/4um/HFocusing_5_10_4um_0_1273.npy961.npy,4um,465,2500,1,3,1,14785.09375,1,peak_bin_energy_over_lowest_window_energy,0.012180320315431202,0.11664658052921556,0.11728079532534419,1.03072590966302,-0.0013731461625770406,0.10458472044665737,0.10459373442653855,1.6018606372670519,0.8717983170805995,0.006596033859043944
HFocusing_5_10_4um_0_1273.npy962.npy,P0/data/dataset_particles2SNR_clean/train/4um/HFocusing_5_10_4um_0_1273.npy962.npy,4um,466,2500,1,3,1,32792.875,1,peak_bin_energy_over_lowest_window_energy,0.02046209021232963,0.1567880910032775,0.1581176859693739,0.3573976254918563,0.0003499541770404896,0.14948592500330216,0.14948633463303226,0.3479956950822727,0.9527852147740583,0.0036934614554046626
HFocusing_5_10_4um_0_1279.npy967.npy,P0/data/dataset_particles2SNR_clean/train/4um/HFocusing_5_10_4um_0_1279.npy967.npy,4um,467,2500,1,3,1,9996.5791015625,1,peak_bin_energy_over_lowest_window_energy,-0.0038344712616729068,0.08958195796047919,0.08966398586885181,1.1467932476207316,-0.001392487129514133,0.07864696947814648,0.07865929588104871,1.7696282853543979,0.9028169122920242,0.012877074078306986
HFocusing_5_10_4um_0_1279.npy968.npy,P0/data/dataset_particles2SNR_clean/train/4um/HFocusing_5_10_4um_0_1279.npy968.npy,4um,468,2500,1,3,1,24382.267578125,1,peak_bin_energy_over_lowest_window_energy,0.053056064247758945,0.12046392000255363,0.13163017122166168,2.1746904444516293,-0.0010412213003980068,0.11680715783746341,0.11681179847884585,2.4968192000739107,0.9578287798083629,0.0061766212968074755
HFocusing_5_10_4um_0_1285.npy970.npy,P0/data/dataset_particles2SNR_clean/train/4um/HFocusing_5_10_4um_0_1285.npy970.npy,4um,469,2500,1,3,1,66788.671875,1,peak_bin_energy_over_lowest_window_energy,-0.0417592855340011,0.23885775127520997,0.24248064515041257,-0.10148996903564766,0.0019155716560216745,0.2355987139077676,0.2356065012043672,-0.18755667432999035,0.9822791365659393,0.0019174406771351837
HFocusing_5_10_4um_0_1285.npy973.npy,P0/data/dataset_particles2SNR_clean/train/4um/HFocusing_5_10_4um_0_1285.npy973.npy,4um,470,2500,1,3,1,18307.388671875,1,peak_bin_energy_over_lowest_window_energy,-0.014103576917877572,0.11669525374614821,0.11754443044549755,0.5933429457927852,0.0015204891995113526,0.11022130452403801,0.1102317915049309,0.8112956059753595,0.9430688099903194,0.006878938937729119
HFocusing_5_10_4um_0_1291.npy976.npy,P0/data/dataset_particles2SNR_clean/train/4um/HFocusing_5_10_4um_0_1291.npy976.npy,4um,471,2500,1,3,1,15958.578125,1,peak_bin_energy_over_lowest_window_energy,0.0259752267097036,0.11336958025127644,0.11630724022592535,1.4792897248035244,3.410158533954974e-05,0.10594771587985508,0.1059477213680248,1.4772641118170444,0.9280973026852737,0.008042551330154897
HFocusing_5_10_4um_0_1294.npy979.npy,P0/data/dataset_particles2SNR_clean/train/4um/HFocusing_5_10_4um_0_1294.npy979.npy,4um,472,2500,1,3,1,18276.240234375,1,peak_bin_energy_over_lowest_window_energy,0.03000530405531349,0.10856109089842125,0.11263138429632788,1.7068806270170542,0.00023751763315813106,0.10164618641681933,0.10164646392132315,2.1955383697224535,0.9368090913036526,0.008023085324186696
HFocusing_5_10_4um_0_1297.npy981.npy,P0/data/dataset_particles2SNR_clean/train/4um/HFocusing_5_10_4um_0_1297.npy981.npy,4um,473,2500,1,3,1,17963.498046875,1,peak_bin_energy_over_lowest_window_energy,0.0657302350452931,0.11224565088704715,0.13007517035224803,1.6303318739386192,-0.0012357184390899359,0.1064311849969939,0.10643835840487699,1.9334467278055296,0.9282183504565907,0.007650968061795915
HFocusing_5_10_4um_0_1300.npy983.npy,P0/data/dataset_particles2SNR_clean/train/4um/HFocusing_5_10_4um_0_1300.npy983.npy,4um,474,2500,1,3,1,24858.28515625,1,peak_bin_energy_over_lowest_window_energy,-0.026759588243978782,0.12735126603729968,0.13013231929190522,0.7089192229378636,-0.0010828050468866895,0.12161179617435607,0.12161661660942016,0.609236997750195,0.9394297775891359,0.005841255467604283
HFocusing_5_10_4um_0_1312.npy990.npy,P0/data/dataset_particles2SNR_clean/train/4um/HFocusing_5_10_4um_0_1312.npy990.npy,4um,475,2500,1,3,1,15643.3798828125,1,peak_bin_energy_over_lowest_window_energy,-0.041794252260084014,0.10073439865155435,0.10906043551017854,2.6088706613304504,0.0007916043926051207,0.09371280493740224,0.093716148270989,2.897222637284525,0.911882385064082,0.00923044342132949
HFocusing_5_10_4um_0_1312.npy991.npy,P0/data/dataset_particles2SNR_clean/train/4um/HFocusing_5_10_4um_0_1312.npy991.npy,4um,476,2500,1,3,1,12849.1552734375,1,peak_bin_energy_over_lowest_window_energy,-0.02739981347499999,0.09435004327617784,0.09824805567888568,1.2061702995334143,-0.0006753954084673933,0.08661111132661448,0.08661374466093118,2.126202999338595,0.9098663285486304,0.010594560084607912
HFocusing_5_10_4um_0_1312.npy992.npy,P0/data/dataset_particles2SNR_clean/train/4um/HFocusing_5_10_4um_0_1312.npy992.npy,4um,477,2500,1,3,1,25050.5703125,1,peak_bin_energy_over_lowest_window_energy,-0.018688552190958815,0.13209015120679754,0.13340565965816004,2.5626047540151644,-0.0003419302193747466,0.12621898581508786,0.12621944896276593,2.769606023162452,0.9563542656640305,0.005235929940000906
HFocusing_5_10_4um_0_1315.npy994.npy,P0/data/dataset_particles2SNR_clean/train/4um/HFocusing_5_10_4um_0_1315.npy994.npy,4um,478,2500,2,3,1,21234.890625,1,peak_bin_energy_over_lowest_window_energy,0.006449882597365422,0.1150033858214389,0.11518411234156616,1.755551205032294,0.00022658651194935376,0.10593282730772131,0.10593306963764858,2.6596463218577764,0.9464495984428417,0.006796754727398015
HFocusing_5_10_4um_0_1315.npy995.npy,P0/data/dataset_particles2SNR_clean/train/4um/HFocusing_5_10_4um_0_1315.npy995.npy,4um,479,2500,1,3,1,23840.33984375,1,peak_bin_energy_over_lowest_window_energy,0.006986606835209373,0.12875427552809734,0.12894369368772945,1.3633312287851673,0.00014557413302620966,0.1218916819328104,0.12189176886171448,2.0427703898862726,0.9470320935780367,0.005509082265944363
HFocusing_5_10_4um_0_1315.npy996.npy,P0/data/dataset_particles2SNR_clean/train/4um/HFocusing_5_10_4um_0_1315.npy996.npy,4um,480,2500,1,3,1,10984.84375,1,peak_bin_energy_over_lowest_window_energy,0.017593033352708717,0.08496627841109373,0.08676856164291889,1.085826415466964,-2.8110161306428694e-05,0.07801553124522208,0.07801553630947743,1.7989550199966198,0.9025283788705949,0.013689454710513192
HFocusing_5_10_4um_0_1318.npy998.npy,P0/data/dataset_particles2SNR_clean/train/4um/HFocusing_5_10_4um_0_1318.npy998.npy,4um,481,2500,1,3,1,23630.861328125,1,peak_bin_energy_over_lowest_window_energy,-0.053080588442132204,0.12631331680633812,0.1370131485368516,1.8278262863676176,-0.0011297514847517585,0.11828916121616971,0.11829455608624721,2.427091385885692,0.9494022788442386,0.0057480006582136655
HFocusing_5_10_4um_0_1318.npy999.npy,P0/data/dataset_particles2SNR_clean/train/4um/HFocusing_5_10_4um_0_1318.npy999.npy,4um,482,2500,1,3,1,25705.2890625,1,peak_bin_energy_over_lowest_window_energy,-0.003027046386020276,0.14535923256315725,0.14539074764637933,1.947413699841153,-0.00014255160513420754,0.13766996282092883,0.1376700366240819,2.2780745864282865,0.9608598895131079,0.004019350541358782
HFocusing_5_10_4um_0_1324.npy1009.npy,P0/data/dataset_particles2SNR_clean/train/4um/HFocusing_5_10_4um_0_1324.npy1009.npy,4um,483,2500,1,3,1,31078.4765625,1,peak_bin_energy_over_lowest_window_energy,-0.009423805730422856,0.14125999008985937,0.1415739838905154,1.6571874454329532,0.0014883394416492716,0.13757690771087694,0.13758495807892926,1.8563721778194866,0.967257620064013,0.0045602426283387724
HFocusing_5_10_4um_0_1324.npy1010.npy,P0/data/dataset_particles2SNR_clean/train/4um/HFocusing_5_10_4um_0_1324.npy1010.npy,4um,484,2500,1,3,1,9654.20703125,1,peak_bin_energy_over_lowest_window_energy,-0.03646572708699236,0.08263944952216074,0.09032733733100275,0.5895629916094447,-0.00013609599951452643,0.07282897433457797,0.07282910149622676,0.8968847505068447,0.8743336301021428,0.013909527461707281
HFocusing_5_10_4um_0_1326.npy1011.npy,P0/data/dataset_particles2SNR_clean/train/4um/HFocusing_5_10_4um_0_1326.npy1011.npy,4um,485,2500,1,3,1,18972.58984375,1,peak_bin_energy_over_lowest_window_energy,0.01644684458506967,0.11964351630864599,0.12076866187675789,1.3651090322426231,0.0012885274649396651,0.11405615789016024,0.11406343610330641,1.696429167372803,0.9462422611752215,0.006332634008176574
HFocusing_5_10_4um_0_1339.npy1022.npy,P0/data/dataset_particles2SNR_clean/train/4um/HFocusing_5_10_4um_0_1339.npy1022.npy,4um,486,2500,1,3,1,16548.474609375,1,peak_bin_energy_over_lowest_window_energy,-0.018166373891098948,0.11779871945728428,0.11919125574523984,1.1452445301654626,-0.0008589038347950897,0.10947258342477965,0.10947595278184505,1.4978084135158305,0.9517008668473974,0.006441123575524822
HFocusing_5_10_4um_0_1339.npy1023.npy,P0/data/dataset_particles2SNR_clean/train/4um/HFocusing_5_10_4um_0_1339.npy1023.npy,4um,487,2500,1,3,1,15706.544921875,1,peak_bin_energy_over_lowest_window_energy,-0.0028305798362841207,0.10466783439363175,0.10470610172698772,0.9939261069970295,0.0007643939502170995,0.10040625250681287,0.10040916213460302,0.9621850916957877,0.9446639957847641,0.007993676010396984
HFocusing_5_10_4um_0_1345.npy1027.npy,P0/data/dataset_particles2SNR_clean/train/4um/HFocusing_5_10_4um_0_1345.npy1027.npy,4um,488,2500,1,3,1,18664.97265625,1,peak_bin_energy_over_lowest_window_energy,0.011243147456044359,0.1318571376069573,0.13233560784089227,2.493898127335367,-0.0013912684723146954,0.11788094141599706,0.11788915122726004,3.3161527927023036,0.898672753808673,0.0062318402255455785
HFocusing_5_10_4um_0_1345.npy1028.npy,P0/data/dataset_particles2SNR_clean/train/4um/HFocusing_5_10_4um_0_1345.npy1028.npy,4um,489,2500,1,3,1,26304.466796875,1,peak_bin_energy_over_lowest_window_energy,0.009960291631426942,0.13123521174126376,0.13161264456790392,2.5602695645079594,0.0007722166443845413,0.11693239717791812,0.11693494699327595,3.4974701174539895,0.9079860667241227,0.005814454884368817
HFocusing_5_10_4um_0_1345.npy1029.npy,P0/data/dataset_particles2SNR_clean/train/4um/HFocusing_5_10_4um_0_1345.npy1029.npy,4um,490,2500,1,3,1,22143.087890625,1,peak_bin_energy_over_lowest_window_energy,0.03465976503323846,0.1256408038180794,0.1303338440168647,1.891730022486299,-0.0008609097596577538,0.11836134175843509,0.11836447266165359,2.325306304600111,0.944777235045802,0.005909345620107864
HFocusing_5_10_4um_0_1345.npy1030.npy,P0/data/dataset_particles2SNR_clean/train/4um/HFocusing_5_10_4um_0_1345.npy1030.npy,4um,491,2500,1,3,1,54509.953125,1,peak_bin_energy_over_lowest_window_energy,0.02374087842960265,0.17273733667026134,0.17436116766225324,1.6701736165921561,-0.0004847946938651415,0.16537574603722605,0.16537645661721104,1.9485896630361772,0.9755767072412767,0.0030654398966036794
HFocusing_5_10_4um_0_1351.npy1034.npy,P0/data/dataset_particles2SNR_clean/train/4um/HFocusing_5_10_4um_0_1351.npy1034.npy,4um,492,2500,1,3,1,10732.841796875,1,peak_bin_energy_over_lowest_window_energy,0.004005719139685944,0.09368120055153373,0.09376680181494264,1.1624486957963942,-0.0010344308470396709,0.08839690819818982,0.0884029605057235,1.2618658808763188,0.9244910178118124,0.010129043916069065
HFocusing_5_10_4um_0_1351.npy1035.npy,P0/data/dataset_particles2SNR_clean/train/4um/HFocusing_5_10_4um_0_1351.npy1035.npy,4um,493,2500,1,3,1,19922.49609375,1,peak_bin_energy_over_lowest_window_energy,-0.0001545411125781399,0.1271350642398752,0.12713515816733256,1.1167912858841627,-0.000277952002786963,0.12074770637868594,0.12074802629040861,1.4691980426716125,0.9465393880058585,0.005759738286109926
HFocusing_5_10_4um_0_1351.npy1036.npy,P0/data/dataset_particles2SNR_clean/train/4um/HFocusing_5_10_4um_0_1351.npy1036.npy,4um,494,2500,2,3,1,22718.447265625,1,peak_bin_energy_over_lowest_window_energy,-0.062393322980828496,0.11952141938054901,0.13482691290440146,2.708687102617384,0.0009081024684371208,0.11365092490883037,0.11365455284644686,3.031788174316005,0.9435650678968289,0.0063400260137672255
HFocusing_5_10_4um_0_1354.npy1038.npy,P0/data/dataset_particles2SNR_clean/train/4um/HFocusing_5_10_4um_0_1354.npy1038.npy,4um,495,2500,1,3,1,9548.25,1,peak_bin_energy_over_lowest_window_energy,0.0031971791765942983,0.09327610001742262,0.09333087800480329,2.245596298637711,-0.0007537133536549258,0.08161037905151144,0.08161385944036009,2.423939031945258,0.8763445004153736,0.01142092699675256
HFocusing_5_10_4um_0_1354.npy1039.npy,P0/data/dataset_particles2SNR_clean/train/4um/HFocusing_5_10_4um_0_1354.npy1039.npy,4um,496,2500,1,3,1,28397.974609375,1,peak_bin_energy_over_lowest_window_energy,-0.0026597790116235664,0.14328357737072248,0.14330826203866434,1.5650797648254473,-0.0042892687857498685,0.1434270589642622,0.1434911811570814,1.7273949368188086,0.9603179023674531,0.004903999648697813
HFocusing_5_10_4um_0_1354.npy1040.npy,P0/data/dataset_particles2SNR_clean/train/4um/HFocusing_5_10_4um_0_1354.npy1040.npy,4um,497,2500,1,3,1,13475.7744140625,1,peak_bin_energy_over_lowest_window_energy,0.014011956561348467,0.09834500550811835,0.09933818518107196,0.8422705142616271,-0.0017699539055544904,0.0923367057903143,0.09235366789161571,1.1080271123485943,0.9119523834336207,0.00942602254065123
HFocusing_5_10_4um_0_1354.npy1041.npy,P0/data/dataset_particles2SNR_clean/train/4um/HFocusing_5_10_4um_0_1354.npy1041.npy,4um,498,2500,1,3,1,19329.41015625,1,peak_bin_energy_over_lowest_window_energy,0.050833983276097554,0.11218105659573722,0.12316120864399864,1.791576470037108,-0.0006599549293007161,0.103687782931098,0.1036898831597143,1.795237235508563,0.9032328556272957,0.007470440720664558
HFocusing_5_10_4um_0_1357.npy1043.npy,P0/data/dataset_particles2SNR_clean/train/4um/HFocusing_5_10_4um_0_1357.npy1043.npy,4um,499,2500,1,3,1,17417.87109375,1,peak_bin_energy_over_lowest_window_energy,0.032828457831198365,0.12357168873650362,0.12785800679177703,1.709149140060557,0.0007034780636288077,0.11738695470649976,0.11738906259380316,1.981499225941464,0.9466310322397182,0.006227411121122677
HFocusing_5_10_4um_0_1360.npy1044.npy,P0/data/dataset_particles2SNR_clean/train/4um/HFocusing_5_10_4um_0_1360.npy1044.npy,4um,500,2500,2,3,1,72227.7734375,1,peak_bin_energy_over_lowest_window_energy,0.0005135291417973349,0.22865709754432734,0.2286576741978618,2.2857359331561176,0.0010019580119600435,0.2168976711886645,0.21689998544703443,2.925829300788732,0.9621678522786871,0.0022365610981353525
HFocusing_5_10_4um_0_1363.npy1045.npy,P0/data/dataset_particles2SNR_clean/train/4um/HFocusing_5_10_4um_0_1363.npy1045.npy,4um,501,2500,1,3,1,19405.927734375,1,peak_bin_energy_over_lowest_window_energy,-0.03942725177531363,0.12081659632494827,0.12708720679163374,1.4730627001806669,-0.000578002465288276,0.1163635454748225,0.11636498099652216,1.7766202381890235,0.9558185864303556,0.006193291332403059
HFocusing_5_10_4um_0_1363.npy1046.npy,P0/data/dataset_particles2SNR_clean/train/4um/HFocusing_5_10_4um_0_1363.npy1046.npy,4um,502,2500,3,3,1,12280.33984375,1,peak_bin_energy_over_lowest_window_energy,0.010107544475634321,0.09934718958709848,0.09986003471951035,1.0652211260679314,-0.00012905947906613892,0.08929608570233827,0.08929617896701111,1.7399547426851045,0.9058154917958787,0.009922851257449752
HFocusing_5_10_4um_0_1366.npy1049.npy,P0/data/dataset_particles2SNR_clean/train/4um/HFocusing_5_10_4um_0_1366.npy1049.npy,4um,503,2500,2,3,1,21391.9765625,1,peak_bin_energy_over_lowest_window_energy,0.03882321505687663,0.16738224720064337,0.1718256636980919,1.2820187551344446,-0.0014699512484048017,0.16084405293942738,0.16085076972975296,1.3486686597183706,0.9352815171987557,0.0048032089327267585
HFocusing_5_10_4um_0_1366.npy1050.npy,P0/data/dataset_particles2SNR_clean/train/4um/HFocusing_5_10_4um_0_1366.npy1050.npy,4um,504,2500,2,3,1,42747.68359375,1,peak_bin_energy_over_lowest_window_energy,0.04581712174971495,0.16650921521704076,0.172697792104077,1.4401253928748927,0.0009227509017045581,0.1570761144367507,0.1570788247847997,1.6681564163398068,0.9510521050374908,0.0037480518886672536
HFocusing_5_10_4um_0_1366.npy1054.npy,P0/data/dataset_particles2SNR_clean/train/4um/HFocusing_5_10_4um_0_1366.npy1054.npy,4um,505,2500,2,3,1,47089.05078125,1,peak_bin_energy_over_lowest_window_energy,0.033337020082929915,0.1678024510449006,0.17108190870073298,1.4563719541267073,-0.0015272130506018206,0.15596932620280587,0.1559768030697488,2.3589464826610396,0.9647000412253417,0.0035710931052559884
HFocusing_5_10_4um_0_1369.npy1055.npy,P0/data/dataset_particles2SNR_clean/train/4um/HFocusing_5_10_4um_0_1369.npy1055.npy,4um,506,2500,1,3,1,23235.525390625,1,peak_bin_energy_over_lowest_window_energy,0.06463996094336123,0.12434275156313533,0.14014080211362734,2.1633864458395458,0.0002497401916812043,0.11965089816369948,0.11965115879732766,2.582940263818898,0.9563137592190974,0.006143988536833258
HFocusing_5_10_4um_0_1369.npy1056.npy,P0/data/dataset_particles2SNR_clean/train/4um/HFocusing_5_10_4um_0_1369.npy1056.npy,4um,507,2500,1,3,1,18877.271484375,1,peak_bin_energy_over_lowest_window_energy,0.08850197206665228,0.11317568398848432,0.14367092435822834,1.8974936863352614,0.0009256522833110642,0.10380485001574752,0.10380897706336113,2.525249498540984,0.9456498437167503,0.007713717807310711
HFocusing_5_10_4um_0_1369.npy1057.npy,P0/data/dataset_particles2SNR_clean/train/4um/HFocusing_5_10_4um_0_1369.npy1057.npy,4um,508,2500,1,3,1,23304.3046875,1,peak_bin_energy_over_lowest_window_energy,0.05631096584020043,0.1156715246014306,0.1286500154585128,1.120843639675435,-0.000400296064024882,0.10795679793756391,0.10795754006956106,1.8248710265176005,0.9545484186004,0.006732824877169385
HFocusing_5_10_4um_0_1378.npy1064.npy,P0/data/dataset_particles2SNR_clean/train/4um/HFocusing_5_10_4um_0_1378.npy1064.npy,4um,509,2500,1,3,1,19572.98828125,1,peak_bin_energy_over_lowest_window_energy,0.03662988161761634,0.11251036556876524,0.11832299264191125,1.1398533351052347,-0.0006821424791977602,0.1018181584500041,0.10182044347041544,1.4881609870749068,0.886269342228015,0.007340284229331978
HFocusing_5_10_4um_0_1378.npy1066.npy,P0/data/dataset_particles2SNR_clean/train/4um/HFocusing_5_10_4um_0_1378.npy1066.npy,4um,510,2500,1,3,1,29612.98046875,1,peak_bin_energy_over_lowest_window_energy,-0.022738275445017057,0.13663050030879165,0.13850964870666657,1.4414439178954161,0.00023600747409056026,0.1301141439730364,0.13011435801387897,1.8972235910322546,0.9471381431928676,0.005130956964857569
HFocusing_5_10_4um_0_138.npy1067.npy,P0/data/dataset_particles2SNR_clean/train/4um/HFocusing_5_10_4um_0_138.npy1067.npy,4um,511,2500,1,3,1,25172.232421875,1,peak_bin_energy_over_lowest_window_energy,-0.005885555572461698,0.1171533778041427,0.11730112401557255,1.5901365747981488,0.0001733126419574436,0.11218685889818343,0.1121869927697181,2.020314982381384,0.9631699250303917,0.0061667731944163
HFocusing_5_10_4um_0_1381.npy1070.npy,P0/data/dataset_particles2SNR_clean/train/4um/HFocusing_5_10_4um_0_1381.npy1070.npy,4um,512,2500,1,3,1,10553.6103515625,1,peak_bin_energy_over_lowest_window_energy,-0.029132840035693483,0.1188217371242902,0.12234102983782354,1.743267456071652,-0.001979139031973687,0.1133869726035106,0.11340424395716919,1.7905048010603428,0.9475691382576665,0.0077076043635345036
HFocusing_5_10_4um_0_1381.npy1071.npy,P0/data/dataset_particles2SNR_clean/train/4um/HFocusing_5_10_4um_0_1381.npy1071.npy,4um,513,2500,1,3,1,20927.7734375,1,peak_bin_energy_over_lowest_window_energy,-0.048093182561245715,0.12207141226761464,0.13120359713772806,1.0794897707264415,0.00041022132500964653,0.11522933971250478,0.11523006991282841,1.4257031591881724,0.9558350260003408,0.006904461938603403
HFocusing_5_10_4um_0_1385.npy1073.npy,P0/data/dataset_particles2SNR_clean/train/4um/HFocusing_5_10_4um_0_1385.npy1073.npy,4um,514,2500,1,3,1,18087.990234375,1,peak_bin_energy_over_lowest_window_energy,0.015303823289923503,0.11850920184845624,0.11949325474706658,1.729230387537136,0.00037553540842103487,0.10584339037672903,0.1058440565798743,2.543970342475525,0.9352920758673945,0.007605430236059785
HFocusing_5_10_4um_0_1385.npy1074.npy,P0/data/dataset_particles2SNR_clean/train/4um/HFocusing_5_10_4um_0_1385.npy1074.npy,4um,515,2500,1,3,1,20440.962890625,1,peak_bin_energy_over_lowest_window_energy,-0.01910051389197592,0.11820132254771488,0.11973463276331747,2.303741005102766,-0.0012355399520805068,0.10990514551230217,0.10991209018599138,3.287170789005139,0.9113121206843154,0.0067857694765039445
HFocusing_5_10_4um_0_1391.npy1075.npy,P0/data/dataset_particles2SNR_clean/train/4um/HFocusing_5_10_4um_0_1391.npy1075.npy,4um,516,2500,1,3,1,83073.6875,1,peak_bin_energy_over_lowest_window_energy,-0.08119498549361938,0.2697881451407752,0.2817414930886274,0.4732149826874492,0.0031765646346688754,0.264608565648334,0.2646276319233252,0.3448436012710183,0.9775464780180502,0.0014377674198060848
HFocusing_5_10_4um_0_1394.npy1077.npy,P0/data/dataset_particles2SNR_clean/train/4um/HFocusing_5_10_4um_0_1394.npy1077.npy,4um,517,2500,1,3,1,10482.9541015625,1,peak_bin_energy_over_lowest_window_energy,0.04039124561445723,0.08880401876891998,0.09755822093395358,1.4457657186516784,-0.00168930409355297,0.07923539913674348,0.07925340512987152,1.7344614669243343,0.903030519208736,0.013224389073365296
HFocusing_5_10_4um_0_1394.npy1078.npy,P0/data/dataset_particles2SNR_clean/train/4um/HFocusing_5_10_4um_0_1394.npy1078.npy,4um,518,2500,2,3,1,13190.4365234375,1,peak_bin_energy_over_lowest_window_energy,-0.001270117597151592,0.10907719158914748,0.10908458609577332,1.591599846608566,0.0006370254453655156,0.10401254082304319,0.10401449153787788,2.05683251454895,0.9499435447734146,0.008001527489114986
HFocusing_5_10_4um_0_1397.npy1079.npy,P0/data/dataset_particles2SNR_clean/train/4um/HFocusing_5_10_4um_0_1397.npy1079.npy,4um,519,2500,1,3,1,25473.650390625,1,peak_bin_energy_over_lowest_window_energy,0.009078255969760233,0.13999473766372642,0.14028877825752162,2.034965615425195,-0.0017608940555839084,0.12973347012847303,0.12974542003265624,2.9837714697314217,0.9434376562572232,0.004629168171904339
HFocusing_5_10_4um_0_1400.npy1084.npy,P0/data/dataset_particles2SNR_clean/train/4um/HFocusing_5_10_4um_0_1400.npy1084.npy,4um,520,2500,1,3,1,18089.96875,1,peak_bin_energy_over_lowest_window_energy,-0.01249467662082572,0.11628021149007205,0.1169495811366372,2.2433405746195882,0.0007063692294695439,0.10988945836219546,0.1098917286087767,2.7501875466726196,0.947408864320391,0.007237369307551975
HFocusing_5_10_4um_0_1400.npy1085.npy,P0/data/dataset_particles2SNR_clean/train/4um/HFocusing_5_10_4um_0_1400.npy1085.npy,4um,521,2500,1,3,1,10087.9931640625,1,peak_bin_energy_over_lowest_window_energy,0.08511716613890931,0.08457629219955094,0.11999200462423532,1.5302714445695083,-9.653993591994947e-06,0.07747514175585168,0.0774751423573323,2.18775080814643,0.9151762434247602,0.0137700800630501
HFocusing_5_10_4um_0_1403.npy1086.npy,P0/data/dataset_particles2SNR_clean/train/4um/HFocusing_5_10_4um_0_1403.npy1086.npy,4um,522,2500,1,3,1,28946.724609375,1,peak_bin_energy_over_lowest_window_energy,-0.035957167613467664,0.14696255145919102,0.15129742044786612,1.9513588954427803,0.0005093408580758429,0.14003318957759003,0.14003411588389084,2.4368496819248158,0.9512331157329955,0.004112835708852098
HFocusing_5_10_4um_0_1403.npy1087.npy,P0/data/dataset_particles2SNR_clean/train/4um/HFocusing_5_10_4um_0_1403.npy1087.npy,4um,523,2500,1,3,1,19588.998046875,1,peak_bin_energy_over_lowest_window_energy,-0.041270023064112205,0.11496716638661832,0.12215017048977353,1.7118425949121026,-0.0009390789085551086,0.10866335770412544,0.10866741543227762,2.110405348768052,0.9462864358899077,0.007036899815384017
HFocusing_5_10_4um_0_1403.npy1088.npy,P0/data/dataset_particles2SNR_clean/train/4um/HFocusing_5_10_4um_0_1403.npy1088.npy,4um,524,2500,1,3,1,19513.3984375,1,peak_bin_energy_over_lowest_window_energy,0.0030821377155955724,0.10928724331904908,0.10933069617072295,1.4914899827658745,6.183742110111848e-05,0.09760848214430566,0.09760850173208216,2.5518821960154545,0.9405916353525455,0.007838859254730914
HFocusing_5_10_4um_0_1407.npy1091.npy,P0/data/dataset_particles2SNR_clean/train/4um/HFocusing_5_10_4um_0_1407.npy1091.npy,4um,525,2500,1,3,1,12393.1435546875,1,peak_bin_energy_over_lowest_window_energy,0.018905186557648796,0.11545970084671696,0.11699721619933048,0.8495641971445784,0.0008474354051104903,0.10801880481607125,0.10802212893966834,1.2499145402783851,0.9226741514753413,0.006938801025777735
HFocusing_5_10_4um_0_1407.npy1092.npy,P0/data/dataset_particles2SNR_clean/train/4um/HFocusing_5_10_4um_0_1407.npy1092.npy,4um,526,2500,1,3,1,22166.0,1,peak_bin_energy_over_lowest_window_energy,0.02407268007467977,0.11623593488392027,0.11870251254424584,0.7608727646301459,0.0010660089661283373,0.1083331193877526,0.10833836407938291,1.2088783475126172,0.9255206649336464,0.006670106910914032
HFocusing_5_10_4um_0_1407.npy1093.npy,P0/data/dataset_particles2SNR_clean/train/4um/HFocusing_5_10_4um_0_1407.npy1093.npy,4um,527,2500,1,3,1,49387.703125,1,peak_bin_energy_over_lowest_window_energy,0.019037266650522362,0.17183489700397428,0.17288623238965425,1.3060672072605062,-0.0017815169471218212,0.16105202428227983,0.16106187732686134,1.4421107451560147,0.9606239334241944,0.0030782401552066764
HFocusing_5_10_4um_0_1416.npy1101.npy,P0/data/dataset_particles2SNR_clean/train/4um/HFocusing_5_10_4um_0_1416.npy1101.npy,4um,528,2500,1,3,1,17890.435546875,1,peak_bin_energy_over_lowest_window_energy,-0.04765325917748929,0.11584802880109914,0.12526611228635326,1.5714201242141854,0.0005970602084504207,0.11007775921961493,0.11007937843076711,2.001849905161836,0.9504987060136306,0.006910058444258577
HFocusing_5_10_4um_0_1419.npy1103.npy,P0/data/dataset_particles2SNR_clean/train/4um/HFocusing_5_10_4um_0_1419.npy1103.npy,4um,529,2500,1,3,1,11835.205078125,1,peak_bin_energy_over_lowest_window_energy,-0.015576629274389162,0.09572614135000954,0.09698518194710862,1.448373189131983,-0.00010260001204118004,0.08520096556715165,0.0852010273432042,2.287502469927902,0.8873568971314604,0.011960542754545474
HFocusing_5_10_4um_0_1419.npy1104.npy,P0/data/dataset_particles2SNR_clean/train/4um/HFocusing_5_10_4um_0_1419.npy1104.npy,4um,530,2500,2,3,1,6744.06982421875,1,peak_bin_energy_over_lowest_window_energy,-0.038066704748839046,0.0819878414288547,0.09039402719537562,0.40405570745792296,-0.00023690279678582887,0.071453207439291,0.0714536001633051,1.0742047819210399,0.8823208646063325,0.01473673539877382
HFocusing_5_10_4um_0_1419.npy1105.npy,P0/data/dataset_particles2SNR_clean/train/4um/HFocusing_5_10_4um_0_1419.npy1105.npy,4um,531,2500,1,3,1,14154.7939453125,1,peak_bin_energy_over_lowest_window_energy,-0.02075488358797029,0.1065947896279998,0.10859656702026879,1.0328038907665809,-0.00013752629851777946,0.10079796483579545,0.10079805865452489,1.2044014208975078,0.9357669927354233,0.0075586339367717725
HFocusing_5_10_4um_0_1419.npy1106.npy,P0/data/dataset_particles2SNR_clean/train/4um/HFocusing_5_10_4um_0_1419.npy1106.npy,4um,532,2500,1,3,1,20994.1796875,1,peak_bin_energy_over_lowest_window_energy,0.07191720970780328,0.11606549524118867,0.13654041247095508,1.1136615451797924,0.0007313963515810252,0.10836148286116656,0.10836395114840545,1.6163770415188807,0.9443063415517892,0.007400794783667074
HFocusing_5_10_4um_0_1422.npy1110.npy,P0/data/dataset_particles2SNR_clean/train/4um/HFocusing_5_10_4um_0_1422.npy1110.npy,4um,533,2500,1,3,1,17675.501953125,1,peak_bin_energy_over_lowest_window_energy,-0.017860039888367794,0.11912756680725113,0.12045894818663398,0.11435118818187684,-0.0013858424684236351,0.1098721273183266,0.10988086694598773,0.016978530614333298,0.8869617311076619,0.006055516390935062
HFocusing_5_10_4um_0_1425.npy1111.npy,P0/data/dataset_particles2SNR_clean/train/4um/HFocusing_5_10_4um_0_1425.npy1111.npy,4um,534,2500,1,3,1,4803.0078125,1,peak_bin_energy_over_lowest_window_energy,-0.009407881900583684,0.102672315583362,0.10310243755171265,2.2325419569752265,-0.0011305636556710637,0.09652084571578542,0.09652746672253437,2.879118542069131,0.9223362310715119,0.010867939756417184
HFocusing_5_10_4um_0_1425.npy1112.npy,P0/data/dataset_particles2SNR_clean/train/4um/HFocusing_5_10_4um_0_1425.npy1112.npy,4um,535,2500,1,3,1,14517.744140625,1,peak_bin_energy_over_lowest_window_energy,-0.02395123693666805,0.11113896306446054,0.11369050471275048,1.837400247624971,8.728389482552865e-05,0.09876777729491175,0.09876781586253479,2.6725683122150263,0.8566689467703532,0.008144887076731363
HFocusing_5_10_4um_0_1435.npy1117.npy,P0/data/dataset_particles2SNR_clean/train/4um/HFocusing_5_10_4um_0_1435.npy1117.npy,4um,536,2500,1,3,1,30522.724609375,1,peak_bin_energy_over_lowest_window_energy,-0.014239366335998992,0.14823257289608185,0.14891492611905296,2.306752443703769,-0.00015581295311871627,0.14334310999200744,0.14334319467577492,2.6428616380519303,0.9700306804855171,0.0041520709854703545
HFocusing_5_10_4um_0_1435.npy1118.npy,P0/data/dataset_particles2SNR_clean/train/4um/HFocusing_5_10_4um_0_1435.npy1118.npy,4um,537,2500,1,3,1,20464.80078125,1,peak_bin_energy_over_lowest_window_energy,-0.004501835437728682,0.12318317966504731,0.12326541394365134,1.8912106744717851,0.0004633611636180663,0.11439484797913,0.1143957864072633,2.108755656858869,0.9272745275628784,0.005776338376457367
HFocusing_5_10_4um_0_1438.npy1120.npy,P0/data/dataset_particles2SNR_clean/train/4um/HFocusing_5_10_4um_0_1438.npy1120.npy,4um,538,2500,1,3,1,45493.9375,1,peak_bin_energy_over_lowest_window_energy,0.04553771028578401,0.16738009938016524,0.17346406177242016,3.426457945937287,-0.0011631483147092473,0.16150829986661788,0.16151248818530214,3.9982374835766388,0.9571376506372522,0.0034975229648865247
HFocusing_5_10_4um_0_1441.npy1123.npy,P0/data/dataset_particles2SNR_clean/train/4um/HFocusing_5_10_4um_0_1441.npy1123.npy,4um,539,2500,2,3,1,44840.31640625,1,peak_bin_energy_over_lowest_window_energy,-0.11019764485726528,0.18154990435551968,0.21237676121361843,0.12297942737929457,-0.00031973824643106676,0.17386197630603187,0.1738622703106842,0.4726979710186563,0.9526936032431731,0.0027483809394358905
HFocusing_5_10_4um_0_1444.npy1126.npy,P0/data/dataset_particles2SNR_clean/train/4um/HFocusing_5_10_4um_0_1444.npy1126.npy,4um,540,2500,1,3,1,31862.46484375,1,peak_bin_energy_over_lowest_window_energy,-0.010997472976749297,0.13998058784024522,0.14041192749896617,2.822800494301603,-0.0002501591161356774,0.13575182471446817,0.13575205520687736,2.9726612987827847,0.9607016073114676,0.0043385780696894435
HFocusing_5_10_4um_0_1449.npy1129.npy,P0/data/dataset_particles2SNR_clean/train/4um/HFocusing_5_10_4um_0_1449.npy1129.npy,4um,541,2500,1,3,1,32603.640625,1,peak_bin_energy_over_lowest_window_energy,-0.02913941555297098,0.1333940215955521,0.136539629910892,2.54286117380172,-0.0001636762287918044,0.1270675909044696,0.12706769632040046,3.162447451756514,0.9448932250380755,0.0049809879887726186
HFocusing_5_10_4um_0_1452.npy1131.npy,P0/data/dataset_particles2SNR_clean/train/4um/HFocusing_5_10_4um_0_1452.npy1131.npy,4um,542,2500,1,3,1,33688.95703125,1,peak_bin_energy_over_lowest_window_energy,-0.018809068712992167,0.14428773102844392,0.14550852343140125,1.9906860570467737,0.0007028488519904023,0.13916753850484495,0.13916931332016494,2.1886816326095433,0.9635739454502397,0.004704881689003138
HFocusing_5_10_4um_0_1455.npy1133.npy,P0/data/dataset_particles2SNR_clean/train/4um/HFocusing_5_10_4um_0_1455.npy1133.npy,4um,543,2500,1,3,1,22727.41015625,1,peak_bin_energy_over_lowest_window_energy,0.00018960067688865933,0.13068885739310124,0.13068899492738872,1.072404731861484,0.0003525063790688806,0.12577474284224316,0.1257752368225943,1.0833070711746355,0.9574417399247019,0.0055318627645702155
HFocusing_5_10_4um_0_1455.npy1134.npy,P0/data/dataset_particles2SNR_clean/train/4um/HFocusing_5_10_4um_0_1455.npy1134.npy,4um,544,2500,1,3,1,31260.6015625,1,peak_bin_energy_over_lowest_window_energy,0.02492507635025396,0.13436203545387598,0.13665436693488656,3.0191821920339974,0.0008273786982518699,0.12831501574091675,0.12831768319332312,3.116857320893324,0.9497942557675191,0.005098178319654384
HFocusing_5_10_4um_0_1455.npy1135.npy,P0/data/dataset_particles2SNR_clean/train/4um/HFocusing_5_10_4um_0_1455.npy1135.npy,4um,545,2500,1,3,1,36467.12890625,1,peak_bin_energy_over_lowest_window_energy,-0.005632174332479592,0.13779256258670483,0.1379076201372586,2.066265219186291,0.00045500408624606976,0.13270476129847034,0.13270554133118362,2.439483293599845,0.9681505740634468,0.004783406922755825
HFocusing_5_10_4um_0_148.npy1163.npy,P0/data/dataset_particles2SNR_clean/train/4um/HFocusing_5_10_4um_0_148.npy1163.npy,4um,546,2500,1,3,1,9940.890625,1,peak_bin_energy_over_lowest_window_energy,-0.030782184095849475,0.10200173545868294,0.10654528095741221,1.1197136949642728,0.0002042044608141672,0.09431513275160984,0.09431535381588517,1.291782094551425,0.9015786808339954,0.009186770717430083
HFocusing_5_10_4um_0_148.npy1164.npy,P0/data/dataset_particles2SNR_clean/train/4um/HFocusing_5_10_4um_0_148.npy1164.npy,4um,547,2500,1,3,1,11182.2578125,1,peak_bin_energy_over_lowest_window_energy,-0.02868499106811128,0.1028823588180485,0.10680640649578706,0.975988663738296,0.0015181337376068927,0.09530192877252355,0.09531401973376431,1.1589472814751414,0.9079055357838081,0.00874985264639208
HFocusing_5_10_4um_0_156.npy1220.npy,P0/data/dataset_particles2SNR_clean/train/4um/HFocusing_5_10_4um_0_156.npy1220.npy,4um,548,2500,1,3,1,24057.107421875,1,peak_bin_energy_over_lowest_window_energy,0.0019123818987652136,0.12020358515413564,0.12021879673509571,2.5136927421996083,-0.0010272603804901174,0.11502091398076954,0.11502550115892088,2.148584520401463,0.9413601998689272,0.00617715650915927
HFocusing_5_10_4um_0_167.npy1332.npy,P0/data/dataset_particles2SNR_clean/train/4um/HFocusing_5_10_4um_0_167.npy1332.npy,4um,549,2500,1,3,1,17043.875,1,peak_bin_energy_over_lowest_window_energy,-0.0052818400896458345,0.11845544440432598,0.11857314259038154,1.8962815841372773,0.0022010461718217572,0.11348760375890632,0.1135089459522421,2.062081784580001,0.9376905693353907,0.0069074090218225635
HFocusing_5_10_4um_0_169.npy1350.npy,P0/data/dataset_particles2SNR_clean/train/4um/HFocusing_5_10_4um_0_169.npy1350.npy,4um,550,2500,1,3,1,38901.875,1,peak_bin_energy_over_lowest_window_energy,-0.02636475908757949,0.13911479044558892,0.141591050008347,2.3001220106611786,-0.0008157318912633308,0.13479175361960527,0.13479422191758367,2.5884504153780163,0.9674235857508827,0.00417634236632952
HFocusing_5_10_4um_0_169.npy1352.npy,P0/data/dataset_particles2SNR_clean/train/4um/HFocusing_5_10_4um_0_169.npy1352.npy,4um,551,2500,1,3,1,27426.3515625,1,peak_bin_energy_over_lowest_window_energy,-0.021294846424902324,0.14035405065683954,0.14196031142556306,2.133750886720512,0.00021658597426604383,0.13418599487074526,0.1341861696634043,2.69016406418703,0.9608277447905302,0.00445623860534482
HFocusing_5_10_4um_0_172.npy1384.npy,P0/data/dataset_particles2SNR_clean/train/4um/HFocusing_5_10_4um_0_172.npy1384.npy,4um,552,2500,1,3,1,27231.927734375,1,peak_bin_energy_over_lowest_window_energy,0.002998659096929345,0.11818145516047443,0.11821949204859082,2.2250598315353836,0.00016573923958732316,0.11394481243206254,0.1139449329705953,2.4449948758268203,0.9606331306163898,0.006102330938206423
HFocusing_5_10_4um_0_172.npy1385.npy,P0/data/dataset_particles2SNR_clean/train/4um/HFocusing_5_10_4um_0_172.npy1385.npy,4um,553,2500,1,3,1,34553.1328125,1,peak_bin_energy_over_lowest_window_energy,0.0587988562072197,0.1498443564899755,0.16096781250663797,0.7173271920801669,0.0008234030046804645,0.14488069481453025,0.14488303462603608,0.7864829840904313,0.9595186566452496,0.0038073659017912286
HFocusing_5_10_4um_0_175.npy1418.npy,P0/data/dataset_particles2SNR_clean/train/4um/HFocusing_5_10_4um_0_175.npy1418.npy,4um,554,2500,1,3,1,23555.669921875,1,peak_bin_energy_over_lowest_window_energy,-0.09774038004448292,0.13216737365278938,0.1643818619845754,2.7567798772676086,0.00011593299104560284,0.1258735585901573,0.1258736119788742,3.14587717211542,0.9449064486459944,0.004988089864145478
HFocusing_5_10_4um_0_178.npy1447.npy,P0/data/dataset_particles2SNR_clean/train/4um/HFocusing_5_10_4um_0_178.npy1447.npy,4um,555,2500,1,3,1,29691.126953125,1,peak_bin_energy_over_lowest_window_energy,0.03075109806507088,0.13646631840291237,0.13988811990534675,1.3433581169043567,0.0007857410271486475,0.12729491427906234,0.12729733928985154,1.8812131099124114,0.929064935152151,0.0051081425941895105
HFocusing_5_10_4um_0_196.npy1613.npy,P0/data/dataset_particles2SNR_clean/train/4um/HFocusing_5_10_4um_0_196.npy1613.npy,4um,556,2500,1,3,1,29417.232421875,1,peak_bin_energy_over_lowest_window_energy,-0.1129900549620474,0.12514722095954536,0.16860776801269792,2.9380776603135565,-0.0006083807127482399,0.11772646639518403,0.1177280383637986,3.200913274729886,0.9234547556172751,0.005584709459836789
HFocusing_5_10_4um_0_199.npy1644.npy,P0/data/dataset_particles2SNR_clean/train/4um/HFocusing_5_10_4um_0_199.npy1644.npy,4um,557,2500,1,3,1,20786.595703125,1,peak_bin_energy_over_lowest_window_energy,0.11658642942774408,0.15101138079193097,0.19077953940450723,1.9521328451185438,-0.0007513268774721976,0.14245968740057732,0.14246166862123658,2.246954819469005,0.9372821730195738,0.003956298055257359
HFocusing_5_10_4um_0_199.npy1645.npy,P0/data/dataset_particles2SNR_clean/train/4um/HFocusing_5_10_4um_0_199.npy1645.npy,4um,558,2500,1,3,1,16440.958984375,1,peak_bin_energy_over_lowest_window_energy,0.05200528049833327,0.1133283801591883,0.12469110212527526,1.0030353664465466,0.0006109421207805341,0.107987342892768,0.10798907109201002,1.2068286093905733,0.94748776749459,0.006696866916856392
HFocusing_5_10_4um_0_215.npy1709.npy,P0/data/dataset_particles2SNR_clean/train/4um/HFocusing_5_10_4um_0_215.npy1709.npy,4um,559,2500,1,3,1,40079.16015625,1,peak_bin_energy_over_lowest_window_energy,-0.07793195866992565,0.15671555252276312,0.17502329726252422,1.5010756795609685,0.0006920145154906404,0.15107464628096198,0.15107623119805255,1.5906498231876114,0.9563956739309849,0.0034763554798178096
HFocusing_5_10_4um_0_222.npy1710.npy,P0/data/dataset_particles2SNR_clean/train/4um/HFocusing_5_10_4um_0_222.npy1710.npy,4um,560,2500,1,3,1,13842.015625,1,peak_bin_energy_over_lowest_window_energy,-0.038643113266824784,0.09095451963694437,0.09882314933931194,1.7195722730095877,-0.000588862718826571,0.0851560584006472,0.08515809439880662,2.39407369439611,0.927746883950798,0.010956598062806284
HFocusing_5_10_4um_0_223.npy1711.npy,P0/data/dataset_particles2SNR_clean/train/4um/HFocusing_5_10_4um_0_223.npy1711.npy,4um,561,2500,1,3,1,28985.38671875,1,peak_bin_energy_over_lowest_window_energy,0.014640523107866073,0.1312531995483963,0.13206720754435256,1.1976045204764567,0.00029437324353985447,0.1254567371549625,0.12545708251500137,1.263283802372725,0.9493389849189958,0.005732634249812331
HFocusing_5_10_4um_0_226.npy1713.npy,P0/data/dataset_particles2SNR_clean/train/4um/HFocusing_5_10_4um_0_226.npy1713.npy,4um,562,2500,1,3,1,21487.58203125,1,peak_bin_energy_over_lowest_window_energy,0.030677608268581003,0.13130614078490838,0.13484219761227081,1.9457687210709782,0.0011382052045807764,0.12143744813010134,0.12144278208044637,2.7223605149933547,0.9508911248973858,0.005648584146701044
HFocusing_5_10_4um_0_234.npy1719.npy,P0/data/dataset_particles2SNR_clean/train/4um/HFocusing_5_10_4um_0_234.npy1719.npy,4um,563,2500,1,3,1,37538.52734375,1,peak_bin_energy_over_lowest_window_energy,0.017394303943146026,0.1513643946144005,0.1523605649984618,2.185383999700914,0.0009822112908200772,0.1473827090245515,0.14738598189256477,2.389698345086379,0.9650205870442653,0.003796918522775109
HFocusing_5_10_4um_0_234.npy1720.npy,P0/data/dataset_particles2SNR_clean/train/4um/HFocusing_5_10_4um_0_234.npy1720.npy,4um,564,2500,1,3,1,38900.84375,1,peak_bin_energy_over_lowest_window_energy,0.018585507636666745,0.14433147146917924,0.1455231759912183,2.732619421521232,-0.00011121270475735959,0.1381774914256422,0.13817753618062928,3.1348141252088535,0.9667800740524416,0.004120590934486626
HFocusing_5_10_4um_0_236.npy1721.npy,P0/data/dataset_particles2SNR_clean/train/4um/HFocusing_5_10_4um_0_236.npy1721.npy,4um,565,2500,1,3,1,23406.912109375,1,peak_bin_energy_over_lowest_window_energy,-0.001155681188719386,0.15837647318269413,0.15838068965880467,1.1224685858642856,-0.0006303209201733114,0.15139322395951726,0.15139453611448123,1.1921095432329256,0.9601335781204294,0.0038523060370319437
HFocusing_5_10_4um_0_247.npy1729.npy,P0/data/dataset_particles2SNR_clean/train/4um/HFocusing_5_10_4um_0_247.npy1729.npy,4um,566,2500,1,3,1,27250.02734375,1,peak_bin_energy_over_lowest_window_energy,-0.04202961948886753,0.13546625186944192,0.1418365055616292,2.157511706150564,0.0012739044749121699,0.129075022255753,0.12908130849559257,2.732749992502969,0.9453605813671538,0.004896341583229497
HFocusing_5_10_4um_0_247.npy1730.npy,P0/data/dataset_particles2SNR_clean/train/4um/HFocusing_5_10_4um_0_247.npy1730.npy,4um,567,2500,1,3,1,28341.3359375,1,peak_bin_energy_over_lowest_window_energy,-0.030228780969622948,0.1263274656273321,0.12989383268937063,2.1240903789269376,0.00020719161530767397,0.1185412757939592,0.11854145686309475,2.979261880094877,0.9512199087945075,0.00572267551317194
HFocusing_5_10_4um_0_250.npy1731.npy,P0/data/dataset_particles2SNR_clean/train/4um/HFocusing_5_10_4um_0_250.npy1731.npy,4um,568,2500,1,3,1,21313.1328125,1,peak_bin_energy_over_lowest_window_energy,0.05607470675977966,0.12336673885402487,0.13551282224820071,1.6162031965218127,-0.00017820979200191961,0.11488264192711754,0.11488278014952576,1.673901473789046,0.931211949389379,0.0061005985073048
HFocusing_5_10_4um_0_252.npy1734.npy,P0/data/dataset_particles2SNR_clean/train/4um/HFocusing_5_10_4um_0_252.npy1734.npy,4um,569,2500,1,3,1,44568.46875,1,peak_bin_energy_over_lowest_window_energy,0.04776153984839076,0.15430600612367854,0.16152866065974214,2.1581846397434186,-0.0007872236935997148,0.1488351547016668,0.14883723659156287,2.4813453598428907,0.9628672592285825,0.0036503783579050196
HFocusing_5_10_4um_0_252.npy1735.npy,P0/data/dataset_particles2SNR_clean/train/4um/HFocusing_5_10_4um_0_252.npy1735.npy,4um,570,2500,2,3,1,19810.890625,1,peak_bin_energy_over_lowest_window_energy,0.06744527819225113,0.12438980231306619,0.14149801578083643,0.8148961556564829,-0.003273266043160069,0.11995058540024071,0.11999523827406545,1.1266316466131325,0.9433013966991749,0.006641572728054304
HFocusing_5_10_4um_0_255.npy1736.npy,P0/data/dataset_particles2SNR_clean/train/4um/HFocusing_5_10_4um_0_255.npy1736.npy,4um,571,2500,1,3,1,29072.439453125,1,peak_bin_energy_over_lowest_window_energy,-0.01706077922210198,0.13054676628604786,0.1316568584442501,1.7560240850785318,-1.752352051963424e-06,0.12397917708180166,0.12397917709418574,2.275714092618861,0.9561915492908873,0.005400802375031851
HFocusing_5_10_4um_0_255.npy1737.npy,P0/data/dataset_particles2SNR_clean/train/4um/HFocusing_5_10_4um_0_255.npy1737.npy,4um,572,2500,1,3,1,36596.7890625,1,peak_bin_energy_over_lowest_window_energy,-0.05294655406981529,0.133989291800512,0.1440710515859124,2.8050247304929776,-0.0002753355652654065,0.12947350212840117,0.12947379488941615,3.4050906000739323,0.9681628806478216,0.0049822647954874694
HFocusing_5_10_4um_0_258.npy1738.npy,P0/data/dataset_particles2SNR_clean/train/4um/HFocusing_5_10_4um_0_258.npy1738.npy,4um,573,2500,2,3,1,51980.15625,1,peak_bin_energy_over_lowest_window_energy,0.06959300985031147,0.17412219779844526,0.18751460419441054,2.311880921733793,-0.0016871090630959018,0.17116278981876648,0.1711711043241061,2.426986160877121,0.9836014896439307,0.0026302520934615593
HFocusing_5_10_4um_0_258.npy1739.npy,P0/data/dataset_particles2SNR_clean/train/4um/HFocusing_5_10_4um_0_258.npy1739.npy,4um,574,2500,1,3,1,26185.958984375,1,peak_bin_energy_over_lowest_window_energy,0.03023556332580108,0.1273201130454494,0.1308609967696049,2.060537087658532,-0.0002408804160701612,0.11875614774577281,0.11875639204182092,2.861417115971344,0.9444823289174089,0.005497399184795191
HFocusing_5_10_4um_0_261.npy1740.npy,P0/data/dataset_particles2SNR_clean/train/4um/HFocusing_5_10_4um_0_261.npy1740.npy,4um,575,2500,2,3,1,40431.9453125,1,peak_bin_energy_over_lowest_window_energy,0.06232021159430973,0.1680824936433346,0.17926386541219386,1.8984547354010868,-0.0007285151300808829,0.16341965874868455,0.16342128257920163,1.9981054417634727,0.9657243497068547,0.003337954701166394
HFocusing_5_10_4um_0_261.npy1741.npy,P0/data/dataset_particles2SNR_clean/train/4um/HFocusing_5_10_4um_0_261.npy1741.npy,4um,576,2500,2,3,1,44710.1875,1,peak_bin_energy_over_lowest_window_energy,0.06436072368964688,0.16755044656663343,0.17948664267441564,1.9504262553513092,0.000258269157236219,0.16325028707543074,0.1632504913719041,2.019108266983495,0.970154764958337,0.0030224465771997618
HFocusing_5_10_4um_0_261.npy1742.npy,P0/data/dataset_particles2SNR_clean/train/4um/HFocusing_5_10_4um_0_261.npy1742.npy,4um,577,2500,1,3,1,23072.111328125,1,peak_bin_energy_over_lowest_window_energy,0.06887672448646583,0.13352475569288091,0.1502426822139037,1.3015593248550328,-0.00028496314792141926,0.1263766372690844,0.12637695854639566,1.4360318779364585,0.9579722473883043,0.0051265212110741965
HFocusing_5_10_4um_0_264.npy1743.npy,P0/data/dataset_particles2SNR_clean/train/4um/HFocusing_5_10_4um_0_264.npy1743.npy,4um,578,2500,1,3,1,20978.935546875,1,peak_bin_energy_over_lowest_window_energy,-0.0055151316844056905,0.11336110085769069,0.11349517992039951,2.562137473320755,-0.0013296719401185502,0.10735536245512839,0.1073635966021087,2.879676587107605,0.9403036555767873,0.00748577440994697
HFocusing_5_10_4um_0_264.npy1744.npy,P0/data/dataset_particles2SNR_clean/train/4um/HFocusing_5_10_4um_0_264.npy1744.npy,4um,579,2500,1,3,1,37514.734375,1,peak_bin_energy_over_lowest_window_energy,0.03638568661602645,0.15239415966344125,0.15667768855215508,0.8231666699151488,0.0005897204317414136,0.14728857943776033,0.1472897600072084,0.7805278678664065,0.970744995139549,0.0036814167247499743
HFocusing_5_10_4um_0_264.npy1745.npy,P0/data/dataset_particles2SNR_clean/train/4um/HFocusing_5_10_4um_0_264.npy1745.npy,4um,580,2500,1,3,1,45042.4609375,1,peak_bin_energy_over_lowest_window_energy,0.03565823890449201,0.1524423192704895,0.15655724418351163,2.377672991623853,-0.0005580471961298772,0.14869652355116986,0.14869757070267398,2.653469893899018,0.9747658009515737,0.003775099249930003
HFocusing_5_10_4um_0_264.npy1746.npy,P0/data/dataset_particles2SNR_clean/train/4um/HFocusing_5_10_4um_0_264.npy1746.npy,4um,581,2500,1,3,1,16778.056640625,1,peak_bin_energy_over_lowest_window_energy,0.03365380971338733,0.12133930591746404,0.1259198398536021,2.887766712725716,0.0013075405385533194,0.11534959294166867,0.11535700348946577,3.4721615067551,0.9598705051868766,0.006003909823456903
HFocusing_5_10_4um_0_267.npy1747.npy,P0/data/dataset_particles2SNR_clean/train/4um/HFocusing_5_10_4um_0_267.npy1747.npy,4um,582,2500,1,3,1,14860.1015625,1,peak_bin_energy_over_lowest_window_energy,-0.004818148921235155,0.11055074614395576,0.11065569136746899,2.0267117669234542,0.00040806360273913374,0.10493430474106981,0.10493509816737004,2.482176588043946,0.9591239717305098,0.0072482397733891315
HFocusing_5_10_4um_0_267.npy1748.npy,P0/data/dataset_particles2SNR_clean/train/4um/HFocusing_5_10_4um_0_267.npy1748.npy,4um,583,2500,1,3,1,23854.935546875,1,peak_bin_energy_over_lowest_window_energy,0.03372742971886422,0.1232982405013297,0.12782799234191494,1.7015813604441297,1.2909361666542197e-05,0.11678643517825281,0.11678643589174156,2.026171854753202,0.9527076613418674,0.0065702045649081425
HFocusing_5_10_4um_0_273.npy1753.npy,P0/data/dataset_particles2SNR_clean/train/4um/HFocusing_5_10_4um_0_273.npy1753.npy,4um,584,2500,1,3,1,14926.2392578125,1,peak_bin_energy_over_lowest_window_energy,-0.012019458948658888,0.11661818318767615,0.11723595030285246,1.3236107510456776,-0.0002743795722342795,0.10983866944453193,0.10983901214730042,1.4393267034067492,0.9400899967788193,0.006324949679917322
HFocusing_5_10_4um_0_276.npy1755.npy,P0/data/dataset_particles2SNR_clean/train/4um/HFocusing_5_10_4um_0_276.npy1755.npy,4um,585,2500,1,3,1,15339.720703125,1,peak_bin_energy_over_lowest_window_energy,-0.07365014615544993,0.10532355921061153,0.1285200223837139,0.8478266912146601,-0.0007841857630989896,0.09681210468422621,0.09681528061572008,1.364623756987604,0.9215200845613116,0.008931356123423698
HFocusing_5_10_4um_0_276.npy1756.npy,P0/data/dataset_particles2SNR_clean/train/4um/HFocusing_5_10_4um_0_276.npy1756.npy,4um,586,2500,1,3,1,33240.7578125,1,peak_bin_energy_over_lowest_window_energy,-0.07048356481585916,0.14087346552810734,0.15752227207303185,1.8629950414571077,0.000420170465076571,0.13597943582280955,0.13598008497537167,2.176906217666361,0.9578505871538178,0.004814244452740761
HFocusing_5_10_4um_0_276.npy1757.npy,P0/data/dataset_particles2SNR_clean/train/4um/HFocusing_5_10_4um_0_276.npy1757.npy,4um,587,2500,1,3,1,32053.7578125,1,peak_bin_energy_over_lowest_window_energy,-0.08156828502722364,0.13055944709604245,0.15394529660988898,1.7617863354146124,0.002811192286626792,0.12663251684738952,0.12666371668783755,1.8879123385334866,0.9634471197583355,0.0047868496081897634
HFocusing_5_10_4um_0_283.npy1764.npy,P0/data/dataset_particles2SNR_clean/train/4um/HFocusing_5_10_4um_0_283.npy1764.npy,4um,588,2500,1,3,1,21924.65234375,1,peak_bin_energy_over_lowest_window_energy,-0.03719125861570131,0.13110835435909957,0.13628129108638207,1.6461128745562545,0.0006674361074844256,0.12201479982212889,0.12201662528767035,2.2589747074550406,0.9515401014072706,0.005583154452705473
HFocusing_5_10_4um_0_286.npy1765.npy,P0/data/dataset_particles2SNR_clean/train/4um/HFocusing_5_10_4um_0_286.npy1765.npy,4um,589,2500,1,3,1,32457.826171875,1,peak_bin_energy_over_lowest_window_energy,-0.0441744799292088,0.14375247803514787,0.15038670027054168,1.5139086883318145,0.000174139949543207,0.1397334866171493,0.13973359512625108,1.6742441584639804,0.9687877010685291,0.004095254646351397
HFocusing_5_10_4um_0_289.npy1766.npy,P0/data/dataset_particles2SNR_clean/train/4um/HFocusing_5_10_4um_0_289.npy1766.npy,4um,590,2500,1,3,1,47432.421875,1,peak_bin_energy_over_lowest_window_energy,-0.03828167421629633,0.16747850835334593,0.1717979549967473,1.4330232781370622,0.0012277211472840812,0.16436146157566212,0.16436604682994402,1.399974495657064,0.976073368198502,0.002967063270190399
HFocusing_5_10_4um_0_295.npy1769.npy,P0/data/dataset_particles2SNR_clean/train/4um/HFocusing_5_10_4um_0_295.npy1769.npy,4um,591,2500,1,3,1,41020.71484375,1,peak_bin_energy_over_lowest_window_energy,0.06880264070245339,0.16033917262325723,0.17447765944424395,1.775850772747063,-0.0007724618490640358,0.15577598954335156,0.15577790477316938,2.1127341584004133,0.9744320595487421,0.0037363946990144653
HFocusing_5_10_4um_0_302.npy1774.npy,P0/data/dataset_particles2SNR_clean/train/4um/HFocusing_5_10_4um_0_302.npy1774.npy,4um,592,2500,1,3,1,28567.4296875,1,peak_bin_energy_over_lowest_window_energy,0.03692654261105563,0.14277326368650078,0.14747126626194404,1.3482379940488372,-0.0006092131590132669,0.13695407567253684,0.1369554306480472,1.6704388390161213,0.9618561290233306,0.005285150370066435
HFocusing_5_10_4um_0_308.npy1775.npy,P0/data/dataset_particles2SNR_clean/train/4um/HFocusing_5_10_4um_0_308.npy1775.npy,4um,593,2500,1,3,1,29236.4296875,1,peak_bin_energy_over_lowest_window_energy,0.02405573370752922,0.13313261618881034,0.13528847629227198,2.6316586224432745,-0.0006969531444530835,0.128316988611694,0.12831888134666375,3.1326992255159105,0.9621212085880686,0.005157342006690299
HFocusing_5_10_4um_0_31.npy1776.npy,P0/data/dataset_particles2SNR_clean/train/4um/HFocusing_5_10_4um_0_31.npy1776.npy,4um,594,2500,1,3,1,25715.443359375,1,peak_bin_energy_over_lowest_window_energy,-0.05592545485516881,0.12704619446501678,0.13881063370217853,0.9961210620275178,-0.000718732801539522,0.11831376029986058,0.11831594335985693,1.8093298285688437,0.9506648723207003,0.006171940959001434
HFocusing_5_10_4um_0_311.npy1778.npy,P0/data/dataset_particles2SNR_clean/train/4um/HFocusing_5_10_4um_0_311.npy1778.npy,4um,595,2500,1,3,1,17512.7734375,1,peak_bin_energy_over_lowest_window_energy,0.019329454589504518,0.1191119901462362,0.12067018692007066,1.915119755977381,-4.4990962228983376e-05,0.11302975487407728,0.11302976382829738,2.586863360685008,0.9527058188508397,0.00642531506881735
HFocusing_5_10_4um_0_317.npy1780.npy,P0/data/dataset_particles2SNR_clean/train/4um/HFocusing_5_10_4um_0_317.npy1780.npy,4um,596,2500,1,3,1,25706.0078125,1,peak_bin_energy_over_lowest_window_energy,0.008310173812090033,0.11907191692553946,0.11936155322845679,2.5859300163417362,-0.00031251262262503256,0.11071078614226806,0.11071122721918639,2.9795149220680077,0.9216435332306414,0.006540185450388326
HFocusing_5_10_4um_0_323.npy1783.npy,P0/data/dataset_particles2SNR_clean/train/4um/HFocusing_5_10_4um_0_323.npy1783.npy,4um,597,2500,1,3,1,25320.23828125,1,peak_bin_energy_over_lowest_window_energy,-0.03589764456056437,0.12785595123006185,0.13279979348606144,1.0576375302660006,-0.00031591283425909465,0.12019241879771189,0.12019283396843349,1.6144236990360632,0.9415546027158412,0.005398256004873392
HFocusing_5_10_4um_0_326.npy1784.npy,P0/data/dataset_particles2SNR_clean/train/4um/HFocusing_5_10_4um_0_326.npy1784.npy,4um,598,2500,1,3,1,45357.4375,1,peak_bin_energy_over_lowest_window_energy,-0.020766819950137436,0.15694698835919788,0.15831493285809656,1.2832882150503755,0.0003569867359374964,0.15042940299122426,0.1504298265764665,1.6337648983233173,0.9682130110830656,0.0033420682869074723
HFocusing_5_10_4um_0_332.npy1787.npy,P0/data/dataset_particles2SNR_clean/train/4um/HFocusing_5_10_4um_0_332.npy1787.npy,4um,599,2500,1,3,1,9989.37890625,1,peak_bin_energy_over_lowest_window_energy,0.01853863314539316,0.10210393635098873,0.10377328527740763,1.1458289056189273,0.0006796709821753054,0.0939646780780242,0.093967136164463,1.316404168319817,0.921337093577326,0.009278419752154314
HFocusing_5_10_4um_0_339.npy1789.npy,P0/data/dataset_particles2SNR_clean/train/4um/HFocusing_5_10_4um_0_339.npy1789.npy,4um,600,2500,1,3,1,17517.716796875,1,peak_bin_energy_over_lowest_window_energy,-0.05752501743244902,0.13127021968404212,0.14332131106887155,1.7668767502869338,0.0007143297590634002,0.12456003443089657,0.12456208269144677,2.1209929988027785,0.9375253938574938,0.005067773465201693
HFocusing_5_10_4um_0_339.npy1790.npy,P0/data/dataset_particles2SNR_clean/train/4um/HFocusing_5_10_4um_0_339.npy1790.npy,4um,601,2500,1,3,1,19305.3671875,1,peak_bin_energy_over_lowest_window_energy,0.041647298768111046,0.11487153698724475,0.12218824617978703,0.9542295855334157,-0.0010653583146534766,0.10927061065735746,0.10927580400880335,1.2665727286687245,0.9540671694337814,0.00699120571884149
HFocusing_5_10_4um_0_339.npy1791.npy,P0/data/dataset_particles2SNR_clean/train/4um/HFocusing_5_10_4um_0_339.npy1791.npy,4um,602,2500,1,3,1,23467.228515625,1,peak_bin_energy_over_lowest_window_energy,-0.037160787772673835,0.11849929383059515,0.12418939884803144,1.8318599152701092,-0.0006902265306085925,0.1109533532356843,0.11095550012012065,2.3565694913759083,0.9423130583421117,0.006361743617752524
HFocusing_5_10_4um_0_342.npy1793.npy,P0/data/dataset_particles2SNR_clean/train/4um/HFocusing_5_10_4um_0_342.npy1793.npy,4um,603,2500,1,3,1,22619.55859375,1,peak_bin_energy_over_lowest_window_energy,-0.07776621326413,0.1130679992448688,0.13722957545179462,2.598863781574864,0.0001837424914591673,0.10614556160119909,0.10614572063412223,3.3772871040238517,0.9184076485954713,0.007123067029566947
HFocusing_5_10_4um_0_347.npy1796.npy,P0/data/dataset_particles2SNR_clean/train/4um/HFocusing_5_10_4um_0_347.npy1796.npy,4um,604,2500,2,3,1,8106.50390625,1,peak_bin_energy_over_lowest_window_energy,0.013503568342551583,0.09586810151416261,0.0968144578351382,1.4692691727330347,0.0017142515884656837,0.08835026306223266,0.08836689222595909,2.229100763334749,0.8957965114434654,0.00973683937932538
HFocusing_5_10_4um_0_347.npy1797.npy,P0/data/dataset_particles2SNR_clean/train/4um/HFocusing_5_10_4um_0_347.npy1797.npy,4um,605,2500,1,3,1,25300.17578125,1,peak_bin_energy_over_lowest_window_energy,-0.005570852074970665,0.12848398348839027,0.1286046982263329,1.771090223898808,0.0008483299097155207,0.1202652777353414,0.1202682696823835,2.618297944301215,0.9590048551956766,0.005762530034367816
HFocusing_5_10_4um_0_347.npy1798.npy,P0/data/dataset_particles2SNR_clean/train/4um/HFocusing_5_10_4um_0_347.npy1798.npy,4um,606,2500,1,3,1,16239.919921875,1,peak_bin_energy_over_lowest_window_energy,-0.041982973318604594,0.09884968678314453,0.107395673217297,1.4375255084843879,-0.0014503530642428438,0.0933875145220841,0.09339877618375642,1.7128101126845197,0.9193118526773751,0.009554722627869734
HFocusing_5_10_4um_0_362.npy1807.npy,P0/data/dataset_particles2SNR_clean/train/4um/HFocusing_5_10_4um_0_362.npy1807.npy,4um,607,2500,1,3,1,30957.6640625,1,peak_bin_energy_over_lowest_window_energy,0.003680303612114005,0.13756208924115632,0.13761131142122437,2.655815648135045,-0.00042968989140058857,0.13096120617141818,0.1309619110859164,3.426266425137225,0.9661522878529732,0.005173298150934173
HFocusing_5_10_4um_0_364.npy1808.npy,P0/data/dataset_particles2SNR_clean/train/4um/HFocusing_5_10_4um_0_364.npy1808.npy,4um,608,2500,1,3,1,18923.357421875,1,peak_bin_energy_over_lowest_window_energy,0.04284016907034532,0.1275348559451812,0.13453779976993044,1.7050146814502947,-2.2414704419711207e-05,0.11944053873246749,0.11944054083568544,2.4850397024985194,0.9381807568320009,0.005814342186040027
HFocusing_5_10_4um_0_364.npy1809.npy,P0/data/dataset_particles2SNR_clean/train/4um/HFocusing_5_10_4um_0_364.npy1809.npy,4um,609,2500,1,3,1,35382.0078125,1,peak_bin_energy_over_lowest_window_energy,0.011018804303665423,0.13842370883231414,0.13886157573344673,2.3522866744242013,0.0003002000122296556,0.13277837251189495,0.13277871187413623,2.8610400592425798,0.9648614077991318,0.004598084031858085
HFocusing_5_10_4um_0_373.npy1815.npy,P0/data/dataset_particles2SNR_clean/train/4um/HFocusing_5_10_4um_0_373.npy1815.npy,4um,610,2500,1,3,1,36750.7265625,1,peak_bin_energy_over_lowest_window_energy,-0.011961047878573848,0.1391762992119512,0.1396893300459563,1.7515726596101011,-0.0013850816282085661,0.13381413309335402,0.1338213012440197,2.0315857723439406,0.9600253139681296,0.0040243136600326135
HFocusing_5_10_4um_0_38.npy1821.npy,P0/data/dataset_particles2SNR_clean/train/4um/HFocusing_5_10_4um_0_38.npy1821.npy,4um,611,2500,1,3,1,18607.22265625,1,peak_bin_energy_over_lowest_window_energy,-0.015253810377433178,0.11012317606785468,0.11117460428669135,1.4093472430147669,0.00016412714095894642,0.1049508591012894,0.1049509874361223,1.7942568694407761,0.9555156512428857,0.008094965717009087
HFocusing_5_10_4um_0_390.npy1827.npy,P0/data/dataset_particles2SNR_clean/train/4um/HFocusing_5_10_4um_0_390.npy1827.npy,4um,612,2500,2,3,1,37129.07421875,1,peak_bin_energy_over_lowest_window_energy,-0.021112383326213895,0.16327533627084115,0.16463465055713283,0.013932828344144443,0.00042778998799120716,0.15827560494491752,0.15827618306287722,0.1416708305355736,0.9729121126767902,0.0035884552079200917
HFocusing_5_10_4um_0_390.npy1828.npy,P0/data/dataset_particles2SNR_clean/train/4um/HFocusing_5_10_4um_0_390.npy1828.npy,4um,613,2500,1,3,1,13211.0302734375,1,peak_bin_energy_over_lowest_window_energy,-0.038826682672566504,0.09298953786746184,0.10076986374983492,1.4958639599788697,-0.0005863756192996886,0.08333403016733396,0.08333609314274959,2.8067310623793285,0.9188130742590588,0.010489593614474551
HFocusing_5_10_4um_0_390.npy1829.npy,P0/data/dataset_particles2SNR_clean/train/4um/HFocusing_5_10_4um_0_390.npy1829.npy,4um,614,2500,1,3,1,9176.34375,1,peak_bin_energy_over_lowest_window_energy,-0.060855079264070945,0.11615811703615993,0.13113370590974155,1.8154696199682512,-0.0006207210124135145,0.11059909470911079,0.11060083654769576,2.102131715235812,0.9325672494776203,0.0072771038597352206
HFocusing_5_10_4um_0_390.npy1830.npy,P0/data/dataset_particles2SNR_clean/train/4um/HFocusing_5_10_4um_0_390.npy1830.npy,4um,615,2500,1,3,1,20537.501953125,1,peak_bin_energy_over_lowest_window_energy,-0.05607282494969368,0.1264142724271936,0.13829219056452796,2.493151559896866,0.0012781661150290382,0.11573136692405626,0.11573842490170737,2.4263660055422758,0.9332867365824158,0.006251159435403564
HFocusing_5_10_4um_0_401.npy1840.npy,P0/data/dataset_particles2SNR_clean/train/4um/HFocusing_5_10_4um_0_401.npy1840.npy,4um,616,2500,1,3,1,31134.5703125,1,peak_bin_energy_over_lowest_window_energy,0.03601095441772101,0.1396015736140672,0.14417138479462216,1.6093160591296911,0.0010109604357932556,0.1336758887507307,0.133679711528341,1.9330378075035233,0.9587521055162965,0.0046605996276859706
HFocusing_5_10_4um_0_401.npy1841.npy,P0/data/dataset_particles2SNR_clean/train/4um/HFocusing_5_10_4um_0_401.npy1841.npy,4um,617,2500,1,3,1,28605.25,1,peak_bin_energy_over_lowest_window_energy,0.01613245495169015,0.12979549829714843,0.1307942180716463,1.7059773681240422,0.0006639241436799584,0.1247496093311291,0.12475137603865495,1.9250844719009432,0.9529466732270183,0.005578224212463643
HFocusing_5_10_4um_0_407.npy1843.npy,P0/data/dataset_particles2SNR_clean/train/4um/HFocusing_5_10_4um_0_407.npy1843.npy,4um,618,2500,1,3,1,34461.01953125,1,peak_bin_energy_over_lowest_window_energy,-0.023404084501328314,0.14062439394107074,0.1425586593042975,2.3889182849434585,-0.0005484460815090998,0.13265459174392966,0.13265572548462795,2.9442652133492784,0.9573564045775882,0.004754521223932249
HFocusing_5_10_4um_0_410.npy1844.npy,P0/data/dataset_particles2SNR_clean/train/4um/HFocusing_5_10_4um_0_410.npy1844.npy,4um,619,2500,1,3,1,15242.1865234375,1,peak_bin_energy_over_lowest_window_energy,-0.044998978650909294,0.10403826918990633,0.11335285411341173,1.4847444748562548,0.00032187651123366344,0.09620664360248674,0.09620718204866197,2.0818683635023847,0.9092372511122798,0.009045714559997524
HFocusing_5_10_4um_0_419.npy1849.npy,P0/data/dataset_particles2SNR_clean/train/4um/HFocusing_5_10_4um_0_419.npy1849.npy,4um,620,2500,1,3,1,24965.44921875,1,peak_bin_energy_over_lowest_window_energy,-0.03625956264709461,0.121754913903405,0.12703942279066033,0.9556455136356274,-0.001905341818795199,0.11452044480316391,0.11453629383457875,1.399464081882246,0.9574127058387639,0.006422149286739058
HFocusing_5_10_4um_0_42.npy1850.npy,P0/data/dataset_particles2SNR_clean/train/4um/HFocusing_5_10_4um_0_42.npy1850.npy,4um,621,2500,1,3,1,17246.66015625,1,peak_bin_energy_over_lowest_window_energy,-0.06626494954326728,0.11571431401344011,0.1333448386911649,1.107381176685588,0.0006922306670340164,0.10904973143589407,0.10905192849985278,1.4540164290377904,0.9381910209192836,0.006579596986082388
HFocusing_5_10_4um_0_431.npy1863.npy,P0/data/dataset_particles2SNR_clean/train/4um/HFocusing_5_10_4um_0_431.npy1863.npy,4um,622,2500,1,3,1,33459.8046875,1,peak_bin_energy_over_lowest_window_energy,0.036979354783047674,0.15178155980371066,0.15622136402111558,1.9155510763310613,-0.0010869503385730283,0.14467066926725575,0.14467475248734388,2.2887018554918006,0.9535055712140983,0.004109069446091026
HFocusing_5_10_4um_0_431.npy1864.npy,P0/data/dataset_particles2SNR_clean/train/4um/HFocusing_5_10_4um_0_431.npy1864.npy,4um,623,2500,1,3,1,41259.13671875,1,peak_bin_energy_over_lowest_window_energy,0.039625450905480974,0.15096959693751816,0.15608329686080882,2.2768693976849814,0.0005155749901019642,0.14314921070580103,0.14315013916606661,3.122503673417019,0.968844467448172,0.004254870514607399
HFocusing_5_10_4um_0_437.npy1868.npy,P0/data/dataset_particles2SNR_clean/train/4um/HFocusing_5_10_4um_0_437.npy1868.npy,4um,624,2500,1,3,1,16999.12109375,1,peak_bin_energy_over_lowest_window_energy,-0.06293037217370862,0.11287068317978508,0.12922856829429358,2.3122871352725998,-0.0007242268165096512,0.10558168217915365,0.10558416603005188,2.9140447875562616,0.9183831065874275,0.0076903866448317405
HFocusing_5_10_4um_0_440.npy1869.npy,P0/data/dataset_particles2SNR_clean/train/4um/HFocusing_5_10_4um_0_440.npy1869.npy,4um,625,2500,1,3,1,25543.04296875,1,peak_bin_energy_over_lowest_window_energy,0.05920303231605793,0.14375762400474187,0.15547106963967586,1.3348040443043496,0.00038682333781444526,0.13407904041787125,0.13407959841702924,1.8117718221874295,0.9604932461850736,0.00467477257489178
HFocusing_5_10_4um_0_444.npy1872.npy,P0/data/dataset_particles2SNR_clean/train/4um/HFocusing_5_10_4um_0_444.npy1872.npy,4um,626,2500,1,3,1,19129.32421875,1,peak_bin_energy_over_lowest_window_energy,-0.0062926309538050024,0.12642706911490378,0.12658357322064126,1.2684199221868813,-0.000675684925210354,0.10929853799616694,0.10930062652253053,2.8084394287781027,0.9367644427313951,0.0072676384374730394
HFocusing_5_10_4um_0_454.npy1880.npy,P0/data/dataset_particles2SNR_clean/train/4um/HFocusing_5_10_4um_0_454.npy1880.npy,4um,627,2500,1,3,1,21792.89453125,1,peak_bin_energy_over_lowest_window_energy,-0.017292454999523255,0.11068876612033623,0.11203138821398685,2.656296915309783,-0.0005061421798902923,0.10272947423194968,0.10273072109101093,3.1730581935550104,0.9151059184973943,0.0073318026536964625
HFocusing_5_10_4um_0_460.npy1882.npy,P0/data/dataset_particles2SNR_clean/train/4um/HFocusing_5_10_4um_0_460.npy1882.npy,4um,628,2500,1,3,1,20513.984375,1,peak_bin_energy_over_lowest_window_energy,-0.010883909210666173,0.1180028970184536,0.11850376865084837,1.437660480386234,-0.0009215491971900623,0.11045869966243722,0.11046254380575955,1.3702568717287953,0.9379483278110585,0.006788803539611559
HFocusing_5_10_4um_0_460.npy1883.npy,P0/data/dataset_particles2SNR_clean/train/4um/HFocusing_5_10_4um_0_460.npy1883.npy,4um,629,2500,1,3,1,23930.55078125,1,peak_bin_energy_over_lowest_window_energy,0.01566735107387179,0.1260166644798867,0.1269868718266116,1.4569546120715033,0.0006915795850361118,0.11349755490999927,0.113499661906416,2.405178565085839,0.933621034254106,0.006651232532612234
HFocusing_5_10_4um_0_463.npy1884.npy,P0/data/dataset_particles2SNR_clean/train/4um/HFocusing_5_10_4um_0_463.npy1884.npy,4um,630,2500,1,3,1,25463.9140625,1,peak_bin_energy_over_lowest_window_energy,0.007113367091905945,0.12579456204074185,0.12599552305699702,2.488956871780971,0.0010963870686775783,0.11761411396397957,0.11761922405855403,3.3797399875500957,0.9302914334268231,0.006103743903816258
HFocusing_5_10_4um_0_466.npy1885.npy,P0/data/dataset_particles2SNR_clean/train/4um/HFocusing_5_10_4um_0_466.npy1885.npy,4um,631,2500,1,3,1,28079.716796875,1,peak_bin_energy_over_lowest_window_energy,0.08294324531416597,0.13191196077253908,0.15582152398851004,2.2093874187415494,0.00011738839426165022,0.12603785493055553,0.12603790959679895,2.919927432932618,0.9569830066843752,0.005358874962402119
HFocusing_5_10_4um_0_466.npy1886.npy,P0/data/dataset_particles2SNR_clean/train/4um/HFocusing_5_10_4um_0_466.npy1886.npy,4um,632,2500,1,3,1,27074.09765625,1,peak_bin_energy_over_lowest_window_energy,0.06789080079931639,0.1295126999385799,0.14622824719784164,2.5436928541555437,-4.396384501220503e-05,0.12214785199626732,0.12214785990807082,3.222884974128685,0.9642710822148944,0.005373691643947621
HFocusing_5_10_4um_0_466.npy1887.npy,P0/data/dataset_particles2SNR_clean/train/4um/HFocusing_5_10_4um_0_466.npy1887.npy,4um,633,2500,1,3,1,34046.984375,1,peak_bin_energy_over_lowest_window_energy,-0.020869417503262683,0.1400454642741054,0.14159189472097344,1.7442952143081571,0.001059294055714335,0.13507456082096833,0.13507871440339497,2.1838524561086894,0.9734819797002189,0.00460386686326179
HFocusing_5_10_4um_0_469.npy1888.npy,P0/data/dataset_particles2SNR_clean/train/4um/HFocusing_5_10_4um_0_469.npy1888.npy,4um,634,2500,1,3,1,9459.09765625,1,peak_bin_energy_over_lowest_window_energy,-0.055012301912585757,0.09600604921658934,0.11065041729654553,1.1594425426321449,-0.0009706989533654515,0.08675849126008746,0.08676392143157624,1.2236932100983893,0.8853169029000034,0.011031319419726675
HFocusing_5_10_4um_0_469.npy1889.npy,P0/data/dataset_particles2SNR_clean/train/4um/HFocusing_5_10_4um_0_469.npy1889.npy,4um,635,2500,1,3,1,27871.822265625,1,peak_bin_energy_over_lowest_window_energy,-0.041932422903665605,0.1313086139683918,0.1378415038835256,1.9790506878508207,0.0023754126274975716,0.12547839332887248,0.12550087560469889,2.0017769958820866,0.9313882619952742,0.0053250662629135475
HFocusing_5_10_4um_0_469.npy1890.npy,P0/data/dataset_particles2SNR_clean/train/4um/HFocusing_5_10_4um_0_469.npy1890.npy,4um,636,2500,1,3,1,29499.25390625,1,peak_bin_energy_over_lowest_window_energy,-0.04074192935719744,0.12788486588879255,0.13421789646370308,2.477701166503266,5.31965262704098e-05,0.120574272363064,0.12057428409803124,2.7138182293953097,0.9387413874900219,0.005574444797833584
HFocusing_5_10_4um_0_474.npy1894.npy,P0/data/dataset_particles2SNR_clean/train/4um/HFocusing_5_10_4um_0_474.npy1894.npy,4um,637,2500,1,3,1,22301.94921875,1,peak_bin_energy_over_lowest_window_energy,0.0164849106063737,0.12058965984880149,0.12171120876956971,2.1898375560878653,-9.429848612393813e-05,0.11601316096276978,0.11601319928688293,2.7471224401678125,0.9620994918615646,0.006763220577267259
HFocusing_5_10_4um_0_474.npy1895.npy,P0/data/dataset_particles2SNR_clean/train/4um/HFocusing_5_10_4um_0_474.npy1895.npy,4um,638,2500,1,3,1,25223.375,1,peak_bin_energy_over_lowest_window_energy,-0.023551123859026954,0.11829924069454816,0.12062075187930917,2.2960394658362393,0.000421547889646451,0.11060813930899739,0.11060894260421186,3.2671929065864287,0.9512077556331386,0.006463185228159205
HFocusing_5_10_4um_0_48.npy1896.npy,P0/data/dataset_particles2SNR_clean/train/4um/HFocusing_5_10_4um_0_48.npy1896.npy,4um,639,2500,1,3,1,24627.15234375,1,peak_bin_energy_over_lowest_window_energy,0.04724169979722179,0.1218011584515006,0.13064187843053382,1.9259046709866539,0.0008084621714077264,0.11713988706779821,0.11714267690871298,2.3118321535751223,0.9642109758126031,0.006315352616918939
HFocusing_5_10_4um_0_480.npy1897.npy,P0/data/dataset_particles2SNR_clean/train/4um/HFocusing_5_10_4um_0_480.npy1897.npy,4um,640,2500,1,3,1,37512.7734375,1,peak_bin_energy_over_lowest_window_energy,-0.010966297716397289,0.13817177129027403,0.13860626994150174,2.929420117559955,0.0001980820499919778,0.13405936731399964,0.1340595136539306,3.2873816938969096,0.963166547452488,0.004654529554680258
HFocusing_5_10_4um_0_480.npy1898.npy,P0/data/dataset_particles2SNR_clean/train/4um/HFocusing_5_10_4um_0_480.npy1898.npy,4um,641,2500,1,3,1,25790.474609375,1,peak_bin_energy_over_lowest_window_energy,-0.031887407046429735,0.12945245946735406,0.13332196364549856,2.1891636700974653,0.00014757618263138,0.12426688562012919,0.1242669732489528,2.745790292881389,0.966089975049799,0.00571577374805766
HFocusing_5_10_4um_0_480.npy1899.npy,P0/data/dataset_particles2SNR_clean/train/4um/HFocusing_5_10_4um_0_480.npy1899.npy,4um,642,2500,1,3,1,22860.126953125,1,peak_bin_energy_over_lowest_window_energy,-0.01865627737284673,0.11826691364516365,0.11972935959306384,1.5596588737530768,-0.0022559441976662408,0.11514884355363918,0.11517094015403129,1.6126065714682252,0.9483271292508672,0.006731003799045269
HFocusing_5_10_4um_0_484.npy1902.npy,P0/data/dataset_particles2SNR_clean/train/4um/HFocusing_5_10_4um_0_484.npy1902.npy,4um,643,2500,1,3,1,9869.162109375,1,peak_bin_energy_over_lowest_window_energy,-0.04279454792517953,0.11996722639582519,0.12737153819133873,2.076142594050385,-0.0003382098887843888,0.11032282490504047,0.11032334331843414,2.8060351218871995,0.9320454501530222,0.0068753393716640835
HFocusing_5_10_4um_0_492.npy1907.npy,P0/data/dataset_particles2SNR_clean/train/4um/HFocusing_5_10_4um_0_492.npy1907.npy,4um,644,2500,1,3,1,16922.10546875,1,peak_bin_energy_over_lowest_window_energy,0.007199618898921409,0.10723227627685668,0.10747369719054903,1.6044010332181076,-0.0009743967745475292,0.10020100136829005,0.10020573897877462,2.3450405878128233,0.9079033331850114,0.007883016485246055
HFocusing_5_10_4um_0_492.npy1908.npy,P0/data/dataset_particles2SNR_clean/train/4um/HFocusing_5_10_4um_0_492.npy1908.npy,4um,645,2500,1,3,1,17317.638671875,1,peak_bin_energy_over_lowest_window_energy,0.03413676080825459,0.10970635645416171,0.11489474785614692,1.6216467136047852,0.0008537646125035513,0.10373349465080917,0.10373700798887067,2.1934433296413625,0.9371043740413664,0.007773273814352565
HFocusing_5_10_4um_0_492.npy1909.npy,P0/data/dataset_particles2SNR_clean/train/4um/HFocusing_5_10_4um_0_492.npy1909.npy,4um,646,2500,1,3,1,38972.06640625,1,peak_bin_energy_over_lowest_window_energy,0.03552368938667236,0.14554051032921936,0.1498131257751816,2.528918047462634,-0.00037535892679652994,0.1405297158221878,0.14053021711855704,2.803779811123756,0.9524293010692685,0.0043341269900842635
HFocusing_5_10_4um_0_518.npy1928.npy,P0/data/dataset_particles2SNR_clean/train/4um/HFocusing_5_10_4um_0_518.npy1928.npy,4um,647,2500,1,3,1,20338.4375,1,peak_bin_energy_over_lowest_window_energy,0.0160542643883208,0.12125695258987264,0.12231511744846885,1.779772945058224,0.00013593653484820934,0.11225111872133291,0.112251201031135,1.8266088010818828,0.9328594173506322,0.006524209460085981
HFocusing_5_10_4um_0_52.npy1930.npy,P0/data/dataset_particles2SNR_clean/train/4um/HFocusing_5_10_4um_0_52.npy1930.npy,4um,648,2500,1,3,1,20956.154296875,1,peak_bin_energy_over_lowest_window_energy,-0.009349409324313818,0.1348778610274104,0.135201512010935,0.45035239973328567,-0.0006607737457102238,0.11625758233318971,0.11625946013938568,1.2308630528589957,0.914385320600863,0.00576447990365943
HFocusing_5_10_4um_0_525.npy1935.npy,P0/data/dataset_particles2SNR_clean/train/4um/HFocusing_5_10_4um_0_525.npy1935.npy,4um,649,2500,1,3,1,16918.33203125,1,peak_bin_energy_over_lowest_window_energy,-0.05643074921150619,0.11907568487468548,0.13177043744689973,1.273097128402016,4.59800910347532e-06,0.10968190793378635,0.10968190803016363,1.8570958908238806,0.901055536643435,0.006391900625644793
HFocusing_5_10_4um_0_534.npy1940.npy,P0/data/dataset_particles2SNR_clean/train/4um/HFocusing_5_10_4um_0_534.npy1940.npy,4um,650,2500,1,3,1,17364.771484375,1,peak_bin_energy_over_lowest_window_energy,-0.03024636227922033,0.1193300418357417,0.12310362023777247,1.5521677858698633,-0.00014880050130069823,0.1133511856550716,0.11335128332312651,1.678383768502786,0.946870482358232,0.006487795171504223
HFocusing_5_10_4um_0_534.npy1941.npy,P0/data/dataset_particles2SNR_clean/train/4um/HFocusing_5_10_4um_0_534.npy1941.npy,4um,651,2500,1,3,1,24942.728515625,1,peak_bin_energy_over_lowest_window_energy,0.013807512419291814,0.1177239272414814,0.11853088392636961,2.3420960694785693,-0.0007417543399693889,0.11222249396127328,0.11222494531247891,3.0610455065818165,0.9500130141914528,0.006283593355981951
HFocusing_5_10_4um_0_537.npy1943.npy,P0/data/dataset_particles2SNR_clean/train/4um/HFocusing_5_10_4um_0_537.npy1943.npy,4um,652,2500,1,3,1,18879.5625,1,peak_bin_energy_over_lowest_window_energy,0.00874313320402207,0.13280633310671697,0.1330938183819051,1.8454464805453155,-0.0005857209548518208,0.1272263745760477,0.1272277228311572,2.3651966601377348,0.9587669622984694,0.005141869725227163
HFocusing_5_10_4um_0_537.npy1944.npy,P0/data/dataset_particles2SNR_clean/train/4um/HFocusing_5_10_4um_0_537.npy1944.npy,4um,653,2500,1,3,1,15790.9228515625,1,peak_bin_energy_over_lowest_window_energy,0.06433614067417069,0.11860547328786425,0.1349310834859224,1.079312168801759,-2.1336833422935574e-05,0.11033482699909423,0.11033482906218016,1.3941472001013828,0.9450894358447971,0.006540504834662706
HFocusing_5_10_4um_0_540.npy1946.npy,P0/data/dataset_particles2SNR_clean/train/4um/HFocusing_5_10_4um_0_540.npy1946.npy,4um,654,2500,1,3,1,30103.8671875,1,peak_bin_energy_over_lowest_window_energy,-0.006346226956867345,0.14276065739454788,0.142901644134389,1.242007986426417,0.0006346917983692718,0.13436819234792977,0.1343696913315245,1.4148925796422809,0.9305590317207602,0.004689150212405806
HFocusing_5_10_4um_0_543.npy1948.npy,P0/data/dataset_particles2SNR_clean/train/4um/HFocusing_5_10_4um_0_543.npy1948.npy,4um,655,2500,1,3,1,36573.078125,1,peak_bin_energy_over_lowest_window_energy,-0.02238215592957766,0.14577445341090592,0.14748271821235298,1.883116778791651,-0.00023255886707615635,0.13492038266567832,0.13492058309346178,2.956355095193791,0.9616724369772102,0.00412477315225076
HFocusing_5_10_4um_0_543.npy1949.npy,P0/data/dataset_particles2SNR_clean/train/4um/HFocusing_5_10_4um_0_543.npy1949.npy,4um,656,2500,1,3,1,21527.11328125,1,peak_bin_energy_over_lowest_window_energy,0.07699723113010415,0.12314082899735282,0.1452316679235557,0.3911514708396471,-0.0010546524747888824,0.11259317058925815,0.11259810990946678,1.1220473546934269,0.9332931814602096,0.006146204649998502
HFocusing_5_10_4um_0_546.npy1951.npy,P0/data/dataset_particles2SNR_clean/train/4um/HFocusing_5_10_4um_0_546.npy1951.npy,4um,657,2500,1,3,1,25156.73046875,1,peak_bin_energy_over_lowest_window_energy,-0.001271281353448505,0.12136290499385032,0.12136956317308702,2.12552887042067,0.00024289521546911211,0.1149756043254917,0.11497586089304887,2.299657453388922,0.9430639007517533,0.005807894487546375
HFocusing_5_10_4um_0_549.npy1952.npy,P0/data/dataset_particles2SNR_clean/train/4um/HFocusing_5_10_4um_0_549.npy1952.npy,4um,658,2500,1,3,1,21776.560546875,1,peak_bin_energy_over_lowest_window_energy,0.03361709680705355,0.11904889179901303,0.12370427573979778,2.863717722633326,0.0009406926063842718,0.11189556246037957,0.11189951653561515,3.2512986729364455,0.917292486638603,0.006494715363138779
HFocusing_5_10_4um_0_549.npy1954.npy,P0/data/dataset_particles2SNR_clean/train/4um/HFocusing_5_10_4um_0_549.npy1954.npy,4um,659,2500,1,3,1,31530.068359375,1,peak_bin_energy_over_lowest_window_energy,0.03203679119052249,0.1289412061449047,0.13286154685193133,2.250326032368145,0.001073626789022801,0.12385207416864673,0.12385672751351892,2.644924772087845,0.9621893497614253,0.005343799503360368
HFocusing_5_10_4um_0_55.npy1955.npy,P0/data/dataset_particles2SNR_clean/train/4um/HFocusing_5_10_4um_0_55.npy1955.npy,4um,660,2500,1,3,1,10597.125,1,peak_bin_energy_over_lowest_window_energy,0.08340803975869605,0.10067800838862243,0.13074005686662277,2.020520236324259,-0.0012083910942906077,0.09165824391772948,0.0916662090801117,2.9294196340816585,0.9336730409484706,0.00979159020164558
HFocusing_5_10_4um_0_555.npy1957.npy,P0/data/dataset_particles2SNR_clean/train/4um/HFocusing_5_10_4um_0_555.npy1957.npy,4um,661,2500,1,3,1,24375.591796875,1,peak_bin_energy_over_lowest_window_energy,0.06075075447642608,0.11371163137562211,0.12892241573737429,3.246872003046855,0.0005720252093579077,0.10594916792661146,0.105950712112668,3.6378781425856097,0.9400747096210045,0.006933921159838714
HFocusing_5_10_4um_0_555.npy1958.npy,P0/data/dataset_particles2SNR_clean/train/4um/HFocusing_5_10_4um_0_555.npy1958.npy,4um,662,2500,1,3,1,26687.80859375,1,peak_bin_energy_over_lowest_window_energy,0.027913708889175062,0.12496367455682265,0.12804333290996878,1.7707320266718778,0.0007432355733373284,0.11689821904664181,0.1169005817581509,2.623421964720925,0.9559589100020625,0.006002542814575646
HFocusing_5_10_4um_0_564.npy1962.npy,P0/data/dataset_particles2SNR_clean/train/4um/HFocusing_5_10_4um_0_564.npy1962.npy,4um,663,2500,1,3,1,18041.50390625,1,peak_bin_energy_over_lowest_window_energy,0.06384302071401664,0.10798053740917815,0.1254421290996979,1.9185111113245696,-0.00037674441505353395,0.09906784459958808,0.09906856095635187,2.4401681692904065,0.9161061701521194,0.008475818994750913
HFocusing_5_10_4um_0_573.npy1965.npy,P0/data/dataset_particles2SNR_clean/train/4um/HFocusing_5_10_4um_0_573.npy1965.npy,4um,664,2500,1,3,1,30297.76171875,1,peak_bin_energy_over_lowest_window_energy,0.0381666286503575,0.14640419217472253,0.15129731996591142,0.7484897955259333,0.0007844962028669356,0.13835789072325855,0.13836011477185708,1.1102892461176834,0.9582943508460154,0.004262254908768829
HFocusing_5_10_4um_0_579.npy1968.npy,P0/data/dataset_particles2SNR_clean/train/4um/HFocusing_5_10_4um_0_579.npy1968.npy,4um,665,2500,2,3,1,17081.12890625,1,peak_bin_energy_over_lowest_window_energy,-0.04023559792706312,0.1186344856666182,0.1252718824394817,0.9220034432211035,0.0026681957924485134,0.11285240307596511,0.11288394105809268,0.863306330818447,0.9447880836742825,0.006755273906944079
HFocusing_5_10_4um_0_585.npy1971.npy,P0/data/dataset_particles2SNR_clean/train/4um/HFocusing_5_10_4um_0_585.npy1971.npy,4um,666,2500,1,3,1,20091.126953125,1,peak_bin_energy_over_lowest_window_energy,0.019356632521415437,0.12733701161099498,0.1287998204524672,2.350334945767681,0.0007631303677908362,0.12197740891058714,0.12197979608319909,2.7665151467986506,0.9541678746877335,0.005186048435817184
HFocusing_5_10_4um_0_588.npy1973.npy,P0/data/dataset_particles2SNR_clean/train/4um/HFocusing_5_10_4um_0_588.npy1973.npy,4um,667,2500,2,3,1,30982.279296875,1,peak_bin_energy_over_lowest_window_energy,-0.06420351560098658,0.14543279798902817,0.15897418075411995,1.7947277056452249,0.0012606507907626358,0.14015614600092113,0.14016181542148975,2.1617240248356717,0.9645573014116269,0.004707558149867075
HFocusing_5_10_4um_0_588.npy1974.npy,P0/data/dataset_particles2SNR_clean/train/4um/HFocusing_5_10_4um_0_588.npy1974.npy,4um,668,2500,1,3,1,22291.048828125,1,peak_bin_energy_over_lowest_window_energy,-0.03461104903564062,0.11869067014603991,0.12363413725611375,2.3572275676303054,0.0004312998270528599,0.11077874088348501,0.11077958047975778,3.1865164425278003,0.9367334624819105,0.0068312399235038535
HFocusing_5_10_4um_0_591.npy1975.npy,P0/data/dataset_particles2SNR_clean/train/4um/HFocusing_5_10_4um_0_591.npy1975.npy,4um,669,2500,1,3,1,15362.75,1,peak_bin_energy_over_lowest_window_energy,-0.03072563514137054,0.11149512576494744,0.11565131959550687,0.8365566452448383,0.0014329118220615179,0.10677808430849435,0.10678769837805163,1.1509266629640056,0.9467551691865832,0.007024493816337591
HFocusing_5_10_4um_0_596.npy1982.npy,P0/data/dataset_particles2SNR_clean/train/4um/HFocusing_5_10_4um_0_596.npy1982.npy,4um,670,2500,1,3,1,9518.91015625,1,peak_bin_energy_over_lowest_window_energy,-0.024217183380398508,0.10229542243682915,0.10512290626884883,1.744543480245591,-0.00041550700236281574,0.09153373556243434,0.09153467863101211,2.2567244628603857,0.8830686728485793,0.00916758557684101
HFocusing_5_10_4um_0_597.npy1984.npy,P0/data/dataset_particles2SNR_clean/train/4um/HFocusing_5_10_4um_0_597.npy1984.npy,4um,671,2500,1,3,1,20243.060546875,1,peak_bin_energy_over_lowest_window_energy,0.030465125189382842,0.11599061066387671,0.119924749801631,1.0256627800330325,-0.001223286517569026,0.10925304158466141,0.10925988982881056,1.357968981657863,0.9487444864229037,0.006612695575331612
HFocusing_5_10_4um_0_600.npy1988.npy,P0/data/dataset_particles2SNR_clean/train/4um/HFocusing_5_10_4um_0_600.npy1988.npy,4um,672,2500,1,3,1,12454.3740234375,1,peak_bin_energy_over_lowest_window_energy,-0.009329302386019886,0.10521677573691683,0.1056295686798088,1.1293359577483226,9.547308006687301e-05,0.09425081053816899,0.09425085889375674,2.180773643957152,0.9087888168397783,0.00881254379512185
HFocusing_5_10_4um_0_603.npy1993.npy,P0/data/dataset_particles2SNR_clean/train/4um/HFocusing_5_10_4um_0_603.npy1993.npy,4um,673,2500,1,3,1,33140.4453125,1,peak_bin_energy_over_lowest_window_energy,0.026932417495502802,0.1336722289072055,0.13635842435717868,1.6025440928814119,-0.0010835577805831294,0.12951583130316088,0.12952036386457802,1.7734869852637463,0.9714467836636816,0.004921583201714794
HFocusing_5_10_4um_0_609.npy1996.npy,P0/data/dataset_particles2SNR_clean/train/4um/HFocusing_5_10_4um_0_609.npy1996.npy,4um,674,2500,1,3,1,27924.783203125,1,peak_bin_energy_over_lowest_window_energy,0.03725162579357183,0.12993458539073718,0.13516907969253575,0.7246489658461428,0.001618398244295427,0.12643285516822883,0.1264432128620096,0.8193277105327605,0.9657625730981404,0.005383805067823361
HFocusing_5_10_4um_0_609.npy1997.npy,P0/data/dataset_particles2SNR_clean/train/4um/HFocusing_5_10_4um_0_609.npy1997.npy,4um,675,2500,1,3,1,34690.9453125,1,peak_bin_energy_over_lowest_window_energy,0.017440029552642553,0.1628531268133753,0.16378429577859513,1.7848066003779044,-0.0011647656361330153,0.15852889360704492,0.1585331725137073,1.8615834328203391,0.9642489546765458,0.0033865831515413093
HFocusing_5_10_4um_0_609.npy1998.npy,P0/data/dataset_particles2SNR_clean/train/4um/HFocusing_5_10_4um_0_609.npy1998.npy,4um,676,2500,1,3,1,26520.861328125,1,peak_bin_energy_over_lowest_window_energy,-0.009500513717715594,0.13064796108930712,0.13099293682368376,1.9696605422636875,-0.0009583417159667688,0.12289429911806139,0.12289803568228462,2.7724085036909605,0.9509768334621415,0.005793677302433894
HFocusing_5_10_4um_0_609.npy1999.npy,P0/data/dataset_particles2SNR_clean/train/4um/HFocusing_5_10_4um_0_609.npy1999.npy,4um,677,2500,1,3,1,20886.8125,1,peak_bin_energy_over_lowest_window_energy,-0.04219153745145428,0.11171256508659176,0.11941450092322738,2.3248908143468547,0.0006517495829539069,0.10370596593462733,0.10370801390419628,2.5380584634578742,0.9345214731676191,0.00736268043558128
HFocusing_5_10_4um_0_61.npy2000.npy,P0/data/dataset_particles2SNR_clean/train/4um/HFocusing_5_10_4um_0_61.npy2000.npy,4um,678,2500,1,3,1,38171.390625,1,peak_bin_energy_over_lowest_window_energy,0.20739155828778044,0.15634014629044687,0.25971811602418526,1.753566633319081,6.415674594705383e-05,0.14912372164915166,0.1491237354500675,1.6811820686833636,0.9533133122909329,0.0036467717062202486
HFocusing_5_10_4um_0_618.npy2005.npy,P0/data/dataset_particles2SNR_clean/train/4um/HFocusing_5_10_4um_0_618.npy2005.npy,4um,679,2500,2,3,1,31760.9765625,1,peak_bin_energy_over_lowest_window_energy,0.11299808745564827,0.13209855921350633,0.17383497092046402,1.8181878773343616,0.00031135063157728527,0.1244730218920019,0.12447341128989184,2.438419032993944,0.9520213071150565,0.00513650310151778
HFocusing_5_10_4um_0_624.npy2009.npy,P0/data/dataset_particles2SNR_clean/train/4um/HFocusing_5_10_4um_0_624.npy2009.npy,4um,680,2500,1,3,1,24456.642578125,1,peak_bin_energy_over_lowest_window_energy,0.09956852480153172,0.11964421117878046,0.15565547982562597,1.91711747980818,-0.0010016113426817746,0.11265199978185893,0.1126564524567223,2.5200281172834247,0.949657874039154,0.006781839623762925
HFocusing_5_10_4um_0_624.npy2011.npy,P0/data/dataset_particles2SNR_clean/train/4um/HFocusing_5_10_4um_0_624.npy2011.npy,4um,681,2500,1,3,1,24720.072265625,1,peak_bin_energy_over_lowest_window_energy,0.1042480465830482,0.11938773530676802,0.1584963297936589,1.8645837443822284,0.0014115755940198541,0.11321040890883309,0.11321920875435769,2.41936319828711,0.9569082878639711,0.006726217539750996
HFocusing_5_10_4um_0_629.npy2013.npy,P0/data/dataset_particles2SNR_clean/train/4um/HFocusing_5_10_4um_0_629.npy2013.npy,4um,682,2500,1,3,1,26691.333984375,1,peak_bin_energy_over_lowest_window_energy,0.05966801778454435,0.12188073422862494,0.13570256343358222,1.7454155233059403,0.0007391692391168934,0.11478437768288184,0.11478675764743301,2.576701186088936,0.9606408178790597,0.005757651598281048
HFocusing_5_10_4um_0_639.npy2016.npy,P0/data/dataset_particles2SNR_clean/train/4um/HFocusing_5_10_4um_0_639.npy2016.npy,4um,683,2500,1,3,1,23059.875,1,peak_bin_energy_over_lowest_window_energy,-0.0810442395821108,0.11838540589841147,0.1434687181903226,1.352759343715487,1.2704544188133226e-05,0.107873330986421,0.10787333173454587,1.7036306931777716,0.9351556125579318,0.007343463292688711
HFocusing_5_10_4um_0_642.npy2018.npy,P0/data/dataset_particles2SNR_clean/train/4um/HFocusing_5_10_4um_0_642.npy2018.npy,4um,684,2500,1,3,1,27249.248046875,1,peak_bin_energy_over_lowest_window_energy,0.00712276400549708,0.1425708647571822,0.14274867860925627,2.1710968374679878,0.001234797912672249,0.13307266476883609,0.13307839356771695,2.825578698491423,0.9390946716603487,0.004578357986432818
HFocusing_5_10_4um_0_642.npy2019.npy,P0/data/dataset_particles2SNR_clean/train/4um/HFocusing_5_10_4um_0_642.npy2019.npy,4um,685,2500,1,3,1,22523.8828125,1,peak_bin_energy_over_lowest_window_energy,0.0128540465991144,0.1257856709620004,0.12644074316980597,1.4674458545354607,0.0005617159208761958,0.11750045958593955,0.11750180223163718,1.6307511822099015,0.926213655727041,0.006258116448875108
HFocusing_5_10_4um_0_642.npy2020.npy,P0/data/dataset_particles2SNR_clean/train/4um/HFocusing_5_10_4um_0_642.npy2020.npy,4um,686,2500,1,3,1,18771.4296875,1,peak_bin_energy_over_lowest_window_energy,0.050262989362949866,0.10745071926705048,0.11862556710383519,1.7003612412133462,-0.002492933044553058,0.10051697889399187,0.10054788789994462,2.0527340256248916,0.9286291566551507,0.008839465726321064
HFocusing_5_10_4um_0_645.npy2022.npy,P0/data/dataset_particles2SNR_clean/train/4um/HFocusing_5_10_4um_0_645.npy2022.npy,4um,687,2500,1,3,1,20706.7734375,1,peak_bin_energy_over_lowest_window_energy,-0.10114000697520419,0.12190378414711928,0.1583977070551585,1.534775719390998,0.0001222398353010739,0.11679428460805148,0.11679434857767675,1.902104606280095,0.9505318659900567,0.005820019003410091
HFocusing_5_10_4um_0_654.npy2029.npy,P0/data/dataset_particles2SNR_clean/train/4um/HFocusing_5_10_4um_0_654.npy2029.npy,4um,688,2500,1,3,1,19388.814453125,1,peak_bin_energy_over_lowest_window_energy,-0.04912882910814634,0.11171185882476192,0.122037622279447,0.4824680054356789,0.000943443637000879,0.10344796134747855,0.10345226335293786,0.6309470747970458,0.936063048833617,0.007664497336883697
HFocusing_5_10_4um_0_657.npy2031.npy,P0/data/dataset_particles2SNR_clean/train/4um/HFocusing_5_10_4um_0_657.npy2031.npy,4um,689,2500,1,3,1,30085.951171875,1,peak_bin_energy_over_lowest_window_energy,0.00852130433899084,0.13391680648285537,0.13418764356752166,1.1081271632658103,-0.0001723393058740914,0.12413608003526266,0.12413619966535745,1.7577007533888445,0.9378343662060191,0.005479521125966442
HFocusing_5_10_4um_0_657.npy2032.npy,P0/data/dataset_particles2SNR_clean/train/4um/HFocusing_5_10_4um_0_657.npy2032.npy,4um,690,2500,2,3,1,33324.1640625,1,peak_bin_energy_over_lowest_window_energy,-0.02172640404062537,0.16151006069727758,0.16296483160171335,1.6192530601705313,-0.004238873589212584,0.1607365355290601,0.16079241867448268,1.8103587124907596,0.9739787117214928,0.00354063930851929
HFocusing_5_10_4um_0_660.npy2034.npy,P0/data/dataset_particles2SNR_clean/train/4um/HFocusing_5_10_4um_0_660.npy2034.npy,4um,691,2500,1,3,1,33474.56640625,1,peak_bin_energy_over_lowest_window_energy,-0.02208948343120394,0.16068752839040157,0.16219872705565092,1.4583089466307104,-0.0009122856182608842,0.15624483437653158,0.15624749769004007,1.5935405995066185,0.9660735202099374,0.0038063457879925523
HFocusing_5_10_4um_0_660.npy2035.npy,P0/data/dataset_particles2SNR_clean/train/4um/HFocusing_5_10_4um_0_660.npy2035.npy,4um,692,2500,1,3,1,63735.9296875,1,peak_bin_energy_over_lowest_window_energy,-0.031327973030781796,0.1940378075014281,0.1965505345558202,2.034537737490407,0.0009185436794428522,0.18898372096271968,0.18898595321188855,2.2216649819062333,0.9733307862146402,0.0023817811131891576
HFocusing_5_10_4um_0_663.npy2036.npy,P0/data/dataset_particles2SNR_clean/train/4um/HFocusing_5_10_4um_0_663.npy2036.npy,4um,693,2500,1,3,1,33236.9375,1,peak_bin_energy_over_lowest_window_energy,0.04179111382829399,0.14632398133830857,0.15217491485032314,1.3463545639236454,0.0003430654194657215,0.13334181832875633,0.1333422596519989,2.6332922860212946,0.9459977295349743,0.004919954076697152
HFocusing_5_10_4um_0_673.npy2042.npy,P0/data/dataset_particles2SNR_clean/train/4um/HFocusing_5_10_4um_0_673.npy2042.npy,4um,694,2500,1,3,1,28850.01171875,1,peak_bin_energy_over_lowest_window_energy,0.0010206832487739796,0.13325794756209408,0.1332618564434555,3.2637910042027514,0.00026460007019377086,0.12569865291521073,0.1256989314111133,4.019459003177371,0.9136383553742031,0.005193673894626008
HFocusing_5_10_4um_0_682.npy2048.npy,P0/data/dataset_particles2SNR_clean/train/4um/HFocusing_5_10_4um_0_682.npy2048.npy,4um,695,2500,1,3,1,16476.01953125,1,peak_bin_energy_over_lowest_window_energy,-0.07605805884934175,0.11880263431153135,0.14106344046311,0.8271722996922426,0.0008522790185797371,0.10588131298406972,0.10588474308773688,1.504696340229783,0.9281981243194249,0.007140237454035542
HFocusing_5_10_4um_0_682.npy2049.npy,P0/data/dataset_particles2SNR_clean/train/4um/HFocusing_5_10_4um_0_682.npy2049.npy,4um,696,2500,1,3,1,29949.853515625,1,peak_bin_energy_over_lowest_window_energy,0.033126932906440025,0.12703234952276093,0.13128065931073277,2.3034510694396975,0.00015103062391352146,0.12203790600305775,0.12203799945861336,2.832042279080018,0.9547868369055633,0.005387471965195596
HFocusing_5_10_4um_0_685.npy2052.npy,P0/data/dataset_particles2SNR_clean/train/4um/HFocusing_5_10_4um_0_685.npy2052.npy,4um,697,2500,1,3,1,11728.576171875,1,peak_bin_energy_over_lowest_window_energy,-0.047658729775356796,0.10325327876368433,0.11372156391490396,1.594383718041077,-2.8063291546441603e-05,0.0956803090240974,0.0956803131396167,1.8446080664619355,0.9190207623090068,0.00831007184886375
HFocusing_5_10_4um_0_685.npy2053.npy,P0/data/dataset_particles2SNR_clean/train/4um/HFocusing_5_10_4um_0_685.npy2053.npy,4um,698,2500,1,3,1,16683.390625,1,peak_bin_energy_over_lowest_window_energy,0.007807453911543594,0.11639000458431202,0.11665157308719437,1.2719077203603106,-0.00013087026392083167,0.10820107346091808,0.10820115260532566,1.835700994877043,0.933089828956123,0.00762618579969788
HFocusing_5_10_4um_0_685.npy2054.npy,P0/data/dataset_particles2SNR_clean/train/4um/HFocusing_5_10_4um_0_685.npy2054.npy,4um,699,2500,2,3,1,23932.3046875,1,peak_bin_energy_over_lowest_window_energy,0.006995749278412756,0.13796199239558518,0.1381392480569006,0.40782215673231104,-0.0011145726300244242,0.1269923704251881,0.12699726146006374,1.355012820485304,0.9629347192159401,0.005342229519510381
HFocusing_5_10_4um_0_692.npy2059.npy,P0/data/dataset_particles2SNR_clean/train/4um/HFocusing_5_10_4um_0_692.npy2059.npy,4um,700,2500,1,3,1,29455.3203125,1,peak_bin_energy_over_lowest_window_energy,0.0003434109681156798,0.13325449777119083,0.1332549402736924,1.3571176920277708,-0.0004729916453431322,0.12647319617076141,0.1264740806281843,1.725574107178244,0.9454470190656814,0.00520206828625389
HFocusing_5_10_4um_0_694.npy2060.npy,P0/data/dataset_particles2SNR_clean/train/4um/HFocusing_5_10_4um_0_694.npy2060.npy,4um,701,2500,1,3,1,48089.078125,1,peak_bin_energy_over_lowest_window_energy,0.04600081754804783,0.16996121798860947,0.1760763778456963,1.4988501954403644,-0.0012702373816729643,0.16504528730779697,0.16505017529684432,1.5285327240567748,0.9708873039980083,0.002701569741275255
HFocusing_5_10_4um_0_704.npy2065.npy,P0/data/dataset_particles2SNR_clean/train/4um/HFocusing_5_10_4um_0_704.npy2065.npy,4um,702,2500,2,3,1,46325.76953125,1,peak_bin_energy_over_lowest_window_energy,0.014740078015971306,0.17945586235070668,0.18006020224345165,1.0809563016843642,-0.002020096107229109,0.17561829957738134,0.17562991753893556,0.7178664401308024,0.9645019525696574,0.002931213667220552
HFocusing_5_10_4um_0_712.npy2069.npy,P0/data/dataset_particles2SNR_clean/train/4um/HFocusing_5_10_4um_0_712.npy2069.npy,4um,703,2500,1,3,1,22539.0546875,1,peak_bin_energy_over_lowest_window_energy,-0.03489677233992257,0.11881037398800744,0.12382927637240952,1.0520025083958036,-5.6928315291561835e-05,0.11290168016267328,0.11290169451512964,1.5091927046699256,0.960706866334201,0.0064203806496416
HFocusing_5_10_4um_0_716.npy2071.npy,P0/data/dataset_particles2SNR_clean/train/4um/HFocusing_5_10_4um_0_716.npy2071.npy,4um,704,2500,1,3,1,11255.1796875,1,peak_bin_energy_over_lowest_window_energy,-0.002161614309768912,0.09782729939495857,0.09785117824193565,0.6622009422104531,0.0007509296411651787,0.08797741089650334,0.087980615611498,1.0404372186528867,0.9309460726375669,0.011109982685497224
HFocusing_5_10_4um_0_718.npy2072.npy,P0/data/dataset_particles2SNR_clean/train/4um/HFocusing_5_10_4um_0_718.npy2072.npy,4um,705,2500,1,3,1,23439.22265625,1,peak_bin_energy_over_lowest_window_energy,0.034901238093848645,0.1267174956366794,0.13143599248651555,2.3179834024826302,0.0012764791821048658,0.12035829613455064,0.1203650648963998,2.371788272798905,0.9383451613953331,0.006131001722586401
HFocusing_5_10_4um_0_721.npy2073.npy,P0/data/dataset_particles2SNR_clean/train/4um/HFocusing_5_10_4um_0_721.npy2073.npy,4um,706,2500,1,3,1,20709.96875,1,peak_bin_energy_over_lowest_window_energy,-0.06763946552908769,0.1264220702119934,0.14337934695675952,2.4073402246749023,0.0012116967243608339,0.11919192350233572,0.11919808235512214,2.9857843029308127,0.9337766968789613,0.005947164687008062
HFocusing_5_10_4um_0_721.npy2074.npy,P0/data/dataset_particles2SNR_clean/train/4um/HFocusing_5_10_4um_0_721.npy2074.npy,4um,707,2500,1,3,1,17172.81640625,1,peak_bin_energy_over_lowest_window_energy,0.014467979084427674,0.10164517730151551,0.10266968631219227,0.7837989710851048,0.00016566358565926477,0.09458593080632875,0.09458607588288681,1.3262767720650963,0.9396702265680372,0.00891992699529534
HFocusing_5_10_4um_0_724.npy2075.npy,P0/data/dataset_particles2SNR_clean/train/4um/HFocusing_5_10_4um_0_724.npy2075.npy,4um,708,2500,1,3,1,19165.67578125,1,peak_bin_energy_over_lowest_window_energy,-0.004985227595460085,0.10712327332973609,0.10723921010085763,1.8507174086976272,-0.00047343598823002057,0.09756690671500949,0.09756805536429594,2.61657674183199,0.8754700221914288,0.007847911278341333
HFocusing_5_10_4um_0_724.npy2076.npy,P0/data/dataset_particles2SNR_clean/train/4um/HFocusing_5_10_4um_0_724.npy2076.npy,4um,709,2500,1,3,1,29387.330078125,1,peak_bin_energy_over_lowest_window_energy,0.062249248173236425,0.13255619626933646,0.1464449182031525,2.171625107431238,0.0019008820778404938,0.12752831847166,0.12754248454880823,2.4357125333656304,0.9553383428586236,0.005001946911693192
HFocusing_5_10_4um_0_724.npy2077.npy,P0/data/dataset_particles2SNR_clean/train/4um/HFocusing_5_10_4um_0_724.npy2077.npy,4um,710,2500,1,3,1,32051.2265625,1,peak_bin_energy_over_lowest_window_energy,-0.013883237363679033,0.13578146565042376,0.13648937941786335,2.2489800842675356,0.00036116617838701084,0.12940957130209776,0.12941007528628184,2.659697988943485,0.9585014868940922,0.004991929797769026
HFocusing_5_10_4um_0_727.npy2079.npy,P0/data/dataset_particles2SNR_clean/train/4um/HFocusing_5_10_4um_0_727.npy2079.npy,4um,711,2500,1,3,1,25808.1796875,1,peak_bin_energy_over_lowest_window_energy,0.04507326302135348,0.13775549376655666,0.14494197149983828,0.8992705348249297,0.0004154670589464074,0.13223938468721766,0.1322400373386631,1.0157406378428524,0.9549353163517034,0.004493690871405386
HFocusing_5_10_4um_0_733.npy2086.npy,P0/data/dataset_particles2SNR_clean/train/4um/HFocusing_5_10_4um_0_733.npy2086.npy,4um,712,2500,2,3,1,29717.603515625,1,peak_bin_energy_over_lowest_window_energy,-0.023326213875449364,0.14337296303163213,0.14525811089998714,1.7824640087867962,0.00164355594134822,0.13350362003270036,0.13351373651414292,2.207803914488646,0.9366392487259484,0.005058992247563864
HFocusing_5_10_4um_0_736.npy2088.npy,P0/data/dataset_particles2SNR_clean/train/4um/HFocusing_5_10_4um_0_736.npy2088.npy,4um,713,2500,1,3,1,33029.68359375,1,peak_bin_energy_over_lowest_window_energy,0.038396311498123926,0.15411034285481912,0.1588215177848734,0.9761165076797118,-0.0015494364881166757,0.1490025932168608,0.14901064907844674,0.8810025743682903,0.9661948731421854,0.0034731422866131727
HFocusing_5_10_4um_0_745.npy2092.npy,P0/data/dataset_particles2SNR_clean/train/4um/HFocusing_5_10_4um_0_745.npy2092.npy,4um,714,2500,1,3,1,23081.564453125,1,peak_bin_energy_over_lowest_window_energy,-0.01087328781033158,0.13411570077153895,0.13455574897137348,1.6328551331726304,-0.0006810470764857646,0.12511797871798822,0.1251198322553037,2.1688005991935517,0.9441283767665604,0.0054278602967756905
HFocusing_5_10_4um_0_754.npy2096.npy,P0/data/dataset_particles2SNR_clean/train/4um/HFocusing_5_10_4um_0_754.npy2096.npy,4um,715,2500,1,3,1,25766.4375,1,peak_bin_energy_over_lowest_window_energy,-0.00937762370678872,0.14133920220225374,0.14164995554378298,2.6123953747092656,0.0011235528297319096,0.13446093838551984,0.13446563249572643,3.0443248367638702,0.9600093890827794,0.004781946489175219
HFocusing_5_10_4um_0_754.npy2097.npy,P0/data/dataset_particles2SNR_clean/train/4um/HFocusing_5_10_4um_0_754.npy2097.npy,4um,716,2500,1,3,1,25314.8828125,1,peak_bin_energy_over_lowest_window_energy,-0.04053362715079294,0.12816336197619335,0.13442031945744015,1.2969777064926848,-0.00048731274786366596,0.12053950068463376,0.12054048572581352,1.4874645011056105,0.9443682799246425,0.005634856912365113
HFocusing_5_10_4um_0_757.npy2098.npy,P0/data/dataset_particles2SNR_clean/train/4um/HFocusing_5_10_4um_0_757.npy2098.npy,4um,717,2500,2,3,1,77999.125,1,peak_bin_energy_over_lowest_window_energy,0.05367023436268596,0.2082555587213503,0.2150601585484569,0.8000262251466714,-0.0007748521045721809,0.20470180546747596,0.20470327197538474,0.7846252787092749,0.9779770515029806,0.002007567854828356
HFocusing_5_10_4um_0_767.npy2103.npy,P0/data/dataset_particles2SNR_clean/train/4um/HFocusing_5_10_4um_0_767.npy2103.npy,4um,718,2500,1,3,1,31176.203125,1,peak_bin_energy_over_lowest_window_energy,-0.04187432924279932,0.14141684017086958,0.1474862099772302,2.2707856893376963,0.0003541784390734187,0.13633447853717012,0.13633493859010903,2.704566304957959,0.9622836954403104,0.004168183196218404
HFocusing_5_10_4um_0_767.npy2104.npy,P0/data/dataset_particles2SNR_clean/train/4um/HFocusing_5_10_4um_0_767.npy2104.npy,4um,719,2500,1,3,1,23006.2109375,1,peak_bin_energy_over_lowest_window_energy,-0.03044165548727475,0.12399676525939392,0.12767886349587845,2.051802980074311,6.841130050011875e-05,0.11420887134045817,0.11420889182969671,2.6799738557325092,0.9374531502226122,0.0063530485006794285
HFocusing_5_10_4um_0_770.npy2106.npy,P0/data/dataset_particles2SNR_clean/train/4um/HFocusing_5_10_4um_0_770.npy2106.npy,4um,720,2500,1,3,1,12753.1181640625,1,peak_bin_energy_over_lowest_window_energy,0.005628527745024187,0.10672439021655122,0.10687270835751848,0.7205289926602845,0.00020136384572639132,0.09846764438656237,0.09846785027833639,1.2683745952180665,0.941527062903455,0.008271889485655406
HFocusing_5_10_4um_0_770.npy2107.npy,P0/data/dataset_particles2SNR_clean/train/4um/HFocusing_5_10_4um_0_770.npy2107.npy,4um,721,2500,1,3,1,29909.791015625,1,peak_bin_energy_over_lowest_window_energy,0.05874224563827213,0.13647809896481622,0.14858305058006202,1.1470280189212518,-0.00020957003534912707,0.12728252793970604,0.12728270046758816,1.4283741914701782,0.9511292041737877,0.004943008935987229
HFocusing_5_10_4um_0_770.npy2108.npy,P0/data/dataset_particles2SNR_clean/train/4um/HFocusing_5_10_4um_0_770.npy2108.npy,4um,722,2500,1,3,1,25772.041015625,1,peak_bin_energy_over_lowest_window_energy,0.021263109418758,0.12152612383498225,0.12337227645022003,1.4049791038624768,-0.0012782429654659361,0.11511823476434885,0.11512533118448995,1.450522180634687,0.9406259972621642,0.0060676335347501055
HFocusing_5_10_4um_0_773.npy2111.npy,P0/data/dataset_particles2SNR_clean/train/4um/HFocusing_5_10_4um_0_773.npy2111.npy,4um,723,2500,2,3,1,33747.9609375,1,peak_bin_energy_over_lowest_window_energy,0.10374892174079346,0.14638106178953683,0.17941921305425873,2.055206671424079,0.001105092460784188,0.13976266143224772,0.13976703030390245,2.2263115394600117,0.959847683795517,0.004432149188021227
HFocusing_5_10_4um_0_773.npy2112.npy,P0/data/dataset_particles2SNR_clean/train/4um/HFocusing_5_10_4um_0_773.npy2112.npy,4um,724,2500,2,3,1,40795.15234375,1,peak_bin_energy_over_lowest_window_energy,-0.006861960525021675,0.14685302315938809,0.14701325420960767,2.4153712426858522,-0.00015146518730624586,0.14152934461365094,0.14152942566290774,2.839587104386072,0.9625390066723926,0.0038412145245169016
HFocusing_5_10_4um_0_782.npy2118.npy,P0/data/dataset_particles2SNR_clean/train/4um/HFocusing_5_10_4um_0_782.npy2118.npy,4um,725,2500,1,3,1,46729.07421875,1,peak_bin_energy_over_lowest_window_energy,-0.021531709276608572,0.192607025718592,0.1938068132459093,0.32194026325960223,0.0029336463954366047,0.18643674121090487,0.18645982075105447,-0.03430137720763149,0.9567901040758573,0.0026112570127540344
HFocusing_5_10_4um_0_788.npy2123.npy,P0/data/dataset_particles2SNR_clean/train/4um/HFocusing_5_10_4um_0_788.npy2123.npy,4um,726,2500,1,3,1,17858.873046875,1,peak_bin_energy_over_lowest_window_energy,0.004626239785370602,0.11344966207727657,0.1135439470865796,1.26897993497509,-0.0011993024491899198,0.10677009363660352,0.10677682904794333,1.7642207953751416,0.949732422542653,0.0073736016311799265
HFocusing_5_10_4um_0_791.npy2126.npy,P0/data/dataset_particles2SNR_clean/train/4um/HFocusing_5_10_4um_0_791.npy2126.npy,4um,727,2500,1,3,1,24087.341796875,1,peak_bin_energy_over_lowest_window_energy,0.07461657230015364,0.11608395240241448,0.13799680020634567,2.1370399463181666,0.0007958400107415434,0.1102854095097884,0.1102882809371169,2.610601047609296,0.9345019263085309,0.006240764923496089
HFocusing_5_10_4um_0_794.npy2128.npy,P0/data/dataset_particles2SNR_clean/train/4um/HFocusing_5_10_4um_0_794.npy2128.npy,4um,728,2500,1,3,1,20430.099609375,1,peak_bin_energy_over_lowest_window_energy,0.04777952708985445,0.11364588446160742,0.12328126485395564,1.1471162514677413,0.0009210849564185756,0.10606068268367329,0.10606468219357364,1.4479472733671086,0.9152627345429097,0.007294002377015272
HFocusing_5_10_4um_0_794.npy2129.npy,P0/data/dataset_particles2SNR_clean/train/4um/HFocusing_5_10_4um_0_794.npy2129.npy,4um,729,2500,1,3,1,36168.12109375,1,peak_bin_energy_over_lowest_window_energy,0.026566889129330206,0.13618692647916264,0.1387540217141506,3.2699145401649075,0.0009833655412801446,0.13052609830080691,0.13052980251812107,3.4546735253919953,0.9594376272511341,0.004840597222422451
HFocusing_5_10_4um_0_797.npy2131.npy,P0/data/dataset_particles2SNR_clean/train/4um/HFocusing_5_10_4um_0_797.npy2131.npy,4um,730,2500,1,3,1,18435.69140625,1,peak_bin_energy_over_lowest_window_energy,0.029710109140972406,0.11829186862656306,0.121965801634444,1.7517395837089413,0.0007536171846347782,0.11147651443370848,0.11147906175219538,1.7716543210325817,0.939012788062621,0.006018873677496274
HFocusing_5_10_4um_0_797.npy2132.npy,P0/data/dataset_particles2SNR_clean/train/4um/HFocusing_5_10_4um_0_797.npy2132.npy,4um,731,2500,1,3,1,40158.828125,1,peak_bin_energy_over_lowest_window_energy,-0.0025555013434379746,0.1483626181309876,0.14838462536865996,1.957811991874216,-0.0007074817464911103,0.1412566122338581,0.14125838392891296,2.477088157491078,0.956864240262835,0.004030375440125408
HFocusing_5_10_4um_0_809.npy2142.npy,P0/data/dataset_particles2SNR_clean/train/4um/HFocusing_5_10_4um_0_809.npy2142.npy,4um,732,2500,1,3,1,17212.76171875,1,peak_bin_energy_over_lowest_window_energy,0.03657712513699694,0.1250576621063542,0.13029698743560647,1.6074417986830136,0.0008767463048777919,0.11968189432689375,0.11968510564709746,1.7393618653129241,0.9495666600958051,0.005316662264605889
HFocusing_5_10_4um_0_815.npy2147.npy,P0/data/dataset_particles2SNR_clean/train/4um/HFocusing_5_10_4um_0_815.npy2147.npy,4um,733,2500,1,3,1,15101.697265625,1,peak_bin_energy_over_lowest_window_energy,0.030293733315127018,0.10607280435347818,0.11031387084849892,1.1474374544958543,0.0008685889932978412,0.10120402797901853,0.1012077552661714,1.3213619333119597,0.9492401080462906,0.00807899844124709
HFocusing_5_10_4um_0_815.npy2148.npy,P0/data/dataset_particles2SNR_clean/train/4um/HFocusing_5_10_4um_0_815.npy2148.npy,4um,734,2500,1,3,1,26322.337890625,1,peak_bin_energy_over_lowest_window_energy,-0.04994916408568628,0.13224517442819383,0.14136373351182482,2.637560282570819,0.0007246466344178073,0.12540322503792828,0.12540531871758093,2.734822820918075,0.950450482860931,0.005218338544884737
HFocusing_5_10_4um_0_818.npy2149.npy,P0/data/dataset_particles2SNR_clean/train/4um/HFocusing_5_10_4um_0_818.npy2149.npy,4um,735,2500,1,3,1,29107.501953125,1,peak_bin_energy_over_lowest_window_energy,0.019848081719244882,0.127079941620269,0.12862059675707,2.236631594308868,7.406730315458505e-05,0.12317539253295275,0.1231754148018686,2.58335612116975,0.9646942631721607,0.005362463117689657
HFocusing_5_10_4um_0_821.npy2152.npy,P0/data/dataset_particles2SNR_clean/train/4um/HFocusing_5_10_4um_0_821.npy2152.npy,4um,736,2500,1,3,1,36236.5234375,1,peak_bin_energy_over_lowest_window_energy,0.008760326579162765,0.14251731546868676,0.14278630372054166,2.6974025368478056,-0.0002042693186920463,0.13699148869887667,0.13699164099275915,2.9223101965306464,0.9549033084205486,0.004483596254319757
HFocusing_5_10_4um_0_824.npy2155.npy,P0/data/dataset_particles2SNR_clean/train/4um/HFocusing_5_10_4um_0_824.npy2155.npy,4um,737,2500,1,3,1,29738.4375,1,peak_bin_energy_over_lowest_window_energy,0.009465162704349205,0.15059239862386106,0.15088956169433218,1.6889853063679094,-0.0015281535328149198,0.1451652071809898,0.1451732503911087,1.7492585615250782,0.9577935004212358,0.00402630365002811
HFocusing_5_10_4um_0_830.npy2158.npy,P0/data/dataset_particles2SNR_clean/train/4um/HFocusing_5_10_4um_0_830.npy2158.npy,4um,738,2500,1,3,1,22007.94921875,1,peak_bin_energy_over_lowest_window_energy,-0.10262369328656519,0.11924467433753841,0.15732423456556396,1.2862030068522845,0.0004952735583574211,0.11397282165746271,0.11397389776813553,1.533167204796266,0.9463962717509683,0.005997267350834758
HFocusing_5_10_4um_0_830.npy2159.npy,P0/data/dataset_particles2SNR_clean/train/4um/HFocusing_5_10_4um_0_830.npy2159.npy,4um,739,2500,1,3,1,17555.19140625,1,peak_bin_energy_over_lowest_window_energy,-0.06288657025581364,0.1037817421570222,0.12134813852583823,1.6238884425257387,-1.5328485794876558e-05,0.09595129653929649,0.09595129776368054,2.325927475586375,0.92444307538664,0.00801101759854414
HFocusing_5_10_4um_0_833.npy2161.npy,P0/data/dataset_particles2SNR_clean/train/4um/HFocusing_5_10_4um_0_833.npy2161.npy,4um,740,2500,1,3,1,13827.1103515625,1,peak_bin_energy_over_lowest_window_energy,0.00533436794436501,0.10315292511931586,0.10329076164903157,2.290819169420878,7.660511319311141e-05,0.09642781088794194,0.09642784131662421,2.6269366130759195,0.9327895715068346,0.008591339776780367
HFocusing_5_10_4um_0_84.npy2164.npy,P0/data/dataset_particles2SNR_clean/train/4um/HFocusing_5_10_4um_0_84.npy2164.npy,4um,741,2500,1,3,1,37237.796875,1,peak_bin_energy_over_lowest_window_energy,-0.09615022971112987,0.1480914010380196,0.17656706865921118,0.36751453630284203,-0.0005400743933995782,0.14197741411936424,0.1419784413225186,0.5647617738312665,0.9688187788265825,0.004190097046203691
HFocusing_5_10_4um_0_845.npy2168.npy,P0/data/dataset_particles2SNR_clean/train/4um/HFocusing_5_10_4um_0_845.npy2168.npy,4um,742,2500,1,3,1,24159.689453125,1,peak_bin_energy_over_lowest_window_energy,-0.021120546068746485,0.12421272910370357,0.12599555364230952,0.9217180913788163,0.00043780004823613206,0.11892480594109886,0.11892561177900349,1.1942506340865444,0.9582472501596152,0.005355071403941766
HFocusing_5_10_4um_0_851.npy2172.npy,P0/data/dataset_particles2SNR_clean/train/4um/HFocusing_5_10_4um_0_851.npy2172.npy,4um,743,2500,1,3,1,36394.16015625,1,peak_bin_energy_over_lowest_window_energy,0.048334215166705524,0.14311035576701406,0.15105221045566566,1.6668171689963431,0.0013699349765043127,0.1357979102221685,0.1358048200269342,1.7372482841308132,0.9374384634800027,0.004224776136438833
HFocusing_5_10_4um_0_851.npy2173.npy,P0/data/dataset_particles2SNR_clean/train/4um/HFocusing_5_10_4um_0_851.npy2173.npy,4um,744,2500,1,3,1,32286.103515625,1,peak_bin_energy_over_lowest_window_energy,0.05345069532578985,0.14394190519012254,0.1535455922538079,1.5643805819557581,-0.0006962772119408687,0.135825418124204,0.1358272027635507,1.7287636694527544,0.940532083312674,0.0042702204252758015
HFocusing_5_10_4um_0_853.npy2176.npy,P0/data/dataset_particles2SNR_clean/train/4um/HFocusing_5_10_4um_0_853.npy2176.npy,4um,745,2500,1,3,1,12210.7734375,1,peak_bin_energy_over_lowest_window_energy,0.03147739386851819,0.11732387054212039,0.12147311193732566,1.7904219995635895,0.0006609144605106141,0.11200772092190461,0.11200967080588793,1.785779104319663,0.9520327860354848,0.007009743532508512
HFocusing_5_10_4um_0_853.npy2177.npy,P0/data/dataset_particles2SNR_clean/train/4um/HFocusing_5_10_4um_0_853.npy2177.npy,4um,746,2500,1,3,1,20566.365234375,1,peak_bin_energy_over_lowest_window_energy,0.03087110231148482,0.1153108725863644,0.11937178181863135,1.744611972065445,-0.00018476502950702701,0.10840077821005173,0.10840093567244222,2.341505211118317,0.9511372295430857,0.0070463042037290915
HFocusing_5_10_4um_0_856.npy2181.npy,P0/data/dataset_particles2SNR_clean/train/4um/HFocusing_5_10_4um_0_856.npy2181.npy,4um,747,2500,1,3,1,24070.9140625,1,peak_bin_energy_over_lowest_window_energy,-0.05096059810230315,0.13687599325758326,0.14605485301486712,3.0399284295630844,-0.0002889328327539257,0.13153000684126243,0.1315303241912084,3.6922132619934356,0.9600588534913417,0.004561153761810297
HFocusing_5_10_4um_0_856.npy2182.npy,P0/data/dataset_particles2SNR_clean/train/4um/HFocusing_5_10_4um_0_856.npy2182.npy,4um,748,2500,1,3,1,10988.083984375,1,peak_bin_energy_over_lowest_window_energy,-0.0406316477577833,0.09440986716916178,0.10278206953749931,1.4010634975907879,-0.0004096045730932335,0.08529076532540755,0.0852917488723267,2.1203756345137945,0.9051604454623401,0.01149581440698731
HFocusing_5_10_4um_0_859.npy2183.npy,P0/data/dataset_particles2SNR_clean/train/4um/HFocusing_5_10_4um_0_859.npy2183.npy,4um,749,2500,1,3,1,17832.60546875,1,peak_bin_energy_over_lowest_window_energy,0.04066846020448647,0.10991748257870233,0.11719972965772246,0.909847887286853,-0.00033227024836341324,0.1016808094288634,0.10168135232001385,1.4666339022047277,0.9342726921284658,0.00807447931827423
HFocusing_5_10_4um_0_859.npy2184.npy,P0/data/dataset_particles2SNR_clean/train/4um/HFocusing_5_10_4um_0_859.npy2184.npy,4um,750,2500,1,3,1,23328.146484375,1,peak_bin_energy_over_lowest_window_energy,0.02532867229589603,0.1288859381538056,0.13135115794715896,1.1595792215579834,-0.003211415429918155,0.12432319368887484,0.1243646641054645,1.1017825615090588,0.9423345936075488,0.005236701694761658
HFocusing_5_10_4um_0_859.npy2185.npy,P0/data/dataset_particles2SNR_clean/train/4um/HFocusing_5_10_4um_0_859.npy2185.npy,4um,751,2500,1,3,1,23069.43359375,1,peak_bin_energy_over_lowest_window_energy,-0.051243801578831814,0.11693429812918886,0.12766971950786413,1.0666835649305044,-0.0006270807050852207,0.1100327625338092,0.11003454939714315,1.1002041265604587,0.9044361193552596,0.006648062039922628
HFocusing_5_10_4um_0_865.npy2188.npy,P0/data/dataset_particles2SNR_clean/train/4um/HFocusing_5_10_4um_0_865.npy2188.npy,4um,752,2500,1,3,1,26571.36328125,1,peak_bin_energy_over_lowest_window_energy,-0.07237425661091407,0.13395390612009886,0.15225531841224693,1.7859011408573764,0.0009290448668662389,0.12763600077038478,0.12763938192040228,2.1589832206572463,0.9583942659043664,0.00503092170602734
HFocusing_5_10_4um_0_865.npy2189.npy,P0/data/dataset_particles2SNR_clean/train/4um/HFocusing_5_10_4um_0_865.npy2189.npy,4um,753,2500,1,3,1,12368.5869140625,1,peak_bin_energy_over_lowest_window_energy,-0.05461579619153677,0.10554213868699801,0.11883614026154249,1.1135300344061232,0.0008955962975978716,0.09770910066491194,0.09771320507216087,0.9083412691747119,0.9072185425319215,0.010702867417827087
HFocusing_5_10_4um_0_865.npy2191.npy,P0/data/dataset_particles2SNR_clean/train/4um/HFocusing_5_10_4um_0_865.npy2191.npy,4um,754,2500,1,3,1,18854.4296875,1,peak_bin_energy_over_lowest_window_energy,-0.01811342738059981,0.1138557744875466,0.11528761267209643,1.289292645991666,0.00044178464744548885,0.09945675280083421,0.09945773399470229,1.7363712823359014,0.9007302715495176,0.007903531090585482
HFocusing_5_10_4um_0_868.npy2192.npy,P0/data/dataset_particles2SNR_clean/train/4um/HFocusing_5_10_4um_0_868.npy2192.npy,4um,755,2500,1,3,1,15346.26953125,1,peak_bin_energy_over_lowest_window_energy,-0.009865392096411045,0.11790520946945542,0.1183172192931024,1.1731152193522307,-0.0008175236872357686,0.10738720015101345,0.10739031195248952,2.317598435823001,0.9444108179951569,0.006690798185061688
HFocusing_5_10_4um_0_871.npy2194.npy,P0/data/dataset_particles2SNR_clean/train/4um/HFocusing_5_10_4um_0_871.npy2194.npy,4um,756,2500,1,3,1,20293.576171875,1,peak_bin_energy_over_lowest_window_energy,-0.03382846571205434,0.11751238582275254,0.12228461029167606,2.6057104535767683,-0.00023164721852090127,0.11160535109415001,0.11160559149649421,3.057905886368987,0.9523113879419547,0.006534392673610291
HFocusing_5_10_4um_0_874.npy2196.npy,P0/data/dataset_particles2SNR_clean/train/4um/HFocusing_5_10_4um_0_874.npy2196.npy,4um,757,2500,1,3,1,22323.4375,1,peak_bin_energy_over_lowest_window_energy,-0.006811002150497417,0.12289362138055455,0.12308221612532484,0.9315105759587108,0.0006836496593736828,0.11911675812005196,0.11911871994731862,1.0837665731400508,0.9658654348265481,0.005384427314742129
HFocusing_5_10_4um_0_909.npy2219.npy,P0/data/dataset_particles2SNR_clean/train/4um/HFocusing_5_10_4um_0_909.npy2219.npy,4um,758,2500,1,3,1,22352.140625,1,peak_bin_energy_over_lowest_window_energy,0.06497766467142764,0.12010594259837157,0.13655597516621462,1.3517717882023303,-0.0010766457639052418,0.11214938260905472,0.1121545504457714,1.9881319237539694,0.949269951079534,0.007411932643434163
HFocusing_5_10_4um_0_912.npy2220.npy,P0/data/dataset_particles2SNR_clean/train/4um/HFocusing_5_10_4um_0_912.npy2220.npy,4um,759,2500,1,3,1,14798.1328125,1,peak_bin_energy_over_lowest_window_energy,0.026503199235443985,0.1047202131755502,0.10802195432987832,0.9202565970670546,-0.00044655694778858093,0.09759944596776862,0.09760046755176435,1.4452866367497679,0.9350670373636972,0.008463857009671593
HFocusing_5_10_4um_0_912.npy2221.npy,P0/data/dataset_particles2SNR_clean/train/4um/HFocusing_5_10_4um_0_912.npy2221.npy,4um,760,2500,1,3,1,19989.34375,1,peak_bin_energy_over_lowest_window_energy,0.018247687641934202,0.11704652319975194,0.11846040138977948,1.6921033819536797,0.000782913120217727,0.10934786248231626,0.10935066521245015,1.8992874419559538,0.9332243549243467,0.006942686756104029
HFocusing_5_10_4um_0_915.npy2222.npy,P0/data/dataset_particles2SNR_clean/train/4um/HFocusing_5_10_4um_0_915.npy2222.npy,4um,761,2500,1,3,1,17865.060546875,1,peak_bin_energy_over_lowest_window_energy,-0.0024378797181945203,0.12781103872337912,0.1278342867820269,1.2328104594503726,-0.0006158623239039951,0.11738686097126726,0.11738847650041988,1.924556173498047,0.9557409059390342,0.005736580700319376
HFocusing_5_10_4um_0_915.npy2223.npy,P0/data/dataset_particles2SNR_clean/train/4um/HFocusing_5_10_4um_0_915.npy2223.npy,4um,762,2500,1,3,1,27994.53125,1,peak_bin_energy_over_lowest_window_energy,0.002656828226752834,0.1346402290277805,0.13466643980175483,2.5489602633686053,0.0012812961597222384,0.12979674465916055,0.12980306870010525,2.726014961719338,0.9606410355292292,0.005018430578171087
HFocusing_5_10_4um_0_915.npy2224.npy,P0/data/dataset_particles2SNR_clean/train/4um/HFocusing_5_10_4um_0_915.npy2224.npy,4um,763,2500,1,3,1,23782.435546875,1,peak_bin_energy_over_lowest_window_energy,-0.006751163004880639,0.11707889761298677,0.11727338346014712,2.2239057503815705,-0.00010367528186604157,0.10565440329490472,0.10565445416150918,3.3678344334257346,0.9156229780402588,0.006560871677521715
HFocusing_5_10_4um_0_918.npy2225.npy,P0/data/dataset_particles2SNR_clean/train/4um/HFocusing_5_10_4um_0_918.npy2225.npy,4um,764,2500,1,3,1,14738.1640625,1,peak_bin_energy_over_lowest_window_energy,0.05062677838796882,0.10500679401378804,0.11657400001286143,1.8269190248706666,-0.0006676858182105594,0.09525984818418448,0.09526218809383771,1.5808565078634471,0.9010421138147696,0.00894730457121737
HFocusing_5_10_4um_0_918.npy2226.npy,P0/data/dataset_particles2SNR_clean/train/4um/HFocusing_5_10_4um_0_918.npy2226.npy,4um,765,2500,2,3,1,45272.82421875,1,peak_bin_energy_over_lowest_window_energy,0.051476384820284854,0.1691719062972011,0.1768302917330485,0.626525412963828,0.0006372116773590719,0.16486611071057766,0.16486734212558357,0.6915907411168205,0.9742368699703347,0.0030807693505732585
HFocusing_5_10_4um_0_924.npy2232.npy,P0/data/dataset_particles2SNR_clean/train/4um/HFocusing_5_10_4um_0_924.npy2232.npy,4um,766,2500,1,3,1,26496.048828125,1,peak_bin_energy_over_lowest_window_energy,0.008401178383404815,0.13659195068816718,0.13685006682873224,2.507034206887769,-0.0002137291094565494,0.12859048662033068,0.1285906642388384,3.446641147692108,0.9426539157586629,0.00491832208800017
HFocusing_5_10_4um_0_924.npy2234.npy,P0/data/dataset_particles2SNR_clean/train/4um/HFocusing_5_10_4um_0_924.npy2234.npy,4um,767,2500,1,3,1,37701.94140625,1,peak_bin_energy_over_lowest_window_energy,0.06347895918640882,0.1476299275495414,0.16069901607562073,1.014858544568079,-0.0017891079206516075,0.14236341934104838,0.14237466092541512,1.2460485393469405,0.9688948384118415,0.004402862184474895
HFocusing_5_10_4um_0_933.npy2246.npy,P0/data/dataset_particles2SNR_clean/train/4um/HFocusing_5_10_4um_0_933.npy2246.npy,4um,768,2500,1,3,1,16190.8720703125,1,peak_bin_energy_over_lowest_window_energy,0.05537438318972093,0.10208678410085331,0.11613799465160524,1.606227527901261,-0.0006134355453632637,0.08882134730188981,0.0888234655915386,2.3533055197724453,0.914262594164564,0.009914067403939499
HFocusing_5_10_4um_0_939.npy2249.npy,P0/data/dataset_particles2SNR_clean/train/4um/HFocusing_5_10_4um_0_939.npy2249.npy,4um,769,2500,1,3,1,21312.890625,1,peak_bin_energy_over_lowest_window_energy,-0.0011221731008869043,0.12438717127709588,0.12439223308063063,1.6883550110407954,0.001967533156604301,0.11863265153866186,0.11864896627369287,2.3064013108600623,0.9560109544335155,0.00576673150704075
HFocusing_5_10_4um_0_945.npy2254.npy,P0/data/dataset_particles2SNR_clean/train/4um/HFocusing_5_10_4um_0_945.npy2254.npy,4um,770,2500,1,3,1,18248.904296875,1,peak_bin_energy_over_lowest_window_energy,-0.019653084418730385,0.10721379419390054,0.10900018987424656,2.1888017254349172,-0.00034345429554525584,0.09775125165451284,0.09775185502524762,3.090314105531725,0.9169432809681137,0.008439064134852733
HFocusing_5_10_4um_0_951.npy2261.npy,P0/data/dataset_particles2SNR_clean/train/4um/HFocusing_5_10_4um_0_951.npy2261.npy,4um,771,2500,1,3,1,61355.609375,1,peak_bin_energy_over_lowest_window_energy,-0.03939978288137518,0.19175521865988815,0.19576109617184165,0.4627290518058791,0.004412948012547511,0.18992513717859744,0.18997639811953093,0.6363892850506172,0.970209161225001,0.002663092532741468
HFocusing_5_10_4um_0_954.npy2266.npy,P0/data/dataset_particles2SNR_clean/train/4um/HFocusing_5_10_4um_0_954.npy2266.npy,4um,772,2500,2,3,1,51807.828125,1,peak_bin_energy_over_lowest_window_energy,0.008078919192148398,0.16923655110504393,0.1694292748176755,2.431026961759402,0.0006701319959267506,0.1637718927198249,0.16377326375793394,2.8051877103042493,0.9731688135486525,0.003092066494170319
HFocusing_5_10_4um_0_954.npy2267.npy,P0/data/dataset_particles2SNR_clean/train/4um/HFocusing_5_10_4um_0_954.npy2267.npy,4um,773,2500,1,3,1,25114.19921875,1,peak_bin_energy_over_lowest_window_energy,0.021448867356342334,0.12364504524594284,0.12549163766857624,1.0357664129434205,0.0008784841857421176,0.11569269274202287,0.11569602797142481,1.5738001935984434,0.9577824568658294,0.006310404866574305
HFocusing_5_10_4um_0_960.npy2270.npy,P0/data/dataset_particles2SNR_clean/train/4um/HFocusing_5_10_4um_0_960.npy2270.npy,4um,774,2500,1,3,1,15741.3603515625,1,peak_bin_energy_over_lowest_window_energy,-0.0034706881980268974,0.10682611859475157,0.10688248355361063,0.43767721265237425,-0.0005370945609821321,0.09703619707102816,0.09703768346665562,1.2647186189089483,0.9193510855995122,0.008459296996981213
HFocusing_5_10_4um_0_966.npy2276.npy,P0/data/dataset_particles2SNR_clean/train/4um/HFocusing_5_10_4um_0_966.npy2276.npy,4um,775,2500,1,3,1,37062.80078125,1,peak_bin_energy_over_lowest_window_energy,0.03090090517261154,0.16001334351288968,0.1629697396532889,1.7465649107215215,0.002032042330161609,0.1564233901789419,0.15643658840279365,1.8517694027442628,0.9689735945263783,0.0037946204590066568
HFocusing_5_10_4um_0_966.npy2277.npy,P0/data/dataset_particles2SNR_clean/train/4um/HFocusing_5_10_4um_0_966.npy2277.npy,4um,776,2500,1,3,1,49083.0546875,1,peak_bin_energy_over_lowest_window_energy,0.03906965327749409,0.15702815305341533,0.16181556988927373,2.0706461567123364,-0.00011310178283501369,0.15273118112837777,0.15273122300591527,2.2547306403734826,0.9690014655724324,0.003402042634752368
HFocusing_5_10_4um_0_972.npy2282.npy,P0/data/dataset_particles2SNR_clean/train/4um/HFocusing_5_10_4um_0_972.npy2282.npy,4um,777,2500,1,3,1,22403.5703125,1,peak_bin_energy_over_lowest_window_energy,-0.027156680219746227,0.1362654765827129,0.13894518843368214,0.6275111844191135,-0.0011369329183803425,0.1287117538616821,0.12871677512512164,0.9121444345019256,0.9125609625868187,0.004628200359401033
HFocusing_5_10_4um_0_972.npy2283.npy,P0/data/dataset_particles2SNR_clean/train/4um/HFocusing_5_10_4um_0_972.npy2283.npy,4um,778,2500,1,3,1,29408.91796875,1,peak_bin_energy_over_lowest_window_energy,-0.09838409194770259,0.12484386015121174,0.1589509954854933,2.3168286509483176,0.0007631664742319001,0.11651720175966056,0.11651970103363997,2.6072512546353614,0.9340584619931154,0.0058716599839928755
HFocusing_5_10_4um_0_977.npy2285.npy,P0/data/dataset_particles2SNR_clean/train/4um/HFocusing_5_10_4um_0_977.npy2285.npy,4um,779,2500,1,3,1,27247.98046875,1,peak_bin_energy_over_lowest_window_energy,-0.03694881579994146,0.12309063571084553,0.12851661211189036,2.7037408225366715,-0.00016395816561709075,0.11795330608535394,0.1179534200383578,3.2584716126678837,0.951755079985923,0.005615579210333592
HFocusing_5_10_4um_0_977.npy2286.npy,P0/data/dataset_particles2SNR_clean/train/4um/HFocusing_5_10_4um_0_977.npy2286.npy,4um,780,2500,1,3,1,20180.470703125,1,peak_bin_energy_over_lowest_window_energy,-0.05195869033197684,0.11926228459072286,0.13008919258267704,1.7287063272618681,-0.0003309592425527962,0.10987499049440622,0.10987548894164743,2.5388715654327765,0.9157564401745516,0.007179570673620872
HFocusing_5_10_4um_0_977.npy2287.npy,P0/data/dataset_particles2SNR_clean/train/4um/HFocusing_5_10_4um_0_977.npy2287.npy,4um,781,2500,1,3,1,11808.8134765625,1,peak_bin_energy_over_lowest_window_energy,-0.022414857785180323,0.09635188478329869,0.09892477723413849,1.3943588308681694,0.0001827998572825594,0.0830693988273536,0.08306959995886437,2.244622711329387,0.8704133548893898,0.010715253905665256
HFocusing_5_10_4um_0_980.npy2289.npy,P0/data/dataset_particles2SNR_clean/train/4um/HFocusing_5_10_4um_0_980.npy2289.npy,4um,782,2500,1,3,1,17650.052734375,1,peak_bin_energy_over_lowest_window_energy,0.08573928968899228,0.12608500983798424,0.15247509797412007,2.002512179126258,4.6034569194807064e-05,0.12091860949153711,0.12091861825437972,2.2825831964818386,0.9669922369904068,0.005435203677702457
HFocusing_5_10_4um_0_980.npy2290.npy,P0/data/dataset_particles2SNR_clean/train/4um/HFocusing_5_10_4um_0_980.npy2290.npy,4um,783,2500,1,3,1,18306.3984375,1,peak_bin_energy_over_lowest_window_energy,0.054044825256536796,0.11608598788483111,0.12804998914567214,1.411672311498008,0.0017519238287583916,0.10805110962975457,0.10806531140621865,1.706586044401874,0.9169994981960854,0.007253597055356446
HFocusing_5_10_4um_0_983.npy2291.npy,P0/data/dataset_particles2SNR_clean/train/4um/HFocusing_5_10_4um_0_983.npy2291.npy,4um,784,2500,1,3,1,16620.162109375,1,peak_bin_energy_over_lowest_window_energy,-0.008187891923539406,0.10852955871188327,0.10883798366538991,0.726298881433749,0.0003438568238699613,0.1003680726426486,0.10036866166047702,1.3317325364912138,0.9126141682679403,0.00799831029887894
HFocusing_5_10_4um_0_983.npy2292.npy,P0/data/dataset_particles2SNR_clean/train/4um/HFocusing_5_10_4um_0_983.npy2292.npy,4um,785,2500,1,3,1,27908.544921875,1,peak_bin_energy_over_lowest_window_energy,-0.0874260618728017,0.1256381295337905,0.15306291480086373,1.369727836430612,-0.0015952578173905826,0.11858219114553957,0.11859292097077813,1.5725164084547538,0.9470804622316562,0.005728338261865957
HFocusing_5_10_4um_0_986.npy2293.npy,P0/data/dataset_particles2SNR_clean/train/4um/HFocusing_5_10_4um_0_986.npy2293.npy,4um,786,2500,1,3,1,17947.7265625,1,peak_bin_energy_over_lowest_window_energy,0.009723077773744976,0.10805045688202074,0.1084870474932732,1.3429569360546667,-0.0016759719933140999,0.09552519282099038,0.09553989400041096,2.4802828948025306,0.9058672393488775,0.008436721495214764
HFocusing_5_10_4um_0_986.npy2294.npy,P0/data/dataset_particles2SNR_clean/train/4um/HFocusing_5_10_4um_0_986.npy2294.npy,4um,787,2500,1,3,1,30316.720703125,1,peak_bin_energy_over_lowest_window_energy,-0.02665356771751741,0.12354265570657078,0.12638512749174471,2.542288317050051,0.0009748489539172911,0.11819391489863187,0.11819793504773247,2.9247867226528763,0.9570866478569545,0.005354305899370482
HFocusing_5_10_4um_0_992.npy2298.npy,P0/data/dataset_particles2SNR_clean/train/4um/HFocusing_5_10_4um_0_992.npy2298.npy,4um,788,2500,1,3,1,25856.533203125,1,peak_bin_energy_over_lowest_window_energy,0.012063863794868788,0.1248200504576834,0.12540168183050726,2.223949193358693,0.0017109899712232438,0.11871751236035279,0.11872984135301513,2.2288616117520768,0.9427570788067239,0.0059249406373936865
HFocusing_5_10_4um_0_992.npy2299.npy,P0/data/dataset_particles2SNR_clean/train/4um/HFocusing_5_10_4um_0_992.npy2299.npy,4um,789,2500,1,3,1,39664.75390625,1,peak_bin_energy_over_lowest_window_energy,0.016326125235176465,0.15461295440276587,0.1554725314463826,1.0503137900279977,-0.00011412148424365096,0.14994081731065095,0.14994086074015708,1.3560349437448158,0.9688814939722961,0.003633270318208167
HFocusing_5_10_4um_0_995.npy2300.npy,P0/data/dataset_particles2SNR_clean/train/4um/HFocusing_5_10_4um_0_995.npy2300.npy,4um,790,2500,1,3,1,19137.01171875,1,peak_bin_energy_over_lowest_window_energy,0.040473100330788804,0.1212324268098062,0.12780991025965519,1.0923711766427555,0.0005085169509765241,0.11386916018862002,0.11387029565058236,1.3516368070926132,0.9320646469627578,0.006217656863002994
HFocusing_5_10_10um_0_1013.npy6.npy,P0/data/dataset_particles2SNR_clean/train/10um/HFocusing_5_10_10um_0_1013.npy6.npy,10um,791,2500,1,3,1,5236.0888671875,1,peak_bin_energy_over_lowest_window_energy,0.7612836636148648,0.11658760038228544,0.7701593893797375,-0.91902537635087,-8.605776168778157e-05,0.07579830801875996,0.07579835687167076,-0.6725948960665327,0.8431518600082584,0.015470881348042032
HFocusing_5_10_10um_0_1022.npy8.npy,P0/data/dataset_particles2SNR_clean/train/10um/HFocusing_5_10_10um_0_1022.npy8.npy,10um,792,2500,1,3,1,207675.671875,1,peak_bin_energy_over_lowest_window_energy,1.0785033380504763,0.45069336370410806,1.1688857764011604,-0.9973095126336866,0.007704771905323865,0.40705822670326625,0.40713113788670197,-0.972546130642864,0.9839391837971598,0.0006995493944828206
HFocusing_5_10_10um_0_1025.npy9.npy,P0/data/dataset_particles2SNR_clean/train/10um/HFocusing_5_10_10um_0_1025.npy9.npy,10um,793,2500,1,3,1,8850.4580078125,1,peak_bin_energy_over_lowest_window_energy,-0.9307645055091798,0.10353015197488567,0.9365047021150995,-0.8659622245349099,1.8849055355583922e-05,0.0735290090935406,0.07352901150950464,0.6918950475607604,0.8592217487456649,0.012161018942930023
HFocusing_5_10_10um_0_1037.npy11.npy,P0/data/dataset_particles2SNR_clean/train/10um/HFocusing_5_10_10um_0_1037.npy11.npy,10um,794,2500,1,3,1,14371.654296875,1,peak_bin_energy_over_lowest_window_energy,-1.3657572604902226,0.12122405757213456,1.3711266049187472,0.6086350967966974,0.000337710303397769,0.11356498544837618,0.11356548757496228,0.6870649179807575,0.9356945683203327,0.006508119326395284
HFocusing_5_10_10um_0_104.npy12.npy,P0/data/dataset_particles2SNR_clean/train/10um/HFocusing_5_10_10um_0_104.npy12.npy,10um,795,2500,1,3,1,4193.310546875,1,peak_bin_energy_over_lowest_window_energy,0.4096605430704139,0.26854991610405593,0.48983754244467825,-1.085349323392783,0.0006142194390128282,0.10083189186131414,0.10083376260881576,0.8681475199223647,0.6713932805633717,0.009607836035133372
HFocusing_5_10_10um_0_104.npy13.npy,P0/data/dataset_particles2SNR_clean/train/10um/HFocusing_5_10_10um_0_104.npy13.npy,10um,796,2500,1,3,1,12091.634765625,1,peak_bin_energy_over_lowest_window_energy,0.286479373517695,0.26640677035570426,0.3912071046676529,-1.2194113648396134,-0.00029760570014942384,0.10063363544863098,0.10063407550507292,0.8725369577712878,0.8120648106785932,0.006586450700749514
HFocusing_5_10_10um_0_1043.npy15.npy,P0/data/dataset_particles2SNR_clean/train/10um/HFocusing_5_10_10um_0_1043.npy15.npy,10um,797,2500,1,3,1,14691.060546875,1,peak_bin_energy_over_lowest_window_energy,-2.068800368221648,0.10722138604429347,2.071577029506575,-0.2880437928570463,0.0008160108266288777,0.09575467330794038,0.0957581502222112,0.5167159409814475,0.9020452061161226,0.011995540197326389
HFocusing_5_10_10um_0_1049.npy17.npy,P0/data/dataset_particles2SNR_clean/train/10um/HFocusing_5_10_10um_0_1049.npy17.npy,10um,798,2500,1,3,1,7742.384765625,1,peak_bin_energy_over_lowest_window_energy,-1.8569225590919174,0.09463571545895419,1.8593324901977333,-0.8106533830364357,-0.0005295364190709051,0.06756916437604223,0.06757123932040715,0.8597098795504441,0.8762960555097941,0.01645450281770244
HFocusing_5_10_10um_0_1059.npy22.npy,P0/data/dataset_particles2SNR_clean/train/10um/HFocusing_5_10_10um_0_1059.npy22.npy,10um,799,2500,1,3,1,43289.1328125,1,peak_bin_energy_over_lowest_window_energy,-1.7143189346578358,0.7078072841372256,1.854691500278171,-1.3072875290685624,-0.0007952099809807789,0.14070931336833392,0.14071156039040233,2.9636876034975055,0.4795059337446371,0.0032589731470460035
HFocusing_5_10_10um_0_1062.npy23.npy,P0/data/dataset_particles2SNR_clean/train/10um/HFocusing_5_10_10um_0_1062.npy23.npy,10um,800,2500,1,3,1,29054.544921875,1,peak_bin_energy_over_lowest_window_energy,-0.1989934463535065,0.15118700544728036,0.24991178905318143,0.6319396413088487,-0.0009573133979651455,0.12937224464324135,0.12937578650185133,0.28385875677651207,0.8932551289241721,0.005542239607760947
HFocusing_5_10_10um_0_1065.npy24.npy,P0/data/dataset_particles2SNR_clean/train/10um/HFocusing_5_10_10um_0_1065.npy24.npy,10um,801,2500,1,3,1,61107.87109375,1,peak_bin_energy_over_lowest_window_energy,2.662104051224385,0.29421997418570517,2.6783135314512974,-1.140613561348636,-0.0011290019170907054,0.20145177562867397,0.201454939252614,0.1880245736856505,0.9460058030770276,0.002060123571809499
HFocusing_5_10_10um_0_1068.npy25.npy,P0/data/dataset_particles2SNR_clean/train/10um/HFocusing_5_10_10um_0_1068.npy25.npy,10um,802,2500,1,3,1,52187.41015625,1,peak_bin_energy_over_lowest_window_energy,0.2053949640368336,0.1776563828897718,0.2715674531919636,0.3197990813430822,0.0004796706100415873,0.16489025676396032,0.16489095445044552,0.8118910062825768,0.9741740217104629,0.0029448716889131964
HFocusing_5_10_10um_0_1070.npy27.npy,P0/data/dataset_particles2SNR_clean/train/10um/HFocusing_5_10_10um_0_1070.npy27.npy,10um,803,2500,1,3,1,36735.68359375,1,peak_bin_energy_over_lowest_window_energy,-1.4551340909959192,0.2553124140122124,1.4773623968164558,-1.413515580416195,-0.00027743577739486146,0.1356976162380479,0.13569789984852051,2.3323136679729117,0.911709783198447,0.003834724842661295
HFocusing_5_10_10um_0_1074.npy28.npy,P0/data/dataset_particles2SNR_clean/train/10um/HFocusing_5_10_10um_0_1074.npy28.npy,10um,804,2500,1,3,1,21993.74609375,1,peak_bin_energy_over_lowest_window_energy,0.9711031774044577,0.1905080367543066,0.9896134059485117,-1.3781042757744943,1.0079267830650807e-05,0.11762985504257019,0.1176298554743978,0.06704442851938497,0.9241876385315342,0.0054322056309377646
HFocusing_5_10_10um_0_108.npy30.npy,P0/data/dataset_particles2SNR_clean/train/10um/HFocusing_5_10_10um_0_108.npy30.npy,10um,805,2500,1,3,1,675465.875,1,peak_bin_energy_over_lowest_window_energy,1.089323117490086,0.6335082935151851,1.2601419016328443,0.017418406846360313,-0.0022708874126300977,0.6204322767690892,0.620436432671806,0.2781161801893024,0.997584059127125,0.00022415989650850047
HFocusing_5_10_10um_0_1080.npy31.npy,P0/data/dataset_particles2SNR_clean/train/10um/HFocusing_5_10_10um_0_1080.npy31.npy,10um,806,2500,1,3,1,105893.3671875,1,peak_bin_energy_over_lowest_window_energy,2.0135750686208924,1.2538924662762039,2.3720731173291965,1.2783689468657427,0.009934565557807102,0.4399156855551283,0.44002784683501667,3.008133320906383,0.5753791606086083,0.0005005919155526214
HFocusing_5_10_10um_0_1087.npy35.npy,P0/data/dataset_particles2SNR_clean/train/10um/HFocusing_5_10_10um_0_1087.npy35.npy,10um,807,2500,1,3,1,17525.693359375,1,peak_bin_energy_over_lowest_window_energy,-0.3856500745432934,0.4546667589846733,0.5961944663621718,-1.3360447257065906,0.0004891749991486449,0.09899893896976532,0.09900014752170379,0.6862385704028258,0.6132098084449246,0.005059252315333698
HFocusing_5_10_10um_0_1099.npy38.npy,P0/data/dataset_particles2SNR_clean/train/10um/HFocusing_5_10_10um_0_1099.npy38.npy,10um,808,2500,1,3,1,10807.685546875,1,peak_bin_energy_over_lowest_window_energy,1.292501570074699,0.10054069351774551,1.296406085954008,0.02150169380898781,-0.00011423611011410362,0.08630278876512992,0.08630286437035269,-0.3506919256749019,0.8695094860963201,0.01058934844293055
HFocusing_5_10_10um_0_1108.npy41.npy,P0/data/dataset_particles2SNR_clean/train/10um/HFocusing_5_10_10um_0_1108.npy41.npy,10um,809,2500,1,3,1,34498.7890625,1,peak_bin_energy_over_lowest_window_energy,0.46095073282287186,0.21655576973900895,0.5092857542649287,-1.1308357400870805,-0.0009813085693639986,0.15657901366112886,0.15658208864873494,-0.34520898014292856,0.9210833609459153,0.003650184178456185
HFocusing_5_10_10um_0_1115.npy42.npy,P0/data/dataset_particles2SNR_clean/train/10um/HFocusing_5_10_10um_0_1115.npy42.npy,10um,810,2500,1,3,1,21833.369140625,1,peak_bin_energy_over_lowest_window_energy,0.3011045762731951,0.5284589928268965,0.6082210724335997,-1.2618203149380245,-0.00016053961128890818,0.11221762731505677,0.11221774214974994,1.2139106114439224,0.6213305410321893,0.003910821979161628
HFocusing_5_10_10um_0_112.npy45.npy,P0/data/dataset_particles2SNR_clean/train/10um/HFocusing_5_10_10um_0_112.npy45.npy,10um,811,2500,1,3,1,17026.765625,1,peak_bin_energy_over_lowest_window_energy,-0.9906202999304058,0.8335515043223102,1.294656977346584,-1.2153283822588008,-1.995639629702932e-05,0.0987766289847705,0.0987766310007218,0.5666392300332586,0.3540683753908427,0.004961304282049564
HFocusing_5_10_10um_0_1121.npy46.npy,P0/data/dataset_particles2SNR_clean/train/10um/HFocusing_5_10_10um_0_1121.npy46.npy,10um,812,2500,1,3,1,21588.021484375,1,peak_bin_energy_over_lowest_window_energy,0.518003203455652,0.19150108172600375,0.5522680355520742,-0.9649555068634039,-0.00013418749472751868,0.11921678441121078,0.11921685993026679,-0.13581453945215083,0.9139932835705041,0.005062420815235246
HFocusing_5_10_10um_0_1124.npy47.npy,P0/data/dataset_particles2SNR_clean/train/10um/HFocusing_5_10_10um_0_1124.npy47.npy,10um,813,2500,1,3,1,18817.67578125,1,peak_bin_energy_over_lowest_window_energy,-0.25381324941025635,0.15093302232303285,0.2952997507681951,-0.9616820426808825,0.00043693870018907946,0.10580247656677629,0.10580337878863305,0.14119269740033769,0.9281270245704673,0.007048986404951353
HFocusing_5_10_10um_0_1130.npy50.npy,P0/data/dataset_particles2SNR_clean/train/10um/HFocusing_5_10_10um_0_1130.npy50.npy,10um,814,2500,1,3,1,29926.884765625,1,peak_bin_energy_over_lowest_window_energy,-0.6660933121430535,0.22043080940548657,0.7016195851149405,-0.7527202508740891,-0.0003773994668527191,0.1402432631274121,0.1402437709239955,0.282418327963605,0.885535320453051,0.007676440760443926
HFocusing_5_10_10um_0_1133.npy51.npy,P0/data/dataset_particles2SNR_clean/train/10um/HFocusing_5_10_10um_0_1133.npy51.npy,10um,815,2500,1,3,1,166559.71875,1,peak_bin_energy_over_lowest_window_energy,-1.192033166748465,1.0512496675626721,1.5893611717224634,-1.6938542990912873,-0.000104486530157223,0.31728899998855437,0.3172890171927983,2.1533941133581207,0.7042761727478736,0.001332954018178513
HFocusing_5_10_10um_0_1142.npy55.npy,P0/data/dataset_particles2SNR_clean/train/10um/HFocusing_5_10_10um_0_1142.npy55.npy,10um,816,2500,1,3,1,35227.3046875,1,peak_bin_energy_over_lowest_window_energy,-1.2975944179350056,0.9319962845826703,1.5976133286662288,-1.6621269130020777,0.0004454440145544282,0.15557492102954185,0.15557555872860712,3.0851127389383572,0.4174876525086143,0.0024350379586331058
HFocusing_5_10_10um_0_1145.npy56.npy,P0/data/dataset_particles2SNR_clean/train/10um/HFocusing_5_10_10um_0_1145.npy56.npy,10um,817,2500,1,3,1,14941.3056640625,1,peak_bin_energy_over_lowest_window_energy,0.4022466446424542,0.13840043134198696,0.42539045889836413,-0.4236357805144375,-0.0005549878364005643,0.11706219757782155,0.11706351315951304,-0.21210491160853007,0.9051410251594751,0.0063104347972530546
HFocusing_5_10_10um_0_1152.npy60.npy,P0/data/dataset_particles2SNR_clean/train/10um/HFocusing_5_10_10um_0_1152.npy60.npy,10um,818,2500,1,3,1,47122.7578125,1,peak_bin_energy_over_lowest_window_energy,-0.4004398425246329,0.5180941512465819,0.6548080764904087,-0.8503672583766706,-0.0007540982178624005,0.17659878538753182,0.17660039542558703,-0.06992870076101676,0.8661735757941204,0.002730709295911291
HFocusing_5_10_10um_0_1158.npy62.npy,P0/data/dataset_particles2SNR_clean/train/10um/HFocusing_5_10_10um_0_1158.npy62.npy,10um,819,2500,1,3,1,13833.1669921875,1,peak_bin_energy_over_lowest_window_energy,0.18571158300855317,0.15006699983790023,0.23876535867644427,-1.087540802007678,-0.0010141977065676684,0.10461861104585062,0.10462352686729205,-1.0114158067104073,0.9265321385271921,0.0077331594599978366
HFocusing_5_10_10um_0_116.npy63.npy,P0/data/dataset_particles2SNR_clean/train/10um/HFocusing_5_10_10um_0_116.npy63.npy,10um,820,2500,1,3,1,10208.15234375,1,peak_bin_energy_over_lowest_window_energy,-0.6567540898686882,0.09830839786781378,0.6640711374925019,-0.04560526412328825,-0.0001118765696841363,0.08526126528979727,0.0852613386898425,0.3281074851001393,0.9265889648716638,0.010059958633682404
HFocusing_5_10_10um_0_1174.npy69.npy,P0/data/dataset_particles2SNR_clean/train/10um/HFocusing_5_10_10um_0_1174.npy69.npy,10um,821,2500,0,3,0,32564.19140625,1,peak_bin_energy_over_lowest_window_energy,0.8231446788628224,0.19727236528291195,0.8464535122760691,-0.8724636370385546,-0.0008541365854662502,0.16564213212228254,0.1656443342928527,-1.0090518695281125,0.9432514589280717,0.0034344784529687336
HFocusing_5_10_10um_0_1178.npy70.npy,P0/data/dataset_particles2SNR_clean/train/10um/HFocusing_5_10_10um_0_1178.npy70.npy,10um,822,2500,1,3,1,51672.87109375,1,peak_bin_energy_over_lowest_window_energy,0.11624849379673173,0.2211196332238028,0.24981514066813054,-0.23065853659767255,7.643738897393605e-06,0.19076256234634348,0.19076256249948345,1.177333187578209,0.978681015702197,0.0023264088060660007
HFocusing_5_10_10um_0_1181.npy71.npy,P0/data/dataset_particles2SNR_clean/train/10um/HFocusing_5_10_10um_0_1181.npy71.npy,10um,823,2500,1,3,1,14505.875,1,peak_bin_energy_over_lowest_window_energy,-0.4889647444347183,0.5048634061657342,0.7028325406420626,-1.2142342353383018,0.0009403816981786459,0.09126420586144139,0.0912690505552557,0.8484507861764383,0.555096669004353,0.0051464807873335865
HFocusing_5_10_10um_0_1187.npy72.npy,P0/data/dataset_particles2SNR_clean/train/10um/HFocusing_5_10_10um_0_1187.npy72.npy,10um,824,2500,1,3,1,523833.40625,1,peak_bin_energy_over_lowest_window_energy,-0.5756471536295,0.6729234355921964,0.8855481893442898,-0.5375646216271925,0.0005546596346203827,0.6542742738462151,0.6542745089519401,-0.32918160061845514,0.9962455185514363,0.00023591121775464775
HFocusing_5_10_10um_0_119.npy73.npy,P0/data/dataset_particles2SNR_clean/train/10um/HFocusing_5_10_10um_0_119.npy73.npy,10um,825,2500,1,3,1,10941.927734375,1,peak_bin_energy_over_lowest_window_energy,-1.7625011659550758,0.33943734030878125,1.794889430574736,-1.3913895851623623,4.7406055279648385e-05,0.08930820173859087,0.08930821432049194,-0.5154486746877134,0.6491321833939666,0.008557954515914934
HFocusing_5_10_10um_0_1197.npy74.npy,P0/data/dataset_particles2SNR_clean/train/10um/HFocusing_5_10_10um_0_1197.npy74.npy,10um,826,2500,1,3,1,12247.8681640625,1,peak_bin_energy_over_lowest_window_energy,0.24213640813045348,0.1549886254082828,0.2874917636181366,-1.2771491643636232,-0.00020621114193044755,0.09777770778177386,0.09777792522902609,-0.17888501234158127,0.9210041041313166,0.008383966629929024
HFocusing_5_10_10um_0_1207.npy77.npy,P0/data/dataset_particles2SNR_clean/train/10um/HFocusing_5_10_10um_0_1207.npy77.npy,10um,827,2500,1,3,1,11951.046875,1,peak_bin_energy_over_lowest_window_energy,-0.5991368611024923,0.19393454789109948,0.6297424768883486,-1.2473173443831906,-0.0009375461755952179,0.09475562857172734,0.09476026666728268,0.9836349691086785,0.8319896072326728,0.008377290458485866
HFocusing_5_10_10um_0_1216.npy81.npy,P0/data/dataset_particles2SNR_clean/train/10um/HFocusing_5_10_10um_0_1216.npy81.npy,10um,828,2500,1,3,1,82731.234375,1,peak_bin_energy_over_lowest_window_energy,1.5972062477298397,1.3056439754919704,2.062952735407603,-0.35806352955474985,-0.000608646126689031,0.25674355825132483,0.25674427969023755,-0.7624098606393184,0.35608992051513716,0.0009725947200093782
HFocusing_5_10_10um_0_1219.npy82.npy,P0/data/dataset_particles2SNR_clean/train/10um/HFocusing_5_10_10um_0_1219.npy82.npy,10um,829,2500,1,3,1,16247.83203125,1,peak_bin_energy_over_lowest_window_energy,0.09158828760129724,0.1659224481770514,0.1895222235908081,-1.2456082787752152,0.0009852191742313946,0.10883096368815041,0.10883542306672396,0.46925752215166616,0.917604936417471,0.0068954595648970185
HFocusing_5_10_10um_0_122.npy83.npy,P0/data/dataset_particles2SNR_clean/train/10um/HFocusing_5_10_10um_0_122.npy83.npy,10um,830,2500,1,3,1,14876.92578125,1,peak_bin_energy_over_lowest_window_energy,-0.2683176520265421,0.26367110128351645,0.37618720345208306,-1.4029031132655279,-0.0009293473750620361,0.09666273953907008,0.09666720696152152,0.35240404355084554,0.8171980094683134,0.007432211798306187
HFocusing_5_10_10um_0_1221.npy85.npy,P0/data/dataset_particles2SNR_clean/train/10um/HFocusing_5_10_10um_0_1221.npy85.npy,10um,831,2500,0,3,0,41130.83203125,1,peak_bin_energy_over_lowest_window_energy,0.14810364665753115,0.2384960508370704,0.28074019380583415,-0.9452056174265406,-0.00015928352070306175,0.2259719345847119,0.2259719907227382,-0.9225781354295455,0.9776092248902108,0.0023054087708792464
HFocusing_5_10_10um_0_1221.npy86.npy,P0/data/dataset_particles2SNR_clean/train/10um/HFocusing_5_10_10um_0_1221.npy86.npy,10um,832,2500,1,3,1,15380.380859375,1,peak_bin_energy_over_lowest_window_energy,-2.0487323753133606,0.11923583412952932,2.052199193498937,-0.3460483845147557,-0.0006886989010648886,0.09327890403037407,0.09328144640433093,0.8481194062809068,0.9149760647047348,0.010331066562954875
HFocusing_5_10_10um_0_1221.npy87.npy,P0/data/dataset_particles2SNR_clean/train/10um/HFocusing_5_10_10um_0_1221.npy87.npy,10um,833,2500,1,3,1,15129.2529296875,1,peak_bin_energy_over_lowest_window_energy,-2.0128133419843173,0.12306652333354251,2.016572071321896,-0.8286163881820032,0.0002518699106766293,0.09353838274528703,0.09353872184852491,0.8094982581136709,0.9121888155114184,0.010065370105431277
HFocusing_5_10_10um_0_1228.npy90.npy,P0/data/dataset_particles2SNR_clean/train/10um/HFocusing_5_10_10um_0_1228.npy90.npy,10um,834,2500,1,3,1,24997.0625,1,peak_bin_energy_over_lowest_window_energy,-0.7717778537765028,0.7488881546072756,1.075395054708248,-0.7367970191689861,0.00010526830149136224,0.1423291399356113,0.1423291788644413,-0.17194867988782958,0.6792287208242666,0.003815694669916478
HFocusing_5_10_10um_0_1238.npy94.npy,P0/data/dataset_particles2SNR_clean/train/10um/HFocusing_5_10_10um_0_1238.npy94.npy,10um,835,2500,1,3,1,20623.89453125,1,peak_bin_energy_over_lowest_window_energy,-0.026516960148330146,0.519371067159549,0.5200475503047359,-1.3341692946461061,4.897626469108651e-06,0.10538544356263159,0.10538544367643643,0.7683719633230615,0.567626832111891,0.0037304468055211044
HFocusing_5_10_10um_0_1241.npy95.npy,P0/data/dataset_particles2SNR_clean/train/10um/HFocusing_5_10_10um_0_1241.npy95.npy,10um,836,2500,1,3,1,32984.390625,1,peak_bin_energy_over_lowest_window_energy,1.4983165433928052,0.30214322252142944,1.5284773439996413,-1.5070266666088852,-0.0016993672158217244,0.1416362794843851,0.14164647371224268,1.2336539793864238,0.8930660671298876,0.0036571895551241935
HFocusing_5_10_10um_0_1248.npy97.npy,P0/data/dataset_particles2SNR_clean/train/10um/HFocusing_5_10_10um_0_1248.npy97.npy,10um,837,2500,1,3,1,18775.22265625,1,peak_bin_energy_over_lowest_window_energy,-1.1152845990235125,0.13892249296469797,1.1239035527439902,-0.8124621302378072,-0.0008296356340750593,0.11118598387443601,0.11118907907439324,-0.2825948302053818,0.9301870153326545,0.006639621971764195
HFocusing_5_10_10um_0_1261.npy100.npy,P0/data/dataset_particles2SNR_clean/train/10um/HFocusing_5_10_10um_0_1261.npy100.npy,10um,838,2500,1,3,1,13279.2734375,1,peak_bin_energy_over_lowest_window_energy,-0.6507582185922383,0.3200340764182522,0.7251951938162767,-1.03855918441244,8.864767041263164e-05,0.09068824262219259,0.09068828594868877,-0.04598866864994022,0.7433663576527846,0.007753669818048438
HFocusing_5_10_10um_0_1264.npy101.npy,P0/data/dataset_particles2SNR_clean/train/10um/HFocusing_5_10_10um_0_1264.npy101.npy,10um,839,2500,1,3,1,354044.375,1,peak_bin_energy_over_lowest_window_energy,1.3839793816938155,1.0603740651179403,1.7434999532343962,-1.5184573828184562,0.0016286777799363193,0.44833395606619936,0.44833691433260286,0.34315589845860295,0.8659278663456191,0.0007971165365910907
HFocusing_5_10_10um_0_1266.npy102.npy,P0/data/dataset_particles2SNR_clean/train/10um/HFocusing_5_10_10um_0_1266.npy102.npy,10um,840,2500,0,3,0,21834.697265625,1,peak_bin_energy_over_lowest_window_energy,-1.0156032611065196,0.15397168925282206,1.0272084817901206,-1.033879349700547,0.0019501315285462212,0.14426295462893934,0.1442761348638438,-1.1348018818875945,0.9561232915662827,0.0042879665723944155
HFocusing_5_10_10um_0_1270.npy103.npy,P0/data/dataset_particles2SNR_clean/train/10um/HFocusing_5_10_10um_0_1270.npy103.npy,10um,841,2500,1,3,1,177201.96875,1,peak_bin_energy_over_lowest_window_energy,2.3138365006448804,0.33766233951554564,2.3383445441687285,0.8768622944501878,-0.0001250268417181612,0.3326892304316365,0.3326892539245981,1.0598006264547477,0.9909826623941325,0.0011956792532773753
HFocusing_5_10_10um_0_1286.npy108.npy,P0/data/dataset_particles2SNR_clean/train/10um/HFocusing_5_10_10um_0_1286.npy108.npy,10um,842,2500,1,3,1,9586.0498046875,1,peak_bin_energy_over_lowest_window_energy,-0.013359632767741355,0.09403715274750857,0.09498139757103582,0.22675802045157178,-0.0011232139515422656,0.087811646789005,0.08781883010708984,0.3806164028544341,0.9294247240474401,0.010583538936998168
HFocusing_5_10_10um_0_1301.npy112.npy,P0/data/dataset_particles2SNR_clean/train/10um/HFocusing_5_10_10um_0_1301.npy112.npy,10um,843,2500,1,3,1,25761.86328125,1,peak_bin_energy_over_lowest_window_energy,-0.3784437196401786,0.17206043790255895,0.4157215934087553,-0.9423550797791247,-0.0012382351253818456,0.14076014204042148,0.14076558817219983,-0.7237758024470136,0.9409878143352207,0.004227757894063341
HFocusing_5_10_10um_0_1311.npy115.npy,P0/data/dataset_particles2SNR_clean/train/10um/HFocusing_5_10_10um_0_1311.npy115.npy,10um,844,2500,1,3,1,17128.40234375,1,peak_bin_energy_over_lowest_window_energy,-0.2756586004223961,0.15303344504378033,0.31528859682646626,-0.9044790189587562,0.0007244798716819204,0.11216460798057226,0.11216694769191113,0.4844122559233246,0.9444938502424888,0.006226294756577002
HFocusing_5_10_10um_0_1315.npy116.npy,P0/data/dataset_particles2SNR_clean/train/10um/HFocusing_5_10_10um_0_1315.npy116.npy,10um,845,2500,1,3,1,22124.00390625,1,peak_bin_energy_over_lowest_window_energy,0.7976893546370715,0.19449720784537694,0.8210587496403382,-0.9599558420895047,-0.0006480768541401513,0.12916793092814882,0.1291695567224255,0.7495426150384681,0.9232637429378655,0.004337587099745487
HFocusing_5_10_10um_0_1332.npy121.npy,P0/data/dataset_particles2SNR_clean/train/10um/HFocusing_5_10_10um_0_1332.npy121.npy,10um,846,2500,1,3,1,16163.7783203125,1,peak_bin_energy_over_lowest_window_energy,-0.4868969403714498,0.13029523029318643,0.5040292427828307,0.1622694469907775,-0.0007216796776118677,0.12519401909109618,0.12519609913147786,0.2685802008908702,0.967276286248776,0.005818965275243773
HFocusing_5_10_10um_0_1362.npy128.npy,P0/data/dataset_particles2SNR_clean/train/10um/HFocusing_5_10_10um_0_1362.npy128.npy,10um,847,2500,1,3,1,15773.8544921875,1,peak_bin_energy_over_lowest_window_energy,-0.9246758043347115,0.1145859841607696,0.93174851268362,-0.4418391932668788,-0.0006007366412187432,0.09006047740496884,0.0900624809502992,1.1610273909362157,0.9282057609862727,0.009862322811446177
HFocusing_5_10_10um_0_1362.npy130.npy,P0/data/dataset_particles2SNR_clean/train/10um/HFocusing_5_10_10um_0_1362.npy130.npy,10um,848,2500,1,3,1,8642.3525390625,1,peak_bin_energy_over_lowest_window_energy,-0.8069495915089802,0.10641476727687402,0.8139359593549735,-0.8470711516888709,-0.0001899587910441669,0.07970148859246662,0.07970171496396664,0.020440507021920684,0.8540213555913994,0.01228452674770048
HFocusing_5_10_10um_0_1390.npy139.npy,P0/data/dataset_particles2SNR_clean/train/10um/HFocusing_5_10_10um_0_1390.npy139.npy,10um,849,2500,1,3,1,14329.51171875,1,peak_bin_energy_over_lowest_window_energy,-0.6069615707421395,0.11325724434412537,0.6174378930339391,0.4906780164954787,-0.0008118265839933405,0.10426957346773216,0.10427273379721695,0.7909961962147882,0.9520548988234555,0.006800338954955192
HFocusing_5_10_10um_0_1397.npy142.npy,P0/data/dataset_particles2SNR_clean/train/10um/HFocusing_5_10_10um_0_1397.npy142.npy,10um,850,2500,1,3,1,20024.25390625,1,peak_bin_energy_over_lowest_window_energy,-1.1426845589414323,0.13485997114960907,1.1506151455033298,-0.5989185593732098,0.0017536082224934248,0.12879978304924966,0.12881172017845183,-0.8297685870229845,0.9429903099895494,0.005532488554908599
HFocusing_5_10_10um_0_1407.npy144.npy,P0/data/dataset_particles2SNR_clean/train/10um/HFocusing_5_10_10um_0_1407.npy144.npy,10um,851,2500,1,3,1,12017.8046875,1,peak_bin_energy_over_lowest_window_energy,-0.4014388992591554,0.10222193719783779,0.414249338301078,-0.45940778118285897,-0.00013467291531456187,0.0895362352917672,0.08953633657357675,0.18012505681802704,0.9154047146457368,0.00861756877447311
HFocusing_5_10_10um_0_1411.npy146.npy,P0/data/dataset_particles2SNR_clean/train/10um/HFocusing_5_10_10um_0_1411.npy146.npy,10um,852,2500,1,3,1,34446.3046875,1,peak_bin_energy_over_lowest_window_energy,0.5730377737415653,0.2473947798690073,0.6241606101326197,-1.401652567451892,-0.0010384914140187905,0.13532858953691024,0.1353325740923689,0.6475237399590124,0.928169173110495,0.003950571472307062
HFocusing_5_10_10um_0_1421.npy150.npy,P0/data/dataset_particles2SNR_clean/train/10um/HFocusing_5_10_10um_0_1421.npy150.npy,10um,853,2500,1,3,1,16323.6806640625,1,peak_bin_energy_over_lowest_window_energy,0.3407929277312594,0.2108337397624566,0.4007376765589513,-1.2401334679135614,0.00024859458735677437,0.1125051575427931,0.11250543219328371,-0.6349966825497413,0.886237603234994,0.006297680313074982
HFocusing_5_10_10um_0_144.npy158.npy,P0/data/dataset_particles2SNR_clean/train/10um/HFocusing_5_10_10um_0_144.npy158.npy,10um,854,2500,1,3,1,24299.380859375,1,peak_bin_energy_over_lowest_window_energy,-0.11648518345604407,0.2064514040983656,0.23704636723429215,-1.4665587353516754,0.0001734090987432654,0.11148784014707308,0.11148797500795701,1.6865594189035358,0.9124182243912462,0.006158435948890957
HFocusing_5_10_10um_0_1443.npy159.npy,P0/data/dataset_particles2SNR_clean/train/10um/HFocusing_5_10_10um_0_1443.npy159.npy,10um,855,2500,1,3,1,9843.486328125,1,peak_bin_energy_over_lowest_window_energy,1.0190867949644338,0.10656446456637474,1.024643294409913,0.6106413529707524,-0.0005785961356978374,0.09517808205674959,0.09517984070952001,0.3803027345936205,0.9138687095564468,0.008607163879128852
HFocusing_5_10_10um_0_1466.npy166.npy,P0/data/dataset_particles2SNR_clean/train/10um/HFocusing_5_10_10um_0_1466.npy166.npy,10um,856,2500,1,3,1,12618.6142578125,1,peak_bin_energy_over_lowest_window_energy,-0.09480901635474917,0.14524974915990513,0.1734538532670014,-1.2179508676286799,-5.0561705596455476e-05,0.09742672952395122,0.09742674264399494,-0.7322516706362667,0.9220657424339175,0.00881200464872487
HFocusing_5_10_10um_0_1473.npy168.npy,P0/data/dataset_particles2SNR_clean/train/10um/HFocusing_5_10_10um_0_1473.npy168.npy,10um,857,2500,1,3,1,17712.3125,1,peak_bin_energy_over_lowest_window_energy,0.7785277591888417,0.10182768941694911,0.7851588056944873,0.8698193199198228,0.00011934409469058606,0.09532617062241487,0.09532624532911536,1.2710401571945305,0.9489954792365485,0.008804253378542275
HFocusing_5_10_10um_0_1480.npy170.npy,P0/data/dataset_particles2SNR_clean/train/10um/HFocusing_5_10_10um_0_1480.npy170.npy,10um,858,2500,1,3,1,10036.8369140625,1,peak_bin_energy_over_lowest_window_energy,-0.1749728429636838,0.15291461768999615,0.2323755066225174,-0.9693909026898768,0.0007724208432517736,0.08215012925046151,0.08215376053368843,-0.2817988743004598,0.8690031963669471,0.011291981838271013
HFocusing_5_10_10um_0_1490.npy173.npy,P0/data/dataset_particles2SNR_clean/train/10um/HFocusing_5_10_10um_0_1490.npy173.npy,10um,859,2500,1,3,1,1159090.125,1,peak_bin_energy_over_lowest_window_energy,0.7850787718526313,0.8906804251261468,1.1872911596219897,-0.6027930742513967,-0.0049865052685273414,0.8886174937106328,0.8886314845667801,-0.5434657482666396,0.9977773891734537,0.0001353393602479486
HFocusing_5_10_10um_0_1497.npy174.npy,P0/data/dataset_particles2SNR_clean/train/10um/HFocusing_5_10_10um_0_1497.npy174.npy,10um,860,2500,1,3,1,18774.125,1,peak_bin_energy_over_lowest_window_energy,0.8152754150583655,0.1592200850598326,0.8306774571908466,0.5708479921433116,-0.0004870000750279333,0.14062198617817773,0.1406228294615376,1.520235059403042,0.9399590366408554,0.0040937201578716735
HFocusing_5_10_10um_0_150.npy176.npy,P0/data/dataset_particles2SNR_clean/train/10um/HFocusing_5_10_10um_0_150.npy176.npy,10um,861,2500,1,3,1,77352.625,1,peak_bin_energy_over_lowest_window_energy,1.0964132519114935,1.2071134863431165,1.630719162786336,-1.4531592471090857,0.0006275311425167573,0.21331338998565108,0.21331431302776027,0.6611850107160056,0.5473228626316983,0.0020985569713889646
HFocusing_5_10_10um_0_1500.npy177.npy,P0/data/dataset_particles2SNR_clean/train/10um/HFocusing_5_10_10um_0_1500.npy177.npy,10um,862,2500,1,3,1,6718.81640625,1,peak_bin_energy_over_lowest_window_energy,1.0853636798609478,0.09972889111792324,1.0899358555827534,-0.8149755583382823,0.00022254803283347808,0.06833001148800637,0.06833037390193325,-0.11284041469699391,0.7866920965785301,0.015161358214850665
HFocusing_5_10_10um_0_1514.npy183.npy,P0/data/dataset_particles2SNR_clean/train/10um/HFocusing_5_10_10um_0_1514.npy183.npy,10um,863,2500,1,3,1,12661.701171875,1,peak_bin_energy_over_lowest_window_energy,-0.5878995645988081,0.1321553449801241,0.6025702724681028,-0.7861979881362515,-0.0012534926553674857,0.08824763943885205,0.08825654145935415,0.33986111127782603,0.9228678965419822,0.009537166544387939
HFocusing_5_10_10um_0_1520.npy187.npy,P0/data/dataset_particles2SNR_clean/train/10um/HFocusing_5_10_10um_0_1520.npy187.npy,10um,864,2500,1,3,1,15378.7109375,1,peak_bin_energy_over_lowest_window_energy,-0.31785673590130664,0.16897908005508389,0.3599817134995824,-1.2395100538518087,0.0016358387995911259,0.09852340956934864,0.09853698900285043,-0.1382731358979572,0.882011356025616,0.007420308170931735
HFocusing_5_10_10um_0_1523.npy188.npy,P0/data/dataset_particles2SNR_clean/train/10um/HFocusing_5_10_10um_0_1523.npy188.npy,10um,865,2500,1,3,1,33649.05078125,1,peak_bin_energy_over_lowest_window_energy,-0.060626580598238965,0.17867035283218335,0.1886761173445427,-0.7835014702999334,0.0002352519908844826,0.17172882995456903,0.17172899109080125,-0.7554667949947107,0.9787872187546086,0.003498762534006
HFocusing_5_10_10um_0_1538.npy193.npy,P0/data/dataset_particles2SNR_clean/train/10um/HFocusing_5_10_10um_0_1538.npy193.npy,10um,866,2500,1,3,1,8840.25,1,peak_bin_energy_over_lowest_window_energy,-1.0250752610013278,0.17947224698050274,1.0406678519840857,-1.2650768957120657,-0.00027123838631250887,0.09077482928955997,0.09077523452358009,-0.1498082199400863,0.875347257231613,0.010156438469925734
HFocusing_5_10_10um_0_1541.npy195.npy,P0/data/dataset_particles2SNR_clean/train/10um/HFocusing_5_10_10um_0_1541.npy195.npy,10um,867,2500,1,3,1,17326.087890625,1,peak_bin_energy_over_lowest_window_energy,-0.5249703956452957,0.13395472495608293,0.5417912740549059,-0.5590475557974592,0.0008775822020387816,0.09400180312193865,0.09400589949943061,1.5084131060386436,0.9342002303241379,0.007832968204931356
HFocusing_5_10_10um_0_1541.npy196.npy,P0/data/dataset_particles2SNR_clean/train/10um/HFocusing_5_10_10um_0_1541.npy196.npy,10um,868,2500,1,3,1,10816.103515625,1,peak_bin_energy_over_lowest_window_energy,1.068711751803269,0.3978945020150217,1.140379254097598,-1.1808054177458642,-0.0009579022296750365,0.11230246286795038,0.1123065480855368,0.2754231807415919,0.6997519106869122,0.005519378868782804
HFocusing_5_10_10um_0_1547.npy198.npy,P0/data/dataset_particles2SNR_clean/train/10um/HFocusing_5_10_10um_0_1547.npy198.npy,10um,869,2500,1,3,1,307695.03125,1,peak_bin_energy_over_lowest_window_energy,1.384010604204083,1.3992557168683717,1.968096012327186,-1.4660034491013885,0.0003808964734772104,0.46180767042386306,0.4618078275045138,0.6900552925692467,0.7546984447798553,0.0006768010399938885
HFocusing_5_10_10um_0_1550.npy199.npy,P0/data/dataset_particles2SNR_clean/train/10um/HFocusing_5_10_10um_0_1550.npy199.npy,10um,870,2500,1,3,1,24675.884765625,1,peak_bin_energy_over_lowest_window_energy,-0.02066280187725764,0.16549913091296922,0.16678403315175863,-0.8859195345906801,0.0011619369699951215,0.13915578231077624,0.1391606332554088,-0.8609024807205041,0.9465638302194145,0.004589553908944164
HFocusing_5_10_10um_0_1554.npy200.npy,P0/data/dataset_particles2SNR_clean/train/10um/HFocusing_5_10_10um_0_1554.npy200.npy,10um,871,2500,1,3,1,23018.80078125,1,peak_bin_energy_over_lowest_window_energy,-0.2146835029400283,0.15523558805314217,0.26492847003069714,-1.0587128499296639,-0.0006345208222037199,0.11826309873072469,0.11826480092600225,0.11111622636601304,0.9390346007280133,0.0053648100689504125
HFocusing_5_10_10um_0_1557.npy201.npy,P0/data/dataset_particles2SNR_clean/train/10um/HFocusing_5_10_10um_0_1557.npy201.npy,10um,872,2500,1,3,1,17391.03125,1,peak_bin_energy_over_lowest_window_energy,0.30193464878990306,0.12954316138625693,0.3285513092377322,-0.73727532743096,1.4281103519832694e-05,0.10238245373325358,0.10238245472927344,0.04750182881091325,0.9240782701264718,0.007299460197914281
HFocusing_5_10_10um_0_1560.npy202.npy,P0/data/dataset_particles2SNR_clean/train/10um/HFocusing_5_10_10um_0_1560.npy202.npy,10um,873,2500,1,3,1,14266.302734375,1,peak_bin_energy_over_lowest_window_energy,0.04256636342086025,0.1231858856860737,0.1303328727801976,-0.7653630397361328,0.0008126235212073922,0.09051590826247442,0.09051955592891466,0.5272606851525463,0.9231378551923135,0.009150695230314186
HFocusing_5_10_10um_0_1563.npy203.npy,P0/data/dataset_particles2SNR_clean/train/10um/HFocusing_5_10_10um_0_1563.npy203.npy,10um,874,2500,1,3,1,22806.873046875,1,peak_bin_energy_over_lowest_window_energy,0.09818690500800252,0.17163528333718625,0.1977355274129733,-1.1282152346352332,-0.0008116925560666708,0.14421801434081208,0.14422029852004972,-1.1825910813585683,0.9620679503007812,0.0047474639216840385
HFocusing_5_10_10um_0_1565.npy204.npy,P0/data/dataset_particles2SNR_clean/train/10um/HFocusing_5_10_10um_0_1565.npy204.npy,10um,875,2500,1,3,1,38920.56640625,1,peak_bin_energy_over_lowest_window_energy,-0.7623608634618446,0.20917301573771627,0.7905361703623056,-1.154914999514177,0.00046259347946170273,0.17843423754147905,0.1784348371807933,-0.7359635184644149,0.9675382147996132,0.0029447710863586005
HFocusing_5_10_10um_0_157.npy207.npy,P0/data/dataset_particles2SNR_clean/train/10um/HFocusing_5_10_10um_0_157.npy207.npy,10um,876,2500,1,3,1,14021.6044921875,1,peak_bin_energy_over_lowest_window_energy,-1.3222396287054201,0.6016674995458152,1.4526945362769015,-1.2866597813590275,-0.00014605260744653917,0.09636032793701313,0.0963604386223561,0.13978706340958214,0.4692823151676502,0.004450941259309459
HFocusing_5_10_10um_0_1572.npy208.npy,P0/data/dataset_particles2SNR_clean/train/10um/HFocusing_5_10_10um_0_1572.npy208.npy,10um,877,2500,1,3,1,59774.203125,1,peak_bin_energy_over_lowest_window_energy,-0.1405444930425278,0.2896090604401937,0.3219101775552195,-0.8053801977246406,0.0010823200178704017,0.1958746302386292,0.19587762043618154,-0.11998621457014247,0.9585093295218201,0.002150342602572397
HFocusing_5_10_10um_0_1575.npy209.npy,P0/data/dataset_particles2SNR_clean/train/10um/HFocusing_5_10_10um_0_1575.npy209.npy,10um,878,2500,1,3,1,10198.037109375,1,peak_bin_energy_over_lowest_window_energy,-1.3417394050457645,0.12269462435730981,1.347337597597107,-0.8423132307851353,-0.00029006111888251526,0.07820235024293495,0.07820288817538235,0.25519626408655016,0.8052700627306614,0.010337441127396667
HFocusing_5_10_10um_0_160.npy217.npy,P0/data/dataset_particles2SNR_clean/train/10um/HFocusing_5_10_10um_0_160.npy217.npy,10um,879,2500,1,3,1,11649.90234375,1,peak_bin_energy_over_lowest_window_energy,-0.060907212374491586,0.17293430938784357,0.1833465676872131,-1.321034927490578,0.0014092131746574065,0.08511094294104374,0.0851226085719019,0.38411006674474724,0.8085783921596563,0.009364490658542361
HFocusing_5_10_10um_0_1604.npy218.npy,P0/data/dataset_particles2SNR_clean/train/10um/HFocusing_5_10_10um_0_1604.npy218.npy,10um,880,2500,1,3,1,22565.72265625,1,peak_bin_energy_over_lowest_window_energy,-0.08132197929416089,0.12699429569901416,0.1508005817508957,-0.05595688775895313,-9.511828166101495e-05,0.11414909454189323,0.11414913417201897,0.274376529642649,0.954410278158315,0.00589183844503787
HFocusing_5_10_10um_0_1608.npy219.npy,P0/data/dataset_particles2SNR_clean/train/10um/HFocusing_5_10_10um_0_1608.npy219.npy,10um,881,2500,1,3,1,16832.576171875,1,peak_bin_energy_over_lowest_window_energy,1.061788991980305,0.1568773588011971,1.0733155962693322,-1.0901243694739937,0.00041049965310988875,0.10230313574470395,0.10230395932301216,0.6851766920369435,0.8757018149071194,0.006781513070758047
HFocusing_5_10_10um_0_1614.npy220.npy,P0/data/dataset_particles2SNR_clean/train/10um/HFocusing_5_10_10um_0_1614.npy220.npy,10um,882,2500,1,3,1,16439.23828125,1,peak_bin_energy_over_lowest_window_energy,0.2013842377060344,0.12630092897533354,0.23771313774478856,0.5157242221177611,0.0010933175030176615,0.12065071701124022,0.12065567064373219,0.6717789599498323,0.9581562804898626,0.005444409159892273
HFocusing_5_10_10um_0_1617.npy221.npy,P0/data/dataset_particles2SNR_clean/train/10um/HFocusing_5_10_10um_0_1617.npy221.npy,10um,883,2500,1,3,1,15043.59765625,1,peak_bin_energy_over_lowest_window_energy,-0.8443006196137222,0.1702033740275724,0.8612855071406258,-1.21746419649208,0.0007887198491603254,0.09409746000449931,0.09410076545012164,0.29306023411102533,0.9001059538156695,0.008203597527636204
HFocusing_5_10_10um_0_1621.npy222.npy,P0/data/dataset_particles2SNR_clean/train/10um/HFocusing_5_10_10um_0_1621.npy222.npy,10um,884,2500,1,3,1,207460.890625,1,peak_bin_energy_over_lowest_window_energy,1.2230460932556402,1.3824751354217706,1.8458275234396435,-1.592345581584702,-0.0006926099507746794,0.32017004744151684,0.32017079658714515,1.351900532639979,0.63634717383014,0.0010363379059616404
HFocusing_5_10_10um_0_1628.npy225.npy,P0/data/dataset_particles2SNR_clean/train/10um/HFocusing_5_10_10um_0_1628.npy225.npy,10um,885,2500,1,3,1,18338.986328125,1,peak_bin_energy_over_lowest_window_energy,0.3248952832285947,0.13181036290028406,0.3506150550562445,-0.7749452868044111,0.0002838296156635021,0.09994695751020431,0.09994736051941198,1.114607148623536,0.8963009345355362,0.006874419988150502
HFocusing_5_10_10um_0_1631.npy226.npy,P0/data/dataset_particles2SNR_clean/train/10um/HFocusing_5_10_10um_0_1631.npy226.npy,10um,886,2500,1,3,1,15897.564453125,1,peak_bin_energy_over_lowest_window_energy,-1.3069522373663636,0.1959090461247866,1.321553822252604,-1.1926377016486964,0.0004542982513320254,0.09746203426671757,0.09746309306762221,0.2893305898048397,0.8843252590524019,0.007122837129725396
HFocusing_5_10_10um_0_1638.npy230.npy,P0/data/dataset_particles2SNR_clean/train/10um/HFocusing_5_10_10um_0_1638.npy230.npy,10um,887,2500,1,3,1,27881.66015625,1,peak_bin_energy_over_lowest_window_energy,-1.81088168270112,0.2031952184322107,1.822246077108181,-0.8059954636034958,-0.00028357635650016436,0.14611171567221623,0.14611199085711113,-0.5953318472514253,0.9342345956861856,0.004973382863780419
HFocusing_5_10_10um_0_164.npy233.npy,P0/data/dataset_particles2SNR_clean/train/10um/HFocusing_5_10_10um_0_164.npy233.npy,10um,888,2500,1,3,1,5749.3349609375,1,peak_bin_energy_over_lowest_window_energy,0.7909713506118182,0.16190830186779823,0.8073722658739263,-1.052973668880442,0.0004273117160450374,0.06667365311138522,0.06667502241859388,-0.15627234708036886,0.7502043275346175,0.01564973625721905
HFocusing_5_10_10um_0_1653.npy241.npy,P0/data/dataset_particles2SNR_clean/train/10um/HFocusing_5_10_10um_0_1653.npy241.npy,10um,889,2500,2,3,1,11045.0537109375,1,peak_bin_energy_over_lowest_window_energy,2.1511963352027377,0.9159486858207874,2.338077771941412,0.007720531133375452,0.0005262563392505375,0.08171378559115756,0.08171548018198431,0.7162295949533344,0.1182013176832765,0.00275524143082388
HFocusing_5_10_10um_0_1658.npy243.npy,P0/data/dataset_particles2SNR_clean/train/10um/HFocusing_5_10_10um_0_1658.npy243.npy,10um,890,2500,1,3,1,377428.8125,1,peak_bin_energy_over_lowest_window_energy,1.894446077376579,0.9333857997441122,2.1119031680575375,-1.2643403115922318,-0.0004680533253749729,0.453533022263594,0.4535332637827848,0.4925259353278979,0.90253663154962,0.0008800517787152138
HFocusing_5_10_10um_0_1661.npy245.npy,P0/data/dataset_particles2SNR_clean/train/10um/HFocusing_5_10_10um_0_1661.npy245.npy,10um,891,2500,1,3,1,18570.984375,1,peak_bin_energy_over_lowest_window_energy,0.7759606744635185,0.16465479167908098,0.7932377756617242,-0.7731195566429849,-0.0005078253003180027,0.1446532936587046,0.14465418505127,-0.5132410316232185,0.9545588572079649,0.004739882397072698
HFocusing_5_10_10um_0_1687.npy255.npy,P0/data/dataset_particles2SNR_clean/train/10um/HFocusing_5_10_10um_0_1687.npy255.npy,10um,892,2500,1,3,1,32961.19921875,1,peak_bin_energy_over_lowest_window_energy,-0.36613772408455725,0.20732962583545445,0.42076407492428447,-0.6108315235865334,-0.0012006653842244936,0.15526090191765943,0.15526554434790077,-0.13853167532814226,0.92482152143112,0.003606369835620742
HFocusing_5_10_10um_0_1695.npy260.npy,P0/data/dataset_particles2SNR_clean/train/10um/HFocusing_5_10_10um_0_1695.npy260.npy,10um,893,2500,1,3,1,9360.9638671875,1,peak_bin_energy_over_lowest_window_energy,0.26528070465654446,0.09284569337749905,0.281059024124509,-0.10868659387977475,0.0018786161448394797,0.07798025548635032,0.07800288100023049,0.7184207289402997,0.9027305516313227,0.014062043184468583
HFocusing_5_10_10um_0_1695.npy261.npy,P0/data/dataset_particles2SNR_clean/train/10um/HFocusing_5_10_10um_0_1695.npy261.npy,10um,894,2500,1,3,1,9164.53515625,1,peak_bin_energy_over_lowest_window_energy,0.06826529199324495,0.098589926927807,0.11991715382943892,-0.6926027489280822,-0.00045435458898526287,0.07077588455287286,0.07077734293072975,0.9273743164368335,0.86600720338381,0.014814732057610918
HFocusing_5_10_10um_0_1704.npy263.npy,P0/data/dataset_particles2SNR_clean/train/10um/HFocusing_5_10_10um_0_1704.npy263.npy,10um,895,2500,1,3,1,51212.3671875,1,peak_bin_energy_over_lowest_window_energy,0.01859812081517633,0.16754413268454105,0.16857320811704032,0.7140561009733108,-0.0013757955747154868,0.16322921809850666,0.16323501601835697,0.730829301713301,0.9736951489613022,0.0033252320919196486
HFocusing_5_10_10um_0_1716.npy265.npy,P0/data/dataset_particles2SNR_clean/train/10um/HFocusing_5_10_10um_0_1716.npy265.npy,10um,896,2500,1,3,1,20264.728515625,1,peak_bin_energy_over_lowest_window_energy,0.32698832879989054,0.17984693905390842,0.3731839876768637,-1.0433145990621622,-0.0005794564494240965,0.10660753902208692,0.10660911380422672,0.44102834752853726,0.8761501823709177,0.006600575544428905
HFocusing_5_10_10um_0_1716.npy266.npy,P0/data/dataset_particles2SNR_clean/train/10um/HFocusing_5_10_10um_0_1716.npy266.npy,10um,897,2500,1,3,1,26747.64453125,1,peak_bin_energy_over_lowest_window_energy,-1.2282788254812675,0.32754993320880943,1.2712033007629966,-1.1176822295338311,0.0016359814471414839,0.15212342777265075,0.1521322244384676,-1.0903373771006788,0.8418108236982558,0.00392312205954232
HFocusing_5_10_10um_0_172.npy267.npy,P0/data/dataset_particles2SNR_clean/train/10um/HFocusing_5_10_10um_0_172.npy267.npy,10um,898,2500,1,3,1,165414.046875,1,peak_bin_energy_over_lowest_window_energy,1.2948550570839488,1.623026120944014,2.07626188331878,-1.6445128729429557,-0.0001386201903925439,0.3141219963075412,0.31412202689367724,0.2916501443771198,0.5077889934902478,0.0008699757977108264
HFocusing_5_10_10um_0_1724.npy268.npy,P0/data/dataset_particles2SNR_clean/train/10um/HFocusing_5_10_10um_0_1724.npy268.npy,10um,899,2500,1,3,1,9255.5185546875,1,peak_bin_energy_over_lowest_window_energy,0.23931279413872503,0.1666047905528558,0.29159521545053635,-1.3353727895109164,-4.1221688730184704e-05,0.07810064242374441,0.07810065330219208,0.35253547125358464,0.8104007400837895,0.010665695639956091
HFocusing_5_10_10um_0_1730.npy270.npy,P0/data/dataset_particles2SNR_clean/train/10um/HFocusing_5_10_10um_0_1730.npy270.npy,10um,900,2500,1,3,1,8046.01904296875,1,peak_bin_energy_over_lowest_window_energy,-0.623348042321215,1.4231759311564718,1.5537028393128403,-1.7075434366278948,-0.0012750423727201292,0.07800034126341172,0.0780107618874532,2.13095128065409,0.06443272667681234,0.001376466765731307
HFocusing_5_10_10um_0_1733.npy271.npy,P0/data/dataset_particles2SNR_clean/train/10um/HFocusing_5_10_10um_0_1733.npy271.npy,10um,901,2500,1,3,1,7749.5673828125,1,peak_bin_energy_over_lowest_window_energy,0.46701688697333577,0.27608339058693315,0.5425189501540407,-1.0781346239928506,-0.000245371124043835,0.09548576989255615,0.0954860851588476,-0.15593888061036543,0.6867261328547957,0.00812838862641413
HFocusing_5_10_10um_0_1747.npy279.npy,P0/data/dataset_particles2SNR_clean/train/10um/HFocusing_5_10_10um_0_1747.npy279.npy,10um,902,2500,1,3,1,17594.8984375,1,peak_bin_energy_over_lowest_window_energy,-0.24633336972728512,0.16628900230775562,0.2972072699812508,-1.1570524735062009,0.0006634647418549177,0.10077886864607231,0.10078105253987965,1.7776154069897236,0.9082777054006188,0.007033351125621596
HFocusing_5_10_10um_0_1751.npy281.npy,P0/data/dataset_particles2SNR_clean/train/10um/HFocusing_5_10_10um_0_1751.npy281.npy,10um,903,2500,1,3,1,18280.9921875,1,peak_bin_energy_over_lowest_window_energy,-0.9506157906556464,0.17886802465160156,0.9672973439881998,-0.9818415159460203,0.0001294321338210386,0.09774207557706041,0.09774216127541406,0.8874890521712016,0.8494235352345822,0.007076199550617132
HFocusing_5_10_10um_0_1754.npy282.npy,P0/data/dataset_particles2SNR_clean/train/10um/HFocusing_5_10_10um_0_1754.npy282.npy,10um,904,2500,1,3,1,20545.83203125,1,peak_bin_energy_over_lowest_window_energy,0.7430770068788336,0.16807978175553256,0.7618492312701994,-1.282462856726277,0.0010776316620338194,0.11298978936466175,0.11299492816347842,0.15979206592981487,0.916388025588148,0.005397805223195322
HFocusing_5_10_10um_0_1762.npy287.npy,P0/data/dataset_particles2SNR_clean/train/10um/HFocusing_5_10_10um_0_1762.npy287.npy,10um,905,2500,1,3,1,11559.546875,1,peak_bin_energy_over_lowest_window_energy,-0.32471415472981474,0.14831115631947234,0.35698106584343803,-1.0580740777733666,-0.00032165025775956606,0.0839014896027478,0.08390210615025295,0.8595223155053873,0.8430492539731593,0.010505404007137566
HFocusing_5_10_10um_0_1772.npy293.npy,P0/data/dataset_particles2SNR_clean/train/10um/HFocusing_5_10_10um_0_1772.npy293.npy,10um,906,2500,1,3,1,18553.26953125,1,peak_bin_energy_over_lowest_window_energy,1.3948961076664024,0.5670206899902069,1.5057382289295342,-1.3132078337893653,-0.0006814564800287661,0.11022362732041288,0.11022573384923977,1.0620063849062618,0.585466454453863,0.003950945417228162
HFocusing_5_10_10um_0_1794.npy306.npy,P0/data/dataset_particles2SNR_clean/train/10um/HFocusing_5_10_10um_0_1794.npy306.npy,10um,907,2500,1,3,1,15676.2197265625,1,peak_bin_energy_over_lowest_window_energy,0.8114107108273522,0.10803405279744477,0.8185711320399651,0.20029133816406075,-0.000394515337961791,0.09801201419137481,0.09801280818445181,0.5582906889186781,0.9309944817406397,0.007943686277891738
HFocusing_5_10_10um_0_1797.npy308.npy,P0/data/dataset_particles2SNR_clean/train/10um/HFocusing_5_10_10um_0_1797.npy308.npy,10um,908,2500,1,3,1,11682.0595703125,1,peak_bin_energy_over_lowest_window_energy,1.6591760407639333,0.16256660909592213,1.6671211823493899,-1.1430461787225166,9.540260506401031e-05,0.0914088542413506,0.0914089040267606,0.1617397131562317,0.8849981957603545,0.009007299401146274
HFocusing_5_10_10um_0_1807.npy312.npy,P0/data/dataset_particles2SNR_clean/train/10um/HFocusing_5_10_10um_0_1807.npy312.npy,10um,909,2500,2,3,1,14170.9453125,1,peak_bin_energy_over_lowest_window_energy,1.2369083874915396,0.11946738742950348,1.2426644018825646,-0.4587044446912434,-0.0029463499489172347,0.11061748952628937,0.11065672129211232,-0.4424466129841411,0.9082181808311078,0.006808801691080073
HFocusing_5_10_10um_0_1815.npy317.npy,P0/data/dataset_particles2SNR_clean/train/10um/HFocusing_5_10_10um_0_1815.npy317.npy,10um,910,2500,1,3,1,21379.806640625,1,peak_bin_energy_over_lowest_window_energy,0.4135986409377105,0.16640908998803683,0.44582039098292453,-0.7146513366771612,0.0005769867207065751,0.124824012915364,0.12482534644041984,0.652527689072754,0.9363996419313002,0.004862611212475192
HFocusing_5_10_10um_0_1822.npy320.npy,P0/data/dataset_particles2SNR_clean/train/10um/HFocusing_5_10_10um_0_1822.npy320.npy,10um,911,2500,1,3,1,27465.2265625,1,peak_bin_energy_over_lowest_window_energy,-0.9827519344005139,0.1316454595412744,0.9915300759864953,0.22614464169903492,-0.0007310274575618499,0.12020726762568575,0.12020949043722358,1.0642700144101385,0.9586958704761529,0.005509795606757846
HFocusing_5_10_10um_0_1825.npy321.npy,P0/data/dataset_particles2SNR_clean/train/10um/HFocusing_5_10_10um_0_1825.npy321.npy,10um,912,2500,1,3,1,14657.265625,1,peak_bin_energy_over_lowest_window_energy,-0.10987049572870951,0.1625663350424574,0.19621248462014054,-1.2399805941295623,0.00046589846336580473,0.09105464990383688,0.09105584182515952,0.44780155131763255,0.8693380978793573,0.008287792824691737
HFocusing_5_10_10um_0_1846.npy327.npy,P0/data/dataset_particles2SNR_clean/train/10um/HFocusing_5_10_10um_0_1846.npy327.npy,10um,913,2500,1,3,1,20487.84765625,1,peak_bin_energy_over_lowest_window_energy,-0.19673482986864785,0.12721723130476037,0.23428362560002933,0.2955790899933657,6.922317251176793e-05,0.12108838581312877,0.12108840559969702,0.5459260035134168,0.9670235362749864,0.004896788786479522
HFocusing_5_10_10um_0_1850.npy331.npy,P0/data/dataset_particles2SNR_clean/train/10um/HFocusing_5_10_10um_0_1850.npy331.npy,10um,914,2500,1,3,1,11531.9375,1,peak_bin_energy_over_lowest_window_energy,-0.7094011253799302,0.3983356817194123,0.8135854423606534,-0.999269564142248,6.353054498969852e-05,0.07828947691012178,0.07828950268708211,1.0161452078456774,0.546273379092987,0.007264147817085857
HFocusing_5_10_10um_0_1859.npy335.npy,P0/data/dataset_particles2SNR_clean/train/10um/HFocusing_5_10_10um_0_1859.npy335.npy,10um,915,2500,1,3,1,38307.53125,1,peak_bin_energy_over_lowest_window_energy,0.46449169984396876,0.17285083543373708,0.4956106844430217,-0.5070601850046619,-8.694707439995657e-05,0.14417968760189728,0.1441797138184649,0.7628252813094099,0.9616905191204498,0.0037649731688370715
HFocusing_5_10_10um_0_1863.npy336.npy,P0/data/dataset_particles2SNR_clean/train/10um/HFocusing_5_10_10um_0_1863.npy336.npy,10um,916,2500,1,3,1,27657.025390625,1,peak_bin_energy_over_lowest_window_energy,-0.9663170218423444,0.17400003432307523,0.9818577283123503,-0.798205604601165,0.0010765202474533628,0.15238170062571604,0.15238550318658442,-0.7514561546264358,0.9590177496240417,0.004042710182839379
HFocusing_5_10_10um_0_1879.npy343.npy,P0/data/dataset_particles2SNR_clean/train/10um/HFocusing_5_10_10um_0_1879.npy343.npy,10um,917,2500,1,3,1,26232.759765625,1,peak_bin_energy_over_lowest_window_energy,0.15455495544426973,0.13494173031325268,0.2051743279075499,0.03804156314956941,-0.0009772488834262642,0.11939304549148755,0.11939704488433779,0.6238031306595331,0.933589533960706,0.004877712804960013
HFocusing_5_10_10um_0_1882.npy345.npy,P0/data/dataset_particles2SNR_clean/train/10um/HFocusing_5_10_10um_0_1882.npy345.npy,10um,918,2500,1,3,1,37929.29296875,1,peak_bin_energy_over_lowest_window_energy,-0.5240842657061213,0.1863463473748621,0.55622772201741,-0.7895288251549397,-0.00011466705726815265,0.15431602052094193,0.15431606312355753,-0.2911422423686343,0.9550078289889835,0.0035263103989685535
HFocusing_5_10_10um_0_1889.npy347.npy,P0/data/dataset_particles2SNR_clean/train/10um/HFocusing_5_10_10um_0_1889.npy347.npy,10um,919,2500,1,3,1,27556.130859375,1,peak_bin_energy_over_lowest_window_energy,-0.6377989515181279,0.1533562679543799,0.6559768650482416,-0.897105055109479,0.0003206230857590807,0.14454485847966955,0.14454521407528795,-0.8843161629453258,0.9698033769635276,0.004196767627246012
HFocusing_5_10_10um_0_189.npy348.npy,P0/data/dataset_particles2SNR_clean/train/10um/HFocusing_5_10_10um_0_189.npy348.npy,10um,920,2500,1,3,1,15129.953125,1,peak_bin_energy_over_lowest_window_energy,-0.0611572330832342,0.13170744974168058,0.1452138405106564,0.03187550408001627,-0.0004429496779326787,0.11088460136123147,0.11088548608116573,0.10068170845201907,0.9348988112643379,0.010897928106187442
HFocusing_5_10_10um_0_1891.npy350.npy,P0/data/dataset_particles2SNR_clean/train/10um/HFocusing_5_10_10um_0_1891.npy350.npy,10um,921,2500,1,3,1,14167.40234375,1,peak_bin_energy_over_lowest_window_energy,0.8568825888562431,0.09073170829907502,0.8616727998352077,1.0229564427970566,0.0006596612644475566,0.08428358674171446,0.08428616818334975,1.4801851137741142,0.9264357331765546,0.010073971495939391
HFocusing_5_10_10um_0_19.npy353.npy,P0/data/dataset_particles2SNR_clean/train/10um/HFocusing_5_10_10um_0_19.npy353.npy,10um,922,2500,1,3,1,14959.978515625,1,peak_bin_energy_over_lowest_window_energy,-0.1660312149753717,0.1054991121646757,0.196714074264484,0.3014725160253602,-0.00028620452771079756,0.08806098941439466,0.08806145450578143,1.4280924182560142,0.8900535602276144,0.009641869693669142
HFocusing_5_10_10um_0_1908.npy355.npy,P0/data/dataset_particles2SNR_clean/train/10um/HFocusing_5_10_10um_0_1908.npy355.npy,10um,923,2500,1,3,1,44482.27734375,1,peak_bin_energy_over_lowest_window_energy,1.5411357018236054,0.2606173518549774,1.5630165243922527,-1.2384309602559667,0.00018774997236724536,0.15352092034670767,0.15352103515203472,0.7885051943332417,0.9243541365859806,0.003035121013090307
HFocusing_5_10_10um_0_1912.npy356.npy,P0/data/dataset_particles2SNR_clean/train/10um/HFocusing_5_10_10um_0_1912.npy356.npy,10um,924,2500,1,3,1,11973.630859375,1,peak_bin_energy_over_lowest_window_energy,-0.7813389826052468,0.12739996575481033,0.7916573482340256,-1.1309059551334755,-0.000597128522575286,0.09351866959547933,0.09352057594658462,-0.20688977515386542,0.9086411597523867,0.0094553776003169
HFocusing_5_10_10um_0_1929.npy363.npy,P0/data/dataset_particles2SNR_clean/train/10um/HFocusing_5_10_10um_0_1929.npy363.npy,10um,925,2500,1,3,1,11749.265625,1,peak_bin_energy_over_lowest_window_energy,0.32391716512803015,0.09542395557989367,0.337680412761968,0.9861869969372581,0.0008042146305115967,0.08795762256966334,0.08796129904269992,1.4222132481971537,0.9312372198777901,0.009670574461119723
HFocusing_5_10_10um_0_193.npy364.npy,P0/data/dataset_particles2SNR_clean/train/10um/HFocusing_5_10_10um_0_193.npy364.npy,10um,926,2500,1,3,1,385715.5,1,peak_bin_energy_over_lowest_window_energy,0.7968105097387874,0.9851881369355566,1.2670843119495796,-1.4987983720101827,-0.00048821718579747044,0.49890173148931183,0.4989019703699855,1.290494832595396,0.9019973793192312,0.0006743811004873771
HFocusing_5_10_10um_0_1954.npy374.npy,P0/data/dataset_particles2SNR_clean/train/10um/HFocusing_5_10_10um_0_1954.npy374.npy,10um,927,2500,1,3,1,9387.76953125,1,peak_bin_energy_over_lowest_window_energy,2.874553593770748,0.303090506050228,2.890488231824877,-1.1930407925448558,-0.0004935254004140007,0.08148001146716735,0.08148150609807465,0.9823756936010168,0.731687454724965,0.009765691335598988
HFocusing_5_10_10um_0_1961.npy376.npy,P0/data/dataset_particles2SNR_clean/train/10um/HFocusing_5_10_10um_0_1961.npy376.npy,10um,928,2500,1,3,1,59599.45703125,1,peak_bin_energy_over_lowest_window_energy,-0.02678206117720448,0.23221185798748079,0.23375120489721005,-0.7315956816960867,-0.0007161010165974197,0.20006791303287827,0.20006919459526323,0.22058486057934523,0.9771938612900862,0.0021587433779875448
HFocusing_5_10_10um_0_1967.npy378.npy,P0/data/dataset_particles2SNR_clean/train/10um/HFocusing_5_10_10um_0_1967.npy378.npy,10um,929,2500,1,3,1,7581.75830078125,1,peak_bin_energy_over_lowest_window_energy,2.6993259338000755,0.13366647101180643,2.702633386598782,-0.7076486482321047,0.0008551633666892245,0.07762222472991827,0.07762693525063102,-0.21347777227573683,0.751220573765379,0.018485338311068807
HFocusing_5_10_10um_0_197.npy379.npy,P0/data/dataset_particles2SNR_clean/train/10um/HFocusing_5_10_10um_0_197.npy379.npy,10um,930,2500,1,3,1,16186.146484375,1,peak_bin_energy_over_lowest_window_energy,-0.5266389450140102,0.14063297664878943,0.5450928476200807,-0.6138030715119189,-0.0008460695593525261,0.12090818107884865,0.12091114127943264,0.2494302261939474,0.9518394099227763,0.006651671198555236
HFocusing_5_10_10um_0_1971.npy381.npy,P0/data/dataset_particles2SNR_clean/train/10um/HFocusing_5_10_10um_0_1971.npy381.npy,10um,931,2500,1,3,1,78442.484375,1,peak_bin_energy_over_lowest_window_energy,0.2297183674359412,0.221279227445046,0.31895928397855183,-0.06417466363983815,-0.0004524076216247028,0.21361553259132182,0.21361601165860714,0.10466963482296476,0.9827641915184605,0.002521175628099958
HFocusing_5_10_10um_0_1982.npy382.npy,P0/data/dataset_particles2SNR_clean/train/10um/HFocusing_5_10_10um_0_1982.npy382.npy,10um,932,2500,1,3,1,23224.177734375,1,peak_bin_energy_over_lowest_window_energy,-0.9918283887463338,0.15882030781176923,1.0044637588766325,-0.9850447702601186,-0.0017353022629778493,0.13398741180350718,0.1339986484847758,-0.8996098207258463,0.9434898096259451,0.004824798621047366
HFocusing_5_10_10um_0_1991.npy386.npy,P0/data/dataset_particles2SNR_clean/train/10um/HFocusing_5_10_10um_0_1991.npy386.npy,10um,933,2500,1,3,1,115911.859375,1,peak_bin_energy_over_lowest_window_energy,0.015244668250564643,0.27002343407674084,0.27045342456819765,0.2839404313978888,0.0001868774387708669,0.2636962361637145,0.26369630238227953,0.30992445917243483,0.9849357382050319,0.0013514798407366815
HFocusing_5_10_10um_0_1997.npy388.npy,P0/data/dataset_particles2SNR_clean/train/10um/HFocusing_5_10_10um_0_1997.npy388.npy,10um,934,2500,1,3,1,840528.6875,1,peak_bin_energy_over_lowest_window_energy,1.5167995105626295,0.9133229525474079,1.77054781660732,-1.2123177374615695,0.0005708138490109533,0.7073934801612093,0.7073937104633017,0.3738965870241704,0.9669292179453187,0.000601677255369458
HFocusing_5_10_10um_0_2007.npy393.npy,P0/data/dataset_particles2SNR_clean/train/10um/HFocusing_5_10_10um_0_2007.npy393.npy,10um,935,2500,1,3,1,15282.798828125,1,peak_bin_energy_over_lowest_window_energy,0.7582882558589831,0.16793050903916854,0.7766606304170521,-1.155281228760597,0.000240691695118489,0.10727142847738148,0.10727169850463855,-0.2638730935568412,0.8709049965724917,0.007552257533088236
HFocusing_5_10_10um_0_2010.npy395.npy,P0/data/dataset_particles2SNR_clean/train/10um/HFocusing_5_10_10um_0_2010.npy395.npy,10um,936,2500,1,3,1,90917.25,1,peak_bin_energy_over_lowest_window_energy,2.6382354270075776,0.2745637990389907,2.6524840146663617,-0.6654475671681488,0.00133067305019609,0.24651482149945142,0.24651841292218504,-0.3346232537303395,0.9723561468806311,0.002006169474656236
HFocusing_5_10_10um_0_2023.npy398.npy,P0/data/dataset_particles2SNR_clean/train/10um/HFocusing_5_10_10um_0_2023.npy398.npy,10um,937,2500,1,3,1,63341.68359375,1,peak_bin_energy_over_lowest_window_energy,-0.40393169550154046,0.21881506599507602,0.45939182375960796,-0.5026938299529036,0.0019162061327370427,0.19276622423911738,0.19277574809438253,0.2856720093627021,0.9714713298195813,0.002478737407560816
HFocusing_5_10_10um_0_2027.npy399.npy,P0/data/dataset_particles2SNR_clean/train/10um/HFocusing_5_10_10um_0_2027.npy399.npy,10um,938,2500,1,3,1,15983.166015625,1,peak_bin_energy_over_lowest_window_energy,0.49299996982520294,0.1487549181851046,0.5149533919996141,-1.0921901518173214,6.387559811085097e-05,0.10140630446374055,0.10140632458128476,1.3338410069090543,0.9193520583742422,0.007417667364965979
HFocusing_5_10_10um_0_204.npy401.npy,P0/data/dataset_particles2SNR_clean/train/10um/HFocusing_5_10_10um_0_204.npy401.npy,10um,939,2500,1,3,1,277178.875,1,peak_bin_energy_over_lowest_window_energy,2.6511961946299145,0.9153232522632327,2.804756302881568,-0.8567799833628551,-0.0008899838593907546,0.39747632262118376,0.3974773189953476,0.19152472657541386,0.8003479878716454,0.0008728520799792776
HFocusing_5_10_10um_0_2056.npy405.npy,P0/data/dataset_particles2SNR_clean/train/10um/HFocusing_5_10_10um_0_2056.npy405.npy,10um,940,2500,1,3,1,65217.6875,1,peak_bin_energy_over_lowest_window_energy,-0.058374105376171,0.19770556267130068,0.20614321645313463,0.3578563611789094,-0.0007050342685872291,0.18521716954261105,0.18521851140395287,0.7892027584881727,0.9795566140774403,0.0026309462958000207
HFocusing_5_10_10um_0_2062.npy407.npy,P0/data/dataset_particles2SNR_clean/train/10um/HFocusing_5_10_10um_0_2062.npy407.npy,10um,941,2500,1,3,1,218108.0,1,peak_bin_energy_over_lowest_window_energy,0.20318266469991692,0.4938005779481621,0.5339683567558079,-0.4229545345297572,0.0008252772129265353,0.48619741904260727,0.48619811945972274,-0.5288021105638712,0.9926336214255124,0.000913309033464535
HFocusing_5_10_10um_0_2075.npy412.npy,P0/data/dataset_particles2SNR_clean/train/10um/HFocusing_5_10_10um_0_2075.npy412.npy,10um,942,2500,1,3,1,13960.373046875,1,peak_bin_energy_over_lowest_window_energy,0.6825577560629564,0.0920656326944406,0.6887388264684415,0.9712987409516431,-0.000637897694575297,0.08625218486793702,0.08625454369458764,1.2377663388376003,0.9254379080817726,0.010015233719120385
HFocusing_5_10_10um_0_2079.npy413.npy,P0/data/dataset_particles2SNR_clean/train/10um/HFocusing_5_10_10um_0_2079.npy413.npy,10um,943,2500,2,3,1,7755.5634765625,1,peak_bin_energy_over_lowest_window_energy,-0.07597657876992354,0.11528435879422252,0.13806854784554456,0.08927039642833234,0.0009643075568859633,0.10850457834078785,0.10850886327842732,0.07122866637056369,0.8924317391726909,0.010604662349541343
HFocusing_5_10_10um_0_2094.npy420.npy,P0/data/dataset_particles2SNR_clean/train/10um/HFocusing_5_10_10um_0_2094.npy420.npy,10um,944,2500,1,3,1,30779.22265625,1,peak_bin_energy_over_lowest_window_energy,0.5739593900332407,0.1915575726158355,0.6050815523826527,-0.9862891481520979,-0.00011829397550285971,0.15680963653924102,0.15680968115850982,-0.517682723157836,0.9523692746590252,0.003374496838942756
HFocusing_5_10_10um_0_2106.npy425.npy,P0/data/dataset_particles2SNR_clean/train/10um/HFocusing_5_10_10um_0_2106.npy425.npy,10um,945,2500,1,3,1,37955.26171875,1,peak_bin_energy_over_lowest_window_energy,-0.1399489586509031,0.291575206065288,0.32342203360236194,-1.1887063596641987,-0.0006917299978235147,0.17890717897173772,0.17890851622551476,-1.0671019656403247,0.9391960429933868,0.005443156016370981
HFocusing_5_10_10um_0_214.npy426.npy,P0/data/dataset_particles2SNR_clean/train/10um/HFocusing_5_10_10um_0_214.npy426.npy,10um,946,2500,1,3,1,18034.587890625,1,peak_bin_energy_over_lowest_window_energy,-0.8347329285386186,0.1782442112265189,0.8535514400564399,-1.290582060047556,0.0007746587612279903,0.1155620315084341,0.11556462790383856,0.49651008195974855,0.9174373202290101,0.005777771849272322
HFocusing_5_10_10um_0_240.npy434.npy,P0/data/dataset_particles2SNR_clean/train/10um/HFocusing_5_10_10um_0_240.npy434.npy,10um,947,2500,0,3,0,17842.265625,1,peak_bin_energy_over_lowest_window_energy,1.7857956005378335,0.12871927491007526,1.7904286019368816,-0.2934617887457325,0.0006560291753724992,0.11901649045597079,0.1190182984869769,-0.5269489462765073,0.9496129375451362,0.005513076859675352
HFocusing_5_10_10um_0_243.npy435.npy,P0/data/dataset_particles2SNR_clean/train/10um/HFocusing_5_10_10um_0_243.npy435.npy,10um,948,2500,1,3,1,14030.982421875,1,peak_bin_energy_over_lowest_window_energy,-0.22710914865475096,0.40765256985947557,0.4666467433891727,-1.3030293859643802,-0.0006339394855465597,0.08955842175652941,0.08956066539944718,0.6949014773146742,0.6346375274783197,0.006137450310746069
HFocusing_5_10_10um_0_246.npy437.npy,P0/data/dataset_particles2SNR_clean/train/10um/HFocusing_5_10_10um_0_246.npy437.npy,10um,949,2500,1,3,1,20770.388671875,1,peak_bin_energy_over_lowest_window_energy,-0.032698411757772286,0.1665817099080014,0.16976057318280457,-0.5692876216643645,0.0015045217196325306,0.1268295286046781,0.12683845202338961,1.3380914323280928,0.9027553885417506,0.004594864735298247
HFocusing_5_10_10um_0_252.npy439.npy,P0/data/dataset_particles2SNR_clean/train/10um/HFocusing_5_10_10um_0_252.npy439.npy,10um,950,2500,1,3,1,5473.98095703125,1,peak_bin_energy_over_lowest_window_energy,-0.9898506559699712,0.12570738694733913,0.9978009161437519,-0.7899446813162707,-8.752823963788785e-05,0.08850709549037226,0.08850713877046648,0.9250825443573287,0.8646173097923678,0.011611942899345683
HFocusing_5_10_10um_0_255.npy440.npy,P0/data/dataset_particles2SNR_clean/train/10um/HFocusing_5_10_10um_0_255.npy440.npy,10um,951,2500,1,3,1,16675.330078125,1,peak_bin_energy_over_lowest_window_energy,1.6520521435183912,0.12452359000762876,1.656738485510643,-0.013587522789058948,-0.000489252583097683,0.10951876063710962,0.1095198534494024,1.0624812129752677,0.9579634957907097,0.006385940011024521
HFocusing_5_10_10um_0_279.npy450.npy,P0/data/dataset_particles2SNR_clean/train/10um/HFocusing_5_10_10um_0_279.npy450.npy,10um,952,2500,1,3,1,18164.16796875,1,peak_bin_energy_over_lowest_window_energy,-0.9536979882132149,0.11594792670154712,0.9607204455138451,-0.2883300733204668,0.00041118267164873414,0.10980975397191647,0.10981052380606464,-0.3526900997208342,0.9497374024771656,0.006519466764186272
HFocusing_5_10_10um_0_282.npy451.npy,P0/data/dataset_particles2SNR_clean/train/10um/HFocusing_5_10_10um_0_282.npy451.npy,10um,953,2500,1,3,1,19617.146484375,1,peak_bin_energy_over_lowest_window_energy,-0.1391194366275642,0.10912834613527739,0.17681406498859686,0.6575171558916351,-0.0007020330898851649,0.10182685486754392,0.10182927488043476,0.931007676314429,0.9330172943913074,0.006782370502043926
HFocusing_5_10_10um_0_286.npy453.npy,P0/data/dataset_particles2SNR_clean/train/10um/HFocusing_5_10_10um_0_286.npy453.npy,10um,954,2500,1,3,1,6209.943359375,1,peak_bin_energy_over_lowest_window_energy,-0.3808260942671245,0.10294696610476466,0.39449536360384313,0.033067731580313175,0.00038020639987804676,0.08261162116411612,0.08261249607819598,0.20999348724646794,0.8080263062087452,0.013100862535297462
HFocusing_5_10_10um_0_307.npy462.npy,P0/data/dataset_particles2SNR_clean/train/10um/HFocusing_5_10_10um_0_307.npy462.npy,10um,955,2500,1,3,1,12956.630859375,1,peak_bin_energy_over_lowest_window_energy,0.13506410329922014,0.21017471114642497,0.24983138554934525,-1.0738055843134164,0.0012858175008977483,0.08857030743444066,0.08857964035644393,0.16000390535830622,0.7698261591346786,0.008457669826499767
HFocusing_5_10_10um_0_310.npy463.npy,P0/data/dataset_particles2SNR_clean/train/10um/HFocusing_5_10_10um_0_310.npy463.npy,10um,956,2500,1,3,1,33251.65625,1,peak_bin_energy_over_lowest_window_energy,0.6482075456177101,0.19947390733745404,0.6782056191924444,-1.1533081657318898,-0.0009875839300796366,0.1488770751215144,0.14888035068052466,0.4946273249434543,0.9668860455179454,0.0037521914864843465
HFocusing_5_10_10um_0_325.npy467.npy,P0/data/dataset_particles2SNR_clean/train/10um/HFocusing_5_10_10um_0_325.npy467.npy,10um,957,2500,1,3,1,15284.947265625,1,peak_bin_energy_over_lowest_window_energy,-0.44940814037645377,0.12516563401799077,0.4665127142701987,0.24526317309712287,0.0001512050840802342,0.11724137222245146,0.11724146972629124,0.5445723336371215,0.9476221374897232,0.0063732821966705055
HFocusing_5_10_10um_0_329.npy469.npy,P0/data/dataset_particles2SNR_clean/train/10um/HFocusing_5_10_10um_0_329.npy469.npy,10um,958,2500,1,3,1,14861.9990234375,1,peak_bin_energy_over_lowest_window_energy,-0.9024331520820593,0.16965142654236165,0.91824136288049,-1.2296558420876829,0.00016145961123486733,0.08996618829018477,0.08996633317342127,0.942379794381806,0.8870538621613182,0.009538833957993773
HFocusing_5_10_10um_0_33.npy470.npy,P0/data/dataset_particles2SNR_clean/train/10um/HFocusing_5_10_10um_0_33.npy470.npy,10um,959,2500,1,3,1,27508.1484375,1,peak_bin_energy_over_lowest_window_energy,0.0485969429838457,0.14531930859100317,0.15322977620796277,0.5383716898780717,0.001116268776235292,0.13604087213739577,0.1360454517721341,0.6660475798466883,0.9514189849621283,0.003947635277882605
HFocusing_5_10_10um_0_335.npy472.npy,P0/data/dataset_particles2SNR_clean/train/10um/HFocusing_5_10_10um_0_335.npy472.npy,10um,960,2500,1,3,1,11123.5,1,peak_bin_energy_over_lowest_window_energy,0.10446811265473205,0.17105542547000174,0.2004333932865607,-1.3716239471599958,0.0015376453677667743,0.09242233205198119,0.09243512219499515,0.25650919488556445,0.8990454637202234,0.00878684342311347
HFocusing_5_10_10um_0_337.npy473.npy,P0/data/dataset_particles2SNR_clean/train/10um/HFocusing_5_10_10um_0_337.npy473.npy,10um,961,2500,1,3,1,12794.3642578125,1,peak_bin_energy_over_lowest_window_energy,-0.5290962621579003,0.14772048546168304,0.5493306804234557,-0.46570155017133086,0.0005711379357799226,0.10002308970110259,0.10002472030401537,0.363566889513518,0.8379239046515493,0.007928873579190462
HFocusing_5_10_10um_0_343.npy476.npy,P0/data/dataset_particles2SNR_clean/train/10um/HFocusing_5_10_10um_0_343.npy476.npy,10um,962,2500,1,3,1,16762.357421875,1,peak_bin_energy_over_lowest_window_energy,-0.4364471605010158,0.18081116365444236,0.47241803607765975,-0.805857322751991,0.0010136200432786346,0.11286056723450232,0.1128651188901414,-0.01158117112953283,0.9196531871853454,0.006165132127807563
HFocusing_5_10_10um_0_350.npy478.npy,P0/data/dataset_particles2SNR_clean/train/10um/HFocusing_5_10_10um_0_350.npy478.npy,10um,963,2500,1,3,1,13719.28515625,1,peak_bin_energy_over_lowest_window_energy,-0.5995662410970991,0.22707890058478475,0.6411275259681957,-1.301547096650657,-3.5353426675442365e-05,0.08529393397680235,0.08529394130361134,1.1328719988827354,0.8312384871484798,0.009435923421065754
HFocusing_5_10_10um_0_36.npy482.npy,P0/data/dataset_particles2SNR_clean/train/10um/HFocusing_5_10_10um_0_36.npy482.npy,10um,964,2500,1,3,1,14121.501953125,1,peak_bin_energy_over_lowest_window_energy,-0.21166993222330452,0.1251047075930278,0.2458766928144173,-0.030151631274720536,0.001916386618814127,0.11651936072883123,0.11653511900851292,0.3396904960005882,0.9091430059171989,0.006404635965910511
HFocusing_5_10_10um_0_365.npy484.npy,P0/data/dataset_particles2SNR_clean/train/10um/HFocusing_5_10_10um_0_365.npy484.npy,10um,965,2500,1,3,1,10898.23828125,1,peak_bin_energy_over_lowest_window_energy,1.6126899194057327,0.09676112095500568,1.615590136972041,0.47333750683178444,0.0009007692638489773,0.0862372967920001,0.08624200103927439,0.25032228642940746,0.896883301120245,0.01043947918658279
HFocusing_5_10_10um_0_371.npy486.npy,P0/data/dataset_particles2SNR_clean/train/10um/HFocusing_5_10_10um_0_371.npy486.npy,10um,966,2500,1,3,1,197498.984375,1,peak_bin_energy_over_lowest_window_energy,-0.6898021813859335,0.39739471753799266,0.7960839220659424,-0.3589350254113155,-0.001355525642181177,0.38937841243383237,0.3893807718920623,-0.18375890654255755,0.993738518829178,0.000625034134867279
HFocusing_5_10_10um_0_374.npy487.npy,P0/data/dataset_particles2SNR_clean/train/10um/HFocusing_5_10_10um_0_374.npy487.npy,10um,967,2500,1,3,1,647010.625,1,peak_bin_energy_over_lowest_window_energy,0.3686579916356508,0.710909810247432,0.8008130075759705,-0.7319752863193814,0.0013914902837457149,0.6126581658183664,0.6126597460166081,0.5097639102350615,0.9946411853674956,0.0005504366860857899
HFocusing_5_10_10um_0_378.npy489.npy,P0/data/dataset_particles2SNR_clean/train/10um/HFocusing_5_10_10um_0_378.npy489.npy,10um,968,2500,1,3,1,136673.328125,1,peak_bin_energy_over_lowest_window_energy,1.4549589052541185,0.28046457190436186,1.4817441722752818,0.7966934437508173,-0.0010833776190579947,0.2634441986809254,0.26344642629138154,1.1236753335291967,0.9795928367991175,0.001479349207237387
HFocusing_5_10_10um_0_381.npy491.npy,P0/data/dataset_particles2SNR_clean/train/10um/HFocusing_5_10_10um_0_381.npy491.npy,10um,969,2500,1,3,1,38683.0078125,1,peak_bin_energy_over_lowest_window_energy,2.557364471011128,0.4591514835450021,2.598255784643152,-1.364882682393327,-0.0008352268912822728,0.1465571180374758,0.14655949799112486,0.4067693907372889,0.8368886771294897,0.0033840953385147385
HFocusing_5_10_10um_0_395.npy495.npy,P0/data/dataset_particles2SNR_clean/train/10um/HFocusing_5_10_10um_0_395.npy495.npy,10um,970,2500,1,3,1,24705.578125,1,peak_bin_energy_over_lowest_window_energy,-0.4918304755181298,0.20020703483759922,0.5310179596274059,-1.3676257156809704,-0.0005753071622803407,0.11061046385362877,0.11061195998736252,1.6207072836844496,0.9094254532626347,0.007904709733555238
HFocusing_5_10_10um_0_399.npy496.npy,P0/data/dataset_particles2SNR_clean/train/10um/HFocusing_5_10_10um_0_399.npy496.npy,10um,971,2500,1,3,1,12813.3095703125,1,peak_bin_energy_over_lowest_window_energy,-0.570123208622472,0.18922688294407958,0.6007056569058719,-1.2025137351376143,0.0002843661227101462,0.10341911055520261,0.10341950150779575,0.6507114090649617,0.9066209666713535,0.007580560199565085
HFocusing_5_10_10um_0_410.npy500.npy,P0/data/dataset_particles2SNR_clean/train/10um/HFocusing_5_10_10um_0_410.npy500.npy,10um,972,2500,1,3,1,59289.6484375,1,peak_bin_energy_over_lowest_window_energy,-0.7130109874511898,0.9085817425454649,1.1549482460755867,-1.0683661546651495,-0.0013161404594874047,0.19474337893090193,0.19474782633737908,-0.40718878171512296,0.6877684493689329,0.00231763813302007
HFocusing_5_10_10um_0_413.npy501.npy,P0/data/dataset_particles2SNR_clean/train/10um/HFocusing_5_10_10um_0_413.npy501.npy,10um,973,2500,1,3,1,22364.298828125,1,peak_bin_energy_over_lowest_window_energy,-1.0941297373418417,0.14236782535341017,1.10335328876638,-0.4444715829932977,9.636993150120717e-05,0.11246715955993028,0.11246720084825848,1.6835571246054863,0.9428677677653029,0.006202019747422715
HFocusing_5_10_10um_0_416.npy502.npy,P0/data/dataset_particles2SNR_clean/train/10um/HFocusing_5_10_10um_0_416.npy502.npy,10um,974,2500,1,3,1,10266.966796875,1,peak_bin_energy_over_lowest_window_energy,0.25271816775941425,0.0911347523869401,0.2686484978709249,0.2242842395439495,0.0013466455673263138,0.08149647353884831,0.08150759874730823,0.48963254385097565,0.8935795008810381,0.010752658104519473
HFocusing_5_10_10um_0_424.npy505.npy,P0/data/dataset_particles2SNR_clean/train/10um/HFocusing_5_10_10um_0_424.npy505.npy,10um,975,2500,1,3,1,17602.4296875,1,peak_bin_energy_over_lowest_window_energy,-1.6222708788892244,0.180515106327834,1.6322832193294659,-1.1196044863130925,0.00042117611117626816,0.09853482683315483,0.0985357269641648,0.4163906046915802,0.8570433667082028,0.007371759281610267
HFocusing_5_10_10um_0_43.npy507.npy,P0/data/dataset_particles2SNR_clean/train/10um/HFocusing_5_10_10um_0_43.npy507.npy,10um,976,2500,1,3,1,106364.171875,1,peak_bin_energy_over_lowest_window_energy,-0.27349221265566004,0.31047645417327624,0.4137555062827554,0.18179613611113155,-0.0016187760138448625,0.27930682117210914,0.2793115120954587,0.7359986682570048,0.9619694117733911,0.0025618549665322706
HFocusing_5_10_10um_0_430.npy508.npy,P0/data/dataset_particles2SNR_clean/train/10um/HFocusing_5_10_10um_0_430.npy508.npy,10um,977,2500,1,3,1,89666.8359375,1,peak_bin_energy_over_lowest_window_energy,-0.19605678781706407,0.2455232948903386,0.314197314410791,0.0470024515392935,-0.0016855235577045865,0.24026940500091543,0.24027531702019975,0.03393811379861722,0.9743433044553828,0.0018133104879327123
HFocusing_5_10_10um_0_433.npy509.npy,P0/data/dataset_particles2SNR_clean/train/10um/HFocusing_5_10_10um_0_433.npy509.npy,10um,978,2500,0,3,0,2755155.25,1,peak_bin_energy_over_lowest_window_energy,-0.10149462909372381,1.5436997698206483,1.5470326884326637,-1.2784384749890356,-0.008771213013368933,1.5191736393244253,1.519198960174718,-1.2480956136959471,0.9965454272160504,0.00042739429717511844
HFocusing_5_10_10um_0_447.npy513.npy,P0/data/dataset_particles2SNR_clean/train/10um/HFocusing_5_10_10um_0_447.npy513.npy,10um,979,2500,1,3,1,23714.8515625,1,peak_bin_energy_over_lowest_window_energy,-0.3495484325051816,0.29211511840662935,0.45553852643717035,-0.23642117918981942,0.00037227082620635096,0.14847219245510376,0.14847265915983796,-0.23699466055255858,0.9517989407167246,0.004299653175906488
HFocusing_5_10_10um_0_450.npy514.npy,P0/data/dataset_particles2SNR_clean/train/10um/HFocusing_5_10_10um_0_450.npy514.npy,10um,980,2500,1,3,1,17149.2421875,1,peak_bin_energy_over_lowest_window_energy,1.53898057134326,0.5093813675364388,1.6210893178863772,-1.2686439626782562,0.0002291706177802318,0.1271474694740502,0.12714767600246016,0.15976730737783118,0.6694739226706785,0.0037589477325935213
HFocusing_5_10_10um_0_454.npy517.npy,P0/data/dataset_particles2SNR_clean/train/10um/HFocusing_5_10_10um_0_454.npy517.npy,10um,981,2500,1,3,1,46798.49609375,1,peak_bin_energy_over_lowest_window_energy,0.323151415593858,0.2800111223654952,0.4275898338930647,-1.1757942336061464,-0.0018195636002154487,0.2105420126078536,0.21054987505258893,-0.198232262280583,0.9683913815506274,0.0024041153329701238
HFocusing_5_10_10um_0_46.npy518.npy,P0/data/dataset_particles2SNR_clean/train/10um/HFocusing_5_10_10um_0_46.npy518.npy,10um,982,2500,1,3,1,9765.41796875,1,peak_bin_energy_over_lowest_window_energy,0.33595565856136345,0.09902724417756151,0.350246484077716,0.7324811766483843,-0.0016439421504156428,0.0887185999024736,0.08873382959418073,1.4855303377808138,0.9053795058197717,0.009511567656495351
HFocusing_5_10_10um_0_475.npy521.npy,P0/data/dataset_particles2SNR_clean/train/10um/HFocusing_5_10_10um_0_475.npy521.npy,10um,983,2500,1,3,1,31229.73046875,1,peak_bin_energy_over_lowest_window_energy,-0.41293692893825135,0.18766292614303862,0.45357940994882257,-1.1707132396253332,7.135961468894898e-05,0.1453532923228056,0.1453533098394171,-0.1556021787136581,0.9363126643904225,0.003676269613601022
HFocusing_5_10_10um_0_482.npy523.npy,P0/data/dataset_particles2SNR_clean/train/10um/HFocusing_5_10_10um_0_482.npy523.npy,10um,984,2500,1,3,1,270569.40625,1,peak_bin_energy_over_lowest_window_energy,-0.16630291886413476,0.6657429450290222,0.6861999196142816,-1.530658091140443,-0.0004817631047264058,0.4251428238521844,0.42514309681411805,-0.02941805457436031,0.9530178442451893,0.0012961410710269241
HFocusing_5_10_10um_0_491.npy529.npy,P0/data/dataset_particles2SNR_clean/train/10um/HFocusing_5_10_10um_0_491.npy529.npy,10um,985,2500,1,3,1,16716.466796875,1,peak_bin_energy_over_lowest_window_energy,-1.5750799449485553,0.1923143942937157,1.5867771296661994,-1.320550026953039,-0.00041145249835051556,0.11549703261600812,0.11549776550332758,-0.16036275828373725,0.9150309123022415,0.005702896886334506
HFocusing_5_10_10um_0_507.npy537.npy,P0/data/dataset_particles2SNR_clean/train/10um/HFocusing_5_10_10um_0_507.npy537.npy,10um,986,2500,1,3,1,6117.7958984375,1,peak_bin_energy_over_lowest_window_energy,-1.9199944414731198,0.35253144587799445,1.952090437356965,-0.8819354441643181,-0.00019762216643957284,0.06668754803800096,0.06668784085454675,0.37788761883090816,0.418827669369448,0.00902511047021451
HFocusing_5_10_10um_0_507.npy538.npy,P0/data/dataset_particles2SNR_clean/train/10um/HFocusing_5_10_10um_0_507.npy538.npy,10um,987,2500,1,3,1,44976.703125,1,peak_bin_energy_over_lowest_window_energy,1.0882875466535977,0.25313904629096773,1.1173402171936744,-1.3332349691475383,0.0005962166224648687,0.1561141361327437,0.15611527463619224,0.7540925465350878,0.932605125264982,0.003117483589587932
HFocusing_5_10_10um_0_520.npy540.npy,P0/data/dataset_particles2SNR_clean/train/10um/HFocusing_5_10_10um_0_520.npy540.npy,10um,988,2500,1,3,1,32605.54296875,1,peak_bin_energy_over_lowest_window_energy,2.217552759652775,0.4472379323837249,2.2622029108827766,-1.1761816577832858,0.0015979155659832536,0.13755076628129373,0.13756004739286443,0.02626959559373221,0.8133548830096006,0.0033721018179752684
HFocusing_5_10_10um_0_526.npy544.npy,P0/data/dataset_particles2SNR_clean/train/10um/HFocusing_5_10_10um_0_526.npy544.npy,10um,989,2500,1,3,1,15652.125,1,peak_bin_energy_over_lowest_window_energy,-0.8822291330929322,0.1805432291710473,0.9005132430327807,-0.7780585000213662,-0.0017863794517346235,0.10977357465856037,0.10978810885002122,-0.6120856733836852,0.9075099694242289,0.006455659991447704
HFocusing_5_10_10um_0_529.npy545.npy,P0/data/dataset_particles2SNR_clean/train/10um/HFocusing_5_10_10um_0_529.npy545.npy,10um,990,2500,1,3,1,21437.146484375,1,peak_bin_energy_over_lowest_window_energy,-0.3503523661996266,0.14608329056967662,0.3795880771116788,-0.6679156564529793,-0.00035321604221783096,0.11138418698347723,0.11138474703271851,1.0635089098338923,0.9111958395100019,0.006009818705852757
HFocusing_5_10_10um_0_542.npy547.npy,P0/data/dataset_particles2SNR_clean/train/10um/HFocusing_5_10_10um_0_542.npy547.npy,10um,991,2500,1,3,1,11745.580078125,1,peak_bin_energy_over_lowest_window_energy,-1.1525075994215197,0.16455539177488626,1.164195964469273,-1.1635938456315513,0.00045222315045831,0.09853572140087102,0.09853675911946708,-0.4777130603037336,0.8853026047716452,0.008308506284390584
HFocusing_5_10_10um_0_545.npy548.npy,P0/data/dataset_particles2SNR_clean/train/10um/HFocusing_5_10_10um_0_545.npy548.npy,10um,992,2500,1,3,1,271477.71875,1,peak_bin_energy_over_lowest_window_energy,-1.2467315364877054,0.8033907156961515,1.4831642411209116,-1.5091997683040546,-0.0004189095080421147,0.3679178908024907,0.3679181292865702,1.145931615607397,0.9038776963164974,0.0010212511515459211
HFocusing_5_10_10um_0_554.npy554.npy,P0/data/dataset_particles2SNR_clean/train/10um/HFocusing_5_10_10um_0_554.npy554.npy,10um,993,2500,0,3,0,44650.453125,1,peak_bin_energy_over_lowest_window_energy,-0.0448484678445074,0.25040114480052167,0.2543857668687689,-1.0234420769623285,0.0016509836844919353,0.2018401811371305,0.20184693326527436,-1.1642071220620223,0.9598214051812684,0.002320276876246355
HFocusing_5_10_10um_0_557.npy555.npy,P0/data/dataset_particles2SNR_clean/train/10um/HFocusing_5_10_10um_0_557.npy555.npy,10um,994,2500,1,3,1,16918.439453125,1,peak_bin_energy_over_lowest_window_energy,-1.3583793072555328,0.11508943652933325,1.3632460969247848,-0.03173784557730608,0.0003176467184003615,0.10035050263790604,0.10035100537173555,0.9287695574588652,0.9261194521692414,0.00703765123281959
HFocusing_5_10_10um_0_566.npy558.npy,P0/data/dataset_particles2SNR_clean/train/10um/HFocusing_5_10_10um_0_566.npy558.npy,10um,995,2500,1,3,1,27670.58984375,1,peak_bin_energy_over_lowest_window_energy,0.04918912700715177,0.15059385181434912,0.15842373060879436,-0.779420212633557,-0.0005930939131396259,0.13190347947873834,0.13190481287272177,-0.17279188925794653,0.9450547831811065,0.004576300341107908
HFocusing_5_10_10um_0_569.npy559.npy,P0/data/dataset_particles2SNR_clean/train/10um/HFocusing_5_10_10um_0_569.npy559.npy,10um,996,2500,1,3,1,63387.5,1,peak_bin_energy_over_lowest_window_energy,0.7489625440090715,0.24787543734710166,0.7889151568885955,-0.7669710736908377,0.0007121825001142266,0.19707217869049942,0.19707346553438795,0.8376971064602423,0.9459263095736176,0.004491416809387289
HFocusing_5_10_10um_0_572.npy560.npy,P0/data/dataset_particles2SNR_clean/train/10um/HFocusing_5_10_10um_0_572.npy560.npy,10um,997,2500,1,3,1,19395.345703125,1,peak_bin_energy_over_lowest_window_energy,-0.776886199953923,0.1850829775354714,0.7986287474491779,-1.3127649950789997,7.765051208501567e-05,0.11113424072063753,0.11113426784819631,1.2214832847096417,0.9130893373232765,0.006080617878560876
HFocusing_5_10_10um_0_581.npy564.npy,P0/data/dataset_particles2SNR_clean/train/10um/HFocusing_5_10_10um_0_581.npy564.npy,10um,998,2500,1,3,1,149110.125,1,peak_bin_energy_over_lowest_window_energy,0.8253460298060423,0.5284880547523962,0.9800488217086781,-0.9513382862010666,0.0017248790349373528,0.41103803745008965,0.4110416565732803,-0.8939465365641213,0.9710175014253887,0.0012326011503709722
HFocusing_5_10_10um_0_588.npy567.npy,P0/data/dataset_particles2SNR_clean/train/10um/HFocusing_5_10_10um_0_588.npy567.npy,10um,999,2500,1,3,1,146967.265625,1,peak_bin_energy_over_lowest_window_energy,1.513811101511599,0.35805200004655363,1.5555787623251667,-0.9821236176221508,-0.0009514360107789813,0.2756354823217338,0.2756371243958575,0.887500818291624,0.9764369506941694,0.00125365872407016
HFocusing_5_10_10um_0_591.npy569.npy,P0/data/dataset_particles2SNR_clean/train/10um/HFocusing_5_10_10um_0_591.npy569.npy,10um,1000,2500,1,3,1,87601.3046875,1,peak_bin_energy_over_lowest_window_energy,-0.6518038813791965,0.4024448993933724,0.7660353757031899,-1.271908831298348,0.0008562933108452384,0.270296755774403,0.27029811212881505,-0.8022010782437041,0.952585387101536,0.0013978166733618442
HFocusing_5_10_10um_0_601.npy571.npy,P0/data/dataset_particles2SNR_clean/train/10um/HFocusing_5_10_10um_0_601.npy571.npy,10um,1001,2500,1,3,1,15715.9013671875,1,peak_bin_energy_over_lowest_window_energy,1.0017710936632738,0.1061586627052678,1.007380258773559,0.4196570056709783,-0.00032225209424718057,0.0967699376550616,0.09677047421696741,0.2286124090438837,0.9045364650092027,0.008148870388961912
HFocusing_5_10_10um_0_604.npy572.npy,P0/data/dataset_particles2SNR_clean/train/10um/HFocusing_5_10_10um_0_604.npy572.npy,10um,1002,2500,1,3,1,14520.212890625,1,peak_bin_energy_over_lowest_window_energy,1.043444040459482,0.11495266040904559,1.0497569145785737,-0.45870834396252835,-0.0014092379452826482,0.10345977178905083,0.10346936904334975,-0.5025311523536224,0.9325767260236624,0.0069084290938815395
HFocusing_5_10_10um_0_610.npy574.npy,P0/data/dataset_particles2SNR_clean/train/10um/HFocusing_5_10_10um_0_610.npy574.npy,10um,1003,2500,1,3,1,26300.828125,1,peak_bin_energy_over_lowest_window_energy,-0.0950906151302661,0.1400190810741869,0.1692559250091769,-0.46920823518104804,-0.0009492866820541765,0.13041599006414725,0.1304194449061047,-0.33781396339234426,0.9421778832794824,0.004399176925597203
HFocusing_5_10_10um_0_613.npy576.npy,P0/data/dataset_particles2SNR_clean/train/10um/HFocusing_5_10_10um_0_613.npy576.npy,10um,1004,2500,1,3,1,15120.650390625,1,peak_bin_energy_over_lowest_window_energy,0.03434190538364395,0.11432256865455294,0.11936924297805579,0.44192502975415104,0.00012059531140129848,0.10065372792416398,0.10065380016800539,0.7978607776076045,0.9271319696934999,0.007437554752643583
HFocusing_5_10_10um_0_622.npy578.npy,P0/data/dataset_particles2SNR_clean/train/10um/HFocusing_5_10_10um_0_622.npy578.npy,10um,1005,2500,1,3,1,15368.8095703125,1,peak_bin_energy_over_lowest_window_energy,-0.032769115889300815,0.1263740661810703,0.13055351224422868,-0.7744636123014401,9.968674392677438e-05,0.10264114046003718,0.10264118886871876,0.687848205196715,0.9326215852115246,0.007130939456860185
HFocusing_5_10_10um_0_632.npy580.npy,P0/data/dataset_particles2SNR_clean/train/10um/HFocusing_5_10_10um_0_632.npy580.npy,10um,1006,2500,1,3,1,9501.099609375,1,peak_bin_energy_over_lowest_window_energy,0.8042536777027446,0.0851015206804221,0.808743622491399,0.1968056528398079,0.0006408306121498,0.07582271664655048,0.07582542465121148,0.21949463338950537,0.8879829027743106,0.012616471515858575
HFocusing_5_10_10um_0_656.npy584.npy,P0/data/dataset_particles2SNR_clean/train/10um/HFocusing_5_10_10um_0_656.npy584.npy,10um,1007,2500,1,3,1,14823.4755859375,1,peak_bin_energy_over_lowest_window_energy,-0.34673894758456275,0.12784918887359573,0.369558267215992,-0.4742363776280847,0.0005281205972904185,0.09883519122329741,0.09883660220541297,0.7227110125603633,0.9178400459695485,0.007739296290448426
HFocusing_5_10_10um_0_663.npy588.npy,P0/data/dataset_particles2SNR_clean/train/10um/HFocusing_5_10_10um_0_663.npy588.npy,10um,1008,2500,1,3,1,6541.86865234375,1,peak_bin_energy_over_lowest_window_energy,0.6558587089206671,0.14124001425215438,0.6708944683726593,3.273496045194351,0.0010645681360132435,0.12781969084900477,0.12782412399094065,3.9873433327325287,0.9498759683420289,0.006363270662983626
HFocusing_5_10_10um_0_673.npy592.npy,P0/data/dataset_particles2SNR_clean/train/10um/HFocusing_5_10_10um_0_673.npy592.npy,10um,1009,2500,1,3,1,148516.78125,1,peak_bin_energy_over_lowest_window_energy,-1.4845786959532015,0.7728947037455282,1.6737204448640748,-1.748745648661392,-0.00030110955434710005,0.3173358761912739,0.3173360190477079,2.811576164372055,0.8207294990222228,0.0023455803109010934
HFocusing_5_10_10um_0_686.npy596.npy,P0/data/dataset_particles2SNR_clean/train/10um/HFocusing_5_10_10um_0_686.npy596.npy,10um,1010,2500,1,3,1,170583.78125,1,peak_bin_energy_over_lowest_window_energy,-0.3112142584734884,0.3492033279296981,0.46775771390152354,1.4334008629607249,0.0002814137833198032,0.32526475730731524,0.32526487904460905,0.8343292493524168,0.9671900953255577,0.0012574960136354993
HFocusing_5_10_10um_0_695.npy600.npy,P0/data/dataset_particles2SNR_clean/train/10um/HFocusing_5_10_10um_0_695.npy600.npy,10um,1011,2500,1,3,1,78327.2265625,1,peak_bin_energy_over_lowest_window_energy,-0.961314531354453,0.49059192092761295,1.0792618130336478,-1.1527769332697289,-0.0008933530130671702,0.259892363944108,0.25989389934367957,1.2272663311173204,0.9537948746743454,0.0014357627499375068
HFocusing_5_10_10um_0_695.npy601.npy,P0/data/dataset_particles2SNR_clean/train/10um/HFocusing_5_10_10um_0_695.npy601.npy,10um,1012,2500,1,3,1,43688.42578125,1,peak_bin_energy_over_lowest_window_energy,1.9995403348534802,0.2892770880806337,2.0203570932868224,-1.399865345181746,-0.0014578612512082196,0.1698411582554789,0.16984741504359263,-0.2108007870247115,0.8844365643919654,0.0029517527836574555
HFocusing_5_10_10um_0_701.npy602.npy,P0/data/dataset_particles2SNR_clean/train/10um/HFocusing_5_10_10um_0_701.npy602.npy,10um,1013,2500,1,3,1,11655.484375,1,peak_bin_energy_over_lowest_window_energy,1.3008858793880644,0.2041860506556897,1.316812824388351,-1.236620728041685,0.0005093622761750481,0.08631363716067665,0.08631514009623881,0.7291901744769449,0.7930893089983208,0.008551761055649983
HFocusing_5_10_10um_0_707.npy604.npy,P0/data/dataset_particles2SNR_clean/train/10um/HFocusing_5_10_10um_0_707.npy604.npy,10um,1014,2500,1,3,1,183706.828125,1,peak_bin_energy_over_lowest_window_energy,-0.07131007914992933,0.6940951189012192,0.6977486377420358,-1.2093560305859001,0.0009045193221005487,0.37887853431418034,0.37887961401910447,-0.39430926127215216,0.9491232710182461,0.000872058731663607
HFocusing_5_10_10um_0_731.npy618.npy,P0/data/dataset_particles2SNR_clean/train/10um/HFocusing_5_10_10um_0_731.npy618.npy,10um,1015,2500,1,3,1,71862.046875,1,peak_bin_energy_over_lowest_window_energy,-0.8106256553425427,1.3437637562602527,1.5693358422397008,-1.7386815266636901,-0.0007956926774312325,0.2192381631033218,0.21923960702335615,4.0599382528408645,0.37044925818082036,0.0013261060815407278
HFocusing_5_10_10um_0_734.npy619.npy,P0/data/dataset_particles2SNR_clean/train/10um/HFocusing_5_10_10um_0_734.npy619.npy,10um,1016,2500,1,3,1,14784.2412109375,1,peak_bin_energy_over_lowest_window_energy,0.511802022567359,0.15179318487041257,0.5338375045621492,-0.4579499092061976,0.001154876046169182,0.12595331382931294,0.1259586082936272,0.25751904675402804,0.943225739617188,0.0054265817246002155
HFocusing_5_10_10um_0_753.npy627.npy,P0/data/dataset_particles2SNR_clean/train/10um/HFocusing_5_10_10um_0_753.npy627.npy,10um,1017,2500,1,3,1,39453.75390625,1,peak_bin_energy_over_lowest_window_energy,0.2841436744109363,0.16650835985095072,0.32933669945513494,-0.3247302343515899,-7.829402793328662e-05,0.15985017369878146,0.15985019287284397,-0.2727336346014937,0.9769720237777192,0.003135384207691698
HFocusing_5_10_10um_0_757.npy628.npy,P0/data/dataset_particles2SNR_clean/train/10um/HFocusing_5_10_10um_0_757.npy628.npy,10um,1018,2500,1,3,1,32900.43359375,1,peak_bin_energy_over_lowest_window_energy,1.5415921791740965,0.43328774802136694,1.6013259254368446,-1.3050597408138458,0.000324269283791644,0.14169567606850195,0.1416960471116899,-0.18256685055657274,0.8197775995486967,0.0031812421671481195
HFocusing_5_10_10um_0_76.npy629.npy,P0/data/dataset_particles2SNR_clean/train/10um/HFocusing_5_10_10um_0_76.npy629.npy,10um,1019,2500,1,3,1,9472.19140625,1,peak_bin_energy_over_lowest_window_energy,0.3974956794606322,0.2678130392269731,0.47929806923234936,-1.179466021676879,-0.0005954242686309896,0.07936973034902037,0.07937196372609084,0.8243497014673387,0.7091892664869824,0.009472221691567072
HFocusing_5_10_10um_0_765.npy631.npy,P0/data/dataset_particles2SNR_clean/train/10um/HFocusing_5_10_10um_0_765.npy631.npy,10um,1020,2500,1,3,1,28835.58203125,1,peak_bin_energy_over_lowest_window_energy,0.3147602981143,0.13243901377866246,0.34148812225268943,0.4965559792089782,-0.0005079076679117047,0.12388270783770444,0.12388374902060867,0.9681501097099976,0.968227188434802,0.004733630814029488
HFocusing_5_10_10um_0_772.npy633.npy,P0/data/dataset_particles2SNR_clean/train/10um/HFocusing_5_10_10um_0_772.npy633.npy,10um,1021,2500,0,3,0,22551.61328125,1,peak_bin_energy_over_lowest_window_energy,1.4226127184680193,0.23318285860134444,1.441596750930184,-0.9688648836764928,0.0013721975530000634,0.1466259995730303,0.1466324202791277,-0.9154848117674104,0.9346611424585297,0.004264665924925687
HFocusing_5_10_10um_0_779.npy640.npy,P0/data/dataset_particles2SNR_clean/train/10um/HFocusing_5_10_10um_0_779.npy640.npy,10um,1022,2500,1,3,1,28705.5859375,1,peak_bin_energy_over_lowest_window_energy,1.179459908358611,0.18543400500787635,1.1939478404178987,-1.0732513664549357,0.0009219235936886932,0.1675757069413371,0.16757824291954337,-1.1288372942849778,0.9668027107080848,0.003278747954166091
HFocusing_5_10_10um_0_79.npy642.npy,P0/data/dataset_particles2SNR_clean/train/10um/HFocusing_5_10_10um_0_79.npy642.npy,10um,1023,2500,1,3,1,20679.984375,1,peak_bin_energy_over_lowest_window_energy,1.2705062886396816,0.26019169879643395,1.2968754564704938,-1.425801599462792,-0.0002145112290723098,0.11231888379261394,0.11231908863361612,1.0664116214962363,0.8244326075421767,0.005652508335253074
HFocusing_5_10_10um_0_791.npy643.npy,P0/data/dataset_particles2SNR_clean/train/10um/HFocusing_5_10_10um_0_791.npy643.npy,10um,1024,2500,1,3,1,26850.16796875,1,peak_bin_energy_over_lowest_window_energy,-0.005801455847580257,0.16307038890702866,0.16317355370353678,-0.6753819021006677,-0.00047947741976123767,0.12156684200918269,0.12156778757006992,0.4512909570090553,0.9408744152105345,0.004843261125072743
HFocusing_5_10_10um_0_800.npy646.npy,P0/data/dataset_particles2SNR_clean/train/10um/HFocusing_5_10_10um_0_800.npy646.npy,10um,1025,2500,1,3,1,70962.40625,1,peak_bin_energy_over_lowest_window_energy,-1.551959582261795,0.7160289916712848,1.7091740876481842,-1.6665128421899638,0.0007346731495748896,0.2228387811944639,0.2228399922564863,2.3875019283259604,0.7434227945140494,0.0033883828273362578
HFocusing_5_10_10um_0_806.npy648.npy,P0/data/dataset_particles2SNR_clean/train/10um/HFocusing_5_10_10um_0_806.npy648.npy,10um,1026,2500,1,3,1,228224.09375,1,peak_bin_energy_over_lowest_window_energy,0.8875450790407303,0.5378506792571972,1.0377955581456515,-1.3077523686330943,-0.001983396147496277,0.35838086631049615,0.35838635464780133,0.19390499616587098,0.9637695258635761,0.0011349741280887564
HFocusing_5_10_10um_0_816.npy653.npy,P0/data/dataset_particles2SNR_clean/train/10um/HFocusing_5_10_10um_0_816.npy653.npy,10um,1027,2500,1,3,1,61921.078125,1,peak_bin_energy_over_lowest_window_energy,0.6012179435902646,0.21092251199378176,0.6371430936302093,0.0747188468023503,-0.0006914726876920714,0.19321221463974753,0.1932134519656271,0.9256043500416617,0.980340653334868,0.001975369067598027
HFocusing_5_10_10um_0_819.npy654.npy,P0/data/dataset_particles2SNR_clean/train/10um/HFocusing_5_10_10um_0_819.npy654.npy,10um,1028,2500,1,3,1,7811.765625,1,peak_bin_energy_over_lowest_window_energy,-0.13021352138890716,0.13483252147570285,0.18744431173016493,-1.2312209736519801,0.001105337843379987,0.07048382713717258,0.07049249364046382,0.3333601186724011,0.8610189844701959,0.012486849946237331
HFocusing_5_10_10um_0_830.npy657.npy,P0/data/dataset_particles2SNR_clean/train/10um/HFocusing_5_10_10um_0_830.npy657.npy,10um,1029,2500,1,3,1,2578142.5,1,peak_bin_energy_over_lowest_window_energy,-0.0851722370668458,1.4964922268224958,1.4989140385316042,-1.1887952628740608,-0.006200423326805054,1.4811922846860586,1.4812052624342573,-1.174585042170762,0.9964165973073299,0.0005022465475320588
HFocusing_5_10_10um_0_833.npy658.npy,P0/data/dataset_particles2SNR_clean/train/10um/HFocusing_5_10_10um_0_833.npy658.npy,10um,1030,2500,1,3,1,25756.40625,1,peak_bin_energy_over_lowest_window_energy,-0.6334977123826994,0.4465577626271634,0.7750697948937832,-1.0876596269423533,-0.001644597640909435,0.12875036602955045,0.12876086926603014,-0.018967968870557517,0.7089620264869492,0.0035124647799411545
HFocusing_5_10_10um_0_837.npy659.npy,P0/data/dataset_particles2SNR_clean/train/10um/HFocusing_5_10_10um_0_837.npy659.npy,10um,1031,2500,1,3,1,7273.86181640625,1,peak_bin_energy_over_lowest_window_energy,1.5404671600278679,0.36013524468441127,1.5820039398143815,-0.9128476529822769,-0.0006673874508423004,0.1325147963346427,0.13251647691370827,0.1089123428022325,0.6311322830371744,0.007448151578749144
HFocusing_5_10_10um_0_843.npy661.npy,P0/data/dataset_particles2SNR_clean/train/10um/HFocusing_5_10_10um_0_843.npy661.npy,10um,1032,2500,1,3,1,27262.193359375,1,peak_bin_energy_over_lowest_window_energy,0.4123062717654864,0.12686228869826016,0.4313820835766315,0.6966829839270039,0.00120230880507087,0.12027712886672573,0.12028313794911447,0.7255249961730033,0.9437979483923613,0.005443043588939041
HFocusing_5_10_10um_0_873.npy666.npy,P0/data/dataset_particles2SNR_clean/train/10um/HFocusing_5_10_10um_0_873.npy666.npy,10um,1033,2500,1,3,1,13915.015625,1,peak_bin_energy_over_lowest_window_energy,-0.8426361901781074,0.3329720894951301,0.906038719581359,-1.4517406600609102,0.0005660366452881309,0.09639315556760507,0.0963948174839515,0.4548668886856486,0.7224448293258107,0.00645471131353251
HFocusing_5_10_10um_0_876.npy667.npy,P0/data/dataset_particles2SNR_clean/train/10um/HFocusing_5_10_10um_0_876.npy667.npy,10um,1034,2500,1,3,1,18363.42578125,1,peak_bin_energy_over_lowest_window_energy,0.15531370233948716,0.14374586949747392,0.21162519021133477,-0.4125270537085446,-7.215087852930786e-05,0.12136452992119616,0.1213645513679435,-0.12025692808488042,0.9340005227683003,0.005154434402990233
HFocusing_5_10_10um_0_879.npy668.npy,P0/data/dataset_particles2SNR_clean/train/10um/HFocusing_5_10_10um_0_879.npy668.npy,10um,1035,2500,1,3,1,29579.296875,1,peak_bin_energy_over_lowest_window_energy,0.7480050666577784,0.1872398535865956,0.771083875150322,-1.2227134736931924,-0.0009119759741862157,0.13122691318255694,0.13123008208333878,1.0118579571873187,0.9373120335215042,0.004133268571802886
HFocusing_5_10_10um_0_895.npy672.npy,P0/data/dataset_particles2SNR_clean/train/10um/HFocusing_5_10_10um_0_895.npy672.npy,10um,1036,2500,1,3,1,71097.75,1,peak_bin_energy_over_lowest_window_energy,2.6099829853922323,0.2937985500802726,2.626466975247589,-0.8054469096547123,-0.0011687220511428123,0.18809674706774307,0.18810037790684878,1.3983402162029233,0.9355939604941318,0.0023146591757887158
HFocusing_5_10_10um_0_902.npy676.npy,P0/data/dataset_particles2SNR_clean/train/10um/HFocusing_5_10_10um_0_902.npy676.npy,10um,1037,2500,1,3,1,42901.46875,1,peak_bin_energy_over_lowest_window_energy,0.22142120104272658,0.20755612152495884,0.3034911726124617,-0.271710535648217,-0.0014312347767607841,0.19624807445693035,0.19625329337628727,-0.008965501823841038,0.9643417236596739,0.0025296167355634324
HFocusing_5_10_10um_0_917.npy682.npy,P0/data/dataset_particles2SNR_clean/train/10um/HFocusing_5_10_10um_0_917.npy682.npy,10um,1038,2500,1,3,1,15443.021484375,1,peak_bin_energy_over_lowest_window_energy,1.4443178775220828,0.40934390313417096,1.5012050367498142,-1.2194773843936675,-0.0011056560660829965,0.10097051359664802,0.10097656704061268,-0.407568494324404,0.7134329530343848,0.0055415094833307366
HFocusing_5_10_10um_0_930.npy690.npy,P0/data/dataset_particles2SNR_clean/train/10um/HFocusing_5_10_10um_0_930.npy690.npy,10um,1039,2500,1,3,1,28709.5078125,1,peak_bin_energy_over_lowest_window_energy,-0.36066971632547706,0.1436355389995643,0.38821876865756433,-0.32981360006026517,0.0013765664141951349,0.13584300423968843,0.13584997878526406,-0.20033100030069395,0.9668479029802258,0.00426618102429436
HFocusing_5_10_10um_0_933.npy691.npy,P0/data/dataset_particles2SNR_clean/train/10um/HFocusing_5_10_10um_0_933.npy691.npy,10um,1040,2500,1,3,1,45836.93359375,1,peak_bin_energy_over_lowest_window_energy,-0.11935252309186453,0.19650846080864867,0.22991433173636275,-0.49560577928914595,0.0018100753784951692,0.19028010287264413,0.19028871201965677,-0.6779971919085832,0.957415056976681,0.0025189280351777445
HFocusing_5_10_10um_0_939.npy693.npy,P0/data/dataset_particles2SNR_clean/train/10um/HFocusing_5_10_10um_0_939.npy693.npy,10um,1041,2500,1,3,1,14031.138671875,1,peak_bin_energy_over_lowest_window_energy,0.7725277718543022,0.12186863431264155,0.7820812760291613,-0.6587484477395273,-0.0007675063805390022,0.1069204264439362,0.10692318110212275,-0.9591197883281328,0.9163855455504594,0.006750919584641852
HFocusing_5_10_10um_0_943.npy694.npy,P0/data/dataset_particles2SNR_clean/train/10um/HFocusing_5_10_10um_0_943.npy694.npy,10um,1042,2500,1,3,1,24153.12109375,1,peak_bin_energy_over_lowest_window_energy,0.8475755323555386,0.13059932491646398,0.8575782569051122,-0.11518487018523205,-0.0009001165367362958,0.12374181949946834,0.1237450932474444,0.08489468849495774,0.9584831989923679,0.004983956098464976
HFocusing_5_10_10um_0_972.npy704.npy,P0/data/dataset_particles2SNR_clean/train/10um/HFocusing_5_10_10um_0_972.npy704.npy,10um,1043,2500,1,3,1,109750.7109375,1,peak_bin_energy_over_lowest_window_energy,1.4861119258929185,0.3541910299965341,1.5277368693630342,-0.8388538143729027,0.00033590752464338476,0.25206177379358874,0.2520619976153395,1.3893859535673716,0.9574973172908705,0.0017045869250458998
HFocusing_5_10_10um_0_985.npy708.npy,P0/data/dataset_particles2SNR_clean/train/10um/HFocusing_5_10_10um_0_985.npy708.npy,10um,1044,2500,1,3,1,25171.6796875,1,peak_bin_energy_over_lowest_window_energy,0.48439576681250474,0.1297174089829129,0.5014637226152205,-0.3285824444240033,0.000599088910009262,0.125162972077001,0.12516440582957372,-0.3050621522462129,0.9655498477729348,0.005315627537551459
HFocusing_5_10_10um_0_991.npy710.npy,P0/data/dataset_particles2SNR_clean/train/10um/HFocusing_5_10_10um_0_991.npy710.npy,10um,1045,2500,1,3,1,20011.4609375,1,peak_bin_energy_over_lowest_window_energy,0.7684872739692218,0.11386351466822502,0.7768768179224084,0.11993462780914665,-0.0003649764833767979,0.10282005132557344,0.10282069909520639,0.9526473678556902,0.9507226989719667,0.006948766387482634
HFocusing_5_10_10um_0_994.npy711.npy,P0/data/dataset_particles2SNR_clean/train/10um/HFocusing_5_10_10um_0_994.npy711.npy,10um,1046,2500,1,3,1,16086.32421875,1,peak_bin_energy_over_lowest_window_energy,-1.0081463342389918,0.11307491640864877,1.0144678250000538,1.16819806194618,-0.00032070201916054193,0.1026265500449889,0.10262705113137426,1.481254263825809,0.9344750038300588,0.007135354455217189
particle_10um_00012.npy11.npy,P0/data/dataset_particles2SNR_clean/train/10um/particle_10um_00012.npy11.npy,10um,1047,2500,2,3,1,138055.453125,1,peak_bin_energy_over_lowest_window_energy,-0.15558182972801246,0.36344659461673845,0.39534685135968906,-0.23925740539681062,0.005975603638594304,0.3610794931413446,0.3611289357086412,-0.27230693776774073,0.9891199544030606,0.0014143911607675834
particle_10um_00013.npy12.npy,P0/data/dataset_particles2SNR_clean/train/10um/particle_10um_00013.npy12.npy,10um,1048,2500,2,3,1,99002.796875,1,peak_bin_energy_over_lowest_window_energy,-0.24136824756188638,0.35800833897557266,0.4317737853403616,-0.5002975801718956,0.0020949278383139694,0.348794101274128,0.34880039249730554,-0.6757513964675761,0.9599693264339179,0.0019140363184280116
particle_10um_00014.npy13.npy,P0/data/dataset_particles2SNR_clean/train/10um/particle_10um_00014.npy13.npy,10um,1049,2500,2,3,1,68614.421875,1,peak_bin_energy_over_lowest_window_energy,-0.07410078464968381,0.3082116022666209,0.31699419246644966,-0.4337428286274312,-0.001810559538292597,0.30204772559327375,0.30205315204763433,-0.4559538869173365,0.987568644588324,0.002323587005940181
particle_10um_00018.npy16.npy,P0/data/dataset_particles2SNR_clean/train/10um/particle_10um_00018.npy16.npy,10um,1050,2500,1,3,1,19294.421875,1,peak_bin_energy_over_lowest_window_energy,0.3158784582240184,0.2029743025266874,0.3754700625298616,0.5925371091770137,0.0015447216707421348,0.1695684376222632,0.16957547347035604,1.6194128249929456,0.8965615277028715,0.00793467014691344
particle_10um_00019.npy17.npy,P0/data/dataset_particles2SNR_clean/train/10um/particle_10um_00019.npy17.npy,10um,1051,2500,2,3,1,74670.125,1,peak_bin_energy_over_lowest_window_energy,0.3535910400123511,0.268992791856589,0.44427890524738883,-0.20609631775732096,0.0032102004583014405,0.2646871644799181,0.2647066308716155,-0.4652395753887397,0.978108873035596,0.002449492801222988
particle_10um_00021.npy18.npy,P0/data/dataset_particles2SNR_clean/train/10um/particle_10um_00021.npy18.npy,10um,1052,2500,3,3,1,72836.265625,1,peak_bin_energy_over_lowest_window_energy,-0.17042996658264842,0.3398375411566886,0.3801788104152922,-0.2819252439644009,-0.000994533449280074,0.3148808263917285,0.31488239697690246,-0.07249520824393718,0.9511999207532377,0.001963459945075474
particle_10um_00022.npy19.npy,P0/data/dataset_particles2SNR_clean/train/10um/particle_10um_00022.npy19.npy,10um,1053,2500,3,3,1,183637.140625,1,peak_bin_energy_over_lowest_window_energy,0.09363974034989829,0.37127556985641536,0.3829020106306603,-0.3991703372817579,0.00885251604680045,0.3674406164705668,0.36754724005579065,-0.3545745332137127,0.9886762647152544,0.0013887111670901004
particle_10um_00023.npy20.npy,P0/data/dataset_particles2SNR_clean/train/10um/particle_10um_00023.npy20.npy,10um,1054,2500,3,3,1,106743.1015625,1,peak_bin_energy_over_lowest_window_energy,0.07805771379404385,0.3134265420142119,0.323000315668173,-0.7821361133463536,0.0016917846898598576,0.30271989775208663,0.3027246250810638,-0.8414986614029929,0.9629065593545634,0.0020565290260813576
particle_10um_00024.npy21.npy,P0/data/dataset_particles2SNR_clean/train/10um/particle_10um_00024.npy21.npy,10um,1055,2500,3,3,1,176060.0625,1,peak_bin_energy_over_lowest_window_energy,-0.23347076415688048,0.3828837679399768,0.4484513100303217,-0.19895832175767314,-0.0025559008606033037,0.3621663209378006,0.3621753396503291,-0.2434835259971968,0.9465454421442039,0.0012120546591624232
particle_10um_00025.npy22.npy,P0/data/dataset_particles2SNR_clean/train/10um/particle_10um_00025.npy22.npy,10um,1056,2500,3,3,1,184107.21875,1,peak_bin_energy_over_lowest_window_energy,-0.28603790857867434,0.440170169124254,0.5249451999313227,-0.25209148434836015,0.0007155629189508161,0.4227135690956899,0.42271417474211526,-0.28623374878894214,0.9658981010182629,0.0010375617884386353
particle_10um_00028.npy24.npy,P0/data/dataset_particles2SNR_clean/train/10um/particle_10um_00028.npy24.npy,10um,1057,2500,3,3,1,110370.609375,1,peak_bin_energy_over_lowest_window_energy,0.1217386744684132,0.35272622287827116,0.37314352890985275,-0.27383161194105377,0.0027087573117251205,0.34658602916642134,0.34659661420666144,-0.33978246146538416,0.9765797708355871,0.0016287082359928067
particle_10um_00029.npy25.npy,P0/data/dataset_particles2SNR_clean/train/10um/particle_10um_00029.npy25.npy,10um,1058,2500,3,3,1,74025.1015625,1,peak_bin_energy_over_lowest_window_energy,-0.005566618784110599,0.27753813349180684,0.2775939530804005,-0.6048487302404046,0.002867464304705754,0.26230715937572546,0.26232283204345935,-0.8738264751921134,0.9241419680253194,0.002635422607015607
particle_10um_00030.npy26.npy,P0/data/dataset_particles2SNR_clean/train/10um/particle_10um_00030.npy26.npy,10um,1059,2500,3,3,1,93004.96875,1,peak_bin_energy_over_lowest_window_energy,-0.2925511387620439,0.2726636859538014,0.3999145589108778,-0.5231705853062043,0.0008603878118651764,0.2636820522302719,0.26368345593827963,-0.5450878103492425,0.9700009015409291,0.0023748993435589918
particle_10um_00036.npy30.npy,P0/data/dataset_particles2SNR_clean/train/10um/particle_10um_00036.npy30.npy,10um,1060,2500,2,3,1,147230.21875,1,peak_bin_energy_over_lowest_window_energy,0.0871468024893714,0.3431129030664224,0.35400710365018057,0.12214521977304393,-0.0013041044807462292,0.32533433746490587,0.32533695120939765,0.3114429665931202,0.9774992480625118,0.0016342999792850331
particle_10um_00037.npy31.npy,P0/data/dataset_particles2SNR_clean/train/10um/particle_10um_00037.npy31.npy,10um,1061,2500,3,3,1,106880.46875,1,peak_bin_energy_over_lowest_window_energy,-0.4231977073582879,0.28802131719696,0.5119107135753098,-0.30436241357412586,0.003566868505271188,0.2764644647003929,0.27648747312131283,-0.3758594607612413,0.9740530371094142,0.0021924848249635543
particle_10um_00040.npy32.npy,P0/data/dataset_particles2SNR_clean/train/10um/particle_10um_00040.npy32.npy,10um,1062,2500,2,3,1,152801.28125,1,peak_bin_energy_over_lowest_window_energy,-0.30368373204724075,0.3233181428960168,0.4435746054902935,0.10172907643682016,-0.0028349546275932397,0.30940186779775025,0.30941485543599395,0.2938118616222094,0.9495440403048272,0.0016900296703949741
particle_10um_00041.npy33.npy,P0/data/dataset_particles2SNR_clean/train/10um/particle_10um_00041.npy33.npy,10um,1063,2500,2,3,1,176189.5,1,peak_bin_energy_over_lowest_window_energy,0.26593942465747616,0.3886425236901596,0.47092121295117484,0.12941062336800213,0.0013745643229932049,0.3814201566469037,0.38142263347057237,0.0973963469047141,0.9835564011333544,0.0011915319668953383
particle_10um_00042.npy34.npy,P0/data/dataset_particles2SNR_clean/train/10um/particle_10um_00042.npy34.npy,10um,1064,2500,2,3,1,103698.40625,1,peak_bin_energy_over_lowest_window_energy,-0.5835302245596428,0.3869418380125703,0.7001653440289467,-0.48758282294998256,-0.0030810525752906215,0.3808463749751794,0.38085883765078454,-0.4705719796692458,0.9778850781575458,0.0018769943769422336
particle_10um_00043.npy35.npy,P0/data/dataset_particles2SNR_clean/train/10um/particle_10um_00043.npy35.npy,10um,1065,2500,3,3,1,154467.65625,1,peak_bin_energy_over_lowest_window_energy,-0.4227074871979251,0.44236456792802825,0.6118562173348695,-0.3395110851680525,0.002246663992895094,0.4066948601791524,0.4067010656431052,-0.1085105128414594,0.9774212726011526,0.0012144382433356307
particle_10um_00046.npy36.npy,P0/data/dataset_particles2SNR_clean/train/10um/particle_10um_00046.npy36.npy,10um,1066,2500,2,3,1,96394.9375,1,peak_bin_energy_over_lowest_window_energy,0.1515307430134541,0.3221509388654174,0.35600954129079093,0.1207004095996913,-0.00019665645379885,0.30070915300430867,0.30070921730856465,0.15436787966432464,0.9306519688688941,0.0016903385323524278
particle_10um_00047.npy37.npy,P0/data/dataset_particles2SNR_clean/train/10um/particle_10um_00047.npy37.npy,10um,1067,2500,1,3,1,63788.5859375,1,peak_bin_energy_over_lowest_window_energy,0.34687999334558517,0.29210550857041995,0.4534879909331855,0.47970031891212317,-0.0016509222986734508,0.27715189983262517,0.2771568168479169,0.11517328786493986,0.961150867416096,0.0023376450394859776
particle_10um_00048.npy38.npy,P0/data/dataset_particles2SNR_clean/train/10um/particle_10um_00048.npy38.npy,10um,1068,2500,3,3,1,45762.953125,1,peak_bin_energy_over_lowest_window_energy,-0.4959495277223663,0.29720809676113397,0.5781855989458867,-0.02829902618328939,0.00039366520027821607,0.2835782553307623,0.28357852857494154,-0.03409168038453192,0.9493818723154592,0.003887766503894355
particle_10um_00049.npy39.npy,P0/data/dataset_particles2SNR_clean/train/10um/particle_10um_00049.npy39.npy,10um,1069,2500,3,3,1,94995.21875,1,peak_bin_energy_over_lowest_window_energy,0.45661195316002595,0.28210555572822144,0.5367290008387309,-0.47393451151097166,0.0060611688163709,0.2596224229463652,0.2596931656088814,-0.2818654482693477,0.88647492341019,0.0022162642616834873
particle_10um_00050.npy40.npy,P0/data/dataset_particles2SNR_clean/train/10um/particle_10um_00050.npy40.npy,10um,1070,2500,2,3,1,72544.96875,1,peak_bin_energy_over_lowest_window_energy,0.4758774717502156,0.3116290018328343,0.5688338974627882,-0.9434106182170137,-0.00042510725386597006,0.24395925530856127,0.24395962569016436,-0.4994856640474432,0.9561801986807915,0.002896093106133056
particle_10um_00052.npy41.npy,P0/data/dataset_particles2SNR_clean/train/10um/particle_10um_00052.npy41.npy,10um,1071,2500,3,3,1,82759.296875,1,peak_bin_energy_over_lowest_window_energy,0.29352437618386495,0.275939566469482,0.402863753342855,-0.08022914501087852,-0.001169079617787416,0.26240211008368025,0.2624047143698462,-0.05951608882995307,0.9808199610544285,0.0020219879957717925
particle_10um_00054.npy43.npy,P0/data/dataset_particles2SNR_clean/train/10um/particle_10um_00054.npy43.npy,10um,1072,2500,3,3,1,96379.1484375,1,peak_bin_energy_over_lowest_window_energy,-0.029983485260663405,0.29205811456155495,0.2935931737449404,-0.7601001903253879,0.004022703240207461,0.27928808355919676,0.27931705239660476,-0.8711047905870233,0.9685531556556572,0.0022614174915088128
particle_10um_00055.npy44.npy,P0/data/dataset_particles2SNR_clean/train/10um/particle_10um_00055.npy44.npy,10um,1073,2500,3,3,1,158812.890625,1,peak_bin_energy_over_lowest_window_energy,0.0470269824748662,0.35149809911944707,0.3546300195489322,-0.5443963211193021,0.0036927060614382313,0.3378114280020437,0.3378316103724401,-0.5541057762622961,0.9842628790688954,0.0015835686605124289
particle_10um_00064.npy50.npy,P0/data/dataset_particles2SNR_clean/train/10um/particle_10um_00064.npy50.npy,10um,1074,2500,3,3,1,67055.2734375,1,peak_bin_energy_over_lowest_window_energy,0.9274649051503279,0.2702639276151665,0.9660402377000054,-0.18984765394919423,-0.002112751935249264,0.2622869521417425,0.26229546123512054,-0.20341558504552104,0.9789850258227997,0.0025277121439924452
particle_10um_00065.npy51.npy,P0/data/dataset_particles2SNR_clean/train/10um/particle_10um_00065.npy51.npy,10um,1075,2500,3,3,1,56382.92578125,1,peak_bin_energy_over_lowest_window_energy,0.3610162670123586,0.27348605604984616,0.4529098893833498,-0.9611058604743241,-0.002590587015753525,0.21653997652400148,0.21655547227927838,-0.8131593997309441,0.9580967135742631,0.0036311353048708995
particle_10um_00071.npy55.npy,P0/data/dataset_particles2SNR_clean/train/10um/particle_10um_00071.npy55.npy,10um,1076,2500,1,3,1,488194.5625,1,peak_bin_energy_over_lowest_window_energy,0.8064324299250145,0.6094394323396065,1.01081634619014,-0.3981735182034307,0.002867699830224802,0.5855451224076041,0.5855521446273187,-0.1824792266476294,0.9903209338174978,0.0006383569947332726
particle_10um_00073.npy58.npy,P0/data/dataset_particles2SNR_clean/train/10um/particle_10um_00073.npy58.npy,10um,1077,2500,2,3,1,142923.703125,1,peak_bin_energy_over_lowest_window_energy,-0.3763147859604369,0.3671867506671953,0.5257745980912186,-0.4585259340947152,0.0024379270061791907,0.34403734909031586,0.3440459868348697,-0.4757989079134952,0.9735203909619676,0.0015366708802126608
particle_10um_00076.npy59.npy,P0/data/dataset_particles2SNR_clean/train/10um/particle_10um_00076.npy59.npy,10um,1078,2500,1,3,1,596728.125,1,peak_bin_energy_over_lowest_window_energy,0.6167870226809599,0.8778388122181889,1.0728593624442506,-0.9330455380036176,0.009261060260788339,0.7596078156628135,0.7596642685115478,-0.45549946648948936,0.986090042109476,0.0005553946022447922
particle_10um_00079.npy63.npy,P0/data/dataset_particles2SNR_clean/train/10um/particle_10um_00079.npy63.npy,10um,1079,2500,3,3,1,392578.5,1,peak_bin_energy_over_lowest_window_energy,-0.04708530551005843,0.6372714065776977,0.6390085067011962,-0.9686907968308276,0.00289018530131095,0.4942027911836114,0.49421124226867613,0.3951952093243025,0.9652374968797421,0.0009056336570763243
particle_10um_00080.npy65.npy,P0/data/dataset_particles2SNR_clean/train/10um/particle_10um_00080.npy65.npy,10um,1080,2500,2,3,1,79038.453125,1,peak_bin_energy_over_lowest_window_energy,-0.23901077767896137,0.30485404396318977,0.38737854866707877,-0.6396289081473543,0.002976844116293841,0.2658194512405641,0.26583611917632144,-0.05350260424030662,0.9717398407502238,0.002268539267922371
particle_10um_00081.npy66.npy,P0/data/dataset_particles2SNR_clean/train/10um/particle_10um_00081.npy66.npy,10um,1081,2500,3,3,1,95532.1484375,1,peak_bin_energy_over_lowest_window_energy,-0.7360381549156835,0.3434219171570062,0.812213505597806,-0.3669001541905854,0.002484325437215574,0.2895502061116809,0.28956086360590044,0.3236041890136585,0.9633514411457665,0.001986596693678959
particle_10um_00082.npy67.npy,P0/data/dataset_particles2SNR_clean/train/10um/particle_10um_00082.npy67.npy,10um,1082,2500,3,3,1,294392.125,1,peak_bin_energy_over_lowest_window_energy,-0.40548821726370043,0.5932361356013017,0.7185748443432041,-0.9239726382482134,-0.0015179344085726385,0.4691325667923081,0.46913502251484923,-0.6263254247849259,0.9726196240800177,0.0011166948756854678
particle_10um_00083.npy68.npy,P0/data/dataset_particles2SNR_clean/train/10um/particle_10um_00083.npy68.npy,10um,1083,2500,2,3,1,320412.5625,1,peak_bin_energy_over_lowest_window_energy,1.3670714794810381,0.7566309390782294,1.5624899385214863,-1.1216901936641024,0.0005407908880653821,0.5112824216304601,0.5112827076315921,0.8580902197606095,0.9466025036079054,0.0008583002705073063
particle_10um_00086.npy70.npy,P0/data/dataset_particles2SNR_clean/train/10um/particle_10um_00086.npy70.npy,10um,1084,2500,3,3,1,278652.90625,1,peak_bin_energy_over_lowest_window_energy,2.1226763729633564,0.44994957321746964,2.1698409164672543,-0.24634320917368857,-0.0005545003440519337,0.4267163589814002,0.42671671925643456,-0.19747878928808094,0.9686669827405923,0.0013488445826651595
particle_10um_00089.npy72.npy,P0/data/dataset_particles2SNR_clean/train/10um/particle_10um_00089.npy72.npy,10um,1085,2500,3,3,1,130922.0859375,1,peak_bin_energy_over_lowest_window_energy,-0.47143076201108836,0.41707262443035226,0.6294414487619775,-0.848303258355279,-0.0021072181159398837,0.3425873198267021,0.3425938004025047,-0.6729535984682355,0.9394757467484192,0.0018624993869343187
particle_10um_00091.npy74.npy,P0/data/dataset_particles2SNR_clean/train/10um/particle_10um_00091.npy74.npy,10um,1086,2500,3,3,1,112847.78125,1,peak_bin_energy_over_lowest_window_energy,-0.027573964665879726,0.2782497947699247,0.27961271755215356,-0.2801159726207443,0.0015210579567180333,0.27076557933021805,0.27076985165881434,-0.18069085682059116,0.9781905429103742,0.0022843550440474394
particle_10um_00092.npy75.npy,P0/data/dataset_particles2SNR_clean/train/10um/particle_10um_00092.npy75.npy,10um,1087,2500,2,3,1,92260.2109375,1,peak_bin_energy_over_lowest_window_energy,0.05724664161046269,0.2681193326956743,0.2741626424968406,0.19540376376162616,-0.005316408097969203,0.25298601427796136,0.2530418692930343,-0.03841577922550199,0.9490574244541936,0.002627327707185901
particle_10um_00093.npy76.npy,P0/data/dataset_particles2SNR_clean/train/10um/particle_10um_00093.npy76.npy,10um,1088,2500,3,3,1,100281.7109375,1,peak_bin_energy_over_lowest_window_energy,-0.012649901307875603,0.2797549275779528,0.28004078186443593,-0.11645330671638865,-0.0002679525342561348,0.2637765178936525,0.2637766539909493,-0.29271340459998463,0.9325076806419228,0.0024837056355225943
particle_10um_00094.npy77.npy,P0/data/dataset_particles2SNR_clean/train/10um/particle_10um_00094.npy77.npy,10um,1089,2500,3,3,1,71446.578125,1,peak_bin_energy_over_lowest_window_energy,0.10730070893564453,0.2640406656035622,0.2850103774083745,-0.30006419104779747,-0.0013407084772747325,0.24553035231868997,0.2455340127333911,-0.4631082813931795,0.957308139882118,0.0029245601883562443
particle_10um_00097.npy80.npy,P0/data/dataset_particles2SNR_clean/train/10um/particle_10um_00097.npy80.npy,10um,1090,2500,2,3,1,108407.390625,1,peak_bin_energy_over_lowest_window_energy,0.14827272853265466,0.32661296333194206,0.3586932252538244,0.876714663549742,-0.0034027508810000142,0.31576930497097505,0.3157876385728403,0.7307292396359273,0.9731485092173332,0.0015690873924704045
particle_10um_00099.npy81.npy,P0/data/dataset_particles2SNR_clean/train/10um/particle_10um_00099.npy81.npy,10um,1091,2500,3,3,1,118959.28125,1,peak_bin_energy_over_lowest_window_energy,0.1957400567304943,0.30561549970848834,0.3629256169946208,-0.21099066408051215,0.0012375106643815472,0.2949484857997807,0.2949510818902482,-0.36122519390615704,0.944366846607202,0.0018159863425304401
particle_10um_00101.npy83.npy,P0/data/dataset_particles2SNR_clean/train/10um/particle_10um_00101.npy83.npy,10um,1092,2500,3,3,1,54796.1328125,1,peak_bin_energy_over_lowest_window_energy,-0.29214407938284165,0.22858891530562886,0.37094616229185073,0.07491225741587293,0.002863931312515881,0.22086061798582515,0.22087918570939047,-0.004225796572106422,0.9491034568943496,0.003538479209746384
particle_10um_00104.npy85.npy,P0/data/dataset_particles2SNR_clean/train/10um/particle_10um_00104.npy85.npy,10um,1093,2500,2,3,1,26135.3359375,1,peak_bin_energy_over_lowest_window_energy,-0.40394077574625886,0.26667341693568175,0.4840277488023195,-0.43138712120975375,0.0008620849762515955,0.21857305561558946,0.2185747557053235,0.22434895468950877,0.9485139969770229,0.006605881636155411
particle_10um_00114.npy91.npy,P0/data/dataset_particles2SNR_clean/train/10um/particle_10um_00114.npy91.npy,10um,1094,2500,3,3,1,160118.859375,1,peak_bin_energy_over_lowest_window_energy,0.4530990358869076,0.437464756409549,0.6298207280029067,-0.4448525775508845,-0.000107599629008444,0.38376897659297116,0.38376899167715023,0.31219844412612385,0.9721164624465365,0.001453052658873023
particle_10um_00123.npy97.npy,P0/data/dataset_particles2SNR_clean/train/10um/particle_10um_00123.npy97.npy,10um,1095,2500,3,3,1,72455.8984375,1,peak_bin_energy_over_lowest_window_energy,0.42387949172761674,0.28811901673631707,0.5125294053148218,0.3758344889647822,-0.0011557604516498176,0.27307079521308414,0.2730732410554497,0.6135160316802777,0.9816501599638746,0.0021320449693601764
particle_10um_00131.npy101.npy,P0/data/dataset_particles2SNR_clean/train/10um/particle_10um_00131.npy101.npy,10um,1096,2500,2,3,1,210171.21875,1,peak_bin_energy_over_lowest_window_energy,1.131279882246502,0.3683075102287003,1.1897245874850717,0.8289789106828653,0.0013241645629584284,0.3588402457786225,0.35884268893521015,0.7446064260917882,0.9704891171583453,0.0012565415481271957
particle_10um_00149.npy114.npy,P0/data/dataset_particles2SNR_clean/train/10um/particle_10um_00149.npy114.npy,10um,1097,2500,3,3,1,27625.70703125,1,peak_bin_energy_over_lowest_window_energy,-0.9202499384458792,0.2514486856188548,0.953984481377498,-0.9297916950975988,0.00025667694886719283,0.21637157654708725,0.2163717287922064,-0.2115694251624909,0.780512646768779,0.0051218526187764134
particle_10um_00164.npy128.npy,P0/data/dataset_particles2SNR_clean/train/10um/particle_10um_00164.npy128.npy,10um,1098,2500,3,3,1,76437.328125,1,peak_bin_energy_over_lowest_window_energy,-0.5679929722449473,0.3251217043168342,0.6544617170908719,-0.8764353034323071,-0.0010107027885227844,0.2438153165122979,0.24381741136784865,-0.24592863131903142,0.878398506423196,0.002772970510456411
particle_10um_00167.npy131.npy,P0/data/dataset_particles2SNR_clean/train/10um/particle_10um_00167.npy131.npy,10um,1099,2500,3,3,1,79948.0546875,1,peak_bin_energy_over_lowest_window_energy,-0.8094046530036054,0.2523013178960883,0.8478159277319517,-0.30550741597878517,0.0013327022180009806,0.24002080394471417,0.24002450379381848,-0.10583649817476237,0.9804930661476935,0.0027878556783285215
particle_10um_00168.npy133.npy,P0/data/dataset_particles2SNR_clean/train/10um/particle_10um_00168.npy133.npy,10um,1100,2500,3,3,1,61574.953125,1,peak_bin_energy_over_lowest_window_energy,0.7184699001000646,0.2535435772590613,0.7618945746749469,-0.013638266775960695,-0.0018541143855632417,0.23969420915236658,0.23970138014065165,-0.030242316759173882,0.9543723842633872,0.0028731523306877566
particle_10um_00172.npy135.npy,P0/data/dataset_particles2SNR_clean/train/10um/particle_10um_00172.npy135.npy,10um,1101,2500,3,3,1,75474.8359375,1,peak_bin_energy_over_lowest_window_energy,0.2651821017765743,0.297086108015278,0.3982231819951054,-0.22391850205328634,-0.001422834195021067,0.25299392993163794,0.25299793089944644,-0.21477193589819654,0.9282806650625052,0.0023366206177821377
particle_10um_00173.npy136.npy,P0/data/dataset_particles2SNR_clean/train/10um/particle_10um_00173.npy136.npy,10um,1102,2500,3,3,1,75260.890625,1,peak_bin_energy_over_lowest_window_energy,-0.29771263721318975,0.2731643313618936,0.40404401528153183,-1.0559377378909023,-0.00286630833413935,0.22430389452924776,0.22432220760427232,-0.5701077692557082,0.9424432871269347,0.0032642605078355563
particle_10um_00175.npy139.npy,P0/data/dataset_particles2SNR_clean/train/10um/particle_10um_00175.npy139.npy,10um,1103,2500,3,3,1,52765.6328125,1,peak_bin_energy_over_lowest_window_energy,-0.5637189858166867,0.23219712482492322,0.6096676141531177,-0.5201940737376023,-0.00040990755238237215,0.19616499699995635,0.19616542527212683,-0.2402683421977332,0.946996721399688,0.003767901012973962
particle_10um_00176.npy140.npy,P0/data/dataset_particles2SNR_clean/train/10um/particle_10um_00176.npy140.npy,10um,1104,2500,3,3,1,74062.0703125,1,peak_bin_energy_over_lowest_window_energy,0.27522603514333793,0.30186036785220505,0.4084960857836834,-0.8142136384679728,-0.0016912431472054933,0.2295735738568501,0.2295798033730092,-0.176089691894048,0.9291981902145144,0.0029944389420571995
particle_10um_00177.npy141.npy,P0/data/dataset_particles2SNR_clean/train/10um/particle_10um_00177.npy141.npy,10um,1105,2500,3,3,1,63441.046875,1,peak_bin_energy_over_lowest_window_energy,0.7667047242418153,0.2665619850411734,0.8117212736178651,-0.3196263015439893,-0.0036218899363829253,0.22747249924051374,0.2275013318585999,0.14424740584864937,0.9647388977395845,0.002807817908732487
particle_10um_00178.npy142.npy,P0/data/dataset_particles2SNR_clean/train/10um/particle_10um_00178.npy142.npy,10um,1106,2500,3,3,1,83571.6953125,1,peak_bin_energy_over_lowest_window_energy,-0.48285699506634727,0.24932620875202977,0.5434284093191699,-0.06339731762549272,2.9029576189418195e-05,0.22053941982717584,0.2205394217377556,0.415081955807004,0.97281933852416,0.003322831447233853
particle_10um_00180.npy145.npy,P0/data/dataset_particles2SNR_clean/train/10um/particle_10um_00180.npy145.npy,10um,1107,2500,3,3,1,71174.1171875,1,peak_bin_energy_over_lowest_window_energy,0.6904852072161458,0.236715005519933,0.7299341170425079,0.13749010393296368,0.001023508697744576,0.21479090855075295,0.2147933471179037,0.025335496971929494,0.9342165111682168,0.0034118924733708275
particle_10um_00183.npy149.npy,P0/data/dataset_particles2SNR_clean/train/10um/particle_10um_00183.npy149.npy,10um,1108,2500,3,3,1,71847.0546875,1,peak_bin_energy_over_lowest_window_energy,-0.2294167766999244,0.2560006904556508,0.3437563249529424,-0.6570152966951328,0.0004151767972841782,0.21400576054415107,0.21400616327071872,0.05755318971971368,0.9617965072273899,0.0031491654080409723
particle_10um_00185.npy151.npy,P0/data/dataset_particles2SNR_clean/train/10um/particle_10um_00185.npy151.npy,10um,1109,2500,3,3,1,67786.7265625,1,peak_bin_energy_over_lowest_window_energy,-0.026443605484897,0.3355236064406288,0.3365640425683748,-0.49178623000151855,0.00025640066178453955,0.27585035417380016,0.2758504733349398,0.19604725207120977,0.9406291132323235,0.0025341437357361257
particle_10um_00186.npy153.npy,P0/data/dataset_particles2SNR_clean/train/10um/particle_10um_00186.npy153.npy,10um,1110,2500,3,3,1,51204.109375,1,peak_bin_energy_over_lowest_window_energy,-0.5913293090343815,0.23581525728516492,0.6366154155308742,-0.5410935747135404,0.0018997656699702788,0.21918920186587504,0.21919743457486018,-0.501885323669391,0.9351991164867194,0.0038129513873608497
particle_10um_00188.npy156.npy,P0/data/dataset_particles2SNR_clean/train/10um/particle_10um_00188.npy156.npy,10um,1111,2500,3,3,1,79263.15625,1,peak_bin_energy_over_lowest_window_energy,0.02932391067985683,0.26876898981874203,0.27036394290982535,-0.04783141055298401,-0.0008163953205431124,0.24632995891921805,0.24633131177839135,0.03487494500384258,0.9105332592893056,0.0027128227315218936
particle_10um_00189.npy157.npy,P0/data/dataset_particles2SNR_clean/train/10um/particle_10um_00189.npy157.npy,10um,1112,2500,3,3,1,118488.8046875,1,peak_bin_energy_over_lowest_window_energy,0.5462699425025943,0.29451528775389413,0.6206046284088983,-0.4026163213558194,0.004126129698830954,0.2831549348910726,0.28318499624708077,-0.5028240243425164,0.9634851349338966,0.002205241026060747
particle_10um_00202.npy171.npy,P0/data/dataset_particles2SNR_clean/train/10um/particle_10um_00202.npy171.npy,10um,1113,2500,3,3,1,111344.671875,1,peak_bin_energy_over_lowest_window_energy,0.1643280845048105,0.310776534713888,0.35154768365869316,0.23595105960293994,0.00391906405084386,0.2990126642845159,0.29903834614570624,0.3307935429367834,0.9644796331034395,0.001889951129229657
particle_10um_00203.npy172.npy,P0/data/dataset_particles2SNR_clean/train/10um/particle_10um_00203.npy172.npy,10um,1114,2500,3,3,1,97341.5390625,1,peak_bin_energy_over_lowest_window_energy,0.0028662899454429207,0.2889980159444872,0.28901222956460065,-0.07097822774669282,0.00444429794117124,0.2798760737474483,0.27991135818411694,0.04368590076158263,0.9841528925205648,0.0024234382271529774
particle_10um_00206.npy173.npy,P0/data/dataset_particles2SNR_clean/train/10um/particle_10um_00206.npy173.npy,10um,1115,2500,3,3,1,60015.125,1,peak_bin_energy_over_lowest_window_energy,-0.09779557535147453,0.2708360371923107,0.2879516167698328,0.589972127988593,-0.0009312947801941439,0.26104887148898204,0.2610505326859891,0.544312924743843,0.9725887922627997,0.002627660565941674
particle_10um_00207.npy174.npy,P0/data/dataset_particles2SNR_clean/train/10um/particle_10um_00207.npy174.npy,10um,1116,2500,3,3,1,77193.5390625,1,peak_bin_energy_over_lowest_window_energy,0.20863279743158974,0.24623600112596725,0.3227379934476852,-0.3790528902692305,-0.0013675358461815456,0.2394297068373844,0.23943361224048398,-0.39838440784781515,0.9835022050684077,0.0032905029941154426
particle_10um_00208.npy175.npy,P0/data/dataset_particles2SNR_clean/train/10um/particle_10um_00208.npy175.npy,10um,1117,2500,3,3,1,83115.4296875,1,peak_bin_energy_over_lowest_window_energy,-0.4110239310448978,0.2624793413756321,0.4876844026012997,-0.21070128123179543,-0.007931523593868308,0.23713026615796381,0.23726287571945773,0.6481899126325499,0.9771095284190024,0.003008613370686924
particle_10um_00209.npy177.npy,P0/data/dataset_particles2SNR_clean/train/10um/particle_10um_00209.npy177.npy,10um,1118,2500,3,3,1,87743.1953125,1,peak_bin_energy_over_lowest_window_energy,-0.014500167232244541,0.3138008852409523,0.3141357197578275,-0.6761323424912704,0.001694081262607213,0.23743278642574422,0.23743882997778057,-0.3403587376975694,0.9185200822989922,0.0028980718049782662
particle_10um_00211.npy179.npy,P0/data/dataset_particles2SNR_clean/train/10um/particle_10um_00211.npy179.npy,10um,1119,2500,3,3,1,97104.859375,1,peak_bin_energy_over_lowest_window_energy,0.006917878743570486,0.3202158645323481,0.32029058204154215,-1.0118842922714926,-0.0016332314150280436,0.24793738312400496,0.24794276233686408,-0.04982543160230568,0.9530822126961993,0.0023514791940509763
particle_10um_00213.npy181.npy,P0/data/dataset_particles2SNR_clean/train/10um/particle_10um_00213.npy181.npy,10um,1120,2500,3,3,1,45179.68359375,1,peak_bin_energy_over_lowest_window_energy,0.689470444359083,0.22011800589316108,0.7237550899047916,-0.016463035584977526,-0.002529419465006166,0.20429033220946485,0.20430599060498317,0.08604940351662771,0.9576027499234334,0.0039564698634372555
particle_10um_00215.npy183.npy,P0/data/dataset_particles2SNR_clean/train/10um/particle_10um_00215.npy183.npy,10um,1121,2500,3,3,1,84969.578125,1,peak_bin_energy_over_lowest_window_energy,-0.16097196858351168,0.3386013474902749,0.37491712043047715,-0.9465237258910935,-0.001427962220497617,0.2567847968870467,0.25678876725516053,-0.029932447333319345,0.9648150491792358,0.0023554721129741114
particle_10um_00221.npy189.npy,P0/data/dataset_particles2SNR_clean/train/10um/particle_10um_00221.npy189.npy,10um,1122,2500,3,3,1,56335.625,1,peak_bin_energy_over_lowest_window_energy,0.0024769240549328514,0.24526743007162521,0.24527993682059177,-0.33743711654661723,0.0006041922805113764,0.23151720472687198,0.2315179931082165,-0.19555011122443933,0.9584545910405785,0.003075140945262018
particle_10um_00222.npy191.npy,P0/data/dataset_particles2SNR_clean/train/10um/particle_10um_00222.npy191.npy,10um,1123,2500,3,3,1,77088.2578125,1,peak_bin_energy_over_lowest_window_energy,0.6238950812159973,0.23924978711619652,0.6681957295588331,-0.004017927966374124,-0.0006671601706494166,0.2231291989257636,0.22313019633376896,0.13814347436314955,0.9584056660118547,0.0032089194139697194
particle_10um_00226.npy194.npy,P0/data/dataset_particles2SNR_clean/train/10um/particle_10um_00226.npy194.npy,10um,1124,2500,3,3,1,109656.8203125,1,peak_bin_energy_over_lowest_window_energy,0.2557946059246314,0.3158028766402237,0.40640169452695174,-0.6703610650819609,0.0025915666375876767,0.2805118639960995,0.28052383510176687,-0.1389777041356588,0.9809883356764372,0.0022997151751159685
particle_10um_00227.npy195.npy,P0/data/dataset_particles2SNR_clean/train/10um/particle_10um_00227.npy195.npy,10um,1125,2500,3,3,1,136230.34375,1,peak_bin_energy_over_lowest_window_energy,-0.7246674928980101,0.30305017510452675,0.7854822619855726,-0.297462169810363,-0.0013718206187134478,0.2957054858702074,0.2957086678904515,-0.23558237734116094,0.9777384614403946,0.002182252051569573
particle_10um_00229.npy196.npy,P0/data/dataset_particles2SNR_clean/train/10um/particle_10um_00229.npy196.npy,10um,1126,2500,3,3,1,222431.109375,1,peak_bin_energy_over_lowest_window_energy,0.7325390964620166,0.5278352477184147,0.9028973233869664,-0.8469297212943419,0.004573088338416232,0.36196974476938054,0.36199863157940454,0.5427526328414443,0.9493080114179153,0.0015004207384374773
particle_10um_00230.npy198.npy,P0/data/dataset_particles2SNR_clean/train/10um/particle_10um_00230.npy198.npy,10um,1127,2500,3,3,1,105728.1015625,1,peak_bin_energy_over_lowest_window_energy,1.0693214475245745,0.30473654529400374,1.111896002409297,-0.17556472876388618,0.00023331686327297517,0.2820159685360194,0.2820160650496134,-0.43269718668850166,0.9170809421720757,0.002307880058404422
particle_10um_00231.npy199.npy,P0/data/dataset_particles2SNR_clean/train/10um/particle_10um_00231.npy199.npy,10um,1128,2500,3,3,1,99499.4453125,1,peak_bin_energy_over_lowest_window_energy,0.5089913332063332,0.2833692839910621,0.5825550003122175,-0.2840087681746497,-0.003423733091974691,0.2646471855002696,0.26466933094240297,-0.0721419025085277,0.9586799454601226,0.0024368428219088546
particle_10um_00235.npy205.npy,P0/data/dataset_particles2SNR_clean/train/10um/particle_10um_00235.npy205.npy,10um,1129,2500,3,3,1,111719.3515625,1,peak_bin_energy_over_lowest_window_energy,0.6975292795398846,0.6424158841591251,0.9482854338411936,-1.2753678939653206,0.0011253481860247945,0.2750570188672411,0.27505932094127195,0.062366173675405534,0.6349689840486895,0.024491067671728924
particle_10um_00243.npy208.npy,P0/data/dataset_particles2SNR_clean/train/10um/particle_10um_00243.npy208.npy,10um,1130,2500,3,3,1,104573.484375,1,peak_bin_energy_over_lowest_window_energy,0.11374455502947699,0.2618485145535513,0.2854863716059929,-0.05817841657759448,-0.000498938332770863,0.25554301795127976,0.2555435050301768,0.04737021262332641,0.9876192632943793,0.0023883514822918275
particle_10um_00244.npy209.npy,P0/data/dataset_particles2SNR_clean/train/10um/particle_10um_00244.npy209.npy,10um,1131,2500,3,3,1,86421.9453125,1,peak_bin_energy_over_lowest_window_energy,-0.08292215117366745,0.2369987707871283,0.2510866394491717,0.24780651375813312,0.0011249949365205432,0.225340933352141,0.22534374155414488,0.2751356296813676,0.965186594853443,0.0033009175958983368
particle_10um_00244.npy210.npy,P0/data/dataset_particles2SNR_clean/train/10um/particle_10um_00244.npy210.npy,10um,1132,2500,2,3,1,65210.42578125,1,peak_bin_energy_over_lowest_window_energy,-0.07941370015882601,0.2380119352628009,0.2509107751780693,0.20086596991926475,-0.0008146706529742273,0.22600183154759845,0.22600329986781587,0.23730968878781944,0.9679495893954833,0.003281661934248987
particle_10um_00245.npy211.npy,P0/data/dataset_particles2SNR_clean/train/10um/particle_10um_00245.npy211.npy,10um,1133,2500,3,3,1,76075.78125,1,peak_bin_energy_over_lowest_window_energy,-0.6165980468240669,0.2492685764690865,0.6650774199761852,0.330942577138595,-0.00089327962459672,0.23784487364487628,0.23784655109468136,0.36241363713203967,0.958705218417587,0.0025549109260509396
particle_10um_00246.npy212.npy,P0/data/dataset_particles2SNR_clean/train/10um/particle_10um_00246.npy212.npy,10um,1134,2500,2,3,1,81423.578125,1,peak_bin_energy_over_lowest_window_energy,-0.041414045341734984,0.28154083115264966,0.28457048820580827,-0.5188502058381292,-0.001473408083221287,0.22105568958989166,0.22106059990745125,0.47572593255871976,0.9145112405608969,0.0032235594559914065
particle_10um_00250.npy225.npy,P0/data/dataset_particles2SNR_clean/train/10um/particle_10um_00250.npy225.npy,10um,1135,2500,3,3,1,57189.92578125,1,peak_bin_energy_over_lowest_window_energy,-0.7748769037589874,0.2167828929865851,0.8046297525388607,0.045525430915791976,-0.00036569253434526984,0.20604769404158535,0.20604801855607455,0.25111189434909065,0.9682017701886347,0.003830175102567876
particle_10um_00252.npy227.npy,P0/data/dataset_particles2SNR_clean/train/10um/particle_10um_00252.npy227.npy,10um,1136,2500,3,3,1,67705.84375,1,peak_bin_energy_over_lowest_window_energy,-0.561075147182063,0.24430844126078816,0.6119574619666384,-0.4335100704988415,-0.0012415847372566947,0.20740812619999538,0.2074118423486301,0.1436787384622873,0.9656940153245647,0.0034804796725393917
particle_10um_00257.npy232.npy,P0/data/dataset_particles2SNR_clean/train/10um/particle_10um_00257.npy232.npy,10um,1137,2500,2,3,1,98235.359375,1,peak_bin_energy_over_lowest_window_energy,0.6452746268556191,0.388360540680193,0.7531289754225834,-0.7626747773058202,-0.0036803149176527486,0.3584488181282023,0.3584677111475985,-0.7625135105519614,0.9526787547212423,0.0016896091715746236
particle_10um_00260.npy234.npy,P0/data/dataset_particles2SNR_clean/train/10um/particle_10um_00260.npy234.npy,10um,1138,2500,3,3,1,65361.65625,1,peak_bin_energy_over_lowest_window_energy,0.03454854001829092,0.32054954496184257,0.32240597449898445,-0.8777709679828023,-0.0003071170400850036,0.21318175642712503,0.21318197764874586,-0.2182992777574193,0.8868960106348606,0.00343475705742845
particle_10um_00262.npy236.npy,P0/data/dataset_particles2SNR_clean/train/10um/particle_10um_00262.npy236.npy,10um,1139,2500,3,3,1,56894.6875,1,peak_bin_energy_over_lowest_window_energy,0.7722173309459814,0.228812267941983,0.8054034145532842,-0.37072590996913446,-0.0011710528914233265,0.20883033317427732,0.20883361659118527,-0.3823290210459107,0.916719576235651,0.0035527621685883548
particle_10um_00263.npy238.npy,P0/data/dataset_particles2SNR_clean/train/10um/particle_10um_00263.npy238.npy,10um,1140,2500,3,3,1,57331.4140625,1,peak_bin_energy_over_lowest_window_energy,-0.24620345843798108,0.22374051199469314,0.3326799658147002,-0.45919474772335533,0.0004071939014702675,0.20543493316679076,0.20543533671721909,-0.17215040414682603,0.9639283957243642,0.0035745702749803753
particle_10um_00264.npy239.npy,P0/data/dataset_particles2SNR_clean/train/10um/particle_10um_00264.npy239.npy,10um,1141,2500,3,3,1,80804.015625,1,peak_bin_energy_over_lowest_window_energy,0.7933306454141871,0.24869670804590333,0.8313985599856185,-0.04116696210473325,0.0021755957911222808,0.23781059598690288,0.23782054743165548,-0.0945570474080486,0.9637131684560973,0.002861377110225633
particle_10um_00266.npy241.npy,P0/data/dataset_particles2SNR_clean/train/10um/particle_10um_00266.npy241.npy,10um,1142,2500,3,3,1,50965.87109375,1,peak_bin_energy_over_lowest_window_energy,0.6148423351118482,0.2324819683422687,0.6573271351846703,-1.0472225650589755,0.0015412981724127488,0.19554768132842668,0.19555375545608988,-0.7304827483098806,0.9767374013484178,0.004597831774064604
particle_10um_00268.npy242.npy,P0/data/dataset_particles2SNR_clean/train/10um/particle_10um_00268.npy242.npy,10um,1143,2500,3,3,1,120142.6875,1,peak_bin_energy_over_lowest_window_energy,-0.8249921700661431,0.3096245899075528,0.8811807234307071,-0.45845153375188197,0.009070988177952278,0.30862984630413764,0.30876312094588004,-0.4703793316099061,0.9867391723778178,0.002231788212604109
particle_10um_00269.npy243.npy,P0/data/dataset_particles2SNR_clean/train/10um/particle_10um_00269.npy243.npy,10um,1144,2500,3,3,1,76556.15625,1,peak_bin_energy_over_lowest_window_energy,0.24524606134827048,0.3057521601961769,0.3919566482041965,-0.5168556740400612,0.002593658853155625,0.25579252807478464,0.25580567719488956,0.0407943960657402,0.9694887851142242,0.002522466451080788
particle_10um_00270.npy244.npy,P0/data/dataset_particles2SNR_clean/train/10um/particle_10um_00270.npy244.npy,10um,1145,2500,3,3,1,66994.9140625,1,peak_bin_energy_over_lowest_window_energy,0.4837069196245784,0.28079091708044446,0.559299493301733,-0.6366087457768415,0.0026956877631816086,0.26197049267506284,0.2619843616801043,-0.6691575235443481,0.9391825904732193,0.0029730073080440457
particle_10um_00271.npy245.npy,P0/data/dataset_particles2SNR_clean/train/10um/particle_10um_00271.npy245.npy,10um,1146,2500,3,3,1,65312.78125,1,peak_bin_energy_over_lowest_window_energy,-0.0850106251775718,0.30890387153668014,0.3203879027732342,-1.0563441264488407,-0.000817425594008618,0.23597847484826281,0.2359798906184888,0.1001554097656312,0.9571832768034537,0.003212442447340877
particle_10um_00271.npy246.npy,P0/data/dataset_particles2SNR_clean/train/10um/particle_10um_00271.npy246.npy,10um,1147,2500,2,3,1,84892.0,1,peak_bin_energy_over_lowest_window_energy,-0.031550310409140934,0.3117040247695217,0.3132966982660873,-1.1233351556864513,-0.003764149153309706,0.23600893115796723,0.23603894679729123,0.11823658801398285,0.9347578119768299,0.0029633220441096417
particle_10um_00272.npy247.npy,P0/data/dataset_particles2SNR_clean/train/10um/particle_10um_00272.npy247.npy,10um,1148,2500,3,3,1,60854.3125,1,peak_bin_energy_over_lowest_window_energy,-0.6911332404824491,0.24594225205347872,0.7335889499201222,-0.4466274654565616,0.0007018046130853552,0.2029524487050154,0.20295366211299773,-0.36600306672130545,0.9059390287447853,0.0037564506475327936
particle_10um_00274.npy250.npy,P0/data/dataset_particles2SNR_clean/train/10um/particle_10um_00274.npy250.npy,10um,1149,2500,3,3,1,74483.6171875,1,peak_bin_energy_over_lowest_window_energy,0.7988502027791726,0.23481224360628933,0.8326454444886758,-0.10584091752706826,-0.0036507519764946636,0.23168323099444438,0.23171199259861144,-0.40086011628653573,0.9847272133593783,0.006947035280261997
particle_10um_00275.npy251.npy,P0/data/dataset_particles2SNR_clean/train/10um/particle_10um_00275.npy251.npy,10um,1150,2500,3,3,1,60137.25390625,1,peak_bin_energy_over_lowest_window_energy,0.6221958950474014,0.23758607176191174,0.6660141690002497,-0.5283853506298559,-0.0010704923986950686,0.20761028400065357,0.20761304385035084,-0.35874127003057854,0.9362147017041874,0.004034298669631582
particle_10um_00277.npy255.npy,P0/data/dataset_particles2SNR_clean/train/10um/particle_10um_00277.npy255.npy,10um,1151,2500,3,3,1,40924.8125,1,peak_bin_energy_over_lowest_window_energy,0.6413144629886387,0.2914761022395023,0.7044448584631297,-0.7610526162744291,-0.00045469865603805186,0.2284909358688479,0.22849138829524795,0.4756878304525527,0.926216860335246,0.003539979714335571
particle_10um_00278.npy256.npy,P0/data/dataset_particles2SNR_clean/train/10um/particle_10um_00278.npy256.npy,10um,1152,2500,3,3,1,104707.8203125,1,peak_bin_energy_over_lowest_window_energy,0.5725836948843456,0.2802074857452598,0.63747025241582,-0.14291316026721068,0.0019852527858916992,0.27531339568691476,0.27532055330701993,-0.1942609273267819,0.988105006607212,0.002177271016107264
particle_10um_00280.npy258.npy,P0/data/dataset_particles2SNR_clean/train/10um/particle_10um_00280.npy258.npy,10um,1153,2500,3,3,1,67317.0546875,1,peak_bin_energy_over_lowest_window_energy,-0.7795009321649086,0.24028212625236536,0.8156943075946522,0.255490843958901,0.0028316624925453547,0.21941066410356133,0.21942893572826147,-0.19698994525786162,0.926791122272113,0.0032399661490808084
particle_10um_00281.npy259.npy,P0/data/dataset_particles2SNR_clean/train/10um/particle_10um_00281.npy259.npy,10um,1154,2500,3,3,1,92591.9296875,1,peak_bin_energy_over_lowest_window_energy,0.8601965748077273,0.26755374856002206,0.9008458001675235,-0.5041695379994766,-0.0029513689728177975,0.2531234030157556,0.25314060862115806,-0.29988971221801863,0.9565096080871425,0.0021952641371092534
particle_10um_00282.npy260.npy,P0/data/dataset_particles2SNR_clean/train/10um/particle_10um_00282.npy260.npy,10um,1155,2500,3,3,1,56982.22265625,1,peak_bin_energy_over_lowest_window_energy,0.17799495617079228,0.24525838691628835,0.303041054603204,-0.7291952476427945,0.0043331877860658665,0.21307470106030688,0.21311875738265848,-0.2615328402830781,0.9455491221634281,0.003566217218727258
particle_10um_00284.npy263.npy,P0/data/dataset_particles2SNR_clean/train/10um/particle_10um_00284.npy263.npy,10um,1156,2500,3,3,1,58064.23828125,1,peak_bin_energy_over_lowest_window_energy,-0.355509186603827,0.2983847884687066,0.4641338855860769,-0.6337992915394435,-0.002117516137029656,0.21834009155119452,0.2183503594070195,-0.03660898883855479,0.9400683308890091,0.0032735619620702107
particle_10um_00286.npy265.npy,P0/data/dataset_particles2SNR_clean/train/10um/particle_10um_00286.npy265.npy,10um,1157,2500,3,3,1,35997.1015625,1,peak_bin_energy_over_lowest_window_energy,0.1893885953959084,0.3685006346358778,0.4143196324012172,-1.1926469380802862,-0.00018436035543041633,0.1792366754218421,0.1792367702370678,-0.7448816683919106,0.8253991702536966,0.004661574267559018
particle_10um_00289.npy268.npy,P0/data/dataset_particles2SNR_clean/train/10um/particle_10um_00289.npy268.npy,10um,1158,2500,3,3,1,50676.58203125,1,peak_bin_energy_over_lowest_window_energy,0.5127320325067598,0.31120419947519523,0.5997851206303055,-1.107776666408725,0.0008049712324930287,0.21039801652519452,0.21039955640737734,-0.6509188442971636,0.9359046104373677,0.004074006899762499
particle_10um_00290.npy270.npy,P0/data/dataset_particles2SNR_clean/train/10um/particle_10um_00290.npy270.npy,10um,1159,2500,3,3,1,100577.265625,1,peak_bin_energy_over_lowest_window_energy,-0.2338174336618542,0.28317523874715683,0.367231273346545,-0.4361751384831405,0.001349306004104868,0.24837015191424128,0.24837381703512149,0.15240213906367073,0.9225882693873803,0.0025046263303226575
particle_10um_00291.npy271.npy,P0/data/dataset_particles2SNR_clean/train/10um/particle_10um_00291.npy271.npy,10um,1160,2500,3,3,1,120222.1875,1,peak_bin_energy_over_lowest_window_energy,0.5743179272876814,0.3091581941651558,0.6522421870927078,0.31202052376036216,-0.003896818413635652,0.2984897556407706,0.29851519126542925,0.4179086943072936,0.9637099896030263,0.0017631465785988422
particle_10um_00292.npy272.npy,P0/data/dataset_particles2SNR_clean/train/10um/particle_10um_00292.npy272.npy,10um,1161,2500,3,3,1,254903.796875,1,peak_bin_energy_over_lowest_window_energy,-0.20195930164383186,0.43300612529277893,0.4777885139489333,-0.18125952334948714,-0.0036244495870582094,0.3932049241941748,0.39322162840484226,0.08877323612831134,0.9614030983542492,0.001219519838588793
particle_10um_00302.npy275.npy,P0/data/dataset_particles2SNR_clean/train/10um/particle_10um_00302.npy275.npy,10um,1162,2500,3,3,1,76634.53125,1,peak_bin_energy_over_lowest_window_energy,-0.24436289135733977,0.26851121314192766,0.3630585273140802,-0.8099832954358646,-0.001790659458005341,0.22248503585272938,0.22249224175167284,-0.09418339518752372,0.9551510842493037,0.0034160759882533587
particle_10um_00305.npy276.npy,P0/data/dataset_particles2SNR_clean/train/10um/particle_10um_00305.npy276.npy,10um,1163,2500,3,3,1,26765.412109375,1,peak_bin_energy_over_lowest_window_energy,0.11405054666524116,0.2590203707236644,0.2830178079988341,-0.438313523303667,-1.4653623088488744e-05,0.21407578824105308,0.21407578874257793,0.491659129697946,0.955357165842091,0.0056880258122976165
particle_10um_00315.npy280.npy,P0/data/dataset_particles2SNR_clean/train/10um/particle_10um_00315.npy280.npy,10um,1164,2500,3,3,1,63433.234375,1,peak_bin_energy_over_lowest_window_energy,0.7884663686798332,0.27958789800786815,0.8365695471696426,-0.68708027502037,-7.023151180328747e-05,0.22296362661946198,0.22296363768060498,0.10716264582309787,0.9415278082804291,0.003109143247383298
particle_10um_00319.npy284.npy,P0/data/dataset_particles2SNR_clean/train/10um/particle_10um_00319.npy284.npy,10um,1165,2500,3,3,1,55227.8671875,1,peak_bin_energy_over_lowest_window_energy,1.3021672145631291,0.24954504500677951,1.3258628074467338,0.17927759402804666,0.002564342839361057,0.21356462049435535,0.2135800154066288,0.12275122851756182,0.9474809618512912,0.003450605662866849
particle_10um_00324.npy285.npy,P0/data/dataset_particles2SNR_clean/train/10um/particle_10um_00324.npy285.npy,10um,1166,2500,3,3,1,29117.78515625,1,peak_bin_energy_over_lowest_window_energy,-1.0739734172128907,0.21738870189721463,1.0957539635303586,-0.16665403565878467,-0.0012818437228895169,0.1821068745793201,0.18211138594930887,-0.04735844920424315,0.9636471069211122,0.004363602368454959
particle_10um_00329.npy290.npy,P0/data/dataset_particles2SNR_clean/train/10um/particle_10um_00329.npy290.npy,10um,1167,2500,3,3,1,72999.6328125,1,peak_bin_energy_over_lowest_window_energy,-0.582983077779511,0.3901851983647566,0.7015082023755786,-1.4162819916513807,0.0018863306400357309,0.2270871412140125,0.22709497561160702,0.3111645917555008,0.9187398910269361,0.0033367879558465923
particle_10um_00342.npy296.npy,P0/data/dataset_particles2SNR_clean/train/10um/particle_10um_00342.npy296.npy,10um,1168,2500,2,3,1,127547.4921875,1,peak_bin_energy_over_lowest_window_energy,-0.27195650773774277,0.3939626616199359,0.47871381936557156,-0.5960127251872414,0.0004788289095668986,0.3451150885269883,0.34511542070170614,-0.1450696787126704,0.9686378438011778,0.0016048770941681338
particle_10um_00349.npy304.npy,P0/data/dataset_particles2SNR_clean/train/10um/particle_10um_00349.npy304.npy,10um,1169,2500,3,3,1,163439.59375,1,peak_bin_energy_over_lowest_window_energy,0.10328884949652654,0.42305261662020405,0.43547916466751596,-0.6603562640217491,0.0023017378483295966,0.32830977265645295,0.32831784115221985,0.8953264912557883,0.956195342780835,0.0017678119333370166
particle_10um_00351.npy306.npy,P0/data/dataset_particles2SNR_clean/train/10um/particle_10um_00351.npy306.npy,10um,1170,2500,3,3,1,142138.8125,1,peak_bin_energy_over_lowest_window_energy,1.565586522594502,0.38828390102948723,1.6130175285867858,0.18968401206346508,-0.0022113771724618313,0.3721796209519061,0.3721861905564248,0.12623582319869575,0.9704056710999663,0.00159846681968487
particle_10um_00353.npy309.npy,P0/data/dataset_particles2SNR_clean/train/10um/particle_10um_00353.npy309.npy,10um,1171,2500,3,3,1,158520.65625,1,peak_bin_energy_over_lowest_window_energy,-0.7980051340312782,0.47582024793922173,0.9290947757302376,-1.3780309578490162,0.0008068928094508834,0.3626115971779455,0.3626124949363253,-0.30500892986012706,0.9478148743767311,0.0017008434314443332
particle_10um_00357.npy311.npy,P0/data/dataset_particles2SNR_clean/train/10um/particle_10um_00357.npy311.npy,10um,1172,2500,3,3,1,127910.375,1,peak_bin_energy_over_lowest_window_energy,0.10337875064155316,0.31165576120134475,0.32835419835019325,-0.2360175091355634,-0.0034235050944966404,0.2893800566318178,0.28940030677828615,-0.07347613112520435,0.9705778803885006,0.0020491779515126886
particle_10um_00359.npy313.npy,P0/data/dataset_particles2SNR_clean/train/10um/particle_10um_00359.npy313.npy,10um,1173,2500,3,3,1,71525.1171875,1,peak_bin_energy_over_lowest_window_energy,0.21340232550465052,0.2578141952023736,0.33467702606937394,-0.1986273924976949,-0.002886636619354393,0.22784857431037941,0.2278668591222618,-0.49654298059640833,0.9485752851131258,0.003136251487299025
particle_10um_00361.npy314.npy,P0/data/dataset_particles2SNR_clean/train/10um/particle_10um_00361.npy314.npy,10um,1174,2500,3,3,1,140396.765625,1,peak_bin_energy_over_lowest_window_energy,0.3986994525459523,0.3374713279025196,0.5223486868144036,-0.4352381191118866,-0.004054544886324211,0.3105152544589281,0.31054172438808936,-0.52239419051452,0.9460928420919285,0.0017543068325257497
particle_10um_00362.npy315.npy,P0/data/dataset_particles2SNR_clean/train/10um/particle_10um_00362.npy315.npy,10um,1175,2500,3,3,1,88780.0546875,1,peak_bin_energy_over_lowest_window_energy,0.2375604814494241,0.27722853264896413,0.3650899090103422,-0.13682173987377944,-0.0010813586050874484,0.26274168588378305,0.26274391113303713,-0.12010973752989917,0.9604387584036361,0.0025069979828738417
particle_10um_00365.npy318.npy,P0/data/dataset_particles2SNR_clean/train/10um/particle_10um_00365.npy318.npy,10um,1176,2500,3,3,1,118377.1796875,1,peak_bin_energy_over_lowest_window_energy,-0.28567255283682014,0.311542266696057,0.4226906568430664,-0.09870208014076587,-0.0030570225643684217,0.28463453845382103,0.28465095444733496,0.1521073988627628,0.943617293018738,0.00208860097475824
particle_10um_00366.npy319.npy,P0/data/dataset_particles2SNR_clean/train/10um/particle_10um_00366.npy319.npy,10um,1177,2500,3,3,1,109156.4765625,1,peak_bin_energy_over_lowest_window_energy,-0.2969009990990042,0.26754852236449833,0.39966537889265985,0.15574251944046846,7.502443434101025e-06,0.258977323007001,0.258977323115672,0.19279622501676474,0.9725769014413478,0.002240296899486066
particle_10um_00367.npy320.npy,P0/data/dataset_particles2SNR_clean/train/10um/particle_10um_00367.npy320.npy,10um,1178,2500,3,3,1,123595.765625,1,peak_bin_energy_over_lowest_window_energy,0.0906278185968489,0.3035985042235632,0.3168366349878251,0.40612993871887637,0.002056594247274934,0.28064857650819164,0.28065611177377237,-0.12140358582026645,0.9571335753685982,0.0020654254513109067
particle_10um_00369.npy322.npy,P0/data/dataset_particles2SNR_clean/train/10um/particle_10um_00369.npy322.npy,10um,1179,2500,3,3,1,70361.203125,1,peak_bin_energy_over_lowest_window_energy,-0.13040212550606053,0.24896243108785132,0.281046270976278,-0.248790512294621,0.0006170842569675437,0.21942758983093813,0.21942845752544185,0.07213054874142033,0.9271358215143121,0.0035626380195077187
particle_10um_00370.npy323.npy,P0/data/dataset_particles2SNR_clean/train/10um/particle_10um_00370.npy323.npy,10um,1180,2500,3,3,1,61152.6328125,1,peak_bin_energy_over_lowest_window_energy,-0.37061629581911004,0.3193976175323018,0.4892558398343229,-0.8472156934489039,0.0007515151950194742,0.23792431941081707,0.2379255062875539,-0.19189006974251255,0.9327380411385454,0.0032900949916448816
particle_10um_00371.npy324.npy,P0/data/dataset_particles2SNR_clean/train/10um/particle_10um_00371.npy324.npy,10um,1181,2500,3,3,1,104429.1640625,1,peak_bin_energy_over_lowest_window_energy,0.4506478066446507,0.3656956332885157,0.5803591490102684,-1.0994294559113453,0.000728697831661707,0.3148358041151767,0.3148366474116058,-0.5878425951960957,0.9593908899235821,0.001863054997064231
particle_10um_00374.npy326.npy,P0/data/dataset_particles2SNR_clean/train/10um/particle_10um_00374.npy326.npy,10um,1182,2500,3,3,1,66566.515625,1,peak_bin_energy_over_lowest_window_energy,-0.618519845310552,0.27667359464462365,0.6775803103814091,-1.0807387623646973,0.0007988564972948314,0.22705590536895767,0.22705731068305274,-0.3839905177359615,0.9570114245540855,0.003402636284180161
particle_10um_00375.npy327.npy,P0/data/dataset_particles2SNR_clean/train/10um/particle_10um_00375.npy327.npy,10um,1183,2500,2,3,1,40332.4296875,1,peak_bin_energy_over_lowest_window_energy,0.3784094910113266,0.31981773455005297,0.4954564826704556,1.3780780221068927,0.004706468403969175,0.24533794235853917,0.24538308174273027,1.7177788384687016,0.9332653314743029,0.002989137503541357
particle_10um_00375.npy328.npy,P0/data/dataset_particles2SNR_clean/train/10um/particle_10um_00375.npy328.npy,10um,1184,2500,3,3,1,130272.3671875,1,peak_bin_energy_over_lowest_window_energy,0.12682395843497515,0.4129105668233879,0.43194843746392675,-1.0472218120135417,-0.0005620428881736721,0.28661773332119256,0.2866182843895107,0.1743464862319044,0.9692281767155992,0.0021175972727844666
particle_10um_00376.npy329.npy,P0/data/dataset_particles2SNR_clean/train/10um/particle_10um_00376.npy329.npy,10um,1185,2500,3,3,1,78315.484375,1,peak_bin_energy_over_lowest_window_energy,0.954650842661105,0.2853910062132742,0.9963966367973063,2.6108729543407545,0.0030758055857214857,0.24470815991627118,0.24472748948495446,-0.11850623563954565,0.9646934190100757,0.0033422516030437335
particle_10um_00377.npy330.npy,P0/data/dataset_particles2SNR_clean/train/10um/particle_10um_00377.npy330.npy,10um,1186,2500,3,3,1,40920.07421875,1,peak_bin_energy_over_lowest_window_energy,0.9546085883625265,0.22939035648933834,0.9817828133685175,-0.18159291785562326,-0.0032595522034791543,0.19798167561507174,0.1980085062817219,-0.5541580330105327,0.9083393249080466,0.0043280637302378615
particle_10um_00379.npy332.npy,P0/data/dataset_particles2SNR_clean/train/10um/particle_10um_00379.npy332.npy,10um,1187,2500,3,3,1,117310.9453125,1,peak_bin_energy_over_lowest_window_energy,-0.3267367706158186,0.27649723462254916,0.42802761362600317,0.36336134217291916,0.0022640429377120738,0.26499164843734124,0.2650013200570202,0.5663886746992017,0.9658746852592872,0.002370648457433656
particle_10um_00397.npy344.npy,P0/data/dataset_particles2SNR_clean/train/10um/particle_10um_00397.npy344.npy,10um,1188,2500,2,3,1,59871.20703125,1,peak_bin_energy_over_lowest_window_energy,0.16258023586094206,0.429926673474201,0.4596403786191894,-0.04452266898118307,0.0030258506682447565,0.3367491045100778,0.3367626985884954,0.5269401528931712,0.9384046642605368,0.0034576299005474424
particle_10um_00400.npy348.npy,P0/data/dataset_particles2SNR_clean/train/10um/particle_10um_00400.npy348.npy,10um,1189,2500,3,3,1,105959.6640625,1,peak_bin_energy_over_lowest_window_energy,0.4384181490320685,0.30612530923626297,0.5347178492959653,-0.7153253677856797,0.003294518973724837,0.26546481441323405,0.26548525674078594,-0.5071575927657666,0.973447907370965,0.0026386885423632725
particle_10um_00408.npy355.npy,P0/data/dataset_particles2SNR_clean/train/10um/particle_10um_00408.npy355.npy,10um,1190,2500,3,3,1,74987.171875,1,peak_bin_energy_over_lowest_window_energy,1.0889570363716035,0.24480272168839196,1.1161343107392006,0.23420613162272863,-0.0005379191613689556,0.21774249799962792,0.2177431624463605,0.6282541336392078,0.927990205325607,0.003119014689064038
particle_10um_00443.npy383.npy,P0/data/dataset_particles2SNR_clean/train/10um/particle_10um_00443.npy383.npy,10um,1191,2500,3,3,1,88216.453125,1,peak_bin_energy_over_lowest_window_energy,-0.22059179121493194,0.3066919538490027,0.37778392356892443,-0.48764375085329403,-0.003411216022560421,0.24981059590144017,0.24983388525055047,-0.11765039626380869,0.9452743465773071,0.002983534302432037
