source_path,output_path,class,filename,interval_idx,start_sample,end_sample,duration_samples,kept_zero_samples,removed_samples,source_length,clean_length,clean_start_sample,clean_end_sample,action
P0/data/dataset/train/2um/HFocusing_5_10_2um2_0_102.npy2318.npy,P0/data/dataset_particles2SNR_clean/train/2um/HFocusing_5_10_2um2_0_102.npy2318.npy,2um,HFocusing_5_10_2um2_0_102.npy2318.npy,,,,,0,0,2500,2500,,,copied_unchanged
P0/data/dataset/train/2um/HFocusing_5_10_2um2_0_105.npy2331.npy,P0/data/dataset_particles2SNR_clean/train/2um/HFocusing_5_10_2um2_0_105.npy2331.npy,2um,HFocusing_5_10_2um2_0_105.npy2331.npy,,,,,0,0,2500,2500,,,copied_unchanged
P0/data/dataset/train/2um/HFocusing_5_10_2um2_0_105.npy2332.npy,P0/data/dataset_particles2SNR_clean/train/2um/HFocusing_5_10_2um2_0_105.npy2332.npy,2um,HFocusing_5_10_2um2_0_105.npy2332.npy,,,,,0,0,2500,2500,,,copied_unchanged
P0/data/dataset/train/2um/HFocusing_5_10_2um2_0_1051.npy2333.npy,P0/data/dataset_particles2SNR_clean/train/2um/HFocusing_5_10_2um2_0_1051.npy2333.npy,2um,HFocusing_5_10_2um2_0_1051.npy2333.npy,,,,,0,0,2500,2500,,,copied_unchanged
P0/data/dataset/train/2um/HFocusing_5_10_2um2_0_1051.npy2334.npy,P0/data/dataset_particles2SNR_clean/train/2um/HFocusing_5_10_2um2_0_1051.npy2334.npy,2um,HFocusing_5_10_2um2_0_1051.npy2334.npy,,,,,0,0,2500,2500,,,copied_unchanged
P0/data/dataset/train/2um/HFocusing_5_10_2um2_0_1059.npy2339.npy,P0/data/dataset_particles2SNR_clean/train/2um/HFocusing_5_10_2um2_0_1059.npy2339.npy,2um,HFocusing_5_10_2um2_0_1059.npy2339.npy,,,,,0,0,2500,2500,,,copied_unchanged
P0/data/dataset/train/2um/HFocusing_5_10_2um2_0_1063.npy2342.npy,P0/data/dataset_particles2SNR_clean/train/2um/HFocusing_5_10_2um2_0_1063.npy2342.npy,2um,HFocusing_5_10_2um2_0_1063.npy2342.npy,,,,,0,0,2500,2500,,,copied_unchanged
P0/data/dataset/train/2um/HFocusing_5_10_2um2_0_1070.npy2344.npy,P0/data/dataset_particles2SNR_clean/train/2um/HFocusing_5_10_2um2_0_1070.npy2344.npy,2um,HFocusing_5_10_2um2_0_1070.npy2344.npy,,,,,0,0,2500,2500,,,copied_unchanged
P0/data/dataset/train/2um/HFocusing_5_10_2um2_0_1073.npy2345.npy,P0/data/dataset_particles2SNR_clean/train/2um/HFocusing_5_10_2um2_0_1073.npy2345.npy,2um,HFocusing_5_10_2um2_0_1073.npy2345.npy,,,,,0,0,2500,2500,,,copied_unchanged
P0/data/dataset/train/2um/HFocusing_5_10_2um2_0_1090.npy2350.npy,P0/data/dataset_particles2SNR_clean/train/2um/HFocusing_5_10_2um2_0_1090.npy2350.npy,2um,HFocusing_5_10_2um2_0_1090.npy2350.npy,,,,,0,0,2500,2500,,,copied_unchanged
P0/data/dataset/train/2um/HFocusing_5_10_2um2_0_1104.npy2355.npy,P0/data/dataset_particles2SNR_clean/train/2um/HFocusing_5_10_2um2_0_1104.npy2355.npy,2um,HFocusing_5_10_2um2_0_1104.npy2355.npy,,,,,0,0,2500,2500,,,copied_unchanged
P0/data/dataset/train/2um/HFocusing_5_10_2um2_0_1108.npy2357.npy,P0/data/dataset_particles2SNR_clean/train/2um/HFocusing_5_10_2um2_0_1108.npy2357.npy,2um,HFocusing_5_10_2um2_0_1108.npy2357.npy,,,,,0,0,2500,2500,,,copied_unchanged
P0/data/dataset/train/2um/HFocusing_5_10_2um2_0_1116.npy2360.npy,P0/data/dataset_particles2SNR_clean/train/2um/HFocusing_5_10_2um2_0_1116.npy2360.npy,2um,HFocusing_5_10_2um2_0_1116.npy2360.npy,,,,,0,0,2500,2500,,,copied_unchanged
P0/data/dataset/train/2um/HFocusing_5_10_2um2_0_1116.npy2361.npy,P0/data/dataset_particles2SNR_clean/train/2um/HFocusing_5_10_2um2_0_1116.npy2361.npy,2um,HFocusing_5_10_2um2_0_1116.npy2361.npy,,,,,0,0,2500,2500,,,copied_unchanged
P0/data/dataset/train/2um/HFocusing_5_10_2um2_0_1119.npy2363.npy,P0/data/dataset_particles2SNR_clean/train/2um/HFocusing_5_10_2um2_0_1119.npy2363.npy,2um,HFocusing_5_10_2um2_0_1119.npy2363.npy,,,,,0,0,2500,2500,,,copied_unchanged
P0/data/dataset/train/2um/HFocusing_5_10_2um2_0_1122.npy2366.npy,P0/data/dataset_particles2SNR_clean/train/2um/HFocusing_5_10_2um2_0_1122.npy2366.npy,2um,HFocusing_5_10_2um2_0_1122.npy2366.npy,,,,,0,0,2500,2500,,,copied_unchanged
P0/data/dataset/train/2um/HFocusing_5_10_2um2_0_1125.npy2367.npy,P0/data/dataset_particles2SNR_clean/train/2um/HFocusing_5_10_2um2_0_1125.npy2367.npy,2um,HFocusing_5_10_2um2_0_1125.npy2367.npy,,,,,0,0,2500,2500,,,copied_unchanged
P0/data/dataset/train/2um/HFocusing_5_10_2um2_0_1125.npy2368.npy,P0/data/dataset_particles2SNR_clean/train/2um/HFocusing_5_10_2um2_0_1125.npy2368.npy,2um,HFocusing_5_10_2um2_0_1125.npy2368.npy,,,,,0,0,2500,2500,,,copied_unchanged
P0/data/dataset/train/2um/HFocusing_5_10_2um2_0_1125.npy2373.npy,P0/data/dataset_particles2SNR_clean/train/2um/HFocusing_5_10_2um2_0_1125.npy2373.npy,2um,HFocusing_5_10_2um2_0_1125.npy2373.npy,,,,,0,0,2500,2500,,,copied_unchanged
P0/data/dataset/train/2um/HFocusing_5_10_2um2_0_113.npy2375.npy,P0/data/dataset_particles2SNR_clean/train/2um/HFocusing_5_10_2um2_0_113.npy2375.npy,2um,HFocusing_5_10_2um2_0_113.npy2375.npy,,,,,0,0,2500,2500,,,copied_unchanged
P0/data/dataset/train/2um/HFocusing_5_10_2um2_0_1153.npy2385.npy,P0/data/dataset_particles2SNR_clean/train/2um/HFocusing_5_10_2um2_0_1153.npy2385.npy,2um,HFocusing_5_10_2um2_0_1153.npy2385.npy,,,,,0,0,2500,2500,,,copied_unchanged
P0/data/dataset/train/2um/HFocusing_5_10_2um2_0_116.npy2389.npy,P0/data/dataset_particles2SNR_clean/train/2um/HFocusing_5_10_2um2_0_116.npy2389.npy,2um,HFocusing_5_10_2um2_0_116.npy2389.npy,,,,,0,0,2500,2500,,,copied_unchanged
P0/data/dataset/train/2um/HFocusing_5_10_2um2_0_1161.npy2390.npy,P0/data/dataset_particles2SNR_clean/train/2um/HFocusing_5_10_2um2_0_1161.npy2390.npy,2um,HFocusing_5_10_2um2_0_1161.npy2390.npy,,,,,0,0,2500,2500,,,copied_unchanged
P0/data/dataset/train/2um/HFocusing_5_10_2um2_0_1162.npy2391.npy,P0/data/dataset_particles2SNR_clean/train/2um/HFocusing_5_10_2um2_0_1162.npy2391.npy,2um,HFocusing_5_10_2um2_0_1162.npy2391.npy,,,,,0,0,2500,2500,,,copied_unchanged
P0/data/dataset/train/2um/HFocusing_5_10_2um2_0_1162.npy2393.npy,P0/data/dataset_particles2SNR_clean/train/2um/HFocusing_5_10_2um2_0_1162.npy2393.npy,2um,HFocusing_5_10_2um2_0_1162.npy2393.npy,,,,,0,0,2500,2500,,,copied_unchanged
P0/data/dataset/train/2um/HFocusing_5_10_2um2_0_1179.npy2395.npy,P0/data/dataset_particles2SNR_clean/train/2um/HFocusing_5_10_2um2_0_1179.npy2395.npy,2um,HFocusing_5_10_2um2_0_1179.npy2395.npy,,,,,0,0,2500,2500,,,copied_unchanged
P0/data/dataset/train/2um/HFocusing_5_10_2um2_0_1192.npy2403.npy,P0/data/dataset_particles2SNR_clean/train/2um/HFocusing_5_10_2um2_0_1192.npy2403.npy,2um,HFocusing_5_10_2um2_0_1192.npy2403.npy,,,,,0,0,2500,2500,,,copied_unchanged
P0/data/dataset/train/2um/HFocusing_5_10_2um2_0_1216.npy2416.npy,P0/data/dataset_particles2SNR_clean/train/2um/HFocusing_5_10_2um2_0_1216.npy2416.npy,2um,HFocusing_5_10_2um2_0_1216.npy2416.npy,,,,,0,0,2500,2500,,,copied_unchanged
P0/data/dataset/train/2um/HFocusing_5_10_2um2_0_1223.npy2419.npy,P0/data/dataset_particles2SNR_clean/train/2um/HFocusing_5_10_2um2_0_1223.npy2419.npy,2um,HFocusing_5_10_2um2_0_1223.npy2419.npy,,,,,0,0,2500,2500,,,copied_unchanged
P0/data/dataset/train/2um/HFocusing_5_10_2um2_0_1223.npy2420.npy,P0/data/dataset_particles2SNR_clean/train/2um/HFocusing_5_10_2um2_0_1223.npy2420.npy,2um,HFocusing_5_10_2um2_0_1223.npy2420.npy,,,,,0,0,2500,2500,,,copied_unchanged
P0/data/dataset/train/2um/HFocusing_5_10_2um2_0_1223.npy2421.npy,P0/data/dataset_particles2SNR_clean/train/2um/HFocusing_5_10_2um2_0_1223.npy2421.npy,2um,HFocusing_5_10_2um2_0_1223.npy2421.npy,,,,,0,0,2500,2500,,,copied_unchanged
P0/data/dataset/train/2um/HFocusing_5_10_2um2_0_1223.npy2422.npy,P0/data/dataset_particles2SNR_clean/train/2um/HFocusing_5_10_2um2_0_1223.npy2422.npy,2um,HFocusing_5_10_2um2_0_1223.npy2422.npy,,,,,0,0,2500,2500,,,copied_unchanged
P0/data/dataset/train/2um/HFocusing_5_10_2um2_0_1236.npy2426.npy,P0/data/dataset_particles2SNR_clean/train/2um/HFocusing_5_10_2um2_0_1236.npy2426.npy,2um,HFocusing_5_10_2um2_0_1236.npy2426.npy,,,,,0,0,2500,2500,,,copied_unchanged
P0/data/dataset/train/2um/HFocusing_5_10_2um2_0_1244.npy2431.npy,P0/data/dataset_particles2SNR_clean/train/2um/HFocusing_5_10_2um2_0_1244.npy2431.npy,2um,HFocusing_5_10_2um2_0_1244.npy2431.npy,,,,,0,0,2500,2500,,,copied_unchanged
P0/data/dataset/train/2um/HFocusing_5_10_2um2_0_1250.npy2432.npy,P0/data/dataset_particles2SNR_clean/train/2um/HFocusing_5_10_2um2_0_1250.npy2432.npy,2um,HFocusing_5_10_2um2_0_1250.npy2432.npy,,,,,0,0,2500,2500,,,copied_unchanged
P0/data/dataset/train/2um/HFocusing_5_10_2um2_0_1254.npy2433.npy,P0/data/dataset_particles2SNR_clean/train/2um/HFocusing_5_10_2um2_0_1254.npy2433.npy,2um,HFocusing_5_10_2um2_0_1254.npy2433.npy,,,,,0,0,2500,2500,,,copied_unchanged
P0/data/dataset/train/2um/HFocusing_5_10_2um2_0_1257.npy2434.npy,P0/data/dataset_particles2SNR_clean/train/2um/HFocusing_5_10_2um2_0_1257.npy2434.npy,2um,HFocusing_5_10_2um2_0_1257.npy2434.npy,,,,,0,0,2500,2500,,,copied_unchanged
P0/data/dataset/train/2um/HFocusing_5_10_2um2_0_1257.npy2435.npy,P0/data/dataset_particles2SNR_clean/train/2um/HFocusing_5_10_2um2_0_1257.npy2435.npy,2um,HFocusing_5_10_2um2_0_1257.npy2435.npy,,,,,0,0,2500,2500,,,copied_unchanged
P0/data/dataset/train/2um/HFocusing_5_10_2um2_0_1267.npy2436.npy,P0/data/dataset_particles2SNR_clean/train/2um/HFocusing_5_10_2um2_0_1267.npy2436.npy,2um,HFocusing_5_10_2um2_0_1267.npy2436.npy,,,,,0,0,2500,2500,,,copied_unchanged
P0/data/dataset/train/2um/HFocusing_5_10_2um2_0_1271.npy2438.npy,P0/data/dataset_particles2SNR_clean/train/2um/HFocusing_5_10_2um2_0_1271.npy2438.npy,2um,HFocusing_5_10_2um2_0_1271.npy2438.npy,,,,,0,0,2500,2500,,,copied_unchanged
P0/data/dataset/train/2um/HFocusing_5_10_2um2_0_1271.npy2439.npy,P0/data/dataset_particles2SNR_clean/train/2um/HFocusing_5_10_2um2_0_1271.npy2439.npy,2um,HFocusing_5_10_2um2_0_1271.npy2439.npy,,,,,0,0,2500,2500,,,copied_unchanged
P0/data/dataset/train/2um/HFocusing_5_10_2um2_0_1274.npy2440.npy,P0/data/dataset_particles2SNR_clean/train/2um/HFocusing_5_10_2um2_0_1274.npy2440.npy,2um,HFocusing_5_10_2um2_0_1274.npy2440.npy,,,,,0,0,2500,2500,,,copied_unchanged
P0/data/dataset/train/2um/HFocusing_5_10_2um2_0_1277.npy2441.npy,P0/data/dataset_particles2SNR_clean/train/2um/HFocusing_5_10_2um2_0_1277.npy2441.npy,2um,HFocusing_5_10_2um2_0_1277.npy2441.npy,,,,,0,0,2500,2500,,,copied_unchanged
P0/data/dataset/train/2um/HFocusing_5_10_2um2_0_128.npy2442.npy,P0/data/dataset_particles2SNR_clean/train/2um/HFocusing_5_10_2um2_0_128.npy2442.npy,2um,HFocusing_5_10_2um2_0_128.npy2442.npy,,,,,0,0,2500,2500,,,copied_unchanged
P0/data/dataset/train/2um/HFocusing_5_10_2um2_0_128.npy2443.npy,P0/data/dataset_particles2SNR_clean/train/2um/HFocusing_5_10_2um2_0_128.npy2443.npy,2um,HFocusing_5_10_2um2_0_128.npy2443.npy,,,,,0,0,2500,2500,,,copied_unchanged
P0/data/dataset/train/2um/HFocusing_5_10_2um2_0_1288.npy2447.npy,P0/data/dataset_particles2SNR_clean/train/2um/HFocusing_5_10_2um2_0_1288.npy2447.npy,2um,HFocusing_5_10_2um2_0_1288.npy2447.npy,,,,,0,0,2500,2500,,,copied_unchanged
P0/data/dataset/train/2um/HFocusing_5_10_2um2_0_1292.npy2448.npy,P0/data/dataset_particles2SNR_clean/train/2um/HFocusing_5_10_2um2_0_1292.npy2448.npy,2um,HFocusing_5_10_2um2_0_1292.npy2448.npy,,,,,0,0,2500,2500,,,copied_unchanged
P0/data/dataset/train/2um/HFocusing_5_10_2um2_0_1292.npy2449.npy,P0/data/dataset_particles2SNR_clean/train/2um/HFocusing_5_10_2um2_0_1292.npy2449.npy,2um,HFocusing_5_10_2um2_0_1292.npy2449.npy,,,,,0,0,2500,2500,,,copied_unchanged
P0/data/dataset/train/2um/HFocusing_5_10_2um2_0_1313.npy2459.npy,P0/data/dataset_particles2SNR_clean/train/2um/HFocusing_5_10_2um2_0_1313.npy2459.npy,2um,HFocusing_5_10_2um2_0_1313.npy2459.npy,,,,,0,0,2500,2500,,,copied_unchanged
P0/data/dataset/train/2um/HFocusing_5_10_2um2_0_1313.npy2461.npy,P0/data/dataset_particles2SNR_clean/train/2um/HFocusing_5_10_2um2_0_1313.npy2461.npy,2um,HFocusing_5_10_2um2_0_1313.npy2461.npy,,,,,0,0,2500,2500,,,copied_unchanged
P0/data/dataset/train/2um/HFocusing_5_10_2um2_0_1334.npy2469.npy,P0/data/dataset_particles2SNR_clean/train/2um/HFocusing_5_10_2um2_0_1334.npy2469.npy,2um,HFocusing_5_10_2um2_0_1334.npy2469.npy,,,,,0,0,2500,2500,,,copied_unchanged
P0/data/dataset/train/2um/HFocusing_5_10_2um2_0_1334.npy2470.npy,P0/data/dataset_particles2SNR_clean/train/2um/HFocusing_5_10_2um2_0_1334.npy2470.npy,2um,HFocusing_5_10_2um2_0_1334.npy2470.npy,,,,,0,0,2500,2500,,,copied_unchanged
P0/data/dataset/train/2um/HFocusing_5_10_2um2_0_134.npy2479.npy,P0/data/dataset_particles2SNR_clean/train/2um/HFocusing_5_10_2um2_0_134.npy2479.npy,2um,HFocusing_5_10_2um2_0_134.npy2479.npy,,,,,0,0,2500,2500,,,copied_unchanged
P0/data/dataset/train/2um/HFocusing_5_10_2um2_0_134.npy2480.npy,P0/data/dataset_particles2SNR_clean/train/2um/HFocusing_5_10_2um2_0_134.npy2480.npy,2um,HFocusing_5_10_2um2_0_134.npy2480.npy,,,,,0,0,2500,2500,,,copied_unchanged
P0/data/dataset/train/2um/HFocusing_5_10_2um2_0_1348.npy2482.npy,P0/data/dataset_particles2SNR_clean/train/2um/HFocusing_5_10_2um2_0_1348.npy2482.npy,2um,HFocusing_5_10_2um2_0_1348.npy2482.npy,,,,,0,0,2500,2500,,,copied_unchanged
P0/data/dataset/train/2um/HFocusing_5_10_2um2_0_1365.npy2489.npy,P0/data/dataset_particles2SNR_clean/train/2um/HFocusing_5_10_2um2_0_1365.npy2489.npy,2um,HFocusing_5_10_2um2_0_1365.npy2489.npy,,,,,0,0,2500,2500,,,copied_unchanged
P0/data/dataset/train/2um/HFocusing_5_10_2um2_0_1366.npy2490.npy,P0/data/dataset_particles2SNR_clean/train/2um/HFocusing_5_10_2um2_0_1366.npy2490.npy,2um,HFocusing_5_10_2um2_0_1366.npy2490.npy,,,,,0,0,2500,2500,,,copied_unchanged
P0/data/dataset/train/2um/HFocusing_5_10_2um2_0_1377.npy2493.npy,P0/data/dataset_particles2SNR_clean/train/2um/HFocusing_5_10_2um2_0_1377.npy2493.npy,2um,HFocusing_5_10_2um2_0_1377.npy2493.npy,,,,,0,0,2500,2500,,,copied_unchanged
P0/data/dataset/train/2um/HFocusing_5_10_2um2_0_1377.npy2494.npy,P0/data/dataset_particles2SNR_clean/train/2um/HFocusing_5_10_2um2_0_1377.npy2494.npy,2um,HFocusing_5_10_2um2_0_1377.npy2494.npy,,,,,0,0,2500,2500,,,copied_unchanged
P0/data/dataset/train/2um/HFocusing_5_10_2um2_0_1377.npy2495.npy,P0/data/dataset_particles2SNR_clean/train/2um/HFocusing_5_10_2um2_0_1377.npy2495.npy,2um,HFocusing_5_10_2um2_0_1377.npy2495.npy,,,,,0,0,2500,2500,,,copied_unchanged
P0/data/dataset/train/2um/HFocusing_5_10_2um2_0_138.npy2496.npy,P0/data/dataset_particles2SNR_clean/train/2um/HFocusing_5_10_2um2_0_138.npy2496.npy,2um,HFocusing_5_10_2um2_0_138.npy2496.npy,,,,,0,0,2500,2500,,,copied_unchanged
P0/data/dataset/train/2um/HFocusing_5_10_2um2_0_1380.npy2498.npy,P0/data/dataset_particles2SNR_clean/train/2um/HFocusing_5_10_2um2_0_1380.npy2498.npy,2um,HFocusing_5_10_2um2_0_1380.npy2498.npy,,,,,0,0,2500,2500,,,copied_unchanged
P0/data/dataset/train/2um/HFocusing_5_10_2um2_0_1393.npy2500.npy,P0/data/dataset_particles2SNR_clean/train/2um/HFocusing_5_10_2um2_0_1393.npy2500.npy,2um,HFocusing_5_10_2um2_0_1393.npy2500.npy,,,,,0,0,2500,2500,,,copied_unchanged
P0/data/dataset/train/2um/HFocusing_5_10_2um2_0_1393.npy2501.npy,P0/data/dataset_particles2SNR_clean/train/2um/HFocusing_5_10_2um2_0_1393.npy2501.npy,2um,HFocusing_5_10_2um2_0_1393.npy2501.npy,,,,,0,0,2500,2500,,,copied_unchanged
P0/data/dataset/train/2um/HFocusing_5_10_2um2_0_1400.npy2504.npy,P0/data/dataset_particles2SNR_clean/train/2um/HFocusing_5_10_2um2_0_1400.npy2504.npy,2um,HFocusing_5_10_2um2_0_1400.npy2504.npy,,,,,0,0,2500,2500,,,copied_unchanged
P0/data/dataset/train/2um/HFocusing_5_10_2um2_0_1400.npy2505.npy,P0/data/dataset_particles2SNR_clean/train/2um/HFocusing_5_10_2um2_0_1400.npy2505.npy,2um,HFocusing_5_10_2um2_0_1400.npy2505.npy,,,,,0,0,2500,2500,,,copied_unchanged
P0/data/dataset/train/2um/HFocusing_5_10_2um2_0_1400.npy2506.npy,P0/data/dataset_particles2SNR_clean/train/2um/HFocusing_5_10_2um2_0_1400.npy2506.npy,2um,HFocusing_5_10_2um2_0_1400.npy2506.npy,,,,,0,0,2500,2500,,,copied_unchanged
P0/data/dataset/train/2um/HFocusing_5_10_2um2_0_1407.npy2507.npy,P0/data/dataset_particles2SNR_clean/train/2um/HFocusing_5_10_2um2_0_1407.npy2507.npy,2um,HFocusing_5_10_2um2_0_1407.npy2507.npy,,,,,0,0,2500,2500,,,copied_unchanged
P0/data/dataset/train/2um/HFocusing_5_10_2um2_0_1407.npy2510.npy,P0/data/dataset_particles2SNR_clean/train/2um/HFocusing_5_10_2um2_0_1407.npy2510.npy,2um,HFocusing_5_10_2um2_0_1407.npy2510.npy,,,,,0,0,2500,2500,,,copied_unchanged
P0/data/dataset/train/2um/HFocusing_5_10_2um2_0_1415.npy2512.npy,P0/data/dataset_particles2SNR_clean/train/2um/HFocusing_5_10_2um2_0_1415.npy2512.npy,2um,HFocusing_5_10_2um2_0_1415.npy2512.npy,,,,,0,0,2500,2500,,,copied_unchanged
P0/data/dataset/train/2um/HFocusing_5_10_2um2_0_1415.npy2513.npy,P0/data/dataset_particles2SNR_clean/train/2um/HFocusing_5_10_2um2_0_1415.npy2513.npy,2um,HFocusing_5_10_2um2_0_1415.npy2513.npy,,,,,0,0,2500,2500,,,copied_unchanged
P0/data/dataset/train/2um/HFocusing_5_10_2um2_0_1418.npy2514.npy,P0/data/dataset_particles2SNR_clean/train/2um/HFocusing_5_10_2um2_0_1418.npy2514.npy,2um,HFocusing_5_10_2um2_0_1418.npy2514.npy,,,,,0,0,2500,2500,,,copied_unchanged
P0/data/dataset/train/2um/HFocusing_5_10_2um2_0_142.npy2515.npy,P0/data/dataset_particles2SNR_clean/train/2um/HFocusing_5_10_2um2_0_142.npy2515.npy,2um,HFocusing_5_10_2um2_0_142.npy2515.npy,,,,,0,0,2500,2500,,,copied_unchanged
P0/data/dataset/train/2um/HFocusing_5_10_2um2_0_142.npy2516.npy,P0/data/dataset_particles2SNR_clean/train/2um/HFocusing_5_10_2um2_0_142.npy2516.npy,2um,HFocusing_5_10_2um2_0_142.npy2516.npy,,,,,0,0,2500,2500,,,copied_unchanged
P0/data/dataset/train/2um/HFocusing_5_10_2um2_0_142.npy2517.npy,P0/data/dataset_particles2SNR_clean/train/2um/HFocusing_5_10_2um2_0_142.npy2517.npy,2um,HFocusing_5_10_2um2_0_142.npy2517.npy,,,,,0,0,2500,2500,,,copied_unchanged
P0/data/dataset/train/2um/HFocusing_5_10_2um2_0_1425.npy2518.npy,P0/data/dataset_particles2SNR_clean/train/2um/HFocusing_5_10_2um2_0_1425.npy2518.npy,2um,HFocusing_5_10_2um2_0_1425.npy2518.npy,,,,,0,0,2500,2500,,,copied_unchanged
P0/data/dataset/train/2um/HFocusing_5_10_2um2_0_1429.npy2519.npy,P0/data/dataset_particles2SNR_clean/train/2um/HFocusing_5_10_2um2_0_1429.npy2519.npy,2um,HFocusing_5_10_2um2_0_1429.npy2519.npy,,,,,0,0,2500,2500,,,copied_unchanged
P0/data/dataset/train/2um/HFocusing_5_10_2um2_0_1432.npy2520.npy,P0/data/dataset_particles2SNR_clean/train/2um/HFocusing_5_10_2um2_0_1432.npy2520.npy,2um,HFocusing_5_10_2um2_0_1432.npy2520.npy,,,,,0,0,2500,2500,,,copied_unchanged
P0/data/dataset/train/2um/HFocusing_5_10_2um2_0_144.npy2522.npy,P0/data/dataset_particles2SNR_clean/train/2um/HFocusing_5_10_2um2_0_144.npy2522.npy,2um,HFocusing_5_10_2um2_0_144.npy2522.npy,,,,,0,0,2500,2500,,,copied_unchanged
P0/data/dataset/train/2um/HFocusing_5_10_2um2_0_1440.npy2523.npy,P0/data/dataset_particles2SNR_clean/train/2um/HFocusing_5_10_2um2_0_1440.npy2523.npy,2um,HFocusing_5_10_2um2_0_1440.npy2523.npy,,,,,0,0,2500,2500,,,copied_unchanged
P0/data/dataset/train/2um/HFocusing_5_10_2um2_0_1447.npy2526.npy,P0/data/dataset_particles2SNR_clean/train/2um/HFocusing_5_10_2um2_0_1447.npy2526.npy,2um,HFocusing_5_10_2um2_0_1447.npy2526.npy,,,,,0,0,2500,2500,,,copied_unchanged
P0/data/dataset/train/2um/HFocusing_5_10_2um2_0_1448.npy2527.npy,P0/data/dataset_particles2SNR_clean/train/2um/HFocusing_5_10_2um2_0_1448.npy2527.npy,2um,HFocusing_5_10_2um2_0_1448.npy2527.npy,,,,,0,0,2500,2500,,,copied_unchanged
P0/data/dataset/train/2um/HFocusing_5_10_2um2_0_145.npy2528.npy,P0/data/dataset_particles2SNR_clean/train/2um/HFocusing_5_10_2um2_0_145.npy2528.npy,2um,HFocusing_5_10_2um2_0_145.npy2528.npy,,,,,0,0,2500,2500,,,copied_unchanged
P0/data/dataset/train/2um/HFocusing_5_10_2um2_0_1460.npy2532.npy,P0/data/dataset_particles2SNR_clean/train/2um/HFocusing_5_10_2um2_0_1460.npy2532.npy,2um,HFocusing_5_10_2um2_0_1460.npy2532.npy,,,,,0,0,2500,2500,,,copied_unchanged
P0/data/dataset/train/2um/HFocusing_5_10_2um2_0_1463.npy2533.npy,P0/data/dataset_particles2SNR_clean/train/2um/HFocusing_5_10_2um2_0_1463.npy2533.npy,2um,HFocusing_5_10_2um2_0_1463.npy2533.npy,,,,,0,0,2500,2500,,,copied_unchanged
P0/data/dataset/train/2um/HFocusing_5_10_2um2_0_1463.npy2534.npy,P0/data/dataset_particles2SNR_clean/train/2um/HFocusing_5_10_2um2_0_1463.npy2534.npy,2um,HFocusing_5_10_2um2_0_1463.npy2534.npy,,,,,0,0,2500,2500,,,copied_unchanged
P0/data/dataset/train/2um/HFocusing_5_10_2um2_0_1466.npy2535.npy,P0/data/dataset_particles2SNR_clean/train/2um/HFocusing_5_10_2um2_0_1466.npy2535.npy,2um,HFocusing_5_10_2um2_0_1466.npy2535.npy,,,,,0,0,2500,2500,,,copied_unchanged
P0/data/dataset/train/2um/HFocusing_5_10_2um2_0_1470.npy2540.npy,P0/data/dataset_particles2SNR_clean/train/2um/HFocusing_5_10_2um2_0_1470.npy2540.npy,2um,HFocusing_5_10_2um2_0_1470.npy2540.npy,,,,,0,0,2500,2500,,,copied_unchanged
P0/data/dataset/train/2um/HFocusing_5_10_2um2_0_1477.npy2543.npy,P0/data/dataset_particles2SNR_clean/train/2um/HFocusing_5_10_2um2_0_1477.npy2543.npy,2um,HFocusing_5_10_2um2_0_1477.npy2543.npy,,,,,0,0,2500,2500,,,copied_unchanged
P0/data/dataset/train/2um/HFocusing_5_10_2um2_0_1484.npy2545.npy,P0/data/dataset_particles2SNR_clean/train/2um/HFocusing_5_10_2um2_0_1484.npy2545.npy,2um,HFocusing_5_10_2um2_0_1484.npy2545.npy,,,,,0,0,2500,2500,,,copied_unchanged
P0/data/dataset/train/2um/HFocusing_5_10_2um2_0_1484.npy2546.npy,P0/data/dataset_particles2SNR_clean/train/2um/HFocusing_5_10_2um2_0_1484.npy2546.npy,2um,HFocusing_5_10_2um2_0_1484.npy2546.npy,,,,,0,0,2500,2500,,,copied_unchanged
P0/data/dataset/train/2um/HFocusing_5_10_2um2_0_149.npy2547.npy,P0/data/dataset_particles2SNR_clean/train/2um/HFocusing_5_10_2um2_0_149.npy2547.npy,2um,HFocusing_5_10_2um2_0_149.npy2547.npy,,,,,0,0,2500,2500,,,copied_unchanged
P0/data/dataset/train/2um/HFocusing_5_10_2um2_0_1501.npy2551.npy,P0/data/dataset_particles2SNR_clean/train/2um/HFocusing_5_10_2um2_0_1501.npy2551.npy,2um,HFocusing_5_10_2um2_0_1501.npy2551.npy,,,,,0,0,2500,2500,,,copied_unchanged
P0/data/dataset/train/2um/HFocusing_5_10_2um2_0_1501.npy2552.npy,P0/data/dataset_particles2SNR_clean/train/2um/HFocusing_5_10_2um2_0_1501.npy2552.npy,2um,HFocusing_5_10_2um2_0_1501.npy2552.npy,,,,,0,0,2500,2500,,,copied_unchanged
P0/data/dataset/train/2um/HFocusing_5_10_2um2_0_1501.npy2553.npy,P0/data/dataset_particles2SNR_clean/train/2um/HFocusing_5_10_2um2_0_1501.npy2553.npy,2um,HFocusing_5_10_2um2_0_1501.npy2553.npy,,,,,0,0,2500,2500,,,copied_unchanged
P0/data/dataset/train/2um/HFocusing_5_10_2um2_0_1517.npy2556.npy,P0/data/dataset_particles2SNR_clean/train/2um/HFocusing_5_10_2um2_0_1517.npy2556.npy,2um,HFocusing_5_10_2um2_0_1517.npy2556.npy,,,,,0,0,2500,2500,,,copied_unchanged
P0/data/dataset/train/2um/HFocusing_5_10_2um2_0_1525.npy2560.npy,P0/data/dataset_particles2SNR_clean/train/2um/HFocusing_5_10_2um2_0_1525.npy2560.npy,2um,HFocusing_5_10_2um2_0_1525.npy2560.npy,,,,,0,0,2500,2500,,,copied_unchanged
P0/data/dataset/train/2um/HFocusing_5_10_2um2_0_1525.npy2561.npy,P0/data/dataset_particles2SNR_clean/train/2um/HFocusing_5_10_2um2_0_1525.npy2561.npy,2um,HFocusing_5_10_2um2_0_1525.npy2561.npy,,,,,0,0,2500,2500,,,copied_unchanged
P0/data/dataset/train/2um/HFocusing_5_10_2um2_0_1536.npy2564.npy,P0/data/dataset_particles2SNR_clean/train/2um/HFocusing_5_10_2um2_0_1536.npy2564.npy,2um,HFocusing_5_10_2um2_0_1536.npy2564.npy,,,,,0,0,2500,2500,,,copied_unchanged
P0/data/dataset/train/2um/HFocusing_5_10_2um2_0_1539.npy2565.npy,P0/data/dataset_particles2SNR_clean/train/2um/HFocusing_5_10_2um2_0_1539.npy2565.npy,2um,HFocusing_5_10_2um2_0_1539.npy2565.npy,,,,,0,0,2500,2500,,,copied_unchanged
P0/data/dataset/train/2um/HFocusing_5_10_2um2_0_1540.npy2566.npy,P0/data/dataset_particles2SNR_clean/train/2um/HFocusing_5_10_2um2_0_1540.npy2566.npy,2um,HFocusing_5_10_2um2_0_1540.npy2566.npy,,,,,0,0,2500,2500,,,copied_unchanged
P0/data/dataset/train/2um/HFocusing_5_10_2um2_0_1542.npy2567.npy,P0/data/dataset_particles2SNR_clean/train/2um/HFocusing_5_10_2um2_0_1542.npy2567.npy,2um,HFocusing_5_10_2um2_0_1542.npy2567.npy,,,,,0,0,2500,2500,,,copied_unchanged
P0/data/dataset/train/2um/HFocusing_5_10_2um2_0_1549.npy2568.npy,P0/data/dataset_particles2SNR_clean/train/2um/HFocusing_5_10_2um2_0_1549.npy2568.npy,2um,HFocusing_5_10_2um2_0_1549.npy2568.npy,,,,,0,0,2500,2500,,,copied_unchanged
P0/data/dataset/train/2um/HFocusing_5_10_2um2_0_1549.npy2570.npy,P0/data/dataset_particles2SNR_clean/train/2um/HFocusing_5_10_2um2_0_1549.npy2570.npy,2um,HFocusing_5_10_2um2_0_1549.npy2570.npy,,,,,0,0,2500,2500,,,copied_unchanged
P0/data/dataset/train/2um/HFocusing_5_10_2um2_0_155.npy2571.npy,P0/data/dataset_particles2SNR_clean/train/2um/HFocusing_5_10_2um2_0_155.npy2571.npy,2um,HFocusing_5_10_2um2_0_155.npy2571.npy,,,,,0,0,2500,2500,,,copied_unchanged
P0/data/dataset/train/2um/HFocusing_5_10_2um2_0_1550.npy2573.npy,P0/data/dataset_particles2SNR_clean/train/2um/HFocusing_5_10_2um2_0_1550.npy2573.npy,2um,HFocusing_5_10_2um2_0_1550.npy2573.npy,,,,,0,0,2500,2500,,,copied_unchanged
P0/data/dataset/train/2um/HFocusing_5_10_2um2_0_1553.npy2574.npy,P0/data/dataset_particles2SNR_clean/train/2um/HFocusing_5_10_2um2_0_1553.npy2574.npy,2um,HFocusing_5_10_2um2_0_1553.npy2574.npy,,,,,0,0,2500,2500,,,copied_unchanged
P0/data/dataset/train/2um/HFocusing_5_10_2um2_0_1571.npy2578.npy,P0/data/dataset_particles2SNR_clean/train/2um/HFocusing_5_10_2um2_0_1571.npy2578.npy,2um,HFocusing_5_10_2um2_0_1571.npy2578.npy,,,,,0,0,2500,2500,,,copied_unchanged
P0/data/dataset/train/2um/HFocusing_5_10_2um2_0_1571.npy2579.npy,P0/data/dataset_particles2SNR_clean/train/2um/HFocusing_5_10_2um2_0_1571.npy2579.npy,2um,HFocusing_5_10_2um2_0_1571.npy2579.npy,,,,,0,0,2500,2500,,,copied_unchanged
P0/data/dataset/train/2um/HFocusing_5_10_2um2_0_1576.npy2584.npy,P0/data/dataset_particles2SNR_clean/train/2um/HFocusing_5_10_2um2_0_1576.npy2584.npy,2um,HFocusing_5_10_2um2_0_1576.npy2584.npy,,,,,0,0,2500,2500,,,copied_unchanged
P0/data/dataset/train/2um/HFocusing_5_10_2um2_0_1583.npy2585.npy,P0/data/dataset_particles2SNR_clean/train/2um/HFocusing_5_10_2um2_0_1583.npy2585.npy,2um,HFocusing_5_10_2um2_0_1583.npy2585.npy,,,,,0,0,2500,2500,,,copied_unchanged
P0/data/dataset/train/2um/HFocusing_5_10_2um2_0_1587.npy2588.npy,P0/data/dataset_particles2SNR_clean/train/2um/HFocusing_5_10_2um2_0_1587.npy2588.npy,2um,HFocusing_5_10_2um2_0_1587.npy2588.npy,,,,,0,0,2500,2500,,,copied_unchanged
P0/data/dataset/train/2um/HFocusing_5_10_2um2_0_159.npy2589.npy,P0/data/dataset_particles2SNR_clean/train/2um/HFocusing_5_10_2um2_0_159.npy2589.npy,2um,HFocusing_5_10_2um2_0_159.npy2589.npy,,,,,0,0,2500,2500,,,copied_unchanged
P0/data/dataset/train/2um/HFocusing_5_10_2um2_0_1590.npy2590.npy,P0/data/dataset_particles2SNR_clean/train/2um/HFocusing_5_10_2um2_0_1590.npy2590.npy,2um,HFocusing_5_10_2um2_0_1590.npy2590.npy,,,,,0,0,2500,2500,,,copied_unchanged
P0/data/dataset/train/2um/HFocusing_5_10_2um2_0_1593.npy2591.npy,P0/data/dataset_particles2SNR_clean/train/2um/HFocusing_5_10_2um2_0_1593.npy2591.npy,2um,HFocusing_5_10_2um2_0_1593.npy2591.npy,,,,,0,0,2500,2500,,,copied_unchanged
P0/data/dataset/train/2um/HFocusing_5_10_2um2_0_1597.npy2592.npy,P0/data/dataset_particles2SNR_clean/train/2um/HFocusing_5_10_2um2_0_1597.npy2592.npy,2um,HFocusing_5_10_2um2_0_1597.npy2592.npy,,,,,0,0,2500,2500,,,copied_unchanged
P0/data/dataset/train/2um/HFocusing_5_10_2um2_0_1597.npy2593.npy,P0/data/dataset_particles2SNR_clean/train/2um/HFocusing_5_10_2um2_0_1597.npy2593.npy,2um,HFocusing_5_10_2um2_0_1597.npy2593.npy,,,,,0,0,2500,2500,,,copied_unchanged
P0/data/dataset/train/2um/HFocusing_5_10_2um2_0_1601.npy2594.npy,P0/data/dataset_particles2SNR_clean/train/2um/HFocusing_5_10_2um2_0_1601.npy2594.npy,2um,HFocusing_5_10_2um2_0_1601.npy2594.npy,,,,,0,0,2500,2500,,,copied_unchanged
P0/data/dataset/train/2um/HFocusing_5_10_2um2_0_1608.npy2595.npy,P0/data/dataset_particles2SNR_clean/train/2um/HFocusing_5_10_2um2_0_1608.npy2595.npy,2um,HFocusing_5_10_2um2_0_1608.npy2595.npy,,,,,0,0,2500,2500,,,copied_unchanged
P0/data/dataset/train/2um/HFocusing_5_10_2um2_0_1615.npy2597.npy,P0/data/dataset_particles2SNR_clean/train/2um/HFocusing_5_10_2um2_0_1615.npy2597.npy,2um,HFocusing_5_10_2um2_0_1615.npy2597.npy,,,,,0,0,2500,2500,,,copied_unchanged
P0/data/dataset/train/2um/HFocusing_5_10_2um2_0_1615.npy2598.npy,P0/data/dataset_particles2SNR_clean/train/2um/HFocusing_5_10_2um2_0_1615.npy2598.npy,2um,HFocusing_5_10_2um2_0_1615.npy2598.npy,,,,,0,0,2500,2500,,,copied_unchanged
P0/data/dataset/train/2um/HFocusing_5_10_2um2_0_1616.npy2599.npy,P0/data/dataset_particles2SNR_clean/train/2um/HFocusing_5_10_2um2_0_1616.npy2599.npy,2um,HFocusing_5_10_2um2_0_1616.npy2599.npy,,,,,0,0,2500,2500,,,copied_unchanged
P0/data/dataset/train/2um/HFocusing_5_10_2um2_0_1619.npy2600.npy,P0/data/dataset_particles2SNR_clean/train/2um/HFocusing_5_10_2um2_0_1619.npy2600.npy,2um,HFocusing_5_10_2um2_0_1619.npy2600.npy,,,,,0,0,2500,2500,,,copied_unchanged
P0/data/dataset/train/2um/HFocusing_5_10_2um2_0_1619.npy2601.npy,P0/data/dataset_particles2SNR_clean/train/2um/HFocusing_5_10_2um2_0_1619.npy2601.npy,2um,HFocusing_5_10_2um2_0_1619.npy2601.npy,,,,,0,0,2500,2500,,,copied_unchanged
P0/data/dataset/train/2um/HFocusing_5_10_2um2_0_1619.npy2602.npy,P0/data/dataset_particles2SNR_clean/train/2um/HFocusing_5_10_2um2_0_1619.npy2602.npy,2um,HFocusing_5_10_2um2_0_1619.npy2602.npy,,,,,0,0,2500,2500,,,copied_unchanged
P0/data/dataset/train/2um/HFocusing_5_10_2um2_0_162.npy2603.npy,P0/data/dataset_particles2SNR_clean/train/2um/HFocusing_5_10_2um2_0_162.npy2603.npy,2um,HFocusing_5_10_2um2_0_162.npy2603.npy,,,,,0,0,2500,2500,,,copied_unchanged
P0/data/dataset/train/2um/HFocusing_5_10_2um2_0_1620.npy2604.npy,P0/data/dataset_particles2SNR_clean/train/2um/HFocusing_5_10_2um2_0_1620.npy2604.npy,2um,HFocusing_5_10_2um2_0_1620.npy2604.npy,,,,,0,0,2500,2500,,,copied_unchanged
P0/data/dataset/train/2um/HFocusing_5_10_2um2_0_1630.npy2607.npy,P0/data/dataset_particles2SNR_clean/train/2um/HFocusing_5_10_2um2_0_1630.npy2607.npy,2um,HFocusing_5_10_2um2_0_1630.npy2607.npy,,,,,0,0,2500,2500,,,copied_unchanged
P0/data/dataset/train/2um/HFocusing_5_10_2um2_0_1634.npy2608.npy,P0/data/dataset_particles2SNR_clean/train/2um/HFocusing_5_10_2um2_0_1634.npy2608.npy,2um,HFocusing_5_10_2um2_0_1634.npy2608.npy,,,,,0,0,2500,2500,,,copied_unchanged
P0/data/dataset/train/2um/HFocusing_5_10_2um2_0_1653.npy2611.npy,P0/data/dataset_particles2SNR_clean/train/2um/HFocusing_5_10_2um2_0_1653.npy2611.npy,2um,HFocusing_5_10_2um2_0_1653.npy2611.npy,,,,,0,0,2500,2500,,,copied_unchanged
P0/data/dataset/train/2um/HFocusing_5_10_2um2_0_166.npy2612.npy,P0/data/dataset_particles2SNR_clean/train/2um/HFocusing_5_10_2um2_0_166.npy2612.npy,2um,HFocusing_5_10_2um2_0_166.npy2612.npy,,,,,0,0,2500,2500,,,copied_unchanged
P0/data/dataset/train/2um/HFocusing_5_10_2um2_0_166.npy2613.npy,P0/data/dataset_particles2SNR_clean/train/2um/HFocusing_5_10_2um2_0_166.npy2613.npy,2um,HFocusing_5_10_2um2_0_166.npy2613.npy,,,,,0,0,2500,2500,,,copied_unchanged
P0/data/dataset/train/2um/HFocusing_5_10_2um2_0_1660.npy2614.npy,P0/data/dataset_particles2SNR_clean/train/2um/HFocusing_5_10_2um2_0_1660.npy2614.npy,2um,HFocusing_5_10_2um2_0_1660.npy2614.npy,,,,,0,0,2500,2500,,,copied_unchanged
P0/data/dataset/train/2um/HFocusing_5_10_2um2_0_1667.npy2615.npy,P0/data/dataset_particles2SNR_clean/train/2um/HFocusing_5_10_2um2_0_1667.npy2615.npy,2um,HFocusing_5_10_2um2_0_1667.npy2615.npy,,,,,0,0,2500,2500,,,copied_unchanged
P0/data/dataset/train/2um/HFocusing_5_10_2um2_0_1667.npy2616.npy,P0/data/dataset_particles2SNR_clean/train/2um/HFocusing_5_10_2um2_0_1667.npy2616.npy,2um,HFocusing_5_10_2um2_0_1667.npy2616.npy,,,,,0,0,2500,2500,,,copied_unchanged
P0/data/dataset/train/2um/HFocusing_5_10_2um2_0_1670.npy2617.npy,P0/data/dataset_particles2SNR_clean/train/2um/HFocusing_5_10_2um2_0_1670.npy2617.npy,2um,HFocusing_5_10_2um2_0_1670.npy2617.npy,,,,,0,0,2500,2500,,,copied_unchanged
P0/data/dataset/train/2um/HFocusing_5_10_2um2_0_1671.npy2619.npy,P0/data/dataset_particles2SNR_clean/train/2um/HFocusing_5_10_2um2_0_1671.npy2619.npy,2um,HFocusing_5_10_2um2_0_1671.npy2619.npy,,,,,0,0,2500,2500,,,copied_unchanged
P0/data/dataset/train/2um/HFocusing_5_10_2um2_0_1674.npy2620.npy,P0/data/dataset_particles2SNR_clean/train/2um/HFocusing_5_10_2um2_0_1674.npy2620.npy,2um,HFocusing_5_10_2um2_0_1674.npy2620.npy,,,,,0,0,2500,2500,,,copied_unchanged
P0/data/dataset/train/2um/HFocusing_5_10_2um2_0_169.npy2622.npy,P0/data/dataset_particles2SNR_clean/train/2um/HFocusing_5_10_2um2_0_169.npy2622.npy,2um,HFocusing_5_10_2um2_0_169.npy2622.npy,,,,,0,0,2500,2500,,,copied_unchanged
P0/data/dataset/train/2um/HFocusing_5_10_2um2_0_1692.npy2623.npy,P0/data/dataset_particles2SNR_clean/train/2um/HFocusing_5_10_2um2_0_1692.npy2623.npy,2um,HFocusing_5_10_2um2_0_1692.npy2623.npy,,,,,0,0,2500,2500,,,copied_unchanged
P0/data/dataset/train/2um/HFocusing_5_10_2um2_0_1696.npy2624.npy,P0/data/dataset_particles2SNR_clean/train/2um/HFocusing_5_10_2um2_0_1696.npy2624.npy,2um,HFocusing_5_10_2um2_0_1696.npy2624.npy,,,,,0,0,2500,2500,,,copied_unchanged
P0/data/dataset/train/2um/HFocusing_5_10_2um2_0_1696.npy2625.npy,P0/data/dataset_particles2SNR_clean/train/2um/HFocusing_5_10_2um2_0_1696.npy2625.npy,2um,HFocusing_5_10_2um2_0_1696.npy2625.npy,,,,,0,0,2500,2500,,,copied_unchanged
P0/data/dataset/train/2um/HFocusing_5_10_2um2_0_1702.npy2627.npy,P0/data/dataset_particles2SNR_clean/train/2um/HFocusing_5_10_2um2_0_1702.npy2627.npy,2um,HFocusing_5_10_2um2_0_1702.npy2627.npy,,,,,0,0,2500,2500,,,copied_unchanged
P0/data/dataset/train/2um/HFocusing_5_10_2um2_0_1705.npy2628.npy,P0/data/dataset_particles2SNR_clean/train/2um/HFocusing_5_10_2um2_0_1705.npy2628.npy,2um,HFocusing_5_10_2um2_0_1705.npy2628.npy,,,,,0,0,2500,2500,,,copied_unchanged
P0/data/dataset/train/2um/HFocusing_5_10_2um2_0_1706.npy2629.npy,P0/data/dataset_particles2SNR_clean/train/2um/HFocusing_5_10_2um2_0_1706.npy2629.npy,2um,HFocusing_5_10_2um2_0_1706.npy2629.npy,,,,,0,0,2500,2500,,,copied_unchanged
P0/data/dataset/train/2um/HFocusing_5_10_2um2_0_171.npy2635.npy,P0/data/dataset_particles2SNR_clean/train/2um/HFocusing_5_10_2um2_0_171.npy2635.npy,2um,HFocusing_5_10_2um2_0_171.npy2635.npy,,,,,0,0,2500,2500,,,copied_unchanged
P0/data/dataset/train/2um/HFocusing_5_10_2um2_0_171.npy2636.npy,P0/data/dataset_particles2SNR_clean/train/2um/HFocusing_5_10_2um2_0_171.npy2636.npy,2um,HFocusing_5_10_2um2_0_171.npy2636.npy,,,,,0,0,2500,2500,,,copied_unchanged
P0/data/dataset/train/2um/HFocusing_5_10_2um2_0_1717.npy2639.npy,P0/data/dataset_particles2SNR_clean/train/2um/HFocusing_5_10_2um2_0_1717.npy2639.npy,2um,HFocusing_5_10_2um2_0_1717.npy2639.npy,,,,,0,0,2500,2500,,,copied_unchanged
P0/data/dataset/train/2um/HFocusing_5_10_2um2_0_1720.npy2640.npy,P0/data/dataset_particles2SNR_clean/train/2um/HFocusing_5_10_2um2_0_1720.npy2640.npy,2um,HFocusing_5_10_2um2_0_1720.npy2640.npy,,,,,0,0,2500,2500,,,copied_unchanged
P0/data/dataset/train/2um/HFocusing_5_10_2um2_0_1724.npy2641.npy,P0/data/dataset_particles2SNR_clean/train/2um/HFocusing_5_10_2um2_0_1724.npy2641.npy,2um,HFocusing_5_10_2um2_0_1724.npy2641.npy,,,,,0,0,2500,2500,,,copied_unchanged
P0/data/dataset/train/2um/HFocusing_5_10_2um2_0_1724.npy2642.npy,P0/data/dataset_particles2SNR_clean/train/2um/HFocusing_5_10_2um2_0_1724.npy2642.npy,2um,HFocusing_5_10_2um2_0_1724.npy2642.npy,,,,,0,0,2500,2500,,,copied_unchanged
P0/data/dataset/train/2um/HFocusing_5_10_2um2_0_1724.npy2643.npy,P0/data/dataset_particles2SNR_clean/train/2um/HFocusing_5_10_2um2_0_1724.npy2643.npy,2um,HFocusing_5_10_2um2_0_1724.npy2643.npy,,,,,0,0,2500,2500,,,copied_unchanged
P0/data/dataset/train/2um/HFocusing_5_10_2um2_0_1734.npy2645.npy,P0/data/dataset_particles2SNR_clean/train/2um/HFocusing_5_10_2um2_0_1734.npy2645.npy,2um,HFocusing_5_10_2um2_0_1734.npy2645.npy,,,,,0,0,2500,2500,,,copied_unchanged
P0/data/dataset/train/2um/HFocusing_5_10_2um2_0_1741.npy2647.npy,P0/data/dataset_particles2SNR_clean/train/2um/HFocusing_5_10_2um2_0_1741.npy2647.npy,2um,HFocusing_5_10_2um2_0_1741.npy2647.npy,,,,,0,0,2500,2500,,,copied_unchanged
P0/data/dataset/train/2um/HFocusing_5_10_2um2_0_1764.npy2653.npy,P0/data/dataset_particles2SNR_clean/train/2um/HFocusing_5_10_2um2_0_1764.npy2653.npy,2um,HFocusing_5_10_2um2_0_1764.npy2653.npy,,,,,0,0,2500,2500,,,copied_unchanged
P0/data/dataset/train/2um/HFocusing_5_10_2um2_0_1781.npy2659.npy,P0/data/dataset_particles2SNR_clean/train/2um/HFocusing_5_10_2um2_0_1781.npy2659.npy,2um,HFocusing_5_10_2um2_0_1781.npy2659.npy,,,,,0,0,2500,2500,,,copied_unchanged
P0/data/dataset/train/2um/HFocusing_5_10_2um2_0_1801.npy2665.npy,P0/data/dataset_particles2SNR_clean/train/2um/HFocusing_5_10_2um2_0_1801.npy2665.npy,2um,HFocusing_5_10_2um2_0_1801.npy2665.npy,,,,,0,0,2500,2500,,,copied_unchanged
P0/data/dataset/train/2um/HFocusing_5_10_2um2_0_1801.npy2667.npy,P0/data/dataset_particles2SNR_clean/train/2um/HFocusing_5_10_2um2_0_1801.npy2667.npy,2um,HFocusing_5_10_2um2_0_1801.npy2667.npy,,,,,0,0,2500,2500,,,copied_unchanged
P0/data/dataset/train/2um/HFocusing_5_10_2um2_0_1801.npy2668.npy,P0/data/dataset_particles2SNR_clean/train/2um/HFocusing_5_10_2um2_0_1801.npy2668.npy,2um,HFocusing_5_10_2um2_0_1801.npy2668.npy,,,,,0,0,2500,2500,,,copied_unchanged
P0/data/dataset/train/2um/HFocusing_5_10_2um2_0_1801.npy2669.npy,P0/data/dataset_particles2SNR_clean/train/2um/HFocusing_5_10_2um2_0_1801.npy2669.npy,2um,HFocusing_5_10_2um2_0_1801.npy2669.npy,,,,,0,0,2500,2500,,,copied_unchanged
P0/data/dataset/train/2um/HFocusing_5_10_2um2_0_1805.npy2671.npy,P0/data/dataset_particles2SNR_clean/train/2um/HFocusing_5_10_2um2_0_1805.npy2671.npy,2um,HFocusing_5_10_2um2_0_1805.npy2671.npy,,,,,0,0,2500,2500,,,copied_unchanged
P0/data/dataset/train/2um/HFocusing_5_10_2um2_0_1810.npy2673.npy,P0/data/dataset_particles2SNR_clean/train/2um/HFocusing_5_10_2um2_0_1810.npy2673.npy,2um,HFocusing_5_10_2um2_0_1810.npy2673.npy,,,,,0,0,2500,2500,,,copied_unchanged
P0/data/dataset/train/2um/HFocusing_5_10_2um2_0_1813.npy2674.npy,P0/data/dataset_particles2SNR_clean/train/2um/HFocusing_5_10_2um2_0_1813.npy2674.npy,2um,HFocusing_5_10_2um2_0_1813.npy2674.npy,,,,,0,0,2500,2500,,,copied_unchanged
P0/data/dataset/train/2um/HFocusing_5_10_2um2_0_1823.npy2676.npy,P0/data/dataset_particles2SNR_clean/train/2um/HFocusing_5_10_2um2_0_1823.npy2676.npy,2um,HFocusing_5_10_2um2_0_1823.npy2676.npy,,,,,0,0,2500,2500,,,copied_unchanged
P0/data/dataset/train/2um/HFocusing_5_10_2um2_0_1823.npy2678.npy,P0/data/dataset_particles2SNR_clean/train/2um/HFocusing_5_10_2um2_0_1823.npy2678.npy,2um,HFocusing_5_10_2um2_0_1823.npy2678.npy,,,,,0,0,2500,2500,,,copied_unchanged
P0/data/dataset/train/2um/HFocusing_5_10_2um2_0_1823.npy2679.npy,P0/data/dataset_particles2SNR_clean/train/2um/HFocusing_5_10_2um2_0_1823.npy2679.npy,2um,HFocusing_5_10_2um2_0_1823.npy2679.npy,,,,,0,0,2500,2500,,,copied_unchanged
P0/data/dataset/train/2um/HFocusing_5_10_2um2_0_1827.npy2680.npy,P0/data/dataset_particles2SNR_clean/train/2um/HFocusing_5_10_2um2_0_1827.npy2680.npy,2um,HFocusing_5_10_2um2_0_1827.npy2680.npy,,,,,0,0,2500,2500,,,copied_unchanged
P0/data/dataset/train/2um/HFocusing_5_10_2um2_0_1834.npy2681.npy,P0/data/dataset_particles2SNR_clean/train/2um/HFocusing_5_10_2um2_0_1834.npy2681.npy,2um,HFocusing_5_10_2um2_0_1834.npy2681.npy,,,,,0,0,2500,2500,,,copied_unchanged
P0/data/dataset/train/2um/HFocusing_5_10_2um2_0_1838.npy2682.npy,P0/data/dataset_particles2SNR_clean/train/2um/HFocusing_5_10_2um2_0_1838.npy2682.npy,2um,HFocusing_5_10_2um2_0_1838.npy2682.npy,,,,,0,0,2500,2500,,,copied_unchanged
P0/data/dataset/train/2um/HFocusing_5_10_2um2_0_1880.npy2696.npy,P0/data/dataset_particles2SNR_clean/train/2um/HFocusing_5_10_2um2_0_1880.npy2696.npy,2um,HFocusing_5_10_2um2_0_1880.npy2696.npy,,,,,0,0,2500,2500,,,copied_unchanged
P0/data/dataset/train/2um/HFocusing_5_10_2um2_0_1902.npy2706.npy,P0/data/dataset_particles2SNR_clean/train/2um/HFocusing_5_10_2um2_0_1902.npy2706.npy,2um,HFocusing_5_10_2um2_0_1902.npy2706.npy,,,,,0,0,2500,2500,,,copied_unchanged
P0/data/dataset/train/2um/HFocusing_5_10_2um2_0_1906.npy2708.npy,P0/data/dataset_particles2SNR_clean/train/2um/HFocusing_5_10_2um2_0_1906.npy2708.npy,2um,HFocusing_5_10_2um2_0_1906.npy2708.npy,,,,,0,0,2500,2500,,,copied_unchanged
P0/data/dataset/train/2um/HFocusing_5_10_2um2_0_1907.npy2710.npy,P0/data/dataset_particles2SNR_clean/train/2um/HFocusing_5_10_2um2_0_1907.npy2710.npy,2um,HFocusing_5_10_2um2_0_1907.npy2710.npy,,,,,0,0,2500,2500,,,copied_unchanged
P0/data/dataset/train/2um/HFocusing_5_10_2um2_0_1915.npy2712.npy,P0/data/dataset_particles2SNR_clean/train/2um/HFocusing_5_10_2um2_0_1915.npy2712.npy,2um,HFocusing_5_10_2um2_0_1915.npy2712.npy,,,,,0,0,2500,2500,,,copied_unchanged
P0/data/dataset/train/2um/HFocusing_5_10_2um2_0_1932.npy2717.npy,P0/data/dataset_particles2SNR_clean/train/2um/HFocusing_5_10_2um2_0_1932.npy2717.npy,2um,HFocusing_5_10_2um2_0_1932.npy2717.npy,,,,,0,0,2500,2500,,,copied_unchanged
P0/data/dataset/train/2um/HFocusing_5_10_2um2_0_194.npy2719.npy,P0/data/dataset_particles2SNR_clean/train/2um/HFocusing_5_10_2um2_0_194.npy2719.npy,2um,HFocusing_5_10_2um2_0_194.npy2719.npy,,,,,0,0,2500,2500,,,copied_unchanged
P0/data/dataset/train/2um/HFocusing_5_10_2um2_0_1941.npy2720.npy,P0/data/dataset_particles2SNR_clean/train/2um/HFocusing_5_10_2um2_0_1941.npy2720.npy,2um,HFocusing_5_10_2um2_0_1941.npy2720.npy,,,,,0,0,2500,2500,,,copied_unchanged
P0/data/dataset/train/2um/HFocusing_5_10_2um2_0_1946.npy2721.npy,P0/data/dataset_particles2SNR_clean/train/2um/HFocusing_5_10_2um2_0_1946.npy2721.npy,2um,HFocusing_5_10_2um2_0_1946.npy2721.npy,,,,,0,0,2500,2500,,,copied_unchanged
P0/data/dataset/train/2um/HFocusing_5_10_2um2_0_1954.npy2723.npy,P0/data/dataset_particles2SNR_clean/train/2um/HFocusing_5_10_2um2_0_1954.npy2723.npy,2um,HFocusing_5_10_2um2_0_1954.npy2723.npy,,,,,0,0,2500,2500,,,copied_unchanged
P0/data/dataset/train/2um/HFocusing_5_10_2um2_0_196.npy2726.npy,P0/data/dataset_particles2SNR_clean/train/2um/HFocusing_5_10_2um2_0_196.npy2726.npy,2um,HFocusing_5_10_2um2_0_196.npy2726.npy,,,,,0,0,2500,2500,,,copied_unchanged
P0/data/dataset/train/2um/HFocusing_5_10_2um2_0_1961.npy2727.npy,P0/data/dataset_particles2SNR_clean/train/2um/HFocusing_5_10_2um2_0_1961.npy2727.npy,2um,HFocusing_5_10_2um2_0_1961.npy2727.npy,,,,,0,0,2500,2500,,,copied_unchanged
P0/data/dataset/train/2um/HFocusing_5_10_2um2_0_1977.npy2730.npy,P0/data/dataset_particles2SNR_clean/train/2um/HFocusing_5_10_2um2_0_1977.npy2730.npy,2um,HFocusing_5_10_2um2_0_1977.npy2730.npy,,,,,0,0,2500,2500,,,copied_unchanged
P0/data/dataset/train/2um/HFocusing_5_10_2um2_0_1979.npy2731.npy,P0/data/dataset_particles2SNR_clean/train/2um/HFocusing_5_10_2um2_0_1979.npy2731.npy,2um,HFocusing_5_10_2um2_0_1979.npy2731.npy,,,,,0,0,2500,2500,,,copied_unchanged
P0/data/dataset/train/2um/HFocusing_5_10_2um2_0_1983.npy2732.npy,P0/data/dataset_particles2SNR_clean/train/2um/HFocusing_5_10_2um2_0_1983.npy2732.npy,2um,HFocusing_5_10_2um2_0_1983.npy2732.npy,,,,,0,0,2500,2500,,,copied_unchanged
P0/data/dataset/train/2um/HFocusing_5_10_2um2_0_1987.npy2733.npy,P0/data/dataset_particles2SNR_clean/train/2um/HFocusing_5_10_2um2_0_1987.npy2733.npy,2um,HFocusing_5_10_2um2_0_1987.npy2733.npy,,,,,0,0,2500,2500,,,copied_unchanged
P0/data/dataset/train/2um/HFocusing_5_10_2um2_0_1987.npy2734.npy,P0/data/dataset_particles2SNR_clean/train/2um/HFocusing_5_10_2um2_0_1987.npy2734.npy,2um,HFocusing_5_10_2um2_0_1987.npy2734.npy,,,,,0,0,2500,2500,,,copied_unchanged
P0/data/dataset/train/2um/HFocusing_5_10_2um2_0_1990.npy2735.npy,P0/data/dataset_particles2SNR_clean/train/2um/HFocusing_5_10_2um2_0_1990.npy2735.npy,2um,HFocusing_5_10_2um2_0_1990.npy2735.npy,,,,,0,0,2500,2500,,,copied_unchanged
P0/data/dataset/train/2um/HFocusing_5_10_2um2_0_1990.npy2736.npy,P0/data/dataset_particles2SNR_clean/train/2um/HFocusing_5_10_2um2_0_1990.npy2736.npy,2um,HFocusing_5_10_2um2_0_1990.npy2736.npy,,,,,0,0,2500,2500,,,copied_unchanged
P0/data/dataset/train/2um/HFocusing_5_10_2um2_0_2000.npy2738.npy,P0/data/dataset_particles2SNR_clean/train/2um/HFocusing_5_10_2um2_0_2000.npy2738.npy,2um,HFocusing_5_10_2um2_0_2000.npy2738.npy,,,,,0,0,2500,2500,,,copied_unchanged
P0/data/dataset/train/2um/HFocusing_5_10_2um2_0_2004.npy2739.npy,P0/data/dataset_particles2SNR_clean/train/2um/HFocusing_5_10_2um2_0_2004.npy2739.npy,2um,HFocusing_5_10_2um2_0_2004.npy2739.npy,,,,,0,0,2500,2500,,,copied_unchanged
P0/data/dataset/train/2um/HFocusing_5_10_2um2_0_2007.npy2740.npy,P0/data/dataset_particles2SNR_clean/train/2um/HFocusing_5_10_2um2_0_2007.npy2740.npy,2um,HFocusing_5_10_2um2_0_2007.npy2740.npy,,,,,0,0,2500,2500,,,copied_unchanged
P0/data/dataset/train/2um/HFocusing_5_10_2um2_0_2007.npy2741.npy,P0/data/dataset_particles2SNR_clean/train/2um/HFocusing_5_10_2um2_0_2007.npy2741.npy,2um,HFocusing_5_10_2um2_0_2007.npy2741.npy,,,,,0,0,2500,2500,,,copied_unchanged
P0/data/dataset/train/2um/HFocusing_5_10_2um2_0_201.npy2742.npy,P0/data/dataset_particles2SNR_clean/train/2um/HFocusing_5_10_2um2_0_201.npy2742.npy,2um,HFocusing_5_10_2um2_0_201.npy2742.npy,,,,,0,0,2500,2500,,,copied_unchanged
P0/data/dataset/train/2um/HFocusing_5_10_2um2_0_201.npy2743.npy,P0/data/dataset_particles2SNR_clean/train/2um/HFocusing_5_10_2um2_0_201.npy2743.npy,2um,HFocusing_5_10_2um2_0_201.npy2743.npy,,,,,0,0,2500,2500,,,copied_unchanged
P0/data/dataset/train/2um/HFocusing_5_10_2um2_0_2013.npy2745.npy,P0/data/dataset_particles2SNR_clean/train/2um/HFocusing_5_10_2um2_0_2013.npy2745.npy,2um,HFocusing_5_10_2um2_0_2013.npy2745.npy,,,,,0,0,2500,2500,,,copied_unchanged
P0/data/dataset/train/2um/HFocusing_5_10_2um2_0_2016.npy2746.npy,P0/data/dataset_particles2SNR_clean/train/2um/HFocusing_5_10_2um2_0_2016.npy2746.npy,2um,HFocusing_5_10_2um2_0_2016.npy2746.npy,,,,,0,0,2500,2500,,,copied_unchanged
P0/data/dataset/train/2um/HFocusing_5_10_2um2_0_2016.npy2748.npy,P0/data/dataset_particles2SNR_clean/train/2um/HFocusing_5_10_2um2_0_2016.npy2748.npy,2um,HFocusing_5_10_2um2_0_2016.npy2748.npy,,,,,0,0,2500,2500,,,copied_unchanged
P0/data/dataset/train/2um/HFocusing_5_10_2um2_0_2024.npy2751.npy,P0/data/dataset_particles2SNR_clean/train/2um/HFocusing_5_10_2um2_0_2024.npy2751.npy,2um,HFocusing_5_10_2um2_0_2024.npy2751.npy,,,,,0,0,2500,2500,,,copied_unchanged
P0/data/dataset/train/2um/HFocusing_5_10_2um2_0_2035.npy2755.npy,P0/data/dataset_particles2SNR_clean/train/2um/HFocusing_5_10_2um2_0_2035.npy2755.npy,2um,HFocusing_5_10_2um2_0_2035.npy2755.npy,,,,,0,0,2500,2500,,,copied_unchanged
P0/data/dataset/train/2um/HFocusing_5_10_2um2_0_2039.npy2756.npy,P0/data/dataset_particles2SNR_clean/train/2um/HFocusing_5_10_2um2_0_2039.npy2756.npy,2um,HFocusing_5_10_2um2_0_2039.npy2756.npy,,,,,0,0,2500,2500,,,copied_unchanged
P0/data/dataset/train/2um/HFocusing_5_10_2um2_0_204.npy2757.npy,P0/data/dataset_particles2SNR_clean/train/2um/HFocusing_5_10_2um2_0_204.npy2757.npy,2um,HFocusing_5_10_2um2_0_204.npy2757.npy,,,,,0,0,2500,2500,,,copied_unchanged
P0/data/dataset/train/2um/HFocusing_5_10_2um2_0_2041.npy2758.npy,P0/data/dataset_particles2SNR_clean/train/2um/HFocusing_5_10_2um2_0_2041.npy2758.npy,2um,HFocusing_5_10_2um2_0_2041.npy2758.npy,,,,,0,0,2500,2500,,,copied_unchanged
P0/data/dataset/train/2um/HFocusing_5_10_2um2_0_2045.npy2759.npy,P0/data/dataset_particles2SNR_clean/train/2um/HFocusing_5_10_2um2_0_2045.npy2759.npy,2um,HFocusing_5_10_2um2_0_2045.npy2759.npy,,,,,0,0,2500,2500,,,copied_unchanged
P0/data/dataset/train/2um/HFocusing_5_10_2um2_0_2052.npy2764.npy,P0/data/dataset_particles2SNR_clean/train/2um/HFocusing_5_10_2um2_0_2052.npy2764.npy,2um,HFocusing_5_10_2um2_0_2052.npy2764.npy,,,,,0,0,2500,2500,,,copied_unchanged
P0/data/dataset/train/2um/HFocusing_5_10_2um2_0_2059.npy2765.npy,P0/data/dataset_particles2SNR_clean/train/2um/HFocusing_5_10_2um2_0_2059.npy2765.npy,2um,HFocusing_5_10_2um2_0_2059.npy2765.npy,,,,,0,0,2500,2500,,,copied_unchanged
P0/data/dataset/train/2um/HFocusing_5_10_2um2_0_2059.npy2766.npy,P0/data/dataset_particles2SNR_clean/train/2um/HFocusing_5_10_2um2_0_2059.npy2766.npy,2um,HFocusing_5_10_2um2_0_2059.npy2766.npy,,,,,0,0,2500,2500,,,copied_unchanged
P0/data/dataset/train/2um/HFocusing_5_10_2um2_0_2067.npy2768.npy,P0/data/dataset_particles2SNR_clean/train/2um/HFocusing_5_10_2um2_0_2067.npy2768.npy,2um,HFocusing_5_10_2um2_0_2067.npy2768.npy,,,,,0,0,2500,2500,,,copied_unchanged
P0/data/dataset/train/2um/HFocusing_5_10_2um2_0_2077.npy2770.npy,P0/data/dataset_particles2SNR_clean/train/2um/HFocusing_5_10_2um2_0_2077.npy2770.npy,2um,HFocusing_5_10_2um2_0_2077.npy2770.npy,,,,,0,0,2500,2500,,,copied_unchanged
P0/data/dataset/train/2um/HFocusing_5_10_2um2_0_2077.npy2772.npy,P0/data/dataset_particles2SNR_clean/train/2um/HFocusing_5_10_2um2_0_2077.npy2772.npy,2um,HFocusing_5_10_2um2_0_2077.npy2772.npy,,,,,0,0,2500,2500,,,copied_unchanged
P0/data/dataset/train/2um/HFocusing_5_10_2um2_0_2081.npy2775.npy,P0/data/dataset_particles2SNR_clean/train/2um/HFocusing_5_10_2um2_0_2081.npy2775.npy,2um,HFocusing_5_10_2um2_0_2081.npy2775.npy,,,,,0,0,2500,2500,,,copied_unchanged
P0/data/dataset/train/2um/HFocusing_5_10_2um2_0_2095.npy2781.npy,P0/data/dataset_particles2SNR_clean/train/2um/HFocusing_5_10_2um2_0_2095.npy2781.npy,2um,HFocusing_5_10_2um2_0_2095.npy2781.npy,,,,,0,0,2500,2500,,,copied_unchanged
P0/data/dataset/train/2um/HFocusing_5_10_2um2_0_2112.npy2791.npy,P0/data/dataset_particles2SNR_clean/train/2um/HFocusing_5_10_2um2_0_2112.npy2791.npy,2um,HFocusing_5_10_2um2_0_2112.npy2791.npy,,,,,0,0,2500,2500,,,copied_unchanged
P0/data/dataset/train/2um/HFocusing_5_10_2um2_0_2113.npy2793.npy,P0/data/dataset_particles2SNR_clean/train/2um/HFocusing_5_10_2um2_0_2113.npy2793.npy,2um,HFocusing_5_10_2um2_0_2113.npy2793.npy,,,,,0,0,2500,2500,,,copied_unchanged
P0/data/dataset/train/2um/HFocusing_5_10_2um2_0_2172.npy2809.npy,P0/data/dataset_particles2SNR_clean/train/2um/HFocusing_5_10_2um2_0_2172.npy2809.npy,2um,HFocusing_5_10_2um2_0_2172.npy2809.npy,,,,,0,0,2500,2500,,,copied_unchanged
P0/data/dataset/train/2um/HFocusing_5_10_2um2_0_2180.npy2811.npy,P0/data/dataset_particles2SNR_clean/train/2um/HFocusing_5_10_2um2_0_2180.npy2811.npy,2um,HFocusing_5_10_2um2_0_2180.npy2811.npy,,,,,0,0,2500,2500,,,copied_unchanged
P0/data/dataset/train/2um/HFocusing_5_10_2um2_0_219.npy2816.npy,P0/data/dataset_particles2SNR_clean/train/2um/HFocusing_5_10_2um2_0_219.npy2816.npy,2um,HFocusing_5_10_2um2_0_219.npy2816.npy,,,,,0,0,2500,2500,,,copied_unchanged
P0/data/dataset/train/2um/HFocusing_5_10_2um2_0_2222.npy2827.npy,P0/data/dataset_particles2SNR_clean/train/2um/HFocusing_5_10_2um2_0_2222.npy2827.npy,2um,HFocusing_5_10_2um2_0_2222.npy2827.npy,,,,,0,0,2500,2500,,,copied_unchanged
P0/data/dataset/train/2um/HFocusing_5_10_2um2_0_223.npy2833.npy,P0/data/dataset_particles2SNR_clean/train/2um/HFocusing_5_10_2um2_0_223.npy2833.npy,2um,HFocusing_5_10_2um2_0_223.npy2833.npy,,,,,0,0,2500,2500,,,copied_unchanged
P0/data/dataset/train/2um/HFocusing_5_10_2um2_0_2239.npy2837.npy,P0/data/dataset_particles2SNR_clean/train/2um/HFocusing_5_10_2um2_0_2239.npy2837.npy,2um,HFocusing_5_10_2um2_0_2239.npy2837.npy,,,,,0,0,2500,2500,,,copied_unchanged
P0/data/dataset/train/2um/HFocusing_5_10_2um2_0_2253.npy2842.npy,P0/data/dataset_particles2SNR_clean/train/2um/HFocusing_5_10_2um2_0_2253.npy2842.npy,2um,HFocusing_5_10_2um2_0_2253.npy2842.npy,,,,,0,0,2500,2500,,,copied_unchanged
P0/data/dataset/train/2um/HFocusing_5_10_2um2_0_2255.npy2843.npy,P0/data/dataset_particles2SNR_clean/train/2um/HFocusing_5_10_2um2_0_2255.npy2843.npy,2um,HFocusing_5_10_2um2_0_2255.npy2843.npy,,,,,0,0,2500,2500,,,copied_unchanged
P0/data/dataset/train/2um/HFocusing_5_10_2um2_0_2255.npy2844.npy,P0/data/dataset_particles2SNR_clean/train/2um/HFocusing_5_10_2um2_0_2255.npy2844.npy,2um,HFocusing_5_10_2um2_0_2255.npy2844.npy,,,,,0,0,2500,2500,,,copied_unchanged
P0/data/dataset/train/2um/HFocusing_5_10_2um2_0_2255.npy2845.npy,P0/data/dataset_particles2SNR_clean/train/2um/HFocusing_5_10_2um2_0_2255.npy2845.npy,2um,HFocusing_5_10_2um2_0_2255.npy2845.npy,,,,,0,0,2500,2500,,,copied_unchanged
P0/data/dataset/train/2um/HFocusing_5_10_2um2_0_226.npy2846.npy,P0/data/dataset_particles2SNR_clean/train/2um/HFocusing_5_10_2um2_0_226.npy2846.npy,2um,HFocusing_5_10_2um2_0_226.npy2846.npy,,,,,0,0,2500,2500,,,copied_unchanged
P0/data/dataset/train/2um/HFocusing_5_10_2um2_0_229.npy2861.npy,P0/data/dataset_particles2SNR_clean/train/2um/HFocusing_5_10_2um2_0_229.npy2861.npy,2um,HFocusing_5_10_2um2_0_229.npy2861.npy,,,,,0,0,2500,2500,,,copied_unchanged
P0/data/dataset/train/2um/HFocusing_5_10_2um2_0_229.npy2862.npy,P0/data/dataset_particles2SNR_clean/train/2um/HFocusing_5_10_2um2_0_229.npy2862.npy,2um,HFocusing_5_10_2um2_0_229.npy2862.npy,,,,,0,0,2500,2500,,,copied_unchanged
P0/data/dataset/train/2um/HFocusing_5_10_2um2_0_229.npy2863.npy,P0/data/dataset_particles2SNR_clean/train/2um/HFocusing_5_10_2um2_0_229.npy2863.npy,2um,HFocusing_5_10_2um2_0_229.npy2863.npy,,,,,0,0,2500,2500,,,copied_unchanged
P0/data/dataset/train/2um/HFocusing_5_10_2um2_0_230.npy2866.npy,P0/data/dataset_particles2SNR_clean/train/2um/HFocusing_5_10_2um2_0_230.npy2866.npy,2um,HFocusing_5_10_2um2_0_230.npy2866.npy,,,,,0,0,2500,2500,,,copied_unchanged
P0/data/dataset/train/2um/HFocusing_5_10_2um2_0_244.npy2920.npy,P0/data/dataset_particles2SNR_clean/train/2um/HFocusing_5_10_2um2_0_244.npy2920.npy,2um,HFocusing_5_10_2um2_0_244.npy2920.npy,,,,,0,0,2500,2500,,,copied_unchanged
P0/data/dataset/train/2um/HFocusing_5_10_2um2_0_244.npy2921.npy,P0/data/dataset_particles2SNR_clean/train/2um/HFocusing_5_10_2um2_0_244.npy2921.npy,2um,HFocusing_5_10_2um2_0_244.npy2921.npy,,,,,0,0,2500,2500,,,copied_unchanged
P0/data/dataset/train/2um/HFocusing_5_10_2um2_0_247.npy2935.npy,P0/data/dataset_particles2SNR_clean/train/2um/HFocusing_5_10_2um2_0_247.npy2935.npy,2um,HFocusing_5_10_2um2_0_247.npy2935.npy,,,,,0,0,2500,2500,,,copied_unchanged
P0/data/dataset/train/2um/HFocusing_5_10_2um2_0_254.npy2959.npy,P0/data/dataset_particles2SNR_clean/train/2um/HFocusing_5_10_2um2_0_254.npy2959.npy,2um,HFocusing_5_10_2um2_0_254.npy2959.npy,,,,,0,0,2500,2500,,,copied_unchanged
P0/data/dataset/train/2um/HFocusing_5_10_2um2_0_254.npy2960.npy,P0/data/dataset_particles2SNR_clean/train/2um/HFocusing_5_10_2um2_0_254.npy2960.npy,2um,HFocusing_5_10_2um2_0_254.npy2960.npy,,,,,0,0,2500,2500,,,copied_unchanged
P0/data/dataset/train/2um/HFocusing_5_10_2um2_0_254.npy2961.npy,P0/data/dataset_particles2SNR_clean/train/2um/HFocusing_5_10_2um2_0_254.npy2961.npy,2um,HFocusing_5_10_2um2_0_254.npy2961.npy,,,,,0,0,2500,2500,,,copied_unchanged
P0/data/dataset/train/2um/HFocusing_5_10_2um2_0_254.npy2962.npy,P0/data/dataset_particles2SNR_clean/train/2um/HFocusing_5_10_2um2_0_254.npy2962.npy,2um,HFocusing_5_10_2um2_0_254.npy2962.npy,,,,,0,0,2500,2500,,,copied_unchanged
P0/data/dataset/train/2um/HFocusing_5_10_2um2_0_261.npy2982.npy,P0/data/dataset_particles2SNR_clean/train/2um/HFocusing_5_10_2um2_0_261.npy2982.npy,2um,HFocusing_5_10_2um2_0_261.npy2982.npy,,,,,0,0,2500,2500,,,copied_unchanged
P0/data/dataset/train/2um/HFocusing_5_10_2um2_0_266.npy2993.npy,P0/data/dataset_particles2SNR_clean/train/2um/HFocusing_5_10_2um2_0_266.npy2993.npy,2um,HFocusing_5_10_2um2_0_266.npy2993.npy,,,,,0,0,2500,2500,,,copied_unchanged
P0/data/dataset/train/2um/HFocusing_5_10_2um2_0_266.npy2994.npy,P0/data/dataset_particles2SNR_clean/train/2um/HFocusing_5_10_2um2_0_266.npy2994.npy,2um,HFocusing_5_10_2um2_0_266.npy2994.npy,,,,,0,0,2500,2500,,,copied_unchanged
P0/data/dataset/train/2um/HFocusing_5_10_2um2_0_266.npy2995.npy,P0/data/dataset_particles2SNR_clean/train/2um/HFocusing_5_10_2um2_0_266.npy2995.npy,2um,HFocusing_5_10_2um2_0_266.npy2995.npy,,,,,0,0,2500,2500,,,copied_unchanged
P0/data/dataset/train/2um/HFocusing_5_10_2um2_0_270.npy2996.npy,P0/data/dataset_particles2SNR_clean/train/2um/HFocusing_5_10_2um2_0_270.npy2996.npy,2um,HFocusing_5_10_2um2_0_270.npy2996.npy,,,,,0,0,2500,2500,,,copied_unchanged
P0/data/dataset/train/2um/HFocusing_5_10_2um2_0_277.npy2998.npy,P0/data/dataset_particles2SNR_clean/train/2um/HFocusing_5_10_2um2_0_277.npy2998.npy,2um,HFocusing_5_10_2um2_0_277.npy2998.npy,,,,,0,0,2500,2500,,,copied_unchanged
P0/data/dataset/train/2um/HFocusing_5_10_2um2_0_277.npy2999.npy,P0/data/dataset_particles2SNR_clean/train/2um/HFocusing_5_10_2um2_0_277.npy2999.npy,2um,HFocusing_5_10_2um2_0_277.npy2999.npy,,,,,0,0,2500,2500,,,copied_unchanged
P0/data/dataset/train/2um/HFocusing_5_10_2um2_0_277.npy3000.npy,P0/data/dataset_particles2SNR_clean/train/2um/HFocusing_5_10_2um2_0_277.npy3000.npy,2um,HFocusing_5_10_2um2_0_277.npy3000.npy,,,,,0,0,2500,2500,,,copied_unchanged
P0/data/dataset/train/2um/HFocusing_5_10_2um2_0_281.npy3002.npy,P0/data/dataset_particles2SNR_clean/train/2um/HFocusing_5_10_2um2_0_281.npy3002.npy,2um,HFocusing_5_10_2um2_0_281.npy3002.npy,,,,,0,0,2500,2500,,,copied_unchanged
P0/data/dataset/train/2um/HFocusing_5_10_2um2_0_295.npy3007.npy,P0/data/dataset_particles2SNR_clean/train/2um/HFocusing_5_10_2um2_0_295.npy3007.npy,2um,HFocusing_5_10_2um2_0_295.npy3007.npy,,,,,0,0,2500,2500,,,copied_unchanged
P0/data/dataset/train/2um/HFocusing_5_10_2um2_0_295.npy3008.npy,P0/data/dataset_particles2SNR_clean/train/2um/HFocusing_5_10_2um2_0_295.npy3008.npy,2um,HFocusing_5_10_2um2_0_295.npy3008.npy,,,,,0,0,2500,2500,,,copied_unchanged
P0/data/dataset/train/2um/HFocusing_5_10_2um2_0_299.npy3010.npy,P0/data/dataset_particles2SNR_clean/train/2um/HFocusing_5_10_2um2_0_299.npy3010.npy,2um,HFocusing_5_10_2um2_0_299.npy3010.npy,,,,,0,0,2500,2500,,,copied_unchanged
P0/data/dataset/train/2um/HFocusing_5_10_2um2_0_306.npy3013.npy,P0/data/dataset_particles2SNR_clean/train/2um/HFocusing_5_10_2um2_0_306.npy3013.npy,2um,HFocusing_5_10_2um2_0_306.npy3013.npy,,,,,0,0,2500,2500,,,copied_unchanged
P0/data/dataset/train/2um/HFocusing_5_10_2um2_0_310.npy3018.npy,P0/data/dataset_particles2SNR_clean/train/2um/HFocusing_5_10_2um2_0_310.npy3018.npy,2um,HFocusing_5_10_2um2_0_310.npy3018.npy,,,,,0,0,2500,2500,,,copied_unchanged
P0/data/dataset/train/2um/HFocusing_5_10_2um2_0_320.npy3026.npy,P0/data/dataset_particles2SNR_clean/train/2um/HFocusing_5_10_2um2_0_320.npy3026.npy,2um,HFocusing_5_10_2um2_0_320.npy3026.npy,,,,,0,0,2500,2500,,,copied_unchanged
P0/data/dataset/train/2um/HFocusing_5_10_2um2_0_330.npy3029.npy,P0/data/dataset_particles2SNR_clean/train/2um/HFocusing_5_10_2um2_0_330.npy3029.npy,2um,HFocusing_5_10_2um2_0_330.npy3029.npy,,,,,0,0,2500,2500,,,copied_unchanged
P0/data/dataset/train/2um/HFocusing_5_10_2um2_0_343.npy3038.npy,P0/data/dataset_particles2SNR_clean/train/2um/HFocusing_5_10_2um2_0_343.npy3038.npy,2um,HFocusing_5_10_2um2_0_343.npy3038.npy,,,,,0,0,2500,2500,,,copied_unchanged
P0/data/dataset/train/2um/HFocusing_5_10_2um2_0_343.npy3039.npy,P0/data/dataset_particles2SNR_clean/train/2um/HFocusing_5_10_2um2_0_343.npy3039.npy,2um,HFocusing_5_10_2um2_0_343.npy3039.npy,,,,,0,0,2500,2500,,,copied_unchanged
P0/data/dataset/train/2um/HFocusing_5_10_2um2_0_357.npy3049.npy,P0/data/dataset_particles2SNR_clean/train/2um/HFocusing_5_10_2um2_0_357.npy3049.npy,2um,HFocusing_5_10_2um2_0_357.npy3049.npy,,,,,0,0,2500,2500,,,copied_unchanged
P0/data/dataset/train/2um/HFocusing_5_10_2um2_0_357.npy3051.npy,P0/data/dataset_particles2SNR_clean/train/2um/HFocusing_5_10_2um2_0_357.npy3051.npy,2um,HFocusing_5_10_2um2_0_357.npy3051.npy,,,,,0,0,2500,2500,,,copied_unchanged
P0/data/dataset/train/2um/HFocusing_5_10_2um2_0_368.npy3060.npy,P0/data/dataset_particles2SNR_clean/train/2um/HFocusing_5_10_2um2_0_368.npy3060.npy,2um,HFocusing_5_10_2um2_0_368.npy3060.npy,,,,,0,0,2500,2500,,,copied_unchanged
P0/data/dataset/train/2um/HFocusing_5_10_2um2_0_379.npy3063.npy,P0/data/dataset_particles2SNR_clean/train/2um/HFocusing_5_10_2um2_0_379.npy3063.npy,2um,HFocusing_5_10_2um2_0_379.npy3063.npy,,,,,0,0,2500,2500,,,copied_unchanged
P0/data/dataset/train/2um/HFocusing_5_10_2um2_0_379.npy3064.npy,P0/data/dataset_particles2SNR_clean/train/2um/HFocusing_5_10_2um2_0_379.npy3064.npy,2um,HFocusing_5_10_2um2_0_379.npy3064.npy,,,,,0,0,2500,2500,,,copied_unchanged
P0/data/dataset/train/2um/HFocusing_5_10_2um2_0_391.npy3073.npy,P0/data/dataset_particles2SNR_clean/train/2um/HFocusing_5_10_2um2_0_391.npy3073.npy,2um,HFocusing_5_10_2um2_0_391.npy3073.npy,,,,,0,0,2500,2500,,,copied_unchanged
P0/data/dataset/train/2um/HFocusing_5_10_2um2_0_391.npy3074.npy,P0/data/dataset_particles2SNR_clean/train/2um/HFocusing_5_10_2um2_0_391.npy3074.npy,2um,HFocusing_5_10_2um2_0_391.npy3074.npy,,,,,0,0,2500,2500,,,copied_unchanged
P0/data/dataset/train/2um/HFocusing_5_10_2um2_0_406.npy3080.npy,P0/data/dataset_particles2SNR_clean/train/2um/HFocusing_5_10_2um2_0_406.npy3080.npy,2um,HFocusing_5_10_2um2_0_406.npy3080.npy,,,,,0,0,2500,2500,,,copied_unchanged
P0/data/dataset/train/2um/HFocusing_5_10_2um2_0_409.npy3081.npy,P0/data/dataset_particles2SNR_clean/train/2um/HFocusing_5_10_2um2_0_409.npy3081.npy,2um,HFocusing_5_10_2um2_0_409.npy3081.npy,,,,,0,0,2500,2500,,,copied_unchanged
P0/data/dataset/train/2um/HFocusing_5_10_2um2_0_409.npy3082.npy,P0/data/dataset_particles2SNR_clean/train/2um/HFocusing_5_10_2um2_0_409.npy3082.npy,2um,HFocusing_5_10_2um2_0_409.npy3082.npy,,,,,0,0,2500,2500,,,copied_unchanged
P0/data/dataset/train/2um/HFocusing_5_10_2um2_0_417.npy3088.npy,P0/data/dataset_particles2SNR_clean/train/2um/HFocusing_5_10_2um2_0_417.npy3088.npy,2um,HFocusing_5_10_2um2_0_417.npy3088.npy,,,,,0,0,2500,2500,,,copied_unchanged
P0/data/dataset/train/2um/HFocusing_5_10_2um2_0_417.npy3089.npy,P0/data/dataset_particles2SNR_clean/train/2um/HFocusing_5_10_2um2_0_417.npy3089.npy,2um,HFocusing_5_10_2um2_0_417.npy3089.npy,,,,,0,0,2500,2500,,,copied_unchanged
P0/data/dataset/train/2um/HFocusing_5_10_2um2_0_438.npy3100.npy,P0/data/dataset_particles2SNR_clean/train/2um/HFocusing_5_10_2um2_0_438.npy3100.npy,2um,HFocusing_5_10_2um2_0_438.npy3100.npy,,,,,0,0,2500,2500,,,copied_unchanged
P0/data/dataset/train/2um/HFocusing_5_10_2um2_0_439.npy3101.npy,P0/data/dataset_particles2SNR_clean/train/2um/HFocusing_5_10_2um2_0_439.npy3101.npy,2um,HFocusing_5_10_2um2_0_439.npy3101.npy,,,,,0,0,2500,2500,,,copied_unchanged
P0/data/dataset/train/2um/HFocusing_5_10_2um2_0_442.npy3102.npy,P0/data/dataset_particles2SNR_clean/train/2um/HFocusing_5_10_2um2_0_442.npy3102.npy,2um,HFocusing_5_10_2um2_0_442.npy3102.npy,,,,,0,0,2500,2500,,,copied_unchanged
P0/data/dataset/train/2um/HFocusing_5_10_2um2_0_442.npy3104.npy,P0/data/dataset_particles2SNR_clean/train/2um/HFocusing_5_10_2um2_0_442.npy3104.npy,2um,HFocusing_5_10_2um2_0_442.npy3104.npy,,,,,0,0,2500,2500,,,copied_unchanged
P0/data/dataset/train/2um/HFocusing_5_10_2um2_0_449.npy3105.npy,P0/data/dataset_particles2SNR_clean/train/2um/HFocusing_5_10_2um2_0_449.npy3105.npy,2um,HFocusing_5_10_2um2_0_449.npy3105.npy,,,,,0,0,2500,2500,,,copied_unchanged
P0/data/dataset/train/2um/HFocusing_5_10_2um2_0_449.npy3106.npy,P0/data/dataset_particles2SNR_clean/train/2um/HFocusing_5_10_2um2_0_449.npy3106.npy,2um,HFocusing_5_10_2um2_0_449.npy3106.npy,,,,,0,0,2500,2500,,,copied_unchanged
P0/data/dataset/train/2um/HFocusing_5_10_2um2_0_449.npy3107.npy,P0/data/dataset_particles2SNR_clean/train/2um/HFocusing_5_10_2um2_0_449.npy3107.npy,2um,HFocusing_5_10_2um2_0_449.npy3107.npy,,,,,0,0,2500,2500,,,copied_unchanged
P0/data/dataset/train/2um/HFocusing_5_10_2um2_0_449.npy3108.npy,P0/data/dataset_particles2SNR_clean/train/2um/HFocusing_5_10_2um2_0_449.npy3108.npy,2um,HFocusing_5_10_2um2_0_449.npy3108.npy,,,,,0,0,2500,2500,,,copied_unchanged
P0/data/dataset/train/2um/HFocusing_5_10_2um2_0_450.npy3110.npy,P0/data/dataset_particles2SNR_clean/train/2um/HFocusing_5_10_2um2_0_450.npy3110.npy,2um,HFocusing_5_10_2um2_0_450.npy3110.npy,,,,,0,0,2500,2500,,,copied_unchanged
P0/data/dataset/train/2um/HFocusing_5_10_2um2_0_450.npy3111.npy,P0/data/dataset_particles2SNR_clean/train/2um/HFocusing_5_10_2um2_0_450.npy3111.npy,2um,HFocusing_5_10_2um2_0_450.npy3111.npy,,,,,0,0,2500,2500,,,copied_unchanged
P0/data/dataset/train/2um/HFocusing_5_10_2um2_0_450.npy3113.npy,P0/data/dataset_particles2SNR_clean/train/2um/HFocusing_5_10_2um2_0_450.npy3113.npy,2um,HFocusing_5_10_2um2_0_450.npy3113.npy,,,,,0,0,2500,2500,,,copied_unchanged
P0/data/dataset/train/2um/HFocusing_5_10_2um2_0_453.npy3115.npy,P0/data/dataset_particles2SNR_clean/train/2um/HFocusing_5_10_2um2_0_453.npy3115.npy,2um,HFocusing_5_10_2um2_0_453.npy3115.npy,,,,,0,0,2500,2500,,,copied_unchanged
P0/data/dataset/train/2um/HFocusing_5_10_2um2_0_456.npy3117.npy,P0/data/dataset_particles2SNR_clean/train/2um/HFocusing_5_10_2um2_0_456.npy3117.npy,2um,HFocusing_5_10_2um2_0_456.npy3117.npy,,,,,0,0,2500,2500,,,copied_unchanged
P0/data/dataset/train/2um/HFocusing_5_10_2um2_0_468.npy3122.npy,P0/data/dataset_particles2SNR_clean/train/2um/HFocusing_5_10_2um2_0_468.npy3122.npy,2um,HFocusing_5_10_2um2_0_468.npy3122.npy,,,,,0,0,2500,2500,,,copied_unchanged
P0/data/dataset/train/2um/HFocusing_5_10_2um2_0_482.npy3132.npy,P0/data/dataset_particles2SNR_clean/train/2um/HFocusing_5_10_2um2_0_482.npy3132.npy,2um,HFocusing_5_10_2um2_0_482.npy3132.npy,,,,,0,0,2500,2500,,,copied_unchanged
P0/data/dataset/train/2um/HFocusing_5_10_2um2_0_483.npy3134.npy,P0/data/dataset_particles2SNR_clean/train/2um/HFocusing_5_10_2um2_0_483.npy3134.npy,2um,HFocusing_5_10_2um2_0_483.npy3134.npy,,,,,0,0,2500,2500,,,copied_unchanged
P0/data/dataset/train/2um/HFocusing_5_10_2um2_0_483.npy3135.npy,P0/data/dataset_particles2SNR_clean/train/2um/HFocusing_5_10_2um2_0_483.npy3135.npy,2um,HFocusing_5_10_2um2_0_483.npy3135.npy,,,,,0,0,2500,2500,,,copied_unchanged
P0/data/dataset/train/2um/HFocusing_5_10_2um2_0_487.npy3137.npy,P0/data/dataset_particles2SNR_clean/train/2um/HFocusing_5_10_2um2_0_487.npy3137.npy,2um,HFocusing_5_10_2um2_0_487.npy3137.npy,,,,,0,0,2500,2500,,,copied_unchanged
P0/data/dataset/train/2um/HFocusing_5_10_2um2_0_500.npy3146.npy,P0/data/dataset_particles2SNR_clean/train/2um/HFocusing_5_10_2um2_0_500.npy3146.npy,2um,HFocusing_5_10_2um2_0_500.npy3146.npy,,,,,0,0,2500,2500,,,copied_unchanged
P0/data/dataset/train/2um/HFocusing_5_10_2um2_0_501.npy3147.npy,P0/data/dataset_particles2SNR_clean/train/2um/HFocusing_5_10_2um2_0_501.npy3147.npy,2um,HFocusing_5_10_2um2_0_501.npy3147.npy,,,,,0,0,2500,2500,,,copied_unchanged
P0/data/dataset/train/2um/HFocusing_5_10_2um2_0_513.npy3156.npy,P0/data/dataset_particles2SNR_clean/train/2um/HFocusing_5_10_2um2_0_513.npy3156.npy,2um,HFocusing_5_10_2um2_0_513.npy3156.npy,,,,,0,0,2500,2500,,,copied_unchanged
P0/data/dataset/train/2um/HFocusing_5_10_2um2_0_513.npy3158.npy,P0/data/dataset_particles2SNR_clean/train/2um/HFocusing_5_10_2um2_0_513.npy3158.npy,2um,HFocusing_5_10_2um2_0_513.npy3158.npy,,,,,0,0,2500,2500,,,copied_unchanged
P0/data/dataset/train/2um/HFocusing_5_10_2um2_0_516.npy3160.npy,P0/data/dataset_particles2SNR_clean/train/2um/HFocusing_5_10_2um2_0_516.npy3160.npy,2um,HFocusing_5_10_2um2_0_516.npy3160.npy,,,,,0,0,2500,2500,,,copied_unchanged
P0/data/dataset/train/2um/HFocusing_5_10_2um2_0_519.npy3162.npy,P0/data/dataset_particles2SNR_clean/train/2um/HFocusing_5_10_2um2_0_519.npy3162.npy,2um,HFocusing_5_10_2um2_0_519.npy3162.npy,,,,,0,0,2500,2500,,,copied_unchanged
P0/data/dataset/train/2um/HFocusing_5_10_2um2_0_519.npy3163.npy,P0/data/dataset_particles2SNR_clean/train/2um/HFocusing_5_10_2um2_0_519.npy3163.npy,2um,HFocusing_5_10_2um2_0_519.npy3163.npy,,,,,0,0,2500,2500,,,copied_unchanged
P0/data/dataset/train/2um/HFocusing_5_10_2um2_0_523.npy3165.npy,P0/data/dataset_particles2SNR_clean/train/2um/HFocusing_5_10_2um2_0_523.npy3165.npy,2um,HFocusing_5_10_2um2_0_523.npy3165.npy,,,,,0,0,2500,2500,,,copied_unchanged
P0/data/dataset/train/2um/HFocusing_5_10_2um2_0_528.npy3168.npy,P0/data/dataset_particles2SNR_clean/train/2um/HFocusing_5_10_2um2_0_528.npy3168.npy,2um,HFocusing_5_10_2um2_0_528.npy3168.npy,,,,,0,0,2500,2500,,,copied_unchanged
P0/data/dataset/train/2um/HFocusing_5_10_2um2_0_528.npy3169.npy,P0/data/dataset_particles2SNR_clean/train/2um/HFocusing_5_10_2um2_0_528.npy3169.npy,2um,HFocusing_5_10_2um2_0_528.npy3169.npy,,,,,0,0,2500,2500,,,copied_unchanged
P0/data/dataset/train/2um/HFocusing_5_10_2um2_0_535.npy3175.npy,P0/data/dataset_particles2SNR_clean/train/2um/HFocusing_5_10_2um2_0_535.npy3175.npy,2um,HFocusing_5_10_2um2_0_535.npy3175.npy,,,,,0,0,2500,2500,,,copied_unchanged
P0/data/dataset/train/2um/HFocusing_5_10_2um2_0_543.npy3177.npy,P0/data/dataset_particles2SNR_clean/train/2um/HFocusing_5_10_2um2_0_543.npy3177.npy,2um,HFocusing_5_10_2um2_0_543.npy3177.npy,,,,,0,0,2500,2500,,,copied_unchanged
P0/data/dataset/train/2um/HFocusing_5_10_2um2_0_543.npy3178.npy,P0/data/dataset_particles2SNR_clean/train/2um/HFocusing_5_10_2um2_0_543.npy3178.npy,2um,HFocusing_5_10_2um2_0_543.npy3178.npy,,,,,0,0,2500,2500,,,copied_unchanged
P0/data/dataset/train/2um/HFocusing_5_10_2um2_0_572.npy3188.npy,P0/data/dataset_particles2SNR_clean/train/2um/HFocusing_5_10_2um2_0_572.npy3188.npy,2um,HFocusing_5_10_2um2_0_572.npy3188.npy,,,,,0,0,2500,2500,,,copied_unchanged
P0/data/dataset/train/2um/HFocusing_5_10_2um2_0_580.npy3193.npy,P0/data/dataset_particles2SNR_clean/train/2um/HFocusing_5_10_2um2_0_580.npy3193.npy,2um,HFocusing_5_10_2um2_0_580.npy3193.npy,,,,,0,0,2500,2500,,,copied_unchanged
P0/data/dataset/train/2um/HFocusing_5_10_2um2_0_580.npy3194.npy,P0/data/dataset_particles2SNR_clean/train/2um/HFocusing_5_10_2um2_0_580.npy3194.npy,2um,HFocusing_5_10_2um2_0_580.npy3194.npy,,,,,0,0,2500,2500,,,copied_unchanged
P0/data/dataset/train/2um/HFocusing_5_10_2um2_0_580.npy3195.npy,P0/data/dataset_particles2SNR_clean/train/2um/HFocusing_5_10_2um2_0_580.npy3195.npy,2um,HFocusing_5_10_2um2_0_580.npy3195.npy,,,,,0,0,2500,2500,,,copied_unchanged
P0/data/dataset/train/2um/HFocusing_5_10_2um2_0_580.npy3197.npy,P0/data/dataset_particles2SNR_clean/train/2um/HFocusing_5_10_2um2_0_580.npy3197.npy,2um,HFocusing_5_10_2um2_0_580.npy3197.npy,,,,,0,0,2500,2500,,,copied_unchanged
P0/data/dataset/train/2um/HFocusing_5_10_2um2_0_580.npy3198.npy,P0/data/dataset_particles2SNR_clean/train/2um/HFocusing_5_10_2um2_0_580.npy3198.npy,2um,HFocusing_5_10_2um2_0_580.npy3198.npy,,,,,0,0,2500,2500,,,copied_unchanged
P0/data/dataset/train/2um/HFocusing_5_10_2um2_0_587.npy3201.npy,P0/data/dataset_particles2SNR_clean/train/2um/HFocusing_5_10_2um2_0_587.npy3201.npy,2um,HFocusing_5_10_2um2_0_587.npy3201.npy,,,,,0,0,2500,2500,,,copied_unchanged
P0/data/dataset/train/2um/HFocusing_5_10_2um2_0_588.npy3202.npy,P0/data/dataset_particles2SNR_clean/train/2um/HFocusing_5_10_2um2_0_588.npy3202.npy,2um,HFocusing_5_10_2um2_0_588.npy3202.npy,,,,,0,0,2500,2500,,,copied_unchanged
P0/data/dataset/train/2um/HFocusing_5_10_2um2_0_602.npy3208.npy,P0/data/dataset_particles2SNR_clean/train/2um/HFocusing_5_10_2um2_0_602.npy3208.npy,2um,HFocusing_5_10_2um2_0_602.npy3208.npy,,,,,0,0,2500,2500,,,copied_unchanged
P0/data/dataset/train/2um/HFocusing_5_10_2um2_0_602.npy3209.npy,P0/data/dataset_particles2SNR_clean/train/2um/HFocusing_5_10_2um2_0_602.npy3209.npy,2um,HFocusing_5_10_2um2_0_602.npy3209.npy,,,,,0,0,2500,2500,,,copied_unchanged
P0/data/dataset/train/2um/HFocusing_5_10_2um2_0_609.npy3211.npy,P0/data/dataset_particles2SNR_clean/train/2um/HFocusing_5_10_2um2_0_609.npy3211.npy,2um,HFocusing_5_10_2um2_0_609.npy3211.npy,,,,,0,0,2500,2500,,,copied_unchanged
P0/data/dataset/train/2um/HFocusing_5_10_2um2_0_613.npy3216.npy,P0/data/dataset_particles2SNR_clean/train/2um/HFocusing_5_10_2um2_0_613.npy3216.npy,2um,HFocusing_5_10_2um2_0_613.npy3216.npy,,,,,0,0,2500,2500,,,copied_unchanged
P0/data/dataset/train/2um/HFocusing_5_10_2um2_0_613.npy3217.npy,P0/data/dataset_particles2SNR_clean/train/2um/HFocusing_5_10_2um2_0_613.npy3217.npy,2um,HFocusing_5_10_2um2_0_613.npy3217.npy,,,,,0,0,2500,2500,,,copied_unchanged
P0/data/dataset/train/2um/HFocusing_5_10_2um2_0_613.npy3218.npy,P0/data/dataset_particles2SNR_clean/train/2um/HFocusing_5_10_2um2_0_613.npy3218.npy,2um,HFocusing_5_10_2um2_0_613.npy3218.npy,,,,,0,0,2500,2500,,,copied_unchanged
P0/data/dataset/train/2um/HFocusing_5_10_2um2_0_627.npy3223.npy,P0/data/dataset_particles2SNR_clean/train/2um/HFocusing_5_10_2um2_0_627.npy3223.npy,2um,HFocusing_5_10_2um2_0_627.npy3223.npy,,,,,0,0,2500,2500,,,copied_unchanged
P0/data/dataset/train/2um/HFocusing_5_10_2um2_0_630.npy3227.npy,P0/data/dataset_particles2SNR_clean/train/2um/HFocusing_5_10_2um2_0_630.npy3227.npy,2um,HFocusing_5_10_2um2_0_630.npy3227.npy,,,,,0,0,2500,2500,,,copied_unchanged
P0/data/dataset/train/2um/HFocusing_5_10_2um2_0_633.npy3229.npy,P0/data/dataset_particles2SNR_clean/train/2um/HFocusing_5_10_2um2_0_633.npy3229.npy,2um,HFocusing_5_10_2um2_0_633.npy3229.npy,,,,,0,0,2500,2500,,,copied_unchanged
P0/data/dataset/train/2um/HFocusing_5_10_2um2_0_633.npy3230.npy,P0/data/dataset_particles2SNR_clean/train/2um/HFocusing_5_10_2um2_0_633.npy3230.npy,2um,HFocusing_5_10_2um2_0_633.npy3230.npy,,,,,0,0,2500,2500,,,copied_unchanged
P0/data/dataset/train/2um/HFocusing_5_10_2um2_0_636.npy3231.npy,P0/data/dataset_particles2SNR_clean/train/2um/HFocusing_5_10_2um2_0_636.npy3231.npy,2um,HFocusing_5_10_2um2_0_636.npy3231.npy,,,,,0,0,2500,2500,,,copied_unchanged
P0/data/dataset/train/2um/HFocusing_5_10_2um2_0_636.npy3232.npy,P0/data/dataset_particles2SNR_clean/train/2um/HFocusing_5_10_2um2_0_636.npy3232.npy,2um,HFocusing_5_10_2um2_0_636.npy3232.npy,,,,,0,0,2500,2500,,,copied_unchanged
P0/data/dataset/train/2um/HFocusing_5_10_2um2_0_637.npy3234.npy,P0/data/dataset_particles2SNR_clean/train/2um/HFocusing_5_10_2um2_0_637.npy3234.npy,2um,HFocusing_5_10_2um2_0_637.npy3234.npy,,,,,0,0,2500,2500,,,copied_unchanged
P0/data/dataset/train/2um/HFocusing_5_10_2um2_0_637.npy3236.npy,P0/data/dataset_particles2SNR_clean/train/2um/HFocusing_5_10_2um2_0_637.npy3236.npy,2um,HFocusing_5_10_2um2_0_637.npy3236.npy,,,,,0,0,2500,2500,,,copied_unchanged
P0/data/dataset/train/2um/HFocusing_5_10_2um2_0_637.npy3237.npy,P0/data/dataset_particles2SNR_clean/train/2um/HFocusing_5_10_2um2_0_637.npy3237.npy,2um,HFocusing_5_10_2um2_0_637.npy3237.npy,,,,,0,0,2500,2500,,,copied_unchanged
P0/data/dataset/train/2um/HFocusing_5_10_2um2_0_641.npy3238.npy,P0/data/dataset_particles2SNR_clean/train/2um/HFocusing_5_10_2um2_0_641.npy3238.npy,2um,HFocusing_5_10_2um2_0_641.npy3238.npy,,,,,0,0,2500,2500,,,copied_unchanged
P0/data/dataset/train/2um/HFocusing_5_10_2um2_0_660.npy3250.npy,P0/data/dataset_particles2SNR_clean/train/2um/HFocusing_5_10_2um2_0_660.npy3250.npy,2um,HFocusing_5_10_2um2_0_660.npy3250.npy,,,,,0,0,2500,2500,,,copied_unchanged
P0/data/dataset/train/2um/HFocusing_5_10_2um2_0_661.npy3251.npy,P0/data/dataset_particles2SNR_clean/train/2um/HFocusing_5_10_2um2_0_661.npy3251.npy,2um,HFocusing_5_10_2um2_0_661.npy3251.npy,,,,,0,0,2500,2500,,,copied_unchanged
P0/data/dataset/train/2um/HFocusing_5_10_2um2_0_661.npy3252.npy,P0/data/dataset_particles2SNR_clean/train/2um/HFocusing_5_10_2um2_0_661.npy3252.npy,2um,HFocusing_5_10_2um2_0_661.npy3252.npy,,,,,0,0,2500,2500,,,copied_unchanged
P0/data/dataset/train/2um/HFocusing_5_10_2um2_0_664.npy3253.npy,P0/data/dataset_particles2SNR_clean/train/2um/HFocusing_5_10_2um2_0_664.npy3253.npy,2um,HFocusing_5_10_2um2_0_664.npy3253.npy,,,,,0,0,2500,2500,,,copied_unchanged
P0/data/dataset/train/2um/HFocusing_5_10_2um2_0_668.npy3255.npy,P0/data/dataset_particles2SNR_clean/train/2um/HFocusing_5_10_2um2_0_668.npy3255.npy,2um,HFocusing_5_10_2um2_0_668.npy3255.npy,,,,,0,0,2500,2500,,,copied_unchanged
P0/data/dataset/train/2um/HFocusing_5_10_2um2_0_669.npy3256.npy,P0/data/dataset_particles2SNR_clean/train/2um/HFocusing_5_10_2um2_0_669.npy3256.npy,2um,HFocusing_5_10_2um2_0_669.npy3256.npy,,,,,0,0,2500,2500,,,copied_unchanged
P0/data/dataset/train/2um/HFocusing_5_10_2um2_0_673.npy3257.npy,P0/data/dataset_particles2SNR_clean/train/2um/HFocusing_5_10_2um2_0_673.npy3257.npy,2um,HFocusing_5_10_2um2_0_673.npy3257.npy,,,,,0,0,2500,2500,,,copied_unchanged
P0/data/dataset/train/2um/HFocusing_5_10_2um2_0_680.npy3259.npy,P0/data/dataset_particles2SNR_clean/train/2um/HFocusing_5_10_2um2_0_680.npy3259.npy,2um,HFocusing_5_10_2um2_0_680.npy3259.npy,,,,,0,0,2500,2500,,,copied_unchanged
P0/data/dataset/train/2um/HFocusing_5_10_2um2_0_680.npy3262.npy,P0/data/dataset_particles2SNR_clean/train/2um/HFocusing_5_10_2um2_0_680.npy3262.npy,2um,HFocusing_5_10_2um2_0_680.npy3262.npy,,,,,0,0,2500,2500,,,copied_unchanged
P0/data/dataset/train/2um/HFocusing_5_10_2um2_0_680.npy3263.npy,P0/data/dataset_particles2SNR_clean/train/2um/HFocusing_5_10_2um2_0_680.npy3263.npy,2um,HFocusing_5_10_2um2_0_680.npy3263.npy,,,,,0,0,2500,2500,,,copied_unchanged
P0/data/dataset/train/2um/HFocusing_5_10_2um2_0_69.npy3266.npy,P0/data/dataset_particles2SNR_clean/train/2um/HFocusing_5_10_2um2_0_69.npy3266.npy,2um,HFocusing_5_10_2um2_0_69.npy3266.npy,,,,,0,0,2500,2500,,,copied_unchanged
P0/data/dataset/train/2um/HFocusing_5_10_2um2_0_69.npy3267.npy,P0/data/dataset_particles2SNR_clean/train/2um/HFocusing_5_10_2um2_0_69.npy3267.npy,2um,HFocusing_5_10_2um2_0_69.npy3267.npy,,,,,0,0,2500,2500,,,copied_unchanged
P0/data/dataset/train/2um/HFocusing_5_10_2um2_0_691.npy3268.npy,P0/data/dataset_particles2SNR_clean/train/2um/HFocusing_5_10_2um2_0_691.npy3268.npy,2um,HFocusing_5_10_2um2_0_691.npy3268.npy,,,,,0,0,2500,2500,,,copied_unchanged
P0/data/dataset/train/2um/HFocusing_5_10_2um2_0_694.npy3269.npy,P0/data/dataset_particles2SNR_clean/train/2um/HFocusing_5_10_2um2_0_694.npy3269.npy,2um,HFocusing_5_10_2um2_0_694.npy3269.npy,,,,,0,0,2500,2500,,,copied_unchanged
P0/data/dataset/train/2um/HFocusing_5_10_2um2_0_694.npy3270.npy,P0/data/dataset_particles2SNR_clean/train/2um/HFocusing_5_10_2um2_0_694.npy3270.npy,2um,HFocusing_5_10_2um2_0_694.npy3270.npy,,,,,0,0,2500,2500,,,copied_unchanged
P0/data/dataset/train/2um/HFocusing_5_10_2um2_0_701.npy3272.npy,P0/data/dataset_particles2SNR_clean/train/2um/HFocusing_5_10_2um2_0_701.npy3272.npy,2um,HFocusing_5_10_2um2_0_701.npy3272.npy,,,,,0,0,2500,2500,,,copied_unchanged
P0/data/dataset/train/2um/HFocusing_5_10_2um2_0_701.npy3273.npy,P0/data/dataset_particles2SNR_clean/train/2um/HFocusing_5_10_2um2_0_701.npy3273.npy,2um,HFocusing_5_10_2um2_0_701.npy3273.npy,,,,,0,0,2500,2500,,,copied_unchanged
P0/data/dataset/train/2um/HFocusing_5_10_2um2_0_706.npy3276.npy,P0/data/dataset_particles2SNR_clean/train/2um/HFocusing_5_10_2um2_0_706.npy3276.npy,2um,HFocusing_5_10_2um2_0_706.npy3276.npy,,,,,0,0,2500,2500,,,copied_unchanged
P0/data/dataset/train/2um/HFocusing_5_10_2um2_0_706.npy3277.npy,P0/data/dataset_particles2SNR_clean/train/2um/HFocusing_5_10_2um2_0_706.npy3277.npy,2um,HFocusing_5_10_2um2_0_706.npy3277.npy,,,,,0,0,2500,2500,,,copied_unchanged
P0/data/dataset/train/2um/HFocusing_5_10_2um2_0_72.npy3282.npy,P0/data/dataset_particles2SNR_clean/train/2um/HFocusing_5_10_2um2_0_72.npy3282.npy,2um,HFocusing_5_10_2um2_0_72.npy3282.npy,,,,,0,0,2500,2500,,,copied_unchanged
P0/data/dataset/train/2um/HFocusing_5_10_2um2_0_729.npy3285.npy,P0/data/dataset_particles2SNR_clean/train/2um/HFocusing_5_10_2um2_0_729.npy3285.npy,2um,HFocusing_5_10_2um2_0_729.npy3285.npy,,,,,0,0,2500,2500,,,copied_unchanged
P0/data/dataset/train/2um/HFocusing_5_10_2um2_0_729.npy3287.npy,P0/data/dataset_particles2SNR_clean/train/2um/HFocusing_5_10_2um2_0_729.npy3287.npy,2um,HFocusing_5_10_2um2_0_729.npy3287.npy,,,,,0,0,2500,2500,,,copied_unchanged
P0/data/dataset/train/2um/HFocusing_5_10_2um2_0_736.npy3293.npy,P0/data/dataset_particles2SNR_clean/train/2um/HFocusing_5_10_2um2_0_736.npy3293.npy,2um,HFocusing_5_10_2um2_0_736.npy3293.npy,,,,,0,0,2500,2500,,,copied_unchanged
P0/data/dataset/train/2um/HFocusing_5_10_2um2_0_739.npy3294.npy,P0/data/dataset_particles2SNR_clean/train/2um/HFocusing_5_10_2um2_0_739.npy3294.npy,2um,HFocusing_5_10_2um2_0_739.npy3294.npy,,,,,0,0,2500,2500,,,copied_unchanged
P0/data/dataset/train/2um/HFocusing_5_10_2um2_0_743.npy3296.npy,P0/data/dataset_particles2SNR_clean/train/2um/HFocusing_5_10_2um2_0_743.npy3296.npy,2um,HFocusing_5_10_2um2_0_743.npy3296.npy,,,,,0,0,2500,2500,,,copied_unchanged
P0/data/dataset/train/2um/HFocusing_5_10_2um2_0_76.npy3307.npy,P0/data/dataset_particles2SNR_clean/train/2um/HFocusing_5_10_2um2_0_76.npy3307.npy,2um,HFocusing_5_10_2um2_0_76.npy3307.npy,,,,,0,0,2500,2500,,,copied_unchanged
P0/data/dataset/train/2um/HFocusing_5_10_2um2_0_773.npy3311.npy,P0/data/dataset_particles2SNR_clean/train/2um/HFocusing_5_10_2um2_0_773.npy3311.npy,2um,HFocusing_5_10_2um2_0_773.npy3311.npy,,,,,0,0,2500,2500,,,copied_unchanged
P0/data/dataset/train/2um/HFocusing_5_10_2um2_0_777.npy3312.npy,P0/data/dataset_particles2SNR_clean/train/2um/HFocusing_5_10_2um2_0_777.npy3312.npy,2um,HFocusing_5_10_2um2_0_777.npy3312.npy,,,,,0,0,2500,2500,,,copied_unchanged
P0/data/dataset/train/2um/HFocusing_5_10_2um2_0_780.npy3317.npy,P0/data/dataset_particles2SNR_clean/train/2um/HFocusing_5_10_2um2_0_780.npy3317.npy,2um,HFocusing_5_10_2um2_0_780.npy3317.npy,,,,,0,0,2500,2500,,,copied_unchanged
P0/data/dataset/train/2um/HFocusing_5_10_2um2_0_784.npy3319.npy,P0/data/dataset_particles2SNR_clean/train/2um/HFocusing_5_10_2um2_0_784.npy3319.npy,2um,HFocusing_5_10_2um2_0_784.npy3319.npy,,,,,0,0,2500,2500,,,copied_unchanged
P0/data/dataset/train/2um/HFocusing_5_10_2um2_0_788.npy3321.npy,P0/data/dataset_particles2SNR_clean/train/2um/HFocusing_5_10_2um2_0_788.npy3321.npy,2um,HFocusing_5_10_2um2_0_788.npy3321.npy,,,,,0,0,2500,2500,,,copied_unchanged
P0/data/dataset/train/2um/HFocusing_5_10_2um2_0_788.npy3322.npy,P0/data/dataset_particles2SNR_clean/train/2um/HFocusing_5_10_2um2_0_788.npy3322.npy,2um,HFocusing_5_10_2um2_0_788.npy3322.npy,,,,,0,0,2500,2500,,,copied_unchanged
P0/data/dataset/train/2um/HFocusing_5_10_2um2_0_797.npy3326.npy,P0/data/dataset_particles2SNR_clean/train/2um/HFocusing_5_10_2um2_0_797.npy3326.npy,2um,HFocusing_5_10_2um2_0_797.npy3326.npy,,,,,0,0,2500,2500,,,copied_unchanged
P0/data/dataset/train/2um/HFocusing_5_10_2um2_0_797.npy3327.npy,P0/data/dataset_particles2SNR_clean/train/2um/HFocusing_5_10_2um2_0_797.npy3327.npy,2um,HFocusing_5_10_2um2_0_797.npy3327.npy,,,,,0,0,2500,2500,,,copied_unchanged
P0/data/dataset/train/2um/HFocusing_5_10_2um2_0_797.npy3328.npy,P0/data/dataset_particles2SNR_clean/train/2um/HFocusing_5_10_2um2_0_797.npy3328.npy,2um,HFocusing_5_10_2um2_0_797.npy3328.npy,,,,,0,0,2500,2500,,,copied_unchanged
P0/data/dataset/train/2um/HFocusing_5_10_2um2_0_797.npy3329.npy,P0/data/dataset_particles2SNR_clean/train/2um/HFocusing_5_10_2um2_0_797.npy3329.npy,2um,HFocusing_5_10_2um2_0_797.npy3329.npy,,,,,0,0,2500,2500,,,copied_unchanged
P0/data/dataset/train/2um/HFocusing_5_10_2um2_0_800.npy3330.npy,P0/data/dataset_particles2SNR_clean/train/2um/HFocusing_5_10_2um2_0_800.npy3330.npy,2um,HFocusing_5_10_2um2_0_800.npy3330.npy,,,,,0,0,2500,2500,,,copied_unchanged
P0/data/dataset/train/2um/HFocusing_5_10_2um2_0_800.npy3331.npy,P0/data/dataset_particles2SNR_clean/train/2um/HFocusing_5_10_2um2_0_800.npy3331.npy,2um,HFocusing_5_10_2um2_0_800.npy3331.npy,,,,,0,0,2500,2500,,,copied_unchanged
P0/data/dataset/train/2um/HFocusing_5_10_2um2_0_801.npy3332.npy,P0/data/dataset_particles2SNR_clean/train/2um/HFocusing_5_10_2um2_0_801.npy3332.npy,2um,HFocusing_5_10_2um2_0_801.npy3332.npy,,,,,0,0,2500,2500,,,copied_unchanged
P0/data/dataset/train/2um/HFocusing_5_10_2um2_0_81.npy3333.npy,P0/data/dataset_particles2SNR_clean/train/2um/HFocusing_5_10_2um2_0_81.npy3333.npy,2um,HFocusing_5_10_2um2_0_81.npy3333.npy,,,,,0,0,2500,2500,,,copied_unchanged
P0/data/dataset/train/2um/HFocusing_5_10_2um2_0_811.npy3335.npy,P0/data/dataset_particles2SNR_clean/train/2um/HFocusing_5_10_2um2_0_811.npy3335.npy,2um,HFocusing_5_10_2um2_0_811.npy3335.npy,,,,,0,0,2500,2500,,,copied_unchanged
P0/data/dataset/train/2um/HFocusing_5_10_2um2_0_812.npy3336.npy,P0/data/dataset_particles2SNR_clean/train/2um/HFocusing_5_10_2um2_0_812.npy3336.npy,2um,HFocusing_5_10_2um2_0_812.npy3336.npy,,,,,0,0,2500,2500,,,copied_unchanged
P0/data/dataset/train/2um/HFocusing_5_10_2um2_0_815.npy3337.npy,P0/data/dataset_particles2SNR_clean/train/2um/HFocusing_5_10_2um2_0_815.npy3337.npy,2um,HFocusing_5_10_2um2_0_815.npy3337.npy,,,,,0,0,2500,2500,,,copied_unchanged
P0/data/dataset/train/2um/HFocusing_5_10_2um2_0_818.npy3338.npy,P0/data/dataset_particles2SNR_clean/train/2um/HFocusing_5_10_2um2_0_818.npy3338.npy,2um,HFocusing_5_10_2um2_0_818.npy3338.npy,,,,,0,0,2500,2500,,,copied_unchanged
P0/data/dataset/train/2um/HFocusing_5_10_2um2_0_821.npy3339.npy,P0/data/dataset_particles2SNR_clean/train/2um/HFocusing_5_10_2um2_0_821.npy3339.npy,2um,HFocusing_5_10_2um2_0_821.npy3339.npy,,,,,0,0,2500,2500,,,copied_unchanged
P0/data/dataset/train/2um/HFocusing_5_10_2um2_0_828.npy3344.npy,P0/data/dataset_particles2SNR_clean/train/2um/HFocusing_5_10_2um2_0_828.npy3344.npy,2um,HFocusing_5_10_2um2_0_828.npy3344.npy,,,,,0,0,2500,2500,,,copied_unchanged
P0/data/dataset/train/2um/HFocusing_5_10_2um2_0_828.npy3345.npy,P0/data/dataset_particles2SNR_clean/train/2um/HFocusing_5_10_2um2_0_828.npy3345.npy,2um,HFocusing_5_10_2um2_0_828.npy3345.npy,,,,,0,0,2500,2500,,,copied_unchanged
P0/data/dataset/train/2um/HFocusing_5_10_2um2_0_832.npy3347.npy,P0/data/dataset_particles2SNR_clean/train/2um/HFocusing_5_10_2um2_0_832.npy3347.npy,2um,HFocusing_5_10_2um2_0_832.npy3347.npy,,,,,0,0,2500,2500,,,copied_unchanged
P0/data/dataset/train/2um/HFocusing_5_10_2um2_0_857.npy3354.npy,P0/data/dataset_particles2SNR_clean/train/2um/HFocusing_5_10_2um2_0_857.npy3354.npy,2um,HFocusing_5_10_2um2_0_857.npy3354.npy,,,,,0,0,2500,2500,,,copied_unchanged
P0/data/dataset/train/2um/HFocusing_5_10_2um2_0_859.npy3355.npy,P0/data/dataset_particles2SNR_clean/train/2um/HFocusing_5_10_2um2_0_859.npy3355.npy,2um,HFocusing_5_10_2um2_0_859.npy3355.npy,,,,,0,0,2500,2500,,,copied_unchanged
P0/data/dataset/train/2um/HFocusing_5_10_2um2_0_869.npy3358.npy,P0/data/dataset_particles2SNR_clean/train/2um/HFocusing_5_10_2um2_0_869.npy3358.npy,2um,HFocusing_5_10_2um2_0_869.npy3358.npy,,,,,0,0,2500,2500,,,copied_unchanged
P0/data/dataset/train/2um/HFocusing_5_10_2um2_0_870.npy3359.npy,P0/data/dataset_particles2SNR_clean/train/2um/HFocusing_5_10_2um2_0_870.npy3359.npy,2um,HFocusing_5_10_2um2_0_870.npy3359.npy,,,,,0,0,2500,2500,,,copied_unchanged
P0/data/dataset/train/2um/HFocusing_5_10_2um2_0_895.npy3369.npy,P0/data/dataset_particles2SNR_clean/train/2um/HFocusing_5_10_2um2_0_895.npy3369.npy,2um,HFocusing_5_10_2um2_0_895.npy3369.npy,,,,,0,0,2500,2500,,,copied_unchanged
P0/data/dataset/train/2um/HFocusing_5_10_2um2_0_906.npy3376.npy,P0/data/dataset_particles2SNR_clean/train/2um/HFocusing_5_10_2um2_0_906.npy3376.npy,2um,HFocusing_5_10_2um2_0_906.npy3376.npy,,,,,0,0,2500,2500,,,copied_unchanged
P0/data/dataset/train/2um/HFocusing_5_10_2um2_0_91.npy3377.npy,P0/data/dataset_particles2SNR_clean/train/2um/HFocusing_5_10_2um2_0_91.npy3377.npy,2um,HFocusing_5_10_2um2_0_91.npy3377.npy,,,,,0,0,2500,2500,,,copied_unchanged
P0/data/dataset/train/2um/HFocusing_5_10_2um2_0_924.npy3379.npy,P0/data/dataset_particles2SNR_clean/train/2um/HFocusing_5_10_2um2_0_924.npy3379.npy,2um,HFocusing_5_10_2um2_0_924.npy3379.npy,,,,,0,0,2500,2500,,,copied_unchanged
P0/data/dataset/train/2um/HFocusing_5_10_2um2_0_924.npy3380.npy,P0/data/dataset_particles2SNR_clean/train/2um/HFocusing_5_10_2um2_0_924.npy3380.npy,2um,HFocusing_5_10_2um2_0_924.npy3380.npy,,,,,0,0,2500,2500,,,copied_unchanged
P0/data/dataset/train/2um/HFocusing_5_10_2um2_0_928.npy3381.npy,P0/data/dataset_particles2SNR_clean/train/2um/HFocusing_5_10_2um2_0_928.npy3381.npy,2um,HFocusing_5_10_2um2_0_928.npy3381.npy,,,,,0,0,2500,2500,,,copied_unchanged
P0/data/dataset/train/2um/HFocusing_5_10_2um2_0_935.npy3383.npy,P0/data/dataset_particles2SNR_clean/train/2um/HFocusing_5_10_2um2_0_935.npy3383.npy,2um,HFocusing_5_10_2um2_0_935.npy3383.npy,,,,,0,0,2500,2500,,,copied_unchanged
P0/data/dataset/train/2um/HFocusing_5_10_2um2_0_935.npy3384.npy,P0/data/dataset_particles2SNR_clean/train/2um/HFocusing_5_10_2um2_0_935.npy3384.npy,2um,HFocusing_5_10_2um2_0_935.npy3384.npy,,,,,0,0,2500,2500,,,copied_unchanged
P0/data/dataset/train/2um/HFocusing_5_10_2um2_0_938.npy3385.npy,P0/data/dataset_particles2SNR_clean/train/2um/HFocusing_5_10_2um2_0_938.npy3385.npy,2um,HFocusing_5_10_2um2_0_938.npy3385.npy,,,,,0,0,2500,2500,,,copied_unchanged
P0/data/dataset/train/2um/HFocusing_5_10_2um2_0_94.npy3386.npy,P0/data/dataset_particles2SNR_clean/train/2um/HFocusing_5_10_2um2_0_94.npy3386.npy,2um,HFocusing_5_10_2um2_0_94.npy3386.npy,,,,,0,0,2500,2500,,,copied_unchanged
P0/data/dataset/train/2um/HFocusing_5_10_2um2_0_949.npy3392.npy,P0/data/dataset_particles2SNR_clean/train/2um/HFocusing_5_10_2um2_0_949.npy3392.npy,2um,HFocusing_5_10_2um2_0_949.npy3392.npy,,,,,0,0,2500,2500,,,copied_unchanged
P0/data/dataset/train/2um/HFocusing_5_10_2um2_0_953.npy3394.npy,P0/data/dataset_particles2SNR_clean/train/2um/HFocusing_5_10_2um2_0_953.npy3394.npy,2um,HFocusing_5_10_2um2_0_953.npy3394.npy,,,,,0,0,2500,2500,,,copied_unchanged
P0/data/dataset/train/2um/HFocusing_5_10_2um2_0_960.npy3399.npy,P0/data/dataset_particles2SNR_clean/train/2um/HFocusing_5_10_2um2_0_960.npy3399.npy,2um,HFocusing_5_10_2um2_0_960.npy3399.npy,,,,,0,0,2500,2500,,,copied_unchanged
P0/data/dataset/train/2um/HFocusing_5_10_2um2_0_960.npy3400.npy,P0/data/dataset_particles2SNR_clean/train/2um/HFocusing_5_10_2um2_0_960.npy3400.npy,2um,HFocusing_5_10_2um2_0_960.npy3400.npy,,,,,0,0,2500,2500,,,copied_unchanged
P0/data/dataset/train/2um/HFocusing_5_10_2um2_0_964.npy3401.npy,P0/data/dataset_particles2SNR_clean/train/2um/HFocusing_5_10_2um2_0_964.npy3401.npy,2um,HFocusing_5_10_2um2_0_964.npy3401.npy,,,,,0,0,2500,2500,,,copied_unchanged
P0/data/dataset/train/2um/HFocusing_5_10_2um2_0_964.npy3402.npy,P0/data/dataset_particles2SNR_clean/train/2um/HFocusing_5_10_2um2_0_964.npy3402.npy,2um,HFocusing_5_10_2um2_0_964.npy3402.npy,,,,,0,0,2500,2500,,,copied_unchanged
P0/data/dataset/train/2um/HFocusing_5_10_2um2_0_974.npy3405.npy,P0/data/dataset_particles2SNR_clean/train/2um/HFocusing_5_10_2um2_0_974.npy3405.npy,2um,HFocusing_5_10_2um2_0_974.npy3405.npy,,,,,0,0,2500,2500,,,copied_unchanged
P0/data/dataset/train/2um/HFocusing_5_10_2um2_0_977.npy3406.npy,P0/data/dataset_particles2SNR_clean/train/2um/HFocusing_5_10_2um2_0_977.npy3406.npy,2um,HFocusing_5_10_2um2_0_977.npy3406.npy,,,,,0,0,2500,2500,,,copied_unchanged
P0/data/dataset/train/2um/HFocusing_5_10_2um2_0_983.npy3408.npy,P0/data/dataset_particles2SNR_clean/train/2um/HFocusing_5_10_2um2_0_983.npy3408.npy,2um,HFocusing_5_10_2um2_0_983.npy3408.npy,,,,,0,0,2500,2500,,,copied_unchanged
P0/data/dataset/train/2um/HFocusing_5_10_2um2_0_983.npy3410.npy,P0/data/dataset_particles2SNR_clean/train/2um/HFocusing_5_10_2um2_0_983.npy3410.npy,2um,HFocusing_5_10_2um2_0_983.npy3410.npy,,,,,0,0,2500,2500,,,copied_unchanged
P0/data/dataset/train/2um/HFocusing_5_10_2um2_0_994.npy3414.npy,P0/data/dataset_particles2SNR_clean/train/2um/HFocusing_5_10_2um2_0_994.npy3414.npy,2um,HFocusing_5_10_2um2_0_994.npy3414.npy,,,,,0,0,2500,2500,,,copied_unchanged
P0/data/dataset/train/4um/HFocusing_5_10_4um_0_1008.npy732.npy,P0/data/dataset_particles2SNR_clean/train/4um/HFocusing_5_10_4um_0_1008.npy732.npy,4um,HFocusing_5_10_4um_0_1008.npy732.npy,,,,,0,0,2500,2500,,,copied_unchanged
P0/data/dataset/train/4um/HFocusing_5_10_4um_0_1008.npy733.npy,P0/data/dataset_particles2SNR_clean/train/4um/HFocusing_5_10_4um_0_1008.npy733.npy,4um,HFocusing_5_10_4um_0_1008.npy733.npy,,,,,0,0,2500,2500,,,copied_unchanged
P0/data/dataset/train/4um/HFocusing_5_10_4um_0_1014.npy737.npy,P0/data/dataset_particles2SNR_clean/train/4um/HFocusing_5_10_4um_0_1014.npy737.npy,4um,HFocusing_5_10_4um_0_1014.npy737.npy,,,,,0,0,2500,2500,,,copied_unchanged
P0/data/dataset/train/4um/HFocusing_5_10_4um_0_1014.npy739.npy,P0/data/dataset_particles2SNR_clean/train/4um/HFocusing_5_10_4um_0_1014.npy739.npy,4um,HFocusing_5_10_4um_0_1014.npy739.npy,,,,,0,0,2500,2500,,,copied_unchanged
P0/data/dataset/train/4um/HFocusing_5_10_4um_0_1023.npy745.npy,P0/data/dataset_particles2SNR_clean/train/4um/HFocusing_5_10_4um_0_1023.npy745.npy,4um,HFocusing_5_10_4um_0_1023.npy745.npy,,,,,0,0,2500,2500,,,copied_unchanged
P0/data/dataset/train/4um/HFocusing_5_10_4um_0_1026.npy749.npy,P0/data/dataset_particles2SNR_clean/train/4um/HFocusing_5_10_4um_0_1026.npy749.npy,4um,HFocusing_5_10_4um_0_1026.npy749.npy,,,,,0,0,2500,2500,,,copied_unchanged
P0/data/dataset/train/4um/HFocusing_5_10_4um_0_1026.npy750.npy,P0/data/dataset_particles2SNR_clean/train/4um/HFocusing_5_10_4um_0_1026.npy750.npy,4um,HFocusing_5_10_4um_0_1026.npy750.npy,,,,,0,0,2500,2500,,,copied_unchanged
P0/data/dataset/train/4um/HFocusing_5_10_4um_0_1026.npy751.npy,P0/data/dataset_particles2SNR_clean/train/4um/HFocusing_5_10_4um_0_1026.npy751.npy,4um,HFocusing_5_10_4um_0_1026.npy751.npy,,,,,0,0,2500,2500,,,copied_unchanged
P0/data/dataset/train/4um/HFocusing_5_10_4um_0_1039.npy756.npy,P0/data/dataset_particles2SNR_clean/train/4um/HFocusing_5_10_4um_0_1039.npy756.npy,4um,HFocusing_5_10_4um_0_1039.npy756.npy,,,,,0,0,2500,2500,,,copied_unchanged
P0/data/dataset/train/4um/HFocusing_5_10_4um_0_1042.npy757.npy,P0/data/dataset_particles2SNR_clean/train/4um/HFocusing_5_10_4um_0_1042.npy757.npy,4um,HFocusing_5_10_4um_0_1042.npy757.npy,,,,,0,0,2500,2500,,,copied_unchanged
P0/data/dataset/train/4um/HFocusing_5_10_4um_0_1042.npy758.npy,P0/data/dataset_particles2SNR_clean/train/4um/HFocusing_5_10_4um_0_1042.npy758.npy,4um,HFocusing_5_10_4um_0_1042.npy758.npy,,,,,0,0,2500,2500,,,copied_unchanged
P0/data/dataset/train/4um/HFocusing_5_10_4um_0_1042.npy759.npy,P0/data/dataset_particles2SNR_clean/train/4um/HFocusing_5_10_4um_0_1042.npy759.npy,4um,HFocusing_5_10_4um_0_1042.npy759.npy,,,,,0,0,2500,2500,,,copied_unchanged
P0/data/dataset/train/4um/HFocusing_5_10_4um_0_1049.npy761.npy,P0/data/dataset_particles2SNR_clean/train/4um/HFocusing_5_10_4um_0_1049.npy761.npy,4um,HFocusing_5_10_4um_0_1049.npy761.npy,,,,,0,0,2500,2500,,,copied_unchanged
P0/data/dataset/train/4um/HFocusing_5_10_4um_0_1052.npy764.npy,P0/data/dataset_particles2SNR_clean/train/4um/HFocusing_5_10_4um_0_1052.npy764.npy,4um,HFocusing_5_10_4um_0_1052.npy764.npy,,,,,0,0,2500,2500,,,copied_unchanged
P0/data/dataset/train/4um/HFocusing_5_10_4um_0_1055.npy767.npy,P0/data/dataset_particles2SNR_clean/train/4um/HFocusing_5_10_4um_0_1055.npy767.npy,4um,HFocusing_5_10_4um_0_1055.npy767.npy,,,,,0,0,2500,2500,,,copied_unchanged
P0/data/dataset/train/4um/HFocusing_5_10_4um_0_1066.npy773.npy,P0/data/dataset_particles2SNR_clean/train/4um/HFocusing_5_10_4um_0_1066.npy773.npy,4um,HFocusing_5_10_4um_0_1066.npy773.npy,,,,,0,0,2500,2500,,,copied_unchanged
P0/data/dataset/train/4um/HFocusing_5_10_4um_0_1069.npy775.npy,P0/data/dataset_particles2SNR_clean/train/4um/HFocusing_5_10_4um_0_1069.npy775.npy,4um,HFocusing_5_10_4um_0_1069.npy775.npy,,,,,0,0,2500,2500,,,copied_unchanged
P0/data/dataset/train/4um/HFocusing_5_10_4um_0_1075.npy778.npy,P0/data/dataset_particles2SNR_clean/train/4um/HFocusing_5_10_4um_0_1075.npy778.npy,4um,HFocusing_5_10_4um_0_1075.npy778.npy,,,,,0,0,2500,2500,,,copied_unchanged
P0/data/dataset/train/4um/HFocusing_5_10_4um_0_1075.npy779.npy,P0/data/dataset_particles2SNR_clean/train/4um/HFocusing_5_10_4um_0_1075.npy779.npy,4um,HFocusing_5_10_4um_0_1075.npy779.npy,,,,,0,0,2500,2500,,,copied_unchanged
P0/data/dataset/train/4um/HFocusing_5_10_4um_0_1081.npy782.npy,P0/data/dataset_particles2SNR_clean/train/4um/HFocusing_5_10_4um_0_1081.npy782.npy,4um,HFocusing_5_10_4um_0_1081.npy782.npy,,,,,0,0,2500,2500,,,copied_unchanged
P0/data/dataset/train/4um/HFocusing_5_10_4um_0_1084.npy784.npy,P0/data/dataset_particles2SNR_clean/train/4um/HFocusing_5_10_4um_0_1084.npy784.npy,4um,HFocusing_5_10_4um_0_1084.npy784.npy,,,,,0,0,2500,2500,,,copied_unchanged
P0/data/dataset/train/4um/HFocusing_5_10_4um_0_1084.npy785.npy,P0/data/dataset_particles2SNR_clean/train/4um/HFocusing_5_10_4um_0_1084.npy785.npy,4um,HFocusing_5_10_4um_0_1084.npy785.npy,,,,,0,0,2500,2500,,,copied_unchanged
P0/data/dataset/train/4um/HFocusing_5_10_4um_0_1084.npy786.npy,P0/data/dataset_particles2SNR_clean/train/4um/HFocusing_5_10_4um_0_1084.npy786.npy,4um,HFocusing_5_10_4um_0_1084.npy786.npy,,,,,0,0,2500,2500,,,copied_unchanged
P0/data/dataset/train/4um/HFocusing_5_10_4um_0_1084.npy787.npy,P0/data/dataset_particles2SNR_clean/train/4um/HFocusing_5_10_4um_0_1084.npy787.npy,4um,HFocusing_5_10_4um_0_1084.npy787.npy,,,,,0,0,2500,2500,,,copied_unchanged
P0/data/dataset/train/4um/HFocusing_5_10_4um_0_1090.npy794.npy,P0/data/dataset_particles2SNR_clean/train/4um/HFocusing_5_10_4um_0_1090.npy794.npy,4um,HFocusing_5_10_4um_0_1090.npy794.npy,,,,,0,0,2500,2500,,,copied_unchanged
P0/data/dataset/train/4um/HFocusing_5_10_4um_0_1099.npy800.npy,P0/data/dataset_particles2SNR_clean/train/4um/HFocusing_5_10_4um_0_1099.npy800.npy,4um,HFocusing_5_10_4um_0_1099.npy800.npy,,,,,0,0,2500,2500,,,copied_unchanged
P0/data/dataset/train/4um/HFocusing_5_10_4um_0_1099.npy801.npy,P0/data/dataset_particles2SNR_clean/train/4um/HFocusing_5_10_4um_0_1099.npy801.npy,4um,HFocusing_5_10_4um_0_1099.npy801.npy,,,,,0,0,2500,2500,,,copied_unchanged
P0/data/dataset/train/4um/HFocusing_5_10_4um_0_1099.npy802.npy,P0/data/dataset_particles2SNR_clean/train/4um/HFocusing_5_10_4um_0_1099.npy802.npy,4um,HFocusing_5_10_4um_0_1099.npy802.npy,,,,,0,0,2500,2500,,,copied_unchanged
P0/data/dataset/train/4um/HFocusing_5_10_4um_0_1105.npy806.npy,P0/data/dataset_particles2SNR_clean/train/4um/HFocusing_5_10_4um_0_1105.npy806.npy,4um,HFocusing_5_10_4um_0_1105.npy806.npy,,,,,0,0,2500,2500,,,copied_unchanged
P0/data/dataset/train/4um/HFocusing_5_10_4um_0_1112.npy810.npy,P0/data/dataset_particles2SNR_clean/train/4um/HFocusing_5_10_4um_0_1112.npy810.npy,4um,HFocusing_5_10_4um_0_1112.npy810.npy,,,,,0,0,2500,2500,,,copied_unchanged
P0/data/dataset/train/4um/HFocusing_5_10_4um_0_1115.npy812.npy,P0/data/dataset_particles2SNR_clean/train/4um/HFocusing_5_10_4um_0_1115.npy812.npy,4um,HFocusing_5_10_4um_0_1115.npy812.npy,,,,,0,0,2500,2500,,,copied_unchanged
P0/data/dataset/train/4um/HFocusing_5_10_4um_0_112.npy816.npy,P0/data/dataset_particles2SNR_clean/train/4um/HFocusing_5_10_4um_0_112.npy816.npy,4um,HFocusing_5_10_4um_0_112.npy816.npy,,,,,0,0,2500,2500,,,copied_unchanged
P0/data/dataset/train/4um/HFocusing_5_10_4um_0_1121.npy819.npy,P0/data/dataset_particles2SNR_clean/train/4um/HFocusing_5_10_4um_0_1121.npy819.npy,4um,HFocusing_5_10_4um_0_1121.npy819.npy,,,,,0,0,2500,2500,,,copied_unchanged
P0/data/dataset/train/4um/HFocusing_5_10_4um_0_1124.npy820.npy,P0/data/dataset_particles2SNR_clean/train/4um/HFocusing_5_10_4um_0_1124.npy820.npy,4um,HFocusing_5_10_4um_0_1124.npy820.npy,,,,,0,0,2500,2500,,,copied_unchanged
P0/data/dataset/train/4um/HFocusing_5_10_4um_0_1130.npy824.npy,P0/data/dataset_particles2SNR_clean/train/4um/HFocusing_5_10_4um_0_1130.npy824.npy,4um,HFocusing_5_10_4um_0_1130.npy824.npy,,,,,0,0,2500,2500,,,copied_unchanged
P0/data/dataset/train/4um/HFocusing_5_10_4um_0_1133.npy826.npy,P0/data/dataset_particles2SNR_clean/train/4um/HFocusing_5_10_4um_0_1133.npy826.npy,4um,HFocusing_5_10_4um_0_1133.npy826.npy,,,,,0,0,2500,2500,,,copied_unchanged
P0/data/dataset/train/4um/HFocusing_5_10_4um_0_1133.npy827.npy,P0/data/dataset_particles2SNR_clean/train/4um/HFocusing_5_10_4um_0_1133.npy827.npy,4um,HFocusing_5_10_4um_0_1133.npy827.npy,,,,,0,0,2500,2500,,,copied_unchanged
P0/data/dataset/train/4um/HFocusing_5_10_4um_0_1133.npy828.npy,P0/data/dataset_particles2SNR_clean/train/4um/HFocusing_5_10_4um_0_1133.npy828.npy,4um,HFocusing_5_10_4um_0_1133.npy828.npy,,,,,0,0,2500,2500,,,copied_unchanged
P0/data/dataset/train/4um/HFocusing_5_10_4um_0_1133.npy829.npy,P0/data/dataset_particles2SNR_clean/train/4um/HFocusing_5_10_4um_0_1133.npy829.npy,4um,HFocusing_5_10_4um_0_1133.npy829.npy,,,,,0,0,2500,2500,,,copied_unchanged
P0/data/dataset/train/4um/HFocusing_5_10_4um_0_1133.npy830.npy,P0/data/dataset_particles2SNR_clean/train/4um/HFocusing_5_10_4um_0_1133.npy830.npy,4um,HFocusing_5_10_4um_0_1133.npy830.npy,,,,,0,0,2500,2500,,,copied_unchanged
P0/data/dataset/train/4um/HFocusing_5_10_4um_0_1136.npy833.npy,P0/data/dataset_particles2SNR_clean/train/4um/HFocusing_5_10_4um_0_1136.npy833.npy,4um,HFocusing_5_10_4um_0_1136.npy833.npy,,,,,0,0,2500,2500,,,copied_unchanged
P0/data/dataset/train/4um/HFocusing_5_10_4um_0_1139.npy836.npy,P0/data/dataset_particles2SNR_clean/train/4um/HFocusing_5_10_4um_0_1139.npy836.npy,4um,HFocusing_5_10_4um_0_1139.npy836.npy,,,,,0,0,2500,2500,,,copied_unchanged
P0/data/dataset/train/4um/HFocusing_5_10_4um_0_1139.npy838.npy,P0/data/dataset_particles2SNR_clean/train/4um/HFocusing_5_10_4um_0_1139.npy838.npy,4um,HFocusing_5_10_4um_0_1139.npy838.npy,,,,,0,0,2500,2500,,,copied_unchanged
P0/data/dataset/train/4um/HFocusing_5_10_4um_0_1139.npy840.npy,P0/data/dataset_particles2SNR_clean/train/4um/HFocusing_5_10_4um_0_1139.npy840.npy,4um,HFocusing_5_10_4um_0_1139.npy840.npy,,,,,0,0,2500,2500,,,copied_unchanged
P0/data/dataset/train/4um/HFocusing_5_10_4um_0_1142.npy841.npy,P0/data/dataset_particles2SNR_clean/train/4um/HFocusing_5_10_4um_0_1142.npy841.npy,4um,HFocusing_5_10_4um_0_1142.npy841.npy,,,,,0,0,2500,2500,,,copied_unchanged
P0/data/dataset/train/4um/HFocusing_5_10_4um_0_1142.npy842.npy,P0/data/dataset_particles2SNR_clean/train/4um/HFocusing_5_10_4um_0_1142.npy842.npy,4um,HFocusing_5_10_4um_0_1142.npy842.npy,,,,,0,0,2500,2500,,,copied_unchanged
P0/data/dataset/train/4um/HFocusing_5_10_4um_0_1158.npy861.npy,P0/data/dataset_particles2SNR_clean/train/4um/HFocusing_5_10_4um_0_1158.npy861.npy,4um,HFocusing_5_10_4um_0_1158.npy861.npy,,,,,0,0,2500,2500,,,copied_unchanged
P0/data/dataset/train/4um/HFocusing_5_10_4um_0_1158.npy862.npy,P0/data/dataset_particles2SNR_clean/train/4um/HFocusing_5_10_4um_0_1158.npy862.npy,4um,HFocusing_5_10_4um_0_1158.npy862.npy,,,,,0,0,2500,2500,,,copied_unchanged
P0/data/dataset/train/4um/HFocusing_5_10_4um_0_116.npy864.npy,P0/data/dataset_particles2SNR_clean/train/4um/HFocusing_5_10_4um_0_116.npy864.npy,4um,HFocusing_5_10_4um_0_116.npy864.npy,,,,,0,0,2500,2500,,,copied_unchanged
P0/data/dataset/train/4um/HFocusing_5_10_4um_0_1164.npy869.npy,P0/data/dataset_particles2SNR_clean/train/4um/HFocusing_5_10_4um_0_1164.npy869.npy,4um,HFocusing_5_10_4um_0_1164.npy869.npy,,,,,0,0,2500,2500,,,copied_unchanged
P0/data/dataset/train/4um/HFocusing_5_10_4um_0_1164.npy870.npy,P0/data/dataset_particles2SNR_clean/train/4um/HFocusing_5_10_4um_0_1164.npy870.npy,4um,HFocusing_5_10_4um_0_1164.npy870.npy,,,,,0,0,2500,2500,,,copied_unchanged
P0/data/dataset/train/4um/HFocusing_5_10_4um_0_1167.npy872.npy,P0/data/dataset_particles2SNR_clean/train/4um/HFocusing_5_10_4um_0_1167.npy872.npy,4um,HFocusing_5_10_4um_0_1167.npy872.npy,,,,,0,0,2500,2500,,,copied_unchanged
P0/data/dataset/train/4um/HFocusing_5_10_4um_0_1177.npy878.npy,P0/data/dataset_particles2SNR_clean/train/4um/HFocusing_5_10_4um_0_1177.npy878.npy,4um,HFocusing_5_10_4um_0_1177.npy878.npy,,,,,0,0,2500,2500,,,copied_unchanged
P0/data/dataset/train/4um/HFocusing_5_10_4um_0_1177.npy879.npy,P0/data/dataset_particles2SNR_clean/train/4um/HFocusing_5_10_4um_0_1177.npy879.npy,4um,HFocusing_5_10_4um_0_1177.npy879.npy,,,,,0,0,2500,2500,,,copied_unchanged
P0/data/dataset/train/4um/HFocusing_5_10_4um_0_1177.npy880.npy,P0/data/dataset_particles2SNR_clean/train/4um/HFocusing_5_10_4um_0_1177.npy880.npy,4um,HFocusing_5_10_4um_0_1177.npy880.npy,,,,,0,0,2500,2500,,,copied_unchanged
P0/data/dataset/train/4um/HFocusing_5_10_4um_0_1197.npy894.npy,P0/data/dataset_particles2SNR_clean/train/4um/HFocusing_5_10_4um_0_1197.npy894.npy,4um,HFocusing_5_10_4um_0_1197.npy894.npy,,,,,0,0,2500,2500,,,copied_unchanged
P0/data/dataset/train/4um/HFocusing_5_10_4um_0_1203.npy900.npy,P0/data/dataset_particles2SNR_clean/train/4um/HFocusing_5_10_4um_0_1203.npy900.npy,4um,HFocusing_5_10_4um_0_1203.npy900.npy,,,,,0,0,2500,2500,,,copied_unchanged
P0/data/dataset/train/4um/HFocusing_5_10_4um_0_1203.npy901.npy,P0/data/dataset_particles2SNR_clean/train/4um/HFocusing_5_10_4um_0_1203.npy901.npy,4um,HFocusing_5_10_4um_0_1203.npy901.npy,,,,,0,0,2500,2500,,,copied_unchanged
P0/data/dataset/train/4um/HFocusing_5_10_4um_0_1203.npy902.npy,P0/data/dataset_particles2SNR_clean/train/4um/HFocusing_5_10_4um_0_1203.npy902.npy,4um,HFocusing_5_10_4um_0_1203.npy902.npy,,,,,0,0,2500,2500,,,copied_unchanged
P0/data/dataset/train/4um/HFocusing_5_10_4um_0_1215.npy912.npy,P0/data/dataset_particles2SNR_clean/train/4um/HFocusing_5_10_4um_0_1215.npy912.npy,4um,HFocusing_5_10_4um_0_1215.npy912.npy,,,,,0,0,2500,2500,,,copied_unchanged
P0/data/dataset/train/4um/HFocusing_5_10_4um_0_1227.npy923.npy,P0/data/dataset_particles2SNR_clean/train/4um/HFocusing_5_10_4um_0_1227.npy923.npy,4um,HFocusing_5_10_4um_0_1227.npy923.npy,,,,,0,0,2500,2500,,,copied_unchanged
P0/data/dataset/train/4um/HFocusing_5_10_4um_0_1230.npy925.npy,P0/data/dataset_particles2SNR_clean/train/4um/HFocusing_5_10_4um_0_1230.npy925.npy,4um,HFocusing_5_10_4um_0_1230.npy925.npy,,,,,0,0,2500,2500,,,copied_unchanged
P0/data/dataset/train/4um/HFocusing_5_10_4um_0_1236.npy934.npy,P0/data/dataset_particles2SNR_clean/train/4um/HFocusing_5_10_4um_0_1236.npy934.npy,4um,HFocusing_5_10_4um_0_1236.npy934.npy,,,,,0,0,2500,2500,,,copied_unchanged
P0/data/dataset/train/4um/HFocusing_5_10_4um_0_1246.npy939.npy,P0/data/dataset_particles2SNR_clean/train/4um/HFocusing_5_10_4um_0_1246.npy939.npy,4um,HFocusing_5_10_4um_0_1246.npy939.npy,,,,,0,0,2500,2500,,,copied_unchanged
P0/data/dataset/train/4um/HFocusing_5_10_4um_0_1249.npy941.npy,P0/data/dataset_particles2SNR_clean/train/4um/HFocusing_5_10_4um_0_1249.npy941.npy,4um,HFocusing_5_10_4um_0_1249.npy941.npy,,,,,0,0,2500,2500,,,copied_unchanged
P0/data/dataset/train/4um/HFocusing_5_10_4um_0_1249.npy942.npy,P0/data/dataset_particles2SNR_clean/train/4um/HFocusing_5_10_4um_0_1249.npy942.npy,4um,HFocusing_5_10_4um_0_1249.npy942.npy,,,,,0,0,2500,2500,,,copied_unchanged
P0/data/dataset/train/4um/HFocusing_5_10_4um_0_1252.npy943.npy,P0/data/dataset_particles2SNR_clean/train/4um/HFocusing_5_10_4um_0_1252.npy943.npy,4um,HFocusing_5_10_4um_0_1252.npy943.npy,,,,,0,0,2500,2500,,,copied_unchanged
P0/data/dataset/train/4um/HFocusing_5_10_4um_0_1252.npy944.npy,P0/data/dataset_particles2SNR_clean/train/4um/HFocusing_5_10_4um_0_1252.npy944.npy,4um,HFocusing_5_10_4um_0_1252.npy944.npy,,,,,0,0,2500,2500,,,copied_unchanged
P0/data/dataset/train/4um/HFocusing_5_10_4um_0_1255.npy946.npy,P0/data/dataset_particles2SNR_clean/train/4um/HFocusing_5_10_4um_0_1255.npy946.npy,4um,HFocusing_5_10_4um_0_1255.npy946.npy,,,,,0,0,2500,2500,,,copied_unchanged
P0/data/dataset/train/4um/HFocusing_5_10_4um_0_1264.npy954.npy,P0/data/dataset_particles2SNR_clean/train/4um/HFocusing_5_10_4um_0_1264.npy954.npy,4um,HFocusing_5_10_4um_0_1264.npy954.npy,,,,,0,0,2500,2500,,,copied_unchanged
P0/data/dataset/train/4um/HFocusing_5_10_4um_0_1264.npy955.npy,P0/data/dataset_particles2SNR_clean/train/4um/HFocusing_5_10_4um_0_1264.npy955.npy,4um,HFocusing_5_10_4um_0_1264.npy955.npy,,,,,0,0,2500,2500,,,copied_unchanged
P0/data/dataset/train/4um/HFocusing_5_10_4um_0_1273.npy960.npy,P0/data/dataset_particles2SNR_clean/train/4um/HFocusing_5_10_4um_0_1273.npy960.npy,4um,HFocusing_5_10_4um_0_1273.npy960.npy,,,,,0,0,2500,2500,,,copied_unchanged
P0/data/dataset/train/4um/HFocusing_5_10_4um_0_1273.npy961.npy,P0/data/dataset_particles2SNR_clean/train/4um/HFocusing_5_10_4um_0_1273.npy961.npy,4um,HFocusing_5_10_4um_0_1273.npy961.npy,,,,,0,0,2500,2500,,,copied_unchanged
P0/data/dataset/train/4um/HFocusing_5_10_4um_0_1273.npy962.npy,P0/data/dataset_particles2SNR_clean/train/4um/HFocusing_5_10_4um_0_1273.npy962.npy,4um,HFocusing_5_10_4um_0_1273.npy962.npy,,,,,0,0,2500,2500,,,copied_unchanged
P0/data/dataset/train/4um/HFocusing_5_10_4um_0_1279.npy967.npy,P0/data/dataset_particles2SNR_clean/train/4um/HFocusing_5_10_4um_0_1279.npy967.npy,4um,HFocusing_5_10_4um_0_1279.npy967.npy,,,,,0,0,2500,2500,,,copied_unchanged
P0/data/dataset/train/4um/HFocusing_5_10_4um_0_1279.npy968.npy,P0/data/dataset_particles2SNR_clean/train/4um/HFocusing_5_10_4um_0_1279.npy968.npy,4um,HFocusing_5_10_4um_0_1279.npy968.npy,,,,,0,0,2500,2500,,,copied_unchanged
P0/data/dataset/train/4um/HFocusing_5_10_4um_0_1285.npy970.npy,P0/data/dataset_particles2SNR_clean/train/4um/HFocusing_5_10_4um_0_1285.npy970.npy,4um,HFocusing_5_10_4um_0_1285.npy970.npy,,,,,0,0,2500,2500,,,copied_unchanged
P0/data/dataset/train/4um/HFocusing_5_10_4um_0_1285.npy973.npy,P0/data/dataset_particles2SNR_clean/train/4um/HFocusing_5_10_4um_0_1285.npy973.npy,4um,HFocusing_5_10_4um_0_1285.npy973.npy,,,,,0,0,2500,2500,,,copied_unchanged
P0/data/dataset/train/4um/HFocusing_5_10_4um_0_1291.npy976.npy,P0/data/dataset_particles2SNR_clean/train/4um/HFocusing_5_10_4um_0_1291.npy976.npy,4um,HFocusing_5_10_4um_0_1291.npy976.npy,,,,,0,0,2500,2500,,,copied_unchanged
P0/data/dataset/train/4um/HFocusing_5_10_4um_0_1294.npy979.npy,P0/data/dataset_particles2SNR_clean/train/4um/HFocusing_5_10_4um_0_1294.npy979.npy,4um,HFocusing_5_10_4um_0_1294.npy979.npy,,,,,0,0,2500,2500,,,copied_unchanged
P0/data/dataset/train/4um/HFocusing_5_10_4um_0_1297.npy981.npy,P0/data/dataset_particles2SNR_clean/train/4um/HFocusing_5_10_4um_0_1297.npy981.npy,4um,HFocusing_5_10_4um_0_1297.npy981.npy,,,,,0,0,2500,2500,,,copied_unchanged
P0/data/dataset/train/4um/HFocusing_5_10_4um_0_1300.npy983.npy,P0/data/dataset_particles2SNR_clean/train/4um/HFocusing_5_10_4um_0_1300.npy983.npy,4um,HFocusing_5_10_4um_0_1300.npy983.npy,,,,,0,0,2500,2500,,,copied_unchanged
P0/data/dataset/train/4um/HFocusing_5_10_4um_0_1312.npy990.npy,P0/data/dataset_particles2SNR_clean/train/4um/HFocusing_5_10_4um_0_1312.npy990.npy,4um,HFocusing_5_10_4um_0_1312.npy990.npy,,,,,0,0,2500,2500,,,copied_unchanged
P0/data/dataset/train/4um/HFocusing_5_10_4um_0_1312.npy991.npy,P0/data/dataset_particles2SNR_clean/train/4um/HFocusing_5_10_4um_0_1312.npy991.npy,4um,HFocusing_5_10_4um_0_1312.npy991.npy,,,,,0,0,2500,2500,,,copied_unchanged
P0/data/dataset/train/4um/HFocusing_5_10_4um_0_1312.npy992.npy,P0/data/dataset_particles2SNR_clean/train/4um/HFocusing_5_10_4um_0_1312.npy992.npy,4um,HFocusing_5_10_4um_0_1312.npy992.npy,,,,,0,0,2500,2500,,,copied_unchanged
P0/data/dataset/train/4um/HFocusing_5_10_4um_0_1315.npy994.npy,P0/data/dataset_particles2SNR_clean/train/4um/HFocusing_5_10_4um_0_1315.npy994.npy,4um,HFocusing_5_10_4um_0_1315.npy994.npy,,,,,0,0,2500,2500,,,copied_unchanged
P0/data/dataset/train/4um/HFocusing_5_10_4um_0_1315.npy995.npy,P0/data/dataset_particles2SNR_clean/train/4um/HFocusing_5_10_4um_0_1315.npy995.npy,4um,HFocusing_5_10_4um_0_1315.npy995.npy,,,,,0,0,2500,2500,,,copied_unchanged
P0/data/dataset/train/4um/HFocusing_5_10_4um_0_1315.npy996.npy,P0/data/dataset_particles2SNR_clean/train/4um/HFocusing_5_10_4um_0_1315.npy996.npy,4um,HFocusing_5_10_4um_0_1315.npy996.npy,,,,,0,0,2500,2500,,,copied_unchanged
P0/data/dataset/train/4um/HFocusing_5_10_4um_0_1318.npy998.npy,P0/data/dataset_particles2SNR_clean/train/4um/HFocusing_5_10_4um_0_1318.npy998.npy,4um,HFocusing_5_10_4um_0_1318.npy998.npy,,,,,0,0,2500,2500,,,copied_unchanged
P0/data/dataset/train/4um/HFocusing_5_10_4um_0_1318.npy999.npy,P0/data/dataset_particles2SNR_clean/train/4um/HFocusing_5_10_4um_0_1318.npy999.npy,4um,HFocusing_5_10_4um_0_1318.npy999.npy,,,,,0,0,2500,2500,,,copied_unchanged
P0/data/dataset/train/4um/HFocusing_5_10_4um_0_1324.npy1009.npy,P0/data/dataset_particles2SNR_clean/train/4um/HFocusing_5_10_4um_0_1324.npy1009.npy,4um,HFocusing_5_10_4um_0_1324.npy1009.npy,,,,,0,0,2500,2500,,,copied_unchanged
P0/data/dataset/train/4um/HFocusing_5_10_4um_0_1324.npy1010.npy,P0/data/dataset_particles2SNR_clean/train/4um/HFocusing_5_10_4um_0_1324.npy1010.npy,4um,HFocusing_5_10_4um_0_1324.npy1010.npy,,,,,0,0,2500,2500,,,copied_unchanged
P0/data/dataset/train/4um/HFocusing_5_10_4um_0_1326.npy1011.npy,P0/data/dataset_particles2SNR_clean/train/4um/HFocusing_5_10_4um_0_1326.npy1011.npy,4um,HFocusing_5_10_4um_0_1326.npy1011.npy,,,,,0,0,2500,2500,,,copied_unchanged
P0/data/dataset/train/4um/HFocusing_5_10_4um_0_1339.npy1022.npy,P0/data/dataset_particles2SNR_clean/train/4um/HFocusing_5_10_4um_0_1339.npy1022.npy,4um,HFocusing_5_10_4um_0_1339.npy1022.npy,,,,,0,0,2500,2500,,,copied_unchanged
P0/data/dataset/train/4um/HFocusing_5_10_4um_0_1339.npy1023.npy,P0/data/dataset_particles2SNR_clean/train/4um/HFocusing_5_10_4um_0_1339.npy1023.npy,4um,HFocusing_5_10_4um_0_1339.npy1023.npy,,,,,0,0,2500,2500,,,copied_unchanged
P0/data/dataset/train/4um/HFocusing_5_10_4um_0_1345.npy1027.npy,P0/data/dataset_particles2SNR_clean/train/4um/HFocusing_5_10_4um_0_1345.npy1027.npy,4um,HFocusing_5_10_4um_0_1345.npy1027.npy,,,,,0,0,2500,2500,,,copied_unchanged
P0/data/dataset/train/4um/HFocusing_5_10_4um_0_1345.npy1028.npy,P0/data/dataset_particles2SNR_clean/train/4um/HFocusing_5_10_4um_0_1345.npy1028.npy,4um,HFocusing_5_10_4um_0_1345.npy1028.npy,,,,,0,0,2500,2500,,,copied_unchanged
P0/data/dataset/train/4um/HFocusing_5_10_4um_0_1345.npy1029.npy,P0/data/dataset_particles2SNR_clean/train/4um/HFocusing_5_10_4um_0_1345.npy1029.npy,4um,HFocusing_5_10_4um_0_1345.npy1029.npy,,,,,0,0,2500,2500,,,copied_unchanged
P0/data/dataset/train/4um/HFocusing_5_10_4um_0_1345.npy1030.npy,P0/data/dataset_particles2SNR_clean/train/4um/HFocusing_5_10_4um_0_1345.npy1030.npy,4um,HFocusing_5_10_4um_0_1345.npy1030.npy,,,,,0,0,2500,2500,,,copied_unchanged
P0/data/dataset/train/4um/HFocusing_5_10_4um_0_1351.npy1034.npy,P0/data/dataset_particles2SNR_clean/train/4um/HFocusing_5_10_4um_0_1351.npy1034.npy,4um,HFocusing_5_10_4um_0_1351.npy1034.npy,,,,,0,0,2500,2500,,,copied_unchanged
P0/data/dataset/train/4um/HFocusing_5_10_4um_0_1351.npy1035.npy,P0/data/dataset_particles2SNR_clean/train/4um/HFocusing_5_10_4um_0_1351.npy1035.npy,4um,HFocusing_5_10_4um_0_1351.npy1035.npy,,,,,0,0,2500,2500,,,copied_unchanged
P0/data/dataset/train/4um/HFocusing_5_10_4um_0_1351.npy1036.npy,P0/data/dataset_particles2SNR_clean/train/4um/HFocusing_5_10_4um_0_1351.npy1036.npy,4um,HFocusing_5_10_4um_0_1351.npy1036.npy,,,,,0,0,2500,2500,,,copied_unchanged
P0/data/dataset/train/4um/HFocusing_5_10_4um_0_1354.npy1038.npy,P0/data/dataset_particles2SNR_clean/train/4um/HFocusing_5_10_4um_0_1354.npy1038.npy,4um,HFocusing_5_10_4um_0_1354.npy1038.npy,,,,,0,0,2500,2500,,,copied_unchanged
P0/data/dataset/train/4um/HFocusing_5_10_4um_0_1354.npy1039.npy,P0/data/dataset_particles2SNR_clean/train/4um/HFocusing_5_10_4um_0_1354.npy1039.npy,4um,HFocusing_5_10_4um_0_1354.npy1039.npy,,,,,0,0,2500,2500,,,copied_unchanged
P0/data/dataset/train/4um/HFocusing_5_10_4um_0_1354.npy1040.npy,P0/data/dataset_particles2SNR_clean/train/4um/HFocusing_5_10_4um_0_1354.npy1040.npy,4um,HFocusing_5_10_4um_0_1354.npy1040.npy,,,,,0,0,2500,2500,,,copied_unchanged
P0/data/dataset/train/4um/HFocusing_5_10_4um_0_1354.npy1041.npy,P0/data/dataset_particles2SNR_clean/train/4um/HFocusing_5_10_4um_0_1354.npy1041.npy,4um,HFocusing_5_10_4um_0_1354.npy1041.npy,,,,,0,0,2500,2500,,,copied_unchanged
P0/data/dataset/train/4um/HFocusing_5_10_4um_0_1357.npy1043.npy,P0/data/dataset_particles2SNR_clean/train/4um/HFocusing_5_10_4um_0_1357.npy1043.npy,4um,HFocusing_5_10_4um_0_1357.npy1043.npy,,,,,0,0,2500,2500,,,copied_unchanged
P0/data/dataset/train/4um/HFocusing_5_10_4um_0_1360.npy1044.npy,P0/data/dataset_particles2SNR_clean/train/4um/HFocusing_5_10_4um_0_1360.npy1044.npy,4um,HFocusing_5_10_4um_0_1360.npy1044.npy,,,,,0,0,2500,2500,,,copied_unchanged
P0/data/dataset/train/4um/HFocusing_5_10_4um_0_1363.npy1045.npy,P0/data/dataset_particles2SNR_clean/train/4um/HFocusing_5_10_4um_0_1363.npy1045.npy,4um,HFocusing_5_10_4um_0_1363.npy1045.npy,,,,,0,0,2500,2500,,,copied_unchanged
P0/data/dataset/train/4um/HFocusing_5_10_4um_0_1363.npy1046.npy,P0/data/dataset_particles2SNR_clean/train/4um/HFocusing_5_10_4um_0_1363.npy1046.npy,4um,HFocusing_5_10_4um_0_1363.npy1046.npy,,,,,0,0,2500,2500,,,copied_unchanged
P0/data/dataset/train/4um/HFocusing_5_10_4um_0_1366.npy1049.npy,P0/data/dataset_particles2SNR_clean/train/4um/HFocusing_5_10_4um_0_1366.npy1049.npy,4um,HFocusing_5_10_4um_0_1366.npy1049.npy,,,,,0,0,2500,2500,,,copied_unchanged
P0/data/dataset/train/4um/HFocusing_5_10_4um_0_1366.npy1050.npy,P0/data/dataset_particles2SNR_clean/train/4um/HFocusing_5_10_4um_0_1366.npy1050.npy,4um,HFocusing_5_10_4um_0_1366.npy1050.npy,,,,,0,0,2500,2500,,,copied_unchanged
P0/data/dataset/train/4um/HFocusing_5_10_4um_0_1366.npy1054.npy,P0/data/dataset_particles2SNR_clean/train/4um/HFocusing_5_10_4um_0_1366.npy1054.npy,4um,HFocusing_5_10_4um_0_1366.npy1054.npy,,,,,0,0,2500,2500,,,copied_unchanged
P0/data/dataset/train/4um/HFocusing_5_10_4um_0_1369.npy1055.npy,P0/data/dataset_particles2SNR_clean/train/4um/HFocusing_5_10_4um_0_1369.npy1055.npy,4um,HFocusing_5_10_4um_0_1369.npy1055.npy,,,,,0,0,2500,2500,,,copied_unchanged
P0/data/dataset/train/4um/HFocusing_5_10_4um_0_1369.npy1056.npy,P0/data/dataset_particles2SNR_clean/train/4um/HFocusing_5_10_4um_0_1369.npy1056.npy,4um,HFocusing_5_10_4um_0_1369.npy1056.npy,,,,,0,0,2500,2500,,,copied_unchanged
P0/data/dataset/train/4um/HFocusing_5_10_4um_0_1369.npy1057.npy,P0/data/dataset_particles2SNR_clean/train/4um/HFocusing_5_10_4um_0_1369.npy1057.npy,4um,HFocusing_5_10_4um_0_1369.npy1057.npy,,,,,0,0,2500,2500,,,copied_unchanged
P0/data/dataset/train/4um/HFocusing_5_10_4um_0_1378.npy1064.npy,P0/data/dataset_particles2SNR_clean/train/4um/HFocusing_5_10_4um_0_1378.npy1064.npy,4um,HFocusing_5_10_4um_0_1378.npy1064.npy,,,,,0,0,2500,2500,,,copied_unchanged
P0/data/dataset/train/4um/HFocusing_5_10_4um_0_1378.npy1066.npy,P0/data/dataset_particles2SNR_clean/train/4um/HFocusing_5_10_4um_0_1378.npy1066.npy,4um,HFocusing_5_10_4um_0_1378.npy1066.npy,,,,,0,0,2500,2500,,,copied_unchanged
P0/data/dataset/train/4um/HFocusing_5_10_4um_0_138.npy1067.npy,P0/data/dataset_particles2SNR_clean/train/4um/HFocusing_5_10_4um_0_138.npy1067.npy,4um,HFocusing_5_10_4um_0_138.npy1067.npy,,,,,0,0,2500,2500,,,copied_unchanged
P0/data/dataset/train/4um/HFocusing_5_10_4um_0_1381.npy1070.npy,P0/data/dataset_particles2SNR_clean/train/4um/HFocusing_5_10_4um_0_1381.npy1070.npy,4um,HFocusing_5_10_4um_0_1381.npy1070.npy,,,,,0,0,2500,2500,,,copied_unchanged
P0/data/dataset/train/4um/HFocusing_5_10_4um_0_1381.npy1071.npy,P0/data/dataset_particles2SNR_clean/train/4um/HFocusing_5_10_4um_0_1381.npy1071.npy,4um,HFocusing_5_10_4um_0_1381.npy1071.npy,,,,,0,0,2500,2500,,,copied_unchanged
P0/data/dataset/train/4um/HFocusing_5_10_4um_0_1385.npy1073.npy,P0/data/dataset_particles2SNR_clean/train/4um/HFocusing_5_10_4um_0_1385.npy1073.npy,4um,HFocusing_5_10_4um_0_1385.npy1073.npy,,,,,0,0,2500,2500,,,copied_unchanged
P0/data/dataset/train/4um/HFocusing_5_10_4um_0_1385.npy1074.npy,P0/data/dataset_particles2SNR_clean/train/4um/HFocusing_5_10_4um_0_1385.npy1074.npy,4um,HFocusing_5_10_4um_0_1385.npy1074.npy,,,,,0,0,2500,2500,,,copied_unchanged
P0/data/dataset/train/4um/HFocusing_5_10_4um_0_1391.npy1075.npy,P0/data/dataset_particles2SNR_clean/train/4um/HFocusing_5_10_4um_0_1391.npy1075.npy,4um,HFocusing_5_10_4um_0_1391.npy1075.npy,,,,,0,0,2500,2500,,,copied_unchanged
P0/data/dataset/train/4um/HFocusing_5_10_4um_0_1394.npy1077.npy,P0/data/dataset_particles2SNR_clean/train/4um/HFocusing_5_10_4um_0_1394.npy1077.npy,4um,HFocusing_5_10_4um_0_1394.npy1077.npy,,,,,0,0,2500,2500,,,copied_unchanged
P0/data/dataset/train/4um/HFocusing_5_10_4um_0_1394.npy1078.npy,P0/data/dataset_particles2SNR_clean/train/4um/HFocusing_5_10_4um_0_1394.npy1078.npy,4um,HFocusing_5_10_4um_0_1394.npy1078.npy,,,,,0,0,2500,2500,,,copied_unchanged
P0/data/dataset/train/4um/HFocusing_5_10_4um_0_1397.npy1079.npy,P0/data/dataset_particles2SNR_clean/train/4um/HFocusing_5_10_4um_0_1397.npy1079.npy,4um,HFocusing_5_10_4um_0_1397.npy1079.npy,,,,,0,0,2500,2500,,,copied_unchanged
P0/data/dataset/train/4um/HFocusing_5_10_4um_0_1400.npy1084.npy,P0/data/dataset_particles2SNR_clean/train/4um/HFocusing_5_10_4um_0_1400.npy1084.npy,4um,HFocusing_5_10_4um_0_1400.npy1084.npy,,,,,0,0,2500,2500,,,copied_unchanged
P0/data/dataset/train/4um/HFocusing_5_10_4um_0_1400.npy1085.npy,P0/data/dataset_particles2SNR_clean/train/4um/HFocusing_5_10_4um_0_1400.npy1085.npy,4um,HFocusing_5_10_4um_0_1400.npy1085.npy,,,,,0,0,2500,2500,,,copied_unchanged
P0/data/dataset/train/4um/HFocusing_5_10_4um_0_1403.npy1086.npy,P0/data/dataset_particles2SNR_clean/train/4um/HFocusing_5_10_4um_0_1403.npy1086.npy,4um,HFocusing_5_10_4um_0_1403.npy1086.npy,,,,,0,0,2500,2500,,,copied_unchanged
P0/data/dataset/train/4um/HFocusing_5_10_4um_0_1403.npy1087.npy,P0/data/dataset_particles2SNR_clean/train/4um/HFocusing_5_10_4um_0_1403.npy1087.npy,4um,HFocusing_5_10_4um_0_1403.npy1087.npy,,,,,0,0,2500,2500,,,copied_unchanged
P0/data/dataset/train/4um/HFocusing_5_10_4um_0_1403.npy1088.npy,P0/data/dataset_particles2SNR_clean/train/4um/HFocusing_5_10_4um_0_1403.npy1088.npy,4um,HFocusing_5_10_4um_0_1403.npy1088.npy,,,,,0,0,2500,2500,,,copied_unchanged
P0/data/dataset/train/4um/HFocusing_5_10_4um_0_1407.npy1091.npy,P0/data/dataset_particles2SNR_clean/train/4um/HFocusing_5_10_4um_0_1407.npy1091.npy,4um,HFocusing_5_10_4um_0_1407.npy1091.npy,,,,,0,0,2500,2500,,,copied_unchanged
P0/data/dataset/train/4um/HFocusing_5_10_4um_0_1407.npy1092.npy,P0/data/dataset_particles2SNR_clean/train/4um/HFocusing_5_10_4um_0_1407.npy1092.npy,4um,HFocusing_5_10_4um_0_1407.npy1092.npy,,,,,0,0,2500,2500,,,copied_unchanged
P0/data/dataset/train/4um/HFocusing_5_10_4um_0_1407.npy1093.npy,P0/data/dataset_particles2SNR_clean/train/4um/HFocusing_5_10_4um_0_1407.npy1093.npy,4um,HFocusing_5_10_4um_0_1407.npy1093.npy,,,,,0,0,2500,2500,,,copied_unchanged
P0/data/dataset/train/4um/HFocusing_5_10_4um_0_1416.npy1101.npy,P0/data/dataset_particles2SNR_clean/train/4um/HFocusing_5_10_4um_0_1416.npy1101.npy,4um,HFocusing_5_10_4um_0_1416.npy1101.npy,,,,,0,0,2500,2500,,,copied_unchanged
P0/data/dataset/train/4um/HFocusing_5_10_4um_0_1419.npy1103.npy,P0/data/dataset_particles2SNR_clean/train/4um/HFocusing_5_10_4um_0_1419.npy1103.npy,4um,HFocusing_5_10_4um_0_1419.npy1103.npy,,,,,0,0,2500,2500,,,copied_unchanged
P0/data/dataset/train/4um/HFocusing_5_10_4um_0_1419.npy1104.npy,P0/data/dataset_particles2SNR_clean/train/4um/HFocusing_5_10_4um_0_1419.npy1104.npy,4um,HFocusing_5_10_4um_0_1419.npy1104.npy,,,,,0,0,2500,2500,,,copied_unchanged
P0/data/dataset/train/4um/HFocusing_5_10_4um_0_1419.npy1105.npy,P0/data/dataset_particles2SNR_clean/train/4um/HFocusing_5_10_4um_0_1419.npy1105.npy,4um,HFocusing_5_10_4um_0_1419.npy1105.npy,,,,,0,0,2500,2500,,,copied_unchanged
P0/data/dataset/train/4um/HFocusing_5_10_4um_0_1419.npy1106.npy,P0/data/dataset_particles2SNR_clean/train/4um/HFocusing_5_10_4um_0_1419.npy1106.npy,4um,HFocusing_5_10_4um_0_1419.npy1106.npy,,,,,0,0,2500,2500,,,copied_unchanged
P0/data/dataset/train/4um/HFocusing_5_10_4um_0_1422.npy1110.npy,P0/data/dataset_particles2SNR_clean/train/4um/HFocusing_5_10_4um_0_1422.npy1110.npy,4um,HFocusing_5_10_4um_0_1422.npy1110.npy,,,,,0,0,2500,2500,,,copied_unchanged
P0/data/dataset/train/4um/HFocusing_5_10_4um_0_1425.npy1111.npy,P0/data/dataset_particles2SNR_clean/train/4um/HFocusing_5_10_4um_0_1425.npy1111.npy,4um,HFocusing_5_10_4um_0_1425.npy1111.npy,,,,,0,0,2500,2500,,,copied_unchanged
P0/data/dataset/train/4um/HFocusing_5_10_4um_0_1425.npy1112.npy,P0/data/dataset_particles2SNR_clean/train/4um/HFocusing_5_10_4um_0_1425.npy1112.npy,4um,HFocusing_5_10_4um_0_1425.npy1112.npy,,,,,0,0,2500,2500,,,copied_unchanged
P0/data/dataset/train/4um/HFocusing_5_10_4um_0_1435.npy1117.npy,P0/data/dataset_particles2SNR_clean/train/4um/HFocusing_5_10_4um_0_1435.npy1117.npy,4um,HFocusing_5_10_4um_0_1435.npy1117.npy,,,,,0,0,2500,2500,,,copied_unchanged
P0/data/dataset/train/4um/HFocusing_5_10_4um_0_1435.npy1118.npy,P0/data/dataset_particles2SNR_clean/train/4um/HFocusing_5_10_4um_0_1435.npy1118.npy,4um,HFocusing_5_10_4um_0_1435.npy1118.npy,,,,,0,0,2500,2500,,,copied_unchanged
P0/data/dataset/train/4um/HFocusing_5_10_4um_0_1438.npy1120.npy,P0/data/dataset_particles2SNR_clean/train/4um/HFocusing_5_10_4um_0_1438.npy1120.npy,4um,HFocusing_5_10_4um_0_1438.npy1120.npy,,,,,0,0,2500,2500,,,copied_unchanged
P0/data/dataset/train/4um/HFocusing_5_10_4um_0_1441.npy1123.npy,P0/data/dataset_particles2SNR_clean/train/4um/HFocusing_5_10_4um_0_1441.npy1123.npy,4um,HFocusing_5_10_4um_0_1441.npy1123.npy,,,,,0,0,2500,2500,,,copied_unchanged
P0/data/dataset/train/4um/HFocusing_5_10_4um_0_1444.npy1126.npy,P0/data/dataset_particles2SNR_clean/train/4um/HFocusing_5_10_4um_0_1444.npy1126.npy,4um,HFocusing_5_10_4um_0_1444.npy1126.npy,,,,,0,0,2500,2500,,,copied_unchanged
P0/data/dataset/train/4um/HFocusing_5_10_4um_0_1449.npy1129.npy,P0/data/dataset_particles2SNR_clean/train/4um/HFocusing_5_10_4um_0_1449.npy1129.npy,4um,HFocusing_5_10_4um_0_1449.npy1129.npy,,,,,0,0,2500,2500,,,copied_unchanged
P0/data/dataset/train/4um/HFocusing_5_10_4um_0_1452.npy1131.npy,P0/data/dataset_particles2SNR_clean/train/4um/HFocusing_5_10_4um_0_1452.npy1131.npy,4um,HFocusing_5_10_4um_0_1452.npy1131.npy,,,,,0,0,2500,2500,,,copied_unchanged
P0/data/dataset/train/4um/HFocusing_5_10_4um_0_1455.npy1133.npy,P0/data/dataset_particles2SNR_clean/train/4um/HFocusing_5_10_4um_0_1455.npy1133.npy,4um,HFocusing_5_10_4um_0_1455.npy1133.npy,,,,,0,0,2500,2500,,,copied_unchanged
P0/data/dataset/train/4um/HFocusing_5_10_4um_0_1455.npy1134.npy,P0/data/dataset_particles2SNR_clean/train/4um/HFocusing_5_10_4um_0_1455.npy1134.npy,4um,HFocusing_5_10_4um_0_1455.npy1134.npy,,,,,0,0,2500,2500,,,copied_unchanged
P0/data/dataset/train/4um/HFocusing_5_10_4um_0_1455.npy1135.npy,P0/data/dataset_particles2SNR_clean/train/4um/HFocusing_5_10_4um_0_1455.npy1135.npy,4um,HFocusing_5_10_4um_0_1455.npy1135.npy,,,,,0,0,2500,2500,,,copied_unchanged
P0/data/dataset/train/4um/HFocusing_5_10_4um_0_148.npy1163.npy,P0/data/dataset_particles2SNR_clean/train/4um/HFocusing_5_10_4um_0_148.npy1163.npy,4um,HFocusing_5_10_4um_0_148.npy1163.npy,,,,,0,0,2500,2500,,,copied_unchanged
P0/data/dataset/train/4um/HFocusing_5_10_4um_0_148.npy1164.npy,P0/data/dataset_particles2SNR_clean/train/4um/HFocusing_5_10_4um_0_148.npy1164.npy,4um,HFocusing_5_10_4um_0_148.npy1164.npy,,,,,0,0,2500,2500,,,copied_unchanged
P0/data/dataset/train/4um/HFocusing_5_10_4um_0_156.npy1220.npy,P0/data/dataset_particles2SNR_clean/train/4um/HFocusing_5_10_4um_0_156.npy1220.npy,4um,HFocusing_5_10_4um_0_156.npy1220.npy,,,,,0,0,2500,2500,,,copied_unchanged
P0/data/dataset/train/4um/HFocusing_5_10_4um_0_167.npy1332.npy,P0/data/dataset_particles2SNR_clean/train/4um/HFocusing_5_10_4um_0_167.npy1332.npy,4um,HFocusing_5_10_4um_0_167.npy1332.npy,,,,,0,0,2500,2500,,,copied_unchanged
P0/data/dataset/train/4um/HFocusing_5_10_4um_0_169.npy1350.npy,P0/data/dataset_particles2SNR_clean/train/4um/HFocusing_5_10_4um_0_169.npy1350.npy,4um,HFocusing_5_10_4um_0_169.npy1350.npy,,,,,0,0,2500,2500,,,copied_unchanged
P0/data/dataset/train/4um/HFocusing_5_10_4um_0_169.npy1352.npy,P0/data/dataset_particles2SNR_clean/train/4um/HFocusing_5_10_4um_0_169.npy1352.npy,4um,HFocusing_5_10_4um_0_169.npy1352.npy,,,,,0,0,2500,2500,,,copied_unchanged
P0/data/dataset/train/4um/HFocusing_5_10_4um_0_172.npy1384.npy,P0/data/dataset_particles2SNR_clean/train/4um/HFocusing_5_10_4um_0_172.npy1384.npy,4um,HFocusing_5_10_4um_0_172.npy1384.npy,,,,,0,0,2500,2500,,,copied_unchanged
P0/data/dataset/train/4um/HFocusing_5_10_4um_0_172.npy1385.npy,P0/data/dataset_particles2SNR_clean/train/4um/HFocusing_5_10_4um_0_172.npy1385.npy,4um,HFocusing_5_10_4um_0_172.npy1385.npy,,,,,0,0,2500,2500,,,copied_unchanged
P0/data/dataset/train/4um/HFocusing_5_10_4um_0_175.npy1418.npy,P0/data/dataset_particles2SNR_clean/train/4um/HFocusing_5_10_4um_0_175.npy1418.npy,4um,HFocusing_5_10_4um_0_175.npy1418.npy,,,,,0,0,2500,2500,,,copied_unchanged
P0/data/dataset/train/4um/HFocusing_5_10_4um_0_178.npy1447.npy,P0/data/dataset_particles2SNR_clean/train/4um/HFocusing_5_10_4um_0_178.npy1447.npy,4um,HFocusing_5_10_4um_0_178.npy1447.npy,,,,,0,0,2500,2500,,,copied_unchanged
P0/data/dataset/train/4um/HFocusing_5_10_4um_0_196.npy1613.npy,P0/data/dataset_particles2SNR_clean/train/4um/HFocusing_5_10_4um_0_196.npy1613.npy,4um,HFocusing_5_10_4um_0_196.npy1613.npy,,,,,0,0,2500,2500,,,copied_unchanged
P0/data/dataset/train/4um/HFocusing_5_10_4um_0_199.npy1644.npy,P0/data/dataset_particles2SNR_clean/train/4um/HFocusing_5_10_4um_0_199.npy1644.npy,4um,HFocusing_5_10_4um_0_199.npy1644.npy,,,,,0,0,2500,2500,,,copied_unchanged
P0/data/dataset/train/4um/HFocusing_5_10_4um_0_199.npy1645.npy,P0/data/dataset_particles2SNR_clean/train/4um/HFocusing_5_10_4um_0_199.npy1645.npy,4um,HFocusing_5_10_4um_0_199.npy1645.npy,,,,,0,0,2500,2500,,,copied_unchanged
P0/data/dataset/train/4um/HFocusing_5_10_4um_0_215.npy1709.npy,P0/data/dataset_particles2SNR_clean/train/4um/HFocusing_5_10_4um_0_215.npy1709.npy,4um,HFocusing_5_10_4um_0_215.npy1709.npy,,,,,0,0,2500,2500,,,copied_unchanged
P0/data/dataset/train/4um/HFocusing_5_10_4um_0_222.npy1710.npy,P0/data/dataset_particles2SNR_clean/train/4um/HFocusing_5_10_4um_0_222.npy1710.npy,4um,HFocusing_5_10_4um_0_222.npy1710.npy,,,,,0,0,2500,2500,,,copied_unchanged
P0/data/dataset/train/4um/HFocusing_5_10_4um_0_223.npy1711.npy,P0/data/dataset_particles2SNR_clean/train/4um/HFocusing_5_10_4um_0_223.npy1711.npy,4um,HFocusing_5_10_4um_0_223.npy1711.npy,,,,,0,0,2500,2500,,,copied_unchanged
P0/data/dataset/train/4um/HFocusing_5_10_4um_0_226.npy1713.npy,P0/data/dataset_particles2SNR_clean/train/4um/HFocusing_5_10_4um_0_226.npy1713.npy,4um,HFocusing_5_10_4um_0_226.npy1713.npy,,,,,0,0,2500,2500,,,copied_unchanged
P0/data/dataset/train/4um/HFocusing_5_10_4um_0_234.npy1719.npy,P0/data/dataset_particles2SNR_clean/train/4um/HFocusing_5_10_4um_0_234.npy1719.npy,4um,HFocusing_5_10_4um_0_234.npy1719.npy,,,,,0,0,2500,2500,,,copied_unchanged
P0/data/dataset/train/4um/HFocusing_5_10_4um_0_234.npy1720.npy,P0/data/dataset_particles2SNR_clean/train/4um/HFocusing_5_10_4um_0_234.npy1720.npy,4um,HFocusing_5_10_4um_0_234.npy1720.npy,,,,,0,0,2500,2500,,,copied_unchanged
P0/data/dataset/train/4um/HFocusing_5_10_4um_0_236.npy1721.npy,P0/data/dataset_particles2SNR_clean/train/4um/HFocusing_5_10_4um_0_236.npy1721.npy,4um,HFocusing_5_10_4um_0_236.npy1721.npy,,,,,0,0,2500,2500,,,copied_unchanged
P0/data/dataset/train/4um/HFocusing_5_10_4um_0_247.npy1729.npy,P0/data/dataset_particles2SNR_clean/train/4um/HFocusing_5_10_4um_0_247.npy1729.npy,4um,HFocusing_5_10_4um_0_247.npy1729.npy,,,,,0,0,2500,2500,,,copied_unchanged
P0/data/dataset/train/4um/HFocusing_5_10_4um_0_247.npy1730.npy,P0/data/dataset_particles2SNR_clean/train/4um/HFocusing_5_10_4um_0_247.npy1730.npy,4um,HFocusing_5_10_4um_0_247.npy1730.npy,,,,,0,0,2500,2500,,,copied_unchanged
P0/data/dataset/train/4um/HFocusing_5_10_4um_0_250.npy1731.npy,P0/data/dataset_particles2SNR_clean/train/4um/HFocusing_5_10_4um_0_250.npy1731.npy,4um,HFocusing_5_10_4um_0_250.npy1731.npy,,,,,0,0,2500,2500,,,copied_unchanged
P0/data/dataset/train/4um/HFocusing_5_10_4um_0_252.npy1734.npy,P0/data/dataset_particles2SNR_clean/train/4um/HFocusing_5_10_4um_0_252.npy1734.npy,4um,HFocusing_5_10_4um_0_252.npy1734.npy,,,,,0,0,2500,2500,,,copied_unchanged
P0/data/dataset/train/4um/HFocusing_5_10_4um_0_252.npy1735.npy,P0/data/dataset_particles2SNR_clean/train/4um/HFocusing_5_10_4um_0_252.npy1735.npy,4um,HFocusing_5_10_4um_0_252.npy1735.npy,,,,,0,0,2500,2500,,,copied_unchanged
P0/data/dataset/train/4um/HFocusing_5_10_4um_0_255.npy1736.npy,P0/data/dataset_particles2SNR_clean/train/4um/HFocusing_5_10_4um_0_255.npy1736.npy,4um,HFocusing_5_10_4um_0_255.npy1736.npy,,,,,0,0,2500,2500,,,copied_unchanged
P0/data/dataset/train/4um/HFocusing_5_10_4um_0_255.npy1737.npy,P0/data/dataset_particles2SNR_clean/train/4um/HFocusing_5_10_4um_0_255.npy1737.npy,4um,HFocusing_5_10_4um_0_255.npy1737.npy,,,,,0,0,2500,2500,,,copied_unchanged
P0/data/dataset/train/4um/HFocusing_5_10_4um_0_258.npy1738.npy,P0/data/dataset_particles2SNR_clean/train/4um/HFocusing_5_10_4um_0_258.npy1738.npy,4um,HFocusing_5_10_4um_0_258.npy1738.npy,,,,,0,0,2500,2500,,,copied_unchanged
P0/data/dataset/train/4um/HFocusing_5_10_4um_0_258.npy1739.npy,P0/data/dataset_particles2SNR_clean/train/4um/HFocusing_5_10_4um_0_258.npy1739.npy,4um,HFocusing_5_10_4um_0_258.npy1739.npy,,,,,0,0,2500,2500,,,copied_unchanged
P0/data/dataset/train/4um/HFocusing_5_10_4um_0_261.npy1740.npy,P0/data/dataset_particles2SNR_clean/train/4um/HFocusing_5_10_4um_0_261.npy1740.npy,4um,HFocusing_5_10_4um_0_261.npy1740.npy,,,,,0,0,2500,2500,,,copied_unchanged
P0/data/dataset/train/4um/HFocusing_5_10_4um_0_261.npy1741.npy,P0/data/dataset_particles2SNR_clean/train/4um/HFocusing_5_10_4um_0_261.npy1741.npy,4um,HFocusing_5_10_4um_0_261.npy1741.npy,,,,,0,0,2500,2500,,,copied_unchanged
P0/data/dataset/train/4um/HFocusing_5_10_4um_0_261.npy1742.npy,P0/data/dataset_particles2SNR_clean/train/4um/HFocusing_5_10_4um_0_261.npy1742.npy,4um,HFocusing_5_10_4um_0_261.npy1742.npy,,,,,0,0,2500,2500,,,copied_unchanged
P0/data/dataset/train/4um/HFocusing_5_10_4um_0_264.npy1743.npy,P0/data/dataset_particles2SNR_clean/train/4um/HFocusing_5_10_4um_0_264.npy1743.npy,4um,HFocusing_5_10_4um_0_264.npy1743.npy,,,,,0,0,2500,2500,,,copied_unchanged
P0/data/dataset/train/4um/HFocusing_5_10_4um_0_264.npy1744.npy,P0/data/dataset_particles2SNR_clean/train/4um/HFocusing_5_10_4um_0_264.npy1744.npy,4um,HFocusing_5_10_4um_0_264.npy1744.npy,,,,,0,0,2500,2500,,,copied_unchanged
P0/data/dataset/train/4um/HFocusing_5_10_4um_0_264.npy1745.npy,P0/data/dataset_particles2SNR_clean/train/4um/HFocusing_5_10_4um_0_264.npy1745.npy,4um,HFocusing_5_10_4um_0_264.npy1745.npy,,,,,0,0,2500,2500,,,copied_unchanged
P0/data/dataset/train/4um/HFocusing_5_10_4um_0_264.npy1746.npy,P0/data/dataset_particles2SNR_clean/train/4um/HFocusing_5_10_4um_0_264.npy1746.npy,4um,HFocusing_5_10_4um_0_264.npy1746.npy,,,,,0,0,2500,2500,,,copied_unchanged
P0/data/dataset/train/4um/HFocusing_5_10_4um_0_267.npy1747.npy,P0/data/dataset_particles2SNR_clean/train/4um/HFocusing_5_10_4um_0_267.npy1747.npy,4um,HFocusing_5_10_4um_0_267.npy1747.npy,,,,,0,0,2500,2500,,,copied_unchanged
P0/data/dataset/train/4um/HFocusing_5_10_4um_0_267.npy1748.npy,P0/data/dataset_particles2SNR_clean/train/4um/HFocusing_5_10_4um_0_267.npy1748.npy,4um,HFocusing_5_10_4um_0_267.npy1748.npy,,,,,0,0,2500,2500,,,copied_unchanged
P0/data/dataset/train/4um/HFocusing_5_10_4um_0_273.npy1753.npy,P0/data/dataset_particles2SNR_clean/train/4um/HFocusing_5_10_4um_0_273.npy1753.npy,4um,HFocusing_5_10_4um_0_273.npy1753.npy,,,,,0,0,2500,2500,,,copied_unchanged
P0/data/dataset/train/4um/HFocusing_5_10_4um_0_276.npy1755.npy,P0/data/dataset_particles2SNR_clean/train/4um/HFocusing_5_10_4um_0_276.npy1755.npy,4um,HFocusing_5_10_4um_0_276.npy1755.npy,,,,,0,0,2500,2500,,,copied_unchanged
P0/data/dataset/train/4um/HFocusing_5_10_4um_0_276.npy1756.npy,P0/data/dataset_particles2SNR_clean/train/4um/HFocusing_5_10_4um_0_276.npy1756.npy,4um,HFocusing_5_10_4um_0_276.npy1756.npy,,,,,0,0,2500,2500,,,copied_unchanged
P0/data/dataset/train/4um/HFocusing_5_10_4um_0_276.npy1757.npy,P0/data/dataset_particles2SNR_clean/train/4um/HFocusing_5_10_4um_0_276.npy1757.npy,4um,HFocusing_5_10_4um_0_276.npy1757.npy,,,,,0,0,2500,2500,,,copied_unchanged
P0/data/dataset/train/4um/HFocusing_5_10_4um_0_283.npy1764.npy,P0/data/dataset_particles2SNR_clean/train/4um/HFocusing_5_10_4um_0_283.npy1764.npy,4um,HFocusing_5_10_4um_0_283.npy1764.npy,,,,,0,0,2500,2500,,,copied_unchanged
P0/data/dataset/train/4um/HFocusing_5_10_4um_0_286.npy1765.npy,P0/data/dataset_particles2SNR_clean/train/4um/HFocusing_5_10_4um_0_286.npy1765.npy,4um,HFocusing_5_10_4um_0_286.npy1765.npy,,,,,0,0,2500,2500,,,copied_unchanged
P0/data/dataset/train/4um/HFocusing_5_10_4um_0_289.npy1766.npy,P0/data/dataset_particles2SNR_clean/train/4um/HFocusing_5_10_4um_0_289.npy1766.npy,4um,HFocusing_5_10_4um_0_289.npy1766.npy,,,,,0,0,2500,2500,,,copied_unchanged
P0/data/dataset/train/4um/HFocusing_5_10_4um_0_295.npy1769.npy,P0/data/dataset_particles2SNR_clean/train/4um/HFocusing_5_10_4um_0_295.npy1769.npy,4um,HFocusing_5_10_4um_0_295.npy1769.npy,,,,,0,0,2500,2500,,,copied_unchanged
P0/data/dataset/train/4um/HFocusing_5_10_4um_0_302.npy1774.npy,P0/data/dataset_particles2SNR_clean/train/4um/HFocusing_5_10_4um_0_302.npy1774.npy,4um,HFocusing_5_10_4um_0_302.npy1774.npy,,,,,0,0,2500,2500,,,copied_unchanged
P0/data/dataset/train/4um/HFocusing_5_10_4um_0_308.npy1775.npy,P0/data/dataset_particles2SNR_clean/train/4um/HFocusing_5_10_4um_0_308.npy1775.npy,4um,HFocusing_5_10_4um_0_308.npy1775.npy,,,,,0,0,2500,2500,,,copied_unchanged
P0/data/dataset/train/4um/HFocusing_5_10_4um_0_31.npy1776.npy,P0/data/dataset_particles2SNR_clean/train/4um/HFocusing_5_10_4um_0_31.npy1776.npy,4um,HFocusing_5_10_4um_0_31.npy1776.npy,,,,,0,0,2500,2500,,,copied_unchanged
P0/data/dataset/train/4um/HFocusing_5_10_4um_0_311.npy1778.npy,P0/data/dataset_particles2SNR_clean/train/4um/HFocusing_5_10_4um_0_311.npy1778.npy,4um,HFocusing_5_10_4um_0_311.npy1778.npy,,,,,0,0,2500,2500,,,copied_unchanged
P0/data/dataset/train/4um/HFocusing_5_10_4um_0_317.npy1780.npy,P0/data/dataset_particles2SNR_clean/train/4um/HFocusing_5_10_4um_0_317.npy1780.npy,4um,HFocusing_5_10_4um_0_317.npy1780.npy,,,,,0,0,2500,2500,,,copied_unchanged
P0/data/dataset/train/4um/HFocusing_5_10_4um_0_323.npy1783.npy,P0/data/dataset_particles2SNR_clean/train/4um/HFocusing_5_10_4um_0_323.npy1783.npy,4um,HFocusing_5_10_4um_0_323.npy1783.npy,,,,,0,0,2500,2500,,,copied_unchanged
P0/data/dataset/train/4um/HFocusing_5_10_4um_0_326.npy1784.npy,P0/data/dataset_particles2SNR_clean/train/4um/HFocusing_5_10_4um_0_326.npy1784.npy,4um,HFocusing_5_10_4um_0_326.npy1784.npy,,,,,0,0,2500,2500,,,copied_unchanged
P0/data/dataset/train/4um/HFocusing_5_10_4um_0_332.npy1787.npy,P0/data/dataset_particles2SNR_clean/train/4um/HFocusing_5_10_4um_0_332.npy1787.npy,4um,HFocusing_5_10_4um_0_332.npy1787.npy,,,,,0,0,2500,2500,,,copied_unchanged
P0/data/dataset/train/4um/HFocusing_5_10_4um_0_339.npy1789.npy,P0/data/dataset_particles2SNR_clean/train/4um/HFocusing_5_10_4um_0_339.npy1789.npy,4um,HFocusing_5_10_4um_0_339.npy1789.npy,,,,,0,0,2500,2500,,,copied_unchanged
P0/data/dataset/train/4um/HFocusing_5_10_4um_0_339.npy1790.npy,P0/data/dataset_particles2SNR_clean/train/4um/HFocusing_5_10_4um_0_339.npy1790.npy,4um,HFocusing_5_10_4um_0_339.npy1790.npy,,,,,0,0,2500,2500,,,copied_unchanged
P0/data/dataset/train/4um/HFocusing_5_10_4um_0_339.npy1791.npy,P0/data/dataset_particles2SNR_clean/train/4um/HFocusing_5_10_4um_0_339.npy1791.npy,4um,HFocusing_5_10_4um_0_339.npy1791.npy,,,,,0,0,2500,2500,,,copied_unchanged
P0/data/dataset/train/4um/HFocusing_5_10_4um_0_342.npy1793.npy,P0/data/dataset_particles2SNR_clean/train/4um/HFocusing_5_10_4um_0_342.npy1793.npy,4um,HFocusing_5_10_4um_0_342.npy1793.npy,,,,,0,0,2500,2500,,,copied_unchanged
P0/data/dataset/train/4um/HFocusing_5_10_4um_0_347.npy1796.npy,P0/data/dataset_particles2SNR_clean/train/4um/HFocusing_5_10_4um_0_347.npy1796.npy,4um,HFocusing_5_10_4um_0_347.npy1796.npy,,,,,0,0,2500,2500,,,copied_unchanged
P0/data/dataset/train/4um/HFocusing_5_10_4um_0_347.npy1797.npy,P0/data/dataset_particles2SNR_clean/train/4um/HFocusing_5_10_4um_0_347.npy1797.npy,4um,HFocusing_5_10_4um_0_347.npy1797.npy,,,,,0,0,2500,2500,,,copied_unchanged
P0/data/dataset/train/4um/HFocusing_5_10_4um_0_347.npy1798.npy,P0/data/dataset_particles2SNR_clean/train/4um/HFocusing_5_10_4um_0_347.npy1798.npy,4um,HFocusing_5_10_4um_0_347.npy1798.npy,,,,,0,0,2500,2500,,,copied_unchanged
P0/data/dataset/train/4um/HFocusing_5_10_4um_0_362.npy1807.npy,P0/data/dataset_particles2SNR_clean/train/4um/HFocusing_5_10_4um_0_362.npy1807.npy,4um,HFocusing_5_10_4um_0_362.npy1807.npy,,,,,0,0,2500,2500,,,copied_unchanged
P0/data/dataset/train/4um/HFocusing_5_10_4um_0_364.npy1808.npy,P0/data/dataset_particles2SNR_clean/train/4um/HFocusing_5_10_4um_0_364.npy1808.npy,4um,HFocusing_5_10_4um_0_364.npy1808.npy,,,,,0,0,2500,2500,,,copied_unchanged
P0/data/dataset/train/4um/HFocusing_5_10_4um_0_364.npy1809.npy,P0/data/dataset_particles2SNR_clean/train/4um/HFocusing_5_10_4um_0_364.npy1809.npy,4um,HFocusing_5_10_4um_0_364.npy1809.npy,,,,,0,0,2500,2500,,,copied_unchanged
P0/data/dataset/train/4um/HFocusing_5_10_4um_0_373.npy1815.npy,P0/data/dataset_particles2SNR_clean/train/4um/HFocusing_5_10_4um_0_373.npy1815.npy,4um,HFocusing_5_10_4um_0_373.npy1815.npy,,,,,0,0,2500,2500,,,copied_unchanged
P0/data/dataset/train/4um/HFocusing_5_10_4um_0_38.npy1821.npy,P0/data/dataset_particles2SNR_clean/train/4um/HFocusing_5_10_4um_0_38.npy1821.npy,4um,HFocusing_5_10_4um_0_38.npy1821.npy,,,,,0,0,2500,2500,,,copied_unchanged
P0/data/dataset/train/4um/HFocusing_5_10_4um_0_390.npy1827.npy,P0/data/dataset_particles2SNR_clean/train/4um/HFocusing_5_10_4um_0_390.npy1827.npy,4um,HFocusing_5_10_4um_0_390.npy1827.npy,,,,,0,0,2500,2500,,,copied_unchanged
P0/data/dataset/train/4um/HFocusing_5_10_4um_0_390.npy1828.npy,P0/data/dataset_particles2SNR_clean/train/4um/HFocusing_5_10_4um_0_390.npy1828.npy,4um,HFocusing_5_10_4um_0_390.npy1828.npy,,,,,0,0,2500,2500,,,copied_unchanged
P0/data/dataset/train/4um/HFocusing_5_10_4um_0_390.npy1829.npy,P0/data/dataset_particles2SNR_clean/train/4um/HFocusing_5_10_4um_0_390.npy1829.npy,4um,HFocusing_5_10_4um_0_390.npy1829.npy,,,,,0,0,2500,2500,,,copied_unchanged
P0/data/dataset/train/4um/HFocusing_5_10_4um_0_390.npy1830.npy,P0/data/dataset_particles2SNR_clean/train/4um/HFocusing_5_10_4um_0_390.npy1830.npy,4um,HFocusing_5_10_4um_0_390.npy1830.npy,,,,,0,0,2500,2500,,,copied_unchanged
P0/data/dataset/train/4um/HFocusing_5_10_4um_0_401.npy1840.npy,P0/data/dataset_particles2SNR_clean/train/4um/HFocusing_5_10_4um_0_401.npy1840.npy,4um,HFocusing_5_10_4um_0_401.npy1840.npy,,,,,0,0,2500,2500,,,copied_unchanged
P0/data/dataset/train/4um/HFocusing_5_10_4um_0_401.npy1841.npy,P0/data/dataset_particles2SNR_clean/train/4um/HFocusing_5_10_4um_0_401.npy1841.npy,4um,HFocusing_5_10_4um_0_401.npy1841.npy,,,,,0,0,2500,2500,,,copied_unchanged
P0/data/dataset/train/4um/HFocusing_5_10_4um_0_407.npy1843.npy,P0/data/dataset_particles2SNR_clean/train/4um/HFocusing_5_10_4um_0_407.npy1843.npy,4um,HFocusing_5_10_4um_0_407.npy1843.npy,,,,,0,0,2500,2500,,,copied_unchanged
P0/data/dataset/train/4um/HFocusing_5_10_4um_0_410.npy1844.npy,P0/data/dataset_particles2SNR_clean/train/4um/HFocusing_5_10_4um_0_410.npy1844.npy,4um,HFocusing_5_10_4um_0_410.npy1844.npy,,,,,0,0,2500,2500,,,copied_unchanged
P0/data/dataset/train/4um/HFocusing_5_10_4um_0_419.npy1849.npy,P0/data/dataset_particles2SNR_clean/train/4um/HFocusing_5_10_4um_0_419.npy1849.npy,4um,HFocusing_5_10_4um_0_419.npy1849.npy,,,,,0,0,2500,2500,,,copied_unchanged
P0/data/dataset/train/4um/HFocusing_5_10_4um_0_42.npy1850.npy,P0/data/dataset_particles2SNR_clean/train/4um/HFocusing_5_10_4um_0_42.npy1850.npy,4um,HFocusing_5_10_4um_0_42.npy1850.npy,,,,,0,0,2500,2500,,,copied_unchanged
P0/data/dataset/train/4um/HFocusing_5_10_4um_0_431.npy1863.npy,P0/data/dataset_particles2SNR_clean/train/4um/HFocusing_5_10_4um_0_431.npy1863.npy,4um,HFocusing_5_10_4um_0_431.npy1863.npy,,,,,0,0,2500,2500,,,copied_unchanged
P0/data/dataset/train/4um/HFocusing_5_10_4um_0_431.npy1864.npy,P0/data/dataset_particles2SNR_clean/train/4um/HFocusing_5_10_4um_0_431.npy1864.npy,4um,HFocusing_5_10_4um_0_431.npy1864.npy,,,,,0,0,2500,2500,,,copied_unchanged
P0/data/dataset/train/4um/HFocusing_5_10_4um_0_437.npy1868.npy,P0/data/dataset_particles2SNR_clean/train/4um/HFocusing_5_10_4um_0_437.npy1868.npy,4um,HFocusing_5_10_4um_0_437.npy1868.npy,,,,,0,0,2500,2500,,,copied_unchanged
P0/data/dataset/train/4um/HFocusing_5_10_4um_0_440.npy1869.npy,P0/data/dataset_particles2SNR_clean/train/4um/HFocusing_5_10_4um_0_440.npy1869.npy,4um,HFocusing_5_10_4um_0_440.npy1869.npy,,,,,0,0,2500,2500,,,copied_unchanged
P0/data/dataset/train/4um/HFocusing_5_10_4um_0_444.npy1872.npy,P0/data/dataset_particles2SNR_clean/train/4um/HFocusing_5_10_4um_0_444.npy1872.npy,4um,HFocusing_5_10_4um_0_444.npy1872.npy,,,,,0,0,2500,2500,,,copied_unchanged
P0/data/dataset/train/4um/HFocusing_5_10_4um_0_454.npy1880.npy,P0/data/dataset_particles2SNR_clean/train/4um/HFocusing_5_10_4um_0_454.npy1880.npy,4um,HFocusing_5_10_4um_0_454.npy1880.npy,,,,,0,0,2500,2500,,,copied_unchanged
P0/data/dataset/train/4um/HFocusing_5_10_4um_0_460.npy1882.npy,P0/data/dataset_particles2SNR_clean/train/4um/HFocusing_5_10_4um_0_460.npy1882.npy,4um,HFocusing_5_10_4um_0_460.npy1882.npy,,,,,0,0,2500,2500,,,copied_unchanged
P0/data/dataset/train/4um/HFocusing_5_10_4um_0_460.npy1883.npy,P0/data/dataset_particles2SNR_clean/train/4um/HFocusing_5_10_4um_0_460.npy1883.npy,4um,HFocusing_5_10_4um_0_460.npy1883.npy,,,,,0,0,2500,2500,,,copied_unchanged
P0/data/dataset/train/4um/HFocusing_5_10_4um_0_463.npy1884.npy,P0/data/dataset_particles2SNR_clean/train/4um/HFocusing_5_10_4um_0_463.npy1884.npy,4um,HFocusing_5_10_4um_0_463.npy1884.npy,,,,,0,0,2500,2500,,,copied_unchanged
P0/data/dataset/train/4um/HFocusing_5_10_4um_0_466.npy1885.npy,P0/data/dataset_particles2SNR_clean/train/4um/HFocusing_5_10_4um_0_466.npy1885.npy,4um,HFocusing_5_10_4um_0_466.npy1885.npy,,,,,0,0,2500,2500,,,copied_unchanged
P0/data/dataset/train/4um/HFocusing_5_10_4um_0_466.npy1886.npy,P0/data/dataset_particles2SNR_clean/train/4um/HFocusing_5_10_4um_0_466.npy1886.npy,4um,HFocusing_5_10_4um_0_466.npy1886.npy,,,,,0,0,2500,2500,,,copied_unchanged
P0/data/dataset/train/4um/HFocusing_5_10_4um_0_466.npy1887.npy,P0/data/dataset_particles2SNR_clean/train/4um/HFocusing_5_10_4um_0_466.npy1887.npy,4um,HFocusing_5_10_4um_0_466.npy1887.npy,,,,,0,0,2500,2500,,,copied_unchanged
P0/data/dataset/train/4um/HFocusing_5_10_4um_0_469.npy1888.npy,P0/data/dataset_particles2SNR_clean/train/4um/HFocusing_5_10_4um_0_469.npy1888.npy,4um,HFocusing_5_10_4um_0_469.npy1888.npy,,,,,0,0,2500,2500,,,copied_unchanged
P0/data/dataset/train/4um/HFocusing_5_10_4um_0_469.npy1889.npy,P0/data/dataset_particles2SNR_clean/train/4um/HFocusing_5_10_4um_0_469.npy1889.npy,4um,HFocusing_5_10_4um_0_469.npy1889.npy,,,,,0,0,2500,2500,,,copied_unchanged
P0/data/dataset/train/4um/HFocusing_5_10_4um_0_469.npy1890.npy,P0/data/dataset_particles2SNR_clean/train/4um/HFocusing_5_10_4um_0_469.npy1890.npy,4um,HFocusing_5_10_4um_0_469.npy1890.npy,,,,,0,0,2500,2500,,,copied_unchanged
P0/data/dataset/train/4um/HFocusing_5_10_4um_0_474.npy1894.npy,P0/data/dataset_particles2SNR_clean/train/4um/HFocusing_5_10_4um_0_474.npy1894.npy,4um,HFocusing_5_10_4um_0_474.npy1894.npy,,,,,0,0,2500,2500,,,copied_unchanged
P0/data/dataset/train/4um/HFocusing_5_10_4um_0_474.npy1895.npy,P0/data/dataset_particles2SNR_clean/train/4um/HFocusing_5_10_4um_0_474.npy1895.npy,4um,HFocusing_5_10_4um_0_474.npy1895.npy,,,,,0,0,2500,2500,,,copied_unchanged
P0/data/dataset/train/4um/HFocusing_5_10_4um_0_48.npy1896.npy,P0/data/dataset_particles2SNR_clean/train/4um/HFocusing_5_10_4um_0_48.npy1896.npy,4um,HFocusing_5_10_4um_0_48.npy1896.npy,,,,,0,0,2500,2500,,,copied_unchanged
P0/data/dataset/train/4um/HFocusing_5_10_4um_0_480.npy1897.npy,P0/data/dataset_particles2SNR_clean/train/4um/HFocusing_5_10_4um_0_480.npy1897.npy,4um,HFocusing_5_10_4um_0_480.npy1897.npy,,,,,0,0,2500,2500,,,copied_unchanged
P0/data/dataset/train/4um/HFocusing_5_10_4um_0_480.npy1898.npy,P0/data/dataset_particles2SNR_clean/train/4um/HFocusing_5_10_4um_0_480.npy1898.npy,4um,HFocusing_5_10_4um_0_480.npy1898.npy,,,,,0,0,2500,2500,,,copied_unchanged
P0/data/dataset/train/4um/HFocusing_5_10_4um_0_480.npy1899.npy,P0/data/dataset_particles2SNR_clean/train/4um/HFocusing_5_10_4um_0_480.npy1899.npy,4um,HFocusing_5_10_4um_0_480.npy1899.npy,,,,,0,0,2500,2500,,,copied_unchanged
P0/data/dataset/train/4um/HFocusing_5_10_4um_0_484.npy1902.npy,P0/data/dataset_particles2SNR_clean/train/4um/HFocusing_5_10_4um_0_484.npy1902.npy,4um,HFocusing_5_10_4um_0_484.npy1902.npy,,,,,0,0,2500,2500,,,copied_unchanged
P0/data/dataset/train/4um/HFocusing_5_10_4um_0_492.npy1907.npy,P0/data/dataset_particles2SNR_clean/train/4um/HFocusing_5_10_4um_0_492.npy1907.npy,4um,HFocusing_5_10_4um_0_492.npy1907.npy,,,,,0,0,2500,2500,,,copied_unchanged
P0/data/dataset/train/4um/HFocusing_5_10_4um_0_492.npy1908.npy,P0/data/dataset_particles2SNR_clean/train/4um/HFocusing_5_10_4um_0_492.npy1908.npy,4um,HFocusing_5_10_4um_0_492.npy1908.npy,,,,,0,0,2500,2500,,,copied_unchanged
P0/data/dataset/train/4um/HFocusing_5_10_4um_0_492.npy1909.npy,P0/data/dataset_particles2SNR_clean/train/4um/HFocusing_5_10_4um_0_492.npy1909.npy,4um,HFocusing_5_10_4um_0_492.npy1909.npy,,,,,0,0,2500,2500,,,copied_unchanged
P0/data/dataset/train/4um/HFocusing_5_10_4um_0_518.npy1928.npy,P0/data/dataset_particles2SNR_clean/train/4um/HFocusing_5_10_4um_0_518.npy1928.npy,4um,HFocusing_5_10_4um_0_518.npy1928.npy,,,,,0,0,2500,2500,,,copied_unchanged
P0/data/dataset/train/4um/HFocusing_5_10_4um_0_52.npy1930.npy,P0/data/dataset_particles2SNR_clean/train/4um/HFocusing_5_10_4um_0_52.npy1930.npy,4um,HFocusing_5_10_4um_0_52.npy1930.npy,,,,,0,0,2500,2500,,,copied_unchanged
P0/data/dataset/train/4um/HFocusing_5_10_4um_0_525.npy1935.npy,P0/data/dataset_particles2SNR_clean/train/4um/HFocusing_5_10_4um_0_525.npy1935.npy,4um,HFocusing_5_10_4um_0_525.npy1935.npy,,,,,0,0,2500,2500,,,copied_unchanged
P0/data/dataset/train/4um/HFocusing_5_10_4um_0_534.npy1940.npy,P0/data/dataset_particles2SNR_clean/train/4um/HFocusing_5_10_4um_0_534.npy1940.npy,4um,HFocusing_5_10_4um_0_534.npy1940.npy,,,,,0,0,2500,2500,,,copied_unchanged
P0/data/dataset/train/4um/HFocusing_5_10_4um_0_534.npy1941.npy,P0/data/dataset_particles2SNR_clean/train/4um/HFocusing_5_10_4um_0_534.npy1941.npy,4um,HFocusing_5_10_4um_0_534.npy1941.npy,,,,,0,0,2500,2500,,,copied_unchanged
P0/data/dataset/train/4um/HFocusing_5_10_4um_0_537.npy1943.npy,P0/data/dataset_particles2SNR_clean/train/4um/HFocusing_5_10_4um_0_537.npy1943.npy,4um,HFocusing_5_10_4um_0_537.npy1943.npy,,,,,0,0,2500,2500,,,copied_unchanged
P0/data/dataset/train/4um/HFocusing_5_10_4um_0_537.npy1944.npy,P0/data/dataset_particles2SNR_clean/train/4um/HFocusing_5_10_4um_0_537.npy1944.npy,4um,HFocusing_5_10_4um_0_537.npy1944.npy,,,,,0,0,2500,2500,,,copied_unchanged
P0/data/dataset/train/4um/HFocusing_5_10_4um_0_540.npy1946.npy,P0/data/dataset_particles2SNR_clean/train/4um/HFocusing_5_10_4um_0_540.npy1946.npy,4um,HFocusing_5_10_4um_0_540.npy1946.npy,,,,,0,0,2500,2500,,,copied_unchanged
P0/data/dataset/train/4um/HFocusing_5_10_4um_0_543.npy1948.npy,P0/data/dataset_particles2SNR_clean/train/4um/HFocusing_5_10_4um_0_543.npy1948.npy,4um,HFocusing_5_10_4um_0_543.npy1948.npy,,,,,0,0,2500,2500,,,copied_unchanged
P0/data/dataset/train/4um/HFocusing_5_10_4um_0_543.npy1949.npy,P0/data/dataset_particles2SNR_clean/train/4um/HFocusing_5_10_4um_0_543.npy1949.npy,4um,HFocusing_5_10_4um_0_543.npy1949.npy,,,,,0,0,2500,2500,,,copied_unchanged
P0/data/dataset/train/4um/HFocusing_5_10_4um_0_546.npy1951.npy,P0/data/dataset_particles2SNR_clean/train/4um/HFocusing_5_10_4um_0_546.npy1951.npy,4um,HFocusing_5_10_4um_0_546.npy1951.npy,,,,,0,0,2500,2500,,,copied_unchanged
P0/data/dataset/train/4um/HFocusing_5_10_4um_0_549.npy1952.npy,P0/data/dataset_particles2SNR_clean/train/4um/HFocusing_5_10_4um_0_549.npy1952.npy,4um,HFocusing_5_10_4um_0_549.npy1952.npy,,,,,0,0,2500,2500,,,copied_unchanged
P0/data/dataset/train/4um/HFocusing_5_10_4um_0_549.npy1954.npy,P0/data/dataset_particles2SNR_clean/train/4um/HFocusing_5_10_4um_0_549.npy1954.npy,4um,HFocusing_5_10_4um_0_549.npy1954.npy,,,,,0,0,2500,2500,,,copied_unchanged
P0/data/dataset/train/4um/HFocusing_5_10_4um_0_55.npy1955.npy,P0/data/dataset_particles2SNR_clean/train/4um/HFocusing_5_10_4um_0_55.npy1955.npy,4um,HFocusing_5_10_4um_0_55.npy1955.npy,,,,,0,0,2500,2500,,,copied_unchanged
P0/data/dataset/train/4um/HFocusing_5_10_4um_0_555.npy1957.npy,P0/data/dataset_particles2SNR_clean/train/4um/HFocusing_5_10_4um_0_555.npy1957.npy,4um,HFocusing_5_10_4um_0_555.npy1957.npy,,,,,0,0,2500,2500,,,copied_unchanged
P0/data/dataset/train/4um/HFocusing_5_10_4um_0_555.npy1958.npy,P0/data/dataset_particles2SNR_clean/train/4um/HFocusing_5_10_4um_0_555.npy1958.npy,4um,HFocusing_5_10_4um_0_555.npy1958.npy,,,,,0,0,2500,2500,,,copied_unchanged
P0/data/dataset/train/4um/HFocusing_5_10_4um_0_564.npy1962.npy,P0/data/dataset_particles2SNR_clean/train/4um/HFocusing_5_10_4um_0_564.npy1962.npy,4um,HFocusing_5_10_4um_0_564.npy1962.npy,,,,,0,0,2500,2500,,,copied_unchanged
P0/data/dataset/train/4um/HFocusing_5_10_4um_0_573.npy1965.npy,P0/data/dataset_particles2SNR_clean/train/4um/HFocusing_5_10_4um_0_573.npy1965.npy,4um,HFocusing_5_10_4um_0_573.npy1965.npy,,,,,0,0,2500,2500,,,copied_unchanged
P0/data/dataset/train/4um/HFocusing_5_10_4um_0_579.npy1968.npy,P0/data/dataset_particles2SNR_clean/train/4um/HFocusing_5_10_4um_0_579.npy1968.npy,4um,HFocusing_5_10_4um_0_579.npy1968.npy,,,,,0,0,2500,2500,,,copied_unchanged
P0/data/dataset/train/4um/HFocusing_5_10_4um_0_585.npy1971.npy,P0/data/dataset_particles2SNR_clean/train/4um/HFocusing_5_10_4um_0_585.npy1971.npy,4um,HFocusing_5_10_4um_0_585.npy1971.npy,,,,,0,0,2500,2500,,,copied_unchanged
P0/data/dataset/train/4um/HFocusing_5_10_4um_0_588.npy1973.npy,P0/data/dataset_particles2SNR_clean/train/4um/HFocusing_5_10_4um_0_588.npy1973.npy,4um,HFocusing_5_10_4um_0_588.npy1973.npy,,,,,0,0,2500,2500,,,copied_unchanged
P0/data/dataset/train/4um/HFocusing_5_10_4um_0_588.npy1974.npy,P0/data/dataset_particles2SNR_clean/train/4um/HFocusing_5_10_4um_0_588.npy1974.npy,4um,HFocusing_5_10_4um_0_588.npy1974.npy,,,,,0,0,2500,2500,,,copied_unchanged
P0/data/dataset/train/4um/HFocusing_5_10_4um_0_591.npy1975.npy,P0/data/dataset_particles2SNR_clean/train/4um/HFocusing_5_10_4um_0_591.npy1975.npy,4um,HFocusing_5_10_4um_0_591.npy1975.npy,,,,,0,0,2500,2500,,,copied_unchanged
P0/data/dataset/train/4um/HFocusing_5_10_4um_0_596.npy1982.npy,P0/data/dataset_particles2SNR_clean/train/4um/HFocusing_5_10_4um_0_596.npy1982.npy,4um,HFocusing_5_10_4um_0_596.npy1982.npy,,,,,0,0,2500,2500,,,copied_unchanged
P0/data/dataset/train/4um/HFocusing_5_10_4um_0_597.npy1984.npy,P0/data/dataset_particles2SNR_clean/train/4um/HFocusing_5_10_4um_0_597.npy1984.npy,4um,HFocusing_5_10_4um_0_597.npy1984.npy,,,,,0,0,2500,2500,,,copied_unchanged
P0/data/dataset/train/4um/HFocusing_5_10_4um_0_600.npy1988.npy,P0/data/dataset_particles2SNR_clean/train/4um/HFocusing_5_10_4um_0_600.npy1988.npy,4um,HFocusing_5_10_4um_0_600.npy1988.npy,,,,,0,0,2500,2500,,,copied_unchanged
P0/data/dataset/train/4um/HFocusing_5_10_4um_0_603.npy1993.npy,P0/data/dataset_particles2SNR_clean/train/4um/HFocusing_5_10_4um_0_603.npy1993.npy,4um,HFocusing_5_10_4um_0_603.npy1993.npy,,,,,0,0,2500,2500,,,copied_unchanged
P0/data/dataset/train/4um/HFocusing_5_10_4um_0_609.npy1996.npy,P0/data/dataset_particles2SNR_clean/train/4um/HFocusing_5_10_4um_0_609.npy1996.npy,4um,HFocusing_5_10_4um_0_609.npy1996.npy,,,,,0,0,2500,2500,,,copied_unchanged
P0/data/dataset/train/4um/HFocusing_5_10_4um_0_609.npy1997.npy,P0/data/dataset_particles2SNR_clean/train/4um/HFocusing_5_10_4um_0_609.npy1997.npy,4um,HFocusing_5_10_4um_0_609.npy1997.npy,,,,,0,0,2500,2500,,,copied_unchanged
P0/data/dataset/train/4um/HFocusing_5_10_4um_0_609.npy1998.npy,P0/data/dataset_particles2SNR_clean/train/4um/HFocusing_5_10_4um_0_609.npy1998.npy,4um,HFocusing_5_10_4um_0_609.npy1998.npy,,,,,0,0,2500,2500,,,copied_unchanged
P0/data/dataset/train/4um/HFocusing_5_10_4um_0_609.npy1999.npy,P0/data/dataset_particles2SNR_clean/train/4um/HFocusing_5_10_4um_0_609.npy1999.npy,4um,HFocusing_5_10_4um_0_609.npy1999.npy,,,,,0,0,2500,2500,,,copied_unchanged
P0/data/dataset/train/4um/HFocusing_5_10_4um_0_61.npy2000.npy,P0/data/dataset_particles2SNR_clean/train/4um/HFocusing_5_10_4um_0_61.npy2000.npy,4um,HFocusing_5_10_4um_0_61.npy2000.npy,,,,,0,0,2500,2500,,,copied_unchanged
P0/data/dataset/train/4um/HFocusing_5_10_4um_0_618.npy2005.npy,P0/data/dataset_particles2SNR_clean/train/4um/HFocusing_5_10_4um_0_618.npy2005.npy,4um,HFocusing_5_10_4um_0_618.npy2005.npy,,,,,0,0,2500,2500,,,copied_unchanged
P0/data/dataset/train/4um/HFocusing_5_10_4um_0_624.npy2009.npy,P0/data/dataset_particles2SNR_clean/train/4um/HFocusing_5_10_4um_0_624.npy2009.npy,4um,HFocusing_5_10_4um_0_624.npy2009.npy,,,,,0,0,2500,2500,,,copied_unchanged
P0/data/dataset/train/4um/HFocusing_5_10_4um_0_624.npy2011.npy,P0/data/dataset_particles2SNR_clean/train/4um/HFocusing_5_10_4um_0_624.npy2011.npy,4um,HFocusing_5_10_4um_0_624.npy2011.npy,,,,,0,0,2500,2500,,,copied_unchanged
P0/data/dataset/train/4um/HFocusing_5_10_4um_0_629.npy2013.npy,P0/data/dataset_particles2SNR_clean/train/4um/HFocusing_5_10_4um_0_629.npy2013.npy,4um,HFocusing_5_10_4um_0_629.npy2013.npy,,,,,0,0,2500,2500,,,copied_unchanged
P0/data/dataset/train/4um/HFocusing_5_10_4um_0_639.npy2016.npy,P0/data/dataset_particles2SNR_clean/train/4um/HFocusing_5_10_4um_0_639.npy2016.npy,4um,HFocusing_5_10_4um_0_639.npy2016.npy,,,,,0,0,2500,2500,,,copied_unchanged
P0/data/dataset/train/4um/HFocusing_5_10_4um_0_642.npy2018.npy,P0/data/dataset_particles2SNR_clean/train/4um/HFocusing_5_10_4um_0_642.npy2018.npy,4um,HFocusing_5_10_4um_0_642.npy2018.npy,,,,,0,0,2500,2500,,,copied_unchanged
P0/data/dataset/train/4um/HFocusing_5_10_4um_0_642.npy2019.npy,P0/data/dataset_particles2SNR_clean/train/4um/HFocusing_5_10_4um_0_642.npy2019.npy,4um,HFocusing_5_10_4um_0_642.npy2019.npy,,,,,0,0,2500,2500,,,copied_unchanged
P0/data/dataset/train/4um/HFocusing_5_10_4um_0_642.npy2020.npy,P0/data/dataset_particles2SNR_clean/train/4um/HFocusing_5_10_4um_0_642.npy2020.npy,4um,HFocusing_5_10_4um_0_642.npy2020.npy,,,,,0,0,2500,2500,,,copied_unchanged
P0/data/dataset/train/4um/HFocusing_5_10_4um_0_645.npy2022.npy,P0/data/dataset_particles2SNR_clean/train/4um/HFocusing_5_10_4um_0_645.npy2022.npy,4um,HFocusing_5_10_4um_0_645.npy2022.npy,,,,,0,0,2500,2500,,,copied_unchanged
P0/data/dataset/train/4um/HFocusing_5_10_4um_0_654.npy2029.npy,P0/data/dataset_particles2SNR_clean/train/4um/HFocusing_5_10_4um_0_654.npy2029.npy,4um,HFocusing_5_10_4um_0_654.npy2029.npy,,,,,0,0,2500,2500,,,copied_unchanged
P0/data/dataset/train/4um/HFocusing_5_10_4um_0_657.npy2031.npy,P0/data/dataset_particles2SNR_clean/train/4um/HFocusing_5_10_4um_0_657.npy2031.npy,4um,HFocusing_5_10_4um_0_657.npy2031.npy,,,,,0,0,2500,2500,,,copied_unchanged
P0/data/dataset/train/4um/HFocusing_5_10_4um_0_657.npy2032.npy,P0/data/dataset_particles2SNR_clean/train/4um/HFocusing_5_10_4um_0_657.npy2032.npy,4um,HFocusing_5_10_4um_0_657.npy2032.npy,,,,,0,0,2500,2500,,,copied_unchanged
P0/data/dataset/train/4um/HFocusing_5_10_4um_0_660.npy2034.npy,P0/data/dataset_particles2SNR_clean/train/4um/HFocusing_5_10_4um_0_660.npy2034.npy,4um,HFocusing_5_10_4um_0_660.npy2034.npy,,,,,0,0,2500,2500,,,copied_unchanged
P0/data/dataset/train/4um/HFocusing_5_10_4um_0_660.npy2035.npy,P0/data/dataset_particles2SNR_clean/train/4um/HFocusing_5_10_4um_0_660.npy2035.npy,4um,HFocusing_5_10_4um_0_660.npy2035.npy,,,,,0,0,2500,2500,,,copied_unchanged
P0/data/dataset/train/4um/HFocusing_5_10_4um_0_663.npy2036.npy,P0/data/dataset_particles2SNR_clean/train/4um/HFocusing_5_10_4um_0_663.npy2036.npy,4um,HFocusing_5_10_4um_0_663.npy2036.npy,,,,,0,0,2500,2500,,,copied_unchanged
P0/data/dataset/train/4um/HFocusing_5_10_4um_0_673.npy2042.npy,P0/data/dataset_particles2SNR_clean/train/4um/HFocusing_5_10_4um_0_673.npy2042.npy,4um,HFocusing_5_10_4um_0_673.npy2042.npy,,,,,0,0,2500,2500,,,copied_unchanged
P0/data/dataset/train/4um/HFocusing_5_10_4um_0_682.npy2048.npy,P0/data/dataset_particles2SNR_clean/train/4um/HFocusing_5_10_4um_0_682.npy2048.npy,4um,HFocusing_5_10_4um_0_682.npy2048.npy,,,,,0,0,2500,2500,,,copied_unchanged
P0/data/dataset/train/4um/HFocusing_5_10_4um_0_682.npy2049.npy,P0/data/dataset_particles2SNR_clean/train/4um/HFocusing_5_10_4um_0_682.npy2049.npy,4um,HFocusing_5_10_4um_0_682.npy2049.npy,,,,,0,0,2500,2500,,,copied_unchanged
P0/data/dataset/train/4um/HFocusing_5_10_4um_0_685.npy2052.npy,P0/data/dataset_particles2SNR_clean/train/4um/HFocusing_5_10_4um_0_685.npy2052.npy,4um,HFocusing_5_10_4um_0_685.npy2052.npy,,,,,0,0,2500,2500,,,copied_unchanged
P0/data/dataset/train/4um/HFocusing_5_10_4um_0_685.npy2053.npy,P0/data/dataset_particles2SNR_clean/train/4um/HFocusing_5_10_4um_0_685.npy2053.npy,4um,HFocusing_5_10_4um_0_685.npy2053.npy,,,,,0,0,2500,2500,,,copied_unchanged
P0/data/dataset/train/4um/HFocusing_5_10_4um_0_685.npy2054.npy,P0/data/dataset_particles2SNR_clean/train/4um/HFocusing_5_10_4um_0_685.npy2054.npy,4um,HFocusing_5_10_4um_0_685.npy2054.npy,,,,,0,0,2500,2500,,,copied_unchanged
P0/data/dataset/train/4um/HFocusing_5_10_4um_0_692.npy2059.npy,P0/data/dataset_particles2SNR_clean/train/4um/HFocusing_5_10_4um_0_692.npy2059.npy,4um,HFocusing_5_10_4um_0_692.npy2059.npy,,,,,0,0,2500,2500,,,copied_unchanged
P0/data/dataset/train/4um/HFocusing_5_10_4um_0_694.npy2060.npy,P0/data/dataset_particles2SNR_clean/train/4um/HFocusing_5_10_4um_0_694.npy2060.npy,4um,HFocusing_5_10_4um_0_694.npy2060.npy,,,,,0,0,2500,2500,,,copied_unchanged
P0/data/dataset/train/4um/HFocusing_5_10_4um_0_704.npy2065.npy,P0/data/dataset_particles2SNR_clean/train/4um/HFocusing_5_10_4um_0_704.npy2065.npy,4um,HFocusing_5_10_4um_0_704.npy2065.npy,,,,,0,0,2500,2500,,,copied_unchanged
P0/data/dataset/train/4um/HFocusing_5_10_4um_0_712.npy2069.npy,P0/data/dataset_particles2SNR_clean/train/4um/HFocusing_5_10_4um_0_712.npy2069.npy,4um,HFocusing_5_10_4um_0_712.npy2069.npy,,,,,0,0,2500,2500,,,copied_unchanged
P0/data/dataset/train/4um/HFocusing_5_10_4um_0_716.npy2071.npy,P0/data/dataset_particles2SNR_clean/train/4um/HFocusing_5_10_4um_0_716.npy2071.npy,4um,HFocusing_5_10_4um_0_716.npy2071.npy,,,,,0,0,2500,2500,,,copied_unchanged
P0/data/dataset/train/4um/HFocusing_5_10_4um_0_718.npy2072.npy,P0/data/dataset_particles2SNR_clean/train/4um/HFocusing_5_10_4um_0_718.npy2072.npy,4um,HFocusing_5_10_4um_0_718.npy2072.npy,,,,,0,0,2500,2500,,,copied_unchanged
P0/data/dataset/train/4um/HFocusing_5_10_4um_0_721.npy2073.npy,P0/data/dataset_particles2SNR_clean/train/4um/HFocusing_5_10_4um_0_721.npy2073.npy,4um,HFocusing_5_10_4um_0_721.npy2073.npy,,,,,0,0,2500,2500,,,copied_unchanged
P0/data/dataset/train/4um/HFocusing_5_10_4um_0_721.npy2074.npy,P0/data/dataset_particles2SNR_clean/train/4um/HFocusing_5_10_4um_0_721.npy2074.npy,4um,HFocusing_5_10_4um_0_721.npy2074.npy,,,,,0,0,2500,2500,,,copied_unchanged
P0/data/dataset/train/4um/HFocusing_5_10_4um_0_724.npy2075.npy,P0/data/dataset_particles2SNR_clean/train/4um/HFocusing_5_10_4um_0_724.npy2075.npy,4um,HFocusing_5_10_4um_0_724.npy2075.npy,,,,,0,0,2500,2500,,,copied_unchanged
P0/data/dataset/train/4um/HFocusing_5_10_4um_0_724.npy2076.npy,P0/data/dataset_particles2SNR_clean/train/4um/HFocusing_5_10_4um_0_724.npy2076.npy,4um,HFocusing_5_10_4um_0_724.npy2076.npy,,,,,0,0,2500,2500,,,copied_unchanged
P0/data/dataset/train/4um/HFocusing_5_10_4um_0_724.npy2077.npy,P0/data/dataset_particles2SNR_clean/train/4um/HFocusing_5_10_4um_0_724.npy2077.npy,4um,HFocusing_5_10_4um_0_724.npy2077.npy,,,,,0,0,2500,2500,,,copied_unchanged
P0/data/dataset/train/4um/HFocusing_5_10_4um_0_727.npy2079.npy,P0/data/dataset_particles2SNR_clean/train/4um/HFocusing_5_10_4um_0_727.npy2079.npy,4um,HFocusing_5_10_4um_0_727.npy2079.npy,,,,,0,0,2500,2500,,,copied_unchanged
P0/data/dataset/train/4um/HFocusing_5_10_4um_0_733.npy2086.npy,P0/data/dataset_particles2SNR_clean/train/4um/HFocusing_5_10_4um_0_733.npy2086.npy,4um,HFocusing_5_10_4um_0_733.npy2086.npy,,,,,0,0,2500,2500,,,copied_unchanged
P0/data/dataset/train/4um/HFocusing_5_10_4um_0_736.npy2088.npy,P0/data/dataset_particles2SNR_clean/train/4um/HFocusing_5_10_4um_0_736.npy2088.npy,4um,HFocusing_5_10_4um_0_736.npy2088.npy,,,,,0,0,2500,2500,,,copied_unchanged
P0/data/dataset/train/4um/HFocusing_5_10_4um_0_745.npy2092.npy,P0/data/dataset_particles2SNR_clean/train/4um/HFocusing_5_10_4um_0_745.npy2092.npy,4um,HFocusing_5_10_4um_0_745.npy2092.npy,,,,,0,0,2500,2500,,,copied_unchanged
P0/data/dataset/train/4um/HFocusing_5_10_4um_0_754.npy2096.npy,P0/data/dataset_particles2SNR_clean/train/4um/HFocusing_5_10_4um_0_754.npy2096.npy,4um,HFocusing_5_10_4um_0_754.npy2096.npy,,,,,0,0,2500,2500,,,copied_unchanged
P0/data/dataset/train/4um/HFocusing_5_10_4um_0_754.npy2097.npy,P0/data/dataset_particles2SNR_clean/train/4um/HFocusing_5_10_4um_0_754.npy2097.npy,4um,HFocusing_5_10_4um_0_754.npy2097.npy,,,,,0,0,2500,2500,,,copied_unchanged
P0/data/dataset/train/4um/HFocusing_5_10_4um_0_757.npy2098.npy,P0/data/dataset_particles2SNR_clean/train/4um/HFocusing_5_10_4um_0_757.npy2098.npy,4um,HFocusing_5_10_4um_0_757.npy2098.npy,,,,,0,0,2500,2500,,,copied_unchanged
P0/data/dataset/train/4um/HFocusing_5_10_4um_0_767.npy2103.npy,P0/data/dataset_particles2SNR_clean/train/4um/HFocusing_5_10_4um_0_767.npy2103.npy,4um,HFocusing_5_10_4um_0_767.npy2103.npy,,,,,0,0,2500,2500,,,copied_unchanged
P0/data/dataset/train/4um/HFocusing_5_10_4um_0_767.npy2104.npy,P0/data/dataset_particles2SNR_clean/train/4um/HFocusing_5_10_4um_0_767.npy2104.npy,4um,HFocusing_5_10_4um_0_767.npy2104.npy,,,,,0,0,2500,2500,,,copied_unchanged
P0/data/dataset/train/4um/HFocusing_5_10_4um_0_770.npy2106.npy,P0/data/dataset_particles2SNR_clean/train/4um/HFocusing_5_10_4um_0_770.npy2106.npy,4um,HFocusing_5_10_4um_0_770.npy2106.npy,,,,,0,0,2500,2500,,,copied_unchanged
P0/data/dataset/train/4um/HFocusing_5_10_4um_0_770.npy2107.npy,P0/data/dataset_particles2SNR_clean/train/4um/HFocusing_5_10_4um_0_770.npy2107.npy,4um,HFocusing_5_10_4um_0_770.npy2107.npy,,,,,0,0,2500,2500,,,copied_unchanged
P0/data/dataset/train/4um/HFocusing_5_10_4um_0_770.npy2108.npy,P0/data/dataset_particles2SNR_clean/train/4um/HFocusing_5_10_4um_0_770.npy2108.npy,4um,HFocusing_5_10_4um_0_770.npy2108.npy,,,,,0,0,2500,2500,,,copied_unchanged
P0/data/dataset/train/4um/HFocusing_5_10_4um_0_773.npy2111.npy,P0/data/dataset_particles2SNR_clean/train/4um/HFocusing_5_10_4um_0_773.npy2111.npy,4um,HFocusing_5_10_4um_0_773.npy2111.npy,,,,,0,0,2500,2500,,,copied_unchanged
P0/data/dataset/train/4um/HFocusing_5_10_4um_0_773.npy2112.npy,P0/data/dataset_particles2SNR_clean/train/4um/HFocusing_5_10_4um_0_773.npy2112.npy,4um,HFocusing_5_10_4um_0_773.npy2112.npy,,,,,0,0,2500,2500,,,copied_unchanged
P0/data/dataset/train/4um/HFocusing_5_10_4um_0_782.npy2118.npy,P0/data/dataset_particles2SNR_clean/train/4um/HFocusing_5_10_4um_0_782.npy2118.npy,4um,HFocusing_5_10_4um_0_782.npy2118.npy,,,,,0,0,2500,2500,,,copied_unchanged
P0/data/dataset/train/4um/HFocusing_5_10_4um_0_788.npy2123.npy,P0/data/dataset_particles2SNR_clean/train/4um/HFocusing_5_10_4um_0_788.npy2123.npy,4um,HFocusing_5_10_4um_0_788.npy2123.npy,,,,,0,0,2500,2500,,,copied_unchanged
P0/data/dataset/train/4um/HFocusing_5_10_4um_0_791.npy2126.npy,P0/data/dataset_particles2SNR_clean/train/4um/HFocusing_5_10_4um_0_791.npy2126.npy,4um,HFocusing_5_10_4um_0_791.npy2126.npy,,,,,0,0,2500,2500,,,copied_unchanged
P0/data/dataset/train/4um/HFocusing_5_10_4um_0_794.npy2128.npy,P0/data/dataset_particles2SNR_clean/train/4um/HFocusing_5_10_4um_0_794.npy2128.npy,4um,HFocusing_5_10_4um_0_794.npy2128.npy,,,,,0,0,2500,2500,,,copied_unchanged
P0/data/dataset/train/4um/HFocusing_5_10_4um_0_794.npy2129.npy,P0/data/dataset_particles2SNR_clean/train/4um/HFocusing_5_10_4um_0_794.npy2129.npy,4um,HFocusing_5_10_4um_0_794.npy2129.npy,,,,,0,0,2500,2500,,,copied_unchanged
P0/data/dataset/train/4um/HFocusing_5_10_4um_0_797.npy2131.npy,P0/data/dataset_particles2SNR_clean/train/4um/HFocusing_5_10_4um_0_797.npy2131.npy,4um,HFocusing_5_10_4um_0_797.npy2131.npy,,,,,0,0,2500,2500,,,copied_unchanged
P0/data/dataset/train/4um/HFocusing_5_10_4um_0_797.npy2132.npy,P0/data/dataset_particles2SNR_clean/train/4um/HFocusing_5_10_4um_0_797.npy2132.npy,4um,HFocusing_5_10_4um_0_797.npy2132.npy,,,,,0,0,2500,2500,,,copied_unchanged
P0/data/dataset/train/4um/HFocusing_5_10_4um_0_809.npy2142.npy,P0/data/dataset_particles2SNR_clean/train/4um/HFocusing_5_10_4um_0_809.npy2142.npy,4um,HFocusing_5_10_4um_0_809.npy2142.npy,,,,,0,0,2500,2500,,,copied_unchanged
P0/data/dataset/train/4um/HFocusing_5_10_4um_0_815.npy2147.npy,P0/data/dataset_particles2SNR_clean/train/4um/HFocusing_5_10_4um_0_815.npy2147.npy,4um,HFocusing_5_10_4um_0_815.npy2147.npy,,,,,0,0,2500,2500,,,copied_unchanged
P0/data/dataset/train/4um/HFocusing_5_10_4um_0_815.npy2148.npy,P0/data/dataset_particles2SNR_clean/train/4um/HFocusing_5_10_4um_0_815.npy2148.npy,4um,HFocusing_5_10_4um_0_815.npy2148.npy,,,,,0,0,2500,2500,,,copied_unchanged
P0/data/dataset/train/4um/HFocusing_5_10_4um_0_818.npy2149.npy,P0/data/dataset_particles2SNR_clean/train/4um/HFocusing_5_10_4um_0_818.npy2149.npy,4um,HFocusing_5_10_4um_0_818.npy2149.npy,,,,,0,0,2500,2500,,,copied_unchanged
P0/data/dataset/train/4um/HFocusing_5_10_4um_0_821.npy2152.npy,P0/data/dataset_particles2SNR_clean/train/4um/HFocusing_5_10_4um_0_821.npy2152.npy,4um,HFocusing_5_10_4um_0_821.npy2152.npy,,,,,0,0,2500,2500,,,copied_unchanged
P0/data/dataset/train/4um/HFocusing_5_10_4um_0_824.npy2155.npy,P0/data/dataset_particles2SNR_clean/train/4um/HFocusing_5_10_4um_0_824.npy2155.npy,4um,HFocusing_5_10_4um_0_824.npy2155.npy,,,,,0,0,2500,2500,,,copied_unchanged
P0/data/dataset/train/4um/HFocusing_5_10_4um_0_830.npy2158.npy,P0/data/dataset_particles2SNR_clean/train/4um/HFocusing_5_10_4um_0_830.npy2158.npy,4um,HFocusing_5_10_4um_0_830.npy2158.npy,,,,,0,0,2500,2500,,,copied_unchanged
P0/data/dataset/train/4um/HFocusing_5_10_4um_0_830.npy2159.npy,P0/data/dataset_particles2SNR_clean/train/4um/HFocusing_5_10_4um_0_830.npy2159.npy,4um,HFocusing_5_10_4um_0_830.npy2159.npy,,,,,0,0,2500,2500,,,copied_unchanged
P0/data/dataset/train/4um/HFocusing_5_10_4um_0_833.npy2161.npy,P0/data/dataset_particles2SNR_clean/train/4um/HFocusing_5_10_4um_0_833.npy2161.npy,4um,HFocusing_5_10_4um_0_833.npy2161.npy,,,,,0,0,2500,2500,,,copied_unchanged
P0/data/dataset/train/4um/HFocusing_5_10_4um_0_84.npy2164.npy,P0/data/dataset_particles2SNR_clean/train/4um/HFocusing_5_10_4um_0_84.npy2164.npy,4um,HFocusing_5_10_4um_0_84.npy2164.npy,,,,,0,0,2500,2500,,,copied_unchanged
P0/data/dataset/train/4um/HFocusing_5_10_4um_0_845.npy2168.npy,P0/data/dataset_particles2SNR_clean/train/4um/HFocusing_5_10_4um_0_845.npy2168.npy,4um,HFocusing_5_10_4um_0_845.npy2168.npy,,,,,0,0,2500,2500,,,copied_unchanged
P0/data/dataset/train/4um/HFocusing_5_10_4um_0_851.npy2172.npy,P0/data/dataset_particles2SNR_clean/train/4um/HFocusing_5_10_4um_0_851.npy2172.npy,4um,HFocusing_5_10_4um_0_851.npy2172.npy,,,,,0,0,2500,2500,,,copied_unchanged
P0/data/dataset/train/4um/HFocusing_5_10_4um_0_851.npy2173.npy,P0/data/dataset_particles2SNR_clean/train/4um/HFocusing_5_10_4um_0_851.npy2173.npy,4um,HFocusing_5_10_4um_0_851.npy2173.npy,,,,,0,0,2500,2500,,,copied_unchanged
P0/data/dataset/train/4um/HFocusing_5_10_4um_0_853.npy2176.npy,P0/data/dataset_particles2SNR_clean/train/4um/HFocusing_5_10_4um_0_853.npy2176.npy,4um,HFocusing_5_10_4um_0_853.npy2176.npy,,,,,0,0,2500,2500,,,copied_unchanged
P0/data/dataset/train/4um/HFocusing_5_10_4um_0_853.npy2177.npy,P0/data/dataset_particles2SNR_clean/train/4um/HFocusing_5_10_4um_0_853.npy2177.npy,4um,HFocusing_5_10_4um_0_853.npy2177.npy,,,,,0,0,2500,2500,,,copied_unchanged
P0/data/dataset/train/4um/HFocusing_5_10_4um_0_856.npy2181.npy,P0/data/dataset_particles2SNR_clean/train/4um/HFocusing_5_10_4um_0_856.npy2181.npy,4um,HFocusing_5_10_4um_0_856.npy2181.npy,,,,,0,0,2500,2500,,,copied_unchanged
P0/data/dataset/train/4um/HFocusing_5_10_4um_0_856.npy2182.npy,P0/data/dataset_particles2SNR_clean/train/4um/HFocusing_5_10_4um_0_856.npy2182.npy,4um,HFocusing_5_10_4um_0_856.npy2182.npy,,,,,0,0,2500,2500,,,copied_unchanged
P0/data/dataset/train/4um/HFocusing_5_10_4um_0_859.npy2183.npy,P0/data/dataset_particles2SNR_clean/train/4um/HFocusing_5_10_4um_0_859.npy2183.npy,4um,HFocusing_5_10_4um_0_859.npy2183.npy,,,,,0,0,2500,2500,,,copied_unchanged
P0/data/dataset/train/4um/HFocusing_5_10_4um_0_859.npy2184.npy,P0/data/dataset_particles2SNR_clean/train/4um/HFocusing_5_10_4um_0_859.npy2184.npy,4um,HFocusing_5_10_4um_0_859.npy2184.npy,,,,,0,0,2500,2500,,,copied_unchanged
P0/data/dataset/train/4um/HFocusing_5_10_4um_0_859.npy2185.npy,P0/data/dataset_particles2SNR_clean/train/4um/HFocusing_5_10_4um_0_859.npy2185.npy,4um,HFocusing_5_10_4um_0_859.npy2185.npy,,,,,0,0,2500,2500,,,copied_unchanged
P0/data/dataset/train/4um/HFocusing_5_10_4um_0_865.npy2188.npy,P0/data/dataset_particles2SNR_clean/train/4um/HFocusing_5_10_4um_0_865.npy2188.npy,4um,HFocusing_5_10_4um_0_865.npy2188.npy,,,,,0,0,2500,2500,,,copied_unchanged
P0/data/dataset/train/4um/HFocusing_5_10_4um_0_865.npy2189.npy,P0/data/dataset_particles2SNR_clean/train/4um/HFocusing_5_10_4um_0_865.npy2189.npy,4um,HFocusing_5_10_4um_0_865.npy2189.npy,,,,,0,0,2500,2500,,,copied_unchanged
P0/data/dataset/train/4um/HFocusing_5_10_4um_0_865.npy2191.npy,P0/data/dataset_particles2SNR_clean/train/4um/HFocusing_5_10_4um_0_865.npy2191.npy,4um,HFocusing_5_10_4um_0_865.npy2191.npy,,,,,0,0,2500,2500,,,copied_unchanged
P0/data/dataset/train/4um/HFocusing_5_10_4um_0_868.npy2192.npy,P0/data/dataset_particles2SNR_clean/train/4um/HFocusing_5_10_4um_0_868.npy2192.npy,4um,HFocusing_5_10_4um_0_868.npy2192.npy,,,,,0,0,2500,2500,,,copied_unchanged
P0/data/dataset/train/4um/HFocusing_5_10_4um_0_871.npy2194.npy,P0/data/dataset_particles2SNR_clean/train/4um/HFocusing_5_10_4um_0_871.npy2194.npy,4um,HFocusing_5_10_4um_0_871.npy2194.npy,,,,,0,0,2500,2500,,,copied_unchanged
P0/data/dataset/train/4um/HFocusing_5_10_4um_0_874.npy2196.npy,P0/data/dataset_particles2SNR_clean/train/4um/HFocusing_5_10_4um_0_874.npy2196.npy,4um,HFocusing_5_10_4um_0_874.npy2196.npy,,,,,0,0,2500,2500,,,copied_unchanged
P0/data/dataset/train/4um/HFocusing_5_10_4um_0_909.npy2219.npy,P0/data/dataset_particles2SNR_clean/train/4um/HFocusing_5_10_4um_0_909.npy2219.npy,4um,HFocusing_5_10_4um_0_909.npy2219.npy,,,,,0,0,2500,2500,,,copied_unchanged
P0/data/dataset/train/4um/HFocusing_5_10_4um_0_912.npy2220.npy,P0/data/dataset_particles2SNR_clean/train/4um/HFocusing_5_10_4um_0_912.npy2220.npy,4um,HFocusing_5_10_4um_0_912.npy2220.npy,,,,,0,0,2500,2500,,,copied_unchanged
P0/data/dataset/train/4um/HFocusing_5_10_4um_0_912.npy2221.npy,P0/data/dataset_particles2SNR_clean/train/4um/HFocusing_5_10_4um_0_912.npy2221.npy,4um,HFocusing_5_10_4um_0_912.npy2221.npy,,,,,0,0,2500,2500,,,copied_unchanged
P0/data/dataset/train/4um/HFocusing_5_10_4um_0_915.npy2222.npy,P0/data/dataset_particles2SNR_clean/train/4um/HFocusing_5_10_4um_0_915.npy2222.npy,4um,HFocusing_5_10_4um_0_915.npy2222.npy,,,,,0,0,2500,2500,,,copied_unchanged
P0/data/dataset/train/4um/HFocusing_5_10_4um_0_915.npy2223.npy,P0/data/dataset_particles2SNR_clean/train/4um/HFocusing_5_10_4um_0_915.npy2223.npy,4um,HFocusing_5_10_4um_0_915.npy2223.npy,,,,,0,0,2500,2500,,,copied_unchanged
P0/data/dataset/train/4um/HFocusing_5_10_4um_0_915.npy2224.npy,P0/data/dataset_particles2SNR_clean/train/4um/HFocusing_5_10_4um_0_915.npy2224.npy,4um,HFocusing_5_10_4um_0_915.npy2224.npy,,,,,0,0,2500,2500,,,copied_unchanged
P0/data/dataset/train/4um/HFocusing_5_10_4um_0_918.npy2225.npy,P0/data/dataset_particles2SNR_clean/train/4um/HFocusing_5_10_4um_0_918.npy2225.npy,4um,HFocusing_5_10_4um_0_918.npy2225.npy,,,,,0,0,2500,2500,,,copied_unchanged
P0/data/dataset/train/4um/HFocusing_5_10_4um_0_918.npy2226.npy,P0/data/dataset_particles2SNR_clean/train/4um/HFocusing_5_10_4um_0_918.npy2226.npy,4um,HFocusing_5_10_4um_0_918.npy2226.npy,,,,,0,0,2500,2500,,,copied_unchanged
P0/data/dataset/train/4um/HFocusing_5_10_4um_0_924.npy2232.npy,P0/data/dataset_particles2SNR_clean/train/4um/HFocusing_5_10_4um_0_924.npy2232.npy,4um,HFocusing_5_10_4um_0_924.npy2232.npy,,,,,0,0,2500,2500,,,copied_unchanged
P0/data/dataset/train/4um/HFocusing_5_10_4um_0_924.npy2234.npy,P0/data/dataset_particles2SNR_clean/train/4um/HFocusing_5_10_4um_0_924.npy2234.npy,4um,HFocusing_5_10_4um_0_924.npy2234.npy,,,,,0,0,2500,2500,,,copied_unchanged
P0/data/dataset/train/4um/HFocusing_5_10_4um_0_933.npy2246.npy,P0/data/dataset_particles2SNR_clean/train/4um/HFocusing_5_10_4um_0_933.npy2246.npy,4um,HFocusing_5_10_4um_0_933.npy2246.npy,,,,,0,0,2500,2500,,,copied_unchanged
P0/data/dataset/train/4um/HFocusing_5_10_4um_0_939.npy2249.npy,P0/data/dataset_particles2SNR_clean/train/4um/HFocusing_5_10_4um_0_939.npy2249.npy,4um,HFocusing_5_10_4um_0_939.npy2249.npy,,,,,0,0,2500,2500,,,copied_unchanged
P0/data/dataset/train/4um/HFocusing_5_10_4um_0_945.npy2254.npy,P0/data/dataset_particles2SNR_clean/train/4um/HFocusing_5_10_4um_0_945.npy2254.npy,4um,HFocusing_5_10_4um_0_945.npy2254.npy,,,,,0,0,2500,2500,,,copied_unchanged
P0/data/dataset/train/4um/HFocusing_5_10_4um_0_951.npy2261.npy,P0/data/dataset_particles2SNR_clean/train/4um/HFocusing_5_10_4um_0_951.npy2261.npy,4um,HFocusing_5_10_4um_0_951.npy2261.npy,,,,,0,0,2500,2500,,,copied_unchanged
P0/data/dataset/train/4um/HFocusing_5_10_4um_0_954.npy2266.npy,P0/data/dataset_particles2SNR_clean/train/4um/HFocusing_5_10_4um_0_954.npy2266.npy,4um,HFocusing_5_10_4um_0_954.npy2266.npy,,,,,0,0,2500,2500,,,copied_unchanged
P0/data/dataset/train/4um/HFocusing_5_10_4um_0_954.npy2267.npy,P0/data/dataset_particles2SNR_clean/train/4um/HFocusing_5_10_4um_0_954.npy2267.npy,4um,HFocusing_5_10_4um_0_954.npy2267.npy,,,,,0,0,2500,2500,,,copied_unchanged
P0/data/dataset/train/4um/HFocusing_5_10_4um_0_960.npy2270.npy,P0/data/dataset_particles2SNR_clean/train/4um/HFocusing_5_10_4um_0_960.npy2270.npy,4um,HFocusing_5_10_4um_0_960.npy2270.npy,,,,,0,0,2500,2500,,,copied_unchanged
P0/data/dataset/train/4um/HFocusing_5_10_4um_0_966.npy2276.npy,P0/data/dataset_particles2SNR_clean/train/4um/HFocusing_5_10_4um_0_966.npy2276.npy,4um,HFocusing_5_10_4um_0_966.npy2276.npy,,,,,0,0,2500,2500,,,copied_unchanged
P0/data/dataset/train/4um/HFocusing_5_10_4um_0_966.npy2277.npy,P0/data/dataset_particles2SNR_clean/train/4um/HFocusing_5_10_4um_0_966.npy2277.npy,4um,HFocusing_5_10_4um_0_966.npy2277.npy,,,,,0,0,2500,2500,,,copied_unchanged
P0/data/dataset/train/4um/HFocusing_5_10_4um_0_972.npy2282.npy,P0/data/dataset_particles2SNR_clean/train/4um/HFocusing_5_10_4um_0_972.npy2282.npy,4um,HFocusing_5_10_4um_0_972.npy2282.npy,,,,,0,0,2500,2500,,,copied_unchanged
P0/data/dataset/train/4um/HFocusing_5_10_4um_0_972.npy2283.npy,P0/data/dataset_particles2SNR_clean/train/4um/HFocusing_5_10_4um_0_972.npy2283.npy,4um,HFocusing_5_10_4um_0_972.npy2283.npy,,,,,0,0,2500,2500,,,copied_unchanged
P0/data/dataset/train/4um/HFocusing_5_10_4um_0_977.npy2285.npy,P0/data/dataset_particles2SNR_clean/train/4um/HFocusing_5_10_4um_0_977.npy2285.npy,4um,HFocusing_5_10_4um_0_977.npy2285.npy,,,,,0,0,2500,2500,,,copied_unchanged
P0/data/dataset/train/4um/HFocusing_5_10_4um_0_977.npy2286.npy,P0/data/dataset_particles2SNR_clean/train/4um/HFocusing_5_10_4um_0_977.npy2286.npy,4um,HFocusing_5_10_4um_0_977.npy2286.npy,,,,,0,0,2500,2500,,,copied_unchanged
P0/data/dataset/train/4um/HFocusing_5_10_4um_0_977.npy2287.npy,P0/data/dataset_particles2SNR_clean/train/4um/HFocusing_5_10_4um_0_977.npy2287.npy,4um,HFocusing_5_10_4um_0_977.npy2287.npy,,,,,0,0,2500,2500,,,copied_unchanged
P0/data/dataset/train/4um/HFocusing_5_10_4um_0_980.npy2289.npy,P0/data/dataset_particles2SNR_clean/train/4um/HFocusing_5_10_4um_0_980.npy2289.npy,4um,HFocusing_5_10_4um_0_980.npy2289.npy,,,,,0,0,2500,2500,,,copied_unchanged
P0/data/dataset/train/4um/HFocusing_5_10_4um_0_980.npy2290.npy,P0/data/dataset_particles2SNR_clean/train/4um/HFocusing_5_10_4um_0_980.npy2290.npy,4um,HFocusing_5_10_4um_0_980.npy2290.npy,,,,,0,0,2500,2500,,,copied_unchanged
P0/data/dataset/train/4um/HFocusing_5_10_4um_0_983.npy2291.npy,P0/data/dataset_particles2SNR_clean/train/4um/HFocusing_5_10_4um_0_983.npy2291.npy,4um,HFocusing_5_10_4um_0_983.npy2291.npy,,,,,0,0,2500,2500,,,copied_unchanged
P0/data/dataset/train/4um/HFocusing_5_10_4um_0_983.npy2292.npy,P0/data/dataset_particles2SNR_clean/train/4um/HFocusing_5_10_4um_0_983.npy2292.npy,4um,HFocusing_5_10_4um_0_983.npy2292.npy,,,,,0,0,2500,2500,,,copied_unchanged
P0/data/dataset/train/4um/HFocusing_5_10_4um_0_986.npy2293.npy,P0/data/dataset_particles2SNR_clean/train/4um/HFocusing_5_10_4um_0_986.npy2293.npy,4um,HFocusing_5_10_4um_0_986.npy2293.npy,,,,,0,0,2500,2500,,,copied_unchanged
P0/data/dataset/train/4um/HFocusing_5_10_4um_0_986.npy2294.npy,P0/data/dataset_particles2SNR_clean/train/4um/HFocusing_5_10_4um_0_986.npy2294.npy,4um,HFocusing_5_10_4um_0_986.npy2294.npy,,,,,0,0,2500,2500,,,copied_unchanged
P0/data/dataset/train/4um/HFocusing_5_10_4um_0_992.npy2298.npy,P0/data/dataset_particles2SNR_clean/train/4um/HFocusing_5_10_4um_0_992.npy2298.npy,4um,HFocusing_5_10_4um_0_992.npy2298.npy,,,,,0,0,2500,2500,,,copied_unchanged
P0/data/dataset/train/4um/HFocusing_5_10_4um_0_992.npy2299.npy,P0/data/dataset_particles2SNR_clean/train/4um/HFocusing_5_10_4um_0_992.npy2299.npy,4um,HFocusing_5_10_4um_0_992.npy2299.npy,,,,,0,0,2500,2500,,,copied_unchanged
P0/data/dataset/train/4um/HFocusing_5_10_4um_0_995.npy2300.npy,P0/data/dataset_particles2SNR_clean/train/4um/HFocusing_5_10_4um_0_995.npy2300.npy,4um,HFocusing_5_10_4um_0_995.npy2300.npy,,,,,0,0,2500,2500,,,copied_unchanged
P0/data/dataset/train/10um/HFocusing_5_10_10um_0_1013.npy6.npy,P0/data/dataset_particles2SNR_clean/train/10um/HFocusing_5_10_10um_0_1013.npy6.npy,10um,HFocusing_5_10_10um_0_1013.npy6.npy,,,,,0,0,2500,2500,,,copied_unchanged
P0/data/dataset/train/10um/HFocusing_5_10_10um_0_1022.npy8.npy,P0/data/dataset_particles2SNR_clean/train/10um/HFocusing_5_10_10um_0_1022.npy8.npy,10um,HFocusing_5_10_10um_0_1022.npy8.npy,,,,,0,0,2500,2500,,,copied_unchanged
P0/data/dataset/train/10um/HFocusing_5_10_10um_0_1025.npy9.npy,P0/data/dataset_particles2SNR_clean/train/10um/HFocusing_5_10_10um_0_1025.npy9.npy,10um,HFocusing_5_10_10um_0_1025.npy9.npy,,,,,0,0,2500,2500,,,copied_unchanged
P0/data/dataset/train/10um/HFocusing_5_10_10um_0_1037.npy11.npy,P0/data/dataset_particles2SNR_clean/train/10um/HFocusing_5_10_10um_0_1037.npy11.npy,10um,HFocusing_5_10_10um_0_1037.npy11.npy,,,,,0,0,2500,2500,,,copied_unchanged
P0/data/dataset/train/10um/HFocusing_5_10_10um_0_104.npy12.npy,P0/data/dataset_particles2SNR_clean/train/10um/HFocusing_5_10_10um_0_104.npy12.npy,10um,HFocusing_5_10_10um_0_104.npy12.npy,,,,,0,0,2500,2500,,,copied_unchanged
P0/data/dataset/train/10um/HFocusing_5_10_10um_0_104.npy13.npy,P0/data/dataset_particles2SNR_clean/train/10um/HFocusing_5_10_10um_0_104.npy13.npy,10um,HFocusing_5_10_10um_0_104.npy13.npy,,,,,0,0,2500,2500,,,copied_unchanged
P0/data/dataset/train/10um/HFocusing_5_10_10um_0_1043.npy15.npy,P0/data/dataset_particles2SNR_clean/train/10um/HFocusing_5_10_10um_0_1043.npy15.npy,10um,HFocusing_5_10_10um_0_1043.npy15.npy,,,,,0,0,2500,2500,,,copied_unchanged
P0/data/dataset/train/10um/HFocusing_5_10_10um_0_1049.npy17.npy,P0/data/dataset_particles2SNR_clean/train/10um/HFocusing_5_10_10um_0_1049.npy17.npy,10um,HFocusing_5_10_10um_0_1049.npy17.npy,,,,,0,0,2500,2500,,,copied_unchanged
P0/data/dataset/train/10um/HFocusing_5_10_10um_0_1059.npy22.npy,P0/data/dataset_particles2SNR_clean/train/10um/HFocusing_5_10_10um_0_1059.npy22.npy,10um,HFocusing_5_10_10um_0_1059.npy22.npy,,,,,0,0,2500,2500,,,copied_unchanged
P0/data/dataset/train/10um/HFocusing_5_10_10um_0_1062.npy23.npy,P0/data/dataset_particles2SNR_clean/train/10um/HFocusing_5_10_10um_0_1062.npy23.npy,10um,HFocusing_5_10_10um_0_1062.npy23.npy,,,,,0,0,2500,2500,,,copied_unchanged
P0/data/dataset/train/10um/HFocusing_5_10_10um_0_1065.npy24.npy,P0/data/dataset_particles2SNR_clean/train/10um/HFocusing_5_10_10um_0_1065.npy24.npy,10um,HFocusing_5_10_10um_0_1065.npy24.npy,,,,,0,0,2500,2500,,,copied_unchanged
P0/data/dataset/train/10um/HFocusing_5_10_10um_0_1068.npy25.npy,P0/data/dataset_particles2SNR_clean/train/10um/HFocusing_5_10_10um_0_1068.npy25.npy,10um,HFocusing_5_10_10um_0_1068.npy25.npy,,,,,0,0,2500,2500,,,copied_unchanged
P0/data/dataset/train/10um/HFocusing_5_10_10um_0_1070.npy27.npy,P0/data/dataset_particles2SNR_clean/train/10um/HFocusing_5_10_10um_0_1070.npy27.npy,10um,HFocusing_5_10_10um_0_1070.npy27.npy,,,,,0,0,2500,2500,,,copied_unchanged
P0/data/dataset/train/10um/HFocusing_5_10_10um_0_1074.npy28.npy,P0/data/dataset_particles2SNR_clean/train/10um/HFocusing_5_10_10um_0_1074.npy28.npy,10um,HFocusing_5_10_10um_0_1074.npy28.npy,,,,,0,0,2500,2500,,,copied_unchanged
P0/data/dataset/train/10um/HFocusing_5_10_10um_0_108.npy30.npy,P0/data/dataset_particles2SNR_clean/train/10um/HFocusing_5_10_10um_0_108.npy30.npy,10um,HFocusing_5_10_10um_0_108.npy30.npy,,,,,0,0,2500,2500,,,copied_unchanged
P0/data/dataset/train/10um/HFocusing_5_10_10um_0_1080.npy31.npy,P0/data/dataset_particles2SNR_clean/train/10um/HFocusing_5_10_10um_0_1080.npy31.npy,10um,HFocusing_5_10_10um_0_1080.npy31.npy,,,,,0,0,2500,2500,,,copied_unchanged
P0/data/dataset/train/10um/HFocusing_5_10_10um_0_1087.npy35.npy,P0/data/dataset_particles2SNR_clean/train/10um/HFocusing_5_10_10um_0_1087.npy35.npy,10um,HFocusing_5_10_10um_0_1087.npy35.npy,,,,,0,0,2500,2500,,,copied_unchanged
P0/data/dataset/train/10um/HFocusing_5_10_10um_0_1099.npy38.npy,P0/data/dataset_particles2SNR_clean/train/10um/HFocusing_5_10_10um_0_1099.npy38.npy,10um,HFocusing_5_10_10um_0_1099.npy38.npy,,,,,0,0,2500,2500,,,copied_unchanged
P0/data/dataset/train/10um/HFocusing_5_10_10um_0_1108.npy41.npy,P0/data/dataset_particles2SNR_clean/train/10um/HFocusing_5_10_10um_0_1108.npy41.npy,10um,HFocusing_5_10_10um_0_1108.npy41.npy,,,,,0,0,2500,2500,,,copied_unchanged
P0/data/dataset/train/10um/HFocusing_5_10_10um_0_1115.npy42.npy,P0/data/dataset_particles2SNR_clean/train/10um/HFocusing_5_10_10um_0_1115.npy42.npy,10um,HFocusing_5_10_10um_0_1115.npy42.npy,,,,,0,0,2500,2500,,,copied_unchanged
P0/data/dataset/train/10um/HFocusing_5_10_10um_0_112.npy45.npy,P0/data/dataset_particles2SNR_clean/train/10um/HFocusing_5_10_10um_0_112.npy45.npy,10um,HFocusing_5_10_10um_0_112.npy45.npy,,,,,0,0,2500,2500,,,copied_unchanged
P0/data/dataset/train/10um/HFocusing_5_10_10um_0_1121.npy46.npy,P0/data/dataset_particles2SNR_clean/train/10um/HFocusing_5_10_10um_0_1121.npy46.npy,10um,HFocusing_5_10_10um_0_1121.npy46.npy,,,,,0,0,2500,2500,,,copied_unchanged
P0/data/dataset/train/10um/HFocusing_5_10_10um_0_1124.npy47.npy,P0/data/dataset_particles2SNR_clean/train/10um/HFocusing_5_10_10um_0_1124.npy47.npy,10um,HFocusing_5_10_10um_0_1124.npy47.npy,,,,,0,0,2500,2500,,,copied_unchanged
P0/data/dataset/train/10um/HFocusing_5_10_10um_0_1130.npy50.npy,P0/data/dataset_particles2SNR_clean/train/10um/HFocusing_5_10_10um_0_1130.npy50.npy,10um,HFocusing_5_10_10um_0_1130.npy50.npy,,,,,0,0,2500,2500,,,copied_unchanged
P0/data/dataset/train/10um/HFocusing_5_10_10um_0_1133.npy51.npy,P0/data/dataset_particles2SNR_clean/train/10um/HFocusing_5_10_10um_0_1133.npy51.npy,10um,HFocusing_5_10_10um_0_1133.npy51.npy,,,,,0,0,2500,2500,,,copied_unchanged
P0/data/dataset/train/10um/HFocusing_5_10_10um_0_1142.npy55.npy,P0/data/dataset_particles2SNR_clean/train/10um/HFocusing_5_10_10um_0_1142.npy55.npy,10um,HFocusing_5_10_10um_0_1142.npy55.npy,,,,,0,0,2500,2500,,,copied_unchanged
P0/data/dataset/train/10um/HFocusing_5_10_10um_0_1145.npy56.npy,P0/data/dataset_particles2SNR_clean/train/10um/HFocusing_5_10_10um_0_1145.npy56.npy,10um,HFocusing_5_10_10um_0_1145.npy56.npy,,,,,0,0,2500,2500,,,copied_unchanged
P0/data/dataset/train/10um/HFocusing_5_10_10um_0_1152.npy60.npy,P0/data/dataset_particles2SNR_clean/train/10um/HFocusing_5_10_10um_0_1152.npy60.npy,10um,HFocusing_5_10_10um_0_1152.npy60.npy,,,,,0,0,2500,2500,,,copied_unchanged
P0/data/dataset/train/10um/HFocusing_5_10_10um_0_1158.npy62.npy,P0/data/dataset_particles2SNR_clean/train/10um/HFocusing_5_10_10um_0_1158.npy62.npy,10um,HFocusing_5_10_10um_0_1158.npy62.npy,,,,,0,0,2500,2500,,,copied_unchanged
P0/data/dataset/train/10um/HFocusing_5_10_10um_0_116.npy63.npy,P0/data/dataset_particles2SNR_clean/train/10um/HFocusing_5_10_10um_0_116.npy63.npy,10um,HFocusing_5_10_10um_0_116.npy63.npy,,,,,0,0,2500,2500,,,copied_unchanged
P0/data/dataset/train/10um/HFocusing_5_10_10um_0_1174.npy69.npy,P0/data/dataset_particles2SNR_clean/train/10um/HFocusing_5_10_10um_0_1174.npy69.npy,10um,HFocusing_5_10_10um_0_1174.npy69.npy,,,,,0,0,2500,2500,,,copied_unchanged
P0/data/dataset/train/10um/HFocusing_5_10_10um_0_1178.npy70.npy,P0/data/dataset_particles2SNR_clean/train/10um/HFocusing_5_10_10um_0_1178.npy70.npy,10um,HFocusing_5_10_10um_0_1178.npy70.npy,,,,,0,0,2500,2500,,,copied_unchanged
P0/data/dataset/train/10um/HFocusing_5_10_10um_0_1181.npy71.npy,P0/data/dataset_particles2SNR_clean/train/10um/HFocusing_5_10_10um_0_1181.npy71.npy,10um,HFocusing_5_10_10um_0_1181.npy71.npy,,,,,0,0,2500,2500,,,copied_unchanged
P0/data/dataset/train/10um/HFocusing_5_10_10um_0_1187.npy72.npy,P0/data/dataset_particles2SNR_clean/train/10um/HFocusing_5_10_10um_0_1187.npy72.npy,10um,HFocusing_5_10_10um_0_1187.npy72.npy,,,,,0,0,2500,2500,,,copied_unchanged
P0/data/dataset/train/10um/HFocusing_5_10_10um_0_119.npy73.npy,P0/data/dataset_particles2SNR_clean/train/10um/HFocusing_5_10_10um_0_119.npy73.npy,10um,HFocusing_5_10_10um_0_119.npy73.npy,,,,,0,0,2500,2500,,,copied_unchanged
P0/data/dataset/train/10um/HFocusing_5_10_10um_0_1197.npy74.npy,P0/data/dataset_particles2SNR_clean/train/10um/HFocusing_5_10_10um_0_1197.npy74.npy,10um,HFocusing_5_10_10um_0_1197.npy74.npy,,,,,0,0,2500,2500,,,copied_unchanged
P0/data/dataset/train/10um/HFocusing_5_10_10um_0_1207.npy77.npy,P0/data/dataset_particles2SNR_clean/train/10um/HFocusing_5_10_10um_0_1207.npy77.npy,10um,HFocusing_5_10_10um_0_1207.npy77.npy,,,,,0,0,2500,2500,,,copied_unchanged
P0/data/dataset/train/10um/HFocusing_5_10_10um_0_1216.npy81.npy,P0/data/dataset_particles2SNR_clean/train/10um/HFocusing_5_10_10um_0_1216.npy81.npy,10um,HFocusing_5_10_10um_0_1216.npy81.npy,,,,,0,0,2500,2500,,,copied_unchanged
P0/data/dataset/train/10um/HFocusing_5_10_10um_0_1219.npy82.npy,P0/data/dataset_particles2SNR_clean/train/10um/HFocusing_5_10_10um_0_1219.npy82.npy,10um,HFocusing_5_10_10um_0_1219.npy82.npy,,,,,0,0,2500,2500,,,copied_unchanged
P0/data/dataset/train/10um/HFocusing_5_10_10um_0_122.npy83.npy,P0/data/dataset_particles2SNR_clean/train/10um/HFocusing_5_10_10um_0_122.npy83.npy,10um,HFocusing_5_10_10um_0_122.npy83.npy,,,,,0,0,2500,2500,,,copied_unchanged
P0/data/dataset/train/10um/HFocusing_5_10_10um_0_1221.npy85.npy,P0/data/dataset_particles2SNR_clean/train/10um/HFocusing_5_10_10um_0_1221.npy85.npy,10um,HFocusing_5_10_10um_0_1221.npy85.npy,,,,,0,0,2500,2500,,,copied_unchanged
P0/data/dataset/train/10um/HFocusing_5_10_10um_0_1221.npy86.npy,P0/data/dataset_particles2SNR_clean/train/10um/HFocusing_5_10_10um_0_1221.npy86.npy,10um,HFocusing_5_10_10um_0_1221.npy86.npy,,,,,0,0,2500,2500,,,copied_unchanged
P0/data/dataset/train/10um/HFocusing_5_10_10um_0_1221.npy87.npy,P0/data/dataset_particles2SNR_clean/train/10um/HFocusing_5_10_10um_0_1221.npy87.npy,10um,HFocusing_5_10_10um_0_1221.npy87.npy,,,,,0,0,2500,2500,,,copied_unchanged
P0/data/dataset/train/10um/HFocusing_5_10_10um_0_1228.npy90.npy,P0/data/dataset_particles2SNR_clean/train/10um/HFocusing_5_10_10um_0_1228.npy90.npy,10um,HFocusing_5_10_10um_0_1228.npy90.npy,,,,,0,0,2500,2500,,,copied_unchanged
P0/data/dataset/train/10um/HFocusing_5_10_10um_0_1238.npy94.npy,P0/data/dataset_particles2SNR_clean/train/10um/HFocusing_5_10_10um_0_1238.npy94.npy,10um,HFocusing_5_10_10um_0_1238.npy94.npy,,,,,0,0,2500,2500,,,copied_unchanged
P0/data/dataset/train/10um/HFocusing_5_10_10um_0_1241.npy95.npy,P0/data/dataset_particles2SNR_clean/train/10um/HFocusing_5_10_10um_0_1241.npy95.npy,10um,HFocusing_5_10_10um_0_1241.npy95.npy,,,,,0,0,2500,2500,,,copied_unchanged
P0/data/dataset/train/10um/HFocusing_5_10_10um_0_1248.npy97.npy,P0/data/dataset_particles2SNR_clean/train/10um/HFocusing_5_10_10um_0_1248.npy97.npy,10um,HFocusing_5_10_10um_0_1248.npy97.npy,,,,,0,0,2500,2500,,,copied_unchanged
P0/data/dataset/train/10um/HFocusing_5_10_10um_0_1261.npy100.npy,P0/data/dataset_particles2SNR_clean/train/10um/HFocusing_5_10_10um_0_1261.npy100.npy,10um,HFocusing_5_10_10um_0_1261.npy100.npy,,,,,0,0,2500,2500,,,copied_unchanged
P0/data/dataset/train/10um/HFocusing_5_10_10um_0_1264.npy101.npy,P0/data/dataset_particles2SNR_clean/train/10um/HFocusing_5_10_10um_0_1264.npy101.npy,10um,HFocusing_5_10_10um_0_1264.npy101.npy,,,,,0,0,2500,2500,,,copied_unchanged
P0/data/dataset/train/10um/HFocusing_5_10_10um_0_1266.npy102.npy,P0/data/dataset_particles2SNR_clean/train/10um/HFocusing_5_10_10um_0_1266.npy102.npy,10um,HFocusing_5_10_10um_0_1266.npy102.npy,,,,,0,0,2500,2500,,,copied_unchanged
P0/data/dataset/train/10um/HFocusing_5_10_10um_0_1270.npy103.npy,P0/data/dataset_particles2SNR_clean/train/10um/HFocusing_5_10_10um_0_1270.npy103.npy,10um,HFocusing_5_10_10um_0_1270.npy103.npy,,,,,0,0,2500,2500,,,copied_unchanged
P0/data/dataset/train/10um/HFocusing_5_10_10um_0_1286.npy108.npy,P0/data/dataset_particles2SNR_clean/train/10um/HFocusing_5_10_10um_0_1286.npy108.npy,10um,HFocusing_5_10_10um_0_1286.npy108.npy,,,,,0,0,2500,2500,,,copied_unchanged
P0/data/dataset/train/10um/HFocusing_5_10_10um_0_1301.npy112.npy,P0/data/dataset_particles2SNR_clean/train/10um/HFocusing_5_10_10um_0_1301.npy112.npy,10um,HFocusing_5_10_10um_0_1301.npy112.npy,,,,,0,0,2500,2500,,,copied_unchanged
P0/data/dataset/train/10um/HFocusing_5_10_10um_0_1311.npy115.npy,P0/data/dataset_particles2SNR_clean/train/10um/HFocusing_5_10_10um_0_1311.npy115.npy,10um,HFocusing_5_10_10um_0_1311.npy115.npy,,,,,0,0,2500,2500,,,copied_unchanged
P0/data/dataset/train/10um/HFocusing_5_10_10um_0_1315.npy116.npy,P0/data/dataset_particles2SNR_clean/train/10um/HFocusing_5_10_10um_0_1315.npy116.npy,10um,HFocusing_5_10_10um_0_1315.npy116.npy,,,,,0,0,2500,2500,,,copied_unchanged
P0/data/dataset/train/10um/HFocusing_5_10_10um_0_1332.npy121.npy,P0/data/dataset_particles2SNR_clean/train/10um/HFocusing_5_10_10um_0_1332.npy121.npy,10um,HFocusing_5_10_10um_0_1332.npy121.npy,,,,,0,0,2500,2500,,,copied_unchanged
P0/data/dataset/train/10um/HFocusing_5_10_10um_0_1362.npy128.npy,P0/data/dataset_particles2SNR_clean/train/10um/HFocusing_5_10_10um_0_1362.npy128.npy,10um,HFocusing_5_10_10um_0_1362.npy128.npy,,,,,0,0,2500,2500,,,copied_unchanged
P0/data/dataset/train/10um/HFocusing_5_10_10um_0_1362.npy130.npy,P0/data/dataset_particles2SNR_clean/train/10um/HFocusing_5_10_10um_0_1362.npy130.npy,10um,HFocusing_5_10_10um_0_1362.npy130.npy,,,,,0,0,2500,2500,,,copied_unchanged
P0/data/dataset/train/10um/HFocusing_5_10_10um_0_1390.npy139.npy,P0/data/dataset_particles2SNR_clean/train/10um/HFocusing_5_10_10um_0_1390.npy139.npy,10um,HFocusing_5_10_10um_0_1390.npy139.npy,,,,,0,0,2500,2500,,,copied_unchanged
P0/data/dataset/train/10um/HFocusing_5_10_10um_0_1397.npy142.npy,P0/data/dataset_particles2SNR_clean/train/10um/HFocusing_5_10_10um_0_1397.npy142.npy,10um,HFocusing_5_10_10um_0_1397.npy142.npy,,,,,0,0,2500,2500,,,copied_unchanged
P0/data/dataset/train/10um/HFocusing_5_10_10um_0_1407.npy144.npy,P0/data/dataset_particles2SNR_clean/train/10um/HFocusing_5_10_10um_0_1407.npy144.npy,10um,HFocusing_5_10_10um_0_1407.npy144.npy,,,,,0,0,2500,2500,,,copied_unchanged
P0/data/dataset/train/10um/HFocusing_5_10_10um_0_1411.npy146.npy,P0/data/dataset_particles2SNR_clean/train/10um/HFocusing_5_10_10um_0_1411.npy146.npy,10um,HFocusing_5_10_10um_0_1411.npy146.npy,,,,,0,0,2500,2500,,,copied_unchanged
P0/data/dataset/train/10um/HFocusing_5_10_10um_0_1421.npy150.npy,P0/data/dataset_particles2SNR_clean/train/10um/HFocusing_5_10_10um_0_1421.npy150.npy,10um,HFocusing_5_10_10um_0_1421.npy150.npy,,,,,0,0,2500,2500,,,copied_unchanged
P0/data/dataset/train/10um/HFocusing_5_10_10um_0_144.npy158.npy,P0/data/dataset_particles2SNR_clean/train/10um/HFocusing_5_10_10um_0_144.npy158.npy,10um,HFocusing_5_10_10um_0_144.npy158.npy,,,,,0,0,2500,2500,,,copied_unchanged
P0/data/dataset/train/10um/HFocusing_5_10_10um_0_1443.npy159.npy,P0/data/dataset_particles2SNR_clean/train/10um/HFocusing_5_10_10um_0_1443.npy159.npy,10um,HFocusing_5_10_10um_0_1443.npy159.npy,,,,,0,0,2500,2500,,,copied_unchanged
P0/data/dataset/train/10um/HFocusing_5_10_10um_0_1466.npy166.npy,P0/data/dataset_particles2SNR_clean/train/10um/HFocusing_5_10_10um_0_1466.npy166.npy,10um,HFocusing_5_10_10um_0_1466.npy166.npy,,,,,0,0,2500,2500,,,copied_unchanged
P0/data/dataset/train/10um/HFocusing_5_10_10um_0_1473.npy168.npy,P0/data/dataset_particles2SNR_clean/train/10um/HFocusing_5_10_10um_0_1473.npy168.npy,10um,HFocusing_5_10_10um_0_1473.npy168.npy,,,,,0,0,2500,2500,,,copied_unchanged
P0/data/dataset/train/10um/HFocusing_5_10_10um_0_1480.npy170.npy,P0/data/dataset_particles2SNR_clean/train/10um/HFocusing_5_10_10um_0_1480.npy170.npy,10um,HFocusing_5_10_10um_0_1480.npy170.npy,,,,,0,0,2500,2500,,,copied_unchanged
P0/data/dataset/train/10um/HFocusing_5_10_10um_0_1490.npy173.npy,P0/data/dataset_particles2SNR_clean/train/10um/HFocusing_5_10_10um_0_1490.npy173.npy,10um,HFocusing_5_10_10um_0_1490.npy173.npy,,,,,0,0,2500,2500,,,copied_unchanged
P0/data/dataset/train/10um/HFocusing_5_10_10um_0_1497.npy174.npy,P0/data/dataset_particles2SNR_clean/train/10um/HFocusing_5_10_10um_0_1497.npy174.npy,10um,HFocusing_5_10_10um_0_1497.npy174.npy,,,,,0,0,2500,2500,,,copied_unchanged
P0/data/dataset/train/10um/HFocusing_5_10_10um_0_150.npy176.npy,P0/data/dataset_particles2SNR_clean/train/10um/HFocusing_5_10_10um_0_150.npy176.npy,10um,HFocusing_5_10_10um_0_150.npy176.npy,,,,,0,0,2500,2500,,,copied_unchanged
P0/data/dataset/train/10um/HFocusing_5_10_10um_0_1500.npy177.npy,P0/data/dataset_particles2SNR_clean/train/10um/HFocusing_5_10_10um_0_1500.npy177.npy,10um,HFocusing_5_10_10um_0_1500.npy177.npy,,,,,0,0,2500,2500,,,copied_unchanged
P0/data/dataset/train/10um/HFocusing_5_10_10um_0_1514.npy183.npy,P0/data/dataset_particles2SNR_clean/train/10um/HFocusing_5_10_10um_0_1514.npy183.npy,10um,HFocusing_5_10_10um_0_1514.npy183.npy,,,,,0,0,2500,2500,,,copied_unchanged
P0/data/dataset/train/10um/HFocusing_5_10_10um_0_1520.npy187.npy,P0/data/dataset_particles2SNR_clean/train/10um/HFocusing_5_10_10um_0_1520.npy187.npy,10um,HFocusing_5_10_10um_0_1520.npy187.npy,,,,,0,0,2500,2500,,,copied_unchanged
P0/data/dataset/train/10um/HFocusing_5_10_10um_0_1523.npy188.npy,P0/data/dataset_particles2SNR_clean/train/10um/HFocusing_5_10_10um_0_1523.npy188.npy,10um,HFocusing_5_10_10um_0_1523.npy188.npy,,,,,0,0,2500,2500,,,copied_unchanged
P0/data/dataset/train/10um/HFocusing_5_10_10um_0_1538.npy193.npy,P0/data/dataset_particles2SNR_clean/train/10um/HFocusing_5_10_10um_0_1538.npy193.npy,10um,HFocusing_5_10_10um_0_1538.npy193.npy,,,,,0,0,2500,2500,,,copied_unchanged
P0/data/dataset/train/10um/HFocusing_5_10_10um_0_1541.npy195.npy,P0/data/dataset_particles2SNR_clean/train/10um/HFocusing_5_10_10um_0_1541.npy195.npy,10um,HFocusing_5_10_10um_0_1541.npy195.npy,,,,,0,0,2500,2500,,,copied_unchanged
P0/data/dataset/train/10um/HFocusing_5_10_10um_0_1541.npy196.npy,P0/data/dataset_particles2SNR_clean/train/10um/HFocusing_5_10_10um_0_1541.npy196.npy,10um,HFocusing_5_10_10um_0_1541.npy196.npy,,,,,0,0,2500,2500,,,copied_unchanged
P0/data/dataset/train/10um/HFocusing_5_10_10um_0_1547.npy198.npy,P0/data/dataset_particles2SNR_clean/train/10um/HFocusing_5_10_10um_0_1547.npy198.npy,10um,HFocusing_5_10_10um_0_1547.npy198.npy,,,,,0,0,2500,2500,,,copied_unchanged
P0/data/dataset/train/10um/HFocusing_5_10_10um_0_1550.npy199.npy,P0/data/dataset_particles2SNR_clean/train/10um/HFocusing_5_10_10um_0_1550.npy199.npy,10um,HFocusing_5_10_10um_0_1550.npy199.npy,,,,,0,0,2500,2500,,,copied_unchanged
P0/data/dataset/train/10um/HFocusing_5_10_10um_0_1554.npy200.npy,P0/data/dataset_particles2SNR_clean/train/10um/HFocusing_5_10_10um_0_1554.npy200.npy,10um,HFocusing_5_10_10um_0_1554.npy200.npy,,,,,0,0,2500,2500,,,copied_unchanged
P0/data/dataset/train/10um/HFocusing_5_10_10um_0_1557.npy201.npy,P0/data/dataset_particles2SNR_clean/train/10um/HFocusing_5_10_10um_0_1557.npy201.npy,10um,HFocusing_5_10_10um_0_1557.npy201.npy,,,,,0,0,2500,2500,,,copied_unchanged
P0/data/dataset/train/10um/HFocusing_5_10_10um_0_1560.npy202.npy,P0/data/dataset_particles2SNR_clean/train/10um/HFocusing_5_10_10um_0_1560.npy202.npy,10um,HFocusing_5_10_10um_0_1560.npy202.npy,,,,,0,0,2500,2500,,,copied_unchanged
P0/data/dataset/train/10um/HFocusing_5_10_10um_0_1563.npy203.npy,P0/data/dataset_particles2SNR_clean/train/10um/HFocusing_5_10_10um_0_1563.npy203.npy,10um,HFocusing_5_10_10um_0_1563.npy203.npy,,,,,0,0,2500,2500,,,copied_unchanged
P0/data/dataset/train/10um/HFocusing_5_10_10um_0_1565.npy204.npy,P0/data/dataset_particles2SNR_clean/train/10um/HFocusing_5_10_10um_0_1565.npy204.npy,10um,HFocusing_5_10_10um_0_1565.npy204.npy,,,,,0,0,2500,2500,,,copied_unchanged
P0/data/dataset/train/10um/HFocusing_5_10_10um_0_157.npy207.npy,P0/data/dataset_particles2SNR_clean/train/10um/HFocusing_5_10_10um_0_157.npy207.npy,10um,HFocusing_5_10_10um_0_157.npy207.npy,,,,,0,0,2500,2500,,,copied_unchanged
P0/data/dataset/train/10um/HFocusing_5_10_10um_0_1572.npy208.npy,P0/data/dataset_particles2SNR_clean/train/10um/HFocusing_5_10_10um_0_1572.npy208.npy,10um,HFocusing_5_10_10um_0_1572.npy208.npy,,,,,0,0,2500,2500,,,copied_unchanged
P0/data/dataset/train/10um/HFocusing_5_10_10um_0_1575.npy209.npy,P0/data/dataset_particles2SNR_clean/train/10um/HFocusing_5_10_10um_0_1575.npy209.npy,10um,HFocusing_5_10_10um_0_1575.npy209.npy,,,,,0,0,2500,2500,,,copied_unchanged
P0/data/dataset/train/10um/HFocusing_5_10_10um_0_160.npy217.npy,P0/data/dataset_particles2SNR_clean/train/10um/HFocusing_5_10_10um_0_160.npy217.npy,10um,HFocusing_5_10_10um_0_160.npy217.npy,,,,,0,0,2500,2500,,,copied_unchanged
P0/data/dataset/train/10um/HFocusing_5_10_10um_0_1604.npy218.npy,P0/data/dataset_particles2SNR_clean/train/10um/HFocusing_5_10_10um_0_1604.npy218.npy,10um,HFocusing_5_10_10um_0_1604.npy218.npy,,,,,0,0,2500,2500,,,copied_unchanged
P0/data/dataset/train/10um/HFocusing_5_10_10um_0_1608.npy219.npy,P0/data/dataset_particles2SNR_clean/train/10um/HFocusing_5_10_10um_0_1608.npy219.npy,10um,HFocusing_5_10_10um_0_1608.npy219.npy,,,,,0,0,2500,2500,,,copied_unchanged
P0/data/dataset/train/10um/HFocusing_5_10_10um_0_1614.npy220.npy,P0/data/dataset_particles2SNR_clean/train/10um/HFocusing_5_10_10um_0_1614.npy220.npy,10um,HFocusing_5_10_10um_0_1614.npy220.npy,,,,,0,0,2500,2500,,,copied_unchanged
P0/data/dataset/train/10um/HFocusing_5_10_10um_0_1617.npy221.npy,P0/data/dataset_particles2SNR_clean/train/10um/HFocusing_5_10_10um_0_1617.npy221.npy,10um,HFocusing_5_10_10um_0_1617.npy221.npy,,,,,0,0,2500,2500,,,copied_unchanged
P0/data/dataset/train/10um/HFocusing_5_10_10um_0_1621.npy222.npy,P0/data/dataset_particles2SNR_clean/train/10um/HFocusing_5_10_10um_0_1621.npy222.npy,10um,HFocusing_5_10_10um_0_1621.npy222.npy,,,,,0,0,2500,2500,,,copied_unchanged
P0/data/dataset/train/10um/HFocusing_5_10_10um_0_1628.npy225.npy,P0/data/dataset_particles2SNR_clean/train/10um/HFocusing_5_10_10um_0_1628.npy225.npy,10um,HFocusing_5_10_10um_0_1628.npy225.npy,,,,,0,0,2500,2500,,,copied_unchanged
P0/data/dataset/train/10um/HFocusing_5_10_10um_0_1631.npy226.npy,P0/data/dataset_particles2SNR_clean/train/10um/HFocusing_5_10_10um_0_1631.npy226.npy,10um,HFocusing_5_10_10um_0_1631.npy226.npy,,,,,0,0,2500,2500,,,copied_unchanged
P0/data/dataset/train/10um/HFocusing_5_10_10um_0_1638.npy230.npy,P0/data/dataset_particles2SNR_clean/train/10um/HFocusing_5_10_10um_0_1638.npy230.npy,10um,HFocusing_5_10_10um_0_1638.npy230.npy,,,,,0,0,2500,2500,,,copied_unchanged
P0/data/dataset/train/10um/HFocusing_5_10_10um_0_164.npy233.npy,P0/data/dataset_particles2SNR_clean/train/10um/HFocusing_5_10_10um_0_164.npy233.npy,10um,HFocusing_5_10_10um_0_164.npy233.npy,,,,,0,0,2500,2500,,,copied_unchanged
P0/data/dataset/train/10um/HFocusing_5_10_10um_0_1653.npy241.npy,P0/data/dataset_particles2SNR_clean/train/10um/HFocusing_5_10_10um_0_1653.npy241.npy,10um,HFocusing_5_10_10um_0_1653.npy241.npy,,,,,0,0,2500,2500,,,copied_unchanged
P0/data/dataset/train/10um/HFocusing_5_10_10um_0_1658.npy243.npy,P0/data/dataset_particles2SNR_clean/train/10um/HFocusing_5_10_10um_0_1658.npy243.npy,10um,HFocusing_5_10_10um_0_1658.npy243.npy,,,,,0,0,2500,2500,,,copied_unchanged
P0/data/dataset/train/10um/HFocusing_5_10_10um_0_1661.npy245.npy,P0/data/dataset_particles2SNR_clean/train/10um/HFocusing_5_10_10um_0_1661.npy245.npy,10um,HFocusing_5_10_10um_0_1661.npy245.npy,,,,,0,0,2500,2500,,,copied_unchanged
P0/data/dataset/train/10um/HFocusing_5_10_10um_0_1687.npy255.npy,P0/data/dataset_particles2SNR_clean/train/10um/HFocusing_5_10_10um_0_1687.npy255.npy,10um,HFocusing_5_10_10um_0_1687.npy255.npy,,,,,0,0,2500,2500,,,copied_unchanged
P0/data/dataset/train/10um/HFocusing_5_10_10um_0_1695.npy260.npy,P0/data/dataset_particles2SNR_clean/train/10um/HFocusing_5_10_10um_0_1695.npy260.npy,10um,HFocusing_5_10_10um_0_1695.npy260.npy,,,,,0,0,2500,2500,,,copied_unchanged
P0/data/dataset/train/10um/HFocusing_5_10_10um_0_1695.npy261.npy,P0/data/dataset_particles2SNR_clean/train/10um/HFocusing_5_10_10um_0_1695.npy261.npy,10um,HFocusing_5_10_10um_0_1695.npy261.npy,,,,,0,0,2500,2500,,,copied_unchanged
P0/data/dataset/train/10um/HFocusing_5_10_10um_0_1704.npy263.npy,P0/data/dataset_particles2SNR_clean/train/10um/HFocusing_5_10_10um_0_1704.npy263.npy,10um,HFocusing_5_10_10um_0_1704.npy263.npy,,,,,0,0,2500,2500,,,copied_unchanged
P0/data/dataset/train/10um/HFocusing_5_10_10um_0_1716.npy265.npy,P0/data/dataset_particles2SNR_clean/train/10um/HFocusing_5_10_10um_0_1716.npy265.npy,10um,HFocusing_5_10_10um_0_1716.npy265.npy,,,,,0,0,2500,2500,,,copied_unchanged
P0/data/dataset/train/10um/HFocusing_5_10_10um_0_1716.npy266.npy,P0/data/dataset_particles2SNR_clean/train/10um/HFocusing_5_10_10um_0_1716.npy266.npy,10um,HFocusing_5_10_10um_0_1716.npy266.npy,,,,,0,0,2500,2500,,,copied_unchanged
P0/data/dataset/train/10um/HFocusing_5_10_10um_0_172.npy267.npy,P0/data/dataset_particles2SNR_clean/train/10um/HFocusing_5_10_10um_0_172.npy267.npy,10um,HFocusing_5_10_10um_0_172.npy267.npy,,,,,0,0,2500,2500,,,copied_unchanged
P0/data/dataset/train/10um/HFocusing_5_10_10um_0_1724.npy268.npy,P0/data/dataset_particles2SNR_clean/train/10um/HFocusing_5_10_10um_0_1724.npy268.npy,10um,HFocusing_5_10_10um_0_1724.npy268.npy,,,,,0,0,2500,2500,,,copied_unchanged
P0/data/dataset/train/10um/HFocusing_5_10_10um_0_1730.npy270.npy,P0/data/dataset_particles2SNR_clean/train/10um/HFocusing_5_10_10um_0_1730.npy270.npy,10um,HFocusing_5_10_10um_0_1730.npy270.npy,,,,,0,0,2500,2500,,,copied_unchanged
P0/data/dataset/train/10um/HFocusing_5_10_10um_0_1733.npy271.npy,P0/data/dataset_particles2SNR_clean/train/10um/HFocusing_5_10_10um_0_1733.npy271.npy,10um,HFocusing_5_10_10um_0_1733.npy271.npy,,,,,0,0,2500,2500,,,copied_unchanged
P0/data/dataset/train/10um/HFocusing_5_10_10um_0_1747.npy279.npy,P0/data/dataset_particles2SNR_clean/train/10um/HFocusing_5_10_10um_0_1747.npy279.npy,10um,HFocusing_5_10_10um_0_1747.npy279.npy,,,,,0,0,2500,2500,,,copied_unchanged
P0/data/dataset/train/10um/HFocusing_5_10_10um_0_1751.npy281.npy,P0/data/dataset_particles2SNR_clean/train/10um/HFocusing_5_10_10um_0_1751.npy281.npy,10um,HFocusing_5_10_10um_0_1751.npy281.npy,,,,,0,0,2500,2500,,,copied_unchanged
P0/data/dataset/train/10um/HFocusing_5_10_10um_0_1754.npy282.npy,P0/data/dataset_particles2SNR_clean/train/10um/HFocusing_5_10_10um_0_1754.npy282.npy,10um,HFocusing_5_10_10um_0_1754.npy282.npy,,,,,0,0,2500,2500,,,copied_unchanged
P0/data/dataset/train/10um/HFocusing_5_10_10um_0_1762.npy287.npy,P0/data/dataset_particles2SNR_clean/train/10um/HFocusing_5_10_10um_0_1762.npy287.npy,10um,HFocusing_5_10_10um_0_1762.npy287.npy,,,,,0,0,2500,2500,,,copied_unchanged
P0/data/dataset/train/10um/HFocusing_5_10_10um_0_1772.npy293.npy,P0/data/dataset_particles2SNR_clean/train/10um/HFocusing_5_10_10um_0_1772.npy293.npy,10um,HFocusing_5_10_10um_0_1772.npy293.npy,,,,,0,0,2500,2500,,,copied_unchanged
P0/data/dataset/train/10um/HFocusing_5_10_10um_0_1794.npy306.npy,P0/data/dataset_particles2SNR_clean/train/10um/HFocusing_5_10_10um_0_1794.npy306.npy,10um,HFocusing_5_10_10um_0_1794.npy306.npy,,,,,0,0,2500,2500,,,copied_unchanged
P0/data/dataset/train/10um/HFocusing_5_10_10um_0_1797.npy308.npy,P0/data/dataset_particles2SNR_clean/train/10um/HFocusing_5_10_10um_0_1797.npy308.npy,10um,HFocusing_5_10_10um_0_1797.npy308.npy,,,,,0,0,2500,2500,,,copied_unchanged
P0/data/dataset/train/10um/HFocusing_5_10_10um_0_1807.npy312.npy,P0/data/dataset_particles2SNR_clean/train/10um/HFocusing_5_10_10um_0_1807.npy312.npy,10um,HFocusing_5_10_10um_0_1807.npy312.npy,,,,,0,0,2500,2500,,,copied_unchanged
P0/data/dataset/train/10um/HFocusing_5_10_10um_0_1815.npy317.npy,P0/data/dataset_particles2SNR_clean/train/10um/HFocusing_5_10_10um_0_1815.npy317.npy,10um,HFocusing_5_10_10um_0_1815.npy317.npy,,,,,0,0,2500,2500,,,copied_unchanged
P0/data/dataset/train/10um/HFocusing_5_10_10um_0_1822.npy320.npy,P0/data/dataset_particles2SNR_clean/train/10um/HFocusing_5_10_10um_0_1822.npy320.npy,10um,HFocusing_5_10_10um_0_1822.npy320.npy,,,,,0,0,2500,2500,,,copied_unchanged
P0/data/dataset/train/10um/HFocusing_5_10_10um_0_1825.npy321.npy,P0/data/dataset_particles2SNR_clean/train/10um/HFocusing_5_10_10um_0_1825.npy321.npy,10um,HFocusing_5_10_10um_0_1825.npy321.npy,,,,,0,0,2500,2500,,,copied_unchanged
P0/data/dataset/train/10um/HFocusing_5_10_10um_0_1846.npy327.npy,P0/data/dataset_particles2SNR_clean/train/10um/HFocusing_5_10_10um_0_1846.npy327.npy,10um,HFocusing_5_10_10um_0_1846.npy327.npy,,,,,0,0,2500,2500,,,copied_unchanged
P0/data/dataset/train/10um/HFocusing_5_10_10um_0_1850.npy331.npy,P0/data/dataset_particles2SNR_clean/train/10um/HFocusing_5_10_10um_0_1850.npy331.npy,10um,HFocusing_5_10_10um_0_1850.npy331.npy,,,,,0,0,2500,2500,,,copied_unchanged
P0/data/dataset/train/10um/HFocusing_5_10_10um_0_1859.npy335.npy,P0/data/dataset_particles2SNR_clean/train/10um/HFocusing_5_10_10um_0_1859.npy335.npy,10um,HFocusing_5_10_10um_0_1859.npy335.npy,,,,,0,0,2500,2500,,,copied_unchanged
P0/data/dataset/train/10um/HFocusing_5_10_10um_0_1863.npy336.npy,P0/data/dataset_particles2SNR_clean/train/10um/HFocusing_5_10_10um_0_1863.npy336.npy,10um,HFocusing_5_10_10um_0_1863.npy336.npy,,,,,0,0,2500,2500,,,copied_unchanged
P0/data/dataset/train/10um/HFocusing_5_10_10um_0_1879.npy343.npy,P0/data/dataset_particles2SNR_clean/train/10um/HFocusing_5_10_10um_0_1879.npy343.npy,10um,HFocusing_5_10_10um_0_1879.npy343.npy,,,,,0,0,2500,2500,,,copied_unchanged
P0/data/dataset/train/10um/HFocusing_5_10_10um_0_1882.npy345.npy,P0/data/dataset_particles2SNR_clean/train/10um/HFocusing_5_10_10um_0_1882.npy345.npy,10um,HFocusing_5_10_10um_0_1882.npy345.npy,,,,,0,0,2500,2500,,,copied_unchanged
P0/data/dataset/train/10um/HFocusing_5_10_10um_0_1889.npy347.npy,P0/data/dataset_particles2SNR_clean/train/10um/HFocusing_5_10_10um_0_1889.npy347.npy,10um,HFocusing_5_10_10um_0_1889.npy347.npy,,,,,0,0,2500,2500,,,copied_unchanged
P0/data/dataset/train/10um/HFocusing_5_10_10um_0_189.npy348.npy,P0/data/dataset_particles2SNR_clean/train/10um/HFocusing_5_10_10um_0_189.npy348.npy,10um,HFocusing_5_10_10um_0_189.npy348.npy,,,,,0,0,2500,2500,,,copied_unchanged
P0/data/dataset/train/10um/HFocusing_5_10_10um_0_1891.npy350.npy,P0/data/dataset_particles2SNR_clean/train/10um/HFocusing_5_10_10um_0_1891.npy350.npy,10um,HFocusing_5_10_10um_0_1891.npy350.npy,,,,,0,0,2500,2500,,,copied_unchanged
P0/data/dataset/train/10um/HFocusing_5_10_10um_0_19.npy353.npy,P0/data/dataset_particles2SNR_clean/train/10um/HFocusing_5_10_10um_0_19.npy353.npy,10um,HFocusing_5_10_10um_0_19.npy353.npy,,,,,0,0,2500,2500,,,copied_unchanged
P0/data/dataset/train/10um/HFocusing_5_10_10um_0_1908.npy355.npy,P0/data/dataset_particles2SNR_clean/train/10um/HFocusing_5_10_10um_0_1908.npy355.npy,10um,HFocusing_5_10_10um_0_1908.npy355.npy,,,,,0,0,2500,2500,,,copied_unchanged
P0/data/dataset/train/10um/HFocusing_5_10_10um_0_1912.npy356.npy,P0/data/dataset_particles2SNR_clean/train/10um/HFocusing_5_10_10um_0_1912.npy356.npy,10um,HFocusing_5_10_10um_0_1912.npy356.npy,,,,,0,0,2500,2500,,,copied_unchanged
P0/data/dataset/train/10um/HFocusing_5_10_10um_0_1929.npy363.npy,P0/data/dataset_particles2SNR_clean/train/10um/HFocusing_5_10_10um_0_1929.npy363.npy,10um,HFocusing_5_10_10um_0_1929.npy363.npy,,,,,0,0,2500,2500,,,copied_unchanged
P0/data/dataset/train/10um/HFocusing_5_10_10um_0_193.npy364.npy,P0/data/dataset_particles2SNR_clean/train/10um/HFocusing_5_10_10um_0_193.npy364.npy,10um,HFocusing_5_10_10um_0_193.npy364.npy,,,,,0,0,2500,2500,,,copied_unchanged
P0/data/dataset/train/10um/HFocusing_5_10_10um_0_1954.npy374.npy,P0/data/dataset_particles2SNR_clean/train/10um/HFocusing_5_10_10um_0_1954.npy374.npy,10um,HFocusing_5_10_10um_0_1954.npy374.npy,,,,,0,0,2500,2500,,,copied_unchanged
P0/data/dataset/train/10um/HFocusing_5_10_10um_0_1961.npy376.npy,P0/data/dataset_particles2SNR_clean/train/10um/HFocusing_5_10_10um_0_1961.npy376.npy,10um,HFocusing_5_10_10um_0_1961.npy376.npy,,,,,0,0,2500,2500,,,copied_unchanged
P0/data/dataset/train/10um/HFocusing_5_10_10um_0_1967.npy378.npy,P0/data/dataset_particles2SNR_clean/train/10um/HFocusing_5_10_10um_0_1967.npy378.npy,10um,HFocusing_5_10_10um_0_1967.npy378.npy,,,,,0,0,2500,2500,,,copied_unchanged
P0/data/dataset/train/10um/HFocusing_5_10_10um_0_197.npy379.npy,P0/data/dataset_particles2SNR_clean/train/10um/HFocusing_5_10_10um_0_197.npy379.npy,10um,HFocusing_5_10_10um_0_197.npy379.npy,,,,,0,0,2500,2500,,,copied_unchanged
P0/data/dataset/train/10um/HFocusing_5_10_10um_0_1971.npy381.npy,P0/data/dataset_particles2SNR_clean/train/10um/HFocusing_5_10_10um_0_1971.npy381.npy,10um,HFocusing_5_10_10um_0_1971.npy381.npy,,,,,0,0,2500,2500,,,copied_unchanged
P0/data/dataset/train/10um/HFocusing_5_10_10um_0_1982.npy382.npy,P0/data/dataset_particles2SNR_clean/train/10um/HFocusing_5_10_10um_0_1982.npy382.npy,10um,HFocusing_5_10_10um_0_1982.npy382.npy,,,,,0,0,2500,2500,,,copied_unchanged
P0/data/dataset/train/10um/HFocusing_5_10_10um_0_1991.npy386.npy,P0/data/dataset_particles2SNR_clean/train/10um/HFocusing_5_10_10um_0_1991.npy386.npy,10um,HFocusing_5_10_10um_0_1991.npy386.npy,,,,,0,0,2500,2500,,,copied_unchanged
P0/data/dataset/train/10um/HFocusing_5_10_10um_0_1997.npy388.npy,P0/data/dataset_particles2SNR_clean/train/10um/HFocusing_5_10_10um_0_1997.npy388.npy,10um,HFocusing_5_10_10um_0_1997.npy388.npy,,,,,0,0,2500,2500,,,copied_unchanged
P0/data/dataset/train/10um/HFocusing_5_10_10um_0_2007.npy393.npy,P0/data/dataset_particles2SNR_clean/train/10um/HFocusing_5_10_10um_0_2007.npy393.npy,10um,HFocusing_5_10_10um_0_2007.npy393.npy,,,,,0,0,2500,2500,,,copied_unchanged
P0/data/dataset/train/10um/HFocusing_5_10_10um_0_2010.npy395.npy,P0/data/dataset_particles2SNR_clean/train/10um/HFocusing_5_10_10um_0_2010.npy395.npy,10um,HFocusing_5_10_10um_0_2010.npy395.npy,,,,,0,0,2500,2500,,,copied_unchanged
P0/data/dataset/train/10um/HFocusing_5_10_10um_0_2023.npy398.npy,P0/data/dataset_particles2SNR_clean/train/10um/HFocusing_5_10_10um_0_2023.npy398.npy,10um,HFocusing_5_10_10um_0_2023.npy398.npy,,,,,0,0,2500,2500,,,copied_unchanged
P0/data/dataset/train/10um/HFocusing_5_10_10um_0_2027.npy399.npy,P0/data/dataset_particles2SNR_clean/train/10um/HFocusing_5_10_10um_0_2027.npy399.npy,10um,HFocusing_5_10_10um_0_2027.npy399.npy,,,,,0,0,2500,2500,,,copied_unchanged
P0/data/dataset/train/10um/HFocusing_5_10_10um_0_204.npy401.npy,P0/data/dataset_particles2SNR_clean/train/10um/HFocusing_5_10_10um_0_204.npy401.npy,10um,HFocusing_5_10_10um_0_204.npy401.npy,,,,,0,0,2500,2500,,,copied_unchanged
P0/data/dataset/train/10um/HFocusing_5_10_10um_0_2056.npy405.npy,P0/data/dataset_particles2SNR_clean/train/10um/HFocusing_5_10_10um_0_2056.npy405.npy,10um,HFocusing_5_10_10um_0_2056.npy405.npy,,,,,0,0,2500,2500,,,copied_unchanged
P0/data/dataset/train/10um/HFocusing_5_10_10um_0_2062.npy407.npy,P0/data/dataset_particles2SNR_clean/train/10um/HFocusing_5_10_10um_0_2062.npy407.npy,10um,HFocusing_5_10_10um_0_2062.npy407.npy,,,,,0,0,2500,2500,,,copied_unchanged
P0/data/dataset/train/10um/HFocusing_5_10_10um_0_2075.npy412.npy,P0/data/dataset_particles2SNR_clean/train/10um/HFocusing_5_10_10um_0_2075.npy412.npy,10um,HFocusing_5_10_10um_0_2075.npy412.npy,,,,,0,0,2500,2500,,,copied_unchanged
P0/data/dataset/train/10um/HFocusing_5_10_10um_0_2079.npy413.npy,P0/data/dataset_particles2SNR_clean/train/10um/HFocusing_5_10_10um_0_2079.npy413.npy,10um,HFocusing_5_10_10um_0_2079.npy413.npy,,,,,0,0,2500,2500,,,copied_unchanged
P0/data/dataset/train/10um/HFocusing_5_10_10um_0_2094.npy420.npy,P0/data/dataset_particles2SNR_clean/train/10um/HFocusing_5_10_10um_0_2094.npy420.npy,10um,HFocusing_5_10_10um_0_2094.npy420.npy,,,,,0,0,2500,2500,,,copied_unchanged
P0/data/dataset/train/10um/HFocusing_5_10_10um_0_2106.npy425.npy,P0/data/dataset_particles2SNR_clean/train/10um/HFocusing_5_10_10um_0_2106.npy425.npy,10um,HFocusing_5_10_10um_0_2106.npy425.npy,,,,,0,0,2500,2500,,,copied_unchanged
P0/data/dataset/train/10um/HFocusing_5_10_10um_0_214.npy426.npy,P0/data/dataset_particles2SNR_clean/train/10um/HFocusing_5_10_10um_0_214.npy426.npy,10um,HFocusing_5_10_10um_0_214.npy426.npy,,,,,0,0,2500,2500,,,copied_unchanged
P0/data/dataset/train/10um/HFocusing_5_10_10um_0_240.npy434.npy,P0/data/dataset_particles2SNR_clean/train/10um/HFocusing_5_10_10um_0_240.npy434.npy,10um,HFocusing_5_10_10um_0_240.npy434.npy,,,,,0,0,2500,2500,,,copied_unchanged
P0/data/dataset/train/10um/HFocusing_5_10_10um_0_243.npy435.npy,P0/data/dataset_particles2SNR_clean/train/10um/HFocusing_5_10_10um_0_243.npy435.npy,10um,HFocusing_5_10_10um_0_243.npy435.npy,,,,,0,0,2500,2500,,,copied_unchanged
P0/data/dataset/train/10um/HFocusing_5_10_10um_0_246.npy437.npy,P0/data/dataset_particles2SNR_clean/train/10um/HFocusing_5_10_10um_0_246.npy437.npy,10um,HFocusing_5_10_10um_0_246.npy437.npy,,,,,0,0,2500,2500,,,copied_unchanged
P0/data/dataset/train/10um/HFocusing_5_10_10um_0_252.npy439.npy,P0/data/dataset_particles2SNR_clean/train/10um/HFocusing_5_10_10um_0_252.npy439.npy,10um,HFocusing_5_10_10um_0_252.npy439.npy,,,,,0,0,2500,2500,,,copied_unchanged
P0/data/dataset/train/10um/HFocusing_5_10_10um_0_255.npy440.npy,P0/data/dataset_particles2SNR_clean/train/10um/HFocusing_5_10_10um_0_255.npy440.npy,10um,HFocusing_5_10_10um_0_255.npy440.npy,,,,,0,0,2500,2500,,,copied_unchanged
P0/data/dataset/train/10um/HFocusing_5_10_10um_0_279.npy450.npy,P0/data/dataset_particles2SNR_clean/train/10um/HFocusing_5_10_10um_0_279.npy450.npy,10um,HFocusing_5_10_10um_0_279.npy450.npy,,,,,0,0,2500,2500,,,copied_unchanged
P0/data/dataset/train/10um/HFocusing_5_10_10um_0_282.npy451.npy,P0/data/dataset_particles2SNR_clean/train/10um/HFocusing_5_10_10um_0_282.npy451.npy,10um,HFocusing_5_10_10um_0_282.npy451.npy,,,,,0,0,2500,2500,,,copied_unchanged
P0/data/dataset/train/10um/HFocusing_5_10_10um_0_286.npy453.npy,P0/data/dataset_particles2SNR_clean/train/10um/HFocusing_5_10_10um_0_286.npy453.npy,10um,HFocusing_5_10_10um_0_286.npy453.npy,,,,,0,0,2500,2500,,,copied_unchanged
P0/data/dataset/train/10um/HFocusing_5_10_10um_0_307.npy462.npy,P0/data/dataset_particles2SNR_clean/train/10um/HFocusing_5_10_10um_0_307.npy462.npy,10um,HFocusing_5_10_10um_0_307.npy462.npy,,,,,0,0,2500,2500,,,copied_unchanged
P0/data/dataset/train/10um/HFocusing_5_10_10um_0_310.npy463.npy,P0/data/dataset_particles2SNR_clean/train/10um/HFocusing_5_10_10um_0_310.npy463.npy,10um,HFocusing_5_10_10um_0_310.npy463.npy,,,,,0,0,2500,2500,,,copied_unchanged
P0/data/dataset/train/10um/HFocusing_5_10_10um_0_325.npy467.npy,P0/data/dataset_particles2SNR_clean/train/10um/HFocusing_5_10_10um_0_325.npy467.npy,10um,HFocusing_5_10_10um_0_325.npy467.npy,,,,,0,0,2500,2500,,,copied_unchanged
P0/data/dataset/train/10um/HFocusing_5_10_10um_0_329.npy469.npy,P0/data/dataset_particles2SNR_clean/train/10um/HFocusing_5_10_10um_0_329.npy469.npy,10um,HFocusing_5_10_10um_0_329.npy469.npy,,,,,0,0,2500,2500,,,copied_unchanged
P0/data/dataset/train/10um/HFocusing_5_10_10um_0_33.npy470.npy,P0/data/dataset_particles2SNR_clean/train/10um/HFocusing_5_10_10um_0_33.npy470.npy,10um,HFocusing_5_10_10um_0_33.npy470.npy,,,,,0,0,2500,2500,,,copied_unchanged
P0/data/dataset/train/10um/HFocusing_5_10_10um_0_335.npy472.npy,P0/data/dataset_particles2SNR_clean/train/10um/HFocusing_5_10_10um_0_335.npy472.npy,10um,HFocusing_5_10_10um_0_335.npy472.npy,,,,,0,0,2500,2500,,,copied_unchanged
P0/data/dataset/train/10um/HFocusing_5_10_10um_0_337.npy473.npy,P0/data/dataset_particles2SNR_clean/train/10um/HFocusing_5_10_10um_0_337.npy473.npy,10um,HFocusing_5_10_10um_0_337.npy473.npy,,,,,0,0,2500,2500,,,copied_unchanged
P0/data/dataset/train/10um/HFocusing_5_10_10um_0_343.npy476.npy,P0/data/dataset_particles2SNR_clean/train/10um/HFocusing_5_10_10um_0_343.npy476.npy,10um,HFocusing_5_10_10um_0_343.npy476.npy,,,,,0,0,2500,2500,,,copied_unchanged
P0/data/dataset/train/10um/HFocusing_5_10_10um_0_350.npy478.npy,P0/data/dataset_particles2SNR_clean/train/10um/HFocusing_5_10_10um_0_350.npy478.npy,10um,HFocusing_5_10_10um_0_350.npy478.npy,,,,,0,0,2500,2500,,,copied_unchanged
P0/data/dataset/train/10um/HFocusing_5_10_10um_0_36.npy482.npy,P0/data/dataset_particles2SNR_clean/train/10um/HFocusing_5_10_10um_0_36.npy482.npy,10um,HFocusing_5_10_10um_0_36.npy482.npy,,,,,0,0,2500,2500,,,copied_unchanged
P0/data/dataset/train/10um/HFocusing_5_10_10um_0_365.npy484.npy,P0/data/dataset_particles2SNR_clean/train/10um/HFocusing_5_10_10um_0_365.npy484.npy,10um,HFocusing_5_10_10um_0_365.npy484.npy,,,,,0,0,2500,2500,,,copied_unchanged
P0/data/dataset/train/10um/HFocusing_5_10_10um_0_371.npy486.npy,P0/data/dataset_particles2SNR_clean/train/10um/HFocusing_5_10_10um_0_371.npy486.npy,10um,HFocusing_5_10_10um_0_371.npy486.npy,,,,,0,0,2500,2500,,,copied_unchanged
P0/data/dataset/train/10um/HFocusing_5_10_10um_0_374.npy487.npy,P0/data/dataset_particles2SNR_clean/train/10um/HFocusing_5_10_10um_0_374.npy487.npy,10um,HFocusing_5_10_10um_0_374.npy487.npy,,,,,0,0,2500,2500,,,copied_unchanged
P0/data/dataset/train/10um/HFocusing_5_10_10um_0_378.npy489.npy,P0/data/dataset_particles2SNR_clean/train/10um/HFocusing_5_10_10um_0_378.npy489.npy,10um,HFocusing_5_10_10um_0_378.npy489.npy,,,,,0,0,2500,2500,,,copied_unchanged
P0/data/dataset/train/10um/HFocusing_5_10_10um_0_381.npy491.npy,P0/data/dataset_particles2SNR_clean/train/10um/HFocusing_5_10_10um_0_381.npy491.npy,10um,HFocusing_5_10_10um_0_381.npy491.npy,,,,,0,0,2500,2500,,,copied_unchanged
P0/data/dataset/train/10um/HFocusing_5_10_10um_0_395.npy495.npy,P0/data/dataset_particles2SNR_clean/train/10um/HFocusing_5_10_10um_0_395.npy495.npy,10um,HFocusing_5_10_10um_0_395.npy495.npy,,,,,0,0,2500,2500,,,copied_unchanged
P0/data/dataset/train/10um/HFocusing_5_10_10um_0_399.npy496.npy,P0/data/dataset_particles2SNR_clean/train/10um/HFocusing_5_10_10um_0_399.npy496.npy,10um,HFocusing_5_10_10um_0_399.npy496.npy,,,,,0,0,2500,2500,,,copied_unchanged
P0/data/dataset/train/10um/HFocusing_5_10_10um_0_410.npy500.npy,P0/data/dataset_particles2SNR_clean/train/10um/HFocusing_5_10_10um_0_410.npy500.npy,10um,HFocusing_5_10_10um_0_410.npy500.npy,,,,,0,0,2500,2500,,,copied_unchanged
P0/data/dataset/train/10um/HFocusing_5_10_10um_0_413.npy501.npy,P0/data/dataset_particles2SNR_clean/train/10um/HFocusing_5_10_10um_0_413.npy501.npy,10um,HFocusing_5_10_10um_0_413.npy501.npy,,,,,0,0,2500,2500,,,copied_unchanged
P0/data/dataset/train/10um/HFocusing_5_10_10um_0_416.npy502.npy,P0/data/dataset_particles2SNR_clean/train/10um/HFocusing_5_10_10um_0_416.npy502.npy,10um,HFocusing_5_10_10um_0_416.npy502.npy,,,,,0,0,2500,2500,,,copied_unchanged
P0/data/dataset/train/10um/HFocusing_5_10_10um_0_424.npy505.npy,P0/data/dataset_particles2SNR_clean/train/10um/HFocusing_5_10_10um_0_424.npy505.npy,10um,HFocusing_5_10_10um_0_424.npy505.npy,,,,,0,0,2500,2500,,,copied_unchanged
P0/data/dataset/train/10um/HFocusing_5_10_10um_0_43.npy507.npy,P0/data/dataset_particles2SNR_clean/train/10um/HFocusing_5_10_10um_0_43.npy507.npy,10um,HFocusing_5_10_10um_0_43.npy507.npy,,,,,0,0,2500,2500,,,copied_unchanged
P0/data/dataset/train/10um/HFocusing_5_10_10um_0_430.npy508.npy,P0/data/dataset_particles2SNR_clean/train/10um/HFocusing_5_10_10um_0_430.npy508.npy,10um,HFocusing_5_10_10um_0_430.npy508.npy,,,,,0,0,2500,2500,,,copied_unchanged
P0/data/dataset/train/10um/HFocusing_5_10_10um_0_433.npy509.npy,P0/data/dataset_particles2SNR_clean/train/10um/HFocusing_5_10_10um_0_433.npy509.npy,10um,HFocusing_5_10_10um_0_433.npy509.npy,,,,,0,0,2500,2500,,,copied_unchanged
P0/data/dataset/train/10um/HFocusing_5_10_10um_0_447.npy513.npy,P0/data/dataset_particles2SNR_clean/train/10um/HFocusing_5_10_10um_0_447.npy513.npy,10um,HFocusing_5_10_10um_0_447.npy513.npy,,,,,0,0,2500,2500,,,copied_unchanged
P0/data/dataset/train/10um/HFocusing_5_10_10um_0_450.npy514.npy,P0/data/dataset_particles2SNR_clean/train/10um/HFocusing_5_10_10um_0_450.npy514.npy,10um,HFocusing_5_10_10um_0_450.npy514.npy,,,,,0,0,2500,2500,,,copied_unchanged
P0/data/dataset/train/10um/HFocusing_5_10_10um_0_454.npy517.npy,P0/data/dataset_particles2SNR_clean/train/10um/HFocusing_5_10_10um_0_454.npy517.npy,10um,HFocusing_5_10_10um_0_454.npy517.npy,,,,,0,0,2500,2500,,,copied_unchanged
P0/data/dataset/train/10um/HFocusing_5_10_10um_0_46.npy518.npy,P0/data/dataset_particles2SNR_clean/train/10um/HFocusing_5_10_10um_0_46.npy518.npy,10um,HFocusing_5_10_10um_0_46.npy518.npy,,,,,0,0,2500,2500,,,copied_unchanged
P0/data/dataset/train/10um/HFocusing_5_10_10um_0_475.npy521.npy,P0/data/dataset_particles2SNR_clean/train/10um/HFocusing_5_10_10um_0_475.npy521.npy,10um,HFocusing_5_10_10um_0_475.npy521.npy,,,,,0,0,2500,2500,,,copied_unchanged
P0/data/dataset/train/10um/HFocusing_5_10_10um_0_482.npy523.npy,P0/data/dataset_particles2SNR_clean/train/10um/HFocusing_5_10_10um_0_482.npy523.npy,10um,HFocusing_5_10_10um_0_482.npy523.npy,,,,,0,0,2500,2500,,,copied_unchanged
P0/data/dataset/train/10um/HFocusing_5_10_10um_0_491.npy529.npy,P0/data/dataset_particles2SNR_clean/train/10um/HFocusing_5_10_10um_0_491.npy529.npy,10um,HFocusing_5_10_10um_0_491.npy529.npy,,,,,0,0,2500,2500,,,copied_unchanged
P0/data/dataset/train/10um/HFocusing_5_10_10um_0_507.npy537.npy,P0/data/dataset_particles2SNR_clean/train/10um/HFocusing_5_10_10um_0_507.npy537.npy,10um,HFocusing_5_10_10um_0_507.npy537.npy,,,,,0,0,2500,2500,,,copied_unchanged
P0/data/dataset/train/10um/HFocusing_5_10_10um_0_507.npy538.npy,P0/data/dataset_particles2SNR_clean/train/10um/HFocusing_5_10_10um_0_507.npy538.npy,10um,HFocusing_5_10_10um_0_507.npy538.npy,,,,,0,0,2500,2500,,,copied_unchanged
P0/data/dataset/train/10um/HFocusing_5_10_10um_0_520.npy540.npy,P0/data/dataset_particles2SNR_clean/train/10um/HFocusing_5_10_10um_0_520.npy540.npy,10um,HFocusing_5_10_10um_0_520.npy540.npy,,,,,0,0,2500,2500,,,copied_unchanged
P0/data/dataset/train/10um/HFocusing_5_10_10um_0_526.npy544.npy,P0/data/dataset_particles2SNR_clean/train/10um/HFocusing_5_10_10um_0_526.npy544.npy,10um,HFocusing_5_10_10um_0_526.npy544.npy,,,,,0,0,2500,2500,,,copied_unchanged
P0/data/dataset/train/10um/HFocusing_5_10_10um_0_529.npy545.npy,P0/data/dataset_particles2SNR_clean/train/10um/HFocusing_5_10_10um_0_529.npy545.npy,10um,HFocusing_5_10_10um_0_529.npy545.npy,,,,,0,0,2500,2500,,,copied_unchanged
P0/data/dataset/train/10um/HFocusing_5_10_10um_0_542.npy547.npy,P0/data/dataset_particles2SNR_clean/train/10um/HFocusing_5_10_10um_0_542.npy547.npy,10um,HFocusing_5_10_10um_0_542.npy547.npy,,,,,0,0,2500,2500,,,copied_unchanged
P0/data/dataset/train/10um/HFocusing_5_10_10um_0_545.npy548.npy,P0/data/dataset_particles2SNR_clean/train/10um/HFocusing_5_10_10um_0_545.npy548.npy,10um,HFocusing_5_10_10um_0_545.npy548.npy,,,,,0,0,2500,2500,,,copied_unchanged
P0/data/dataset/train/10um/HFocusing_5_10_10um_0_554.npy554.npy,P0/data/dataset_particles2SNR_clean/train/10um/HFocusing_5_10_10um_0_554.npy554.npy,10um,HFocusing_5_10_10um_0_554.npy554.npy,,,,,0,0,2500,2500,,,copied_unchanged
P0/data/dataset/train/10um/HFocusing_5_10_10um_0_557.npy555.npy,P0/data/dataset_particles2SNR_clean/train/10um/HFocusing_5_10_10um_0_557.npy555.npy,10um,HFocusing_5_10_10um_0_557.npy555.npy,,,,,0,0,2500,2500,,,copied_unchanged
P0/data/dataset/train/10um/HFocusing_5_10_10um_0_566.npy558.npy,P0/data/dataset_particles2SNR_clean/train/10um/HFocusing_5_10_10um_0_566.npy558.npy,10um,HFocusing_5_10_10um_0_566.npy558.npy,,,,,0,0,2500,2500,,,copied_unchanged
P0/data/dataset/train/10um/HFocusing_5_10_10um_0_569.npy559.npy,P0/data/dataset_particles2SNR_clean/train/10um/HFocusing_5_10_10um_0_569.npy559.npy,10um,HFocusing_5_10_10um_0_569.npy559.npy,,,,,0,0,2500,2500,,,copied_unchanged
P0/data/dataset/train/10um/HFocusing_5_10_10um_0_572.npy560.npy,P0/data/dataset_particles2SNR_clean/train/10um/HFocusing_5_10_10um_0_572.npy560.npy,10um,HFocusing_5_10_10um_0_572.npy560.npy,,,,,0,0,2500,2500,,,copied_unchanged
P0/data/dataset/train/10um/HFocusing_5_10_10um_0_581.npy564.npy,P0/data/dataset_particles2SNR_clean/train/10um/HFocusing_5_10_10um_0_581.npy564.npy,10um,HFocusing_5_10_10um_0_581.npy564.npy,,,,,0,0,2500,2500,,,copied_unchanged
P0/data/dataset/train/10um/HFocusing_5_10_10um_0_588.npy567.npy,P0/data/dataset_particles2SNR_clean/train/10um/HFocusing_5_10_10um_0_588.npy567.npy,10um,HFocusing_5_10_10um_0_588.npy567.npy,,,,,0,0,2500,2500,,,copied_unchanged
P0/data/dataset/train/10um/HFocusing_5_10_10um_0_591.npy569.npy,P0/data/dataset_particles2SNR_clean/train/10um/HFocusing_5_10_10um_0_591.npy569.npy,10um,HFocusing_5_10_10um_0_591.npy569.npy,,,,,0,0,2500,2500,,,copied_unchanged
P0/data/dataset/train/10um/HFocusing_5_10_10um_0_601.npy571.npy,P0/data/dataset_particles2SNR_clean/train/10um/HFocusing_5_10_10um_0_601.npy571.npy,10um,HFocusing_5_10_10um_0_601.npy571.npy,,,,,0,0,2500,2500,,,copied_unchanged
P0/data/dataset/train/10um/HFocusing_5_10_10um_0_604.npy572.npy,P0/data/dataset_particles2SNR_clean/train/10um/HFocusing_5_10_10um_0_604.npy572.npy,10um,HFocusing_5_10_10um_0_604.npy572.npy,,,,,0,0,2500,2500,,,copied_unchanged
P0/data/dataset/train/10um/HFocusing_5_10_10um_0_610.npy574.npy,P0/data/dataset_particles2SNR_clean/train/10um/HFocusing_5_10_10um_0_610.npy574.npy,10um,HFocusing_5_10_10um_0_610.npy574.npy,,,,,0,0,2500,2500,,,copied_unchanged
P0/data/dataset/train/10um/HFocusing_5_10_10um_0_613.npy576.npy,P0/data/dataset_particles2SNR_clean/train/10um/HFocusing_5_10_10um_0_613.npy576.npy,10um,HFocusing_5_10_10um_0_613.npy576.npy,,,,,0,0,2500,2500,,,copied_unchanged
P0/data/dataset/train/10um/HFocusing_5_10_10um_0_622.npy578.npy,P0/data/dataset_particles2SNR_clean/train/10um/HFocusing_5_10_10um_0_622.npy578.npy,10um,HFocusing_5_10_10um_0_622.npy578.npy,,,,,0,0,2500,2500,,,copied_unchanged
P0/data/dataset/train/10um/HFocusing_5_10_10um_0_632.npy580.npy,P0/data/dataset_particles2SNR_clean/train/10um/HFocusing_5_10_10um_0_632.npy580.npy,10um,HFocusing_5_10_10um_0_632.npy580.npy,,,,,0,0,2500,2500,,,copied_unchanged
P0/data/dataset/train/10um/HFocusing_5_10_10um_0_656.npy584.npy,P0/data/dataset_particles2SNR_clean/train/10um/HFocusing_5_10_10um_0_656.npy584.npy,10um,HFocusing_5_10_10um_0_656.npy584.npy,,,,,0,0,2500,2500,,,copied_unchanged
P0/data/dataset/train/10um/HFocusing_5_10_10um_0_663.npy588.npy,P0/data/dataset_particles2SNR_clean/train/10um/HFocusing_5_10_10um_0_663.npy588.npy,10um,HFocusing_5_10_10um_0_663.npy588.npy,,,,,0,0,2500,2500,,,copied_unchanged
P0/data/dataset/train/10um/HFocusing_5_10_10um_0_673.npy592.npy,P0/data/dataset_particles2SNR_clean/train/10um/HFocusing_5_10_10um_0_673.npy592.npy,10um,HFocusing_5_10_10um_0_673.npy592.npy,,,,,0,0,2500,2500,,,copied_unchanged
P0/data/dataset/train/10um/HFocusing_5_10_10um_0_686.npy596.npy,P0/data/dataset_particles2SNR_clean/train/10um/HFocusing_5_10_10um_0_686.npy596.npy,10um,HFocusing_5_10_10um_0_686.npy596.npy,,,,,0,0,2500,2500,,,copied_unchanged
P0/data/dataset/train/10um/HFocusing_5_10_10um_0_695.npy600.npy,P0/data/dataset_particles2SNR_clean/train/10um/HFocusing_5_10_10um_0_695.npy600.npy,10um,HFocusing_5_10_10um_0_695.npy600.npy,,,,,0,0,2500,2500,,,copied_unchanged
P0/data/dataset/train/10um/HFocusing_5_10_10um_0_695.npy601.npy,P0/data/dataset_particles2SNR_clean/train/10um/HFocusing_5_10_10um_0_695.npy601.npy,10um,HFocusing_5_10_10um_0_695.npy601.npy,,,,,0,0,2500,2500,,,copied_unchanged
P0/data/dataset/train/10um/HFocusing_5_10_10um_0_701.npy602.npy,P0/data/dataset_particles2SNR_clean/train/10um/HFocusing_5_10_10um_0_701.npy602.npy,10um,HFocusing_5_10_10um_0_701.npy602.npy,,,,,0,0,2500,2500,,,copied_unchanged
P0/data/dataset/train/10um/HFocusing_5_10_10um_0_707.npy604.npy,P0/data/dataset_particles2SNR_clean/train/10um/HFocusing_5_10_10um_0_707.npy604.npy,10um,HFocusing_5_10_10um_0_707.npy604.npy,,,,,0,0,2500,2500,,,copied_unchanged
P0/data/dataset/train/10um/HFocusing_5_10_10um_0_731.npy618.npy,P0/data/dataset_particles2SNR_clean/train/10um/HFocusing_5_10_10um_0_731.npy618.npy,10um,HFocusing_5_10_10um_0_731.npy618.npy,,,,,0,0,2500,2500,,,copied_unchanged
P0/data/dataset/train/10um/HFocusing_5_10_10um_0_734.npy619.npy,P0/data/dataset_particles2SNR_clean/train/10um/HFocusing_5_10_10um_0_734.npy619.npy,10um,HFocusing_5_10_10um_0_734.npy619.npy,,,,,0,0,2500,2500,,,copied_unchanged
P0/data/dataset/train/10um/HFocusing_5_10_10um_0_753.npy627.npy,P0/data/dataset_particles2SNR_clean/train/10um/HFocusing_5_10_10um_0_753.npy627.npy,10um,HFocusing_5_10_10um_0_753.npy627.npy,,,,,0,0,2500,2500,,,copied_unchanged
P0/data/dataset/train/10um/HFocusing_5_10_10um_0_757.npy628.npy,P0/data/dataset_particles2SNR_clean/train/10um/HFocusing_5_10_10um_0_757.npy628.npy,10um,HFocusing_5_10_10um_0_757.npy628.npy,,,,,0,0,2500,2500,,,copied_unchanged
P0/data/dataset/train/10um/HFocusing_5_10_10um_0_76.npy629.npy,P0/data/dataset_particles2SNR_clean/train/10um/HFocusing_5_10_10um_0_76.npy629.npy,10um,HFocusing_5_10_10um_0_76.npy629.npy,,,,,0,0,2500,2500,,,copied_unchanged
P0/data/dataset/train/10um/HFocusing_5_10_10um_0_765.npy631.npy,P0/data/dataset_particles2SNR_clean/train/10um/HFocusing_5_10_10um_0_765.npy631.npy,10um,HFocusing_5_10_10um_0_765.npy631.npy,,,,,0,0,2500,2500,,,copied_unchanged
P0/data/dataset/train/10um/HFocusing_5_10_10um_0_772.npy633.npy,P0/data/dataset_particles2SNR_clean/train/10um/HFocusing_5_10_10um_0_772.npy633.npy,10um,HFocusing_5_10_10um_0_772.npy633.npy,,,,,0,0,2500,2500,,,copied_unchanged
P0/data/dataset/train/10um/HFocusing_5_10_10um_0_779.npy640.npy,P0/data/dataset_particles2SNR_clean/train/10um/HFocusing_5_10_10um_0_779.npy640.npy,10um,HFocusing_5_10_10um_0_779.npy640.npy,,,,,0,0,2500,2500,,,copied_unchanged
P0/data/dataset/train/10um/HFocusing_5_10_10um_0_79.npy642.npy,P0/data/dataset_particles2SNR_clean/train/10um/HFocusing_5_10_10um_0_79.npy642.npy,10um,HFocusing_5_10_10um_0_79.npy642.npy,,,,,0,0,2500,2500,,,copied_unchanged
P0/data/dataset/train/10um/HFocusing_5_10_10um_0_791.npy643.npy,P0/data/dataset_particles2SNR_clean/train/10um/HFocusing_5_10_10um_0_791.npy643.npy,10um,HFocusing_5_10_10um_0_791.npy643.npy,,,,,0,0,2500,2500,,,copied_unchanged
P0/data/dataset/train/10um/HFocusing_5_10_10um_0_800.npy646.npy,P0/data/dataset_particles2SNR_clean/train/10um/HFocusing_5_10_10um_0_800.npy646.npy,10um,HFocusing_5_10_10um_0_800.npy646.npy,,,,,0,0,2500,2500,,,copied_unchanged
P0/data/dataset/train/10um/HFocusing_5_10_10um_0_806.npy648.npy,P0/data/dataset_particles2SNR_clean/train/10um/HFocusing_5_10_10um_0_806.npy648.npy,10um,HFocusing_5_10_10um_0_806.npy648.npy,,,,,0,0,2500,2500,,,copied_unchanged
P0/data/dataset/train/10um/HFocusing_5_10_10um_0_816.npy653.npy,P0/data/dataset_particles2SNR_clean/train/10um/HFocusing_5_10_10um_0_816.npy653.npy,10um,HFocusing_5_10_10um_0_816.npy653.npy,,,,,0,0,2500,2500,,,copied_unchanged
P0/data/dataset/train/10um/HFocusing_5_10_10um_0_819.npy654.npy,P0/data/dataset_particles2SNR_clean/train/10um/HFocusing_5_10_10um_0_819.npy654.npy,10um,HFocusing_5_10_10um_0_819.npy654.npy,,,,,0,0,2500,2500,,,copied_unchanged
P0/data/dataset/train/10um/HFocusing_5_10_10um_0_830.npy657.npy,P0/data/dataset_particles2SNR_clean/train/10um/HFocusing_5_10_10um_0_830.npy657.npy,10um,HFocusing_5_10_10um_0_830.npy657.npy,,,,,0,0,2500,2500,,,copied_unchanged
P0/data/dataset/train/10um/HFocusing_5_10_10um_0_833.npy658.npy,P0/data/dataset_particles2SNR_clean/train/10um/HFocusing_5_10_10um_0_833.npy658.npy,10um,HFocusing_5_10_10um_0_833.npy658.npy,,,,,0,0,2500,2500,,,copied_unchanged
P0/data/dataset/train/10um/HFocusing_5_10_10um_0_837.npy659.npy,P0/data/dataset_particles2SNR_clean/train/10um/HFocusing_5_10_10um_0_837.npy659.npy,10um,HFocusing_5_10_10um_0_837.npy659.npy,,,,,0,0,2500,2500,,,copied_unchanged
P0/data/dataset/train/10um/HFocusing_5_10_10um_0_843.npy661.npy,P0/data/dataset_particles2SNR_clean/train/10um/HFocusing_5_10_10um_0_843.npy661.npy,10um,HFocusing_5_10_10um_0_843.npy661.npy,,,,,0,0,2500,2500,,,copied_unchanged
P0/data/dataset/train/10um/HFocusing_5_10_10um_0_873.npy666.npy,P0/data/dataset_particles2SNR_clean/train/10um/HFocusing_5_10_10um_0_873.npy666.npy,10um,HFocusing_5_10_10um_0_873.npy666.npy,,,,,0,0,2500,2500,,,copied_unchanged
P0/data/dataset/train/10um/HFocusing_5_10_10um_0_876.npy667.npy,P0/data/dataset_particles2SNR_clean/train/10um/HFocusing_5_10_10um_0_876.npy667.npy,10um,HFocusing_5_10_10um_0_876.npy667.npy,,,,,0,0,2500,2500,,,copied_unchanged
P0/data/dataset/train/10um/HFocusing_5_10_10um_0_879.npy668.npy,P0/data/dataset_particles2SNR_clean/train/10um/HFocusing_5_10_10um_0_879.npy668.npy,10um,HFocusing_5_10_10um_0_879.npy668.npy,,,,,0,0,2500,2500,,,copied_unchanged
P0/data/dataset/train/10um/HFocusing_5_10_10um_0_895.npy672.npy,P0/data/dataset_particles2SNR_clean/train/10um/HFocusing_5_10_10um_0_895.npy672.npy,10um,HFocusing_5_10_10um_0_895.npy672.npy,,,,,0,0,2500,2500,,,copied_unchanged
P0/data/dataset/train/10um/HFocusing_5_10_10um_0_902.npy676.npy,P0/data/dataset_particles2SNR_clean/train/10um/HFocusing_5_10_10um_0_902.npy676.npy,10um,HFocusing_5_10_10um_0_902.npy676.npy,,,,,0,0,2500,2500,,,copied_unchanged
P0/data/dataset/train/10um/HFocusing_5_10_10um_0_917.npy682.npy,P0/data/dataset_particles2SNR_clean/train/10um/HFocusing_5_10_10um_0_917.npy682.npy,10um,HFocusing_5_10_10um_0_917.npy682.npy,,,,,0,0,2500,2500,,,copied_unchanged
P0/data/dataset/train/10um/HFocusing_5_10_10um_0_930.npy690.npy,P0/data/dataset_particles2SNR_clean/train/10um/HFocusing_5_10_10um_0_930.npy690.npy,10um,HFocusing_5_10_10um_0_930.npy690.npy,,,,,0,0,2500,2500,,,copied_unchanged
P0/data/dataset/train/10um/HFocusing_5_10_10um_0_933.npy691.npy,P0/data/dataset_particles2SNR_clean/train/10um/HFocusing_5_10_10um_0_933.npy691.npy,10um,HFocusing_5_10_10um_0_933.npy691.npy,,,,,0,0,2500,2500,,,copied_unchanged
P0/data/dataset/train/10um/HFocusing_5_10_10um_0_939.npy693.npy,P0/data/dataset_particles2SNR_clean/train/10um/HFocusing_5_10_10um_0_939.npy693.npy,10um,HFocusing_5_10_10um_0_939.npy693.npy,,,,,0,0,2500,2500,,,copied_unchanged
P0/data/dataset/train/10um/HFocusing_5_10_10um_0_943.npy694.npy,P0/data/dataset_particles2SNR_clean/train/10um/HFocusing_5_10_10um_0_943.npy694.npy,10um,HFocusing_5_10_10um_0_943.npy694.npy,,,,,0,0,2500,2500,,,copied_unchanged
P0/data/dataset/train/10um/HFocusing_5_10_10um_0_972.npy704.npy,P0/data/dataset_particles2SNR_clean/train/10um/HFocusing_5_10_10um_0_972.npy704.npy,10um,HFocusing_5_10_10um_0_972.npy704.npy,,,,,0,0,2500,2500,,,copied_unchanged
P0/data/dataset/train/10um/HFocusing_5_10_10um_0_985.npy708.npy,P0/data/dataset_particles2SNR_clean/train/10um/HFocusing_5_10_10um_0_985.npy708.npy,10um,HFocusing_5_10_10um_0_985.npy708.npy,,,,,0,0,2500,2500,,,copied_unchanged
P0/data/dataset/train/10um/HFocusing_5_10_10um_0_991.npy710.npy,P0/data/dataset_particles2SNR_clean/train/10um/HFocusing_5_10_10um_0_991.npy710.npy,10um,HFocusing_5_10_10um_0_991.npy710.npy,,,,,0,0,2500,2500,,,copied_unchanged
P0/data/dataset/train/10um/HFocusing_5_10_10um_0_994.npy711.npy,P0/data/dataset_particles2SNR_clean/train/10um/HFocusing_5_10_10um_0_994.npy711.npy,10um,HFocusing_5_10_10um_0_994.npy711.npy,,,,,0,0,2500,2500,,,copied_unchanged
P0/data/dataset/train/10um/particle_10um_00012.npy11.npy,P0/data/dataset_particles2SNR_clean/train/10um/particle_10um_00012.npy11.npy,10um,particle_10um_00012.npy11.npy,,,,,0,0,2500,2500,,,copied_unchanged
P0/data/dataset/train/10um/particle_10um_00013.npy12.npy,P0/data/dataset_particles2SNR_clean/train/10um/particle_10um_00013.npy12.npy,10um,particle_10um_00013.npy12.npy,,,,,0,0,2500,2500,,,copied_unchanged
P0/data/dataset/train/10um/particle_10um_00014.npy13.npy,P0/data/dataset_particles2SNR_clean/train/10um/particle_10um_00014.npy13.npy,10um,particle_10um_00014.npy13.npy,,,,,0,0,2500,2500,,,copied_unchanged
P0/data/dataset/train/10um/particle_10um_00018.npy16.npy,P0/data/dataset_particles2SNR_clean/train/10um/particle_10um_00018.npy16.npy,10um,particle_10um_00018.npy16.npy,,,,,0,0,2500,2500,,,copied_unchanged
P0/data/dataset/train/10um/particle_10um_00019.npy17.npy,P0/data/dataset_particles2SNR_clean/train/10um/particle_10um_00019.npy17.npy,10um,particle_10um_00019.npy17.npy,,,,,0,0,2500,2500,,,copied_unchanged
P0/data/dataset/train/10um/particle_10um_00021.npy18.npy,P0/data/dataset_particles2SNR_clean/train/10um/particle_10um_00021.npy18.npy,10um,particle_10um_00021.npy18.npy,,,,,0,0,2500,2500,,,copied_unchanged
P0/data/dataset/train/10um/particle_10um_00022.npy19.npy,P0/data/dataset_particles2SNR_clean/train/10um/particle_10um_00022.npy19.npy,10um,particle_10um_00022.npy19.npy,,,,,0,0,2500,2500,,,copied_unchanged
P0/data/dataset/train/10um/particle_10um_00023.npy20.npy,P0/data/dataset_particles2SNR_clean/train/10um/particle_10um_00023.npy20.npy,10um,particle_10um_00023.npy20.npy,,,,,0,0,2500,2500,,,copied_unchanged
P0/data/dataset/train/10um/particle_10um_00024.npy21.npy,P0/data/dataset_particles2SNR_clean/train/10um/particle_10um_00024.npy21.npy,10um,particle_10um_00024.npy21.npy,,,,,0,0,2500,2500,,,copied_unchanged
P0/data/dataset/train/10um/particle_10um_00025.npy22.npy,P0/data/dataset_particles2SNR_clean/train/10um/particle_10um_00025.npy22.npy,10um,particle_10um_00025.npy22.npy,,,,,0,0,2500,2500,,,copied_unchanged
P0/data/dataset/train/10um/particle_10um_00028.npy24.npy,P0/data/dataset_particles2SNR_clean/train/10um/particle_10um_00028.npy24.npy,10um,particle_10um_00028.npy24.npy,,,,,0,0,2500,2500,,,copied_unchanged
P0/data/dataset/train/10um/particle_10um_00029.npy25.npy,P0/data/dataset_particles2SNR_clean/train/10um/particle_10um_00029.npy25.npy,10um,particle_10um_00029.npy25.npy,,,,,0,0,2500,2500,,,copied_unchanged
P0/data/dataset/train/10um/particle_10um_00030.npy26.npy,P0/data/dataset_particles2SNR_clean/train/10um/particle_10um_00030.npy26.npy,10um,particle_10um_00030.npy26.npy,,,,,0,0,2500,2500,,,copied_unchanged
P0/data/dataset/train/10um/particle_10um_00036.npy30.npy,P0/data/dataset_particles2SNR_clean/train/10um/particle_10um_00036.npy30.npy,10um,particle_10um_00036.npy30.npy,,,,,0,0,2500,2500,,,copied_unchanged
P0/data/dataset/train/10um/particle_10um_00037.npy31.npy,P0/data/dataset_particles2SNR_clean/train/10um/particle_10um_00037.npy31.npy,10um,particle_10um_00037.npy31.npy,,,,,0,0,2500,2500,,,copied_unchanged
P0/data/dataset/train/10um/particle_10um_00040.npy32.npy,P0/data/dataset_particles2SNR_clean/train/10um/particle_10um_00040.npy32.npy,10um,particle_10um_00040.npy32.npy,,,,,0,0,2500,2500,,,copied_unchanged
P0/data/dataset/train/10um/particle_10um_00041.npy33.npy,P0/data/dataset_particles2SNR_clean/train/10um/particle_10um_00041.npy33.npy,10um,particle_10um_00041.npy33.npy,,,,,0,0,2500,2500,,,copied_unchanged
P0/data/dataset/train/10um/particle_10um_00042.npy34.npy,P0/data/dataset_particles2SNR_clean/train/10um/particle_10um_00042.npy34.npy,10um,particle_10um_00042.npy34.npy,,,,,0,0,2500,2500,,,copied_unchanged
P0/data/dataset/train/10um/particle_10um_00043.npy35.npy,P0/data/dataset_particles2SNR_clean/train/10um/particle_10um_00043.npy35.npy,10um,particle_10um_00043.npy35.npy,,,,,0,0,2500,2500,,,copied_unchanged
P0/data/dataset/train/10um/particle_10um_00046.npy36.npy,P0/data/dataset_particles2SNR_clean/train/10um/particle_10um_00046.npy36.npy,10um,particle_10um_00046.npy36.npy,,,,,0,0,2500,2500,,,copied_unchanged
P0/data/dataset/train/10um/particle_10um_00047.npy37.npy,P0/data/dataset_particles2SNR_clean/train/10um/particle_10um_00047.npy37.npy,10um,particle_10um_00047.npy37.npy,,,,,0,0,2500,2500,,,copied_unchanged
P0/data/dataset/train/10um/particle_10um_00048.npy38.npy,P0/data/dataset_particles2SNR_clean/train/10um/particle_10um_00048.npy38.npy,10um,particle_10um_00048.npy38.npy,,,,,0,0,2500,2500,,,copied_unchanged
P0/data/dataset/train/10um/particle_10um_00049.npy39.npy,P0/data/dataset_particles2SNR_clean/train/10um/particle_10um_00049.npy39.npy,10um,particle_10um_00049.npy39.npy,,,,,0,0,2500,2500,,,copied_unchanged
P0/data/dataset/train/10um/particle_10um_00050.npy40.npy,P0/data/dataset_particles2SNR_clean/train/10um/particle_10um_00050.npy40.npy,10um,particle_10um_00050.npy40.npy,,,,,0,0,2500,2500,,,copied_unchanged
P0/data/dataset/train/10um/particle_10um_00052.npy41.npy,P0/data/dataset_particles2SNR_clean/train/10um/particle_10um_00052.npy41.npy,10um,particle_10um_00052.npy41.npy,,,,,0,0,2500,2500,,,copied_unchanged
P0/data/dataset/train/10um/particle_10um_00054.npy43.npy,P0/data/dataset_particles2SNR_clean/train/10um/particle_10um_00054.npy43.npy,10um,particle_10um_00054.npy43.npy,,,,,0,0,2500,2500,,,copied_unchanged
P0/data/dataset/train/10um/particle_10um_00055.npy44.npy,P0/data/dataset_particles2SNR_clean/train/10um/particle_10um_00055.npy44.npy,10um,particle_10um_00055.npy44.npy,,,,,0,0,2500,2500,,,copied_unchanged
P0/data/dataset/train/10um/particle_10um_00064.npy50.npy,P0/data/dataset_particles2SNR_clean/train/10um/particle_10um_00064.npy50.npy,10um,particle_10um_00064.npy50.npy,,,,,0,0,2500,2500,,,copied_unchanged
P0/data/dataset/train/10um/particle_10um_00065.npy51.npy,P0/data/dataset_particles2SNR_clean/train/10um/particle_10um_00065.npy51.npy,10um,particle_10um_00065.npy51.npy,,,,,0,0,2500,2500,,,copied_unchanged
P0/data/dataset/train/10um/particle_10um_00071.npy55.npy,P0/data/dataset_particles2SNR_clean/train/10um/particle_10um_00071.npy55.npy,10um,particle_10um_00071.npy55.npy,,,,,0,0,2500,2500,,,copied_unchanged
P0/data/dataset/train/10um/particle_10um_00073.npy58.npy,P0/data/dataset_particles2SNR_clean/train/10um/particle_10um_00073.npy58.npy,10um,particle_10um_00073.npy58.npy,,,,,0,0,2500,2500,,,copied_unchanged
P0/data/dataset/train/10um/particle_10um_00076.npy59.npy,P0/data/dataset_particles2SNR_clean/train/10um/particle_10um_00076.npy59.npy,10um,particle_10um_00076.npy59.npy,,,,,0,0,2500,2500,,,copied_unchanged
P0/data/dataset/train/10um/particle_10um_00079.npy63.npy,P0/data/dataset_particles2SNR_clean/train/10um/particle_10um_00079.npy63.npy,10um,particle_10um_00079.npy63.npy,,,,,0,0,2500,2500,,,copied_unchanged
P0/data/dataset/train/10um/particle_10um_00080.npy65.npy,P0/data/dataset_particles2SNR_clean/train/10um/particle_10um_00080.npy65.npy,10um,particle_10um_00080.npy65.npy,,,,,0,0,2500,2500,,,copied_unchanged
P0/data/dataset/train/10um/particle_10um_00081.npy66.npy,P0/data/dataset_particles2SNR_clean/train/10um/particle_10um_00081.npy66.npy,10um,particle_10um_00081.npy66.npy,,,,,0,0,2500,2500,,,copied_unchanged
P0/data/dataset/train/10um/particle_10um_00082.npy67.npy,P0/data/dataset_particles2SNR_clean/train/10um/particle_10um_00082.npy67.npy,10um,particle_10um_00082.npy67.npy,,,,,0,0,2500,2500,,,copied_unchanged
P0/data/dataset/train/10um/particle_10um_00083.npy68.npy,P0/data/dataset_particles2SNR_clean/train/10um/particle_10um_00083.npy68.npy,10um,particle_10um_00083.npy68.npy,,,,,0,0,2500,2500,,,copied_unchanged
P0/data/dataset/train/10um/particle_10um_00086.npy70.npy,P0/data/dataset_particles2SNR_clean/train/10um/particle_10um_00086.npy70.npy,10um,particle_10um_00086.npy70.npy,,,,,0,0,2500,2500,,,copied_unchanged
P0/data/dataset/train/10um/particle_10um_00089.npy72.npy,P0/data/dataset_particles2SNR_clean/train/10um/particle_10um_00089.npy72.npy,10um,particle_10um_00089.npy72.npy,,,,,0,0,2500,2500,,,copied_unchanged
P0/data/dataset/train/10um/particle_10um_00091.npy74.npy,P0/data/dataset_particles2SNR_clean/train/10um/particle_10um_00091.npy74.npy,10um,particle_10um_00091.npy74.npy,,,,,0,0,2500,2500,,,copied_unchanged
P0/data/dataset/train/10um/particle_10um_00092.npy75.npy,P0/data/dataset_particles2SNR_clean/train/10um/particle_10um_00092.npy75.npy,10um,particle_10um_00092.npy75.npy,,,,,0,0,2500,2500,,,copied_unchanged
P0/data/dataset/train/10um/particle_10um_00093.npy76.npy,P0/data/dataset_particles2SNR_clean/train/10um/particle_10um_00093.npy76.npy,10um,particle_10um_00093.npy76.npy,,,,,0,0,2500,2500,,,copied_unchanged
P0/data/dataset/train/10um/particle_10um_00094.npy77.npy,P0/data/dataset_particles2SNR_clean/train/10um/particle_10um_00094.npy77.npy,10um,particle_10um_00094.npy77.npy,,,,,0,0,2500,2500,,,copied_unchanged
P0/data/dataset/train/10um/particle_10um_00097.npy80.npy,P0/data/dataset_particles2SNR_clean/train/10um/particle_10um_00097.npy80.npy,10um,particle_10um_00097.npy80.npy,,,,,0,0,2500,2500,,,copied_unchanged
P0/data/dataset/train/10um/particle_10um_00099.npy81.npy,P0/data/dataset_particles2SNR_clean/train/10um/particle_10um_00099.npy81.npy,10um,particle_10um_00099.npy81.npy,,,,,0,0,2500,2500,,,copied_unchanged
P0/data/dataset/train/10um/particle_10um_00101.npy83.npy,P0/data/dataset_particles2SNR_clean/train/10um/particle_10um_00101.npy83.npy,10um,particle_10um_00101.npy83.npy,,,,,0,0,2500,2500,,,copied_unchanged
P0/data/dataset/train/10um/particle_10um_00104.npy85.npy,P0/data/dataset_particles2SNR_clean/train/10um/particle_10um_00104.npy85.npy,10um,particle_10um_00104.npy85.npy,,,,,0,0,2500,2500,,,copied_unchanged
P0/data/dataset/train/10um/particle_10um_00114.npy91.npy,P0/data/dataset_particles2SNR_clean/train/10um/particle_10um_00114.npy91.npy,10um,particle_10um_00114.npy91.npy,,,,,0,0,2500,2500,,,copied_unchanged
P0/data/dataset/train/10um/particle_10um_00123.npy97.npy,P0/data/dataset_particles2SNR_clean/train/10um/particle_10um_00123.npy97.npy,10um,particle_10um_00123.npy97.npy,,,,,0,0,2500,2500,,,copied_unchanged
P0/data/dataset/train/10um/particle_10um_00131.npy101.npy,P0/data/dataset_particles2SNR_clean/train/10um/particle_10um_00131.npy101.npy,10um,particle_10um_00131.npy101.npy,,,,,0,0,2500,2500,,,copied_unchanged
P0/data/dataset/train/10um/particle_10um_00149.npy114.npy,P0/data/dataset_particles2SNR_clean/train/10um/particle_10um_00149.npy114.npy,10um,particle_10um_00149.npy114.npy,,,,,0,0,2500,2500,,,copied_unchanged
P0/data/dataset/train/10um/particle_10um_00164.npy128.npy,P0/data/dataset_particles2SNR_clean/train/10um/particle_10um_00164.npy128.npy,10um,particle_10um_00164.npy128.npy,,,,,0,0,2500,2500,,,copied_unchanged
P0/data/dataset/train/10um/particle_10um_00167.npy131.npy,P0/data/dataset_particles2SNR_clean/train/10um/particle_10um_00167.npy131.npy,10um,particle_10um_00167.npy131.npy,,,,,0,0,2500,2500,,,copied_unchanged
P0/data/dataset/train/10um/particle_10um_00168.npy133.npy,P0/data/dataset_particles2SNR_clean/train/10um/particle_10um_00168.npy133.npy,10um,particle_10um_00168.npy133.npy,,,,,0,0,2500,2500,,,copied_unchanged
P0/data/dataset/train/10um/particle_10um_00172.npy135.npy,P0/data/dataset_particles2SNR_clean/train/10um/particle_10um_00172.npy135.npy,10um,particle_10um_00172.npy135.npy,,,,,0,0,2500,2500,,,copied_unchanged
P0/data/dataset/train/10um/particle_10um_00173.npy136.npy,P0/data/dataset_particles2SNR_clean/train/10um/particle_10um_00173.npy136.npy,10um,particle_10um_00173.npy136.npy,,,,,0,0,2500,2500,,,copied_unchanged
P0/data/dataset/train/10um/particle_10um_00175.npy139.npy,P0/data/dataset_particles2SNR_clean/train/10um/particle_10um_00175.npy139.npy,10um,particle_10um_00175.npy139.npy,,,,,0,0,2500,2500,,,copied_unchanged
P0/data/dataset/train/10um/particle_10um_00176.npy140.npy,P0/data/dataset_particles2SNR_clean/train/10um/particle_10um_00176.npy140.npy,10um,particle_10um_00176.npy140.npy,,,,,0,0,2500,2500,,,copied_unchanged
P0/data/dataset/train/10um/particle_10um_00177.npy141.npy,P0/data/dataset_particles2SNR_clean/train/10um/particle_10um_00177.npy141.npy,10um,particle_10um_00177.npy141.npy,,,,,0,0,2500,2500,,,copied_unchanged
P0/data/dataset/train/10um/particle_10um_00178.npy142.npy,P0/data/dataset_particles2SNR_clean/train/10um/particle_10um_00178.npy142.npy,10um,particle_10um_00178.npy142.npy,,,,,0,0,2500,2500,,,copied_unchanged
P0/data/dataset/train/10um/particle_10um_00180.npy145.npy,P0/data/dataset_particles2SNR_clean/train/10um/particle_10um_00180.npy145.npy,10um,particle_10um_00180.npy145.npy,,,,,0,0,2500,2500,,,copied_unchanged
P0/data/dataset/train/10um/particle_10um_00183.npy149.npy,P0/data/dataset_particles2SNR_clean/train/10um/particle_10um_00183.npy149.npy,10um,particle_10um_00183.npy149.npy,,,,,0,0,2500,2500,,,copied_unchanged
P0/data/dataset/train/10um/particle_10um_00185.npy151.npy,P0/data/dataset_particles2SNR_clean/train/10um/particle_10um_00185.npy151.npy,10um,particle_10um_00185.npy151.npy,,,,,0,0,2500,2500,,,copied_unchanged
P0/data/dataset/train/10um/particle_10um_00186.npy153.npy,P0/data/dataset_particles2SNR_clean/train/10um/particle_10um_00186.npy153.npy,10um,particle_10um_00186.npy153.npy,,,,,0,0,2500,2500,,,copied_unchanged
P0/data/dataset/train/10um/particle_10um_00188.npy156.npy,P0/data/dataset_particles2SNR_clean/train/10um/particle_10um_00188.npy156.npy,10um,particle_10um_00188.npy156.npy,,,,,0,0,2500,2500,,,copied_unchanged
P0/data/dataset/train/10um/particle_10um_00189.npy157.npy,P0/data/dataset_particles2SNR_clean/train/10um/particle_10um_00189.npy157.npy,10um,particle_10um_00189.npy157.npy,,,,,0,0,2500,2500,,,copied_unchanged
P0/data/dataset/train/10um/particle_10um_00202.npy171.npy,P0/data/dataset_particles2SNR_clean/train/10um/particle_10um_00202.npy171.npy,10um,particle_10um_00202.npy171.npy,,,,,0,0,2500,2500,,,copied_unchanged
P0/data/dataset/train/10um/particle_10um_00203.npy172.npy,P0/data/dataset_particles2SNR_clean/train/10um/particle_10um_00203.npy172.npy,10um,particle_10um_00203.npy172.npy,,,,,0,0,2500,2500,,,copied_unchanged
P0/data/dataset/train/10um/particle_10um_00206.npy173.npy,P0/data/dataset_particles2SNR_clean/train/10um/particle_10um_00206.npy173.npy,10um,particle_10um_00206.npy173.npy,,,,,0,0,2500,2500,,,copied_unchanged
P0/data/dataset/train/10um/particle_10um_00207.npy174.npy,P0/data/dataset_particles2SNR_clean/train/10um/particle_10um_00207.npy174.npy,10um,particle_10um_00207.npy174.npy,,,,,0,0,2500,2500,,,copied_unchanged
P0/data/dataset/train/10um/particle_10um_00208.npy175.npy,P0/data/dataset_particles2SNR_clean/train/10um/particle_10um_00208.npy175.npy,10um,particle_10um_00208.npy175.npy,,,,,0,0,2500,2500,,,copied_unchanged
P0/data/dataset/train/10um/particle_10um_00209.npy177.npy,P0/data/dataset_particles2SNR_clean/train/10um/particle_10um_00209.npy177.npy,10um,particle_10um_00209.npy177.npy,,,,,0,0,2500,2500,,,copied_unchanged
P0/data/dataset/train/10um/particle_10um_00211.npy179.npy,P0/data/dataset_particles2SNR_clean/train/10um/particle_10um_00211.npy179.npy,10um,particle_10um_00211.npy179.npy,,,,,0,0,2500,2500,,,copied_unchanged
P0/data/dataset/train/10um/particle_10um_00213.npy181.npy,P0/data/dataset_particles2SNR_clean/train/10um/particle_10um_00213.npy181.npy,10um,particle_10um_00213.npy181.npy,,,,,0,0,2500,2500,,,copied_unchanged
P0/data/dataset/train/10um/particle_10um_00215.npy183.npy,P0/data/dataset_particles2SNR_clean/train/10um/particle_10um_00215.npy183.npy,10um,particle_10um_00215.npy183.npy,,,,,0,0,2500,2500,,,copied_unchanged
P0/data/dataset/train/10um/particle_10um_00221.npy189.npy,P0/data/dataset_particles2SNR_clean/train/10um/particle_10um_00221.npy189.npy,10um,particle_10um_00221.npy189.npy,,,,,0,0,2500,2500,,,copied_unchanged
P0/data/dataset/train/10um/particle_10um_00222.npy191.npy,P0/data/dataset_particles2SNR_clean/train/10um/particle_10um_00222.npy191.npy,10um,particle_10um_00222.npy191.npy,,,,,0,0,2500,2500,,,copied_unchanged
P0/data/dataset/train/10um/particle_10um_00226.npy194.npy,P0/data/dataset_particles2SNR_clean/train/10um/particle_10um_00226.npy194.npy,10um,particle_10um_00226.npy194.npy,,,,,0,0,2500,2500,,,copied_unchanged
P0/data/dataset/train/10um/particle_10um_00227.npy195.npy,P0/data/dataset_particles2SNR_clean/train/10um/particle_10um_00227.npy195.npy,10um,particle_10um_00227.npy195.npy,,,,,0,0,2500,2500,,,copied_unchanged
P0/data/dataset/train/10um/particle_10um_00229.npy196.npy,P0/data/dataset_particles2SNR_clean/train/10um/particle_10um_00229.npy196.npy,10um,particle_10um_00229.npy196.npy,,,,,0,0,2500,2500,,,copied_unchanged
P0/data/dataset/train/10um/particle_10um_00230.npy198.npy,P0/data/dataset_particles2SNR_clean/train/10um/particle_10um_00230.npy198.npy,10um,particle_10um_00230.npy198.npy,,,,,0,0,2500,2500,,,copied_unchanged
P0/data/dataset/train/10um/particle_10um_00231.npy199.npy,P0/data/dataset_particles2SNR_clean/train/10um/particle_10um_00231.npy199.npy,10um,particle_10um_00231.npy199.npy,,,,,0,0,2500,2500,,,copied_unchanged
P0/data/dataset/train/10um/particle_10um_00235.npy205.npy,P0/data/dataset_particles2SNR_clean/train/10um/particle_10um_00235.npy205.npy,10um,particle_10um_00235.npy205.npy,,,,,0,0,2500,2500,,,copied_unchanged
P0/data/dataset/train/10um/particle_10um_00243.npy208.npy,P0/data/dataset_particles2SNR_clean/train/10um/particle_10um_00243.npy208.npy,10um,particle_10um_00243.npy208.npy,,,,,0,0,2500,2500,,,copied_unchanged
P0/data/dataset/train/10um/particle_10um_00244.npy209.npy,P0/data/dataset_particles2SNR_clean/train/10um/particle_10um_00244.npy209.npy,10um,particle_10um_00244.npy209.npy,,,,,0,0,2500,2500,,,copied_unchanged
P0/data/dataset/train/10um/particle_10um_00244.npy210.npy,P0/data/dataset_particles2SNR_clean/train/10um/particle_10um_00244.npy210.npy,10um,particle_10um_00244.npy210.npy,,,,,0,0,2500,2500,,,copied_unchanged
P0/data/dataset/train/10um/particle_10um_00245.npy211.npy,P0/data/dataset_particles2SNR_clean/train/10um/particle_10um_00245.npy211.npy,10um,particle_10um_00245.npy211.npy,,,,,0,0,2500,2500,,,copied_unchanged
P0/data/dataset/train/10um/particle_10um_00246.npy212.npy,P0/data/dataset_particles2SNR_clean/train/10um/particle_10um_00246.npy212.npy,10um,particle_10um_00246.npy212.npy,,,,,0,0,2500,2500,,,copied_unchanged
P0/data/dataset/train/10um/particle_10um_00250.npy225.npy,P0/data/dataset_particles2SNR_clean/train/10um/particle_10um_00250.npy225.npy,10um,particle_10um_00250.npy225.npy,,,,,0,0,2500,2500,,,copied_unchanged
P0/data/dataset/train/10um/particle_10um_00252.npy227.npy,P0/data/dataset_particles2SNR_clean/train/10um/particle_10um_00252.npy227.npy,10um,particle_10um_00252.npy227.npy,,,,,0,0,2500,2500,,,copied_unchanged
P0/data/dataset/train/10um/particle_10um_00257.npy232.npy,P0/data/dataset_particles2SNR_clean/train/10um/particle_10um_00257.npy232.npy,10um,particle_10um_00257.npy232.npy,,,,,0,0,2500,2500,,,copied_unchanged
P0/data/dataset/train/10um/particle_10um_00260.npy234.npy,P0/data/dataset_particles2SNR_clean/train/10um/particle_10um_00260.npy234.npy,10um,particle_10um_00260.npy234.npy,,,,,0,0,2500,2500,,,copied_unchanged
P0/data/dataset/train/10um/particle_10um_00262.npy236.npy,P0/data/dataset_particles2SNR_clean/train/10um/particle_10um_00262.npy236.npy,10um,particle_10um_00262.npy236.npy,,,,,0,0,2500,2500,,,copied_unchanged
P0/data/dataset/train/10um/particle_10um_00263.npy238.npy,P0/data/dataset_particles2SNR_clean/train/10um/particle_10um_00263.npy238.npy,10um,particle_10um_00263.npy238.npy,,,,,0,0,2500,2500,,,copied_unchanged
P0/data/dataset/train/10um/particle_10um_00264.npy239.npy,P0/data/dataset_particles2SNR_clean/train/10um/particle_10um_00264.npy239.npy,10um,particle_10um_00264.npy239.npy,,,,,0,0,2500,2500,,,copied_unchanged
P0/data/dataset/train/10um/particle_10um_00266.npy241.npy,P0/data/dataset_particles2SNR_clean/train/10um/particle_10um_00266.npy241.npy,10um,particle_10um_00266.npy241.npy,,,,,0,0,2500,2500,,,copied_unchanged
P0/data/dataset/train/10um/particle_10um_00268.npy242.npy,P0/data/dataset_particles2SNR_clean/train/10um/particle_10um_00268.npy242.npy,10um,particle_10um_00268.npy242.npy,,,,,0,0,2500,2500,,,copied_unchanged
P0/data/dataset/train/10um/particle_10um_00269.npy243.npy,P0/data/dataset_particles2SNR_clean/train/10um/particle_10um_00269.npy243.npy,10um,particle_10um_00269.npy243.npy,,,,,0,0,2500,2500,,,copied_unchanged
P0/data/dataset/train/10um/particle_10um_00270.npy244.npy,P0/data/dataset_particles2SNR_clean/train/10um/particle_10um_00270.npy244.npy,10um,particle_10um_00270.npy244.npy,,,,,0,0,2500,2500,,,copied_unchanged
P0/data/dataset/train/10um/particle_10um_00271.npy245.npy,P0/data/dataset_particles2SNR_clean/train/10um/particle_10um_00271.npy245.npy,10um,particle_10um_00271.npy245.npy,,,,,0,0,2500,2500,,,copied_unchanged
P0/data/dataset/train/10um/particle_10um_00271.npy246.npy,P0/data/dataset_particles2SNR_clean/train/10um/particle_10um_00271.npy246.npy,10um,particle_10um_00271.npy246.npy,,,,,0,0,2500,2500,,,copied_unchanged
P0/data/dataset/train/10um/particle_10um_00272.npy247.npy,P0/data/dataset_particles2SNR_clean/train/10um/particle_10um_00272.npy247.npy,10um,particle_10um_00272.npy247.npy,,,,,0,0,2500,2500,,,copied_unchanged
P0/data/dataset/train/10um/particle_10um_00274.npy250.npy,P0/data/dataset_particles2SNR_clean/train/10um/particle_10um_00274.npy250.npy,10um,particle_10um_00274.npy250.npy,,,,,0,0,2500,2500,,,copied_unchanged
P0/data/dataset/train/10um/particle_10um_00275.npy251.npy,P0/data/dataset_particles2SNR_clean/train/10um/particle_10um_00275.npy251.npy,10um,particle_10um_00275.npy251.npy,,,,,0,0,2500,2500,,,copied_unchanged
P0/data/dataset/train/10um/particle_10um_00277.npy255.npy,P0/data/dataset_particles2SNR_clean/train/10um/particle_10um_00277.npy255.npy,10um,particle_10um_00277.npy255.npy,,,,,0,0,2500,2500,,,copied_unchanged
P0/data/dataset/train/10um/particle_10um_00278.npy256.npy,P0/data/dataset_particles2SNR_clean/train/10um/particle_10um_00278.npy256.npy,10um,particle_10um_00278.npy256.npy,,,,,0,0,2500,2500,,,copied_unchanged
P0/data/dataset/train/10um/particle_10um_00280.npy258.npy,P0/data/dataset_particles2SNR_clean/train/10um/particle_10um_00280.npy258.npy,10um,particle_10um_00280.npy258.npy,,,,,0,0,2500,2500,,,copied_unchanged
P0/data/dataset/train/10um/particle_10um_00281.npy259.npy,P0/data/dataset_particles2SNR_clean/train/10um/particle_10um_00281.npy259.npy,10um,particle_10um_00281.npy259.npy,,,,,0,0,2500,2500,,,copied_unchanged
P0/data/dataset/train/10um/particle_10um_00282.npy260.npy,P0/data/dataset_particles2SNR_clean/train/10um/particle_10um_00282.npy260.npy,10um,particle_10um_00282.npy260.npy,,,,,0,0,2500,2500,,,copied_unchanged
P0/data/dataset/train/10um/particle_10um_00284.npy263.npy,P0/data/dataset_particles2SNR_clean/train/10um/particle_10um_00284.npy263.npy,10um,particle_10um_00284.npy263.npy,,,,,0,0,2500,2500,,,copied_unchanged
P0/data/dataset/train/10um/particle_10um_00286.npy265.npy,P0/data/dataset_particles2SNR_clean/train/10um/particle_10um_00286.npy265.npy,10um,particle_10um_00286.npy265.npy,,,,,0,0,2500,2500,,,copied_unchanged
P0/data/dataset/train/10um/particle_10um_00289.npy268.npy,P0/data/dataset_particles2SNR_clean/train/10um/particle_10um_00289.npy268.npy,10um,particle_10um_00289.npy268.npy,,,,,0,0,2500,2500,,,copied_unchanged
P0/data/dataset/train/10um/particle_10um_00290.npy270.npy,P0/data/dataset_particles2SNR_clean/train/10um/particle_10um_00290.npy270.npy,10um,particle_10um_00290.npy270.npy,,,,,0,0,2500,2500,,,copied_unchanged
P0/data/dataset/train/10um/particle_10um_00291.npy271.npy,P0/data/dataset_particles2SNR_clean/train/10um/particle_10um_00291.npy271.npy,10um,particle_10um_00291.npy271.npy,,,,,0,0,2500,2500,,,copied_unchanged
P0/data/dataset/train/10um/particle_10um_00292.npy272.npy,P0/data/dataset_particles2SNR_clean/train/10um/particle_10um_00292.npy272.npy,10um,particle_10um_00292.npy272.npy,,,,,0,0,2500,2500,,,copied_unchanged
P0/data/dataset/train/10um/particle_10um_00302.npy275.npy,P0/data/dataset_particles2SNR_clean/train/10um/particle_10um_00302.npy275.npy,10um,particle_10um_00302.npy275.npy,,,,,0,0,2500,2500,,,copied_unchanged
P0/data/dataset/train/10um/particle_10um_00305.npy276.npy,P0/data/dataset_particles2SNR_clean/train/10um/particle_10um_00305.npy276.npy,10um,particle_10um_00305.npy276.npy,,,,,0,0,2500,2500,,,copied_unchanged
P0/data/dataset/train/10um/particle_10um_00315.npy280.npy,P0/data/dataset_particles2SNR_clean/train/10um/particle_10um_00315.npy280.npy,10um,particle_10um_00315.npy280.npy,,,,,0,0,2500,2500,,,copied_unchanged
P0/data/dataset/train/10um/particle_10um_00319.npy284.npy,P0/data/dataset_particles2SNR_clean/train/10um/particle_10um_00319.npy284.npy,10um,particle_10um_00319.npy284.npy,,,,,0,0,2500,2500,,,copied_unchanged
P0/data/dataset/train/10um/particle_10um_00324.npy285.npy,P0/data/dataset_particles2SNR_clean/train/10um/particle_10um_00324.npy285.npy,10um,particle_10um_00324.npy285.npy,,,,,0,0,2500,2500,,,copied_unchanged
P0/data/dataset/train/10um/particle_10um_00329.npy290.npy,P0/data/dataset_particles2SNR_clean/train/10um/particle_10um_00329.npy290.npy,10um,particle_10um_00329.npy290.npy,,,,,0,0,2500,2500,,,copied_unchanged
P0/data/dataset/train/10um/particle_10um_00342.npy296.npy,P0/data/dataset_particles2SNR_clean/train/10um/particle_10um_00342.npy296.npy,10um,particle_10um_00342.npy296.npy,,,,,0,0,2500,2500,,,copied_unchanged
P0/data/dataset/train/10um/particle_10um_00349.npy304.npy,P0/data/dataset_particles2SNR_clean/train/10um/particle_10um_00349.npy304.npy,10um,particle_10um_00349.npy304.npy,,,,,0,0,2500,2500,,,copied_unchanged
P0/data/dataset/train/10um/particle_10um_00351.npy306.npy,P0/data/dataset_particles2SNR_clean/train/10um/particle_10um_00351.npy306.npy,10um,particle_10um_00351.npy306.npy,,,,,0,0,2500,2500,,,copied_unchanged
P0/data/dataset/train/10um/particle_10um_00353.npy309.npy,P0/data/dataset_particles2SNR_clean/train/10um/particle_10um_00353.npy309.npy,10um,particle_10um_00353.npy309.npy,,,,,0,0,2500,2500,,,copied_unchanged
P0/data/dataset/train/10um/particle_10um_00357.npy311.npy,P0/data/dataset_particles2SNR_clean/train/10um/particle_10um_00357.npy311.npy,10um,particle_10um_00357.npy311.npy,,,,,0,0,2500,2500,,,copied_unchanged
P0/data/dataset/train/10um/particle_10um_00359.npy313.npy,P0/data/dataset_particles2SNR_clean/train/10um/particle_10um_00359.npy313.npy,10um,particle_10um_00359.npy313.npy,,,,,0,0,2500,2500,,,copied_unchanged
P0/data/dataset/train/10um/particle_10um_00361.npy314.npy,P0/data/dataset_particles2SNR_clean/train/10um/particle_10um_00361.npy314.npy,10um,particle_10um_00361.npy314.npy,,,,,0,0,2500,2500,,,copied_unchanged
P0/data/dataset/train/10um/particle_10um_00362.npy315.npy,P0/data/dataset_particles2SNR_clean/train/10um/particle_10um_00362.npy315.npy,10um,particle_10um_00362.npy315.npy,,,,,0,0,2500,2500,,,copied_unchanged
P0/data/dataset/train/10um/particle_10um_00365.npy318.npy,P0/data/dataset_particles2SNR_clean/train/10um/particle_10um_00365.npy318.npy,10um,particle_10um_00365.npy318.npy,,,,,0,0,2500,2500,,,copied_unchanged
P0/data/dataset/train/10um/particle_10um_00366.npy319.npy,P0/data/dataset_particles2SNR_clean/train/10um/particle_10um_00366.npy319.npy,10um,particle_10um_00366.npy319.npy,,,,,0,0,2500,2500,,,copied_unchanged
P0/data/dataset/train/10um/particle_10um_00367.npy320.npy,P0/data/dataset_particles2SNR_clean/train/10um/particle_10um_00367.npy320.npy,10um,particle_10um_00367.npy320.npy,,,,,0,0,2500,2500,,,copied_unchanged
P0/data/dataset/train/10um/particle_10um_00369.npy322.npy,P0/data/dataset_particles2SNR_clean/train/10um/particle_10um_00369.npy322.npy,10um,particle_10um_00369.npy322.npy,,,,,0,0,2500,2500,,,copied_unchanged
P0/data/dataset/train/10um/particle_10um_00370.npy323.npy,P0/data/dataset_particles2SNR_clean/train/10um/particle_10um_00370.npy323.npy,10um,particle_10um_00370.npy323.npy,,,,,0,0,2500,2500,,,copied_unchanged
P0/data/dataset/train/10um/particle_10um_00371.npy324.npy,P0/data/dataset_particles2SNR_clean/train/10um/particle_10um_00371.npy324.npy,10um,particle_10um_00371.npy324.npy,,,,,0,0,2500,2500,,,copied_unchanged
P0/data/dataset/train/10um/particle_10um_00374.npy326.npy,P0/data/dataset_particles2SNR_clean/train/10um/particle_10um_00374.npy326.npy,10um,particle_10um_00374.npy326.npy,,,,,0,0,2500,2500,,,copied_unchanged
P0/data/dataset/train/10um/particle_10um_00375.npy327.npy,P0/data/dataset_particles2SNR_clean/train/10um/particle_10um_00375.npy327.npy,10um,particle_10um_00375.npy327.npy,,,,,0,0,2500,2500,,,copied_unchanged
P0/data/dataset/train/10um/particle_10um_00375.npy328.npy,P0/data/dataset_particles2SNR_clean/train/10um/particle_10um_00375.npy328.npy,10um,particle_10um_00375.npy328.npy,,,,,0,0,2500,2500,,,copied_unchanged
P0/data/dataset/train/10um/particle_10um_00376.npy329.npy,P0/data/dataset_particles2SNR_clean/train/10um/particle_10um_00376.npy329.npy,10um,particle_10um_00376.npy329.npy,,,,,0,0,2500,2500,,,copied_unchanged
P0/data/dataset/train/10um/particle_10um_00377.npy330.npy,P0/data/dataset_particles2SNR_clean/train/10um/particle_10um_00377.npy330.npy,10um,particle_10um_00377.npy330.npy,,,,,0,0,2500,2500,,,copied_unchanged
P0/data/dataset/train/10um/particle_10um_00379.npy332.npy,P0/data/dataset_particles2SNR_clean/train/10um/particle_10um_00379.npy332.npy,10um,particle_10um_00379.npy332.npy,,,,,0,0,2500,2500,,,copied_unchanged
P0/data/dataset/train/10um/particle_10um_00397.npy344.npy,P0/data/dataset_particles2SNR_clean/train/10um/particle_10um_00397.npy344.npy,10um,particle_10um_00397.npy344.npy,,,,,0,0,2500,2500,,,copied_unchanged
P0/data/dataset/train/10um/particle_10um_00400.npy348.npy,P0/data/dataset_particles2SNR_clean/train/10um/particle_10um_00400.npy348.npy,10um,particle_10um_00400.npy348.npy,,,,,0,0,2500,2500,,,copied_unchanged
P0/data/dataset/train/10um/particle_10um_00408.npy355.npy,P0/data/dataset_particles2SNR_clean/train/10um/particle_10um_00408.npy355.npy,10um,particle_10um_00408.npy355.npy,,,,,0,0,2500,2500,,,copied_unchanged
P0/data/dataset/train/10um/particle_10um_00443.npy383.npy,P0/data/dataset_particles2SNR_clean/train/10um/particle_10um_00443.npy383.npy,10um,particle_10um_00443.npy383.npy,,,,,0,0,2500,2500,,,copied_unchanged
